pose_0_x,pose_0_y,pose_1_x,pose_1_y,pose_2_x,pose_2_y,pose_3_x,pose_3_y,pose_4_x,pose_4_y,pose_5_x,pose_5_y,pose_6_x,pose_6_y,pose_7_x,pose_7_y,pose_8_x,pose_8_y,pose_9_x,pose_9_y,pose_10_x,pose_10_y,pose_11_x,pose_11_y,pose_12_x,pose_12_y,pose_13_x,pose_13_y,pose_15_x,pose_15_y,pose_17_x,pose_17_y,pose_19_x,pose_19_y,pose_21_x,pose_21_y,pose_14_x,pose_14_y,pose_16_x,pose_16_y,pose_18_x,pose_18_y,pose_20_x,pose_20_y,pose_22_x,pose_22_y,right_hand_0_x,right_hand_0_y,right_hand_1_x,right_hand_1_y,right_hand_2_x,right_hand_2_y,right_hand_3_x,right_hand_3_y,right_hand_4_x,right_hand_4_y,right_hand_5_x,right_hand_5_y,right_hand_6_x,right_hand_6_y,right_hand_7_x,right_hand_7_y,right_hand_8_x,right_hand_8_y,right_hand_9_x,right_hand_9_y,right_hand_10_x,right_hand_10_y,right_hand_11_x,right_hand_11_y,right_hand_12_x,right_hand_12_y,right_hand_13_x,right_hand_13_y,right_hand_14_x,right_hand_14_y,right_hand_15_x,right_hand_15_y,right_hand_16_x,right_hand_16_y,right_hand_17_x,right_hand_17_y,right_hand_18_x,right_hand_18_y,right_hand_19_x,right_hand_19_y,right_hand_20_x,right_hand_20_y,left_hand_0_x,left_hand_0_y,left_hand_1_x,left_hand_1_y,left_hand_2_x,left_hand_2_y,left_hand_3_x,left_hand_3_y,left_hand_4_x,left_hand_4_y,left_hand_5_x,left_hand_5_y,left_hand_6_x,left_hand_6_y,left_hand_7_x,left_hand_7_y,left_hand_8_x,left_hand_8_y,left_hand_9_x,left_hand_9_y,left_hand_10_x,left_hand_10_y,left_hand_11_x,left_hand_11_y,left_hand_12_x,left_hand_12_y,left_hand_13_x,left_hand_13_y,left_hand_14_x,left_hand_14_y,left_hand_15_x,left_hand_15_y,left_hand_16_x,left_hand_16_y,left_hand_17_x,left_hand_17_y,left_hand_18_x,left_hand_18_y,left_hand_19_x,left_hand_19_y,left_hand_20_x,left_hand_20_y
0.010246802961411405,0.33998905142902985,-0.05403706416677558,0.393351719225621,-0.0919633282040327,0.3920678047517929,-0.12499642053675873,0.3899074465460307,0.07629647449341136,0.3939301926383747,0.12298622175785445,0.3926769558969154,0.1602034485405298,0.3909678098887693,-0.18214999003202617,0.35916997332996575,0.20771327470805712,0.35693534271952115,-0.05968162013923007,0.2750413563360678,0.09466964729757398,0.2768501682785605,-0.4999823795203445,0.004197638523527949,0.4999823795203445,-0.004197638523527949,-0.565625681186014,-0.44763956284575607,0.625108923548706,-0.468334408821582,-0.5439073145029737,-0.8245961991755174,0.6113374105998663,-0.8203236644178211,-0.5334528130185868,-0.9436216541352515,0.6165244426881409,-0.9344633969310036,-0.4528456767771308,-0.927719359837455,0.5389742177113407,-0.9238911017613249,-0.4231374488212102,-0.8882151741592179,0.5134180520306202,-0.8843887875715457,-0.5429714968823163,-0.8189530743412954,-0.4388480439875536,-0.8508163763002735,-0.38420652574472636,-0.8961857334138854,-0.3587649979060156,-0.9459103377358626,-0.34107811092812296,-0.9878860991416561,-0.4788631827106513,-0.9615025887791325,-0.43373330272794725,-1.0061132224543978,-0.40042535846287375,-0.9944332262927512,-0.39497206127164686,-0.9771813686416916,-0.5350684579955419,-0.9603278077694969,-0.4856709238034729,-1.0075177928899828,-0.4459199218239048,-0.999154257755007,-0.43013402676901974,-0.984615471234278,-0.5759123358428231,-0.9491574802978868,-0.5340439098044684,-0.9929899050373321,-0.49145367635499554,-0.9900733187111672,-0.47218373031682664,-0.977698633373116,-0.6019721887896853,-0.9329865723626026,-0.5662583176764906,-0.9725553060447115,-0.5272424070065065,-0.9760297060188888,-0.5056362562392365,-0.9682800557939586,0.624840897044852,-0.8080162792725504,0.5228023556839014,-0.8395669325715017,0.4744273881068917,-0.8864099217143805,0.45165467620086,-0.9353816739343497,0.4303107539928095,-0.974819366728553,0.5797691432918994,-0.9430602442937316,0.530014411675335,-0.9995186842623692,0.4868590621032787,-0.9952651212602167,0.4685054114924417,-0.9802359313718119,0.6389419387456916,-0.9439011664408177,0.5825489274813765,-0.9995464263265688,0.5328960635502857,-0.9942430683870871,0.5123292127066397,-0.9796644668668123,0.6720009383500114,-0.934662215057767,0.6242007746005438,-0.987805882008931,0.5788828650715983,-0.9872512975959047,0.5563335575132475,-0.9752554235392452,0.6878183184460118,-0.9225828946333962,0.651575586712124,-0.9664561618562463,0.6122192853179136,-0.9721896318783774,0.5908062281244769,-0.9652246857550917
0.018693042531395296,0.3388006264838784,-0.05001982674896322,0.39154499661335146,-0.08905963803659554,0.3901646129619894,-0.1221632586404761,0.38808080533576206,0.08382760238567502,0.3924089609175458,0.1292407770207147,0.3912449704241136,0.1642771686750513,0.3895970195572031,-0.1794914353224359,0.3579115051957291,0.20882403962040552,0.35600505223204837,-0.05753334810011187,0.2741600424972108,0.10094897994890976,0.2758132569814764,-0.49997840180636394,0.004647335489730283,0.49997840180636394,-0.004647335489730283,-0.5654868247044454,-0.4501664148371286,0.6246058009798681,-0.46587948233470083,-0.5392078495303713,-0.8229042142176971,0.6016742671262164,-0.8149753422831774,-0.5259563273100478,-0.9430092522607552,0.6074148266982721,-0.930577428784786,-0.449266592139703,-0.9257030632437209,0.5301183134161644,-0.9193321123876013,-0.41976145816176225,-0.8859900572281165,0.5045814351833559,-0.8781583428972753,-0.5346459016110674,-0.8158992167876836,-0.4309549059962608,-0.8483390733113534,-0.3796189921440434,-0.8948428402200409,-0.355972483599664,-0.9440961892445732,-0.3383394385660404,-0.9846431496348683,-0.475002318139258,-0.9566210032938148,-0.42625098661996375,-0.9998902042320271,-0.39141585522366124,-0.995450123675652,-0.3808526524616334,-0.9818444038708116,-0.5310317703446555,-0.9555138160043393,-0.4795690910411374,-1.003280120020273,-0.43693400978261554,-1.000146330390408,-0.41493296650806233,-0.9892841980260912,-0.5713199362149941,-0.9442376855138884,-0.5307487047002284,-0.9887751989172782,-0.4859048049032968,-0.9930357316372088,-0.45946835984335066,-0.9869812557745616,-0.5967606072194799,-0.9266892238869286,-0.563942318539721,-0.9670891319673671,-0.5260240232776975,-0.976121462795736,-0.5025287706264793,-0.9738619088344872,0.6265397417230697,-0.8039649879162583,0.5216750325438834,-0.8353563245522222,0.47559235502359987,-0.8822982144999212,0.4496838069208874,-0.9310903390537171,0.43098480626706936,-0.971107976923745,0.5816336288932332,-0.9399606674368249,0.5308343115880446,-0.992749778313816,0.4848484261424567,-0.9891753069420586,0.46420027873974473,-0.9756486876091371,0.6430065299835666,-0.9405795811108231,0.5849010193663811,-0.9962856498249697,0.5303845647273742,-0.9882301952036406,0.5083148020040188,-0.9729409585618448,0.6770925462821301,-0.931327896339762,0.6260005133673634,-0.9851124157432305,0.577551401211205,-0.9816378799954224,0.5541278653464492,-0.9677668958076264,0.692261852864607,-0.9189327719736851,0.6549002582436767,-0.963233970889572,0.6125592816048683,-0.9661471272253045,0.5881374129817712,-0.9565754949354327
0.026628484047250416,0.3384511538960745,-0.04598369678062345,0.39029478579539223,-0.08679570377470697,0.3885435651378741,-0.11998221806818829,0.3864073998845278,0.08931148743823017,0.39190022948125297,0.1335239356440582,0.39079632278396736,0.16676560879168018,0.3891740979652331,-0.17803596355240142,0.35691463182084043,0.2091859779295155,0.35598816736333,-0.05630423942070594,0.27387414429525747,0.1080099012232248,0.2756155881188406,-0.49997586896847346,0.004912275360750175,0.49997586896847346,-0.004912275360750175,-0.5638110065733882,-0.4563394149081657,0.6243277116332968,-0.4646349855405505,-0.5351167285886893,-0.8245698199906567,0.5889364483260298,-0.8125265846189409,-0.5203954432947085,-0.9446214973566517,0.5979480626019811,-0.9278824632382536,-0.44754672145476593,-0.9261240193974551,0.518997064196217,-0.9159724919499874,-0.41810641267167004,-0.8868482521564911,0.4897443392940677,-0.8741785697984638,-0.5325597217074551,-0.8145278076755502,-0.4287420758025375,-0.8451349524042073,-0.3779477024764957,-0.8915955981656739,-0.3570186383639324,-0.9413381227870615,-0.33806340028452625,-0.9812133777595686,-0.47162947116438636,-0.9539927021255027,-0.42628918490656614,-0.9991645568822863,-0.39097635515512086,-0.991919594609952,-0.3815211352797315,-0.9764135724697944,-0.528035017554635,-0.9526774625961822,-0.4778920440298732,-1.002041353786931,-0.43449771253235075,-0.9966032817563866,-0.41519014362404894,-0.9839901810007217,-0.5682390368085677,-0.9412154745941906,-0.5277592232839318,-0.9871981134338286,-0.4828640018544951,-0.9895527617410428,-0.4588793123300136,-0.9816421721852097,-0.5934023455523455,-0.9239218240343241,-0.5600789555837744,-0.9653816192380474,-0.5213933370091022,-0.9731374575642082,-0.4989144987949497,-0.9695573852692702,0.6272819206335014,-0.8027535446792174,0.521331684586154,-0.834319402825081,0.4748602040497669,-0.8814264870094127,0.449539809310004,-0.929963396676012,0.4311927778550905,-0.9684604099094758,0.5790158803399142,-0.9367267404348775,0.5313735144976423,-0.9905655395906806,0.48628027570029847,-0.9864343530037435,0.4660204869435978,-0.9728201847107286,0.6403062685867373,-0.9378577887905498,0.5841595164499765,-0.9948290052815292,0.5305156338005712,-0.9866324068523742,0.5094591060396167,-0.9712649749813174,0.675331849120257,-0.928953135996305,0.625208648147707,-0.9833905473462841,0.577636617140609,-0.9798633721006211,0.556007050172749,-0.9657382547923324,0.6916504064180037,-0.9166756214173861,0.6547772961165614,-0.9607654579110668,0.6124472532504538,-0.9638620876563542,0.588969572823093,-0.9544672798593093
0.03161960149135738,0.3382127548287094,-0.04215887336842771,0.3895899831500004,-0.08507316557878462,0.38772394152763456,-0.11850235364420614,0.3856274146080063,0.09356438388305764,0.39159626946304704,0.13691515489164605,0.3905295642637619,0.16822208507288086,0.3889679206810445,-0.17741999374937403,0.3566053649226573,0.20868923863690717,0.3561442485436305,-0.055534236942490524,0.2737714857368371,0.11192244305009144,0.27559904025074156,-0.49997352499964703,0.005145318204670131,0.49997352499964703,-0.005145318204670131,-0.5637270557045264,-0.45711291793205855,0.6150489359763137,-0.46581003752693656,-0.532944366591575,-0.8282895531427374,0.5793006696530003,-0.8089880221288146,-0.5115244684265929,-0.950833016729254,0.59396093906065,-0.9268622542449482,-0.442167783289306,-0.9273874064663675,0.5050119831645363,-0.9139901752170426,-0.41489944826772646,-0.8875292676583907,0.4745288812026757,-0.8706266116184258,-0.5459265050510033,-0.7908652240796403,-0.42553901988199894,-0.8456404236333244,-0.3762779264958213,-0.8926741485095555,-0.3553748343895336,-0.9413717483503543,-0.33667942988545646,-0.9804002275588871,-0.4903348321563184,-0.9328232651438408,-0.42502891991038505,-0.9980744845204751,-0.38899099107844604,-0.9907721023818261,-0.3785142607526253,-0.9754923194153126,-0.5462222120526403,-0.9293731822898148,-0.4772334752790921,-1.0002808236160445,-0.4339870859737548,-0.995404040463593,-0.413684626014666,-0.9829521488158486,-0.5864103891899822,-0.9163391779147245,-0.5275811734490434,-0.9848968776230326,-0.48294399999703663,-0.9874252546829618,-0.45812294940628945,-0.9792014051548934,-0.6113212563151047,-0.8979085262442076,-0.5603748868713483,-0.9629820046284929,-0.5222001945972987,-0.9706430166414404,-0.49903642222241523,-0.9667400010684101,0.611282339584762,-0.8045449442861081,0.521793237160671,-0.8334010128968767,0.4753223862456864,-0.8800978662356952,0.44993401526638954,-0.929065786988859,0.43177509772874256,-0.9676747348474884,0.5586674841607665,-0.9375379709209178,0.5307296813332805,-0.989832229699061,0.48639573964490807,-0.9840255601022142,0.46835286657065195,-0.9696918821059153,0.6205285849536386,-0.9400989119448386,0.5843984962375376,-0.9940571738980749,0.5313794428575682,-0.9841537046792501,0.5121759793649017,-0.9684501626122825,0.6566267162306298,-0.9319752299273615,0.6263268478625773,-0.9825501116061549,0.5790292530381835,-0.9779097544694121,0.5591410397408099,-0.9631605906431334,0.6737855203104712,-0.9199882295792587,0.6552241060144306,-0.9601542226481,0.6134948960187777,-0.9621669963714745,0.5925054265952047,-0.9516976646091174
0.033146966504114604,0.33744449330459286,-0.03978736518525639,0.38811938649100175,-0.0836096963653034,0.3862661095986291,-0.11685286884306641,0.3844692443908048,0.09539849941958946,0.3905399870946466,0.13821365609217626,0.38979599423176553,0.16889549028817696,0.3884475071677936,-0.17538604087703,0.3562033462663933,0.20855931825727117,0.3560985400617672,-0.05527448620987698,0.27364171194735065,0.11235072080957403,0.27519354345562497,-0.4999733346366458,0.005163782752265349,0.4999733346366458,-0.005163782752265349,-0.5636286730509404,-0.45706904167180745,0.6050390144472927,-0.4672794276208369,-0.5263382172984273,-0.828058808788082,0.5659306276189218,-0.8071220164989741,-0.5067302737358662,-0.9504905672947127,0.5855752234896051,-0.9263589751212151,-0.438836114699285,-0.9273182652917912,0.4947943921551995,-0.9127093517516226,-0.4106973979567042,-0.8874848742941417,0.46522169622206366,-0.8683359862808416,-0.5615860059275047,-0.7671416658118918,-0.4243110534111486,-0.8448812614386113,-0.37507932271277933,-0.8919673073913674,-0.3528775349106929,-0.9401753919534549,-0.3354628688973756,-0.9793999886345247,-0.5079840307556235,-0.9098860819737492,-0.42377936964011437,-0.99649269261103,-0.38764724838699083,-0.9906191357115108,-0.3767755360648396,-0.9756987553316554,-0.5637022277014465,-0.9050631950818604,-0.4765191928609225,-0.9995415109342677,-0.4329796489367511,-0.9953617986791242,-0.41209005230857837,-0.9830431339366382,-0.6036913268422532,-0.8913767866321683,-0.5269948959518911,-0.9838701773351044,-0.48254030202835924,-0.9871688032149177,-0.45771442341169893,-0.9792603442061079,-0.6281890151415551,-0.8726303044073694,-0.5594049392745215,-0.9617341667233344,-0.5216757988588343,-0.9698406861362273,-0.4988928395159354,-0.9660002457048213,0.5935936304562127,-0.8064149835124635,0.5214459248884652,-0.8330555429861033,0.47499199591256724,-0.8802252589826083,0.44991459698146696,-0.9288713722580495,0.4318339961338879,-0.967011647444457,0.535495865175614,-0.938104032459067,0.5294094472405262,-0.9894977530519998,0.48575380019815645,-0.9838201429404759,0.46764375449197587,-0.9697725402382265,0.59657225269654,-0.9427923650171616,0.5818692527713667,-0.9945231303921755,0.5299416411947541,-0.9844322898894706,0.5113638303833647,-0.9684164004263506,0.6332130705287681,-0.9359470942802254,0.6245341240517845,-0.9836814824367894,0.5780885037736108,-0.9786653248357551,0.5586890064872879,-0.9636307363038489,0.6517354439432338,-0.9245226307886264,0.6559391064830425,-0.9612258420542352,0.614555815384923,-0.9635228690000612,0.5930113621861207,-0.9534616191225845
0.03292188663319692,0.3361991171656024,-0.03969942061797559,0.3862832949479731,-0.08357027597584092,0.3844907591888715,-0.1165466673548837,0.3830033917126609,0.0954047282185826,0.38904248840545846,0.13811823213491092,0.38867494570753536,0.16878866470775336,0.38768205577853054,-0.17411555633919082,0.35571968584760394,0.20785107932548239,0.35609028897243283,-0.055423092519509436,0.2734108158280966,0.11214336884322725,0.2746421275865234,-0.4999727623170791,0.005218902282047671,0.4999727623170791,-0.005218902282047671,-0.5336882913442077,-0.46065954500613054,0.6251077891099704,-0.4616071048915667,-0.4988758938890317,-0.8266001999222201,0.5747015378294197,-0.8079580953074955,-0.5026499071865665,-0.9502146439911372,0.5781299446369697,-0.9259144900226824,-0.43507043466074996,-0.9271574605502741,0.48620754503332464,-0.9114615875264678,-0.40593334883501214,-0.8874912674244184,0.4571852252165537,-0.8665360507630238,-0.47398873805894237,-0.8130719154995683,-0.4243327082598879,-0.8445369006238742,-0.37488291325470163,-0.8913040492778733,-0.35299619737068605,-0.9394350188885888,-0.3347296750469828,-0.9789096802972576,-0.4049002091059247,-0.9475342769458661,-0.4241527260109049,-0.9967933942221624,-0.3882630268194784,-0.993191636090592,-0.37592185532190775,-0.9788709513234379,-0.46070007456482814,-0.9490174517870757,-0.4763961078426129,-0.9989225040735928,-0.4328714450616375,-0.9958935922782085,-0.41069748625232194,-0.9844722976677476,-0.5016075518607198,-0.9400286530047782,-0.5263741908255831,-0.9835587238027177,-0.4817684686737934,-0.9874771632517293,-0.4554654110301181,-0.9806046467319105,-0.5284883091037912,-0.9246608662619752,-0.5580036300295449,-0.961218372497227,-0.5201498654376784,-0.969812269850588,-0.49665249059353345,-0.9669335011418552,0.6760267234184549,-0.7272141840389791,0.5202148630757727,-0.8325496820714189,0.4736670814503417,-0.8794130520046819,0.44911313065062874,-0.9281215678929031,0.43181137147532,-0.9666959901537743,0.633249145222061,-0.8648793199649546,0.5293120549205204,-0.9886251876779344,0.4858952357543202,-0.9833200469377202,0.4676763686495784,-0.9692891190179672,0.6947089465977812,-0.8632299474731078,0.581820236546886,-0.9940192265330309,0.5302159010000284,-0.9843719229519686,0.5114932293327489,-0.9688554856723407,0.7304965462273797,-0.852617321411549,0.6238885733245523,-0.9830222382528646,0.5773970452603419,-0.9789874297141259,0.5576284362643573,-0.9649091016109869,0.7472508291958305,-0.8391807558291619,0.654974641018123,-0.9608914897567664,0.613099111135521,-0.9639122404137354,0.590834651130563,-0.9544492546864392
0.03314318740839932,0.3355820499089672,-0.03914289731988271,0.385344375480119,-0.08316571414658915,0.38356748786897704,-0.11584278369849393,0.3822678664701281,0.09596672261099663,0.3882658276199176,0.13862382941983895,0.3881010068302677,0.16909527328531426,0.38725314886900924,-0.17303967815097288,0.35566016583718035,0.2077599571469863,0.3561652665064347,-0.05539720007424566,0.27324190158459166,0.11209919496735134,0.27418754447056726,-0.49997191553149467,0.005299403718147625,0.49997191553149467,-0.005299403718147625,-0.563441180989564,-0.4582479188164884,0.625489723301482,-0.46149223608402296,-0.5209913753065193,-0.8291912781798887,0.5745035560048836,-0.8083596281242817,-0.5013643670302613,-0.9504419616866225,0.5769018369379242,-0.9268020918108969,-0.43429010220529085,-0.9273203810579261,0.48623029187098155,-0.9115484815033321,-0.4048425583115931,-0.8879308354741331,0.4582304311995494,-0.8665151354452993,-0.5272720529301557,-0.8131165513919679,-0.42502807735383985,-0.8443401813810314,-0.37563707218235914,-0.8906719465642484,-0.35204277940828077,-0.9390149698581252,-0.3342441014829937,-0.9792392576904724,-0.46465713042462636,-0.950988850473854,-0.4225835999660521,-0.9964100937351146,-0.3864082783756445,-0.9952601007586999,-0.37280794008698426,-0.9817786418326895,-0.5207200257836827,-0.9489385002528286,-0.47631131554318934,-0.998839415188222,-0.43285538896558834,-0.9970049641713223,-0.4092528624385345,-0.9856866141630585,-0.5614791432340805,-0.937281473396513,-0.5267246176548949,-0.9832988258001812,-0.4818492066373424,-0.9882183110403294,-0.4541454696127437,-0.9815488618326182,-0.5876024004452831,-0.9196340269252129,-0.5576954058490489,-0.9598205706510001,-0.5197383146877704,-0.9692234072513453,-0.4954364292132984,-0.9669604731869054,0.6259961355420067,-0.801587184139307,0.519501211748106,-0.8335090800997299,0.47314576541695075,-0.8803434321072664,0.44822926307214395,-0.9292539650033484,0.4308215062505138,-0.9675765109261163,0.573927339026744,-0.9355060066542473,0.5266791498508535,-0.9889981494582023,0.48366208959335044,-0.9826471570414571,0.4667945544049938,-0.9679454632109936,0.6349069507532665,-0.9378449754198366,0.5776242212476453,-0.9948021073575749,0.5266051189391452,-0.9836520027972782,0.510165447445229,-0.9674422934661097,0.6715646391109077,-0.9296282000058428,0.6201632866421495,-0.9848662991984789,0.5743211018681534,-0.9790079839564543,0.5570434820625776,-0.9634956297832631,0.6896542672630172,-0.9174100028084622,0.6536605254284927,-0.963591738811357,0.6124949666144046,-0.9659636061563126,0.5924557606338807,-0.9555889316771187
0.032882050630573055,0.3359195738101177,-0.039120320406343737,0.3855524975925222,-0.08311565297017359,0.383874473918065,-0.11563790851153824,0.38268798075632554,0.09593151324476952,0.38831019798465655,0.13861262466156576,0.38813270490298146,0.16910908375391034,0.3873417094618218,-0.17250760994790537,0.35622198443325026,0.20737807855832802,0.35672342424773634,-0.05618625106439978,0.27374540856462526,0.11126295178079114,0.27426098370663393,-0.49996959469869656,0.0055140163965216905,0.49996959469869656,-0.0055140163965216905,-0.5839785063497746,-0.45570864992452975,0.6258811175436461,-0.4609164535293415,-0.5368621909777365,-0.8317692621997204,0.5748310178833348,-0.808274567530761,-0.5007357440229222,-0.9503618961436664,0.5773463775572215,-0.9270931433224155,-0.4336828506317805,-0.9267833319171271,0.4873901732787951,-0.9116095678592439,-0.4041913841812852,-0.887526685748955,0.45940266195919294,-0.8666787899222261,-0.5596243939755727,-0.8109738091444332,-0.4230433936205817,-0.8451266414760675,-0.37368669162497126,-0.8907654244519346,-0.34989023205329683,-0.9387025825379658,-0.33284506721144663,-0.9787972933306974,-0.5059689206464997,-0.950740894470081,-0.424048969162535,-0.9946676958754017,-0.3877868265537566,-0.9955360348741139,-0.3722848168747952,-0.9831792084314364,-0.5613538806126157,-0.9461957117561367,-0.4781564527309615,-0.9974768736329725,-0.43508829564509377,-0.9968256284917525,-0.4093815995700219,-0.9864149233401264,-0.6009727749438669,-0.9332080365951153,-0.5278937156319862,-0.9822489362966716,-0.48341851055751917,-0.9879288242040445,-0.454281811682835,-0.9815857781345756,-0.6254563144460678,-0.9146388620503085,-0.5574804862494893,-0.9588418539944847,-0.5205531088969944,-0.9689617648567164,-0.4958725355925426,-0.9672239210590837,0.5913150267213934,-0.8480007274016922,0.5193057026743845,-0.8331485908072356,0.4730052187866814,-0.8798623144374348,0.4489273641897897,-0.9285372783301334,0.4318153115610028,-0.9667678017276855,0.5316809179803177,-0.9802911799025147,0.5256760721862295,-0.9886203987462117,0.4830810842598026,-0.983470804208474,0.4646188892650717,-0.969965919579666,0.5930849380499582,-0.985165723396357,0.5770760576339806,-0.9943301967151722,0.5262608667155908,-0.9834741558840722,0.5086072998901663,-0.9674376268097213,0.6304568186417264,-0.9782350892966419,0.6202804676191639,-0.9841005549083582,0.5744317313120788,-0.9787303691125043,0.5554576043009894,-0.9636151500838188,0.6495164355115003,-0.9663444975273623,0.6553021259440676,-0.9618253917456717,0.6138468534460324,-0.964567463128767,0.5919324325852232,-0.954513638565829
0.03169239322712672,0.3358033459756538,-0.039306607563884106,0.38542060773372605,-0.08317503404766474,0.38381640359564767,-0.11565484963748084,0.3826590744885853,0.09545797782078687,0.38795251103139977,0.13806322103707702,0.38772448383102803,0.16889614113436816,0.3869623047350891,-0.17210367518483655,0.3563737307176851,0.2068276281165857,0.35670549936640483,-0.05736315633913375,0.2737375475286623,0.1091530146369777,0.2739316256314707,-0.4999693433190523,0.005536762692731843,0.4999693433190523,-0.005536762692731843,-0.5644939015144609,-0.45976060769695637,0.6256908653315376,-0.4614691361005083,-0.5223325463914184,-0.8318996509389994,0.5749618799064774,-0.8101555089321794,-0.5019190851604416,-0.9520245986512433,0.5774406011414446,-0.928500605995132,-0.4366517993906593,-0.9282256255900831,0.4881508319428534,-0.9128247194734757,-0.4081940047842687,-0.8895246742978572,0.4599522452530515,-0.868272648501424,-0.5250462157801231,-0.8132819585500555,-0.42386078478833833,-0.8443237457347159,-0.3744971213320213,-0.8900039321054116,-0.3522651978171856,-0.9376339695957077,-0.3358015610982068,-0.9776207975972502,-0.46583447279695356,-0.9505521840356801,-0.42180919565425906,-0.9944834454908091,-0.3853367913458578,-0.9938040264266984,-0.3714143829985615,-0.9809706847306343,-0.5211870193311483,-0.9484126987938537,-0.47616366786094827,-0.9978453168013375,-0.4323996384947819,-0.9966151719796517,-0.4084412649497836,-0.984920072129788,-0.5606794362798722,-0.9365652286917291,-0.5266569037587232,-0.9823416527402814,-0.4814250494618574,-0.9875370667277922,-0.45376753562098865,-0.9808692381247182,-0.5857343802465941,-0.9184932352626524,-0.5575787763198016,-0.9584959450308661,-0.5209466072668587,-0.9683331695887553,-0.4973358112851107,-0.9663393886283166,0.6237808279068265,-0.7997490177469085,0.5170327717123635,-0.8313273245217087,0.4711163987015383,-0.8785099041638631,0.44840037271179206,-0.9278219518784986,0.4321928112673521,-0.9664283410921038,0.5707964859101664,-0.9338116727559943,0.5242226951817199,-0.9878292038119745,0.4815301751008786,-0.981958159071669,0.4639288065006841,-0.9678756581451979,0.6321643608493108,-0.9367738772226762,0.5755716523240848,-0.9938894819877323,0.5251181936951287,-0.982779457679781,0.508100079333329,-0.9666082494535473,0.6696486813919496,-0.928664086198849,0.6188544204488277,-0.9835512896843619,0.5733761802121352,-0.9776192677022956,0.5554729123409055,-0.9624552403211541,0.6889827653064065,-0.9162704800240129,0.6528883179039248,-0.9606085842588468,0.6110768716126347,-0.9623050556331139,0.5902544184638027,-0.9518991836910389
0.029682701281912333,0.3352912602731968,-0.03995819135109935,0.3848524921072999,-0.08352281338827544,0.3833442702210104,-0.11586143921386186,0.38229935451694663,0.09406135355557835,0.3872501744472019,0.13632871828252247,0.3870017665727696,0.1680399867431202,0.3863529922238856,-0.17203367146452903,0.35627218272092553,0.20568550806794292,0.35665142359901786,-0.058607649276480045,0.27342750097578516,0.10633095422731985,0.2732162450121917,-0.4999689990854007,0.005567760190832243,0.4999689990854007,-0.005567760190832243,-0.5462864901303581,-0.4622208562004763,0.6256732907243869,-0.4614831889536639,-0.5101822532661516,-0.8313897590946393,0.5748337417698912,-0.8108910826423652,-0.5056826715848804,-0.9522550139702544,0.5775082422689848,-0.9287215367072443,-0.44064344376712283,-0.9288561213254302,0.4882316177481468,-0.9131747004182119,-0.41308204374722507,-0.8907837901072647,0.45985906767493406,-0.8689769296887694,-0.4929960754065522,-0.8146386836170102,-0.42406356581611826,-0.8453676188195177,-0.37484274747093665,-0.8906190104556617,-0.3523383781381629,-0.9382829087726013,-0.33581575783798057,-0.9777495657739259,-0.4269812909686339,-0.9482710344453188,-0.4220467269857565,-0.9950703693820716,-0.3861029088711213,-0.9942180244158558,-0.37304430359880014,-0.9815573452473725,-0.4817831800453,-0.9486561612401595,-0.4752429454844635,-0.9982185203209185,-0.43189890381203255,-0.9965528398948679,-0.40864377449277794,-0.9853719359044728,-0.5218363608370512,-0.9389647851083038,-0.5260766666882394,-0.9831037753243187,-0.48158499520530784,-0.9881134555368442,-0.4546910183365975,-0.9813209935322418,-0.547846335495248,-0.9226615186010065,-0.5570985122386823,-0.960369974730394,-0.5203270806749487,-0.9702347540676017,-0.4969103769669871,-0.9683926020650665,0.6564160151046239,-0.7529740854177981,0.5165087384033225,-0.830837215102906,0.46844334448522923,-0.87777413794099,0.44537113369169296,-0.9274086901638369,0.43042805237723397,-0.9661326003359203,0.6040060778357674,-0.8882350143878847,0.5168549067960798,-0.9870631855868066,0.4772063875488549,-0.9746379839708459,0.46917836954476655,-0.9572471745071783,0.6653516154417737,-0.8889869896143915,0.5693559474807962,-0.9944019263745082,0.5223341580228548,-0.9790822266697808,0.514840690453542,-0.9603882957217195,0.7042844544730439,-0.8794720391535197,0.6157393068473813,-0.9849935327655465,0.5729743979027326,-0.9751709317741735,0.5632000943954502,-0.9570841431807914,0.7258281140295179,-0.8667901478875588,0.6538950477477243,-0.962674303788453,0.6147181392275008,-0.9615798157798288,0.6009985941766681,-0.9489391695044447
0.027509849055491756,0.33501187153430007,-0.04087889765095533,0.38446805478878354,-0.08406351410716396,0.3830030293645313,-0.11613937362822428,0.3820232881520692,0.0925283238470234,0.3868965142452637,0.13457478648278084,0.3866392393571049,0.16710571825225107,0.3860462112759104,-0.17211791937699483,0.3561133627573205,0.20469041989607983,0.35657025500352435,-0.05976246676230463,0.2732759447640134,0.10402226511529232,0.27273081902475677,-0.49996788119219887,0.00566725473075758,0.49996788119219887,-0.00566725473075758,-0.5659327548366067,-0.45956837096018116,0.6261398834599395,-0.46131935443782557,-0.5268670845878503,-0.8323883670675005,0.5744494709135507,-0.8105357263549435,-0.5070565542000647,-0.9519570897390333,0.5780529209458325,-0.9286950791347642,-0.4427143177888689,-0.928970262801216,0.4879122158047921,-0.912822587173708,-0.41575228806936887,-0.8912757424904977,0.4601646750374049,-0.8688842732310512,-0.5257442915487803,-0.8129710290031291,-0.42385950464266464,-0.8446263598339094,-0.37417079847002066,-0.8894932002511055,-0.3508059579903911,-0.9370557122008956,-0.3363168827525045,-0.976968154623285,-0.46830050197602224,-0.9493696716752258,-0.4242920817183408,-0.9939858255962772,-0.38780753234102466,-0.9922567912920284,-0.37485555444003243,-0.9785704078812043,-0.5231103179414025,-0.9474715231759592,-0.4773460366119888,-0.9968081689753332,-0.4336202984116703,-0.9946077916423962,-0.40990026716256517,-0.9834782867323963,-0.5626180292543639,-0.9362018056359102,-0.5275527141568032,-0.9813435385199107,-0.48288436269901996,-0.9858705282327761,-0.45585208106467184,-0.9784970983700623,-0.5872609085848909,-0.9186435589181462,-0.55799305086027,-0.9585784965132694,-0.5211091211670401,-0.9679120640001132,-0.4977206207160886,-0.9652957079713813,0.6191104695802462,-0.7955360689359302,0.5129863982125394,-0.8295789456727819,0.4648291109836726,-0.8746452214482435,0.44522307554802,-0.9243453936069896,0.43321851569866854,-0.9638338493432905,0.5552704797602805,-0.9259897616138619,0.5074958288676227,-0.9824566491707166,0.47326909595362193,-0.9660922482059001,0.473100928157457,-0.9467444340572592,0.6190327192744868,-0.9307333310642124,0.5614408546812094,-0.9907592243072195,0.5208177759201778,-0.9733003858689635,0.5217576227809955,-0.9531227983260855,0.6622726636636328,-0.9242197409592924,0.61240486970806,-0.9826950324817737,0.5756377110732926,-0.9704827016842601,0.5733464066505677,-0.950844415887698,0.688396038399661,-0.9132874510102497,0.6574215687436132,-0.9610982106591404,0.6227460971735257,-0.9584793430334526,0.6149313178457687,-0.9444876367927083
0.02569922819827958,0.33475712705495114,-0.04181096639237128,0.38413158567173555,-0.0847205050313724,0.3826908304138131,-0.11659288644506914,0.38175292813219647,0.09144303530850444,0.3866327554236732,0.13331747670403352,0.3863823474455996,0.16627384384500982,0.38582347641493103,-0.1723264127421071,0.35591361842264996,0.20370408926013264,0.3564212729464726,-0.06089922754256469,0.2731539999214943,0.10244890972422963,0.27237876824968954,-0.4999669916206681,0.005745197105301583,0.4999669916206681,-0.005745197105301583,-0.5666056325862983,-0.45922997135622307,0.6303275516876269,-0.4590099004283693,-0.529021155644878,-0.831695797206912,0.5714038335699893,-0.8090323110507748,-0.508725450795647,-0.9512057328945224,0.577469206593798,-0.927851915156764,-0.444005028062982,-0.928270195421126,0.48715675384870216,-0.9120983651323542,-0.4172587351277983,-0.8906167507971915,0.456562457083116,-0.8682498693262971,-0.5268088062511483,-0.8121259262906386,-0.42593243971403355,-0.8427964294353743,-0.37524221157620363,-0.8877560106118928,-0.351988098700139,-0.9354989979584015,-0.33859330889336153,-0.9756658708305855,-0.47000940915609873,-0.9483553233114569,-0.4237165255350263,-0.9932858769507148,-0.38671259933882013,-0.9898174863770199,-0.375073138903036,-0.9761340944641943,-0.5244757634130189,-0.9465153121024398,-0.4754702964478293,-0.996491855677544,-0.4309504933734184,-0.9934288321154198,-0.4090507078999736,-0.9814113589387669,-0.5632532066602064,-0.9350635121487709,-0.5257372608969805,-0.9809138531403775,-0.48038926362664003,-0.9847657127589375,-0.4550854719666576,-0.9768752424237017,-0.5877134537223494,-0.9175657272381604,-0.5572577470782711,-0.9586372916883031,-0.5198443070794571,-0.9675671151841282,-0.49742173493243974,-0.9642643416244032,0.6243798893286998,-0.7912732783048179,0.5129521221233978,-0.8239657422091696,0.4651736688009127,-0.8702829245707059,0.44829099122749344,-0.9196609843481279,0.43344446080408083,-0.9559823632897477,0.5314834765123614,-0.9139587101675978,0.49829794460353743,-0.9741466175458352,0.46770568485810987,-0.9602104168811776,0.47011096916115125,-0.9400623232427286,0.6004859338706604,-0.9212219965461304,0.5533708216126945,-0.9858490801050974,0.5148238526463138,-0.9727398004987703,0.5167546567538306,-0.9530435615819409,0.6516464226622578,-0.9188972836654354,0.6073061683646875,-0.9797550796729877,0.5714291508205324,-0.9699765462782067,0.570340363545736,-0.9525109535611749,0.6876955684098185,-0.9108223175044023,0.6630199792166186,-0.9594270735040983,0.6296936019139682,-0.9570057840426675,0.6216310761260468,-0.9428051345109857
0.022800975249626425,0.3347003330343718,-0.04304030508352955,0.3840051250537589,-0.08551297592998092,0.38257609340661786,-0.11715735730033498,0.3816608382026468,0.08990465899785911,0.38655742445122804,0.13143516392630022,0.38630009983968566,0.1652270202769824,0.3857512667366051,-0.17242141784621343,0.3558571000220329,0.20257938229002936,0.35650397540220763,-0.06284113574191286,0.2731152366873236,0.09967106624430151,0.27223503814326316,-0.4999664829442004,0.005789294638086998,0.4999664829442004,-0.005789294638086998,-0.5672518503780274,-0.45952393454536833,0.6400364585915946,-0.45057255827601583,-0.5318214224689963,-0.8313698171188129,0.5710240051697275,-0.7990266663291842,-0.5100336356029457,-0.9506751948869226,0.5775849827158035,-0.921319315184794,-0.44521074396702454,-0.9279018576679311,0.48610906531052317,-0.9043764750890333,-0.41910415115598026,-0.8903138087120624,0.4533894190851542,-0.8611605230476532,-0.5272415825978224,-0.8108041766942695,-0.425936272328916,-0.8416844028833996,-0.3753574398289217,-0.8864656493361165,-0.35169848555723204,-0.9340358276406986,-0.3368896650847798,-0.9745055049485485,-0.4687156525837547,-0.9467824873694929,-0.4256220715595935,-0.9920897655500165,-0.388539907661832,-0.988947103271855,-0.3766035513522558,-0.9738492471842898,-0.5244017749500912,-0.9449824878927385,-0.4771904910196347,-0.9947259972826241,-0.4327409736661956,-0.9908834746102946,-0.41024216209623365,-0.9784192319155927,-0.5640350745387688,-0.9333398220244874,-0.5280529042602745,-0.9787296506386177,-0.4828794159675214,-0.9822750644816227,-0.4569663621025807,-0.9736853100236295,-0.5883140662082535,-0.9154684168310552,-0.5579347793243801,-0.9557844848739029,-0.5200333660132739,-0.9641474620173713,-0.4969233175763243,-0.9600470328802228,0.6270820772430815,-0.7781674445608051,0.5177752661787468,-0.8130056185659952,0.4723690365753845,-0.8593756153902586,0.460173828289415,-0.9052751474746233,0.45532669956933824,-0.9379028972481315,0.5123435203790834,-0.8837026826867161,0.4690481089996282,-0.9511398047282265,0.4490205737583795,-0.9655548196299618,0.44643481779751026,-0.9606898716532916,0.5830177467587009,-0.8963056246562093,0.5373872127172388,-0.9698414418155978,0.503427928086237,-0.9860856579554031,0.48669964638619423,-0.9842673301004382,0.640847416595749,-0.9007835311065023,0.6073907077323442,-0.9701433873002836,0.5680287699655051,-0.9847889251970116,0.5468394191943586,-0.9822354257271596,0.6820814672798015,-0.8964619977242749,0.6636535921590343,-0.9524033718498562,0.629904938414134,-0.9662942460469335,0.608395859267538,-0.9637858402060121
0.01952171695543907,0.3343826095729247,-0.044481200434932165,0.3836373852382826,-0.08630490916801188,0.3822100496274074,-0.11768282577420551,0.381296804761852,0.08802263775642287,0.3861917100579482,0.12928851879835426,0.3859279806337663,0.1641640106688838,0.3853800337144331,-0.1721210107421131,0.3555184523181843,0.20161707623393796,0.3561872933867844,-0.06456096303972135,0.2728682662780084,0.09599932672054841,0.2718009976165121,-0.499966981190226,0.005746104726871614,0.499966981190226,-0.005746104726871614,-0.5668298734519248,-0.46110844848721094,0.6548021628637312,-0.4432124817590219,-0.5314577274922198,-0.8307888802730258,0.5728476994037112,-0.7748467473863092,-0.5090434872406505,-0.9500855775524831,0.5786340537451824,-0.8997340725420184,-0.4445471851341307,-0.9268848714560739,0.48340433743520106,-0.8776067016103891,-0.41891268510365315,-0.889290932239921,0.4499989009831002,-0.8379104465587435,-0.5297396356401392,-0.8095831455977213,-0.4263443332578028,-0.8394134136656444,-0.37508259847024106,-0.8840362869317486,-0.3510590275092909,-0.9314291546582028,-0.3372146857944215,-0.9715848292728826,-0.4698779240840286,-0.9446883512539644,-0.42638647184348477,-0.9905561291160346,-0.38890129377003163,-0.9879312584917187,-0.3767454742445316,-0.973447136801823,-0.5253373885328521,-0.9428765010487414,-0.47769477703349844,-0.9933170056582757,-0.4327098751941991,-0.9896332940895999,-0.4101781554718579,-0.9770053407726271,-0.5648973107292699,-0.9313811312010721,-0.5283127359456675,-0.977520521308956,-0.4825629461235068,-0.9805784385538879,-0.4572458658875886,-0.971342895668881,-0.589461345377958,-0.913752126943725,-0.5585635906903368,-0.954691724557557,-0.5203640909368407,-0.962891639046696,-0.4977446067119067,-0.9584744254762184,0.6220453700201966,-0.7555496726841953,0.5165830973574267,-0.7836593423807169,0.4664955760557127,-0.8325746844731333,0.4458709179464155,-0.8824116628218746,0.4296046973458429,-0.9202836077244275,0.4930858954538312,-0.8427610700135066,0.4516542208730615,-0.9164758416125587,0.43157576601748315,-0.9560682759074121,0.41986603427834035,-0.9792291683056252,0.5620916074501913,-0.8576544082272879,0.5106184532068804,-0.9418507534246886,0.47962407038312643,-0.9735445277916621,0.46179683314123937,-0.985758069914273,0.6227599823111754,-0.8678791544111786,0.5796889714419099,-0.9481556666546167,0.5462908002632024,-0.9717088838160756,0.5271765924924013,-0.9773217071025445,0.6699110254127288,-0.8703917402351988,0.6431817939873277,-0.9315035873841185,0.6130560472504935,-0.9492889766512593,0.5912150370696665,-0.9511961835697713
0.016956207996712745,0.3344152134695949,-0.04574399432150969,0.3836062562219878,-0.08712810715706316,0.38215887997955816,-0.11823587771473419,0.381214099219726,0.08592251695292442,0.3862333740710692,0.12701191221207467,0.38591360658979806,0.16289934983539525,0.385281622902926,-0.17211328571319592,0.35526384994490146,0.20063684999795064,0.3560024227921973,-0.0658563814189575,0.2727069147757244,0.0934971725344808,0.27153995225097627,-0.49996854626943726,0.005608274353630237,0.49996854626943726,-0.005608274353630237,-0.5667598700073295,-0.46113578439679204,0.6711874092489264,-0.42945526310327264,-0.5307993883135823,-0.8303678606423862,0.5698756460775803,-0.7349349850614387,-0.5080577051144558,-0.9496486461280046,0.5734699045246312,-0.8554938228302145,-0.44431462806110666,-0.9265475512503376,0.4646812898450694,-0.8280154930542335,-0.4187729463650998,-0.8888734019341512,0.4386142862310341,-0.7912908440451732,-0.5356438154935472,-0.7994571192648663,-0.4269057428704826,-0.8396076451176738,-0.3763869099432472,-0.8836821903444678,-0.35274241365099496,-0.9309676977248168,-0.33914445398761894,-0.9705952313617658,-0.4820218731323199,-0.9347348747180185,-0.42659817360375585,-0.9896539976779407,-0.3891013703531927,-0.9854622409882795,-0.37782412100688983,-0.9710922359960305,-0.5375133971449757,-0.9325056759627416,-0.47708266274837513,-0.9921989590998971,-0.43284264293261276,-0.9881001411877172,-0.41197868608070576,-0.975714778441001,-0.5759361050157151,-0.9204650551276217,-0.5275314285504001,-0.9765507191793923,-0.4823557766357139,-0.979809602890086,-0.45795992841426214,-0.9714303734075382,-0.6000607682834198,-0.9029435465301336,-0.5601363121181372,-0.9545891408437485,-0.5226845260879166,-0.9631457526961295,-0.5005940678069376,-0.9592720934940817,0.6212262377201204,-0.723027663730485,0.5196792635879586,-0.728357387177999,0.45301268111546683,-0.7665538088585777,0.4300055415331598,-0.8142593922522997,0.42965832806916365,-0.8499087105625347,0.4571076888113857,-0.7770747706406714,0.3911937271896578,-0.8445104923676959,0.3638290658950415,-0.8815350867593927,0.35222754734543316,-0.9070162130331969,0.521249551802777,-0.8049194045785932,0.45244197893499644,-0.8861031728894327,0.41978125949235073,-0.9234940041511414,0.40450285055864305,-0.9483246315909972,0.583348176967338,-0.8256049380890231,0.5310850298374972,-0.9040978628118679,0.498148543616044,-0.9331817462730463,0.479186128673086,-0.9499273535478182,0.6344681791598225,-0.8362503393590486,0.6028950475593733,-0.8936529237829609,0.5719356886119926,-0.9151727524918895,0.5491553777334756,-0.9255258418696137
0.015923714256372505,0.33455482623451993,-0.046329613295385624,0.38392541415137627,-0.08730994655288107,0.38249107091148793,-0.11819892020026751,0.3815384231037807,0.08424882870018217,0.3864405959966258,0.12519177902404693,0.3861152555917078,0.16208474216540517,0.3854699463101993,-0.171811854084332,0.35545703989774263,0.20015581212778502,0.35620803762850606,-0.0662284399846723,0.27251527099255285,0.0920135906622699,0.27109733269052966,-0.49997536007953375,0.004963800292170192,0.49997536007953375,-0.004963800292170192,-0.568726712554954,-0.4606149418479982,0.6936191014629625,-0.4037242868608387,-0.5284583971537371,-0.8298265784987752,0.572330572533394,-0.6732584322198403,-0.502699523412012,-0.9491446638849029,0.5548179384212758,-0.7934876812455782,-0.4412843720440084,-0.9260168953767928,0.43937682619375407,-0.7642794878471602,-0.41544485278914983,-0.8881493627850934,0.4196765282879236,-0.7297316686441973,-0.533391420040355,-0.8081347501714075,-0.4309064341388043,-0.8374906605988323,-0.3789299291008958,-0.8817625793095654,-0.35467653505528823,-0.9293000968905463,-0.3407446778674459,-0.9687676553357496,-0.47467386471607464,-0.943143831978529,-0.42794563320703277,-0.9885742586907104,-0.39040968360722667,-0.9834667337216688,-0.3788441298240968,-0.9684059119381795,-0.5300578060073656,-0.9419836181538958,-0.4785479706399653,-0.9910769553620095,-0.43364678464448564,-0.9864049234227102,-0.4126265425344988,-0.9734326099235361,-0.5683485279254086,-0.9305322456418359,-0.5301545661054815,-0.9756446270652738,-0.4843829747562822,-0.977853196266531,-0.46004799155067294,-0.9686835981762459,-0.5931486927430029,-0.9132242014295975,-0.5643286648544685,-0.9541262119970201,-0.5274131267764905,-0.9612120926255524,-0.5057800223196223,-0.9557377067893855,,,,,,,,,,,,,,,,,,,,,,,,,,,,,,,,,,,,,,,,,,
0.010962946090452869,0.3345322723373067,-0.04744169869660015,0.384617386872702,-0.08717723050097209,0.38315958838899056,-0.11783702366849,0.3822018021137496,0.08044898582567464,0.38716740544127237,0.12123879621175761,0.38679789452577873,0.1600084582344598,0.3861494662262999,-0.17080125015580527,0.356054644616212,0.20011575851017488,0.3568672190732633,-0.06759795838903605,0.27154427940511683,0.08621580300661906,0.2696505541693074,-0.4999780174230679,0.0046885065530936805,0.4999780174230679,-0.0046885065530936805,-0.5848182253775187,-0.4589959579235753,0.713330881832335,-0.3882756468902244,-0.5380739455126142,-0.833944825379162,0.575816018250545,-0.5786160793355417,-0.5026648730058701,-0.9523826332542518,0.553785768729887,-0.6800104134474306,-0.44072715331436796,-0.9294152431707184,0.43647107794302464,-0.6458735473254074,-0.41513892295053434,-0.8912163058316434,0.4187781029799094,-0.6141749143452137,-0.5597052504856863,-0.8083884839528858,-0.43478417395278124,-0.8382154122678694,-0.380549526117262,-0.8827592467341224,-0.3570342417939343,-0.9309305729164007,-0.34581200449051036,-0.9708059275346764,-0.5002646237149946,-0.9467133520019414,-0.4302373836475296,-0.9916475374883876,-0.39234358047004664,-0.9825637881694871,-0.38326704076498797,-0.9655166926524722,-0.5567278133404308,-0.9433488326408727,-0.48155803665203517,-0.9948743494533199,-0.43634072229881227,-0.9881922754363636,-0.41887954734437194,-0.9732083310804431,-0.5965675090364858,-0.9300614847488672,-0.5346928178425602,-0.9789302156175446,-0.48900374714117645,-0.9799917766374797,-0.4670370004818332,-0.9695798198230665,-0.6219762793080716,-0.9111178121876712,-0.5696574787175233,-0.956208462175312,-0.5320178326340633,-0.9631633363281451,-0.5106280735552199,-0.9576865058372867,0.580690716083245,-0.5887990052326483,0.48206045206511966,-0.5523166460547371,0.36658807250020414,-0.5830137253059626,0.3050073379304501,-0.6246315489181321,0.2909268892728096,-0.6659172205228978,0.40361406535558847,-0.6312978606482661,0.35840057285355037,-0.6525378521930968,0.33941933456858203,-0.6837977182702851,0.32822302274523607,-0.712070983607365,0.4623791544843309,-0.6561599893561112,0.43600616708679457,-0.6823874741081773,0.4143850449455697,-0.7163187569991327,0.39895516048499313,-0.7461214800120497,0.5221796823660154,-0.676868210466576,0.5023416055730998,-0.703451416900872,0.4812044742762524,-0.7384401098219748,0.4674906235588159,-0.7675695714210686,0.5782428425117125,-0.6923488892320199,0.565858157871599,-0.7105499007354855,0.5478571357716019,-0.7413028727000815,0.5328947838450161,-0.7671095033862576
0.006173394251198584,0.33295414226993236,-0.04979976309570557,0.38423311057916293,-0.08855834317753135,0.3827125460692728,-0.11897998230940217,0.38171759080235274,0.07706869420738195,0.3868468723498061,0.1179797796956305,0.3864729988866285,0.15785684633484143,0.3858839842025348,-0.17148092651670246,0.35554615686065505,0.19881763585854553,0.3569976313036656,-0.0700690979064149,0.26963834332163683,0.08100478738463203,0.26691599062309224,-0.49997934251144016,0.004545004051489524,0.49997934251144016,-0.004545004051489524,-0.5773958192073764,-0.46095886880584663,0.7413294575954744,-0.3803001512340603,-0.531007924762481,-0.8331995325547311,0.5556770141486346,-0.4666614229968389,-0.5049811572582896,-0.9526294019768419,0.50144058284998,-0.5394508694068204,-0.44287166504732645,-0.9299830554822598,0.40257225986637796,-0.4847827709498032,-0.4182015553437296,-0.8917146286122469,0.39844901131808697,-0.4629936004273776,-0.5376161564440985,-0.8082704808599706,-0.43601352847190084,-0.8384072327856892,-0.3854984135286672,-0.8834771686130205,-0.36279992152474716,-0.9322241098668035,-0.3491918020228931,-0.9722368058461652,-0.4821752404035463,-0.949797838871948,-0.4347887831407705,-0.9942229705149785,-0.39651499960418,-0.9820737591975082,-0.38999750329520505,-0.9638006390248426,-0.5380574437383558,-0.9471725620901582,-0.48561538642350144,-0.9961991432032419,-0.44168306810561836,-0.9864292392838918,-0.4292252107615287,-0.9696930087002102,-0.5782131663593327,-0.9339793473886686,-0.5379028656456853,-0.9803064965057747,-0.4933993881989675,-0.977826396320213,-0.47647844371812736,-0.9641192331465347,-0.6052006356162739,-0.9152200095143288,-0.5737982163419642,-0.9575925175406608,-0.5363027892550298,-0.9617726852263283,-0.5184962821131623,-0.9533803920550705,,,,,,,,,,,,,,,,,,,,,,,,,,,,,,,,,,,,,,,,,,
-0.0013220141859064316,0.3331634815342173,-0.0555369839642896,0.38506531132643673,-0.0930932555516603,0.3835476522355021,-0.12340560776671909,0.3825564531325452,0.07101968694684645,0.38772825179472664,0.1124458279501616,0.38734590491401205,0.15348185198661266,0.38675860368542975,-0.17532327094203556,0.35643694202753146,0.19600987916916515,0.35794155323795096,-0.07514413663823603,0.26951357469476467,0.07464010727631241,0.266396157489429,-0.4999834194234276,0.004071891655831237,0.4999834194234276,-0.004071891655831237,-0.5842626484303323,-0.4604159416692305,0.7736123928251551,-0.3656837632686275,-0.5394213713075667,-0.8382394960529913,0.524094897750633,-0.36756069803178315,-0.5157783186032551,-0.9563000175758554,0.46199693429255345,-0.38926804830091744,-0.4513468583814828,-0.9353800135534429,0.3918497693781353,-0.33667431432789563,-0.427314934856199,-0.8973785013691664,0.3929330366716937,-0.325890241082096,-0.5136117431802006,-0.8570342656622687,-0.4452178730689234,-0.8445708701189351,-0.3940943713402446,-0.890950770904699,-0.37231452665242143,-0.9402667746685271,-0.3584815009226411,-0.9792959907001232,-0.4510261532331802,-0.995743744395574,-0.44384806552292766,-1.0005837543660452,-0.4065015129588937,-0.9905241316996363,-0.3987565696353386,-0.9727840720852531,-0.5089650524236973,-0.9955444626330722,-0.4981053309589359,-1.0028511534677063,-0.4535166915900781,-0.9950528091275482,-0.43837799817638506,-0.9797175545250829,-0.5497338239073378,-0.9840998058547031,-0.5514715287795363,-0.9860071460522983,-0.5060402748796559,-0.9859963705554683,-0.4860191818615002,-0.9744352520433698,-0.5765278097755531,-0.9665368888731108,-0.5865412994963702,-0.9625729693902789,-0.5484386295867513,-0.9689332247198349,-0.5278874114456417,-0.9627175223137392,,,,,,,,,,,,,,,,,,,,,,,,,,,,,,,,,,,,,,,,,,
-0.005490888477182475,0.3320742726127023,-0.05785706245307281,0.3844444406075286,-0.0944793315266013,0.3829159147680737,-0.12532144160334469,0.38189596067313114,0.06893173732935566,0.3871881836899064,0.11138460837956418,0.3867807937584384,0.1534303853515592,0.386152845225729,-0.1757655309479607,0.35577197037277547,0.19814609001893038,0.35723955044180017,-0.07660816776095858,0.2678090286668214,0.07317442092573678,0.26466514405771124,-0.4999995443893721,0.0006749892001773656,0.4999995443893721,-0.0006749892001773656,-0.5883257938918713,-0.4665855080078109,0.7651459403718889,-0.3711441650105983,-0.5431179373356134,-0.8498378449079257,0.5252937631167341,-0.2566577034877102,-0.5220341030791857,-0.9680407243727134,0.44855539708117964,-0.24591167192378932,-0.45532185686520615,-0.9477382755431182,0.3981641915058083,-0.18655359798393156,-0.4307235078350739,-0.9095513495514271,0.399480294708521,-0.18858255960339962,-0.556186169228453,-0.8219082386748421,-0.4491387457357708,-0.8572065509731756,-0.3976820986275751,-0.9041249940653858,-0.37650255584331155,-0.9538871416583434,-0.3607448198013011,-0.9924291655187669,-0.49879624372162157,-0.9636016826481536,-0.446252105531462,-1.013469694255065,-0.4106141402357069,-1.0024492714693287,-0.4034865175912305,-0.9844425329498043,-0.557506762524473,-0.9613016885146944,-0.5015521822690701,-1.0162319651475067,-0.4580467393026086,-1.0085370438874965,-0.443021683845406,-0.9936632064250083,-0.598542079999472,-0.9482878579634589,-0.5564175766124809,-0.9997827091047228,-0.5123426900943906,-0.999893284258598,-0.4926447064454276,-0.9889675714959638,-0.6250638516368787,-0.930111751592933,-0.5931335572043773,-0.9765034218098484,-0.555408273234701,-0.9829584220801836,-0.5346612679085393,-0.9770251960058435,0.5212900384968976,-0.27723282290309004,0.4604939634606481,-0.2806475806465263,0.4060503079315491,-0.2616124562143055,0.3847252053460639,-0.24056360660522427,0.3631175629025163,-0.22262387884784757,0.4085839632885495,-0.18854460291633013,0.3718137255391209,-0.14539227431631097,0.34875655007507406,-0.1131117996794263,0.33183152501737223,-0.08545854390647944,0.4300620237890653,-0.17803062197696143,0.3925410566238573,-0.13032017819164043,0.3660550898666018,-0.0945755577976325,0.34322690482155,-0.061909808260054905,0.45577811867742984,-0.17209578273221568,0.41678992899709305,-0.12526552533824123,0.3902764478871676,-0.0921761879035109,0.36913418261297304,-0.06267370136321421,0.4847189659300788,-0.1706220004644109,0.4512106800404573,-0.13458874894779166,0.42602779894271575,-0.10780626326619787,0.40414530882572314,-0.08535011368869948
-0.012534966307906788,0.32822873800098834,-0.06272004789572345,0.38121962133492787,-0.098027829080453,0.37971673709999526,-0.12957989196683414,0.3786881023039084,0.06341963297102522,0.3840343768149496,0.10690911234923442,0.3835556505091544,0.14997343859614354,0.3829217261491113,-0.17689895794805777,0.35259722018027123,0.19952235739044238,0.35429395275411535,-0.07913022754230457,0.2630303338692702,0.06829374724779709,0.26016752668399096,-0.4999771351381453,-0.004781666974265574,0.4999771351381453,0.004781666974265574,-0.5927939283966552,-0.4771996941654748,0.7964751086470201,-0.3785911035200035,-0.5459855237054663,-0.8637290662385813,0.5205171499311511,-0.18476664123225758,-0.5258365632404955,-0.98262640751952,0.408382974243532,-0.12570497708595643,-0.4576303014343358,-0.962170296674592,0.38368917306592193,-0.07332578300621102,-0.43170730182130324,-0.9236124966206798,0.39164829635756443,-0.08945727768518846,-0.5604712474793743,-0.839967982982666,-0.45559907228491814,-0.871603129058184,-0.4032939703531862,-0.9185381171623689,-0.3802779496793342,-0.9688206452207854,-0.3635988595579891,-1.0089184501980861,-0.49978261526919143,-0.9810574148826338,-0.45182514806097523,-1.02930893763498,-0.4154322489421466,-1.0194913176437197,-0.4074464882921548,-1.0010275245129736,-0.5590076104446986,-0.9795586344424048,-0.506891059225988,-1.0322150212007708,-0.4627088593017995,-1.0244594088192056,-0.4472000222010423,-1.0086391683148892,-0.6007245862759442,-0.967428638057301,-0.5608191746557962,-1.0160082405425932,-0.5160675918700861,-1.0152443751193423,-0.4962021663119142,-1.0030264456059061,-0.6282437381853563,-0.9500553351009934,-0.5965256208423749,-0.9929597252761332,-0.5583423480160093,-0.9982773478386978,-0.5379746926005576,-0.9911633077982145,,,,,,,,,,,,,,,,,,,,,,,,,,,,,,,,,,,,,,,,,,
-0.01476319601496684,0.328331836846917,-0.061713591977090844,0.3848595049025152,-0.09501358795877432,0.3833723612997344,-0.1287662726554137,0.38233133019071247,0.06490405333758158,0.3876183061623427,0.11119178031257587,0.3870711033846021,0.15508958615628102,0.38627125136459556,-0.1721359161757742,0.3557551380445142,0.21497663269590664,0.35692723477134597,-0.07359789422769666,0.26056433621801856,0.07126448271808866,0.25520043375192114,-0.49989401595709765,-0.010294309607011548,0.49989401595709765,0.010294309607011548,-0.6110011427916041,-0.4908219270128176,0.8465408582407095,-0.3805002349257912,-0.5601822773783437,-0.8912620688199615,0.5389165478631798,-0.1099038732717575,-0.5262742214180878,-1.0109654286199683,0.4279019814183252,-0.024282390899148912,-0.4562937458887123,-0.9903167822706006,0.403906879624259,0.019409563927552647,-0.42967863168915044,-0.950794686956612,0.40804056992038834,-0.010476302705253954,-0.5900344618436887,-0.8652932397776221,-0.4525157832787273,-0.8999820992257995,-0.3979739046215565,-0.9468330871930852,-0.3735775768667852,-0.998272671734418,-0.35609171057473016,-1.040180826561435,-0.52934476296372,-1.0116523246240454,-0.45073538609117353,-1.0616808259189043,-0.41382145069098825,-1.051665126334349,-0.4057418747412854,-1.032177641832381,-0.5901183083980043,-1.007840145661745,-0.5069471661262509,-1.0643076057148178,-0.4621967455575866,-1.0561791286784232,-0.44543288717881085,-1.0402267454082814,-0.6334698510134995,-0.9940562782529554,-0.5619080877155093,-1.0471717320322818,-0.5166177287994964,-1.0466162325103565,-0.496096630554275,-1.0340414652679104,-0.6617241779775798,-0.9751102557537465,-0.5970521784691314,-1.0229521975729459,-0.5576340792112813,-1.0283419843515456,-0.5367265897368922,-1.021072851196684,0.549034402011591,-0.09734866491930784,0.49903864839535833,-0.023174221159767,0.44605541062956355,0.019662213169818577,0.4006184631550083,0.04509934263054673,0.3771858576763501,0.06741184941044243,0.47755119416435565,0.02182394316795537,0.4353681335721874,0.1121423883801391,0.40677961773970883,0.1458234993204949,0.3894520395625116,0.17145699780487283,0.4917760041032396,0.009367491295281733,0.46573742893066145,0.11196865379223711,0.4492043500352872,0.15537936046123466,0.44410869621987653,0.18738185270721344,0.500253412189822,-0.01744991844426529,0.47201083808184086,0.0695315337311481,0.44588289952467497,0.10577828855059182,0.4277507283307943,0.134010617890796,0.5011876934962917,-0.0527947843166834,0.44421911556183535,-0.005074013459611294,0.39839111232912394,0.003213860473121891,0.3651516787566035,0.007731724435457126
-0.009564752827093365,0.33104248772286565,-0.05757615967394919,0.38916750426049446,-0.0912167789902247,0.3876737847779912,-0.12514964777046825,0.3866043682209526,0.07063599960901577,0.3918266651239115,0.11734998892813417,0.39123072362437034,0.1618812303989072,0.3900847655410545,-0.1695247136017663,0.35966360652348073,0.22219719014022019,0.35935110061518477,-0.06982257193430476,0.26099539397814736,0.07618580146683407,0.2544759114914701,-0.49989897060582883,-0.010050830176290985,0.49989897060582883,0.010050830176290985,-0.5961858525651973,-0.4995828309079015,0.8696418591052673,-0.37587154531406325,-0.5483182123527988,-0.8988396680518447,0.5540237259620541,-0.039776775654182035,-0.5266210864080358,-1.021529472185909,0.45017666735999196,0.04979830356940321,-0.456037119573954,-1.0008943792469123,0.4186655260823597,0.09380627933326206,-0.4297185863648458,-0.9610462034922079,0.42011996971097515,0.06282814541134292,-0.5615643806498133,-0.8762918487599811,-0.45119350993938545,-0.9081309975378473,-0.3961203354893783,-0.9576277738825216,-0.3719616649854052,-1.009497453513803,-0.356288666417361,-1.0520828392943253,-0.49602442308273526,-1.0247364848222567,-0.4501690905220372,-1.0734848164748827,-0.41237721446797454,-1.0636655437442488,-0.40421866091354003,-1.0447830584703208,-0.55710935456178,-1.0224084627033303,-0.507157272107765,-1.075721143391622,-0.46189625743847496,-1.0676675831631317,-0.4452966425144369,-1.0515097829379945,-0.6012933758360767,-1.00973697437078,-0.5618607277914507,-1.0591097379799503,-0.5156261667596512,-1.0581325191704731,-0.4957395185127029,-1.0452241773371647,-0.6305575980867675,-0.9914394132554896,-0.5978742890516697,-1.0356957237490483,-0.5581479998789616,-1.0406224466570997,-0.5382013554457594,-1.0323478824358177,0.5695446465682926,-0.02447295464974823,0.4991445340266225,-0.023135101548027913,0.4296397253983782,-0.004817245331073027,0.3558096247034071,0.0004438635377355714,0.29486648833465795,0.0026382085870320336,0.4854482397033589,0.07742020753607046,0.422120254931023,0.11819333738129906,0.3716136716421989,0.14283553385026052,0.32919745036621667,0.16396470620711104,0.5015958730489956,0.09216782678288891,0.496105294230701,0.15683969520143967,0.4796681947493245,0.20151551511073656,0.4609401068773923,0.2365304027397189,0.5152491804140671,0.09417491569416142,0.5050451898705485,0.15831810637868746,0.4800720866011152,0.20720788522558053,0.45714364717403616,0.246019696445957,0.5190072920396116,0.086236090440414,0.4879665332325564,0.13009222018648628,0.45741084668394977,0.16051446160948213,0.42843918315591906,0.1843507299270143
-0.006075179180337586,0.3320094272329927,-0.05427187299384971,0.3915294941094781,-0.08844272810036018,0.39002879861394,-0.12242615187916683,0.38886748686744477,0.07443470665116017,0.3940732383302953,0.12160982581429823,0.39342761559999795,0.16635215014362853,0.3920982458759849,-0.16793492951244493,0.3615551089452811,0.2261046972223468,0.3601532253161539,-0.06700669965411436,0.2609120330163961,0.0800070734797809,0.2539401166972248,-0.4999014864002468,-0.009924912837091834,0.4999014864002468,0.009924912837091834,-0.5974797216710808,-0.5023648973517181,0.882882898214371,-0.36904216964831577,-0.5488198180570353,-0.9044499885416949,0.563067633342675,-0.007426917732376712,-0.5266923399597709,-1.027912770265055,0.46681927352587904,0.0872715740695334,-0.4556797527781254,-1.0071608389333115,0.4368391308198596,0.1259592985403101,-0.42918906943955654,-0.9670331065699892,0.4371428800532991,0.09537803734618788,-0.5612568864395405,-0.882372616619209,-0.45029201631091653,-0.9136742707827,-0.3934139608893246,-0.9627014121994694,-0.36611877778800883,-1.0150929031559817,-0.3507182870686074,-1.0585980951373857,-0.49315232470590575,-1.029926159298951,-0.4473671072605348,-1.0803501270445983,-0.4097815630256453,-1.0748972681111013,-0.40055105641510247,-1.0563128178616212,-0.5550004613987272,-1.0282008807700311,-0.5034988607745571,-1.0836499765550067,-0.45795491545339106,-1.0770802323125899,-0.439663671911446,-1.0622508274982718,-0.599403479783634,-1.016223248664027,-0.5593813282885948,-1.0666760430210955,-0.5132245159818235,-1.0673988479336602,-0.4918777294338244,-1.0558072823482316,-0.6287669041753967,-0.9985498127010076,-0.5956198022485985,-1.043021299150829,-0.5558451861496115,-1.0492730170121796,-0.5351467454935824,-1.0424835914273916,0.593275587973774,0.023152476150884206,0.5146762723718715,0.023100191446767577,0.43432526357282336,0.035868707507155005,0.36530416342476313,0.04595872174623417,0.304829122651957,0.054847121446061485,0.4752288635990192,0.10331488655294019,0.3971606423279204,0.11601929160708936,0.3410894986122714,0.12272480491004732,0.29752731474728794,0.12990305907939315,0.5021852075836267,0.13098392084961374,0.4789795130731953,0.18699904523942354,0.44863929058942026,0.2247456450361009,0.4215646835835965,0.2564763916745968,0.5271113178342769,0.14632076739049224,0.4980403999084762,0.20037708268678966,0.45507124285119654,0.24138416285654968,0.41968679129407416,0.2743145011141977,0.5447010749293238,0.14997353865368807,0.5200247175063737,0.19772036615886335,0.4904888391761072,0.2282043715789591,0.46028928744388403,0.2508976448671999
-0.003000580062472181,0.33219959691158435,-0.05202777183648844,0.3931731797720574,-0.08655851556197612,0.39168350845961275,-0.12029310960157526,0.3904821656736159,0.07726598283601657,0.39556835597385615,0.12398552950457026,0.39485840759999835,0.16883586877540407,0.3932111959586699,-0.16656850831213374,0.3628772515009453,0.2288149294206691,0.3599972515859281,-0.0652660092643138,0.26089405933398585,0.08173546610898769,0.25299983391643105,-0.49989756143461855,-0.010120675457783293,0.49989756143461855,0.010120675457783293,-0.617248331807031,-0.4960129105651457,0.8956057012057514,-0.35693241165246387,-0.5652927869697801,-0.9119221971456293,0.5638486095774321,0.04451140071817562,-0.5257094570280066,-1.033427988409475,0.47966700523870737,0.14663210822683206,-0.4544080652485366,-1.0128245450498155,0.444028785854661,0.17348671116084646,-0.4280491589700023,-0.9723745011567703,0.44255945241982797,0.14168765728902355,-0.5914406280646483,-0.8852292589109944,-0.4430087630698323,-0.9213414470920053,-0.3873399244713182,-0.970209651418923,-0.3626028074870978,-1.0224407238089215,-0.34509252064434637,-1.0655634777105578,-0.5286366503837755,-1.0365066114616492,-0.4411427627989666,-1.0859564631482403,-0.40254147109212024,-1.0801084628862325,-0.39218385936016165,-1.0620101376013837,-0.5902535843369646,-1.032725974106482,-0.49767650875421776,-1.0903091209588538,-0.45099920229301127,-1.0846369260042774,-0.4302427555156274,-1.0701399303975054,-0.6341209142335712,-1.0194564047417027,-0.5534715986391363,-1.0742453656612285,-0.5057771636295304,-1.0762164971148251,-0.48167685688237216,-1.0654121951901698,-0.6627502054973126,-1.0005075940296317,-0.5907950458511235,-1.0506907398149112,-0.5500513934057121,-1.0580921628134154,-0.5276896623039222,-1.0518537144125677,0.599088610788338,0.0268097339519912,0.5173876668449707,0.06675212144817641,0.4413531033870344,0.07186897501004649,0.3658462296305133,0.08128087543306499,0.30043335742306176,0.08944215282818152,0.49037506507299333,0.10787184346973616,0.4004533186196507,0.1623704965939746,0.33741575407202345,0.16950815296437727,0.285827319503249,0.17512312808251954,0.5155892252526801,0.13849995648047841,0.4471775586445763,0.22684610553395543,0.388947868364335,0.25816299526117065,0.3408577051899708,0.281981622403408,0.5384809894805657,0.15523794021995435,0.5104740400187207,0.2512119780291576,0.4770947330564752,0.28870297806362216,0.44858134153541496,0.31689315377587013,0.5529349096479915,0.15808769319722976,0.5321417019357111,0.2511675475888369,0.5115973166437314,0.2839048033994049,0.4920230481138258,0.3087356310658511
-0.002700593056793985,0.32612749403315466,-0.05191833283793336,0.3908924418888565,-0.0851429254827806,0.39009044662977,-0.11779252054183409,0.389151020629024,0.0759596295620863,0.39146254251718887,0.1232572881192358,0.39070683140443135,0.16752688933515436,0.3886414211202958,-0.16383892748440326,0.3618809702909064,0.2321406633750308,0.35621866576816535,-0.06460958793107877,0.2570491164857812,0.08163030630242266,0.24879158247485184,-0.4998693332355279,-0.01143020956364223,0.4998693332355279,0.01143020956364223,-0.5992141462051204,-0.501332654701462,0.918486689624121,-0.338535357459016,-0.5496910574313053,-0.9205931711643848,0.5665666836920581,0.07691169287241019,-0.5263389679782563,-1.0449469433474643,0.4921142902466892,0.18169489303566047,-0.45388484910989035,-1.024947176701096,0.4547596668654194,0.20257078066010784,-0.427278652440536,-0.9840542646043884,0.45168832673888426,0.16936988297071914,-0.5512862018327738,-0.8993464179954189,-0.437798106899537,-0.9325977859399343,-0.38241320207802015,-0.9827392735596245,-0.35618975792250596,-1.0354400138267987,-0.33895104596094355,-1.0794844734742688,-0.48406858913755907,-1.0509589064295883,-0.4366336578051198,-1.0995102650800488,-0.3971894552851468,-1.0950255603520045,-0.3857265466829718,-1.0776185747150941,-0.546234674278569,-1.0489998075122766,-0.49408800105320017,-1.1033522836328729,-0.44649383962007955,-1.0985782634986798,-0.42423677304195423,-1.0844008213075826,-0.5917990468439267,-1.0366114529330763,-0.5520495743144629,-1.0862729202467691,-0.5035392079369456,-1.0888382545994872,-0.47807060607915547,-1.0783856594064718,-0.6218154609944657,-1.017823130376118,-0.5896901958081171,-1.06214655863252,-0.549068354001855,-1.0696935204208404,-0.5260871695849169,-1.063824516903316,0.6016604923898442,0.10398286355104587,0.5232790014303412,0.09586212841629708,0.4478508497191898,0.09979280559412844,0.36848175301617503,0.11018430729365339,0.30121935685514367,0.11770556005530126,0.4861030380132288,0.1757332422422933,0.3826064739313769,0.19387473200682587,0.31534549946767304,0.19866127097581945,0.26110964201952536,0.20161129293040694,0.513820765043143,0.20823971977037725,0.4359725685478267,0.2560446083407091,0.36441585662586035,0.2849126464749503,0.3068448552137391,0.30536676389223577,0.5382046118400415,0.22533484030186093,0.5197737276861754,0.28198853100499743,0.4998544843967739,0.3208176124812669,0.48305207554838797,0.349319958469598,0.5505250408802609,0.22876429018855943,0.5376946963985738,0.2818285110724675,0.5246768458360249,0.31513303470039483,0.512442508467305,0.3401719680325369
-0.0007132923837102738,0.3230024284807441,-0.05022028044022471,0.38897105075166666,-0.08309412576496468,0.388390548141147,-0.11504508813500401,0.38747546464570476,0.0768704756220198,0.38942055428117245,0.1241783345129351,0.3887983484395159,0.16802753115433508,0.38646758350235116,-0.1614767016541313,0.3598456414637881,0.23368385670964492,0.35363981865629107,-0.06279666973547322,0.25472612130515615,0.08282241807202333,0.2466581378065514,-0.49983801631372543,-0.012726250333856772,0.49983801631372543,0.012726250333856772,-0.5853984790230694,-0.5093220334699202,0.9332179942880623,-0.3246507407327969,-0.5388264908799852,-0.929441648159648,0.563583315178084,0.09128160812149312,-0.527598838576656,-1.0555570491765918,0.5008062634702353,0.20849729372674788,-0.45373270670234844,-1.0356530281148963,0.4613314492643445,0.22683238988955656,-0.4271678280544822,-0.9944881586326563,0.45547134942642487,0.18769868264674333,-0.5225523611822724,-0.9106035854682384,-0.433511573952743,-0.9425914321766252,-0.37658037613171946,-0.9921742262019524,-0.34907789106014436,-1.0458311234813396,-0.3309848964796226,-1.0915441521265454,-0.44739832838638005,-1.0601871539140182,-0.4278576026809388,-1.1110515149745268,-0.38788728405318135,-1.1063203868642637,-0.3767912002906537,-1.08744513835465,-0.5102641385865232,-1.0607582560093147,-0.4861820386017372,-1.1151460719125603,-0.43763048430437945,-1.1102406497637674,-0.41476286769028103,-1.0958896845214303,-0.5566339305053357,-1.0501299582901245,-0.5452985175688602,-1.0990397906123242,-0.4953345448688574,-1.1019051368539667,-0.46890918103813417,-1.091717411542929,-0.5876840156191069,-1.0323943139866647,-0.5837418134946651,-1.07547006349233,-0.5419834290387551,-1.0833463235485516,-0.5185608570225242,-1.0774178988558019,,,,,,,,,,,,,,,,,,,,,,,,,,,,,,,,,,,,,,,,,,
0.000112594808675107,0.32208299161442927,-0.04983083230151954,0.3886933415733845,-0.08202547874008459,0.3880763991195741,-0.11361723699839,0.38695382405847517,0.07653820848506651,0.38921166318193595,0.12472300426832285,0.3885948813483947,0.16958874280983538,0.3860480863607306,-0.15999216358884877,0.35822929822479077,0.23853242341875247,0.3519681595130014,-0.0612096540290097,0.25355355067965357,0.08522021589350524,0.2455284801720439,-0.4997790425096798,-0.014862996605921577,0.4997790425096798,0.014862996605921577,-0.6015133912209154,-0.514081313755994,0.9473270237257767,-0.3089448157687896,-0.5512282846431685,-0.9423835735470378,0.5633274882778025,0.1175968450970188,-0.5261867012709903,-1.0683559625789545,0.506936602943603,0.24111672323926336,-0.4518378273645915,-1.0478729430655613,0.46581652907870025,0.26232952094554585,-0.42556075288210105,-1.0064305846306063,0.45853031180918685,0.21957931196902594,-0.5447115990831594,-0.9211325883717646,-0.42783095976628643,-0.955296238534789,-0.370127084041909,-1.0057516427529036,-0.34204977758277005,-1.0596730717590355,-0.32233444264578576,-1.105123468080259,-0.4738688247219311,-1.0738478506667108,-0.4206312365117111,-1.123125225675802,-0.3814887194006,-1.1190490446403458,-0.3705116089662574,-1.1010499774343112,-0.5368117320753532,-1.073113133400545,-0.4805474155132448,-1.1284240482000383,-0.43304774548805364,-1.1246257000751467,-0.409941716669284,-1.1115771503396936,-0.5823267780549101,-1.0616205122123612,-0.5390753535285033,-1.1130167095019627,-0.48951524669063845,-1.1170179611818596,-0.46224818917923355,-1.108500187998628,-0.611901105577607,-1.0432879973275684,-0.5775924956216736,-1.0896770585017124,-0.5360898242756523,-1.098504828804406,-0.5118462827107527,-1.0938793666035196,,,,,,,,,,,,,,,,,,,,,,,,,,,,,,,,,,,,,,,,,,
0.005194484688529189,0.32410692745884506,-0.045138083384935176,0.3916279626013832,-0.07777909819612865,0.3911850324303192,-0.10935045612793443,0.39010741969375334,0.0827149769352582,0.3909901951116694,0.131760400972392,0.3896006803008315,0.17722374090614826,0.38640486118167733,-0.15675056019128633,0.3608409060593592,0.24583131882902373,0.3504903358705181,-0.058002866806520434,0.2553619892263215,0.09052373193787983,0.24715333062717104,-0.49975792529240853,-0.015556866889813472,0.49975792529240853,0.015556866889813472,-0.6318426305228414,-0.5132206433227576,0.9622502502421453,-0.30238573253581474,-0.5752329645467055,-0.9580385471985423,0.5695832364568456,0.12256623086084578,-0.5204952729384732,-1.0809487167811431,0.5188284396774238,0.25345664261435813,-0.44473132030158874,-1.0598169047470287,0.47604784725704374,0.2728934511584351,-0.41881454726808215,-1.0179370696054317,0.46478413950146363,0.22774915733396794,-0.5964897080265116,-0.9278592388673323,-0.4221034823891077,-0.966209953423731,-0.36361607952576996,-1.016771536528825,-0.33504627166998124,-1.0712740291324767,-0.3135508444899364,-1.1165418416987463,-0.5323108025709195,-1.0850761221134466,-0.41501481364332954,-1.1367343349014283,-0.3740239643591806,-1.1339237253976882,-0.3608731759902606,-1.1160563720464438,-0.5959228838015644,-1.0806729420354106,-0.4751392558944066,-1.141832456299442,-0.4267548174607924,-1.1373048835162078,-0.4035305338065946,-1.1236485328964996,-0.6411209112969344,-1.0666766283997946,-0.5340531089389392,-1.1262770100984103,-0.4838539232465339,-1.1291212290396175,-0.45700980575847017,-1.1189180045730054,-0.6699304684038968,-1.0466418162301805,-0.57295075596306,-1.1024379741127641,-0.5308285513152842,-1.110885673747233,-0.5067508802054,-1.1053047211189402,0.5986954502696209,0.06732142512656149,0.5107876659011766,0.14763059062525927,0.44837299215158666,0.16951098387406976,0.3817196325347692,0.18337576983362538,0.321748705854345,0.1990168226815388,0.5615121415014814,0.20041644610040074,0.5229274921329522,0.3214610366715801,0.49619012925906536,0.36468845600939714,0.46259124548005953,0.39460686283910723,0.5652923678240291,0.20471298601417048,0.5708204534302721,0.3412660877479053,0.5556267145930923,0.38980753258746476,0.5270484637868288,0.4214034887307501,0.5490697467383747,0.193787003883069,0.4286625995392389,0.30383020770695507,0.34265069103466883,0.30454022736900155,0.2785794129832585,0.297096467609984,0.5122045768318613,0.17499339423239157,0.3959307418282249,0.25474451729063363,0.3377248788903362,0.24706922585128718,0.2890751369744938,0.2365476859153308
0.005967890488262681,0.3255061293715567,-0.04319534678078565,0.39357233316639895,-0.07615034485844652,0.3932246739563509,-0.10764109666825804,0.3921782573985522,0.08519374203964793,0.3924848132352031,0.13515751253918123,0.3907414406727109,0.18137817404499243,0.3872396297694295,-0.15532043665428708,0.3626761883239375,0.2507017152937906,0.35037891054751535,-0.057798016153560026,0.2563073720690876,0.09230618134271416,0.24806262489608405,-0.4997147942902602,-0.0168856260601409,0.4997147942902602,0.0168856260601409,-0.5700132301348508,-0.5314677129449106,0.9730072020395681,-0.29315007786042935,-0.5167902350677955,-0.9618578240278505,0.5759099680270632,0.13728395707864227,-0.513185974585396,-1.0917233652199085,0.5292322566600913,0.2760224167967788,-0.4367462275889574,-1.070166406276571,0.4854075451788738,0.29557845206005334,-0.4119739122280551,-1.0279654827426137,0.4720636870861931,0.24767779251567296,-0.4802078399409757,-0.9406463931159889,-0.41858901708886237,-0.9743023676977263,-0.3605635813743253,-1.02593876710514,-0.33174381192225655,-1.0808127940806445,-0.3083261884196312,-1.1260164336721818,-0.3964681777473861,-1.090231517639766,-0.4122147190431166,-1.1467188190933173,-0.3699810847568243,-1.1451848936008446,-0.35458443249195487,-1.1281387023709193,-0.4602926167597585,-1.0935038937740105,-0.4723275838440793,-1.1515386808995067,-0.42289316256568593,-1.148036501539691,-0.3975062617053441,-1.1345367044537138,-0.5067187416115709,-1.0847739664037073,-0.5312757166000743,-1.1347657615992883,-0.4804750584919917,-1.1389033237829318,-0.45097135183277953,-1.1294066431851442,-0.5364058782229546,-1.0676809907487783,-0.5677105819474102,-1.109935230105945,-0.5250564159364814,-1.1195234926223476,-0.4986642018917379,-1.114938419507824,0.5821955738012533,0.20388873646763186,0.5077651601715413,0.1538923400664274,0.4530886668381095,0.1819513695937303,0.39641301022805703,0.2039876904883694,0.33737366400998153,0.22159369001294793,0.5328537161924652,0.3297789497071304,0.5627323247710282,0.31704063579481095,0.5635409640452708,0.36060022232969424,0.5523058236387832,0.38881809756295405,0.5346070096340872,0.341369837698653,0.5580562019528837,0.35384043686969835,0.528729354430201,0.40129845729737607,0.49253676972406435,0.4284505924745867,0.5155918658463549,0.33259224964083023,0.41096851716442356,0.31844944982403517,0.3394802528361979,0.3054553798013792,0.295474752015417,0.2858983619873462,0.47477218769616564,0.3110126422231837,0.36839639414182923,0.26558887405076465,0.3206884783045739,0.24911166158923878,0.2921077143245094,0.22891156430376983
0.006517360622692979,0.32448821219992185,-0.04342222779338997,0.39295727805545866,-0.07694331577095478,0.39284739113209394,-0.10823788146771762,0.3919164684798283,0.08593780646385459,0.391410660611684,0.1361649869995196,0.3894896075768025,0.18258450363543147,0.3859692897811314,-0.15698683686862752,0.36253483730644465,0.2511874019230064,0.34979139841314183,-0.058752437664764255,0.25568702541929034,0.09333450848896513,0.24746699152061152,-0.4996868384922459,-0.017693598775381975,0.4996868384922459,0.017693598775381975,-0.5847679100758766,-0.5294224744914828,0.9738551452035437,-0.2826128478658066,-0.5258806674953515,-0.9648279545910851,0.5776173324598157,0.1460813797763491,-0.5095498459055602,-1.0940080903732445,0.529963966085885,0.27691799906501496,-0.4322506277111705,-1.0723109583574701,0.4848376709286755,0.3001062720292981,-0.4079278132657303,-1.0301326259350185,0.4678840867775047,0.2558372588846665,-0.5034006315143867,-0.9457622012185917,-0.4160089304120361,-0.9770220207307807,-0.35499733241012726,-1.02719409379443,-0.32848276587456166,-1.0824428197097777,-0.30652932671029753,-1.1268880619576263,-0.4212474491135681,-1.0968500794216032,-0.4026381519935543,-1.1506331090011517,-0.3616520516870261,-1.1451293732413312,-0.34782368443841366,-1.1279273134350896,-0.4850135334760198,-1.0996927178413898,-0.46210042638118776,-1.1554841656392858,-0.4139473205214479,-1.1485902782937354,-0.3921726526205681,-1.1336402853777197,-0.5309355817210284,-1.09014911428969,-0.522062850280464,-1.140138415788824,-0.47283424665958385,-1.1407241376919077,-0.44700245514187975,-1.129537607890799,-0.5623282562886424,-1.0732838636530582,-0.5621800238407442,-1.1162147204896642,-0.5202338890477753,-1.1235730440967637,-0.4960510574218751,-1.1179159996778163,0.5732551734712973,0.18339957506376056,0.5002648109070774,0.18459641839500554,0.44816545241587824,0.21272747077636572,0.39685449159723735,0.23234802695863085,0.3581067223155145,0.2532050570442488,0.5599827193869643,0.31894757960700704,0.5871648659968732,0.3514167408169389,0.5751381522604416,0.39520257951943266,0.5568236103628824,0.4252686258140116,0.5534888863165515,0.32193248738019986,0.5336361574502663,0.3725319231672972,0.47315603493367564,0.4050981429839229,0.4222895421184949,0.41307658966153277,0.5241678762646206,0.3090470577815295,0.40869652969828296,0.3233212786779222,0.345071345028795,0.30161254293106127,0.31798454644006613,0.27617060397580173,0.47488363433501213,0.284850160118452,0.37660101953845826,0.2800061496322295,0.336960378001814,0.2640861586020203,0.3226850825947407,0.2437103348345396
0.007276756894426576,0.32495081504449375,-0.042398175399219605,0.3938901237687753,-0.07640779969578745,0.39397821112921966,-0.1073419402433086,0.393110344817253,0.08824986927567326,0.3914969466023106,0.1388427212599311,0.3892560700123151,0.18549872682941398,0.3857427838493964,-0.15615295780751273,0.36403344805629684,0.2531323668278569,0.34993732994466686,-0.05900577117914467,0.25634739083480373,0.09460162656079824,0.24808512572366756,-0.49967489352348127,-0.018027778074341385,0.49967489352348127,0.018027778074341385,-0.5999395484775703,-0.5281384587397812,0.9788232092982592,-0.2817419066306424,-0.5369233013910786,-0.9706681726318533,0.5813751794138914,0.15007715270202274,-0.509136957878651,-1.0986379493196259,0.534386746964526,0.28208783475081733,-0.4313955814054449,-1.0770538292977747,0.48850969710020614,0.30761621040467707,-0.4069100942395375,-1.0347376492359406,0.47017879971637305,0.2626712400683487,-0.5243453317877094,-0.9503747205184433,-0.4130013763765822,-0.9825069897821874,-0.3518074163744368,-1.0303777365171252,-0.3250916724965688,-1.0854447266525504,-0.3053118615203801,-1.130875083042318,-0.4482646901920947,-1.1021660350904112,-0.39975789451927196,-1.155090751213967,-0.3581673237985188,-1.1478299241365928,-0.3457146523939454,-1.1279993188600357,-0.5139211151795527,-1.1028999183942014,-0.4597764233696188,-1.160160590430719,-0.41159362510219116,-1.1517415380504554,-0.39199575157140626,-1.135243845659496,-0.5606596881546457,-1.0917447654536543,-0.5202786094560503,-1.1435135611501837,-0.47094194909143766,-1.1428568163670578,-0.44658612322711894,-1.1297718505962293,-0.5921038833583286,-1.074035352997364,-0.5602335543101603,-1.1195356465270985,-0.5181377572987089,-1.1252581142951799,-0.49501836514141234,-1.117655681141017,0.5896650196385812,0.15590229889692098,0.533292323254482,0.1966574196064507,0.4802041292305711,0.23054273370276532,0.4169322130929343,0.252019090776185,0.35921457549217534,0.2721818759587168,0.5781880730496828,0.2987910173846452,0.5825321698472418,0.36493095123719804,0.5635764284767053,0.410792688719235,0.540779254944436,0.4432160819307172,0.5641736171709949,0.3003680877342106,0.517923466271385,0.380210074367132,0.4438769017833217,0.3975249210943257,0.3874784341486938,0.39086798638381076,0.5301069955236682,0.28718579656418053,0.40526697683102464,0.3291821366819878,0.3489320638153342,0.3036606762975462,0.3311827076597057,0.27561497792624035,0.4830397292756554,0.2640902115509126,0.3774298890871637,0.2842239944039108,0.34477104741692377,0.2672646254546598,0.3390425699504195,0.24603837062519335
0.00599680232310979,0.32349919441541375,-0.04338243495650141,0.391959551481008,-0.07734280406672421,0.39240967256647336,-0.10799957067084752,0.3920385200924931,0.08669309896141865,0.38840250908742324,0.13762193072348552,0.3857567315667892,0.18449720494725477,0.38224871551950157,-0.15663625622558733,0.3636430525818355,0.25169587392643294,0.3469219426536746,-0.06068273029452374,0.2559966607999583,0.09386492954573653,0.24777931870316502,-0.49967870132211284,-0.017921926376557082,0.49967870132211284,0.017921926376557082,-0.6314103879139907,-0.5197867679986519,0.9744632533896469,-0.281903398073936,-0.5648560142117058,-0.9747466540781462,0.5827083582653101,0.1521727088101824,-0.5084790127414013,-1.0976607794502797,0.5330121748197019,0.28366940099758614,-0.4309468073955681,-1.0762206780436032,0.4863659095692396,0.30838328603362936,-0.4065033898538616,-1.0339129565340328,0.46691873736543477,0.26419047683124663,-0.5967978786328916,-0.9351164148531838,-0.4157863146518827,-0.9802299299284803,-0.3543577834031609,-1.0295620328181112,-0.32636349289064187,-1.0843108889018025,-0.30488016439507437,-1.1292441933547992,-0.5310606615633765,-1.0933708689681225,-0.3993278576158803,-1.1531339668969216,-0.35738952001242863,-1.1453023371118511,-0.34506663270811,-1.1266967975626403,-0.5962964488048377,-1.0893970607316135,-0.459653049296008,-1.1581533681349618,-0.41012146840340663,-1.1511309609701885,-0.3873878858182944,-1.136350669187216,-0.6406045698801621,-1.0746989320333356,-0.5192479458378385,-1.1416846698571574,-0.4683534160663855,-1.1438244724514943,-0.4406362560247973,-1.1340826659876713,-0.6685079763671526,-1.0541234188009005,-0.5595254748309929,-1.1180438530886392,-0.5172715918174817,-1.1263518445706997,-0.49198814567110183,-1.1215181018286198,0.5892954407262165,0.09316722941444923,0.5764776502067182,0.2204132399468046,0.5447636913163373,0.26748708732487086,0.4888698726250816,0.29327099704653803,0.4274359122843201,0.31005807866887714,0.604398074254375,0.23862679952916493,0.570649108607351,0.3819828545275015,0.5242063520494036,0.4209249091378835,0.4806105784534368,0.44220119180521333,0.5834952722434281,0.2374587323801496,0.49575774524393407,0.3854660283657595,0.41701945887560565,0.3839047531095216,0.3698416361590839,0.36203390260488477,0.5423339524130213,0.2260750927168526,0.3995001078996823,0.3299468170252365,0.3577668419091812,0.2996644932539053,0.35524247862870556,0.27202876959291117,0.4934689144210195,0.2062951443127626,0.3693296563279551,0.284784832634814,0.3494267694287047,0.2652205236573062,0.3594802962604685,0.24566740189975877
0.001997825032928699,0.32258052018965283,-0.046184375384540795,0.3894174766204121,-0.07932848266789416,0.3897235943089618,-0.10961332572705888,0.38969513737176725,0.08043295726207306,0.38614114555080825,0.13066964985041074,0.38359548335414245,0.1779631055761908,0.3805362803602428,-0.1572096093220598,0.3623999998731801,0.24846442726639206,0.3451177564838875,-0.06310893316730398,0.2558815716797389,0.091208267000829,0.24781806001375584,-0.4996806239104025,-0.017868242457244433,0.4996806239104025,0.017868242457244433,-0.6230485540434325,-0.5217141589781049,0.9765546224420517,-0.2764338260633592,-0.5574361381326965,-0.971299771329798,0.575940983916256,0.1477286891921864,-0.5084680603196995,-1.0961246626175922,0.5273807381683713,0.2819790504516574,-0.4309882916236539,-1.074884396471016,0.47835387663821904,0.30678050489897457,-0.40667529310118805,-1.0323220710447998,0.4587176030281662,0.2642549843264999,-0.5727219202411645,-0.9450475326999834,-0.41740487435127294,-0.9785764160375667,-0.3588413200596775,-1.0282897394934256,-0.3305905722915421,-1.0824201388711678,-0.3092727075315465,-1.128393760204954,-0.5083056309141377,-1.101256089070705,-0.40768255353419935,-1.152738957834101,-0.365029305726282,-1.1476505531554237,-0.351096509641177,-1.129786793077015,-0.57156255406514,-1.0987889141817249,-0.46478082229672396,-1.1566905654436934,-0.41489827875913726,-1.1507904389683636,-0.3905786183525305,-1.1363732992325681,-0.6148461733830789,-1.0855396242095383,-0.5212430867374983,-1.1401642814134294,-0.4695841230078146,-1.1429898661122389,-0.4399556811502391,-1.1337619640175503,-0.6421515559723029,-1.0661699319971498,-0.5586294982908897,-1.1163167923259962,-0.5158792008127713,-1.1253072928333665,-0.4898377312149265,-1.1209827019573655,0.5849802153156904,0.11462146170794045,0.5681129782246886,0.22228231789223887,0.5401003311304788,0.2716838898439474,0.4915789503402047,0.3013488486960732,0.4397924238660448,0.3225588073820824,0.5895700930071556,0.26262902070100863,0.5421433089336961,0.3864490726399888,0.47444524229360974,0.41436335413626585,0.41924766664832946,0.4246420656473316,0.5766197351533545,0.25968271372910307,0.4725718546767949,0.3804416980545383,0.39020399017645746,0.3695418686541853,0.3471595006048564,0.34498484778300187,0.5427154040297146,0.24698147279282287,0.3996015235802901,0.331416316943084,0.3545958082157938,0.2982424367948045,0.35086054734981503,0.2709823358720697,0.4993646475437394,0.22587464336641605,0.37564489473662216,0.28513382269706017,0.35632592420083714,0.2630592994914286,0.36729878759029067,0.24291063652090705
0.0026658888548492113,0.32477805081551653,-0.04519669013457649,0.3913128803184143,-0.07862205655985977,0.3916534016570886,-0.10875860808607417,0.3916362186298096,0.08099917968464203,0.3879977126034704,0.1311079438265553,0.38541844107603507,0.17798770322204407,0.3823575491205378,-0.1561550974605556,0.3641399053335879,0.24897739776845218,0.3465757122474904,-0.06318616314583053,0.2580685822757537,0.09083828023747668,0.2498805393344533,-0.4996754526699896,-0.018012273566682026,0.4996754526699896,0.018012273566682026,-0.6014015763992796,-0.5285191053095175,0.9920236303230652,-0.24236694937226547,-0.536768899755102,-0.9698402951488291,0.5540329438491188,0.12003965214037683,-0.508504967759472,-1.0981387314045514,0.5260523908718308,0.2785819776400346,-0.43069105045133005,-1.0781641230783183,0.4747754287070662,0.3036459012477736,-0.4062649641206178,-1.035319153275792,0.45602775461712397,0.262538317246717,-0.4733824988387201,-1.0153597020976464,-0.4212823516875524,-0.9837577211377803,-0.36190276605363425,-1.032672760548048,-0.3340061212660939,-1.0865946284478112,-0.31394320209293164,-1.1322337815348233,-0.3908735383344013,-1.1652789383682154,-0.41203788301142263,-1.1557018727893744,-0.3691499556406985,-1.1504805869017227,-0.3549812278777913,-1.1326477850983279,-0.4540826309937472,-1.1698077833560911,-0.46964712117135,-1.1607706593099245,-0.4189112591444594,-1.154900961974613,-0.39353911498490246,-1.1401123647636846,-0.4982888793790231,-1.1613047845258047,-0.5265648250940036,-1.1445369116773323,-0.4738523366550656,-1.1474573654291065,-0.4438272269740408,-1.1374492433675558,-0.5282635143582662,-1.144526797264639,-0.5648189526275327,-1.1202223084971636,-0.5215488681212659,-1.129510767375342,-0.49474094985541117,-1.1248178595765213,0.5661398619135284,0.16908500688039071,0.5036144964522961,0.2029984668391385,0.45849748434565535,0.2409004249241551,0.4051370801233058,0.26680615164715143,0.36802504562887717,0.28713730778942476,0.5497722985364527,0.3197845710671741,0.5292803216790503,0.39233576610576637,0.44798626307194395,0.4040727650658555,0.3927079686509864,0.39193444328595084,0.5518995182744934,0.31858043947991216,0.4574807117507007,0.37580552864190253,0.37972751331299204,0.35289295309378405,0.35473529579985985,0.32411204328703713,0.5298967801943941,0.30149516955992195,0.4025074160639463,0.32997773400300723,0.3617008654831054,0.29390626398745806,0.36732582859575263,0.26621350242744035,0.49337356638017754,0.27516355941569526,0.382184190549648,0.2748993574955848,0.3631809189289299,0.2502037124244324,0.37914543826391417,0.2315044482094206
0.0036872510369408695,0.3260131879587622,-0.0438902138027551,0.3928289170147703,-0.07758744849738577,0.3933169233376224,-0.10756798921751398,0.3934333680822323,0.0822459847224506,0.3893876596477104,0.13221454784355835,0.3867097622730928,0.1787471616201525,0.38363160682334196,-0.15497344095156831,0.3660446352460485,0.24849723189004713,0.3473746611936016,-0.0634266395980362,0.2594232157366772,0.0913224544630979,0.2508771335614003,-0.49966871188921125,-0.018198306486495175,0.49966871188921125,0.018198306486495175,-0.6017573289575836,-0.5302755992698049,0.9746813272993652,-0.26928212117579275,-0.5367534602226204,-0.9721055678898382,0.5782294360831758,0.15460851440150894,-0.5088934745097463,-1.1000724536285575,0.5221223107629556,0.2849226242977808,-0.43041303415679477,-1.0809610428573173,0.4700910832554895,0.30811967807941887,-0.4057712029883307,-1.038074791756487,0.45204778761491726,0.2676995840163193,-0.5477661141248895,-0.9540179004982927,-0.42844881700110016,-0.9883248528140056,-0.3684763730750806,-1.0366218035222845,-0.34034965922925403,-1.0906147185809505,-0.3212546286838402,-1.1368560131513894,-0.4735885724863995,-1.1092015474364805,-0.41631260401390957,-1.1597483532637278,-0.3719833172211512,-1.1534211074506642,-0.35697654222848213,-1.1361124753056433,-0.5363590907349994,-1.1093271153448419,-0.47450851914395825,-1.1653661901572612,-0.42296712259209457,-1.1591292221964111,-0.3985050177495348,-1.1431635197556087,-0.580075300923658,-1.097609572635992,-0.5323904315652513,-1.148963239359206,-0.47902531457946596,-1.1512846698446972,-0.4494808610866587,-1.1401897415929603,-0.6091245325004642,-1.0787525737266397,-0.5718649511744357,-1.1237850491000068,-0.5282374015498711,-1.1327338360170596,-0.5014277407983497,-1.1274606473687014,0.5742650067438944,0.16777738658751531,0.49755230377457144,0.21214300015957505,0.4493549614268882,0.25222736179662,0.39810052984393485,0.2796464498867405,0.3604077641154154,0.30071730888716897,0.5653697562104925,0.3196722574000714,0.5321460137145638,0.39418677553240034,0.4575467330971984,0.39763549730616604,0.4190355366423185,0.373472383421098,0.5697782348109144,0.31769253086599925,0.4383791319310341,0.37112988672112596,0.380509079622618,0.3396632655637332,0.3834843921355339,0.3110319578245973,0.5518724501294326,0.3021373707940137,0.3989051928868158,0.32343033736286464,0.37218892015696875,0.28540333208963176,0.3921895491114958,0.26203260644530635,0.5172425792858435,0.27768314504742103,0.3907165728548925,0.2747675477881512,0.3791017901450254,0.24860679279291725,0.40163517523266906,0.23343546910131233
0.005109295655042946,0.3268847172695618,-0.04258469987113945,0.3937933307387906,-0.07655160379638747,0.3943572458698138,-0.1066019591073652,0.39457649074966294,0.08384108018475582,0.39028408188803365,0.1339497636289126,0.38761005954844713,0.1805546044883178,0.384593695810735,-0.15410107953738425,0.36716954999534895,0.24893954444363245,0.34806630113201353,-0.06244673896166143,0.2607239983221857,0.0928720396134434,0.2517108379846543,-0.49966120209594767,-0.018403345348945985,0.49966120209594767,0.018403345348945985,-0.6149346621114085,-0.529362908712501,0.9755308830353516,-0.2685276521943277,-0.549523066356759,-0.9763456415246755,0.5779530829194686,0.15689291688922657,-0.5098723078069491,-1.102389829758263,0.5189397803245038,0.28564621922042477,-0.4304244841381539,-1.0828340764302768,0.4666764919438933,0.3073414815267112,-0.4056925638033043,-1.0399723262196923,0.4504543669948122,0.2676185677721915,-0.5780555482111931,-0.9572716896628582,-0.435850129527835,-0.9916932063650808,-0.37432224785378104,-1.039942758103309,-0.34643098883870777,-1.0943345765835626,-0.3280594156992088,-1.1404115579475345,-0.507504906190446,-1.1130929449577291,-0.42261292880031165,-1.1633002742678404,-0.38022406051855184,-1.1542330096835935,-0.3677557139903174,-1.1364166600628476,-0.5708003805372919,-1.1119729702955774,-0.48038511906708625,-1.1694413349966803,-0.43022619893574093,-1.1613535194659628,-0.40894347631232697,-1.1446090660474384,-0.6142914080252357,-1.0993352900914568,-0.5380635729986598,-1.1531764173728334,-0.4861679107064154,-1.1537889888979052,-0.4596669769612807,-1.1420733609442666,-0.6424340164169098,-1.080283262471778,-0.5763065006408746,-1.1285589435306518,-0.5331099362179104,-1.1361335380708117,-0.5082026033445168,-1.1302669908950607,0.5769743294611231,0.13892983856817243,0.48887811344157645,0.20555962442976247,0.4420475401831156,0.2447843299785552,0.39616248126233494,0.2746367327804127,0.36587691179346143,0.2963549509238912,0.5749425508657343,0.29200778317614223,0.5162734099306481,0.3919566974167766,0.44715654473152744,0.38414256370591643,0.41876849145722084,0.3566705814128915,0.5796801774165277,0.28914698149111306,0.43086954459038174,0.3619030151728725,0.37603437071102486,0.32740288707284715,0.3814680839130525,0.3008606161861021,0.5626746073049272,0.2736651595886749,0.4011909740339282,0.322052679887272,0.3784289306847946,0.2829810132530932,0.400679125403203,0.26005778000367596,0.5284749470508293,0.24986510282248212,0.3937103653489387,0.2752695154230122,0.38431677023127453,0.248845350655154,0.40747904361145293,0.234382341490902
0.005263802416237145,0.3269707196433535,-0.042418029022299894,0.3938709199605662,-0.07649640825249032,0.3944417197737808,-0.1065451670583796,0.39466681220959526,0.0841465564923212,0.3903765803287506,0.1343280286168242,0.38771806065076486,0.1808908861283192,0.3847003579950087,-0.15402436539505265,0.3672867213733286,0.24877397344537797,0.3481708336036416,-0.06268799382616633,0.26078921801255495,0.0933603734714129,0.2517708804215504,-0.4996623684081126,-0.01837165198874399,0.4996623684081126,0.01837165198874399,-0.601949204158129,-0.5325776036878251,0.9665578972218413,-0.27762686806938536,-0.5414433009906849,-0.9742898995406949,0.5848051933383318,0.16239513431569394,-0.5137412930344619,-1.1018431116627272,0.5156376094643443,0.2819003264642246,-0.43218296682313345,-1.0823422126812268,0.45964000167386,0.30367373571927736,-0.40697619086880465,-1.0394616877449843,0.4447955464906739,0.2656687162700845,-0.5735695245983007,-0.9375214734692228,-0.43934017427411126,-0.9917160135701252,-0.3792806711646118,-1.0402467246492706,-0.3523566711729758,-1.0949636513082697,-0.33569708589300223,-1.1411827146448863,-0.5095113721444667,-1.0925280251108145,-0.43090852439552335,-1.1643269750980993,-0.38846936696276635,-1.1538015330163018,-0.37685972133019074,-1.1351156999004066,-0.5734766216700444,-1.091230423170507,-0.4885952404645177,-1.169654245928426,-0.43797389812545934,-1.1600550434152885,-0.4175531230532516,-1.1423126270993893,-0.6167262732291316,-1.0782637478421515,-0.5467170853331222,-1.1529750711182847,-0.49439515550042373,-1.1528580746249466,-0.4682407620188229,-1.1404335294922023,-0.6444018954472285,-1.059229474906905,-0.5848724159543465,-1.1275203274805994,-0.5414463787512633,-1.1349060794502024,-0.5162463405971197,-1.1290096308696687,0.5752360517601461,0.15859656354017293,0.4860907751808883,0.20431164593727774,0.4430199281850955,0.2469048577643911,0.4047573750399376,0.2781582686972075,0.37728911052223585,0.30093536063169,0.5805961580352021,0.3212928370911772,0.46443066078820777,0.3839595327055174,0.41963410511783766,0.3497409905949326,0.42847659444228203,0.31899382968590284,0.5824557374830843,0.31636516863710645,0.42209365173356617,0.3638615897631677,0.3855321851783584,0.3200369409738234,0.4039588209439218,0.29264853186572326,0.564603666198124,0.29997534764410333,0.39704434066504546,0.3248736833141288,0.38179362108551135,0.2815111977078536,0.4112817283698229,0.2599362624187481,0.5306709440858451,0.2754171319643956,0.3929354471101711,0.2736486008053952,0.3893371290804368,0.24483826631007702,0.4183108344345649,0.23270041041607428
0.00480395199253163,0.32650117850530475,-0.04241958038214605,0.3934086634206069,-0.07674189033864164,0.39400418125171116,-0.10664973094109607,0.3942474467082841,0.0843860330935587,0.389949368726933,0.13459630619702168,0.38731571233388484,0.18127465439354531,0.38429835543272645,-0.1539708523652129,0.3670248440936368,0.24885353200191979,0.34786993568377406,-0.06337085942755005,0.260335636593326,0.09349958573014167,0.25130602884240716,-0.49964990140966015,-0.01870764606563012,0.49964990140966015,0.01870764606563012,-0.6067869267072453,-0.5321913912497054,0.9673402210892074,-0.26951083755525795,-0.5523448231447308,-0.9743381467816209,0.5730257183077366,0.1532026609858469,-0.5223205114829493,-1.100230424441516,0.510806501179301,0.2805408128293777,-0.4363154402848634,-1.080839821422053,0.45371632488455954,0.30298313274779815,-0.41038978199392173,-1.0384802254428445,0.43998314126058763,0.26562391480180814,-0.5681817888036991,-0.9579107336758076,-0.443682040781529,-0.9922673179428999,-0.3848296874568041,-1.0413426711674847,-0.35973782068630494,-1.0962591824198593,-0.34423081257546867,-1.1416991563615648,-0.5043932158575333,-1.1144530509616988,-0.43851098590694265,-1.166121835136187,-0.39625226522393603,-1.1533058887415983,-0.3868852140079489,-1.1331334085809341,-0.5688884133718227,-1.1131916609448458,-0.4948650429268014,-1.170301192253472,-0.44535444919740763,-1.158637512128902,-0.4281773621620689,-1.1398960468402568,-0.6123624616183084,-1.0997934253659833,-0.5519456516676764,-1.1525914420561265,-0.5014260553879007,-1.1506977319595078,-0.4788254964481391,-1.1364432830420483,-0.6394721685164436,-1.0801800699533461,-0.5905811812994685,-1.126750019837271,-0.5479113053885606,-1.1326293232863462,-0.5249485105397981,-1.1251407156788515,0.5712605020720932,0.14814090068800326,0.48016969616833366,0.21059400723708435,0.44328186744154413,0.26536617322025446,0.4107224000839965,0.3114678059089246,0.39183754628153317,0.35010807771958974,0.5781359971021359,0.31748092297025027,0.4560205246401149,0.37895849562948536,0.41373825945498444,0.3454376139025271,0.4208823103291013,0.3176246516162513,0.5802202239047924,0.30900530037906965,0.41370431543778824,0.354757076937543,0.38842933400589474,0.3111077330990588,0.4142502483810275,0.28751148298820794,0.5632413864473993,0.290166015105341,0.3988438243799712,0.31429164863361625,0.391417073088127,0.27422223386364547,0.42477023143599807,0.2590765465044837,0.5326811089657668,0.2645426320142534,0.3971369727701729,0.26846789098767987,0.39976963080977407,0.24012164156849286,0.4335574056915497,0.23099519353322015
0.00549918110572491,0.327007595772117,-0.04189721110297843,0.3934293155826074,-0.07640121278597903,0.3940445980989989,-0.10630906905001156,0.3942757659148679,0.08547683793714467,0.3903102975572646,0.13611049491933694,0.38772567827688603,0.182819874353449,0.38469070614572165,-0.15379425033702024,0.3668766379851835,0.24932164579780045,0.3483479300828587,-0.06299015091531171,0.2602595116081931,0.09434051765021874,0.2510322709924798,-0.4996196386019332,-0.019499146731937585,0.4996196386019332,0.019499146731937585,-0.6134515551336036,-0.5315702780828604,0.9601155806087764,-0.2700428697593465,-0.5610875812587235,-0.9739188449305645,0.5699294379763774,0.15395393753595926,-0.5316921343167219,-1.0988970290809772,0.5085929108324657,0.27956044317188017,-0.4433415092949709,-1.080330334098759,0.4510502652800227,0.30170146024874556,-0.41555568703830903,-1.0380217557899676,0.43798537263686255,0.2648618980589071,-0.5893173513893142,-0.9566186819379725,-0.45144935845673534,-0.9924493675193279,-0.39177527574242443,-1.0426975783808918,-0.3665155734952426,-1.0984712658952702,-0.35051473309128683,-1.1441750486876008,-0.5271569134665374,-1.1144720740749046,-0.4475948140366962,-1.167095820270802,-0.40434388154114864,-1.1564875641503507,-0.3935980730810172,-1.1370565278782003,-0.5920452333053463,-1.111887144409511,-0.5059993876801296,-1.1704468798564582,-0.45550894157306715,-1.1611346363883654,-0.43554587814801593,-1.1446100069934133,-0.6351272144593725,-1.0979311415496167,-0.5633471466145866,-1.1519393498551913,-0.5118497308387585,-1.1521522106446056,-0.4869453513323113,-1.1398017913157188,-0.6611769465252738,-1.07770748555588,-0.6002863572779683,-1.1266905486101257,-0.5569847892115222,-1.1340792644872466,-0.5325990810500395,-1.1274990950762493,0.5694723190503349,0.12992603348359383,0.47336686338334005,0.20650642053187496,0.4361887876316027,0.25946065954471487,0.40422571800675916,0.3044322028857353,0.38612422953088205,0.34181398591365963,0.5806411636074523,0.301096867990564,0.4471325616187148,0.3725711217776775,0.40682098864798405,0.3403362760237381,0.41565512747746075,0.315128166305656,0.5830774802175693,0.2917716707287937,0.41095571378653684,0.34748350557916996,0.38861232085359027,0.3066768107565959,0.4153359195070959,0.286094220913566,0.5661191943450937,0.2721124847779095,0.3989709357042046,0.3069672267671729,0.39387143027148863,0.2697766689519437,0.42769216379894553,0.25647761279767656,0.5363166590394615,0.2462420132423901,0.3975148613910023,0.26472259823033806,0.3976972659454965,0.23743580887208027,0.4284958422603073,0.22820756969128764
0.006476864179376205,0.3289336687596388,-0.040919215566529506,0.3946621449810576,-0.07606423599666434,0.3953226189269419,-0.10597215410917524,0.3955882732660628,0.08691778038056906,0.39142668818667764,0.1376255510607779,0.3887182123682729,0.18429199684958078,0.3855644825666927,-0.1534881611428858,0.36765112418562607,0.24965960928201844,0.3487458897351228,-0.0626952146704267,0.2615974511462601,0.09484629738266295,0.2519102225231446,-0.499620035484072,-0.01948897490620294,0.499620035484072,0.01948897490620294,-0.6043850484189752,-0.5335578094196393,0.9361013349482793,-0.2964460774440376,-0.5572180209440205,-0.9700487523982827,0.5880751074923195,0.17238453448454594,-0.5462019246285933,-1.0959415377973427,0.5021762094727176,0.27636090807775127,-0.45395445406941287,-1.0794266098236218,0.4462672896937132,0.2976445478238043,-0.42423628905627403,-1.0372525686624512,0.4338667581996651,0.2607716922638175,-0.6320645805360289,-0.8927817779884295,-0.4552177270059777,-0.9931770849305122,-0.39558831487858453,-1.0431817288299996,-0.371979284189745,-1.0992430336638068,-0.3561821722169379,-1.1453666857183533,-0.5790333643913332,-1.0527367920666482,-0.45085365539555217,-1.1677429870616236,-0.40846006656940653,-1.1556190123874057,-0.39966034981107307,-1.135957636803418,-0.6432245024710304,-1.0466220754373161,-0.5088273885058809,-1.1714595262204421,-0.4591308853302639,-1.1611849784647528,-0.4423107711217196,-1.1431770348216528,-0.6859619041708894,-1.0303284202882046,-0.566285043120944,-1.1531835147119573,-0.5153085387750017,-1.15218697804008,-0.4933405394955558,-1.1385773947253621,-0.712289697811131,-1.0085680374128092,-0.6043709036911706,-1.1271051969799741,-0.56133540010386,-1.1334476527139619,-0.53917481807356,-1.125950449500243,0.573378040730788,0.1432179030208954,0.4689987122979572,0.20657920578369401,0.42833945015506303,0.26140636644619075,0.39277955288266087,0.31011848380629364,0.3751365094431558,0.3499206944503576,0.5895210303413995,0.3147983278101694,0.43881731669222857,0.36806541845258833,0.40541427964935495,0.33342931916397095,0.42232178015366273,0.3103187232611573,0.5931416185535445,0.303970904750115,0.40890656892823585,0.3431521681057405,0.3926190949986305,0.30176834873340214,0.42575497965159875,0.28550218041495434,0.5754406416201745,0.2841269695425403,0.3972643840313271,0.30393885787007846,0.3948493597166003,0.2667567380481328,0.43309093434337304,0.2568604481155337,0.545350536182333,0.2589597907976442,0.39676669827069344,0.2610589851142702,0.39922899441017606,0.23363699905361987,0.4334694418415941,0.22654805629120353
0.01032678098317266,0.3309457179625839,-0.03732230563537092,0.39644954619181827,-0.07458191882631765,0.3970725601584386,-0.10512175063183574,0.3973474584150777,0.092043033423643,0.3928775328885406,0.14195037926788218,0.389944341865673,0.18753955939796613,0.38667019047485535,-0.15281942701487,0.3691357752225363,0.24990868220433907,0.34940616759637777,-0.06194916247029973,0.2628331851514299,0.09749132717046433,0.2525173451854328,-0.49962080050694996,-0.019469352860187878,0.49962080050694996,0.019469352860187878,-0.6014116562216278,-0.5340493527022762,0.9495628517072261,-0.27083269113896685,-0.5579863430435842,-0.9696185682065375,0.5548598745842237,0.14788511147034528,-0.5527988864742942,-1.0954522883640891,0.4983336709578559,0.273393804376214,-0.46162809756441514,-1.0792216429911692,0.4430972593334309,0.2944563024598054,-0.4311265385185986,-1.037083916971303,0.43097910519209603,0.2575427249375518,-0.5676843275453556,-0.9573069702254066,-0.454953078667507,-0.9934535117222498,-0.3975307100525618,-1.0441368793702641,-0.37348435114032397,-1.0998935509216758,-0.3583545468187333,-1.1459351400319278,-0.508583615215845,-1.1130187778530711,-0.4547946627230031,-1.1657989103211706,-0.41146498984338764,-1.159438684872808,-0.3994594075365663,-1.1404952496519105,-0.5742832169311182,-1.1106936244995493,-0.5144700488595978,-1.168596857059484,-0.46333822430986304,-1.1627741974816252,-0.4401440999141973,-1.1474425043526089,-0.6181137221520893,-1.0970049975848515,-0.5730344433433772,-1.149416505135869,-0.5210795880567557,-1.1528525253397286,-0.4934661247386801,-1.1425494568272407,-0.6447333417426969,-1.0765476667136282,-0.6103715172718939,-1.1234795134951991,-0.5680351889098372,-1.1330403400744313,-0.5427226672646895,-1.1282233804593829,0.571614690361752,0.15493279056443454,0.48734822410038436,0.19994322000650958,0.44111988888328424,0.2467256782227672,0.4019472201188198,0.2863181825208276,0.38272647379338903,0.3137572551773064,0.5738187021106532,0.32105836650194125,0.442382723550133,0.36557940382974535,0.4111628014450483,0.32916853068600666,0.4294573469857011,0.30509546404362925,0.5770199688547349,0.31241554534481186,0.40896494661835997,0.3393061527144369,0.3966459436902434,0.2979690761871972,0.4300537364238334,0.28203412948379764,0.5595635967515464,0.2926801136030466,0.395691787150553,0.29800568491386825,0.3993894349476336,0.26124503202711785,0.43786154580625636,0.2528904213908716,0.5285208941642104,0.266882942337765,0.3982994933126542,0.2573834769765327,0.40501070492797575,0.22954603481255142,0.43848639020921026,0.22395737987960718
0.012604011543447521,0.331050753106964,-0.034713174624886295,0.39654412249035076,-0.0733050980271532,0.39717029417550853,-0.10452317246752964,0.3975090618671336,0.095348518899545,0.3927220981853779,0.14463306768526263,0.38978023822150154,0.18922024836615586,0.3864942913480747,-0.15172292027760384,0.36941328523619726,0.2497850298905227,0.3492285154648385,-0.061666898544679376,0.26286486209995485,0.09847148161122582,0.2523748656743505,-0.49962553756175193,-0.01934740851200585,0.49962553756175193,0.01934740851200585,-0.6014349115339575,-0.5334491561013922,0.945627665209857,-0.2708882374382069,-0.5635823178669336,-0.9686951186456718,0.5507683218846022,0.14580433453860558,-0.5614305279905419,-1.0940684202455278,0.49490140714174025,0.2714103519226987,-0.47214155410501873,-1.0781625041748772,0.4410848846835667,0.2921684336510813,-0.44149022571203955,-1.0361187823465245,0.42941019869063574,0.25530442494677436,-0.5757560129914928,-0.9555061177995984,-0.4592351367112332,-0.9899144347471343,-0.4012637232638478,-1.0415404783297868,-0.37644076168708496,-1.0976726475102887,-0.3593319959066592,-1.1437007960158998,-0.5086158469835088,-1.1098999919343926,-0.4536324210929467,-1.1625292898854471,-0.4148568184466927,-1.1584307909175227,-0.4042214577687203,-1.1419674374308442,-0.5738015328550221,-1.108574841768723,-0.5157740182810796,-1.166154004450499,-0.46753735542666924,-1.1628788622384831,-0.44478240604397273,-1.1501296111118375,-0.6180067687550364,-1.0956390440071775,-0.5739867912418308,-1.14799161795694,-0.5246675013140378,-1.153860793148178,-0.49688904927746474,-1.1470223567155928,-0.64524577729247,-1.0759384061798118,-0.611843665217029,-1.1225760622581735,-0.5706574594971998,-1.1338481083879846,-0.544962727970129,-1.1315410638383947,0.5732433474239736,0.15503583724816813,0.4956419420122945,0.19996677238749147,0.451749584172909,0.2524365353571733,0.41350806425147896,0.2968332215461125,0.3917873703041559,0.3294135975648565,0.5731736989142626,0.3196393684013412,0.4420129219859919,0.36510172665652585,0.411337324661228,0.327277599116681,0.4317617916903509,0.3040537274287468,0.5760439156617061,0.30981227950969203,0.40874852778715126,0.3351241104589128,0.3977826275827822,0.29349990038803747,0.43380802833603505,0.27975354523871643,0.5582444826787769,0.28970148011260866,0.3956878530735286,0.29461976198689804,0.3994285930795787,0.2574178167187669,0.4390042393469275,0.2508223189423692,0.5266809084115885,0.26410440610213737,0.396490390078026,0.253349279908063,0.4045408601825856,0.22503159215430066,0.43979879752453677,0.22029665707287802
0.015649132773568476,0.33120476089000916,-0.03244501523624314,0.3966442712634923,-0.07212340979788746,0.39722821302921835,-0.1040047036637336,0.3975655241003759,0.09839588985792608,0.3927671038798529,0.14718010556870242,0.3898754627868332,0.19090847508145994,0.3866573059055833,-0.15071016308591187,0.3695105767477731,0.24983178659878152,0.3495796610823883,-0.06087148640281894,0.2629666149379565,0.10016623321735653,0.2525586335458849,-0.4996241704148786,-0.01938268137395651,0.4996241704148786,0.01938268137395651,-0.6303914686465399,-0.5263756861665364,0.9405435507510744,-0.2709913300222438,-0.5912453185045811,-0.9708445742304639,0.5496209455202984,0.14515636370271434,-0.564756181306211,-1.0930333577478617,0.4939679404048291,0.2704273180096141,-0.47615397972147727,-1.0773026375475547,0.4406890671269749,0.2909885121166743,-0.44552518779710537,-1.035304461245802,0.4290283346715154,0.25420167560741175,-0.6289650165986234,-0.9469302159262688,-0.45981988624617504,-0.9874077838729212,-0.4018649116074274,-1.0400095022690043,-0.37662296586375127,-1.0958716037107106,-0.3574196522676628,-1.1419155198910433,-0.5716261146189934,-1.1071545210774953,-0.4565444313247728,-1.1599326394950222,-0.41781735031093253,-1.1600040959639368,-0.40438594233349096,-1.1468053678538963,-0.6364107634447821,-1.1015364181819685,-0.5195114067047271,-1.1633813171870877,-0.4718056397583826,-1.1630499435215402,-0.4458871619377197,-1.1525088064665931,-0.6796325505192117,-1.0860259630596054,-0.5767283161538026,-1.1452853089771022,-0.5276650838996759,-1.1531642047012338,-0.4979922557988306,-1.1484247848539402,-0.7054633175711884,-1.064632623056072,-0.6131751842914948,-1.1199626062130665,-0.5729053743067132,-1.132854000922232,-0.546493718137551,-1.1324742560851067,0.5757479138063393,0.09495137709738426,0.4869176241656826,0.20165339386181844,0.4443000062255008,0.2556899299198895,0.406228531047896,0.3013584608965868,0.383374252765813,0.335489491724471,0.5884236705298332,0.25962116956362563,0.4418856827191412,0.3647183015344549,0.4097384927307332,0.3267204003620312,0.4288923141066321,0.30295267506302737,0.5921906020025426,0.24855181921284697,0.4096700672451021,0.3348964154885757,0.3962998602177942,0.2931731452185973,0.4309028940315127,0.2791404399821081,0.5740363744245403,0.22863568052461736,0.39535934195291733,0.29434817024490906,0.39708442816469125,0.2571756930132301,0.4365536433594607,0.2501938022597148,0.5419940962966794,0.2046433502370856,0.39530121350638603,0.2534604548734995,0.40164668081102123,0.22542062091699488,0.4371342634996707,0.2202269272600589
0.01841490963639954,0.33086510394718727,-0.03098587417365709,0.39633445418336954,-0.07115758075125485,0.3969259371930063,-0.10337962619385949,0.39728301829144264,0.10021876954356794,0.3923693765282547,0.14873465293743912,0.389560537762312,0.19217852387174478,0.3863793452521606,-0.15028217037101585,0.3692753100433773,0.2500032508708311,0.34937123444067225,-0.059665744842721344,0.26269299343037184,0.10197927398286008,0.25236221061456904,-0.49961787930956564,-0.01954417238494124,0.49961787930956564,0.01954417238494124,-0.6020430481461682,-0.5324368859934427,0.93658919173851,-0.2712743112736635,-0.5658259607814716,-0.9676002989790952,0.5490959393870896,0.14500862539006412,-0.5641484598518114,-1.0926109302953058,0.4941364935404957,0.2696400551725215,-0.47572797517433785,-1.0769293677328389,0.44094535446309935,0.2902050047189155,-0.4451054903658491,-1.0349705540911118,0.4291837571482623,0.25340158056217943,-0.5749400781530903,-0.9531236153624445,-0.4597075507837987,-0.9879536725794376,-0.3999412056874035,-1.0388848751000868,-0.37236735678418403,-1.094361266804668,-0.35315511543426065,-1.1412873839785598,-0.5068728840724496,-1.108898501481595,-0.451964568387789,-1.1600768054504185,-0.4128021844873148,-1.1580189824396248,-0.40039913605004257,-1.1417448163201411,-0.5712248410619675,-1.1074689320352051,-0.5143969032100504,-1.1641213589660058,-0.4665141705876512,-1.161047116478015,-0.4420059733091755,-1.1487537986804761,-0.6164562755797053,-1.0951654463077365,-0.5717915890257339,-1.1463983665858974,-0.5225639505367694,-1.151777450529346,-0.4942249752817633,-1.144908744100289,-0.645232762333981,-1.0758243835108643,-0.6092901260738822,-1.1211472463944616,-0.5672262299889614,-1.132028549987898,-0.5415007032382246,-1.1296214067068187,0.5643103166955935,0.1546675777989065,0.473657369623061,0.20558458671940863,0.43059149667161895,0.2648897643162891,0.3943021962535426,0.3173891521444134,0.37376198175301883,0.35950314084739704,0.5660766313805599,0.3207577665793135,0.44053963330801876,0.364660978935922,0.4086737559252445,0.3272667357976261,0.4293846256415714,0.30322991545034983,0.573698013634959,0.3087355382442323,0.4117746010380722,0.33387979141701707,0.3968397795500084,0.293036918460536,0.4326365371419291,0.2803677607713839,0.5582507284784279,0.2870442310721336,0.3966052116317887,0.2948449009073375,0.3957346708227696,0.25823504093506294,0.43694143116547685,0.252060077839509,0.5281201224680176,0.26064762094602306,0.39363883220456464,0.25222691489386906,0.40083158433522464,0.22473167031427096,0.4400822839699471,0.22007318133969145
0.019269042397804595,0.32978850363134155,-0.030460441289785284,0.3955269164606338,-0.07079323531713412,0.3961697627057228,-0.10312903201189427,0.39664866158629236,0.10103720966662036,0.3913560490444463,0.14944515812037226,0.3888100526741831,0.19283943686604024,0.3857398561778911,-0.1500841877770159,0.3689569892749355,0.250039145711455,0.34913147168794506,-0.059330941614852015,0.2614966271935235,0.1030734425714955,0.251538318246627,-0.49961432701886554,-0.019634771134040014,0.49961432701886554,0.019634771134040014,-0.6020217334220013,-0.5322371975401625,0.9362195997627037,-0.27153309323423447,-0.5653630280430973,-0.9672049464176872,0.5490247107247037,0.14440585089425367,-0.5633148475570021,-1.0922063904782997,0.494104168935638,0.26892719301924306,-0.4748029344439906,-1.0763641052038224,0.44061949409514095,0.28963898881868055,-0.4442481570441555,-1.034426394250573,0.4292103837231508,0.2528133906646092,-0.5705335927240082,-0.9527698207091249,-0.45484964411339707,-0.9879512989364173,-0.39457741563089743,-1.0379563237158942,-0.36769635351759405,-1.093369246899059,-0.34849094858364893,-1.1397084799614938,-0.5017151930193685,-1.1091639492719412,-0.4499556991254556,-1.1601193460589518,-0.4112320119743657,-1.1569763439896001,-0.3997401811962897,-1.139856829094976,-0.5666916986379417,-1.1079718461679868,-0.5117686677694552,-1.1635236599828347,-0.4653460090617652,-1.159787842164753,-0.442602211792468,-1.1480479331377331,-0.6126298165517081,-1.0957918264147055,-0.5689775032394131,-1.145522803549948,-0.5212263398755068,-1.1502156724053427,-0.49444309858344243,-1.1429556914892647,-0.641779425649165,-1.0766686440709623,-0.6066600914380795,-1.1207807733216004,-0.5654983509942769,-1.1304171613300684,-0.5405647446198388,-1.1271235699557558,0.5662171141617015,0.15442008115880512,0.4722503834979192,0.1949547395271841,0.426182501577013,0.2404064913221184,0.38950110409072236,0.2793189336626219,0.3764925112829004,0.3044262777806347,0.5635732140008853,0.3178200141441746,0.4384976368581889,0.3604488179986203,0.40570252204096974,0.3230593603864147,0.42337714313109825,0.298930224480792,0.57322354085411,0.3080218359733521,0.41264556017746074,0.33414820920625676,0.39720065643252067,0.292482015333164,0.4311127041551847,0.2783732494213308,0.5596537436062026,0.28704520212353724,0.39915458377788005,0.2977787763407114,0.39769249852607863,0.26041719641801925,0.4388147455764039,0.25179253622480874,0.5305963963859448,0.2609999728797519,0.39848999957251574,0.2531285081192876,0.4043199213920072,0.2250087141475462,0.44259847817333675,0.21872063577599218
0.020285012600290996,0.3292189573058592,-0.02990953162587441,0.3949195835594421,-0.07032194907823625,0.3955163539811616,-0.10268061888732881,0.39600832893010346,0.10183852425362434,0.3908874450918254,0.15038129616638085,0.3884774808491827,0.19381835637022507,0.38545781256634487,-0.14990590277958737,0.3684953719354369,0.25032483804378525,0.34895532746856633,-0.058822801543969974,0.2607639677638122,0.10474004890615514,0.25104717234487317,-0.4996077321760729,-0.019801867333193154,0.4996077321760729,0.019801867333193154,-0.6014506090897612,-0.5337828706646129,0.9366771492697821,-0.27211943606206296,-0.5636782250548505,-0.9661932833336866,0.5478362005783073,0.1440113647053722,-0.5574883279048677,-1.091479131358821,0.493271751463563,0.26841403727657964,-0.4691878615211773,-1.075241926802377,0.439493268394651,0.2891655306740094,-0.4384256645157289,-1.032907125942345,0.4280829980335,0.2522926134778365,-0.5656337715868174,-0.9513108338586689,-0.4495573646327875,-0.9873610153949456,-0.38981797578716154,-1.0381354583033444,-0.3637251466826913,-1.092633332446063,-0.3438360603325977,-1.1388757856958829,-0.4970616333081922,-1.108606765802632,-0.4448238260862951,-1.1586566773529583,-0.40668059541393636,-1.1571602328229742,-0.395116945602913,-1.141174363294794,-0.5615566970857786,-1.1067414644226576,-0.5080153303555882,-1.1624447352257512,-0.4613007585774991,-1.1600252365848733,-0.4376771728003519,-1.1483938510924738,-0.6076562587237849,-1.0942321266684079,-0.565270718283579,-1.144610933503947,-0.5167277805552011,-1.1499672340708265,-0.48876355634666685,-1.1432749570416536,-0.6373059158168892,-1.0746685363832866,-0.6029549298617658,-1.119487255253143,-0.5617475508661062,-1.1296572662195021,-0.5363840617727316,-1.126992982267409,0.5651508335892463,0.15279030696919998,0.4703047955474909,0.19923277531243447,0.4296610653031594,0.24981383575227814,0.40337497809185,0.2929855909617486,0.3897339901748801,0.3236294785212685,0.564998780664346,0.3153605851091243,0.43916031062671196,0.3571520910853652,0.4114099056620809,0.3209225385005487,0.43179859447970453,0.2957752729775887,0.5758169234411791,0.3053443266777858,0.41561863776657765,0.3339874829484846,0.40092621299378023,0.2913697177303909,0.4339959830956052,0.27307743581518445,0.5641386950357105,0.28479778138850986,0.40400905702840334,0.29920434002986956,0.3997378124346072,0.2592455941178869,0.4353399187077298,0.245684860961715,0.5369305071533308,0.2578011742391432,0.4022923678991836,0.2553353301320606,0.4031025430257525,0.2269107188504772,0.4350439378233816,0.21833987519161133
0.024364165638764423,0.32961134517778096,-0.027501231292390134,0.39458256379727785,-0.06826745692878645,0.3950064178403598,-0.1010086520456294,0.39542514528362294,0.10511828329713448,0.3910791116307969,0.15351818143788581,0.3887167413594643,0.19638747061929696,0.3857677888443504,-0.14865708987745982,0.3679101879336535,0.2511231846393128,0.3489895617444039,-0.056954456809328674,0.2607981534295757,0.10907089175741588,0.2512611893989507,-0.4996025321398231,-0.0199326335308961,0.4996025321398231,0.0199326335308961,-0.5994741126143559,-0.5349064483564004,0.9426859550194449,-0.27538589321392165,-0.5605748375264819,-0.9633236200560643,0.5444148026525528,0.14334047511700684,-0.5468482011375038,-1.088567487217597,0.4872555299117544,0.26774370393889996,-0.4592506515307158,-1.0717150719633037,0.43286544794403714,0.2886957866498891,-0.4297913071688323,-1.0293237968714473,0.42337230807315335,0.2517933635349779,-0.5555714414775378,-0.9496364667544002,-0.43998538553429384,-0.9863289473380229,-0.3816522868091819,-1.0367641056068309,-0.35550654504629664,-1.0910978776636355,-0.3354667490417692,-1.1370039743973774,-0.48811605449746526,-1.1058112604870884,-0.4361950918392426,-1.155675588403494,-0.39959588229748416,-1.153955200728823,-0.3875087656053902,-1.1380906895283187,-0.5522627174170767,-1.1038844031390709,-0.5012092250604484,-1.1595801970057946,-0.45566939080892077,-1.1585557452565236,-0.4303641633550343,-1.1477077773528856,-0.5985893607101467,-1.0913204299767363,-0.5595908611096511,-1.1413168918691161,-0.5120810068471154,-1.1483584834379488,-0.482520949604921,-1.142928297954091,-0.6286694370855721,-1.0716082402380478,-0.5977820039257822,-1.1161174625518124,-0.5574779578004679,-1.1275686741486428,-0.5309588011217501,-1.1260249061064385,0.5660781597448512,0.1473023445317996,0.4677974376124711,0.18846662583799623,0.426560557037873,0.23014307100350803,0.3992974645757747,0.2599367192858325,0.38317976549389754,0.27412499771978266,0.5673050708434173,0.3055217833776968,0.4495970160106666,0.35416312783249404,0.4177186607181623,0.31947142685879204,0.43156362233844175,0.28962948931365834,0.5786973678858784,0.29641032713203075,0.41996890729023245,0.3335621345219976,0.3953000397106259,0.28831757588261314,0.4202153148299094,0.2605257821424294,0.5663159678267676,0.2762196271812246,0.4107010070629997,0.301755717001144,0.3941670611506749,0.25987701920407186,0.42189948555747336,0.23691117500942732,0.5387413103950375,0.24986344676448777,0.4093841324063234,0.2589357093276683,0.3999971627639447,0.23025618694789665,0.4243486772773499,0.21487374150454552
0.026327181303098017,0.330556700662527,-0.026705705048108645,0.39498601771585057,-0.06792704825067357,0.3951670615842912,-0.10085572331139968,0.39541120650906786,0.1075073510234728,0.391956175895652,0.15581847783321912,0.3895058066032725,0.19812691017648443,0.3864906663380842,-0.14877511149522732,0.3677038960811329,0.2513448874534098,0.34967516443027097,-0.056657397812268515,0.2611453735068598,0.11211075478780018,0.2515693752428357,-0.49959600610022825,-0.02009553902488462,0.49959600610022825,0.02009553902488462,-0.5998883625199156,-0.5359010006399615,0.9282501342646438,-0.3113373036199208,-0.559815722840285,-0.9647524632869092,0.5703896534536183,0.1556705755970114,-0.5403573062611808,-1.0904022765300592,0.4848149966185367,0.2623801389417079,-0.45182834126782645,-1.0710387593144761,0.429959200039067,0.28191487145805616,-0.42350059218125746,-1.028416473549644,0.4210672370480471,0.24603349644443237,-0.6098888780051571,-0.8853556987546533,-0.4356703411955137,-0.9841648342653493,-0.37741352982833987,-1.035442206280924,-0.3505418128388236,-1.0905278178986857,-0.3303269269207379,-1.1365318742808994,-0.547528452553686,-1.0442536259487827,-0.4282124405620367,-1.1563993740171141,-0.39010675331256717,-1.153698747917538,-0.37818602221042247,-1.1358132738350202,-0.611987050992942,-1.0386858925061784,-0.4940679736373641,-1.1601475272076722,-0.4472193211791131,-1.1574207604217996,-0.4233781893468464,-1.1446202899197029,-0.6572662825106274,-1.0235443855231958,-0.5529363862115647,-1.141857017025322,-0.5042554079224036,-1.147451495561252,-0.47590734095643844,-1.1402813902560511,-0.685699063726814,-1.002674693432342,-0.5916522705869646,-1.1171783508190032,-0.5510185766197805,-1.1276057590820328,-0.5253206714269238,-1.1245045569049306,0.563632012922319,0.12945907035648313,0.45470389935342326,0.18346995538931746,0.41810264370233213,0.22867756741780274,0.3992304722775124,0.258304174111624,0.3876874389903216,0.2791209152620667,0.5822144566687517,0.2881567330527445,0.46030733923046907,0.3451380002564953,0.40163012946440724,0.3173514005431119,0.39552551522892265,0.2854475394968069,0.5970781904870818,0.27812659676382834,0.4325780590630245,0.3318127750928394,0.37496200423388093,0.29338158880800286,0.3795576442556748,0.26132344402709606,0.5834200681324287,0.25981807609583696,0.4253336613492186,0.3057308950165975,0.377007337426428,0.2663178430802911,0.39060132023055183,0.23647979829194066,0.5541485575131339,0.23636589989482248,0.41714175667430387,0.2619668435413079,0.3933795837554629,0.23645402927416992,0.4141627921456014,0.21554742693355228
0.025975197388741794,0.3298109453850536,-0.02694152064739754,0.3939608110419448,-0.0680753531782698,0.39410919745115636,-0.10093610815050338,0.39432609523243456,0.10705815919336831,0.3910248681817734,0.1553033403921153,0.38857673946598,0.1976654368962393,0.38556306254904066,-0.14881139381641004,0.36673758678416285,0.25048029367366903,0.34949198984677277,-0.056864191779082585,0.2605337611066491,0.11178643201075329,0.25089160894226603,-0.49958467807346685,-0.02037521617628824,0.49958467807346685,0.02037521617628824,-0.5987148281032026,-0.53685099424394,0.9464316570084781,-0.30435905300771,-0.5543566379517463,-0.965997911983826,0.541285376331871,0.11580464045153933,-0.5259044909575197,-1.0910006982077014,0.48308447168889757,0.24498678506227572,-0.4425212104285175,-1.070058657476581,0.42849820068563044,0.26480732263010165,-0.4168786061068154,-1.0271787319301002,0.4195046008847047,0.23041247287229022,-0.5475618249980831,-0.9469501859867273,-0.4275965185652827,-0.9823336746063557,-0.3705397208976619,-1.0337372959336923,-0.3452375324559157,-1.0880400517277944,-0.3244704345252225,-1.132713954139471,-0.4761044639326169,-1.1028762634596765,-0.4223589394543497,-1.1525358504063825,-0.38371160859526005,-1.1508422937554117,-0.3703714069018637,-1.1342485018247441,-0.5405393270158573,-1.1018697968189504,-0.48811964580879724,-1.157640441697739,-0.4407700531708632,-1.1556164741328052,-0.4150826529520406,-1.1436509877049927,-0.5862587277874421,-1.0897695933181801,-0.5471337936134651,-1.1400284077342717,-0.4980426781295736,-1.1462962101335763,-0.46785921911888023,-1.1400666159994626,-0.6154066110588211,-1.070075455938001,-0.5841691309394108,-1.1147055917700464,-0.5435467456824635,-1.125643654653057,-0.5168724358552056,-1.1235810670959365,0.5467550871229191,0.11629805408305746,0.44578233526980793,0.16730180615227463,0.41689985121978795,0.21596645481413135,0.40623463981675645,0.2505739203924668,0.39516511250405306,0.27688821613477865,0.5706709907705051,0.2705812173254935,0.4801786672448035,0.32962879736220346,0.40776395856918546,0.31387875756360384,0.3766433265711243,0.28516623441736444,0.585169874574898,0.2619978623029763,0.4593459400310128,0.32265496551085665,0.37939382759248086,0.2951440264285546,0.35399554206996336,0.26345504648577744,0.5738796615925571,0.24514900549853919,0.43934984207226624,0.29511800528243315,0.3706892601424611,0.2611645268638969,0.3549477842653698,0.2294725824867515,0.5452631531816898,0.2215339919393322,0.4339654411147049,0.2512366361645726,0.39173690884795115,0.23139419472058112,0.38385661884310773,0.21028066969579629
0.025700086752419526,0.3290875670794144,-0.026480949160477142,0.3930006045813577,-0.06739782706347597,0.39312896777662043,-0.10078417374938707,0.3933066382171825,0.10664565471309129,0.3900873681715869,0.15457509122130803,0.3877004044266446,0.19684175496437697,0.38472060323571966,-0.1488257020619177,0.36583559957109407,0.24951142567819035,0.34889691723591876,-0.05702900644947244,0.25986627590602573,0.1110877444421111,0.25011050870857765,-0.4995821598755598,-0.02043686703168094,0.4995821598755598,0.02043686703168094,-0.5979941620535945,-0.536255491890611,0.9492435279627459,-0.32099337186981275,-0.5485981637126902,-0.9645140229213305,0.5397948481369416,0.08533687122703323,-0.5177513045171808,-1.0892663664319968,0.48395011954081774,0.20864558077407636,-0.43418061881677084,-1.0681265835292024,0.42993041645070773,0.2263588799329047,-0.4095121218147562,-1.02531297916765,0.41989376231253756,0.19103336146811173,-0.5387236482328128,-0.9483059506933784,-0.420971783052266,-0.9845164520325529,-0.36425891822390466,-1.0342400970184713,-0.3402920633225,-1.0875907829686111,-0.31922685762822084,-1.1313767672968378,-0.46961905087329936,-1.1021638680318073,-0.4175444364315071,-1.1514910827655187,-0.3792361583410712,-1.14957479776633,-0.36555175419565406,-1.1337002479634573,-0.5337270163516595,-1.101197035130229,-0.4825322075234923,-1.157422456749435,-0.4357847478638435,-1.1558540343658332,-0.4106604875577784,-1.1436765829048778,-0.5797113642115584,-1.0891978704504017,-0.540873855021576,-1.1402915172469632,-0.4922889608658464,-1.1466558499339787,-0.4623535460996957,-1.1401542376581755,-0.6091801269903216,-1.0699482807961584,-0.5774484903672862,-1.1143636721106316,-0.5365678532895825,-1.1256268028862524,-0.5096807767853229,-1.1239725448064586,0.5327291198855425,0.08835858357646267,0.4539925165142823,0.13885002455043444,0.4362188981587044,0.1930922676743289,0.43287635999986046,0.23141353000602696,0.417062047214995,0.26107052319372054,0.5663502512378208,0.2455035684227736,0.47353199168151483,0.30180586825527556,0.39440750464723295,0.2849501864496875,0.35336053779538595,0.26006794253930016,0.5823920347810005,0.23369974261307422,0.4633993527724952,0.29592532182338893,0.3769949796847307,0.2702084706075676,0.3408913928891138,0.23802809696293684,0.5740180209543251,0.21355608933344017,0.4526081334237605,0.27140351387613987,0.3767394037965957,0.24110881364924117,0.3522032967482099,0.20976321166752865,0.5508013757901502,0.18786701453247082,0.44783059006922066,0.22543354729611995,0.4012620335312664,0.20776577516045136,0.38863707772984823,0.186351145454484
0.02573621041102732,0.32901861228057355,-0.026095241240796506,0.39289965112861114,-0.06699978549079809,0.39302203866838603,-0.10063984893191918,0.3931894385382258,0.10656652714998505,0.3899933988250437,0.15443763300969693,0.38761431647468114,0.19668860447579928,0.3846512237835135,-0.1488920810899905,0.3657496592849626,0.249034330212543,0.34901969329417604,-0.0569887311550766,0.25956376559760636,0.10961718032262918,0.24996973242929238,-0.49957969477521963,-0.020497038037200335,0.49957969477521963,0.020497038037200335,-0.5976029145346091,-0.5359659210467396,0.9535265793007045,-0.3366026970607723,-0.5426793293694792,-0.9639562154503138,0.540018509259769,0.06386378959746526,-0.508778555826851,-1.0889854779503616,0.4871063509899463,0.1735143184712009,-0.4263540797778589,-1.0675059308144919,0.4340527488654307,0.19537026889634482,-0.40121001149719215,-1.0246369844118146,0.4222425976950182,0.1634959537388083,-0.5360926619688017,-0.9486066412713978,-0.41868760929135534,-0.9825475398564286,-0.36055163869464385,-1.0337938312174093,-0.3355120515888722,-1.0878684246972283,-0.3128549966835775,-1.1313576048669123,-0.46235802980098123,-1.1026583428343615,-0.4123752871140659,-1.1526111457506407,-0.37636788724082915,-1.1512165849115144,-0.36350224621396865,-1.1358387137477308,-0.52675695686263,-1.1023448993096763,-0.4777344224575728,-1.1577724911486713,-0.4332011287228897,-1.156455880494274,-0.40869897898137786,-1.1458365025883694,-0.5733265656970176,-1.0908796099417772,-0.5352251068043034,-1.140681728333414,-0.48888565225612346,-1.1467976554720445,-0.4601327943378659,-1.1412727615833806,-0.6042425207066859,-1.0723867705425014,-0.5731017504645586,-1.1155691604698639,-0.53365616425582,-1.1256352070591955,-0.5080811932679994,-1.1234125179140217,0.5010409527165588,0.0571676305252979,0.4358699984828669,0.111921187363358,0.4324819171133132,0.1688685203170611,0.4328390587394482,0.21144262774388456,0.4248294924451328,0.24388616817030703,0.5587055259369159,0.21647645189661271,0.47290775359028914,0.2719071650285683,0.38881059307151444,0.2599693694039208,0.3497822744480486,0.23434453986801745,0.5779215196316133,0.2012622843346892,0.46860874751194104,0.25963654100716377,0.37797559953345605,0.24720508825899468,0.3422571656769495,0.22287658097324403,0.577413898829057,0.17599443214634408,0.4662226011827727,0.23245697901967705,0.3798432826739941,0.2167376548338504,0.3469399265108871,0.19274131883054924,0.5631527112916089,0.14440875444838405,0.4766252135064854,0.18807137172560817,0.4136284862377878,0.1831114729324756,0.3831285256544215,0.1678595212978699
0.023225128556650744,0.3260277707071673,-0.02878870108138037,0.39026193027078493,-0.06984606546620252,0.3904254950012596,-0.10305633012413858,0.3905144742146378,0.10390776632862432,0.3874443642236288,0.15148433017597418,0.38514726114884296,0.19371641645506518,0.38235161277557045,-0.15179657524645027,0.36358157856522266,0.24505038929087844,0.3485069623104885,-0.05875768525786575,0.2568151914420931,0.10591356061843482,0.24727904052596064,-0.49950738623135343,-0.022189436683285324,0.49950738623135343,0.022189436683285324,-0.5967529566318326,-0.5367731565990429,0.9475159263785752,-0.35244331111409116,-0.5349812231943281,-0.9615620884992674,0.5359186944470434,0.02560123339625583,-0.4976523168406753,-1.0873530165533634,0.48324054665618954,0.11951454043395777,-0.4184954926569344,-1.0648625798748221,0.43133295231060176,0.15135961206898726,-0.39388930529852106,-1.0219067196633806,0.4196388919053174,0.12149007524863047,-0.5333325724935088,-0.9473594767138761,-0.415984201567592,-0.9796922574839984,-0.35748633888408526,-1.0315501690427045,-0.3315273076399161,-1.0852729229847347,-0.3094040328901078,-1.1292380593655698,-0.45873168031240863,-1.1005351479853234,-0.40962848505317373,-1.150397038246865,-0.3720377933483963,-1.1491460542970122,-0.357397686800168,-1.1336289545551614,-0.5228344156150899,-1.0998173032744527,-0.47537717223862125,-1.15590994659633,-0.4286265284978031,-1.1551997894277917,-0.40138825749659185,-1.1436759181245661,-0.5694590327310773,-1.0882612506105063,-0.531971059677038,-1.1384746005866553,-0.48315124031335044,-1.1444223048809046,-0.4519231348416713,-1.1381445678517401,-0.5998302634709824,-1.0697005792551662,-0.5681582024296125,-1.1132332095974438,-0.5274828434728139,-1.1230191238570109,-0.500566222514081,-1.1203766129626451,0.4972194427814742,0.014209113483427656,0.4298225955893989,0.050389304734956994,0.40248193306691055,0.10930711986395741,0.3810165156630712,0.15558138132726818,0.3729370722365459,0.19161223797987417,0.5253969024650708,0.1709145934208828,0.46263204487530685,0.23071434957660247,0.39210882142493936,0.21432091090005123,0.36712627162170386,0.185331352329648,0.55406800050524,0.16098065308023604,0.4685946335600294,0.22217659777528723,0.3958184695121042,0.1989311054096924,0.37721543489157106,0.16862714066519496,0.5692158937592268,0.141854538451645,0.4734104699193942,0.1948845139777498,0.40536754204194414,0.16942713576194643,0.38811996834285434,0.14059263655603316,0.5730478882647866,0.11383246526199926,0.4853027707780138,0.15149782426623834,0.42698196691524587,0.1410658293212963,0.40332216508735874,0.12295610592787466
0.020875588392619313,0.3210776871391992,-0.031449206727440934,0.38603831698401897,-0.07263894453102573,0.386311185603707,-0.10553100306829578,0.3863455179106564,0.10118308486853837,0.38268188652073676,0.14864025852629886,0.3803232082196053,0.19053624930767485,0.37749087425245614,-0.15451222200113546,0.3596447458453235,0.24146879616037645,0.34493327096132126,-0.06066518637961774,0.2522226997847713,0.10317273154805238,0.24272729487175207,-0.4993613706748129,-0.02526304569469288,0.4993613706748129,0.02526304569469288,-0.5946539835381095,-0.5375801435846091,0.9530160944065795,-0.354624540129201,-0.5330465705875566,-0.9597235593061512,0.519190894197054,-0.03533640316070817,-0.4924543939084823,-1.085075611992947,0.47479668640868344,0.0751127418234686,-0.41631811001456204,-1.0624046147948463,0.4269278504922404,0.11247035959331325,-0.3928267577995787,-1.019611143340218,0.4150950825966223,0.08164287677513164,-0.4978116032488064,-0.980461869102047,-0.4135838915976048,-0.9791018686061234,-0.35499361317163136,-1.0300763545683804,-0.32871052372212384,-1.0840884768119736,-0.30711859418569026,-1.12791614799632,-0.4176345235627566,-1.1294327726272504,-0.40326695200312773,-1.1491761036500352,-0.3645728963037616,-1.1471816569560425,-0.34942152856744774,-1.1320214213963697,-0.4807592356814825,-1.13158553255398,-0.46529216960377245,-1.1550871180901223,-0.41877921574329846,-1.1524618355949785,-0.3938053099038147,-1.14054380642523,-0.5267341810156291,-1.12205263643718,-0.5221040833434727,-1.1385686818234186,-0.4737932393141003,-1.1434408999097532,-0.44415672957988195,-1.1366719438987298,-0.5572311948445401,-1.1050805009689333,-0.5604601854810666,-1.113749271365207,-0.5190332130635849,-1.1234017343790934,-0.49241924803975684,-1.120876519982404,0.49725997454634635,-0.03863729310407145,0.41904101992283216,-0.02005787745150894,0.391247797104616,0.03653315426599306,0.3773070906472459,0.07864538976744379,0.36214555338873133,0.10881828078061355,0.48135363711957185,0.11346641713541629,0.4478575407429672,0.1757417097663376,0.3732355393828135,0.14548534731494486,0.3559100905123545,0.10765293489259593,0.513126063537853,0.11152889615677408,0.4594997724706338,0.17369999513315623,0.377969655357663,0.1362317329617684,0.36658597356242595,0.09843251385988246,0.5424341047909937,0.09971892548726768,0.4794548157136497,0.14863236697707116,0.404597857712572,0.11151670247942451,0.39535416881306346,0.07813317127324113,0.5705579602685013,0.07753214859068804,0.4988423182616914,0.10711712310688776,0.4391298127218311,0.08461351624420978,0.42942027834935487,0.05894808289508132
0.01221442591108879,0.31703140049209205,-0.04139064838563254,0.3811431211369815,-0.08231550238288524,0.3813982151899468,-0.11356380462098951,0.38133779817740243,0.09203369073401202,0.3779792196467253,0.13879166344239874,0.375656521164462,0.18010139618623072,0.372856240583038,-0.1617203992031063,0.35491510502457563,0.23069632869128778,0.3407465164160762,-0.06800969682922867,0.24911420722373662,0.09406932849000607,0.24011606818878078,-0.49945997049484864,-0.023232259323728344,0.49945997049484864,0.023232259323728344,-0.6105306875331441,-0.5248896269276805,0.893131135436458,-0.4038588938448407,-0.5433971303245686,-0.9444119556123323,0.5197443503535557,-0.08587288614746422,-0.48568840796878393,-1.066650209135908,0.44304102978054916,0.006002861746377889,-0.413175685746256,-1.0427273897521316,0.4075642559144847,0.044011875638212905,-0.39067706157485277,-1.0003903680033361,0.3970021473881342,0.015145649978033986,-0.5947159931520475,-0.8899208203498882,-0.4116725328508221,-0.9611045252630591,-0.3547792866213756,-1.0119064020194175,-0.3291201973770964,-1.064971079703936,-0.30781992387117413,-1.1081893027606957,-0.53432185480206,-1.0450779552618628,-0.40512887490882504,-1.1277784002446587,-0.3667628731928684,-1.1284473028835433,-0.35072359486262317,-1.1155919851310525,-0.5960581674731741,-1.0394934415996149,-0.46640922738250246,-1.1324206405001966,-0.4208246713344196,-1.1315151045621796,-0.3944953208676403,-1.120959589162198,-0.6387552360126689,-1.0244168424353866,-0.5214819715672903,-1.1151987950494142,-0.47411759106632806,-1.1217352205315763,-0.4434515617824548,-1.1165965378396283,-0.6649627659772133,-1.0032058613898516,-0.5562492451193741,-1.0895792645633486,-0.5162704448185511,-1.1008291360658329,-0.4891714966919798,-1.0999789024726319,0.46404735128538654,-0.12747930774521637,0.407058063642717,-0.07537997298452365,0.3545269097356411,-0.02485776466123302,0.32699705085293285,0.017472344294460297,0.3238430590314009,0.05127933898049414,0.42487215583947596,0.0190789489349675,0.40351759474094057,0.1065690569603324,0.354717271275166,0.07429870026001832,0.34715939070591856,0.037879548864954114,0.4710220248376442,0.013463065150722856,0.44808505116117575,0.10494339178946122,0.38784561348695745,0.06328314447285167,0.3742322859937472,0.024491106918436978,0.5183352994200533,-0.0024905787040886682,0.48465700325463273,0.0737408818108648,0.4305644371900265,0.02983785269525177,0.42226492980012803,-0.0049570720292399255,0.5661637926273061,-0.027531926967866802,0.5262443665561093,0.03988513794804248,0.48565516262854785,0.009263302590011901,0.4805830105754138,-0.019707933591970418
0.002109053739975736,0.3209268772670471,-0.05211787634024303,0.38354051695946406,-0.09258822262193439,0.38322081787778395,-0.12211717871726359,0.38262108695646385,0.08208915366625714,0.3821921455494829,0.12854122560177675,0.38040538815108277,0.1700319014981655,0.3774122428836544,-0.1687095813919845,0.35469141331798826,0.22011242421251712,0.3429332242469201,-0.07635739460115758,0.2514470268691227,0.08468499687452223,0.24348083724545647,-0.499627802657565,-0.019288826080746852,0.499627802657565,0.019288826080746852,-0.5878628209325603,-0.5170476247765547,0.8551243665431523,-0.3842156471225984,-0.5219541635384993,-0.9235357593134677,0.4942240853877492,-0.16286519569323543,-0.48276229876414706,-1.048306471890614,0.4241078276105867,-0.084200962075819,-0.4110441612702354,-1.0237891255257285,0.3882061401898914,-0.03750537734888672,-0.388509862187972,-0.9818643137025678,0.38021004272500447,-0.05661003409159039,-0.5213430204146081,-0.911906449426607,-0.41128995650216227,-0.9438817095240979,-0.35515734600226845,-0.9935532425097565,-0.33080299737203556,-1.045452398084862,-0.31044968825836816,-1.0876323316641197,-0.4535879079969736,-1.0585431782444252,-0.40439446759419667,-1.1063316191010149,-0.3669701562359871,-1.107255574632621,-0.35040404557415733,-1.0955165108389648,-0.5140436969453179,-1.0577489676503253,-0.46526377179983963,-1.1108382978963234,-0.4209100497453326,-1.111572456693446,-0.3942600381868759,-1.1022875673864834,-0.5567912892214287,-1.0463576218632824,-0.5195228921617934,-1.0944506111188286,-0.4736203374562812,-1.1022246822150745,-0.44255466925612585,-1.0985737218504819,-0.5843338137257871,-1.0282761674621301,-0.5541342923483519,-1.0699551447009412,-0.5155612050678866,-1.081717072252162,-0.48823866060619103,-1.0820750218886666,0.44060719656358716,-0.1297066869512398,0.3796172378300723,-0.11843221785949354,0.3261382398949067,-0.08088528435227912,0.2968151756749283,-0.04929536317746325,0.3007532513152398,-0.019852667592602142,0.41161311859703636,6.044532120391705e-05,0.3953037431406326,0.04106771605765194,0.34459074828930875,0.001076997103326043,0.3279586829671028,-0.03930047746089055,0.46397041507673553,-0.00906868709687518,0.43612794640687186,0.027575816653927627,0.3715273241895668,-0.013228710400982262,0.3465183873608274,-0.05024863626395002,0.5114966507411498,-0.02863439682344935,0.4767437392427102,-0.003311270252202081,0.4099577982903166,-0.0381331271951399,0.38110995392636593,-0.07003865479967936,0.5549327530040989,-0.05624500101900736,0.513696293758086,-0.0394281367199957,0.45625009938984146,-0.061877277159625474,0.42877518234761103,-0.08710611532618226
