pose_0_x,pose_0_y,pose_1_x,pose_1_y,pose_2_x,pose_2_y,pose_3_x,pose_3_y,pose_4_x,pose_4_y,pose_5_x,pose_5_y,pose_6_x,pose_6_y,pose_7_x,pose_7_y,pose_8_x,pose_8_y,pose_9_x,pose_9_y,pose_10_x,pose_10_y,pose_11_x,pose_11_y,pose_12_x,pose_12_y,pose_13_x,pose_13_y,pose_15_x,pose_15_y,pose_17_x,pose_17_y,pose_19_x,pose_19_y,pose_21_x,pose_21_y,pose_14_x,pose_14_y,pose_16_x,pose_16_y,pose_18_x,pose_18_y,pose_20_x,pose_20_y,pose_22_x,pose_22_y,right_hand_0_x,right_hand_0_y,right_hand_1_x,right_hand_1_y,right_hand_2_x,right_hand_2_y,right_hand_3_x,right_hand_3_y,right_hand_4_x,right_hand_4_y,right_hand_5_x,right_hand_5_y,right_hand_6_x,right_hand_6_y,right_hand_7_x,right_hand_7_y,right_hand_8_x,right_hand_8_y,right_hand_9_x,right_hand_9_y,right_hand_10_x,right_hand_10_y,right_hand_11_x,right_hand_11_y,right_hand_12_x,right_hand_12_y,right_hand_13_x,right_hand_13_y,right_hand_14_x,right_hand_14_y,right_hand_15_x,right_hand_15_y,right_hand_16_x,right_hand_16_y,right_hand_17_x,right_hand_17_y,right_hand_18_x,right_hand_18_y,right_hand_19_x,right_hand_19_y,right_hand_20_x,right_hand_20_y,left_hand_0_x,left_hand_0_y,left_hand_1_x,left_hand_1_y,left_hand_2_x,left_hand_2_y,left_hand_3_x,left_hand_3_y,left_hand_4_x,left_hand_4_y,left_hand_5_x,left_hand_5_y,left_hand_6_x,left_hand_6_y,left_hand_7_x,left_hand_7_y,left_hand_8_x,left_hand_8_y,left_hand_9_x,left_hand_9_y,left_hand_10_x,left_hand_10_y,left_hand_11_x,left_hand_11_y,left_hand_12_x,left_hand_12_y,left_hand_13_x,left_hand_13_y,left_hand_14_x,left_hand_14_y,left_hand_15_x,left_hand_15_y,left_hand_16_x,left_hand_16_y,left_hand_17_x,left_hand_17_y,left_hand_18_x,left_hand_18_y,left_hand_19_x,left_hand_19_y,left_hand_20_x,left_hand_20_y
0.012649852608909678,-0.3747453846663379,0.0723260390699118,-0.41283019677916494,0.10722469521958598,-0.4098398009393558,0.14071610704769327,-0.4075885373437805,-0.04021619411887222,-0.41987338071167885,-0.08072777915200031,-0.4205020845120402,-0.12248391782318964,-0.42067430794267274,0.19054378991311635,-0.3721933319663773,-0.1835396651109078,-0.38897749239624396,0.08077752920071693,-0.2930874025776365,-0.06631691524203968,-0.29394418605640316,0.49992590234566964,0.00860768051614225,-0.49992590234566964,-0.00860768051614225,0.7176926982510918,0.41561185396889244,-0.6925615012627969,0.4559588441165147,0.7707011745538289,0.7483160626850132,-0.6821583247450324,0.7781147288459241,0.7819769829744895,0.8749721910936298,-0.7028280657516254,0.8842067697124684,0.7080253410022517,0.853786141022479,-0.6537679980531977,0.8794268873599635,0.6783654853454802,0.822772280459593,-0.6259586235431531,0.8399509657659693,0.7774186347608107,0.7464432733200358,0.6761726717062724,0.7966764983105117,0.6287841454632194,0.8574590103264537,0.6003221024713191,0.9117626791201372,0.5905524366545535,0.9524698457620181,0.7295637018110377,0.9266202805212223,0.6616422471953631,0.9587233379156762,0.6403006799260579,0.9314036940158277,0.646760964477979,0.9095634196173158,0.7898709917126169,0.9227161214096599,0.7146553374139087,0.9446302287793655,0.6943031541779557,0.9221341249889016,0.7064897094581903,0.9035920978187854,0.8372894081059068,0.9042402229006999,0.769018900729074,0.9289200170674509,0.7490725414792265,0.9107937016264478,0.7568792870270642,0.8900358827882211,0.8739748533036482,0.8823935282438234,0.8199350665152126,0.9054029316905436,0.7974646947131271,0.893077961707866,0.7975627905753149,0.8744535947242227,-0.6643345673720907,0.7668776716431416,-0.5934848810583538,0.8219840332388694,-0.5685064448043246,0.8772188000018907,-0.5699559164857898,0.9140624156663658,-0.5782809251419339,0.9293641384398277,-0.6192562087138077,0.9442416426418433,-0.6340269580568247,0.969602786727546,-0.6405663812951121,0.944175353474228,-0.6370480698861607,0.91555223661989,-0.6910161403745306,0.9378347063132693,-0.7096428194006541,0.9406088999526477,-0.7051460569327659,0.9144932150026359,-0.6921516651759885,0.8912555713710514,-0.7567659451822055,0.9170821841881934,-0.7692798878798022,0.9132045086423853,-0.7599191554271868,0.8919589106749021,-0.7443242202972621,0.87310710603869,-0.8127423729799645,0.8897201665831379,-0.8243439639777059,0.8869681228351175,-0.8075013658316755,0.867506714667179,-0.7875977354543146,0.851251423020103
0.042308239694146675,-0.3684136150622311,0.10306305825639037,-0.40663496454871945,0.1361180575692539,-0.40320615111497443,0.16770622464819424,-0.400572878628865,-0.0067034410577394895,-0.4158962273335988,-0.05125664599024649,-0.41861999659618127,-0.0934103240060737,-0.4211726766308686,0.20547311191012124,-0.36519614714529763,-0.17106290002512456,-0.3851963341137772,0.09482410731946452,-0.28674279031340216,-0.051604126280132646,-0.28911463654232167,0.4999884918213027,0.003392351140311733,-0.49998849182130256,-0.003392351140311733,0.7116507266302401,0.38264013964116855,-0.6774246083040453,0.47090476879262405,0.7657134928899886,0.748375393576232,-0.6622455175477817,0.7819838036702706,0.7783880435318627,0.8753550708685267,-0.68097987201918,0.8890219212085001,0.7098736863963218,0.8550071142930186,-0.6218958972458469,0.8840895673331595,0.679017949394928,0.8240992302471283,-0.6006163778361566,0.8425576971984129,0.7715898933883014,0.7551640096627222,0.6757304939849382,0.7988495912545016,0.6245465684015562,0.8547888996475427,0.5966087192373678,0.9088615622628483,0.5871472766335839,0.9510958407403166,0.7233686218315707,0.9306351026569709,0.6552715565765058,0.9595320892231751,0.6382536995189378,0.9277826570423161,0.6528194737590006,0.9027611370202162,0.7819318691897823,0.9251281381815007,0.7091623575622586,0.9497076377614103,0.6903522752637796,0.9225030128014816,0.706051205999691,0.8981022703140227,0.8274458709283761,0.9067568931895353,0.762729934827737,0.9310239272888073,0.7436660459838076,0.9088826488903761,0.753616169721722,0.885216423928465,0.8646597872863072,0.8841269481728676,0.8113341840932978,0.9079516423355929,0.7923211748831885,0.8917208497848662,0.7990432027839032,0.8714957387894247,-0.6505663736954651,0.7732068144562261,-0.5717557929873045,0.8267860180379482,-0.5530485545998218,0.8829814011577081,-0.5825249210634125,0.9188441634310708,-0.6225324842922444,0.9297477070818473,-0.6091479852714882,0.945056918161307,-0.6164114474150418,0.96883097246853,-0.6213872981155312,0.9451510092492904,-0.6222170502833495,0.9191219637740303,-0.6790535454178135,0.9400838287555151,-0.6864433192104431,0.9435929950199149,-0.6799478831673219,0.9165201614820342,-0.6718625571712707,0.893303624826869,-0.7419309124250314,0.9187626923701684,-0.7438619720155905,0.9173628278472505,-0.7311484728168192,0.8927537750393666,-0.7204619748436977,0.8737806026797925,-0.7961816177973006,0.8912197228867271,-0.8004913988728806,0.8918000843852734,-0.7824029988223234,0.8716804065274703,-0.7681531516108632,0.8560929158635164
0.04999108578670979,-0.3860775937886871,0.11224108343712255,-0.4265021866719497,0.1452017775337009,-0.4226876012020932,0.1768019813419277,-0.4197651759513898,0.0030642275702943153,-0.43760576748921864,-0.04206276858386518,-0.4415628794522814,-0.08333286166852123,-0.4454775958943017,0.21250728445282804,-0.3822314856053716,-0.16444391791458038,-0.40520606517050833,0.09978987319370734,-0.2997625886502337,-0.04611201885216698,-0.3034689517562364,0.49999975742268415,0.0004925213264639735,-0.49999975742268415,-0.0004925213264639735,0.7088446828636761,0.3992689222326374,-0.6707296696683409,0.5104161556117244,0.7607833084477595,0.7898646732842259,-0.6511375940790898,0.8269355528826419,0.7755836931089829,0.926292617145431,-0.6665994773554689,0.9410486184574359,0.7078112804514533,0.9053320355431345,-0.600852568575638,0.935798148103924,0.677117939984565,0.8725489192577801,-0.5840203335555375,0.8916786549195529,0.7672092670983676,0.8008666059933892,0.6719153876288506,0.8461789051693952,0.6183983433565591,0.9053278212766293,0.5886329560761565,0.9628019878746927,0.5815830895066043,1.0078968308990297,0.714174555395651,0.9857525461207497,0.6468752973195304,1.014303190269591,0.6300206055198748,0.9823715243889493,0.6437352537086947,0.957493529214069,0.7721718248273581,0.9805504555467176,0.7005891801465308,1.0069981807094586,0.6817541909428029,0.9791267077505973,0.6963811702105918,0.9531675003611402,0.8183046894292427,0.9621625993605222,0.753672125106205,0.987675263071087,0.7354752989945299,0.9647054877697663,0.7454148649019643,0.9397882156310575,0.8564372774955342,0.9390953902176009,0.8026609062384672,0.9639448969509058,0.7842832542322874,0.9468199721509919,0.7909462783644596,0.9257528538914437,-0.6471653803284791,0.8194675354940881,-0.5645006078517226,0.8702138784725729,-0.5404951892508609,0.9288498340607929,-0.5656449272273131,0.9710585788117014,-0.6018373471782155,0.9885321077369265,-0.5982763854079793,1.000136849126995,-0.6091190067680449,1.0199091761454824,-0.6122874630869265,0.9923670902566681,-0.6092616561373058,0.9638921343342606,-0.6687449785465294,0.995436256267083,-0.6775759606493172,0.9969697435629991,-0.6702435292100589,0.9682960428322057,-0.6606889506147366,0.9421920332456297,-0.7318544850248709,0.9736434413153375,-0.7344455091946704,0.9711988296009949,-0.7212299873410059,0.9451824767577273,-0.7102664899240305,0.9239280764946874,-0.7868685177499402,0.9451089799498763,-0.7900059251301326,0.9437445690261493,-0.7725204907394944,0.922284343986995,-0.7598397331537572,0.9059602983937313
0.049279001653412306,-0.40174979424178414,0.1117120585248181,-0.4446414850360481,0.14498246950618748,-0.44046650546306054,0.17691107789388688,-0.4371162425489078,0.0023749595125650692,-0.4571805929346152,-0.042245415417254975,-0.46169686492068157,-0.08317505625872589,-0.4660601801728823,0.21354007437715886,-0.39767954338761136,-0.16350897955022456,-0.4221667019783924,0.09938079945430305,-0.311567366426401,-0.046693098652612126,-0.31560927892136503,0.49999861205471474,-0.001178110079339745,-0.49999861205471446,0.001178110079339745,0.7054426131969651,0.4193278496398975,-0.6692557045398646,0.5392522655180892,0.7568063813874151,0.8247996057403002,-0.6481539746366969,0.8632647920217675,0.7720079092660735,0.968300128362911,-0.6614860498426899,0.9843442160560312,0.704916419910015,0.9467545266609247,-0.5934085065105512,0.9730613247392812,0.6740815709903171,0.9124388858350184,-0.5775391851580888,0.9323663848276527,0.7607389429553703,0.838312954745825,0.6646528243918932,0.8866972708089549,0.6124579077795684,0.9493845376130772,0.5824318698037092,1.0087701215474045,0.5776464050526615,1.0557947244124768,0.7100866720000989,1.0322145693310278,0.6431682495390841,1.062665808439995,0.6273603076914854,1.0292362253796579,0.6423322451437229,1.0030499973389284,0.7672475013382137,1.0265887889768117,0.6958722664116879,1.0556076208358378,0.6771326762510816,1.0271108484390046,0.6917841194532388,1.001059623637487,0.8124253420242341,1.0073957991331088,0.7476950212160404,1.0362321037964863,0.7289915594981705,1.0123002714374039,0.7387918851877482,0.986788355534119,0.8494037743595632,0.9834373885613524,0.795529273637878,1.0111831064318282,0.776197254711972,0.9935746004986644,0.781836788079749,0.9717112923471644,-0.6397421660057249,0.8603667107523799,-0.5578709386280075,0.9132564739003878,-0.5302128675628934,0.9733161939575061,-0.5451318749041327,1.0171969990969463,-0.5709171912346108,1.0360930522202447,-0.588782706167725,1.0456960596842746,-0.6035762351540844,1.0679950041031137,-0.6038627375897623,1.0392407222682531,-0.597760818426642,1.0094111669153432,-0.6586571539286477,1.0396230260955905,-0.6696143667415455,1.041779557629908,-0.6621721988962711,1.0122740452540369,-0.6518263531452688,0.9846661468572282,-0.7214142013510438,1.017369493457347,-0.7256656061380943,1.015592273501258,-0.7129797638836267,0.9888093557852644,-0.7009553052179615,0.966108217883246,-0.7747969861975298,0.9889255254565548,-0.7774369847429642,0.9879555087012802,-0.7602915135583638,0.9659864157430446,-0.746925543657438,0.9487434922451385
0.04891455696866091,-0.34036613415952766,0.11138600517835555,-0.37699202634724527,0.14486574349654038,-0.37343213800137015,0.1770123714359137,-0.3704991726755496,0.0019185875667719866,-0.3877986754348316,-0.04237646182523154,-0.39175356713800147,-0.08319014880730681,-0.3955521765289475,0.21437125353632866,-0.3369384616961605,-0.16347152132965503,-0.3578533849667802,0.09936184194192688,-0.26378241985633444,-0.04701549984694698,-0.26726659611120873,0.4999963069523331,-0.0019217268349599219,-0.4999963069523332,0.0019217268349599219,0.7048951977101479,0.3584539993431701,-0.6677111688250431,0.4582737767966702,0.7537280951256499,0.7002185276020327,-0.6473958228036577,0.7307513528651067,0.7703914902343655,0.8230348997561192,-0.6580805755177078,0.8361247953076598,0.7034688452065423,0.8050234940681272,-0.5902886076029019,0.8213723728536282,0.6725390173032022,0.7757055003224552,-0.5752162410581089,0.7905350549363218,0.7540330220743005,0.7125378489598724,0.6595465704631435,0.7535593026321431,0.6058879569257666,0.8068879697069304,0.5743093111602944,0.8586243659162859,0.5685383796527739,0.8988251692833349,0.7032528956701173,0.877419948562601,0.6369139347124702,0.9034371044139369,0.6175595059730055,0.8769280068222577,0.6280266614207743,0.8553350380535532,0.7612285614302848,0.8732673683296213,0.6900766784884687,0.8966200266052602,0.6695570139649359,0.8732332866776011,0.6811116711176823,0.8502677840104366,0.8071789008505961,0.8570486874340743,0.7425297353229476,0.8799215119246929,0.7227641495217613,0.8607387736699036,0.7298102300872754,0.8384152915967148,0.8442406100252123,0.8367576975649109,0.7911800255002877,0.8588482883492954,0.7715026417090415,0.8453139859931239,0.774991951992393,0.8272807560893646,-0.6374554562833894,0.7333279556540149,-0.5580758766187163,0.776543041972757,-0.5317380779735521,0.8263052435407531,-0.5440334381592258,0.8605918339157992,-0.5676504471109467,0.874343481544064,-0.586248567846495,0.8868535405684725,-0.5924785375068474,0.9091601312965811,-0.5992628228758247,0.8897742484580402,-0.6022523863863716,0.8680513807612413,-0.6542940923085577,0.8835136881514292,-0.6617974663717622,0.8876613355137217,-0.6573342508182132,0.8637636697676204,-0.6512780681950288,0.8424524725518017,-0.7169692774686857,0.8650668445146009,-0.7178115582009725,0.8636555950552934,-0.7068398097161169,0.841072464606846,-0.6984691481969283,0.823416225608327,-0.7719489826494538,0.8408244757441206,-0.7721329468416148,0.8396625604759078,-0.7560241582173808,0.8210735604747325,-0.7453864142668704,0.8068713773237102
0.04957105345274341,-0.39815097027034785,0.11212997063436919,-0.4413735620757101,0.14570563145920645,-0.4372038160268821,0.1779555283817565,-0.4336562089784489,0.0026294767744631897,-0.4540397322524733,-0.041405610079309145,-0.4586932865638205,-0.08197612786509356,-0.46310912858444986,0.2155808584739969,-0.39429447697199943,-0.16216525376042407,-0.41873971907089214,0.10006878093894976,-0.3086248711914977,-0.04601635019602815,-0.31276806891689496,0.49998510500129173,-0.0038593751887208644,-0.49998510500129173,0.0038593751887208644,0.703529719912402,0.41926317515853484,-0.6647657460377269,0.5412383992005653,0.751409888795781,0.8171116342697913,-0.6429829954172365,0.8526725895250922,0.7681779360083183,0.9609017204708082,-0.6472021246797203,0.9760276277454266,0.7022037630032866,0.9400530775566797,-0.5824459212634765,0.950003808362545,0.6714253501382471,0.9057138691592568,-0.5701785037722212,0.909448973741919,0.7501312185595522,0.8304313822510119,0.6546551798506004,0.8812101159528031,0.6021291436077866,0.9439460747997452,0.571352853817856,1.0035358826601317,0.5655387161278718,1.0502549934573253,0.7010874115094984,1.0266507393671078,0.6336247698460828,1.0589645901428073,0.6161317889871641,1.025320004655146,0.6295586949982902,0.9986179804046246,0.7588203859610627,1.0211257188731468,0.6867265454571485,1.0518534819838872,0.6668055387006068,1.0234415361124043,0.6801193427104604,0.9969113773240919,0.8044603245905696,1.0019492710151046,0.7389516840549392,1.0320486073646375,0.7192443358571152,1.0084626925767899,0.7278601606639439,0.9821138308919053,0.8415809418273026,0.9782615294340986,0.7870393352785362,1.006877652871966,0.7673057381520894,0.9898827086958247,0.7720766739361395,0.9679537935420998,-0.6316687421466024,0.8559334921464765,-0.551102384405731,0.9019759700162334,-0.5246075650837639,0.9610526267303089,-0.5417729168519656,1.0011053137860457,-0.5705169412453122,1.0182810310855472,-0.5850225624187445,1.0294517621490649,-0.5866752798878501,1.0522724913780328,-0.5878336103667521,1.0261052761166212,-0.5878088089893398,0.99820176557084,-0.6500598802801305,1.027776073892527,-0.6517732983966767,1.0334102569005943,-0.6446175702444998,1.005886282583858,-0.6394253970580996,0.9783748837887466,-0.7092805513627665,1.0082300454267266,-0.705856899742338,1.0103404624794414,-0.6927958381738947,0.9857401222805063,-0.6863669737363799,0.9643140533317609,-0.7598874242102689,0.981926246027665,-0.7543191772192966,0.9858679734170277,-0.7358857705904125,0.9665140709760542,-0.7263740080874972,0.9500836279928596
0.04908399556142981,-0.3239173832373423,0.11150118602394787,-0.35939354469564155,0.1450923975782724,-0.35598650474210103,0.17737510575381563,-0.35300636620550085,0.002114425131580111,-0.36964123931157866,-0.04172448259263263,-0.37338529548025695,-0.08217397366811267,-0.3769074453365011,0.215445736145895,-0.3208460094445252,-0.1621324088290402,-0.34069806222017807,0.09962604599908394,-0.2510187792436113,-0.04656039830323488,-0.2544021577171517,0.4999882123467747,-0.0034332949591263135,-0.499988212346775,0.0034332949591263135,0.702170473671523,0.34147782522775183,-0.6628525857167424,0.42207763698983214,0.7495995803188841,0.6646804257081516,-0.6425192636732933,0.6912982406539481,0.7664993810221461,0.7815714054618709,-0.6452450876826983,0.7938254941041302,0.7013685001552956,0.7648611424750718,-0.5815740913626783,0.7703707855958362,0.6706774128102284,0.736876504017913,-0.5691479315899937,0.7349987914939341,0.7455059330836755,0.6758843141269791,0.651243614615852,0.7159313334995487,0.5976737482203193,0.7674829481478853,0.5662852674789363,0.8168412217612495,0.5604129878176094,0.8555734302451602,0.6931035891317954,0.8346338020554447,0.6276277672064525,0.8626558157032344,0.6097965678661891,0.8351709816013948,0.6233827388031954,0.8134697806109525,0.7507715324913726,0.8314814960532575,0.6800322297242979,0.8581587133932888,0.6597263527399413,0.8347257478666166,0.6735405584135504,0.8127926217388751,0.7968996470392826,0.817428140154047,0.7315690431809994,0.8440104273520955,0.7112219504587773,0.8246331673973474,0.7201958106929479,0.8033406776169983,0.834750909555526,0.7992556971809299,0.7795720886079851,0.8247461456351861,0.7588862179282597,0.8107556027939941,0.7638238248051847,0.7925875652615978,,,,,,,,,,,,,,,,,,,,,,,,,,,,,,,,,,,,,,,,,,
0.04792820342050898,-0.33128387179656954,0.11019774684407273,-0.3679347656882719,0.1437241751029178,-0.3644642157137314,0.1759613840323198,-0.3613730081378087,0.0010376303583486588,-0.3783639528300148,-0.04262576288287503,-0.38217185775563756,-0.08299933127388782,-0.3857370796006177,0.21445329559311851,-0.3283944513818529,-0.16265978817694482,-0.34864615434800184,0.09830864266869044,-0.25664045044260725,-0.04786757609923303,-0.26013232159934513,0.49998549577010587,-0.003808414305402281,-0.4999854957701056,0.003808414305402281,0.6998260215937605,0.35026270746238797,-0.6588051532606953,0.42092328832075293,0.7458297639500961,0.6809191689077427,-0.6427257499799571,0.7067493809129173,0.7638563515303195,0.800365088764105,-0.6446428608221375,0.8126155269230368,0.6992720166262864,0.7835430398530598,-0.5831405268445123,0.7872469585351329,0.6685611557567689,0.7548680145481413,-0.5689905328166096,0.7532458582561812,0.7407539792775806,0.694397357872253,0.646341770956525,0.7352806155829481,0.5930375767377855,0.787761868723627,0.5602186914169355,0.8383857776513151,0.5568839005027674,0.8791261179496017,0.6897659216779758,0.8561744838466953,0.6227128729976191,0.8845309284838315,0.6056711190831277,0.8556892632224897,0.6203369737892075,0.833506647049488,0.7469035689304103,0.8524699830163028,0.6750591363239348,0.8796485960662478,0.6552725308813818,0.8550330365294654,0.6699981481767382,0.8328499837452241,0.7925650695777372,0.8376497966385353,0.7266819072109371,0.8643169923899024,0.7066593260139414,0.843926228743961,0.7161604247329233,0.822202199909553,0.8299578106862461,0.8188079841333916,0.7745380976721811,0.8445783803987496,0.7539814964250255,0.830105445493494,0.7588829895590399,0.8115685331706269,-0.6388904714009307,0.7273390937470078,-0.5712904316904266,0.7514148562546424,-0.542869477236069,0.7966316260548232,-0.5539582239055441,0.8310061744806589,-0.5821220647121458,0.8492413884370058,-0.5859947189298034,0.8378942989326761,-0.5951551132411088,0.8585141379422947,-0.5988426187296088,0.8398565753802356,-0.6005293265346745,0.8199032961963103,-0.6467894138881001,0.8380494414597917,-0.6545390459834113,0.8531292659880039,-0.6504873922419235,0.83463645140033,-0.6469122058319835,0.8142232750440923,-0.7034735572476317,0.8282032758599106,-0.7067612683085113,0.8416554136871285,-0.6960303285240297,0.8236203132155695,-0.6901423683416184,0.8052950118067982,-0.7555571342088632,0.8129090752130856,-0.753693252425299,0.8241368243119419,-0.7389149825593258,0.8066879471980014,-0.7325016496467465,0.7901741458220695
0.04742954732824964,-0.4146484254025951,0.10970151024912864,-0.46116052495165083,0.14309875340313993,-0.4567948268121803,0.17522196535641799,-0.45279471196909654,0.0008436864511622203,-0.4741108762740027,-0.042650206072747915,-0.4787454820473194,-0.08294465182188496,-0.4830366252266951,0.21382721815865838,-0.41138748794164776,-0.16233154756776833,-0.43636476504886484,0.09766852503775474,-0.32123388238642936,-0.048391392988892785,-0.325615329009534,0.4999736679250887,-0.005131411261372081,-0.49997366792508835,0.005131411261372081,0.6977483324340605,0.437728601937925,-0.6566890847972047,0.5295014793248483,0.7422039748267948,0.8517598779486243,-0.641316988338075,0.8842146807360696,0.7612381925493845,1.0010334731299797,-0.642782411594377,1.0190721322050287,0.6970804718677814,0.9805622650394812,-0.5821279893393307,0.9847395275655253,0.6664514207166863,0.9446699232983121,-0.5674029666216261,0.9433470506730404,0.7352883802023048,0.8676800473639342,0.6408822850607127,0.9193443589171968,0.5879730145879272,0.9856636813565905,0.5565088503535243,1.048912504645804,0.5497193177636334,1.0987580028868638,0.6832471751987703,1.0717490803591392,0.6170843401492168,1.107408380955201,0.5995806841202593,1.0721976845634702,0.6131769918275704,1.044169753216086,0.7409977642343412,1.0674889789885453,0.6695935839833361,1.1018780232803793,0.6495319032036738,1.0718350142813975,0.6635625310210695,1.0436832798256752,0.7873598554208338,1.0492788161957691,0.7212497058720625,1.0834053250725684,0.7008941357898552,1.0585247236278919,0.7099330518876872,1.031030420090124,0.8255110549981516,1.0255750725338832,0.7700171296488111,1.0579443055258597,0.7486754785756005,1.040375005882128,0.7527182765301669,1.01744758053488,-0.6318829309843769,0.8964065559564558,-0.5552777338879734,0.9392646431755907,-0.5312650237169254,1.0001792316824467,-0.549757251324196,1.045501546947694,-0.5810873070111532,1.0648195654967019,-0.5762868915553386,1.066859403769967,-0.5918985633552979,1.0852896812068327,-0.599375785418126,1.061642559260672,-0.5992488612571507,1.0392740685348916,-0.6410472385740702,1.0638965040860042,-0.6584265568211818,1.0724971788476119,-0.6547660640186548,1.0442556871383444,-0.6473888486154932,1.0170630626454533,-0.7024263259444206,1.04582489153653,-0.7161471630172166,1.053431682226935,-0.7044132398666463,1.0276669809380083,-0.6937999852136231,1.0048136553923688,-0.7572943475444684,1.0197523210473098,-0.7669421164477032,1.028352631682128,-0.7500012373589191,1.0054738172612423,-0.7378266718381705,0.9869042613274964
0.0465922804929545,-0.3715676474088929,0.10909913854485888,-0.4138048417971748,0.14253120763185675,-0.4098726075668896,0.174655060332602,-0.4061841075378671,0.00040591413738293164,-0.4253451583104798,-0.042932505483421986,-0.4293862811624946,-0.08294828871769029,-0.4330852292751613,0.21338652416268405,-0.36899113365709835,-0.1621666886804651,-0.3910569149341103,0.09702523614968513,-0.28779017846165983,-0.04903942704450007,-0.291725187964163,0.49997691245973463,-0.004804894091537759,-0.4999769124597345,0.004804894091537759,0.6958568421181931,0.3883666966470314,-0.653377757972502,0.4688564475237819,0.7382768529242157,0.7634431043960048,-0.640413645201384,0.7930547692080921,0.7587781694270603,0.8973731705998559,-0.6415685385506975,0.9145006814675594,0.695322696775041,0.8795510254211188,-0.5815934223668544,0.8833712692548427,0.6647798684078207,0.8473368082737799,-0.5663498242703698,0.8469500659276369,0.7331089871704258,0.7794938096431263,0.6389478043214203,0.8248349011302754,0.5845858024612316,0.8839534234153938,0.5519344955723127,0.9406726412424021,0.5464102780219462,0.9858272997370247,0.6803041126616954,0.9606854557089789,0.6149638372401209,0.9938315113163365,0.597283320500415,0.9626808764337175,0.6108459092904085,0.9377574626543587,0.7381076622911842,0.9578643098737334,0.6671397431808591,0.9895744069852389,0.6468554112751789,0.9633467785147294,0.6605978965461696,0.9386648134183361,0.7843408667316062,0.942556398073193,0.7183142699850797,0.973851020608534,0.6979655118157481,0.9514811837723446,0.7067636159092356,0.9271846550116388,0.8222898477809005,0.9223212353265627,0.7659000436104701,0.9524172667663436,0.7445747591659697,0.9364320252933056,0.7484709231221045,0.9157107001546053,-0.630521346093032,0.796565488563856,-0.562484535215065,0.8370157341463629,-0.5342694640769857,0.8908911142064608,-0.5370428522277043,0.9304895144693502,-0.55663493635688,0.9488401041286548,-0.5724838928030753,0.9517378148268557,-0.5867615748844289,0.975751265821326,-0.6023529218639466,0.9651018933156509,-0.6090986575496282,0.946453370021179,-0.6379464251849023,0.9526854886636476,-0.65992686928974,0.9621109661211869,-0.6629312934630782,0.9394418896393748,-0.6547725770217641,0.9140442308133526,-0.7014449124046415,0.9380813532473293,-0.7172412954902903,0.9435896155948219,-0.7107560369091344,0.9210699140588609,-0.699376198461102,0.8990969411498447,-0.756921660684272,0.9164138235335997,-0.7695424216170575,0.9208571976059169,-0.7553359525422622,0.9025748469929135,-0.7413733282724743,0.884881017341432
0.04570119496369439,-0.3467798699249917,0.10830085290529383,-0.3869437029778546,0.1419485290604036,-0.38325075837372324,0.1741414726532864,-0.37972332773763956,7.767665346370278e-05,-0.3976283542156539,-0.042729645736840176,-0.4012283211575502,-0.08227225986683753,-0.40448787849603773,0.21383028483087096,-0.34473268333402396,-0.16083296806047281,-0.36499807628909076,0.09662637137011765,-0.2684754404627835,-0.04901835523063656,-0.27215213876498207,0.4999754359560949,-0.004956151784694393,-0.4999754359560946,0.004956151784694393,0.695224692803464,0.36117706811244693,-0.6512645706745863,0.44727056965623585,0.7364069566609014,0.7138200606028036,-0.6385804356953104,0.7415208444091114,0.7580271015925327,0.8389277214481269,-0.6389635260783224,0.8556112243324621,0.6949149398624574,0.8225496185306409,-0.5802407389981136,0.8260878037609618,0.6644214412845797,0.7924515517677715,-0.5642334356129534,0.7922971737625509,0.7320471458693208,0.7278974430907086,0.6380796620828646,0.7711833882422332,0.5832240184009974,0.8255848548645072,0.5508149725407744,0.8786184286282709,0.5428483710383364,0.9208717801855884,0.6792871029034873,0.8981432800553307,0.6103336949798627,0.9306043066016645,0.5930354046604643,0.9010207823403847,0.6070740411856503,0.8773756246672714,0.7364988907234415,0.8962617599798467,0.6622583205309129,0.9270287472495264,0.641853536276679,0.9019638305896667,0.6556840813864473,0.8788683013284203,0.7821561690524886,0.8825855772485919,0.7129277218795222,0.913335021563133,0.6920735669793454,0.8920918758170968,0.7009581739651977,0.8692392020739445,0.8195946947781061,0.8638773122463792,0.7609960759026971,0.8931983023703225,0.738680512730358,0.87855039247182,0.7421053426618315,0.8594578604783519,-0.6252088933272493,0.7465210442659475,-0.5542314101511857,0.7857772963483959,-0.5280255293303002,0.8345375587878093,-0.5309130599792519,0.8707930502569249,-0.5464855839130426,0.8889803657652362,-0.576080150464465,0.8938926982989429,-0.5841747348630949,0.9109304163296438,-0.596343218933497,0.8995662425382329,-0.6030240787023607,0.8821648514201351,-0.6406059414570214,0.8945716869365284,-0.6564993763041393,0.8971540099329444,-0.6566941162996859,0.8755017319635867,-0.6498761183752902,0.8522298578663375,-0.701770512497061,0.8800757142842706,-0.7114672672802074,0.8797643649674177,-0.7029089117756309,0.8583332807802436,-0.6931696231834671,0.8387736485377784,-0.7549360571578331,0.858260668200713,-0.7614785389964628,0.8585547796572991,-0.7454569305185836,0.8411329471827789,-0.7326298399794037,0.8255238358901118
0.0453894293989248,-0.4274903837875515,0.10778309736574723,-0.4781761909454388,0.14151158118859888,-0.47344525219540473,0.17370862249801627,-0.4688854393121046,0.00010058243288847372,-0.4914562731883656,-0.042357485489603844,-0.4956013010543873,-0.08159901003531617,-0.49927603853679026,0.21408078308062667,-0.4252514478324119,-0.15998142909213325,-0.4497742831429009,0.09650872535213817,-0.3306064253788348,-0.0490753257280376,-0.33518006756527396,0.4999540507994052,-0.0067784282297457055,-0.499954050799405,0.0067784282297457055,0.6933908726507458,0.43992208061750093,-0.6500434142047854,0.5533622549597106,0.7351168261303495,0.8808625435920079,-0.6393200796938344,0.9152348531980259,0.7573041779046148,1.0350485488263734,-0.6384493490443337,1.056222058624241,0.6948728093761041,1.0152003942844414,-0.580047751665185,1.0196709281971366,0.6646390533776425,0.9780650463573826,-0.5632392037653443,0.9784844411423741,0.7317401505698324,0.898902352113952,0.6374186766179734,0.952399929422989,0.5831144448295977,1.018931860132782,0.5508452393137159,1.084179453111596,0.5413338445762336,1.1366303309191041,0.6783784328236668,1.1084558069647774,0.6098888886828312,1.1489973028472873,0.5946582425744649,1.1108822381658765,0.6112249737402435,1.081217348086867,0.7356979479196074,1.1058715147387306,0.6619078571308818,1.142703558765652,0.6433469947400383,1.1105040490596259,0.6592880489072913,1.0825963271713006,0.7814721420156627,1.0884345509413773,0.7130899873535756,1.124985116907129,0.6938190977176006,1.0974749639648276,0.7046018391742425,1.0695491793132188,0.8190272328498885,1.0649254882201813,0.761198950578032,1.0994985579139454,0.7403682478039181,1.0798061947053346,0.745839589420669,1.0557422664745197,-0.6251390514961116,0.9238918088092678,-0.5519758753506138,0.9746811005484675,-0.5230057545927844,1.0334422799706209,-0.5224616669411447,1.0797924594790875,-0.536450193786004,1.1033669997171867,-0.5741042009929428,1.1107621960515541,-0.5852680418143289,1.1244515127751256,-0.5941458576678811,1.1017910236206911,-0.5960849613054308,1.0761597743674542,-0.641062207416906,1.1094366526418347,-0.6539628445688017,1.1073315881041563,-0.6508881543155464,1.0774768508568846,-0.6424301856262516,1.0487811409203118,-0.7032009205751384,1.089745606509713,-0.7098211772890001,1.0854451636179387,-0.7006911675265777,1.0575062082014355,-0.6903288444548249,1.0327700064996588,-0.757749729997296,1.061115938551396,-0.7630197163413928,1.0582678547198947,-0.7483105946697162,1.035359378877879,-0.7361633023275186,1.0161323199776056
0.04450092683667328,-0.34940925823483415,0.10667203608297728,-0.39134832776914924,0.1403999836757363,-0.38717840732159736,0.1725800183421791,-0.38320704354563523,-0.00032632706436778243,-0.40279497400166114,-0.04271916203740742,-0.4060237081845775,-0.08194348489624752,-0.40879605379211503,0.21359067267640403,-0.3471525764348747,-0.16009034943370146,-0.3671142019104781,0.0956716744239498,-0.2694974153705013,-0.04972606056907675,-0.2735470961630998,0.49996521962250257,-0.005897386524799638,-0.4999652196225024,0.005897386524799638,0.6927130116552992,0.3597104797083451,-0.6502749856164939,0.45231328799304127,0.7341361890656459,0.7201554885732113,-0.6414289534168091,0.7475191470603928,0.7565785480200847,0.8453050062186375,-0.641442272888824,0.8625874219113895,0.6945821141353488,0.8293633471381441,-0.5806519171950477,0.83353702987375,0.6645185435720916,0.7994014064519687,-0.5642137859468053,0.7994686669486093,0.7311242758867083,0.7349294562919347,0.6376708643877734,0.7778705229508618,0.5835806788129774,0.8322976246947855,0.551392462185154,0.8856490191807925,0.54166639344162,0.9279835128677323,0.6764906558537,0.9044280577051872,0.6111150719187554,0.937999798607187,0.5956563024199599,0.9077272004216874,0.6109645618849857,0.883640418048237,0.7339527609081822,0.9024735106703885,0.6636535390038022,0.932054308542267,0.6453504913952866,0.9067556087270636,0.6604966338580727,0.88428968147243,0.7802613303754642,0.8881539352109337,0.7154725643218666,0.9169893393597675,0.6963397136068158,0.8954328108747817,0.7062465466134107,0.8729350961251603,0.8182050811391464,0.8688196136823095,0.7634709942315105,0.8957213553341143,0.743329859484923,0.8803858085372751,0.7484673701192852,0.8610645398447571,-0.62486961497323,0.7516757843276721,-0.5475438007464157,0.7962899174498402,-0.5180223326941695,0.8457684586817914,-0.5175825047004166,0.8843139443913095,-0.5292623497103816,0.9039838005892481,-0.5749313942427712,0.9090424656128447,-0.5809076510577359,0.9295950006571082,-0.5877416818704674,0.9123006070676942,-0.5895710162126435,0.889116466701672,-0.6426377906412573,0.9074429557201308,-0.649414547724324,0.9083853704869881,-0.6448132409776521,0.8840768434625125,-0.637117630603721,0.8606468490893632,-0.7047798824663859,0.8900743913090788,-0.7045130173306565,0.8877548255516438,-0.6943748060673436,0.8651030873359709,-0.6848181800356576,0.8443999072067657,-0.7584799977893135,0.8659244946339861,-0.7567849046972314,0.8647010599839043,-0.7417363749364981,0.8461515978121985,-0.7303801930964982,0.8297127024574532
0.042857319017046515,-0.38071356016343044,0.1047176880624109,-0.42630381052684324,0.13862078506899433,-0.4212329232643718,0.17083544411495213,-0.4165206306272575,-0.0017179371721252874,-0.4395253240965103,-0.04354696402921112,-0.442681988008687,-0.08236156099361813,-0.4453492434398279,0.21258827655135235,-0.3766170822760308,-0.16029477256107785,-0.39806331951170454,0.09468985626272566,-0.29240713880866953,-0.05093221751048556,-0.29743494814536753,0.4999518289514945,-0.006940369446615305,-0.49995182895149465,0.006940369446615305,0.6913271322581155,0.3904989854375256,-0.6507774496266535,0.49270427500563024,0.7326393291295045,0.7808024569686934,-0.6419392768491915,0.8102609389121671,0.7550921718095915,0.9162318046945972,-0.6430202495655991,0.9347616330906027,0.6933556899519748,0.8990132750120962,-0.580448479245805,0.90383134973721,0.6634363640777878,0.8665508146230866,-0.5641552239356923,0.8667154754204445,0.7304980948983221,0.7982019472042503,0.6383585190990243,0.8438445896395497,0.5851478318951618,0.9022871973708763,0.553038818978633,0.9592945949805854,0.5435798801852626,1.0041303995088313,0.6764939216575956,0.9802141671507707,0.6132852343848403,1.0151704901615821,0.5979473545041696,0.9830277045730996,0.6117144132481657,0.957342616073725,0.7342768441356565,0.9775032516597243,0.666266768293574,1.0077384668594214,0.6485835823417805,0.9811798445138613,0.6627620149530682,0.9573238214574609,0.7813661361853995,0.9611837034011821,0.7191069340003375,0.9898815855200926,0.7004964942506765,0.9673341999925928,0.7095410190003689,0.943541879042645,0.8202859042516757,0.9394133837779813,0.7674803205513079,0.9651482031646389,0.7479148853942528,0.9489612151641716,0.7524875006904995,0.9286731753652672,-0.619536692084993,0.8183417922855328,-0.544595774125898,0.8688943203147759,-0.5161645195873665,0.9219901092050282,-0.5201527559788302,0.9609182502369568,-0.5353981954962501,0.9780082114382884,-0.5750057084644488,0.9880801298673825,-0.5839444920791997,1.0140958705537748,-0.5859159514603014,0.9928348351341192,-0.5830998930768387,0.9658813595229757,-0.6415058617030981,0.9838751255453606,-0.6515192526649476,0.9889945794268508,-0.6436474759563289,0.9609224083379001,-0.6321805956652193,0.9345851632865656,-0.7026513142700861,0.963942021242983,-0.7070300233161845,0.9639561587861906,-0.6951017012529189,0.9380177587773451,-0.6830106347474663,0.9158015244089761,-0.7566356313587882,0.9366853369110483,-0.7627080036686762,0.9366252939334259,-0.746616635071726,0.9152751088295441,-0.7338453290998049,0.8981357493890051
0.04034212220924549,-0.3765219059203912,0.10206562370289025,-0.4222891643359409,0.13611124719475676,-0.4173123479323201,0.1682378059185805,-0.41273903942145296,-0.004078131139697478,-0.43464281477239447,-0.04543880252073777,-0.4373103863931983,-0.08388333354014241,-0.4395998336592902,0.21097145901935194,-0.37271725037216563,-0.1610219251940829,-0.39206887116038946,0.09302472584644779,-0.28857246471135073,-0.05252622100036348,-0.293124414905419,0.49994021580550635,-0.007731792828555239,-0.49994021580550646,0.007731792828555239,0.6887152476296372,0.3855382372096525,-0.6504515118139012,0.4823804600600102,0.7305573443091719,0.7727022530645589,-0.6424119558248665,0.7986522793856698,0.7529200139740484,0.906405151930602,-0.6451864558958464,0.9227464001134006,0.6919608391358708,0.8894841075940871,-0.581341194224907,0.8937416416058205,0.6622397003949929,0.8573634992550444,-0.5645909499727059,0.8574456466273477,0.7307406992771293,0.7884122808385792,0.6383703724308505,0.8339238966315211,0.5846881334357666,0.8925365396541317,0.5525179639129457,0.9495903541399157,0.5442360835712227,0.9944949008515365,0.6761107786586209,0.9704112628291556,0.612349325566624,1.0041891122570443,0.5979319746425144,0.9718856438672545,0.6134940142342138,0.9467114173301755,0.7340702889744747,0.9671651272652199,0.665070420474245,0.9969363207563894,0.6475572716578486,0.9699196929532928,0.6627040605982274,0.9460872615954153,0.7812499682269182,0.9507520822790283,0.7176548050076189,0.9794441878876221,0.6989351539563584,0.9564705251598029,0.7086633959274296,0.9327314132168619,0.8204219463348117,0.9292324280409768,0.7661441355151628,0.9557586360314229,0.7462667125566136,0.9391763674582866,0.7512470658020849,0.9188654296563052,-0.6140610494272611,0.8041747186361289,-0.5425203778550252,0.8572790517563166,-0.5122217752517743,0.9115278620674334,-0.5176416495062689,0.9519589914729079,-0.5384394499358269,0.9684313468619024,-0.5734763658501151,0.979602896610912,-0.5974808872911486,1.0028111722340294,-0.596963530486524,0.9749438262433603,-0.5860331473604887,0.9478524443314679,-0.6406564315530628,0.9730179632470827,-0.6594792316245598,0.976083046002462,-0.6507129869957144,0.9462218189912481,-0.6350364216536053,0.9212546038323733,-0.7027313792029733,0.9521975474420765,-0.7126883882566097,0.9496835092601075,-0.7005443924393523,0.9230051643361559,-0.6846718629200106,0.9017398383627553,-0.7570929037954798,0.9243916476858902,-0.7656493425587152,0.9244016696653112,-0.7506219144790698,0.9026462524687494,-0.7359711509742408,0.8857217579425978
0.038552722661680035,-0.3785671638008719,0.10022227966497863,-0.42508950951164093,0.13441064135253916,-0.42022516753517875,0.16652218681695763,-0.4158192101006529,-0.006320625717934458,-0.43720841833346646,-0.04742262420737477,-0.43978497838201663,-0.08557678891699233,-0.4420152862589614,0.2095817747917433,-0.37598522073602075,-0.1617712851889501,-0.3940666068597063,0.09171005833267436,-0.2898103347177799,-0.053793495479094566,-0.2943180725682117,0.4999232944203121,-0.008757836259135668,-0.49992329442031236,0.008757836259135668,0.6864219211550844,0.38880483264896176,-0.6500782049964685,0.486074612157313,0.7281821269366774,0.7787876348958465,-0.6422011026039186,0.8008449168594279,0.7504763914118946,0.91467053567177,-0.6459522974979418,0.9271791748737858,0.6896868412828087,0.8976608666857898,-0.5814186493044635,0.9002824784399973,0.660023228919023,0.8648983387966527,-0.5645175022266395,0.8641809897628219,0.7284173631828381,0.7944235581218192,0.63696856280497,0.8415295884308841,0.5843797304995966,0.8996131624746982,0.5530100402925789,0.9570242735590683,0.5425848921894053,1.0016850894173266,0.6774560704727827,0.9788826323664201,0.610995869595544,1.0132343922988742,0.5967058826998599,0.9802977859441273,0.6124142892777427,0.9548644417878486,0.7350575354829463,0.9758693026567729,0.6633960208571347,1.00721402686787,0.6459637470497457,0.98019261008717,0.6613574328896035,0.9560362830287519,0.7812512726714602,0.9595354092556528,0.7158115012707281,0.9905766969786461,0.6966555494826229,0.9680004922436511,0.706139184854784,0.9437416394286086,0.819135284733134,0.9380821845366755,0.7642699787310065,0.9670608660444081,0.7436129055394054,0.9513946322958791,0.7476613156583642,0.9311493564348392,-0.60234180629502,0.795154820182397,-0.5328188976223358,0.8625896045129845,-0.5280535184618811,0.9261241036787957,-0.569252885453855,0.9651034356861048,-0.6142288066777327,0.9741583316294186,-0.5686113320552354,0.9834093349973585,-0.6110108202499663,1.0109041259500022,-0.6196642211797251,0.9867078817553218,-0.6104757192958079,0.9625114719293704,-0.6363173577180531,0.9758133192872428,-0.6720179118633334,0.9847685052055355,-0.6694090226666753,0.9581288685040272,-0.6531264352594675,0.934295025529855,-0.699956805378057,0.9549484168421437,-0.7237207759576044,0.9590741261664775,-0.7150510996318925,0.9341272410525355,-0.6975607264459265,0.911788882822408,-0.7554031997903503,0.9281724656047677,-0.7729334098466436,0.9335982147736033,-0.7608699349671129,0.9119634581818302,-0.7444347184106465,0.8925375602174332
0.03435583822543628,-0.3997135714257244,0.09550535254865955,-0.45014510423824244,0.13004123777036258,-0.4452731134133274,0.16229323272830926,-0.4408938311920307,-0.011714916677100562,-0.46196591299469747,-0.052159355927405414,-0.46444336099467987,-0.09001140085812813,-0.4666908083508007,0.20590612254402982,-0.39913428463297196,-0.16421975912391987,-0.4157472398843627,0.08839140153171743,-0.30586911099983344,-0.0563698667289926,-0.3098461981788796,0.4999132178702433,-0.009315288434541297,-0.4999132178702433,0.009315288434541297,0.6812452554437974,0.41269444046386133,-0.6490165136142578,0.514438504752875,0.7218689414814969,0.8215586268593394,-0.641294874565471,0.842343688847119,0.7444244760360478,0.9645770500373952,-0.6458565358486663,0.9772298839367015,0.6841747730541674,0.9467059125566372,-0.5819073260368258,0.9499142029067149,0.6543636975833879,0.9115932971524607,-0.5644816952070216,0.9120832072691575,0.7247190030579586,0.8370186929517847,0.6338261956625506,0.8871325974987114,0.5817570750532743,0.9487991807739261,0.5502973810211222,1.009408460709108,0.5437189109530772,1.0567515133928755,0.6746221619633445,1.0335016840489768,0.6101053687054945,1.0689147869863502,0.5950900611412696,1.0347928359523881,0.6101057452743756,1.008090023558212,0.7311611551910525,1.0304801927009097,0.6614708703604707,1.0625401835900175,0.643507593310703,1.0340398680650695,0.6582295537165659,1.0084176214334613,0.7768771822076105,1.0131337715179347,0.7132342170383091,1.0443722315901467,0.6936106477918551,1.0203933964031948,0.7025513344509215,0.9947770965562948,0.8144239239179969,0.9901058971679981,0.7610368122249369,1.017708598012872,0.7410381803729266,1.0003641007896553,0.7454037434112987,0.9786329753169731,-0.594382676498159,0.8398546096358691,-0.525711857770884,0.9103612632852662,-0.5243326742439248,0.9794683236630437,-0.5674455747277901,1.0205646288217047,-0.612830597697878,1.030403759026866,-0.5706205211064045,1.0391126503266028,-0.6131884322771253,1.066908796579926,-0.6140043629002075,1.036899047171689,-0.5962244748955263,1.011370200041086,-0.6353993121632665,1.0280964065600817,-0.6693821118408817,1.0418189620851348,-0.6637217167049123,1.0125716254575765,-0.6436961601779045,0.9886564558480889,-0.6941405743497565,1.0033385425763546,-0.7241353212922832,1.0141057210068614,-0.7143277730689683,0.9878812749708308,-0.6928769974692892,0.9647661228100297,-0.7427740687724899,0.9712962171359389,-0.7708390884839169,0.9848309242263857,-0.7585264157792105,0.9628652505685945,-0.7378806503050622,0.9428196887498238
0.032078251847693987,-0.36940462686883047,0.09247965218845042,-0.4165636156885903,0.12677140512566817,-0.41226532626191514,0.15884478678394626,-0.4084623538363574,-0.014126171715777347,-0.42668908324198385,-0.05438222085266699,-0.42866526651921344,-0.09184399881218773,-0.4305073098492609,0.202358992640069,-0.36986305941997055,-0.16566698558072582,-0.38332693289111164,0.08608453154044941,-0.28253908374375947,-0.05753210951488507,-0.2859543255397967,0.49991820020229777,-0.009043954140492732,-0.49991820020229777,0.009043954140492732,0.6750290450053742,0.3673543518518215,-0.6412557799259715,0.4472607597146566,0.7155477097407671,0.7538754619689753,-0.6079948213101254,0.7660200504962897,0.7385125259864812,0.8877400267806441,-0.6285055303776729,0.8975556488122373,0.6781708791235582,0.8723686542049882,-0.5663691250575044,0.8716603436294944,0.648407840398189,0.8390925849488905,-0.5395860803097295,0.8359453809173492,0.7218950650694969,0.770923018914715,0.6308315141112061,0.8165849994671253,0.5783282497981864,0.8739520221254575,0.5470854227502958,0.9302677168945027,0.541395355677734,0.9742510917781435,0.6701882640409532,0.952239872526926,0.606668631269182,0.9859445116503747,0.5920870968430187,0.9536193670980678,0.6070312730656886,0.9281503719039027,0.7266592342081061,0.949297833204011,0.65752801933936,0.9792118485251984,0.6403450545051994,0.9522771605266842,0.6557371008391539,0.9283556980324416,0.7721668460551494,0.9333061239051046,0.7083722348963577,0.9620493606018489,0.690016678302832,0.9392126399187545,0.7002506321004223,0.9157249127290588,0.8091988297987174,0.9123044247858695,0.7548559450913327,0.938733222779006,0.7356580330438349,0.9218320736937886,0.7414505614091078,0.9014704045271135,-0.5720691198238753,0.7525206646444265,-0.4956108922938948,0.8115803365039047,-0.49070567497720224,0.8823373023135112,-0.5338152804818506,0.9260020342901271,-0.5802490712353127,0.9398568667890361,-0.5184663165927289,0.9325145206548262,-0.5704863082637098,0.9725101780231978,-0.5746103284665954,0.947758694339532,-0.5620193903066899,0.9240020415758223,-0.5857035897236248,0.9191862399100786,-0.6300632417308488,0.9506736151171682,-0.6265283271323089,0.9268620795832517,-0.6119992408998551,0.9028369855052655,-0.6486158536807408,0.8961745400419716,-0.6864578810446562,0.916730074523407,-0.6780706656105772,0.8953666333805435,-0.6617947735551267,0.8733655835838054,-0.7031440865583958,0.8682724625086045,-0.7395638312978927,0.8881232376526182,-0.7301387972307843,0.8711773752516736,-0.7156248835115111,0.85373982779764
0.033260624739313155,-0.38186772993833945,0.09274270500140118,-0.43103539556278203,0.12676802522714622,-0.42663494183063183,0.15882745387844077,-0.4227389515126857,-0.013661925662221986,-0.4416471498271188,-0.05415262424719533,-0.44379840415974486,-0.09126697522671569,-0.44580615170475757,0.20192198484413174,-0.3827691108936361,-0.1662055408545036,-0.3968760639253016,0.08610894473235643,-0.29150805790737977,-0.05702260867891267,-0.2951727867002166,0.4999030865763842,-0.009843984528845566,-0.49990308657638405,0.009843984528845566,0.6753148943026559,0.3818464228859532,-0.6477644110417515,0.4430589736461034,0.7139060052020273,0.7838746247176086,-0.5828480340817684,0.765773062560312,0.7370351990611888,0.926761402371776,-0.5823338043449492,0.9107049803731659,0.6756672039493349,0.9115031947704659,-0.5076612034690402,0.8788867295350254,0.6457808197003627,0.8752047361345239,-0.48432232824387306,0.8395062436693316,0.7249354885427928,0.8077149424626677,0.6340646977818597,0.8549522565149946,0.581740815327732,0.9149010379940852,0.5505176772518878,0.9736123260828059,0.5428829904799979,1.0196626773037818,0.6740631742767363,0.996204033714511,0.6069924828265346,1.0302338386857066,0.593043380786976,0.9950802340819335,0.6096242227762875,0.9683301983133764,0.7303083511289866,0.9934268741908391,0.6581479933636059,1.0240081369441998,0.6408484846468582,0.9947256779928184,0.6573139503776084,0.9696279915041753,0.7751543161755358,0.9769377421718316,0.7091173285743618,1.0068029869038964,0.6904052098867199,0.981918876244706,0.7011194688067728,0.9571989899023267,0.8118108144536703,0.9550458827825365,0.755509635164229,0.9821575489184714,0.735399141238892,0.9640731671512411,0.7411952998386392,0.9426724647956085,-0.525631804936479,0.7456383191432965,-0.45141921070184754,0.8100070086197595,-0.43604307665907427,0.8976445152187793,-0.4624870903624263,0.9597144011302814,-0.5067863292746556,0.9819884399809552,-0.47698216933982085,0.918173565431338,-0.516433638751696,0.9913761756706604,-0.5084361535823488,0.961150479617595,-0.4916711029074931,0.9282427899270097,-0.5497234353291114,0.8981169759456049,-0.5807126368027752,0.9616300146226833,-0.5684230049756434,0.9342296505595544,-0.5515761045848924,0.9012896213111972,-0.6155274228237099,0.8735436282243799,-0.6378870982440725,0.9199151853655185,-0.6260658078691046,0.8976403043388611,-0.6110699846916059,0.867217202235229,-0.6738150029413562,0.8460897017686912,-0.693697085588583,0.8919729652745118,-0.6795763239045898,0.8733571704616007,-0.6688581317029954,0.8476896677024225
0.021369480809141892,-0.35657392106653496,0.08226124007447183,-0.40333410343349463,0.11854753072732394,-0.3991995671830251,0.15208593818233768,-0.3955615958573316,-0.025405097134474582,-0.41335461474835367,-0.06355759773789378,-0.41541646638098584,-0.10011509967406433,-0.4173420295012195,0.19791099274255594,-0.3584383096820802,-0.17319234593927219,-0.37163216877335153,0.0783232825224764,-0.2712764293378265,-0.06494280037753694,-0.27515495665851897,0.49996692901825573,-0.005750642403626768,-0.49996692901825573,0.005750642403626768,0.6786389541521707,0.36621551686211906,-0.6794423678979399,0.37942729817156085,0.7161221325619708,0.7433506031568302,-0.543617940304587,0.6484128697556882,0.7395324167681986,0.8799470590905903,-0.5318026481896857,0.7932186574631528,0.6769524477002155,0.8651304028847115,-0.44352422714483875,0.7651895827134083,0.6462436842765318,0.8297774335931862,-0.42145684570259345,0.7321937435556612,0.7261476762465146,0.7674571814106372,0.6352133529415077,0.8125505974877446,0.5830073574063515,0.8687100672606238,0.5515048325575191,0.9237523057799084,0.5409926983569864,0.9673552305396577,0.6755481296805199,0.9452003420174616,0.6083630573705915,0.9782495495582051,0.5943147671215421,0.9450251025509061,0.6115097138928905,0.9194085973298138,0.7323934847327648,0.9420547935927893,0.6600063793919262,0.9720838285817506,0.6421741901984326,0.9441269206305059,0.6586440773561081,0.9198390491831167,0.7776113893998318,0.9263460091935367,0.7109685503953519,0.956024087323569,0.6917899571058861,0.9322676693856611,0.7027243330182709,0.9084548562012434,0.8144734125885212,0.9057112433894072,0.757819211336801,0.9338077056794726,0.7377158878796488,0.9165273418824285,0.7440674933703476,0.8958956029418123,-0.5017069963865955,0.6589111475798201,-0.42271193127504775,0.7003693005775352,-0.3975895903563987,0.7896342138290617,-0.4163612720902923,0.8669501850905881,-0.4462785452230908,0.9183345387084342,-0.4209002285468084,0.7795893282974908,-0.434494859726692,0.8548847885096317,-0.4460724397886638,0.8847645513348088,-0.4560677963136199,0.9022204732156204,-0.49098393059132556,0.7678629404300163,-0.5250716686463616,0.8351778360266109,-0.5212150934054806,0.8247566635677634,-0.5156862063017921,0.804511725922417,-0.5624650426221528,0.7499123653277002,-0.5890320141936776,0.8028367552393578,-0.5786074132928898,0.7894062432139335,-0.5702984685892946,0.770936481364795,-0.6278751288744376,0.7288739115160692,-0.6516588254058486,0.7752793932718598,-0.6408754799219971,0.76325828448336,-0.6329319985736622,0.7453472179153219
-0.05514941553071659,-0.34926034190035954,0.019946183225177168,-0.39694919042213184,0.0600459119714574,-0.3933339721811197,0.10195001109888803,-0.3902204108848361,-0.08871305286875872,-0.4064154689993031,-0.12372524121643926,-0.40837742484884676,-0.15572162158561076,-0.41014593600603466,0.1721497104264089,-0.35490761162156176,-0.20769721986433942,-0.36469790203833385,0.01964250293383105,-0.26496192494835574,-0.12362335110558127,-0.270479269129916,0.4999912913220747,0.0029510340703055456,-0.49999129132207487,-0.0029510340703055456,0.6948179195463026,0.39191954821993125,-0.7871540414742013,0.3467444380864289,0.7272090245929874,0.7560849560481092,-0.5652457381987761,0.5485455882677933,0.7518097152456182,0.8954228792285536,-0.517994199288409,0.7114906611973765,0.6852245277999581,0.8796228107947882,-0.41190858401218844,0.6862887957505585,0.6512159172434037,0.8427672660496913,-0.40040743924291494,0.6520555012796178,0.7341106865747531,0.7830348814097641,0.6394876092679888,0.8280364366866089,0.5855566959809894,0.8841713274955616,0.552287584744646,0.9394761384679131,0.5412175824073524,0.9833207148343415,0.6820844417467797,0.9601689460815527,0.6142118966309241,0.9939654661766354,0.5977293801625482,0.9614964322125115,0.6137713015031125,0.9356181519500514,0.7419217973975748,0.9570460814750231,0.6679549500260291,0.9872412580935123,0.6480796122685578,0.9596473191001753,0.6640134743704584,0.9348273705791443,0.790039004241989,0.9411539423502028,0.721443676152235,0.9704499059128491,0.7003707315839373,0.9474073708544999,0.7104564595300136,0.9233968103248679,0.8295705762177626,0.9201472282167122,0.7716034613127543,0.9471552190664541,0.7502113141315344,0.9306102442054083,0.7560560652172718,0.9102319847192228,-0.5207759784185411,0.6871201588023661,-0.4945953940352439,0.7139417626433869,-0.47675288339186195,0.7553896138081736,-0.47790909734515213,0.7841268975503595,-0.4871064708871857,0.7940137499114087,-0.45474332591975014,0.7004678425749147,-0.4286929897348054,0.7648759426229439,-0.4222547088529084,0.8061742992161919,-0.42196913793673424,0.8353720968155531,-0.5005770599574466,0.6907264747378843,-0.5170829594102478,0.746853666255599,-0.5132047670657177,0.7429044110561864,-0.5062051950555495,0.7259892286081114,-0.551778731202725,0.6829731280592763,-0.5734779417453779,0.7263302430491964,-0.561739484559702,0.7183619578235264,-0.5534865845843321,0.7085139227224689,-0.594865511831774,0.6768433694204903,-0.6185233209507235,0.706321389140536,-0.6083095338516453,0.7042663199875823,-0.5995384271405838,0.7012542930945004
-0.07174699436094088,-0.35951354498172433,0.0018568049196008463,-0.4108727184097888,0.04197152678124166,-0.40875453415787605,0.08416022525680926,-0.40676555337507797,-0.11109338315240185,-0.4137530776892167,-0.14867396483889989,-0.4140583156583225,-0.1832586747623664,-0.41491139306184266,0.1570887277164858,-0.3657074505761879,-0.23593475377299733,-0.3673624257566274,0.004793196204138154,-0.2762125979296093,-0.1469331416256069,-0.2778255924359417,0.49984054229699854,0.012626649446397352,-0.49984054229699887,-0.012626649446397352,0.7110606345801029,0.412644520286897,-0.8795552405896297,0.3171993670332536,0.7402192404663152,0.792908309662117,-0.5802164397116164,0.47296589862211275,0.7682860816470907,0.9448833675404776,-0.5107939403595261,0.6178040746485749,0.6994756353733544,0.9286801653645685,-0.4055223789092992,0.5833329235961476,0.6597251138404904,0.8872654777162902,-0.39925811234732356,0.5450263111149343,0.7551071310588321,0.8284411870859875,0.6538151167716899,0.8747741364983895,0.5956151933944689,0.9340849680887628,0.5607190733735783,0.9927378236953213,0.5512440108591441,1.038244205412753,0.6947753186158632,1.0144470170728543,0.6252065746426596,1.0495346651960344,0.6098516211715627,1.0158708476651819,0.6272619440067241,0.9892944048964442,0.7590150716704784,1.0112834136834643,0.683312625489674,1.0420370171527051,0.6641525939567344,1.0140422631631358,0.6804983312154728,0.9886784095867364,0.8112441585439544,0.9946211001512838,0.7409304973655672,1.0243427484044243,0.7202988205316764,1.0010521714664005,0.7306306528206951,0.9761915842182417,0.8545676901909333,0.9725722145462142,0.7948346548671466,1.0000717303842643,0.7733064849162681,0.9828783864126805,0.7792622683639443,0.9617095896807261,,,,,,,,,,,,,,,,,,,,,,,,,,,,,,,,,,,,,,,,,,
-0.08060191534067217,-0.3653491549371103,-0.008949980906072089,-0.42038197944059874,0.031708601689757206,-0.418993629426395,0.0730641403576762,-0.41753962353592927,-0.11958949039785192,-0.4200900221669183,-0.15744706874934558,-0.4191520317770089,-0.19127411112327614,-0.4187963166944485,0.15275268474910852,-0.3708771036358472,-0.23876644817360848,-0.36930334694873,-0.004692117047809194,-0.2832378109545032,-0.15316305585842344,-0.28650429864327814,0.4996280381469955,0.01928272536195277,-0.49962803814699536,-0.01928272536195277,0.711381639346506,0.4258781786485808,-0.8926013946924445,0.34331518090482804,0.743818459963931,0.826768990418358,-0.5948686142729188,0.4279924531606412,0.7726484011087335,0.9861402181549678,-0.49511754089255605,0.517023719439373,0.7035310249284279,0.9693552631920463,-0.4076123336496434,0.46840662151469575,0.6632296718594125,0.9251140733409716,-0.4149126585457495,0.44754720608876253,0.75736829822597,0.8681247727455059,0.657240278104651,0.9159943772248028,0.598813849575396,0.9765503189827829,0.5630293201396891,1.0360252250908766,0.5533535454178486,1.0822581778320772,0.6963914954952473,1.058974240152903,0.6270189553672173,1.0938194788079256,0.6115418912223265,1.060072013306068,0.6283574062566434,1.0335240899360316,0.7606841642706101,1.0557832437804608,0.6859852348933104,1.086695514268227,0.6669301817392992,1.058863807141582,0.6827176602073721,1.0336333150862913,0.8138033935664989,1.0387030530638355,0.7449656433322117,1.0689447881109857,0.7246531169383004,1.0453419751116215,0.7345448320588759,1.0200797335655765,0.8582978705500159,1.0162891204519762,0.7995795850755952,1.0445982778010054,0.7779528589112568,1.0273263822787895,0.7828505305524907,1.0061912294277138,,,,,,,,,,,,,,,,,,,,,,,,,,,,,,,,,,,,,,,,,,
-0.08411258414805298,-0.3348927829248802,-0.011828220098211748,-0.38620285394628123,0.02967864323246436,-0.3846570224476396,0.07076304753322409,-0.3830262108942293,-0.12178873747830497,-0.3868552268975343,-0.15915105204843988,-0.3864216272436764,-0.19226167398025149,-0.3862254078944663,0.15172965120687537,-0.3398483686400294,-0.23773676268204785,-0.3406116586864641,-0.009873687981271318,-0.25890514839715645,-0.15686717905520714,-0.2644460090677082,0.4993971925155376,0.02454473686147559,-0.4993971925155376,-0.02454473686147559,0.7116924515964225,0.4087859611643605,-0.8872399970124023,0.33601468074745744,0.7450715659621248,0.779998172349806,-0.5997239356170705,0.34317443159880745,0.7725052496766533,0.9276363171692648,-0.5041563421813084,0.34483037469448113,0.7053680100232519,0.911485757073197,-0.43014375581936964,0.3069631011899005,0.6660727819335641,0.8700812189950481,-0.43583777800141743,0.3091587280457169,0.757349031059698,0.8169542663477098,0.656341671238475,0.8609032119803942,0.5982188594126367,0.917777019819792,0.5634671222977118,0.973082361662548,0.5537374879946394,1.0162557736769258,0.6943650930623652,0.9950869601096802,0.6275518160000527,1.0275024610390402,0.6114707432412192,0.9975168258273617,0.6265248798958784,0.9732635987461781,0.7586400304217127,0.9923751700396856,0.6864027000032598,1.0205547173006297,0.6671475953217078,0.9953458472149189,0.6816343756156712,0.9720104047252377,0.8122878980449914,0.9764952573218386,0.7459460118622904,1.003363453595451,0.7256433015883306,0.9821145735121484,0.7344571510147702,0.9587586713694708,0.8576553155861425,0.9554720778200166,0.8016608283089222,0.9800847181754923,0.7804090088813819,0.9644720697436383,0.7845526085327692,0.9450676193229847,,,,,,,,,,,,,,,,,,,,,,,,,,,,,,,,,,,,,,,,,,
-0.06933815473525763,-0.3388824710185012,-0.0019376245963634102,-0.3881976503776796,0.039265476532243423,-0.3864120005548391,0.07922878555433056,-0.38472781815855644,-0.11412717793244963,-0.3895984958395802,-0.1527901011191668,-0.38924488748617153,-0.18746832570764307,-0.3888856509870743,0.15707449016690261,-0.34175901627996125,-0.2349270684136376,-0.342735821165264,0.005390726903280995,-0.2633951277738821,-0.14583334885718113,-0.26770178485482354,0.49951661769310146,0.02198064258487246,-0.49951661769310146,-0.02198064258487246,0.7136986352107617,0.40557543461422596,-0.871450865706109,0.32828989882208875,0.749768506346645,0.7759587174540838,-0.5791974768789037,0.24742421915533125,0.7775434872713868,0.9229937019612795,-0.513922380171342,0.2027938278652892,0.7110158029229409,0.9058125812155102,-0.445868643290553,0.17183098636968455,0.671435936938916,0.8632742520800141,-0.44428622695807557,0.1913175563936802,0.7607077364942959,0.8114570403539135,0.6577851109881787,0.8546815208509352,0.6002743656826139,0.9114796415114754,0.5667953258849886,0.9668351880299378,0.5575899435178306,1.010551568460146,0.696014995222644,0.9878955483926376,0.6299745986622263,1.0217313170560454,0.6140778920599819,0.9911814206498237,0.6302935352873769,0.9667665246525365,0.7600391962608076,0.986311949000019,0.6869064782230715,1.0154200752849756,0.667613773351569,0.9891596299143044,0.6832082515470894,0.9651158699241419,0.8137309504255616,0.9716462877687433,0.7459338644695872,0.9985539698936071,0.7255062697237097,0.9759757790407644,0.7353298561726415,0.9520358985395977,0.8595776672980704,0.951530330252596,0.80109530736655,0.9754486629959833,0.7797538365216837,0.958650256157041,0.7850831237103717,0.9385968514601188,,,,,,,,,,,,,,,,,,,,,,,,,,,,,,,,,,,,,,,,,,
-0.0562688569531873,-0.38745160232185394,0.00969767380272419,-0.4405546188245066,0.049473203363814194,-0.43779901568877855,0.08748264043672309,-0.43516719307837054,-0.1048951853926132,-0.44287762073564446,-0.14652344913885734,-0.44238655258169995,-0.18427412622924116,-0.441743056007929,0.1602652671383836,-0.3866843252227629,-0.23453669053033313,-0.3892780407282143,0.015305870100205647,-0.301445758276861,-0.13858609524181384,-0.30510800421231343,0.4995611431360075,0.02094431351573004,-0.49956114313600786,-0.02094431351573004,0.7174948801662149,0.46382607828642886,-0.8284326884090429,0.3687619141388644,0.7535507482183722,0.8714870585158897,-0.5508932769432562,0.17500341113609524,0.7797400547100745,1.0306434093408656,-0.4905243505903306,0.09302052425172325,0.714153561128662,1.0107006910802363,-0.43558853651887564,0.05296094817046217,0.6757600619613457,0.9634713037408613,-0.4310889938182392,0.08330519441759471,0.7666438126800491,0.9077091680490729,0.6622348482042522,0.9527236587395983,0.6027251363328022,1.0153371456043432,0.5669556731078035,1.0768362473903332,0.5588914283147037,1.1257288341900133,0.6968243743824519,1.1025532280606534,0.631582329210033,1.1381474261953788,0.6165634464911829,1.1052515354073686,0.6327573939853647,1.0786097142181723,0.7614133233402774,1.100676520707329,0.6895445652956893,1.1307297836234689,0.6712273666309383,1.101429834210041,0.6871923173661272,1.0751793540703283,0.8159342529043434,1.0837158861069218,0.7494927815992534,1.1108661623797473,0.7304182624780737,1.0850356711840246,0.7409148299231217,1.0588976205170915,0.8626695045005416,1.0608231554138827,0.8048381842308499,1.0852208915334118,0.7845119150181906,1.0653886208157537,0.7904535441543908,1.042924707663125,,,,,,,,,,,,,,,,,,,,,,,,,,,,,,,,,,,,,,,,,,
-0.07194676177524308,-0.36542538700742205,-0.008348653481324662,-0.412319116403652,0.03273460932240794,-0.40974757403513956,0.07189020537100525,-0.4068920281143572,-0.12206458635979014,-0.4138188902646186,-0.1631896188742863,-0.4131180651722825,-0.20074717270695253,-0.41202956176154176,0.14830071373035414,-0.36029503712356026,-0.2508053108572562,-0.3616419927465708,0.0017639338062249012,-0.28424739205451977,-0.15329807646436916,-0.28659011523446865,0.4998946097469934,0.010265434520822696,-0.4998946097469931,-0.010265434520822696,0.7266568649468773,0.41715787080355055,-0.8276079958024097,0.3033688557124514,0.7608037653941977,0.7889496231547134,-0.4900959968486197,0.03626902507559695,0.7840885982657458,0.9267678367582757,-0.4089987542502879,-0.05774268141967559,0.7179594829501076,0.9074136354954226,-0.37096910554713125,-0.07936866619966561,0.6806972312586537,0.865083799918323,-0.3765289022935212,-0.0408805929604144,0.7704133892394782,0.8123170991047448,0.665275897217572,0.8541470100615222,0.6042018882929477,0.9107624120752492,0.5659488202066372,0.9670176463187505,0.5577794418921811,1.0125063785496693,0.701902429021694,0.9878423965872346,0.6321491706879188,1.0229848769599499,0.6158844554584482,0.9944366015154494,0.6322268817777114,0.970784387310081,0.7669332276015958,0.9869506303311275,0.6901151677491121,1.0172424377875224,0.6698165993669863,0.9918032624556268,0.6855243851196092,0.968919221123745,0.8211684447603252,0.9727226972684302,0.7500459601972304,1.0006791285755474,0.7288396831134982,0.9782315008655209,0.7389237763347908,0.9552019883263538,0.8669724404048251,0.9531480850854481,0.8063014498264316,0.9784440749529342,0.7838150984025032,0.9619175008943138,0.7886552041117576,0.9421484372995735,,,,,,,,,,,,,,,,,,,,,,,,,,,,,,,,,,,,,,,,,,
-0.11922684474441157,-0.4019221735104715,-0.056121462028127365,-0.451299667466335,-0.016467598409289165,-0.44919627662933975,0.02570590255461991,-0.44703973182739637,-0.1585252791370665,-0.451776214216332,-0.19183666418175052,-0.45081410118027593,-0.2253294982627926,-0.44954313471032803,0.11460187136488967,-0.3976948132833298,-0.26409336094845287,-0.394720117749078,-0.0357042716706522,-0.3141443988278192,-0.17745001821970255,-0.31557570287572456,0.49999149672726007,0.002916024765692786,-0.4999914967272604,-0.002916024765692786,0.7406680467474493,0.4532097074720194,-0.8380957448538421,0.2761837110236663,0.7653176566975556,0.8474821760138235,-0.4622151693236199,-0.03332578465630444,0.7837241896339822,0.988468032861062,-0.3455682618764342,-0.12239615518179134,0.7164011053461762,0.965856143521807,-0.3125015913916814,-0.147484739069037,0.6795572853993641,0.9210591727924858,-0.32771574161518363,-0.11228884555699277,0.7699145120666008,0.8624395441272906,0.6621014926921851,0.9089178264332274,0.6007559020222268,0.9702405137310774,0.5623772341129032,1.0312836829793153,0.5545395583644486,1.079539602004278,0.7023429787955974,1.053323400972653,0.6279214148941373,1.0900688157528335,0.6158840506746224,1.0553026199442503,0.6376715546989289,1.0293484232999814,0.7699008924052759,1.0512538115038128,0.6902509162588267,1.083239888565813,0.6727979792870868,1.0543188775353076,0.6918020199461453,1.0302274340086308,0.8255881728106894,1.0352268840363466,0.7519574279538895,1.0646130579363822,0.7324859253706538,1.039406344397217,0.7453022463491592,1.0148260945569638,0.8722533062763123,1.0135983868327891,0.8090859760681963,1.0404766042977065,0.7873048425306385,1.021318058882171,0.7938321750564824,0.9996944655040454,,,,,,,,,,,,,,,,,,,,,,,,,,,,,,,,,,,,,,,,,,
-0.1538342607338501,-0.43922485933835514,-0.08836381170354707,-0.4842681144358485,-0.05077807833148887,-0.48304646603394996,-0.01109492876817701,-0.48193285331566044,-0.1844466961999709,-0.4825400028334938,-0.2146461209833172,-0.4809784462433696,-0.244759905491824,-0.4790535553601556,0.08700369443372818,-0.42920225300667164,-0.2665484205576566,-0.4202109464914802,-0.0677694170766102,-0.3494756850534129,-0.20380668203249613,-0.3499180250334958,0.4999886190792177,-0.003373542834600529,-0.4999886190792179,0.003373542834600529,0.7492304390059678,0.47133056572243537,-0.8356524840666204,0.24993935975744183,0.765162392140476,0.890803911445466,-0.37078496371465286,-0.0826721939390065,0.7799275240496615,1.035105961396598,-0.2550254004927554,-0.18641217298547189,0.7132218956826283,1.0094886429903558,-0.2173379555346407,-0.2227417438771841,0.6785703874598332,0.9644092841312483,-0.23895166757162328,-0.18056097505994012,0.7706845387055241,0.8953619883824939,0.6614691913955729,0.9463919453454197,0.5998189811034593,1.012220402418755,0.5620408323066971,1.0772461249654108,0.5555273280100212,1.128226657440427,0.7042105133439699,1.0999880038334198,0.6291246868746934,1.1399538574025232,0.6165987509433856,1.1010090145371874,0.6390717277430911,1.0718309281915868,0.7720226404805259,1.0971110944219404,0.6922913244498298,1.1305744124832093,0.6748808106833851,1.0987698463804814,0.6944585297596545,1.0726781263839698,0.8276223323319736,1.0792986192198262,0.7542464493451642,1.1091708532060303,0.7349289534176364,1.081431772768637,0.7477886442503764,1.0549031329496383,0.8738625768716998,1.055756026900851,0.8114748475032034,1.082793610331409,0.7905548437079171,1.0612009886079141,0.7978549616344188,1.0374891771314494,-0.38981746906176934,-0.02754909932029864,-0.27692806589921637,-0.07853707302862474,-0.19984037048619346,-0.13463653095124128,-0.14482937296616302,-0.17538408148618573,-0.09126391283584319,-0.2073127600111549,-0.28539225311418803,-0.2309504347557554,-0.20537517596076182,-0.2639432096440266,-0.14895199452566937,-0.28406540691867294,-0.10662060109077237,-0.2975923748038849,-0.3408551186653455,-0.2258842410108691,-0.23866590644889357,-0.2366503276039878,-0.18560603215705518,-0.21890243495763653,-0.15139901677462342,-0.2066027193660749,-0.38430566977928504,-0.20680675614608818,-0.27098608384800005,-0.20974659450592836,-0.2140319987553858,-0.1944234415136386,-0.17636877084157038,-0.18605664739400343,-0.41779597072793634,-0.17708224442114545,-0.3283104695634428,-0.18154285038852272,-0.280106112653582,-0.16948575574969188,-0.24934386174522882,-0.16256522503741785
-0.1524498969230024,-0.4145967387222447,-0.08123597389313171,-0.45912625278243524,-0.043462067744503736,-0.45868498666810914,-0.0030632583661794515,-0.4580589564965565,-0.1809019224375502,-0.45663856130243047,-0.21207665066317596,-0.45562751999486933,-0.24277828206572477,-0.45401659761882673,0.09019388362879514,-0.40783246465509304,-0.2596450986365274,-0.39767973132056383,-0.06962528045201097,-0.3299588013901933,-0.2088082094206896,-0.33003733471619323,0.4999835123488013,-0.004060465411270823,-0.4999835123488011,0.004060465411270823,0.7538659562432781,0.4493547458453121,-0.7871413040645546,0.24515622792893718,0.7589334505291365,0.84149787768288,-0.30821234287241084,-0.09444028128710548,0.7721156879750914,0.9732145225574158,-0.19738342212068105,-0.20290418032274496,0.7084591164063055,0.9474686661809705,-0.17839474887308124,-0.24436160485600458,0.6753978819262282,0.906824702396869,-0.2001060159236506,-0.19935874042015395,0.7682481432280595,0.8377441051235838,0.659741905705096,0.8864616044809104,0.600072242170196,0.9474552475622892,0.5644052722875086,1.007758003815156,0.5567085184476164,1.0542655598958226,0.7039803793546908,1.0291073702041873,0.6314623906343221,1.0673316817863407,0.618634757989458,1.0313209261858767,0.6393643273505212,1.0033575570555666,0.7719349005150756,1.0260611717299681,0.6938965775939424,1.0586032144013264,0.6763941733022657,1.0293795273164148,0.6950429443434146,1.0044917744012787,0.8271831126634023,1.009038621731352,0.7554259559886173,1.0387152732135427,0.7359418597557096,1.0138526372000407,0.7482417237070585,0.9888165913451195,0.8730393073558109,0.9867139970179096,0.8122975524013969,1.0141194612715105,0.791624615256724,0.9950849786385694,0.7988236590410309,0.973033199171646,-0.2636468181731613,-0.04026819945263291,-0.17908479064817673,-0.10089179831884004,-0.12078900290128662,-0.1646940615103504,-0.07266403449379072,-0.2127297058017388,-0.03149023501578533,-0.2533310912765631,-0.2530880681514926,-0.24332372631108093,-0.12712070250995247,-0.2559506464901472,-0.03388163926097938,-0.2665937615240473,0.03858407356733655,-0.27122791589233525,-0.28505608303901797,-0.2404063809829166,-0.12974342757747986,-0.24754577425563862,-0.026953776666695843,-0.252198938333725,0.05686255703977886,-0.25802855399965496,-0.29622003541930514,-0.22427264243836117,-0.1380440768786889,-0.22996359904458477,-0.04035208779980205,-0.22975432020322897,0.04105258475330816,-0.22903229529803346,-0.2956611190067751,-0.1958831461481346,-0.16435551352178718,-0.1984476506184109,-0.08348231253787933,-0.19791959356658873,-0.016707048375716647,-0.19877485847394627
-0.1431026540259372,-0.4651254163067362,-0.07332210827217318,-0.5148104583215495,-0.03533734294758791,-0.5143044304962493,0.005341508816977583,-0.5129613677408164,-0.17443615495266754,-0.511411782438665,-0.20637203659898043,-0.5098620067931527,-0.23771720354145623,-0.5074862361324476,0.09426751280412818,-0.4531374962573395,-0.25589634497526564,-0.442178572417675,-0.06146812793625968,-0.3693551059209231,-0.20270945279573244,-0.3682609171100379,0.49995789857509704,-0.006488424490815964,-0.49995789857509704,0.006488424490815964,0.7596556202325296,0.4949252873946678,-0.777671437445899,0.2423175674769924,0.7629768367899835,0.9327030261336315,-0.2709919512939187,-0.12293059491465087,0.7748142448418467,1.0767451742502852,-0.14668455697262597,-0.24623749865405953,0.7127039408986471,1.0476582342210943,-0.12311397181331958,-0.2768715495217083,0.6800292842738921,1.003684349582328,-0.15618123893060273,-0.225926339285191,0.7724073386399443,0.9251684745305906,0.6643300979256265,0.9790038583609987,0.60393458926887,1.0471041446971336,0.5681971128840209,1.1150666224398826,0.5625673335471199,1.1667149610520475,0.7049391716520864,1.134709295924811,0.6355527627854338,1.1807369854290992,0.6205895166828123,1.1448431764660878,0.6374476726327369,1.1146708985922997,0.7726306283618821,1.133118215769955,0.6978854842250948,1.1737060823593455,0.6785480273587334,1.1447341097202173,0.6936344753098851,1.1170022240782043,0.8288547186781429,1.1163169879784935,0.759256795133483,1.1539798481389245,0.7380453618312505,1.1296179917039608,0.7472765601598723,1.101434992296305,0.8759664513869301,1.093449326927621,0.8168153904285118,1.1264948378361683,0.7953885174336284,1.1084432445060959,0.8001702755511783,1.084576090466451,-0.23956981045315762,-0.0657917068818737,-0.17109574943473477,-0.12006116874711242,-0.104134127392249,-0.18433136597258687,-0.02845940895407437,-0.2201138240693952,0.03618754473062976,-0.23383006183695104,-0.1599980976149744,-0.27155887597197925,-0.04694448347370319,-0.28990159947274835,0.03691280021418898,-0.28981023465945355,0.1004897512958189,-0.28589382483456555,-0.16514030291061305,-0.26411302437517864,-0.03692697387817951,-0.2827094755762017,0.046335670091232066,-0.2815234460936191,0.10754125815912,-0.2782000510100224,-0.16153299639692703,-0.2422722657570671,-0.038188211916936526,-0.2621425899017884,0.035247067610788885,-0.2654980578417188,0.09222497879495811,-0.2647014708758052,-0.15036436722903118,-0.20863840351957377,-0.051104126770268474,-0.22130594453953076,0.008957973698165027,-0.22594451707616944,0.057017815499710786,-0.22949194629569938
-0.14694282261767186,-0.5189091563655392,-0.08270692831542525,-0.5756530810744163,-0.04535679012967125,-0.5749047681680317,-0.004567954449353173,-0.5732032975135913,-0.18066150875155074,-0.5700355523471355,-0.21196046807337457,-0.5672893412740727,-0.24334069096424604,-0.5633329910563295,0.08418347203227737,-0.5072227422851371,-0.2611120040304606,-0.490252981046727,-0.06377996406242678,-0.41259119366726743,-0.2075170374488293,-0.40301710321492124,0.4998652460503535,-0.011607574726005692,-0.4998652460503531,0.011607574726005692,0.7594780357995513,0.5558344219579547,-0.7887295255481254,0.2277597036025349,0.7595330146562386,1.038722770918169,-0.20487805232783352,-0.1473884016704358,0.7691731519537274,1.1948746083513115,-0.050406521452665796,-0.27383699678559786,0.710273273299935,1.160788934314765,-0.03174568991231741,-0.297992190531681,0.6778992692425663,1.112665730802856,-0.07441453964422189,-0.24901386291561356,0.7704376656575381,1.0271099613859358,0.6625625776587445,1.0863618341692771,0.6008876904974905,1.1607707446850453,0.5628784631492968,1.2365830062844372,0.558345007384917,1.2937183252932758,0.700311805393839,1.2578834857011048,0.6309210409191554,1.3088131798729392,0.6185543027928023,1.2669912025077252,0.6382825126942573,1.2334552360019007,0.7689749214146753,1.2565357610432524,0.6943859169921605,1.3005992930104626,0.6771635163357415,1.2671625234388082,0.6941149654155774,1.2369258596539252,0.8261914832810463,1.2383321718400617,0.7564969113393293,1.2785128523840366,0.7370902510857513,1.2505039952251988,0.7477938240374928,1.2198650445132546,0.8742918497829817,1.2132869552816365,0.8148557629970343,1.248439895266633,0.7943442686672363,1.2272316330424986,0.8000872592787395,1.2008156375280876,-0.18905487452607245,-0.10586718771756744,-0.06482587657510563,-0.1668256073310848,0.019562725733218368,-0.2202829197583596,0.07787426490867491,-0.26422462350791087,0.12496617461304461,-0.3072294555732253,-0.08201826885157987,-0.33317950045655514,0.041810763392968214,-0.32359811300158875,0.08440492073391465,-0.29528912695237236,0.10424856433048614,-0.2904897085478433,-0.1096776716685504,-0.33652829589092087,0.03441183590275279,-0.31873154102222157,0.06665025465219501,-0.28808338974175607,0.07437445545787191,-0.29005622429073896,-0.12728536240032065,-0.32194888465576255,0.011126866340380766,-0.30848538605318887,0.03130673521589716,-0.27840016151109037,0.028818230073165335,-0.27200788146213456,-0.142190218063986,-0.29558523720362684,-0.04705850621574518,-0.29090616646550044,-0.019812211461373727,-0.266931282711699,-0.011518289515282366,-0.25469600712986445
-0.15304129707771416,-0.3969759269438332,-0.08877191456635736,-0.45152632706519324,-0.05083970181396715,-0.45237463111653053,-0.009455848795380587,-0.45238012969683933,-0.18899311850987327,-0.4436370486316306,-0.22086439162143778,-0.4399746557717786,-0.252707022709776,-0.43533106240420205,0.0792432995498066,-0.4025015771864889,-0.26912398901881407,-0.38255941071597616,-0.06766860455744031,-0.31213452464948765,-0.2141436901637429,-0.29605726798127824,0.499907920568407,-0.009595361013077007,-0.499907920568407,0.009595361013077007,0.7610459826942588,0.4432410662558518,-0.7845239265438797,0.1593882779409609,0.761400745669203,0.8299399774153998,-0.1287349462937709,-0.16893102177015956,0.7712153385701693,0.9550457068468824,0.026697462082024098,-0.26622527037376503,0.7116724428259934,0.9277893288495672,0.03045653410331598,-0.28156258731949263,0.6790503948276156,0.8893339500404913,-0.009135810126587316,-0.24675505128083614,0.7740198239331948,0.8210104521809503,0.6649257856593562,0.8689438607586671,0.6016399635903792,0.9279434582853008,0.5622668027196838,0.98839112808465,0.5581363796791083,1.0337503551424034,0.7001645423588346,1.0066376169814635,0.6313787883085991,1.0462229963407752,0.6204251496963097,1.0129146270749347,0.6413125939548863,0.9872837986039954,0.7698531283689963,1.0058319480759055,0.695318179324559,1.0397886422569282,0.6790247386523705,1.0130154625784442,0.6965368476487128,0.9895444764528124,0.8284199835842267,0.9913226327311441,0.7586805275714232,1.022922043237001,0.7399855804267005,1.0001526759587755,0.7510688269587642,0.9756696126821466,0.8777406628845302,0.97128326827948,0.818212364619373,0.9996043406116706,0.7981087607493264,0.9824335432103501,0.8039873424893775,0.9612012406123001,-0.12757975488595674,-0.11282156264738888,0.005740348037220913,-0.16086426608293664,0.10883371656466788,-0.20611918930190878,0.1804507180227967,-0.24133353568987534,0.21470967423661205,-0.2750039653206663,-0.0027562694474781184,-0.30469029284676724,0.09512469320059833,-0.2825023369910429,0.13737399978586637,-0.25893432207134603,0.16861127784276916,-0.25571959824217577,-0.061082929780670175,-0.30962962524141546,0.0577049404313416,-0.2733338349970173,0.07131930135571284,-0.2392476281013358,0.06363041104339323,-0.2348853928584848,-0.11227562517818535,-0.29599762953331327,0.010566805418288675,-0.2629822923011617,0.011678646736895015,-0.22667288249630635,-0.004088399994915242,-0.21973832679144262,-0.1560243803847965,-0.26902404775095823,-0.055452505183940085,-0.25255943724837776,-0.04158976594232309,-0.22395142361760953,-0.0478299670489791,-0.21262265631056043
-0.16700552089616355,-0.46382058981151536,-0.09582483573200638,-0.5275808023071555,-0.05509209856231137,-0.5284328957184908,-0.012190532752685276,-0.5283555944368592,-0.19590558980756775,-0.5192069581005392,-0.22652911281525115,-0.5153664090034165,-0.2569894908991448,-0.5104996903351717,0.08264572242921445,-0.4701512879950588,-0.26648252777076153,-0.4470844669353041,-0.07688071354060454,-0.36342530316564725,-0.22208779746816495,-0.34702319695264977,0.49987698984667184,-0.011090312070908607,-0.49987698984667217,0.011090312070908607,0.7618943964294268,0.4937919376224238,-0.7756886881761419,0.18629356803813063,0.7681924563853577,0.9673144808085364,-0.1885946995288443,-0.16971204772518259,0.7780894711635015,1.1157394656902504,-0.02767065537856034,-0.28316265095207854,0.7184743183177971,1.084299393528342,-0.02425726403429083,-0.3139024644450891,0.6861070313355667,1.0392519233814257,-0.05834745019809341,-0.2638772662446695,0.7827141303297036,0.9612015508135279,0.6722985337723589,1.0174539504687592,0.6081270872523262,1.0878809536767757,0.5674813607086523,1.158856776214228,0.568629812185779,1.2112484612206065,0.7103066397318245,1.1777817511098354,0.637021939965487,1.2239102529906685,0.6267966376468196,1.1837185290794379,0.6502408961442248,1.1539543724274806,0.7794048409844235,1.1771587937225692,0.7013813915881726,1.2176446974472723,0.6852884211601433,1.1856356404041986,0.7044536213707214,1.1584815387908602,0.8376622285256087,1.1608290462540145,0.7653837001055824,1.1986360948224315,0.7469154727667046,1.170916566954704,0.7592845215805568,1.1425999805945788,0.8871992424328805,1.13831954568766,0.824791758782721,1.172708137834871,0.804180006914541,1.1515070257131141,0.8104809524269467,1.1262012353068696,-0.14893339167497635,-0.15340147730092016,-0.026597672301554277,-0.1911584085422436,0.07070595563251748,-0.256938438285426,0.12008315410423974,-0.3076823802438292,0.13973179600735391,-0.3506018904295141,-0.053751868562525916,-0.37395221542241375,0.026260839074546377,-0.35983138667424164,0.07040319416850474,-0.3202790293737439,0.0977023341508842,-0.3001357190611169,-0.12089033303670425,-0.37607256387637444,-0.022842009566150335,-0.3471318339200578,0.018768380703768562,-0.30800156929547673,0.03342256828009041,-0.2963527010968709,-0.18208776967728602,-0.35565771057059925,-0.07244250571587636,-0.32641657320395223,-0.050705830754136566,-0.27230804847969997,-0.05376474258372286,-0.2466286022619881,-0.2327427147528119,-0.32194960694353114,-0.13628921614950842,-0.31335888420507374,-0.1140602208599245,-0.27374909462244307,-0.11144524079575224,-0.24896978327754082
-0.2107813548643578,-0.42624386646959983,-0.12643030503360322,-0.4845269379310182,-0.08909852507816787,-0.4853481862555683,-0.04901078433918423,-0.48558797667695625,-0.21150768870229844,-0.4773596880364484,-0.23565101229533367,-0.47417494610086214,-0.2601498693275665,-0.47043538964226794,0.06468522891993407,-0.43194175652780037,-0.2578830004206779,-0.40990506196052007,-0.13294808858283455,-0.33379955613987516,-0.2442091865458238,-0.3189927911479343,0.49992493771650304,-0.008663524060721961,-0.4999249377165027,0.008663524060721961,0.762121458297084,0.46035353459191275,-0.7214682908837139,0.18110453814520758,0.7634155253284793,0.8851207255851687,-0.20502120791184694,-0.1685518934308562,0.7729467211229455,1.0198370616014003,-0.07469288565330655,-0.2762862525735564,0.7138974166285739,0.9916223542338863,-0.06590944137384072,-0.3008036716245514,0.6821203935943553,0.9503811112514474,-0.09361842377753728,-0.2560146142040857,0.780588987634953,0.8771488456099417,0.6684653613747693,0.9304330770551719,0.604477030716098,0.9941658487149134,0.5652791670004013,1.0589374412510408,0.5652462167280011,1.1068155050716235,0.7067966329263422,1.0751947802384287,0.634675516033867,1.1195913219634699,0.6231198555031359,1.0835990958210402,0.6442991922595367,1.0559044311075192,0.7753940476883459,1.0749872328228545,0.6972700501700118,1.1148041839238292,0.6802822077313926,1.0863519440484994,0.6979347669985642,1.0607334760230638,0.8327160989035017,1.0606393661853664,0.76003285036388,1.0984229306395883,0.7408197661958376,1.0739276391416028,0.7522271505007682,1.0472139927170143,0.8812544861707095,1.0401707474358404,0.8192765614654127,1.0741563206282145,0.798397950861784,1.0560418928858064,0.8042362997941246,1.032829276930025,,,,,,,,,,,,,,,,,,,,,,,,,,,,,,,,,,,,,,,,,,
-0.14526500416058616,-0.40505934301308255,-0.07382815237093404,-0.46194365849640256,-0.03840257068104428,-0.4617484778151693,-0.0017036689817613163,-0.4612173763022888,-0.17063506480135196,-0.4589431275035601,-0.2024528705438436,-0.4573740673813768,-0.23302386581674545,-0.4548788180355117,0.08367105828985108,-0.41286832076179636,-0.2449042346179903,-0.3973269496123863,-0.08617944267192902,-0.3191331049369138,-0.21252811210428463,-0.30590248049837343,0.49994238739976543,-0.007590077800837374,-0.4999423873997657,0.007590077800837374,0.7610665270510789,0.46403139158584517,-0.6805895989015808,0.1801504559037644,0.7565674486495774,0.8595397473889648,-0.21112461516772993,-0.16326216300390653,0.7661886874003049,0.99006520875178,-0.11493496551776242,-0.2738796325057747,0.7082586616649245,0.9638464040392805,-0.09171347074931144,-0.29937233007409875,0.6774226787563512,0.9238277124888051,-0.11826589997022756,-0.2541542177305015,0.7761429118339224,0.8511431269972913,0.6676313910064,0.9033545719019733,0.6068993284663284,0.9643580750090068,0.570237497017827,1.0253048619360228,0.5639430977500013,1.0723640620059616,0.7077681274162148,1.041861435202753,0.6353748847088779,1.0856519277743344,0.620936884128442,1.0510447300172627,0.6395233044009552,1.0240422267308786,0.7735365714694021,1.0420932013210966,0.6951021710330071,1.08346712949409,0.6761887997695918,1.0564002078304022,0.6932702109653296,1.030504370254114,0.8279326384718763,1.0287829291606179,0.754634407491107,1.0693605551641676,0.7333918606451754,1.0473338463746942,0.7438435161183453,1.0211316714063357,0.8738788435433666,1.009588528373256,0.8119254024499387,1.046176941332299,0.7888931383802434,1.0311662340709238,0.7930271179164927,1.0088918296187193,,,,,,,,,,,,,,,,,,,,,,,,,,,,,,,,,,,,,,,,,,
-0.08942270352345648,-0.45969341147846093,-0.023334839768193793,-0.522934884815455,0.012126116938693948,-0.5208352858946411,0.0461964185496755,-0.5181441400986635,-0.12568694793562735,-0.5240878879710781,-0.16454223612372115,-0.5235310610128812,-0.20070910261180513,-0.5216531663734532,0.11175196390542907,-0.4619724469556574,-0.23853866241401794,-0.4561290346114052,-0.03784596760830204,-0.3614252782559559,-0.17496669788952685,-0.3482442894885881,0.49998096531437825,-0.0043628343198543725,-0.49998096531437825,0.0043628343198543725,0.7590981698560801,0.5450924313616576,-0.6589343392538571,0.27552458073194735,0.7530759171194664,0.9889910984685052,-0.2891793516977464,-0.15379101678671195,0.7630435257046495,1.139907004218035,-0.2392918181254517,-0.274702876030397,0.7053829676958302,1.1106863195489163,-0.21582951054773689,-0.309667744527451,0.6747748735065543,1.0643216443436176,-0.22659944481699895,-0.2618604316128168,0.7719753581269324,0.9804047120464261,0.665861212595901,1.040348195821325,0.6075287362217576,1.1089571670465233,0.5728164457940189,1.1782639582840364,0.5665107174759801,1.2330648688502124,0.7085076125662009,1.200061625343069,0.6369135670046117,1.2479708839849133,0.620011495798998,1.2096779353310596,0.6356567397472972,1.1783132706298736,0.7723623044334027,1.1990246571563237,0.6949121151297457,1.2448674265952733,0.6738209760372333,1.2148867279756208,0.6884417742945901,1.1849398435359708,0.8248784006085741,1.1827978762527134,0.7510941534393668,1.2283799947208098,0.7286807696476726,1.2040070155597966,0.7375495362354754,1.173685156016904,0.8688919396009058,1.1598871591019297,0.8066025631237458,1.2007844034406239,0.7829986246465633,1.1847685586122674,0.7860219366167864,1.16023455954648,-0.34997171629034357,-0.08071444766611556,-0.28931189684139935,-0.13349355205297167,-0.2351017882173488,-0.2031206722635448,-0.2546774232399339,-0.24936116086728644,-0.31499112883795255,-0.27204816098787443,-0.3359520743941996,-0.32262400989021833,-0.3368677047978531,-0.4037839795053558,-0.3605336401970668,-0.4513614365059249,-0.3863897772038986,-0.4974786442450739,-0.4195461586711451,-0.31765523754121094,-0.4012274577971194,-0.2777819791594398,-0.3765430626166765,-0.21315271551817394,-0.36859078156248576,-0.2016804498527809,-0.4864612537705442,-0.28529184688066356,-0.4596313375228434,-0.23655051788089912,-0.4315360427182377,-0.1872997621574056,-0.4252940215821482,-0.188183258247413,-0.5413438152161429,-0.2404338147968481,-0.5135016388794162,-0.20558820166676747,-0.47971449217612516,-0.17086667450080334,-0.4669393850441343,-0.1693303433343774
-0.08284755157181858,-0.3696034114941254,-0.019942575390059378,-0.42702717371692284,0.017928247203784352,-0.42534835801885895,0.054422003354873766,-0.4231129643832762,-0.12724598100580733,-0.42785229217728943,-0.16694730217469575,-0.4272403897262208,-0.20386340712462564,-0.4252312100278183,0.11741691825403902,-0.3794905019698341,-0.24446016329115677,-0.37431940967399113,-0.024076765554530175,-0.2880504959189774,-0.16814320939569152,-0.2761241472066261,0.49999186814746327,-0.0028516287292787114,-0.49999186814746327,0.0028516287292787114,0.7535818794111243,0.4517633136373609,-0.6725444246387868,0.2352060036731313,0.7471291502917652,0.8192132351055714,-0.31810042559579227,-0.11202139165177731,0.7568493679686678,0.9443439535470791,-0.2645602916600451,-0.20506664179608272,0.6992007864229567,0.9201863047374484,-0.23495229498504186,-0.23176121950415252,0.6686656305233872,0.8817694291207674,-0.245821848290554,-0.19447158085104807,0.7625605833395319,0.8141252129001036,0.6565576573964903,0.8604579932371311,0.5978404927997932,0.9158766584440018,0.5638030677003308,0.9733721592303027,0.5554146266607424,1.0213980029940342,0.7013986237737252,0.994042530645186,0.6273850410209494,1.0333652618511942,0.6103417608880785,1.0000875669510043,0.6283923119296658,0.973665445808157,0.7658823342111397,0.9931061799173662,0.6855307422707078,1.0300792856985195,0.6643133229468701,1.0019890971441263,0.6818218917412857,0.9766606349844933,0.817825895689561,0.979186898916465,0.7421113816589061,1.0153304702745738,0.7206079102148624,0.9919250348810987,0.7328472665037657,0.9669381849286256,0.8607174777524722,0.9597711608224139,0.7959158841523495,0.993093181989484,0.7732252643647771,0.976743621754818,0.7804771876452197,0.9554215209047143,-0.3104398259106043,-0.04104753957196283,-0.24410404015121398,-0.06872746019756223,-0.18720466307567643,-0.1257256236022689,-0.2048547625120909,-0.1663674778482169,-0.26406445374294407,-0.17935757364564353,-0.3320637853276101,-0.2110051117572772,-0.31484607535444964,-0.21383940991604636,-0.2773995242398659,-0.17652710820919862,-0.2544621604651107,-0.1601737985722589,-0.39827352870393745,-0.20048953814044512,-0.37902525457651404,-0.19069135015864852,-0.32575739355129885,-0.15246052821479367,-0.293712078997707,-0.13799066832001158,-0.45654986540665027,-0.17278462149968768,-0.4508161119486453,-0.17651602664247856,-0.38986959940541355,-0.14591715468677482,-0.35139932778296795,-0.13265151948225615,-0.5086331416622298,-0.13431317124991154,-0.5250293330183237,-0.15357710021190293,-0.4725441097394676,-0.1370195731311221,-0.4269858767501403,-0.12561705757643252
-0.08160101393941784,-0.3586937016191349,-0.015096559603735285,-0.4181036558242025,0.024257939558715837,-0.4164859078305165,0.06253059018674532,-0.41422125721650066,-0.12448475429742777,-0.4189536881607158,-0.1641321965293292,-0.4183560117337031,-0.20094076956715226,-0.41637607035091884,0.12333626015177787,-0.3722357373028011,-0.2418111109333158,-0.368849040728302,-0.018934156330671206,-0.27742387748125896,-0.16562975636441127,-0.267896684256532,0.4999996102029059,-0.0006243372022617582,-0.4999996102029059,0.0006243372022617582,0.7533983414770054,0.44921084227198005,-0.7085112999470322,0.231678410139573,0.7449217000029391,0.8053208239991181,-0.29150513989900123,-0.0540703046516078,0.7522582444657848,0.9272038957664439,-0.19055627789222815,-0.15094491397813653,0.6950624919625348,0.9031230317271705,-0.1678585046518695,-0.1982971537562631,0.6656631676907153,0.8655666406048523,-0.19103353274775495,-0.158803249151557,0.7546672654113664,0.795103890717947,0.6496165626752428,0.8424645669318666,0.5926637956062322,0.8975861088182961,0.5589946879164808,0.9544763535641078,0.5472873818368726,1.000531102280112,0.6939700141440257,0.9735207473420397,0.6209262116520571,1.0121648653316635,0.6029914206112885,0.9801167296179517,0.619066937279479,0.9535370424410461,0.7584064349676523,0.9720565752426457,0.6803530508852647,1.0064551183497457,0.6588440567772472,0.9794138025113842,0.6749170224172566,0.9539971967739167,0.8109916292051264,0.957525920335457,0.7379231667740748,0.990470939271834,0.7161131513407009,0.9681840054921785,0.7266208364181985,0.9428977959273578,0.8549807088153911,0.9381178588398417,0.7924533074138721,0.9679194454182781,0.7698722437127936,0.9523038484866672,0.775610569020249,0.9313313605478639,-0.24847035741410853,0.01536639444713976,-0.1943714468297395,-0.017322255129699093,-0.14954977539690414,-0.05993002361349806,-0.11869615247623878,-0.08101963876768134,-0.10399457706919331,-0.09254659490394919,-0.24614955952645282,-0.15102878689320587,-0.2356554799325869,-0.1675881179336341,-0.16945002735828466,-0.13464809533301808,-0.11728989819146803,-0.1094352745688831,-0.3016594012805911,-0.1410472547428055,-0.2772505258878335,-0.15154242659086195,-0.20645045897388636,-0.11894281007914065,-0.1563519857486732,-0.09077133947307725,-0.3554111594466637,-0.11949764907003879,-0.3350442819138437,-0.13178249200624473,-0.26270233105017005,-0.10332180727605066,-0.21016932659756546,-0.07714354701003841,-0.4021068799569588,-0.08880245555468196,-0.3899856695549847,-0.10529781711594109,-0.33452706095014806,-0.0873038824549665,-0.2875507273399441,-0.06756180362765897
-0.07402004426598773,-0.38393171918297914,-0.010106300310948692,-0.45206578743993936,0.03285435283166373,-0.4506991644426058,0.07295882952509315,-0.44843893217094416,-0.12603031358169817,-0.4501570337436505,-0.16639577408303036,-0.44739297979458714,-0.2033052273647349,-0.44282706235622715,0.136516868459753,-0.4031308791690425,-0.24430865999236936,-0.39283745046395635,0.012074478563521607,-0.29721116738955733,-0.15758743886273702,-0.2834474235431763,0.4999896604393128,0.0032155021039914546,-0.49998966043931264,-0.0032155021039914546,0.7423408891909811,0.4930005396922714,-0.7407554942141896,0.2572425347274077,0.7374762858761373,0.8788431110843751,-0.2611350036089437,0.01629843480742481,0.7414252859246612,1.0117554130295687,-0.12078261090248839,-0.044280004958461884,0.6840623725197001,0.9850816182180475,-0.10023874944407656,-0.10565489731930532,0.655226664588003,0.9441613323095189,-0.13608498609051844,-0.07828627151312564,0.7421234202448725,0.8698661196654032,0.636371980524947,0.9210812630537145,0.5790758671741685,0.9811198045811094,0.5449859240658493,1.0424558521298881,0.5345090625710519,1.0914788979398837,0.676551897027201,1.0653228553590564,0.6052857218718927,1.103005894998679,0.5884335643542538,1.0679728752276443,0.6047028545221479,1.0395981241397765,0.7408626482443219,1.0626576547593165,0.6636687585017683,1.097488145717103,0.6435440305063508,1.0675781762176983,0.660194523507104,1.0393655910578987,0.7937737700257442,1.0458507994059352,0.7215009580917915,1.0802010434688145,0.7005204729353784,1.0562142380711566,0.7112563163437106,1.0286317425525742,0.8386075641198685,1.0234626142969776,0.7774343081921,1.0555268188452371,0.7556480078710361,1.0382202495417068,0.7617394563450319,1.015132500621908,-0.20049045852011615,0.08226996326260598,-0.13482568917002877,0.044428061736400924,-0.08552988325480163,-0.010275613670587463,-0.06108696374421053,-0.05041310964219592,-0.053262296198757636,-0.07546845991610132,-0.16007505602243932,-0.0963708979373934,-0.0953874218497801,-0.10181193987744375,-0.037035994078350384,-0.07421229906250153,0.005331676879814649,-0.05327155201965587,-0.20426497767001797,-0.09612354131803806,-0.12863098509177587,-0.09326599192476352,-0.06359312476753458,-0.0625977002551186,-0.014247271493101251,-0.03502261650527483,-0.24682588411614959,-0.08270698972293991,-0.17360649223459984,-0.08034013513954172,-0.10742744675759525,-0.05323618984591409,-0.056359753600745306,-0.027256422343284386,-0.2855838234397781,-0.057060216023045215,-0.22740708729269327,-0.060081002925410576,-0.1752921926555266,-0.03917427858002859,-0.1313630440901276,-0.018686363817598396
-0.06321084227738082,-0.4266254415238274,-0.0035614776203964685,-0.5032465044785163,0.03865313760368391,-0.502388569010062,0.07785862315402636,-0.5005895433836144,-0.12009420094917313,-0.4990635065227015,-0.16170311374295185,-0.4952575174053133,-0.20006430277523055,-0.48977994514999623,0.13812211740556013,-0.4500372198961818,-0.24365760207023002,-0.43729573263917726,0.01897465568983672,-0.3294488052464487,-0.14872780895080984,-0.31451287289219976,0.4997603876316468,0.015477562930452965,-0.4997603876316468,-0.015477562930452965,0.7414046874933311,0.5762464006085561,-0.7521299394313445,0.3327441038781439,0.7420594781553754,1.0184047392412383,-0.2090380739639181,0.10043669900434309,0.7419545599604918,1.1712457179275262,-0.020078930224941324,0.04582053526504764,0.683982200988794,1.140094518831877,0.0008406623034818926,-0.0030549887386178247,0.6552533660311587,1.0930616945658929,-0.05836817234245552,0.01534776797224261,0.7487683436129475,1.0133176769547527,0.6440783142014257,1.0679896862789047,0.5838371519351484,1.137668611173222,0.5475462011398636,1.2061025681941455,0.5398435623383844,1.2602789223823736,0.6736966363454032,1.2347362155944523,0.6079868765197045,1.273574671955014,0.5952747099311962,1.2348835006534145,0.6140445328600381,1.2057617669327139,0.7379672471967055,1.2316567304866528,0.667375841801436,1.2671321780009133,0.6501859014899268,1.2352384167329966,0.6669096089394335,1.2063983656875612,0.792945856069417,1.2128044475020852,0.7263756827740312,1.2468917333356275,0.7076330374498881,1.2191667529240844,0.7186505013081896,1.1898361608072723,0.8406724687487942,1.1874491200391768,0.7814134924755831,1.218906549319918,0.7601747211012793,1.1971237027871682,0.7650470967901772,1.1710121074590056,-0.16579566072028112,0.1652591036419668,-0.0949250001697547,0.13800789017008502,-0.04183681491690183,0.08773397635660711,-0.008680769221751292,0.0485604464869066,0.024768541789218043,0.016674458597101968,-0.0802739537669629,-0.012969830239041216,-0.012531772603831925,-0.014425293009201473,0.033616642891062205,0.02613905785478148,0.06121644851861564,0.05930059572397252,-0.11531958036554789,-0.015002364052718282,-0.030234084501599496,-0.005521399788487427,0.02021934784921817,0.03513398142443738,0.05069450191807773,0.0687022919877203,-0.14913484098397237,-0.0018115550845884327,-0.06678859485873034,0.009486640875878352,-0.015911908183573378,0.04624172962116289,0.017687617030110788,0.07724564365785001,-0.17960230526545604,0.02497468763865327,-0.11384419458488644,0.029639532756114202,-0.07054163245643154,0.055680144868360246,-0.0394340197107841,0.0821213927972414
-0.05850925177442875,-0.37206231805421786,-0.0021871834689021364,-0.4371133404832215,0.039634184405337114,-0.43726824821644517,0.07857530101438388,-0.43656259729735375,-0.11975081570242548,-0.43072821773305997,-0.16210280110433,-0.4263891866462255,-0.20154882061724008,-0.4208024621203976,0.13785551135429547,-0.3930170199054362,-0.2467303749345198,-0.37697137730818414,0.02156011156272501,-0.28865127588109607,-0.14170224835558143,-0.2746963046480466,0.4997782780988368,0.01488867826778719,-0.49977827809883696,-0.01488867826778719,0.7358197454569024,0.4830053170606623,-0.777558847874912,0.30187808210064815,0.7511256017023391,0.8929417686097887,-0.17174599842944996,0.11846176471337934,0.7550536438627002,1.0287166476774077,0.030388870201203195,0.08482821920327109,0.6940367894688406,1.0015124458279874,0.06412496283386211,0.04008930511024869,0.6638335233676523,0.9599815659438506,-0.006121841009660616,0.054552502872797545,0.7661079445064161,0.8934993288122893,0.6599654464296011,0.9392624996544034,0.6000260454430142,0.9992142142468308,0.5651952140543028,1.0565316900961697,0.557809675339252,1.103357777347491,0.6894032489990236,1.0880257687545978,0.624071032592515,1.1185808930694325,0.6138940167492147,1.0828259996202738,0.6348011795967682,1.056786610639205,0.7556739958244634,1.0843268196505569,0.6855923630915028,1.10975285652984,0.6703170229556406,1.0796820991862897,0.688469199966813,1.0551117772896086,0.8127081778198428,1.0655898906447097,0.7489412457750582,1.0879271014085954,0.731584408207123,1.0606963490733419,0.743439383278267,1.0353551661116207,0.8625768358482202,1.0415608039896451,0.8055665545820178,1.0630229250920775,0.7848313916247913,1.0412710807827472,0.7898078648784244,1.018083357496321,-0.15283998815204872,0.17727396115706673,-0.07012009796897949,0.1676906709326198,-0.008809606045231325,0.14503323978216265,0.03670890587357021,0.131824193684891,0.07996282370285396,0.12660307652479547,-0.006451543032682157,0.04868350003981564,0.05492616969187634,0.028577696154566654,0.10090327685176091,0.038316252902586376,0.13562399416676357,0.05367723381616938,-0.04177276616825636,0.04531688049662801,0.03207344480944428,0.05663895845039826,0.07919757357045559,0.08550866510033825,0.1099236681223899,0.10912047857940001,-0.07708438633228624,0.056046595584035026,-0.007935735634698425,0.07748360136203034,0.03276784635178208,0.10438157564849417,0.060540920454154885,0.1264891605889564,-0.10905139820711425,0.07758926511984013,-0.053612376484929614,0.09505715266092252,-0.02100644690335302,0.11707001694922248,0.0028942822736155545,0.1354393652424173
-0.0559272832023802,-0.33912557240245234,-0.0025165033394544227,-0.39872496209410624,0.03959825691989785,-0.3992611847530493,0.07888471230896084,-0.39899805751804174,-0.12134486761005593,-0.3912564818987154,-0.16416933781823587,-0.3864280888981545,-0.2040172617111954,-0.3804617571069989,0.1372004672620262,-0.3594376933137527,-0.24997780709919107,-0.34090180481134325,0.02594671408113698,-0.2637989344160008,-0.13761820928885826,-0.25072305961258773,0.49977130676014114,0.015120877595588871,-0.4997713067601414,-0.015120877595588871,0.7343746270331686,0.43811496088762647,-0.8198016890286894,0.29752675475325835,0.7591076210026372,0.8199437191762464,-0.17510835246269746,0.14587501225302538,0.7715437774915884,0.9460729436980151,0.01667899004170748,0.13099934386689172,0.7044831747776601,0.9212200243939845,0.054030889199461696,0.08839349199079345,0.6708617140694985,0.8825276340619683,-0.01177261746151453,0.09042486060720417,0.7806137029387971,0.8206615935425131,0.6756981046477701,0.8640584747581675,0.6152676247456993,0.9194883604992261,0.5797750323548218,0.9736821908132173,0.5754320632647536,1.0170932416858602,0.7060887833501664,1.001540560269892,0.6450431928259828,1.0297833228632431,0.6286833142630838,1.0028405439168608,0.642082663896763,0.9812919556698598,0.7719623795122993,0.9971090824284625,0.7056749112957911,1.023283239864945,0.685662423729369,0.9996912552694381,0.6972652461493547,0.9768909590673011,0.8290584481461589,0.9793159475737763,0.7679240632539455,1.0029043073733093,0.7477354919407526,0.9812425266338534,0.754858391245404,0.957347377284174,0.8786108654699577,0.9567431897007221,0.8246952691999287,0.9779610976968401,0.8026198713157244,0.9611296871193856,0.8037361433709537,0.9403255001546413,-0.14342306047436792,0.16048013904875055,-0.024805394704175678,0.14139377584868287,0.08785767344628742,0.1157211583642124,0.17114055570243916,0.09816017521530301,0.23838175713100399,0.0874429716283899,0.04549802992982677,0.054529824186244906,0.1278439488545667,0.06807749913833928,0.19164861474176292,0.07334894106497117,0.251450009121183,0.07563964735696227,-0.011784657375823815,0.056951352660199676,0.0735017956204443,0.09662902844327731,0.13786309254596632,0.11329468698665698,0.19728995959098564,0.11791992664923155,-0.0709573962295331,0.07600954130974369,0.0039104459184372215,0.11278573267924416,0.05783980209053341,0.13054739771433962,0.10591711491299792,0.1387778264997695,-0.13081361521875357,0.10566053713891797,-0.09317705808697697,0.12900570608129924,-0.06797773243650058,0.14235731252390146,-0.04249761878445838,0.14818054725581842
-0.054399617828736146,-0.3904991383275632,-0.00038041009751220634,-0.45927625194318844,0.042339789935791176,-0.459923576103282,0.08215521720345084,-0.4597055966659871,-0.12085879302695189,-0.45118378929793196,-0.16369520994113373,-0.44607450082508343,-0.2035742643279335,-0.439755589432611,0.13885412217682952,-0.41508911682842453,-0.2503526409753754,-0.39452619819572404,0.02733482717611491,-0.30492907674298975,-0.136737438371556,-0.28999623914374606,0.4996017085246439,0.019953266380635524,-0.4996017085246441,-0.019953266380635524,0.7333067141517257,0.5028637039622105,-0.8408165267621335,0.36806403130884363,0.7701169503432621,0.9548397536160099,-0.18655563309873485,0.20239160695381414,0.7917718127281755,1.1026004797766429,-0.013014721622285775,0.17451439501269103,0.7214967417317306,1.074220208870294,0.02251950948608583,0.12779796991003606,0.6834098512007118,1.0292309401006117,-0.03532749707585921,0.13325378242238378,0.7958357244397876,0.9614632994199702,0.6885855061470961,1.0116411306267237,0.6289688432817186,1.07700850520804,0.5959050324624116,1.1398017285980118,0.5903155848228435,1.189376617561764,0.7235057571976428,1.1684847167704018,0.6611838596749454,1.204033386216676,0.6432061686550339,1.171984082354346,0.6557606216527232,1.145413980178814,0.7900891567713224,1.1640689556629134,0.7216512647353566,1.1959783079076312,0.7008471445454774,1.1679182002908886,0.7135217099619519,1.1414642771294292,0.8469289503656542,1.144512538389754,0.7830815169150015,1.174985181836681,0.7616861406384183,1.150090856496149,0.7690833342853932,1.1225736844699246,0.8959168544718086,1.1195465118095138,0.8401349158378751,1.1486391939638734,0.8167534644852742,1.1297277044189993,0.8181021862760275,1.1051629363807627,-0.18543804655710291,0.15598805998806803,-0.0928492262226082,0.16120384589048323,-0.003060323758439394,0.15460790698095608,0.06522780648689712,0.15983998861966864,0.11280206317052258,0.15003072222685174,0.011884474582458006,0.08099680697863497,0.09238186988320987,0.04638130807856388,0.1522363769796589,0.018278927404720535,0.20083883925183818,-0.004923517079058891,-0.0017081392673246839,0.08066724967633945,0.08572114931934338,0.04179798845902994,0.15169771065469348,0.012953576640023832,0.20597229253756838,-0.012147225265122769,-0.02191624215750344,0.09816101016334547,0.06304565600291664,0.06471056055126148,0.12805266123708303,0.038337828499471725,0.17845724262858279,0.016722780445597392,-0.044393712297014366,0.1323625015041919,0.021720924215244956,0.14036409145527268,0.07194501235040826,0.14364298531284114,0.111951104556716,0.14836146368637063
-0.060099791781176914,-0.3913189039167928,-0.0042191860174494635,-0.4644538017015383,0.039467999323821126,-0.4649174033676032,0.08052206484016472,-0.4645213430785678,-0.12590040208880285,-0.4570734156590421,-0.1687380992884534,-0.452339459114481,-0.2085411340402665,-0.44636258484154523,0.14053328903333848,-0.42302757667203333,-0.25338263216653006,-0.4027349605450968,0.02234478741403445,-0.3067336412210555,-0.1417078147893357,-0.29353189223826304,0.4996151975199736,0.019612608370071005,-0.4996151975199736,-0.019612608370071005,0.7376607489134277,0.5163741582245541,-0.8619431352748947,0.37675371836644,0.7765678926278204,0.9721015358183676,-0.2786385220927459,0.2071818544885934,0.7967204420629753,1.1229033480120971,-0.14317195112450898,0.1779787615579168,0.7246112113642361,1.0939195935040749,-0.0896231180427233,0.13004745154423542,0.6865199761783434,1.0481662241025076,-0.12679368500093266,0.1400574550487057,0.7977723859303005,0.9758212965191402,0.6898131690456399,1.0317993161168661,0.6318067238260632,1.0996008887261608,0.6000688818487772,1.1656727765193722,0.5979273936411824,1.2152585081648928,0.7315646907335217,1.1875782729102211,0.6685693365200222,1.2306037917327164,0.6496100044054489,1.1997636756725323,0.6598949291462978,1.1719268538968746,0.7986404569646183,1.1847133846891877,0.7293219203271311,1.2227912777193846,0.7079535498188732,1.1959502758412326,0.718660338825523,1.168901860356631,0.8545562724197729,1.1659920097138414,0.789832383169736,1.200271164572007,0.7688261073893633,1.17646434420724,0.775761329881613,1.1479953116839317,0.9010541474495255,1.1411811589223786,0.8447403755437359,1.1705957707240997,0.8222668119434637,1.1530131179519276,0.823917972596371,1.128564507888788,,,,,,,,,,,,,,,,,,,,,,,,,,,,,,,,,,,,,,,,,,
-0.06248120593381705,-0.38735807013670015,-0.0033538779941781702,-0.4591769003879656,0.041025591912461176,-0.4591734211867972,0.08227902198074938,-0.4584854091557516,-0.12578356719325523,-0.453370210282429,-0.1687822658922494,-0.4491004572930209,-0.20870662187393682,-0.4436716470921603,0.1452991213219105,-0.4188632998055579,-0.25218193749057793,-0.4008553411359701,0.019116701023887517,-0.3050444228499932,-0.1428534330470104,-0.29282295559027005,0.4997282573951732,0.016482377279495003,-0.499728257395173,-0.016482377279495003,0.7383835450053582,0.5023343613476101,-0.8627483861426062,0.36627111507757965,0.7810707521902106,0.9527496184266065,-0.41795322781177974,0.19044717127748206,0.801759852779708,1.1064997704139656,-0.3318898456917831,0.1623267211230661,0.7307908302824969,1.0781396419568396,-0.2822404323426314,0.11935298131400705,0.6925993094467069,1.032248785257054,-0.2909753916830021,0.1337557144173459,0.8024801223733325,0.9623006055006502,0.6945987010563872,1.0169822438191898,0.6344657877664728,1.0826548719175717,0.5995621602028527,1.1500118199593534,0.5969328053628915,1.202185534102358,0.735092379763502,1.1689278501338864,0.6652469516565879,1.2157202065141879,0.6480736915607435,1.1806210586828785,0.6629066208055888,1.1514692186709938,0.8017249517697201,1.1679264200642565,0.7268354551943088,1.2099012425600852,0.7066742323808781,1.1808568712065126,0.7201078492565219,1.1523540955014833,0.8570351998732479,1.151876671785601,0.7876415217143645,1.189173708310553,0.7675780217288996,1.1635868897625272,0.7763994701346464,1.1340946679030035,0.9035056765407856,1.1289471897743966,0.8433151765843911,1.1605547659442907,0.8211026469089232,1.1414201259630117,0.8245166200796744,1.1161425697410634,,,,,,,,,,,,,,,,,,,,,,,,,,,,,,,,,,,,,,,,,,
-0.06257166704652505,-0.3719662729458308,-0.0019974647116512046,-0.4417895792926702,0.042264501351750805,-0.4410887515112079,0.08316757007160107,-0.4399620852710149,-0.12295498314028996,-0.4383624637284904,-0.1657795013800194,-0.4349151283611687,-0.20565491475710973,-0.43040169211748397,0.14661447899142244,-0.40429726794195364,-0.25079381921716637,-0.3901056934585342,0.016980830654393316,-0.2924210031115163,-0.1405327163840686,-0.2813089516694257,0.4997452687935828,0.01595826802725464,-0.4997452687935828,-0.01595826802725464,0.7429220812170906,0.48915940554666143,-0.8644540096189748,0.35828988023735103,0.7841123549235633,0.9184292118933739,-0.5258415194530928,0.19659352519449264,0.8054169669000045,1.0747322400962833,-0.4621065299216893,0.15809953420067963,0.7350138743979324,1.0472564430397435,-0.41237179841006844,0.11094093435532555,0.6964062565086669,1.0006613644056779,-0.4076696923790792,0.12830250374343494,0.7989137003279084,0.9363934254607117,0.6878964953425277,0.98975452045408,0.6289474529319582,1.0545122488630632,0.5957212071357934,1.120989130767099,0.5898595547525626,1.1728855596482162,0.73344234650238,1.1370839059769613,0.6603254733454582,1.185056188318989,0.6403259803707286,1.1507760042999746,0.6540719787929784,1.1208909471648651,0.8004992382228084,1.136801957280125,0.72111442270158,1.1797969704989495,0.6983424821997328,1.1508813353675051,0.7121988093668442,1.122554989940656,0.8552255792675594,1.1216946608283618,0.7813661761452226,1.1611208317698203,0.7588766246927228,1.1364050848649652,0.7680798808265611,1.107332581679377,0.9006917485561231,1.099864797082652,0.837617636962688,1.1339894296858668,0.8136434633918375,1.1162012694742587,0.8177505822630395,1.0916113555768643,,,,,,,,,,,,,,,,,,,,,,,,,,,,,,,,,,,,,,,,,,
-0.07963800698710495,-0.36039264355183315,-0.016070792379394818,-0.42799768467343624,0.027041482276423078,-0.426839353414644,0.07016170462781755,-0.4255273090700012,-0.13402386704915217,-0.428313846655337,-0.17445887214222935,-0.4264155736858176,-0.2126123366814893,-0.42308295502886245,0.14174991022699207,-0.39415497009230194,-0.25330873265131115,-0.3852930482498236,-0.0011578247070004556,-0.2836925088027461,-0.15037801685278845,-0.2761998787419626,0.49979403749604134,0.014349915797856045,-0.4997940374960415,-0.014349915797856045,0.7513595755841957,0.485697339304477,-0.8876234785547091,0.35327082075377275,0.7876723759048236,0.9041376294159892,-0.5633138970842738,0.21751409983404085,0.8074151140253147,1.0608532318190216,-0.49379330656631026,0.16743188582865504,0.7368329542245579,1.0334794776247622,-0.44946326833268463,0.11976744669720522,0.6993635434281981,0.9859514658270662,-0.44669415873216883,0.13751898475917732,0.7961236463040376,0.9251387030038702,0.6829515520623093,0.9760987730001539,0.6208127149651897,1.0395144355261943,0.586890184089255,1.1063169902534078,0.5829346601545947,1.1603009516568306,0.7245879838033981,1.1230057333638759,0.6534433037712675,1.1712309371628122,0.6331051507904882,1.1369967839374198,0.6465756117157112,1.106777014301147,0.7929410357642118,1.123383046017173,0.71320953296942,1.166312490152196,0.6902678473793062,1.1366371287728236,0.7052609543154322,1.1077959443333516,0.8492111619859022,1.1088832739007353,0.7738378663683234,1.1482908854472482,0.7510977431688077,1.1236733723050796,0.7612087573276228,1.095230503637044,0.8962370144052807,1.0879680714684323,0.8312687976828552,1.1224154156363526,0.8078577565150729,1.103732305644171,0.8141335660194865,1.0790398875762492,-0.394757071985032,0.12459203021525235,-0.3770134000714025,0.15845965114887034,-0.38772578986218836,0.18368495363896106,-0.4300047707137211,0.1921912164853388,-0.4801796767360459,0.19004685388381667,-0.3475612271880408,0.15507666218204152,-0.4064867668096355,0.1551909711878434,-0.4393683703343441,0.15466384868303998,-0.46668780118663034,0.14992067548132004,-0.37421294122722315,0.11595380087437165,-0.4246589519764421,0.12572452578005033,-0.4493725321415172,0.12814155718077788,-0.4699020921241022,0.1272614707702546,-0.4041501443100855,0.08298801294262463,-0.4460944388701103,0.08174009316221209,-0.46988928750345077,0.07104671800482534,-0.4841530829857536,0.06248776149479748,-0.43159872521549286,0.05803091841248854,-0.4645653249290078,0.043127626212155094,-0.4828120197418459,0.030417022371894156,-0.49535834028695575,0.022250805584239197
-0.10526631648364258,-0.36665606705645554,-0.03908774214362983,-0.43680829138483884,0.002390214837502246,-0.43594812648396963,0.04706852393936821,-0.43479090309568225,-0.1548046676763276,-0.43620226181629945,-0.19263619735975548,-0.43423148391361555,-0.22802386036024064,-0.430693065406259,0.12884845197826486,-0.40287697002106204,-0.2644807638850489,-0.39330000103903917,-0.022032149870311768,-0.2894046932362648,-0.16699184348128632,-0.2814515242292285,0.49984521279267746,0.012440387785075658,-0.4998452127926773,-0.012440387785075658,0.7595540888678131,0.5062737452318071,-0.9186304148689907,0.35765014621701896,0.7870410291218439,0.9176573944173179,-0.5822106773091792,0.20922660314092492,0.8066520347869388,1.0768673183694684,-0.5030868785092756,0.15818492089952657,0.7349506142883979,1.0490901752747923,-0.4572028823583662,0.1133538599307262,0.6975225062856696,1.0003438418422863,-0.45886502881253005,0.1322311609965588,0.7882690478443277,0.9431720901523766,0.6718935612618746,0.9927598686956473,0.6071806146497505,1.057538851453235,0.5695941750823302,1.1272855748737454,0.5685745108730449,1.1804552623458278,0.7135249368395419,1.1443205838689758,0.6379715259892782,1.1924987054907297,0.6221265337331605,1.153372264195335,0.6430073183500727,1.1227215387752008,0.783672742816839,1.1439079921315178,0.698673704051519,1.1852284306449352,0.6779467846646103,1.151992294213681,0.6978867358794815,1.123295234160832,0.8406073442529612,1.1288257030596278,0.7611666590069395,1.1674951167521646,0.7392126141644851,1.140487943206035,0.7527447150023877,1.112083214420881,0.8880201667675959,1.1077733136546661,0.8191584418637272,1.1427566304956875,0.7963455208607575,1.122045735443544,0.8043632615760394,1.0962150723421735,-0.4260144672316007,0.12492174477145462,-0.40582663444154204,0.15968136957516488,-0.402973316526071,0.18085193947321146,-0.43628737198925444,0.1768581951620974,-0.47689037400499434,0.16007902329829699,-0.3632483959100049,0.1563188036415187,-0.41571744426663165,0.16984602651320038,-0.45382901313500107,0.17172632543037847,-0.48339592545326426,0.1717745430715571,-0.38527725185848444,0.11854737260763823,-0.4312652019492584,0.12328442494805911,-0.45599697199258843,0.125471804058469,-0.4732221733256858,0.12757144597081269,-0.4138567692355833,0.08583085216837981,-0.4484833688052221,0.08375030822371866,-0.46846485693269213,0.08479256562833307,-0.4793615969879013,0.08268914194021068,-0.4425441485953989,0.0592761680941739,-0.4647342392261176,0.04509734525581928,-0.4816287084755637,0.04059410120291758,-0.49326440360491347,0.03534565823281969
-0.10082793452091554,-0.35055665038330636,-0.03500202923806905,-0.41579582309944474,0.005938378275413189,-0.41497350565853547,0.05005720379522298,-0.4136672206042935,-0.14949441429580618,-0.4146849419730003,-0.1869499261536885,-0.4126210881813627,-0.22204377684865914,-0.4089793075944702,0.13115404744468545,-0.3805401095048595,-0.25787685119062687,-0.3713223700721959,-0.017998777740042073,-0.2781112230609892,-0.16169315513518812,-0.2710149610942042,0.49987601137180715,0.011134327775525851,-0.4998760113718073,-0.011134327775525851,0.7572204310264563,0.4755232512961301,-0.9079962475356445,0.3364261142044069,0.7774052018586677,0.8630074588613744,-0.5630141730199469,0.20069377218660886,0.797218256394906,1.0141129421631911,-0.4824282731348833,0.15461211098969702,0.7263666493202029,0.9879680034993166,-0.43672843497838815,0.11348092013129914,0.6888255186611325,0.9420792524699569,-0.44096562416266705,0.13167966989904858,0.777136272428804,0.8883989256796849,0.6610836979357053,0.9351339520608825,0.5948207269484762,0.9974939895108806,0.555114204875142,1.0620567297604637,0.557403427880257,1.1096075719933594,0.6996019683930689,1.0792047158362552,0.6281930083978252,1.1240282749893802,0.6124728205388177,1.0882057653161699,0.6318700756188339,1.0596504292494178,0.7709189961697022,1.078447681476055,0.690054973632914,1.1144346011997277,0.6710079470772918,1.0838242285650628,0.6905254893734658,1.0572459099956901,0.8294049445093048,1.0632020782160136,0.7547971863532462,1.0951131249443684,0.7341097788848239,1.0696794423276184,0.7465846486651653,1.0435407380643573,0.8774571398451418,1.0423433768951182,0.8118811129781817,1.0699623059897356,0.7903756195258334,1.0508430024399826,0.7970361641450315,1.0278439423256367,-0.375102170660412,0.12106622629477344,-0.3741501737701003,0.1484074573734961,-0.3903897232834035,0.1733313441458006,-0.42581962500399423,0.18432401743310312,-0.46273406591258376,0.18499145455020197,-0.33350993048846767,0.15953229995380297,-0.38295517584052896,0.16618992730600135,-0.42211375973860144,0.16823124819256474,-0.45391344644116216,0.1693673341100605,-0.34788790795575913,0.12349621752815022,-0.3911436782377203,0.13079848190377555,-0.4197571936143113,0.13584282450295432,-0.4407918390409801,0.13975357494488272,-0.3693364698895943,0.08928022383015059,-0.39857678577837563,0.08945407454439892,-0.4175628933939545,0.08822251323465204,-0.42851179910706794,0.08502088133106649,-0.3930312792853867,0.05883185654856856,-0.4114969176295783,0.04821761137850025,-0.42497074726491935,0.0426608901117648,-0.4307673505525954,0.037091432855204796
-0.10209351096540968,-0.42229886632168606,-0.03438148237200279,-0.4971576106930438,0.005638395161729353,-0.4955210621961132,0.04887458414850084,-0.4933241533197531,-0.14685267141013184,-0.49645749916743237,-0.18355454464307613,-0.4941112442900778,-0.21829387798310335,-0.4897097089367475,0.12938780526684687,-0.44872278359958706,-0.25309264220817873,-0.4407286008703795,-0.019317513927460447,-0.33599700608363064,-0.16108801923703372,-0.3299817621594995,0.4998319577189397,0.01296202310027511,-0.49983195771893985,-0.01296202310027511,0.7536394764342089,0.5563815391474468,-0.899153247044247,0.3936709483182157,0.7685980100863883,1.0084429150541803,-0.5575608082534316,0.23297173107500324,0.7866451888459486,1.187464967648447,-0.46800969032001605,0.18708496368566377,0.7168700280838215,1.1569981748617828,-0.4207555332752251,0.13861321725955897,0.6790361065479084,1.1034144566586226,-0.4301299849911772,0.15782712260537332,0.7662093287362389,1.041092120143086,0.6528336896734352,1.0960220381931987,0.5867813235735894,1.1676324027510274,0.5462446174543292,1.2418315008540262,0.5426558724549894,1.2959081025772279,0.6810893335691205,1.2641633168462998,0.6167388919255369,1.314147921575774,0.5989827043883221,1.2809157247651095,0.6106749606211443,1.251195453399617,0.752358410689842,1.2635634298367189,0.6795410489564272,1.3028270358160357,0.6602977686066795,1.2718900951435592,0.6740894758824177,1.2416938355458471,0.8134005330657568,1.2455770401555026,0.7466691140756408,1.2793004518158066,0.7269459843577285,1.2525714807300086,0.7349594688060824,1.2217909779077358,0.8653074680666349,1.2212845364406764,0.8068204335190036,1.2491400686317413,0.7861970359498094,1.2286777892413017,0.7899477851395019,1.2031381629846518,-0.3310631019040288,0.14311236983141637,-0.31854783797048725,0.17304372800278367,-0.33555673715682094,0.19049614315530475,-0.3689429172900621,0.19199377484125452,-0.401127603030584,0.18436774251952626,-0.31711115135305046,0.17742836806829196,-0.35306991840850604,0.17846252655003833,-0.37385719114036026,0.17826875219958604,-0.3858247004167101,0.17684871368733732,-0.3376649927752997,0.1427623662145607,-0.3707812026103508,0.15083289061466762,-0.3859383894986628,0.15025115039571027,-0.39353860918154454,0.15016083361019267,-0.35492845425258873,0.10999572844610218,-0.3796686512404933,0.11303229141045545,-0.39253136573717634,0.10844553364248401,-0.3957232444930294,0.1034038546061203,-0.3675487127497151,0.08274926095183031,-0.3851003039622921,0.0818819695103012,-0.3946334581527612,0.07819921393270667,-0.39816178175230227,0.07448882100157615
-0.09581196614113875,-0.3941405951206228,-0.02852610456943078,-0.46034597913660336,0.01091501693583481,-0.4576327125028329,0.05362097823616171,-0.45443383063973314,-0.13931599454843527,-0.46242888993273484,-0.17542003178950785,-0.460925895065286,-0.20989775122998994,-0.45741893882442014,0.13221860201083718,-0.410602503252026,-0.24474573719552428,-0.40752786184520273,-0.014011613200972358,-0.31284862480081527,-0.15443448454796022,-0.30951434658475113,0.4998579563983633,0.011917358149017407,-0.4998579563983633,-0.011917358149017407,0.7470597876123338,0.5026157670366362,-0.8839219764286756,0.35382528218049397,0.7613613593839844,0.9219811794622428,-0.5479162194773967,0.21609267468067847,0.7769498198139244,1.085792268737528,-0.44842882958993197,0.17669595925073184,0.709438834451528,1.0582516970491318,-0.400740724069934,0.13102676939584992,0.6724143612666306,1.0092588127776077,-0.4133074478882714,0.1483428187454607,0.7602394452751149,0.9570909793786133,0.6476784216592057,1.0056486883297648,0.5812071900290192,1.071030252282638,0.542675498899883,1.1370046997022245,0.5410118057555335,1.1855702273160118,0.673790602058688,1.1585062126502323,0.6122893104542921,1.1994058275980837,0.5977730756295654,1.1678969985732992,0.611714623681742,1.1410326458533702,0.7448656478982509,1.1573917671759737,0.6758613922417647,1.1898716359603279,0.657856065559423,1.1620589366723821,0.6712747946630412,1.13599380383312,0.8061725441286933,1.1404307995294891,0.7420928986350133,1.1688979780897921,0.7237698270477119,1.1444608433706103,0.7321532365154656,1.1172021249352864,0.8589055582940336,1.117626049009427,0.8025751400503891,1.1409374870081177,0.7823739301976959,1.1216690603885784,0.7855428798979821,1.098547558682215,,,,,,,,,,,,,,,,,,,,,,,,,,,,,,,,,,,,,,,,,,
-0.0886455115412663,-0.42604365419562557,-0.021932070679635728,-0.4962161676123688,0.017098207832873014,-0.49260280875552676,0.059366755468979154,-0.4884748634023678,-0.13161661282943712,-0.500503706391821,-0.1673392955284271,-0.4995438951575375,-0.20155741627933532,-0.4963045578177004,0.13582912711887113,-0.43975109265855167,-0.23629894274059657,-0.4398848033048114,-0.008254195520526472,-0.33741467254547314,-0.1479528749861694,-0.33573955539026556,0.4998290205343509,0.013074793752543574,-0.49982902053435074,-0.013074793752543574,0.7414122336351998,0.5266827572986853,-0.8689594129604762,0.37908584609583007,0.7584478098790476,0.9855541654619386,-0.5488697707120501,0.25636750398250696,0.7754395440105775,1.1654871601152645,-0.4478458814984486,0.2213950598938476,0.7084300069125556,1.136430516968161,-0.39772214475810563,0.16985927343944215,0.6716810300375395,1.0838706726950411,-0.41131892280797683,0.1866159693793511,0.761324543554272,1.023606148857185,0.6520669760648249,1.0781073039362912,0.5878117170869334,1.1485594127594825,0.5489870429632248,1.2198706661942187,0.5442365449211647,1.2724147557316658,0.6779139530005265,1.2405734119027036,0.6175116166026657,1.2877741907636826,0.603767870289582,1.2553540138539727,0.6170276255991991,1.2266349721855663,0.7475617917934841,1.24074998770641,0.6806731984535799,1.278210452389588,0.6629864696548671,1.2499239498278272,0.6746419924014531,1.223035117387872,0.8076261335816056,1.2242375924729039,0.7445107695239723,1.2556926383674538,0.7269162603408241,1.2299146170958901,0.7348810547258551,1.2009467733680317,0.8588272416386799,1.2015677554818773,0.8027808242720208,1.227656574720799,0.7829795234452205,1.2073652936024106,0.7855865093456438,1.1825841174243088,-0.46750615326444395,0.30152916991215595,-0.40181069169546885,0.2791324832084389,-0.3234439957827169,0.2292515578205192,-0.29895623231435947,0.21166947741693526,-0.3222518358812724,0.2093696952226598,-0.3742574359008249,0.1367479342297089,-0.3498395390498802,0.07672341435216289,-0.341543877097999,0.0769274074880786,-0.3395256281344124,0.09183936710560432,-0.45469345791786864,0.12087902787529473,-0.41168736932824224,0.20498967409874036,-0.4054428919169351,0.24549346265715438,-0.4149748798390732,0.2439445879942838,-0.5282837392689639,0.14221953346808203,-0.4825956148575823,0.23627714689568255,-0.4740503984190853,0.2636109994666475,-0.47777352243013627,0.2520621643978144,-0.590366006064177,0.17966547105732822,-0.5567372701630955,0.24508609020619332,-0.5379901237708876,0.26613380324381974,-0.5325458189021262,0.2610560723972598
-0.08752322728055979,-0.3838425896485836,-0.020923939378826188,-0.44760719757380313,0.01787958390749527,-0.44436629626703716,0.059773559889436216,-0.44062267568936025,-0.13039536912928856,-0.45149995418034355,-0.16595420788545645,-0.4507115841957786,-0.20007972453688821,-0.4478535921952298,0.1350977168218637,-0.39640648804533296,-0.2344749314911648,-0.39754639958393345,-0.008972910870730114,-0.30344453509905056,-0.14768915209542066,-0.30182965268569983,0.49982261731897826,0.013317327675112012,-0.49982261731897804,-0.013317327675112012,0.7410028639795574,0.47638488290443604,-0.8652673022785178,0.34595721250921396,0.7575888176045165,0.8966877050581372,-0.5566196751279744,0.2515026000182885,0.7741224271850738,1.0598616382589716,-0.46485453387874615,0.22524871948226932,0.7073320727508936,1.0335821438188042,-0.4072842705249721,0.17955035914565973,0.6710862991897956,0.9859109560387712,-0.41700259936135325,0.19401943086944073,0.7670533962997225,0.929621246336834,0.6564058411071411,0.978673357644863,0.5922445363105177,1.0454055590952658,0.5533197385509523,1.1103661321754104,0.5483054806678668,1.1584892754380605,0.6834373395927662,1.131497417489768,0.6192958522944348,1.172927907449665,0.6073519322368133,1.1382812043210486,0.6251693710545556,1.1097872208200583,0.7531195409244643,1.1299566854728467,0.682586695019336,1.1628922684395553,0.6657189882664843,1.1345263544593067,0.6804720387070133,1.1095314529945774,0.8121422976584962,1.1132811058322891,0.745389639552589,1.1403793171651972,0.7274377863986046,1.115642596429963,0.737483965587166,1.0897409998799836,0.8624554793007341,1.0907393853177647,0.8027106763245806,1.1131199980873563,0.7823182551744043,1.0933145107246756,0.7862220869303609,1.0703546153837298,-0.47355333859103405,0.2796652732373603,-0.39590816487493763,0.2639203321141915,-0.31679391139414326,0.22783238285722962,-0.2953355457842004,0.22752742891146382,-0.33698341859441555,0.25601621538842395,-0.39119623154460226,0.14933022123467452,-0.3388384010568346,0.15086260089154752,-0.33255151513125125,0.19751442952967802,-0.34492118829076823,0.21759628720595903,-0.4781542293086566,0.14778577705773163,-0.4279509055373862,0.22648171343340878,-0.4165050078281491,0.2643876930608977,-0.4260515491114,0.25823831437729067,-0.5523095846570295,0.17158629103554499,-0.5033529323136462,0.25863236016357233,-0.49122634661959286,0.2845037026093765,-0.4996358589383338,0.2737621963711794,-0.6174716731174046,0.20540611051937363,-0.579503931280794,0.26847144030054404,-0.5642854927417856,0.28896144997118844,-0.5676741772459423,0.2850150526523374
-0.08778299033130858,-0.34313137401698485,-0.020800157813638642,-0.40085165045422566,0.01805285335893451,-0.3978991050215212,0.05996098598995748,-0.3945047553452368,-0.13034703813126483,-0.4048790732844202,-0.16590593346774227,-0.40469058248766426,-0.20002321557988959,-0.4027842072788483,0.1351075390289414,-0.35441236720452096,-0.23349783007085054,-0.3582523094610775,-0.010747746257446,-0.27007548972308876,-0.14967757977411641,-0.2708461215915587,0.4997227036659026,0.01664990813309751,-0.49972270366590243,-0.01664990813309751,0.7402613361051444,0.42572906821562045,-0.8654151201123335,0.31452673806194387,0.7579723381100241,0.8153477110804123,-0.5533271285137794,0.24390372359183105,0.7754343292987176,0.9657919898800174,-0.47442947309325106,0.2710721590141981,0.7074778558734683,0.9426272370445732,-0.3986021253444435,0.24508905205021608,0.6711894837817882,0.898741461095986,-0.4082400932930737,0.23695237831727373,0.780590964185119,0.8511471560814345,0.6681593495678689,0.8961507439100244,0.6032366722803063,0.9519256673631487,0.5648711277833641,1.0106139059178973,0.5565844097049205,1.0568957627317228,0.7004700108189842,1.030853052603782,0.6275753254896974,1.0721132586688387,0.6135505882749506,1.0396438458055919,0.6319500319481097,1.013185933976177,0.7693342105239984,1.0304720301177983,0.6904540030931856,1.0646519190902404,0.6715823866613067,1.0390831719751341,0.6870589689462048,1.0161297241418594,0.8256744155370762,1.015610637829757,0.7521912375176333,1.0453974032033095,0.7324808251357298,1.0234168002326127,0.7430930802137803,0.9995203091187393,0.8727889421362818,0.995300438784577,0.8090630676988316,1.0207636175838584,0.7866021197530173,1.004392446846053,0.7905298561045208,0.9831983025726738,-0.4886702638102771,0.2990982738636978,-0.4074197146655262,0.2844557632512104,-0.3448724411629919,0.2519132775824324,-0.31785627545775846,0.2561121016016377,-0.33818770702916445,0.27610071295427296,-0.4348036883021072,0.2042295678219431,-0.43018363295127654,0.22081187519139833,-0.4182968129948751,0.26562200529290225,-0.4112450248551816,0.2864666123674735,-0.5045904773892367,0.20683510161363458,-0.5032331961151979,0.23340851561953396,-0.4779270411057203,0.2855926009999342,-0.4628628560592207,0.311789370153361,-0.5634434083286219,0.22192345736217362,-0.5631991364726053,0.24592720049706843,-0.5330089444901205,0.29165629689486006,-0.5144894112581174,0.31273847477266725,-0.609151109979288,0.24431421091875474,-0.6124215310145354,0.26133310304568047,-0.5890855986955825,0.29510688232470983,-0.5711595125211858,0.3112174154980863
-0.08812937209164279,-0.3837242972542109,-0.021644578613570234,-0.44919041388621295,0.01728593735695911,-0.445985588127617,0.05912427918016001,-0.4422906181163697,-0.13061263944005772,-0.4534813773435566,-0.16590495513899964,-0.4532071919551698,-0.19971099414311622,-0.45101768529362507,0.1327677673503331,-0.39720103928616285,-0.23275899464898103,-0.4011664075947972,-0.01162185062682014,-0.3010965990474341,-0.14990550428227895,-0.30269096435835746,0.49957508783288596,0.020609017850546505,-0.4995750878328861,-0.020609017850546505,0.7367293065460931,0.4852003473670814,-0.8665667643036002,0.35509975928663734,0.7542525247997507,0.9185969349317412,-0.5571046236287784,0.3380889039336553,0.7713841734980199,1.087387770148175,-0.46601588932045046,0.41372638957296826,0.7017971579341041,1.0614980799461198,-0.39020723299499144,0.3602937545928876,0.6659759135831483,1.0119919009146503,-0.40055135563317706,0.34248495916624394,0.7758559277276681,0.9592163262230381,0.6635848399151385,1.0121388400454432,0.6017326582091075,1.0775839383223962,0.5647926742173609,1.1435704012577732,0.5595003969859415,1.19355072408242,0.6994701709363708,1.1629337975398422,0.6269349549175094,1.2089132480777312,0.6146467631364911,1.1713682172600866,0.6347983893604154,1.1422021252795391,0.768288573701439,1.1620887081832327,0.6898597338617318,1.2007155215449754,0.6725994845784414,1.1715433702188283,0.6899537276448038,1.1457947491565164,0.8240918282223211,1.1454436858208332,0.7518289805521343,1.1785390740682418,0.7332673446177657,1.1527344040591325,0.7452904312060744,1.1257193797664817,0.8698212990424663,1.123094546994508,0.8067869318920714,1.1517259017258812,0.7862381819346683,1.1322174598585193,0.7921935425812134,1.1081213359539779,-0.49358127518417505,0.33566516569377186,-0.4177185724334496,0.3537116010806541,-0.35546360600473204,0.36746650494654265,-0.32634689547585166,0.40065164725064695,-0.30341956875114234,0.4452857337108507,-0.40881778842100397,0.33479602830931365,-0.40474689631393423,0.37243876607475357,-0.41005295217946314,0.39845986833450237,-0.41376485212186837,0.40869391369786023,-0.48146601060178584,0.33719155272124846,-0.4923822135833048,0.3724599737843526,-0.49400403358576456,0.40615902433713214,-0.49274611905935733,0.4243715236643564,-0.5480315532844066,0.3430401467068172,-0.5641400582917141,0.3700093471983704,-0.571231034735556,0.3994323933032556,-0.5754433447617023,0.4161493703946517,-0.6020114352248099,0.3545383230459143,-0.6239420006044879,0.3743735908665605,-0.6319191888871345,0.3951207901999629,-0.6359758751156263,0.4051480603947307
-0.08534494394779489,-0.35581211893799763,-0.01954735505251745,-0.4167722975882918,0.020198738295502075,-0.41389290127680894,0.06252331240098714,-0.41051623179120394,-0.12858886732624333,-0.42042777221469085,-0.16359485887369446,-0.4200614208462267,-0.19686471597969796,-0.4179266533470863,0.13392305279740854,-0.368392273332684,-0.2294860654718142,-0.37158545793950915,-0.00825635715817802,-0.27845667853866657,-0.14762691651415116,-0.28014081706974925,0.4995431038235177,0.021370246193392027,-0.49954310382351785,-0.021370246193392027,0.7396577074494218,0.45532938774367526,-0.8647525789173662,0.33332174923931485,0.753555303363514,0.8584468148598633,-0.5487656731053256,0.39015630086799274,0.7712453215333612,1.016623501515189,-0.46678148753431004,0.5047192413923175,0.7010324704207566,0.991937055455607,-0.383634376255291,0.4604687311754979,0.6651780617847484,0.9442843451176661,-0.3972591069194605,0.4304282723266377,0.7775267605302143,0.8979705355128919,0.664722860349085,0.9481694187811132,0.603619789207941,1.0099387153922859,0.5685501078012185,1.0722391198952372,0.5619992117074475,1.1197757497658132,0.7013370740955337,1.0864196652692089,0.6291159688250285,1.1329037968991575,0.6174519911862595,1.097388827728686,0.6384189484699315,1.0686858561522028,0.7695014122428722,1.0871030735610916,0.6906914951764211,1.1268154912295627,0.6736575464599396,1.0991984109048663,0.6916114834780729,1.074463730495831,0.8247245674130061,1.073490032694237,0.7515144587425082,1.1086613542101809,0.7329521664130718,1.084459371836313,0.7454715904559702,1.058913541616514,0.8703682565257467,1.0541185525696137,0.8066884087036394,1.0853199927747208,0.7861344769621996,1.0667515350613201,0.7931090490763423,1.0436391542738126,,,,,,,,,,,,,,,,,,,,,,,,,,,,,,,,,,,,,,,,,,
-0.06734847311949467,-0.4041641148834808,-0.004101644509936282,-0.47542219591530094,0.03711774229075023,-0.4723012887668403,0.07899092363312078,-0.4685744075760807,-0.11558098590597418,-0.47964288961828594,-0.15166237748998518,-0.47929976587023115,-0.18496493164215572,-0.4769354209349397,0.14402241756216577,-0.4207840394011766,-0.22016273169834363,-0.4251046222515724,0.009069029681906916,-0.31535813613671926,-0.13550802849781332,-0.3166349669001491,0.4994560087332146,0.023317275575996596,-0.4994560087332148,-0.023317275575996596,0.7364287269751559,0.5178487281201739,-0.850934922256911,0.37812966337063836,0.7496411058445936,0.9734146615569782,-0.5716852455667977,0.5589948082027986,0.7671039917537144,1.1540359682286914,-0.5036399567924945,0.7248063667995736,0.697509626962397,1.1270683126669765,-0.40771087845256254,0.6914892621093869,0.6620014640656254,1.0723946467177705,-0.40938159311256106,0.6476907378787974,0.7711478710725888,1.0236674531351753,0.6608659594347568,1.0794931135618726,0.599886138122924,1.1489541958733027,0.5640283299493501,1.2214290534681456,0.5607802095797293,1.2767646233347365,0.6974980423297317,1.2377048483047814,0.6271586803432032,1.289938120783507,0.6162621748583698,1.248316033202848,0.6376276075678501,1.2149949047806408,0.7649024902879679,1.2382886918209672,0.6876892285373131,1.2823304506522006,0.6716221855494993,1.2494676253071373,0.6900084719968747,1.221147392226705,0.8198521943530662,1.2226172615338222,0.7480668595802432,1.2620303202351841,0.7302286315727715,1.2338535332012854,0.7428040662753113,1.2048104366633565,0.8653079760045534,1.2004016334884096,0.8022189090289253,1.2357295982558798,0.7823261990757122,1.2139465214026792,0.7893054136822483,1.1877162147337352,,,,,,,,,,,,,,,,,,,,,,,,,,,,,,,,,,,,,,,,,,
-0.04698176866974216,-0.35068113171693327,0.016350352717500356,-0.4123670580164486,0.05846866510266989,-0.40977928618951065,0.099115158912075,-0.40663783042794854,-0.09687007628887026,-0.41600932308213445,-0.13357307739077975,-0.4156706512187024,-0.1667504665020054,-0.41363544927420626,0.16241608291770868,-0.3661560021002428,-0.20457472612844457,-0.3706544591162197,0.028827458147607284,-0.2747697017084445,-0.1187501135850345,-0.27547943864491836,0.4997966771444764,0.014257682677778768,-0.49979667714447606,-0.014257682677778768,0.7301357711367868,0.4466554417809044,-0.821666117956722,0.3507446326913268,0.7379761657252967,0.8246204398621374,-0.6017397658141198,0.5951776222705666,0.7543424763139815,0.9758053764602413,-0.5529116560548595,0.7388271099073065,0.6864532795066166,0.9534588608236004,-0.47288298337492934,0.7010521712937277,0.652446081093785,0.9084784040872744,-0.46184721749973867,0.6687371167294871,0.7560230300022202,0.8619501003880662,0.6497245200402865,0.9122425293224442,0.5919053043767972,0.9719978888862819,0.5581694410855889,1.0334808862959675,0.5538594817671568,1.0794072590314239,0.6880139695707794,1.046686003902237,0.6194844054567089,1.0903148582524165,0.6052758453473175,1.0574609452172092,0.6228641902129652,1.030570125032472,0.7535145142257603,1.0469202976458158,0.6781461556695656,1.0845658348135996,0.6595229608166072,1.0579593550243247,0.6750087663585719,1.0338187011961824,0.8067631082376391,1.0333547413103976,0.7369402895083279,1.0677208516386523,0.7172619253208266,1.044651059046706,0.7275461832173308,1.0193094569659986,0.8505043002042576,1.0142557734816064,0.7904078809292625,1.0443538642029857,0.7694120431065875,1.0273849641468333,0.7741439880604644,1.005330672967253,-0.5541852070606632,0.6959861475390082,-0.48300119731273955,0.7012638412083727,-0.4434240348071599,0.7433278807239697,-0.4395045558736659,0.7970200541335698,-0.450414711238695,0.847704115258202,-0.5221451882796007,0.6917794864984833,-0.5280442642237276,0.7426582496660603,-0.514039410701485,0.7824307695389008,-0.501523308544367,0.8095322312824224,-0.5943595326043389,0.688367915930864,-0.6122081293113018,0.7381420535114877,-0.5995008405688643,0.7756756712831069,-0.5863484760236736,0.802267068519759,-0.6571744342438576,0.6907668987610558,-0.674625264335309,0.7350252782905805,-0.6581753160294823,0.7633638521344325,-0.6425178222657038,0.7833549186723147,-0.7097842002935182,0.6935676259474646,-0.7465505197653375,0.7194948766907973,-0.7519884081010776,0.7355464833192733,-0.7546459324239053,0.744741698639684
-0.028068558874017834,-0.3212667118322925,0.038728913099193976,-0.3756403765847647,0.08076193984194746,-0.37308437173920084,0.11869274164286044,-0.37004266200432084,-0.07659067985089263,-0.3807066182234498,-0.11422690538955597,-0.3817122969265399,-0.14828022189360238,-0.38175760805998976,0.17979026313755495,-0.3339941142227776,-0.1897781017599364,-0.345110039478923,0.04365074138293951,-0.2521347920727967,-0.10621683576055564,-0.2538735972997887,0.49986340343267277,0.011686655154699788,-0.49986340343267305,-0.011686655154699788,0.721785336282432,0.403232800720251,-0.7941567121566409,0.3065656478525308,0.7261626994610542,0.7265505076813465,-0.6600728116932866,0.5754128232346867,0.7420171145225379,0.8591893697866589,-0.6595700281273112,0.7109008798725912,0.6756035936503261,0.8394498600736058,-0.5763278864120339,0.7000434184600236,0.6425377088008605,0.8002649441725134,-0.5495395820247139,0.6653864174709659,0.7414211486695245,0.7565489149264367,0.6383986117282344,0.8006965803143515,0.5813570246198845,0.8538080825024579,0.5483773083369271,0.907830071936827,0.5442987296528723,0.9484102661355127,0.674555944195197,0.921872411035343,0.607939826995683,0.9601494288977984,0.5937873413187461,0.9308686890840214,0.6102226928321078,0.9070204114816358,0.7380535608551707,0.9214407748935048,0.6659739557549995,0.9548025628443862,0.6486023727469244,0.9309844418955235,0.6645702096889746,0.9090093798571702,0.7900903573855089,0.9087841187937339,0.7238840418569473,0.9390550020648468,0.7057303288137977,0.9189750877021788,0.716579151729209,0.8967654739142029,0.8334229263464169,0.8912733076210893,0.7766791217725585,0.9183817022368996,0.756954535722761,0.9035304642148471,0.762884937018684,0.8840460676060913,,,,,,,,,,,,,,,,,,,,,,,,,,,,,,,,,,,,,,,,,,
0.0033737320871497643,-0.37611392860172976,0.06894340386605662,-0.41893318570827004,0.10665536478947912,-0.4127104328399537,0.1416393403985279,-0.40667430027106566,-0.03721218291088647,-0.4323395025029781,-0.07208415855363424,-0.4350557581662456,-0.10535892150538158,-0.4369072679063167,0.19256011537188766,-0.3619276715141176,-0.16193249200493967,-0.38655747845189725,0.06925125819283874,-0.28910327206726394,-0.08135589233237167,-0.30046618841607015,0.499920244729103,0.008930224520913252,-0.4999202447291027,-0.008930224520913252,0.7107990998231359,0.4173924702366521,-0.7513584221082025,0.3496931417428635,0.7146894002123972,0.7597695692012831,-0.6634136028155286,0.6808176036199252,0.7298899502315098,0.8958851611688639,-0.6826318847280212,0.8281368019246049,0.6655714947139132,0.8754289571192416,-0.6060053705220466,0.8099181249567041,0.6338320241945014,0.8355121767021849,-0.5811833052003247,0.7708854951409615,0.7313172218991195,0.7867348848670823,0.6295420566811261,0.832514273714962,0.5732514947619266,0.8889809287817962,0.5396511166568521,0.9458035758447159,0.5341986399611953,0.9901452617097507,0.6659847493556027,0.961212327653744,0.597255591525603,1.0001598324206247,0.5829692873319282,0.9676902959593616,0.6002392162777901,0.9422915686693373,0.727255524681013,0.9606555810865148,0.6526583062249404,0.9947190162112738,0.6349473652800562,0.9677514646154858,0.6521763375657976,0.9439618083710248,0.7768598633087002,0.9471743606371795,0.7084713639550579,0.9787758771349052,0.6900534838814597,0.9563060584210187,0.7020935773125095,0.9326916032621143,0.8179038717564246,0.9284690494781291,0.7595938165107169,0.9569722058484177,0.7397874862482962,0.940747818721306,0.7467505066835611,0.92018013759081,,,,,,,,,,,,,,,,,,,,,,,,,,,,,,,,,,,,,,,,,,
0.028838961121088226,-0.3812433335879236,0.0937026974877412,-0.42571331968720033,0.1286405485123618,-0.41982751582213085,0.16220186563886868,-0.4140059500344412,-0.014985116961843584,-0.4387222884457262,-0.052269987080528164,-0.4416493902051911,-0.08804873328977046,-0.4438816035449995,0.20556479526667196,-0.36964856011800046,-0.15329576811215348,-0.3971743767781195,0.08644911258696963,-0.2960114545318368,-0.06451230745444975,-0.3062119026277753,0.49998101395254474,0.004357256818845249,-0.4999810139525446,-0.004357256818845249,0.70811025155451,0.41031621062836887,-0.7195706162008141,0.38769467193049717,0.7121021998590399,0.7543937068110902,-0.6852079528412909,0.7481079510903342,0.7268318805096645,0.8873634946308742,-0.6948032772430726,0.9025203293406489,0.6635138170040595,0.8670242031541986,-0.6176741822782619,0.8813504913927073,0.6328341977590988,0.8280660834906723,-0.5965273962518421,0.8382380433957729,0.727423578902131,0.7752524888265765,0.6311261054171855,0.8218052250123294,0.5764763657656575,0.876681939244845,0.5442249636721814,0.9313890011139948,0.536191342895812,0.9744877237080605,0.6676259480450214,0.9500515590727762,0.6003512615120489,0.987678633853451,0.5858348764208112,0.9559911473653662,0.60181630058827,0.9303820991756363,0.7273751986312352,0.9491737716800084,0.6546667549269498,0.9805896228694586,0.6370515366907397,0.9551061780757485,0.6528553745463775,0.9322856210362801,0.7753131356219466,0.9347364034368877,0.7086983022281393,0.9636114591185447,0.6903462447867743,0.9417384336701422,0.7010730339763569,0.9190484275556347,0.8144387598571046,0.9147554088141692,0.7579225400720394,0.9406887595460998,0.7380958442943546,0.925244170169205,0.7439408337682838,0.9059446577586898,-0.7061641935547569,0.7563066449364928,-0.6164799383294172,0.8103327033865626,-0.5746342677527703,0.8878001539593492,-0.5594561096703474,0.9460322504001465,-0.5548620957724446,0.9913626277420434,-0.5980462871772155,0.9329465151441804,-0.6224812037577487,1.009722269251466,-0.6317266351289428,0.9853486669176298,-0.6246468928285537,0.9494082207127313,-0.6760497787443915,0.9284485729459306,-0.6933559008054325,0.9921883862820762,-0.6951218766857391,0.9678776654451038,-0.689234554474776,0.9350263924719167,-0.752498478153426,0.9159153649542848,-0.7589942014694272,0.9647710960632447,-0.7562000488399785,0.943039314586224,-0.7510949703344357,0.9124900789499972,-0.820471510858559,0.8978664601819021,-0.813760764116353,0.9357003735918545,-0.8077416440642385,0.9146941232943833,-0.8074782403671378,0.8897054313947785
0.06072041971350248,-0.4359093146455209,0.12610535080403917,-0.4870993278906711,0.15968561101117798,-0.47966777103578484,0.1911154627281316,-0.4723528916123402,0.016550519677531465,-0.5002315495834067,-0.02463109604514211,-0.5040531774230855,-0.0618908976279959,-0.5076197943614699,0.21846490102326882,-0.42404498770778376,-0.1431763575736861,-0.4576474692190008,0.10516435040337863,-0.34301905257913473,-0.042856321450372194,-0.35346504158890873,0.49997197072154276,-0.005294194255664404,-0.4999719707215429,0.005294194255664404,0.7069155086760022,0.4513041061962942,-0.6782847251025782,0.5721960678887216,0.7101125963605608,0.8264759673969813,-0.6762017308155921,0.8878313250724911,0.7261841804365247,0.9687250257788396,-0.6720292765634567,1.035308946654828,0.6632065734596464,0.9463569014675688,-0.6117570804802481,1.008612796773023,0.6330000660845181,0.9056675918761792,-0.5955441072362216,0.9660410912877094,0.7239717775027776,0.8424803985270368,0.63109915670462,0.894582528753282,0.5793990236129057,0.9561968749697948,0.548857061641325,1.015910439757732,0.5392534377323375,1.0633244354318576,0.6715210552431504,1.038863719066081,0.6002650982136786,1.0769613754075715,0.5863144467421574,1.0399953133670772,0.6037651219368705,1.01053850474377,0.7285445332999995,1.036327045636149,0.6544161036631485,1.0709471841687197,0.6365586612451857,1.041876118205118,0.6528247861670515,1.0153744307090489,0.7737711913815982,1.0191346261132341,0.7067171644900045,1.0524442649499315,0.6875148610141544,1.027751961561142,0.6981488097551033,1.0015235821090256,0.8107925235404432,0.9961178813535403,0.7545369398489432,1.027319371144873,0.7339131380122749,1.0098205849724302,0.7392106202647583,0.9874984244977879,-0.7301552478305858,0.8515503009817483,-0.6285841029827469,0.9121739497349299,-0.5736962954732114,0.988072265319696,-0.5473142367314495,1.0509366511085168,-0.534149925824742,1.10258373935214,-0.6200740344348145,1.05675355141784,-0.608991291562557,1.1202117546191035,-0.605938920968645,1.0892503374821612,-0.6077318154898215,1.0501506695021694,-0.694904180319347,1.0562582026861744,-0.6756860929820993,1.0986787578625752,-0.669680523887274,1.070158197234593,-0.6732141120868116,1.0356992856981961,-0.7649684558132915,1.0432253335941513,-0.741793753774347,1.069893198038031,-0.737305812461262,1.0434588652410215,-0.7414846373080579,1.0102273649265925,-0.8272596549863738,1.0240598279919644,-0.8028186308625211,1.0476719812199844,-0.7949718648273023,1.0234656570115477,-0.7990574127582478,0.9960059770897486
0.05608998687863819,-0.4267252678814008,0.12239631391442411,-0.4658375240470679,0.15669362887068808,-0.4581768921955217,0.18922243475356215,-0.4507905403046829,0.013675077243692517,-0.48038280644267156,-0.026265470182936918,-0.48373990043804826,-0.06254703983995526,-0.4869842358139008,0.22145815937226868,-0.40466555901022716,-0.13962429241856789,-0.43729618148928423,0.10455409380599244,-0.3349451328738398,-0.04073839026156679,-0.3492192812907786,0.49995437624158456,-0.006754382050796692,-0.49995437624158456,0.006754382050796692,0.705907118604266,0.43519449990687653,-0.6735228679642669,0.5862374027964722,0.7088290442656685,0.7698789716106931,-0.6872261188262566,0.8270023889148109,0.7258782431986702,0.9011957392036573,-0.6638640440054394,0.9605854226244075,0.6641042760997132,0.8799565521225744,-0.612173206901949,0.9205410450951412,0.6334619681346423,0.842691401360874,-0.6032806486354035,0.8842706869708871,0.7254669840054034,0.7812232172780293,0.6346932876135173,0.8292689861874477,0.5832280285410921,0.8861776488226628,0.5531985440451604,0.942545864858573,0.545653308712694,0.9879793096266813,0.6786246564346693,0.9626067988757298,0.6060322089942158,0.9995134732625848,0.5924304020665653,0.9637502805591858,0.6102217583943125,0.9360141438262859,0.7345477760774187,0.9605460150598748,0.6584005365296486,0.9939836647218402,0.6411690599588035,0.9650012223660944,0.6584718214564815,0.9397250780124453,0.7775002534762531,0.9451586857338895,0.7081107115414292,0.9780779106708475,0.689689325038066,0.9538882891678846,0.7014675992485376,0.9293670149264389,0.8113433870154013,0.9247955718626483,0.7529725661051402,0.9561855183709355,0.7333489791646323,0.9389877591684792,0.7400917390873406,0.9177469163073739,-0.7260014318719638,0.8049257082984079,-0.6329280875221419,0.8580871751649735,-0.5796637821994475,0.9220656873397493,-0.5521187759425632,0.9730304308506225,-0.5329188332422914,1.0160369988399276,-0.6355762185574063,0.9921184285266285,-0.6079629527286741,1.0371967084799363,-0.6028076532919752,1.0173172479532324,-0.6101513243485693,0.9850793764954839,-0.7064488462312587,0.993293535608512,-0.6837945153922333,1.0065011961130355,-0.6776666588702162,0.980052097191532,-0.6796983738272969,0.9511945006494736,-0.7703982326490818,0.9773809928594275,-0.7515705031543023,0.9807693810972272,-0.7448472189543096,0.9558409505482781,-0.7441713357422031,0.928266086789558,-0.8232619620633002,0.9534377514237948,-0.8132779124435906,0.963124395710726,-0.8021910263895232,0.9416653210426709,-0.7991790964173184,0.9190503463409919
0.05988364450435693,-0.43553356513269126,0.12676654609355537,-0.4681719098645431,0.16130420579899485,-0.45986708213451805,0.1940819282432386,-0.45192524568180165,0.017762567480806752,-0.4838317122190708,-0.023404636006240147,-0.48677822205951193,-0.06036294094393432,-0.4895861843607683,0.2252139215184274,-0.40515546137254066,-0.13827796668646608,-0.43745914665247265,0.10899425676688881,-0.34091288353553023,-0.04064741508752969,-0.35497521311112384,0.4999478110808841,-0.007224001344995518,-0.49994781108088443,0.007224001344995518,0.7057449411326785,0.43617586235335654,-0.6786462868602473,0.5606162814756201,0.706710707412661,0.7582356765962032,-0.6916196654194054,0.8019713353044274,0.7244669509743162,0.8871338546033494,-0.6655353866562559,0.9302901029172049,0.6640365234304811,0.8654981660728713,-0.6134021298129815,0.8950042064214863,0.6336447118565851,0.8285220223526533,-0.6077836580008006,0.8546996464052964,0.7296182078641054,0.7655174470244699,0.6381014702819379,0.8139691264016128,0.5868690415637762,0.8700517291071902,0.5574547002396353,0.9254039275281764,0.5501342446940062,0.9701675565714634,0.6823602207524232,0.9448952407890492,0.6114179293890374,0.9813342262013166,0.5975798728694689,0.9470322465086978,0.6155756702640596,0.9202331237430448,0.7377209416474686,0.942590536865943,0.6629480542415876,0.9755704192963408,0.6452203155095411,0.9476033047464488,0.6621874849800458,0.9228886182440871,0.780426650838553,0.9272459874817826,0.7119769274894142,0.9595771857482194,0.6928288553932964,0.9358912884198043,0.7043465055185052,0.911925348193037,0.81417769051102,0.9068261109263732,0.7558520897892735,0.9374714836982846,0.7356074312349034,0.9209445309655256,0.7423670400999565,0.9001535566278552,-0.7155128477768171,0.7971251192529415,-0.6309520437139602,0.8457364722124783,-0.5795727490525174,0.9034963844881868,-0.5538745125181722,0.9486551851769265,-0.5474587549586291,0.9875967059866918,-0.6278334077037082,0.9749973958452679,-0.6173693036317796,1.0022262452572814,-0.6269423958113084,0.9729013320698229,-0.6343754548725767,0.9412299541761705,-0.6970625776849908,0.9759251403009204,-0.6989285113821148,0.9709899983466244,-0.6991077520159779,0.9386709188956718,-0.6933501539824625,0.9103834745743313,-0.763709134594256,0.9598858880075141,-0.7657160822497748,0.9493002664497976,-0.7613591851149047,0.92228136732766,-0.7533531978558752,0.8975301606110686,-0.8210268724995783,0.9363883236224354,-0.8261374486557207,0.9328890975352463,-0.8156526738629833,0.9091186960339952,-0.8057313885827063,0.8888729046253393
0.0790778688920725,-0.4299096958644467,0.13915272469992787,-0.46303409328782136,0.1716635881708546,-0.45498605355260313,0.20294804965316238,-0.44726928044232805,0.03482376831211508,-0.47866324456309983,-0.007279371275051361,-0.48183410119262277,-0.04574607540664052,-0.48465799749140553,0.22978211707014737,-0.40078581819768094,-0.13290427345571568,-0.4331613669892854,0.12179675309420396,-0.3376151738627049,-0.026087279234177998,-0.3506768672277403,0.49993196498323367,-0.008248053588740055,-0.49993196498323383,0.008248053588740055,0.7095411918839991,0.42745468254728564,-0.6802757057449161,0.5425164033094667,0.7107621297986176,0.7469867839053256,-0.6795696154925963,0.7997983689833799,0.7290750680198275,0.8753646949317047,-0.6561144183877802,0.9236823792652311,0.6683735394490059,0.8535617692284869,-0.6014484305914922,0.8910834782998859,0.6378753393737512,0.8165192844516334,-0.594087569247294,0.8554417781085062,0.7347079630654195,0.7544972737692991,0.6449507499555037,0.8020017976354437,0.5922580465388144,0.8576963326474966,0.5626131840893789,0.9112374323589422,0.5559234617655311,0.9546869938705325,0.6885847723445645,0.9310783212559641,0.6182184273647368,0.9624288445519266,0.5979700764492432,0.935034753024638,0.6074031407540855,0.9112380795220678,0.7420676939115485,0.9285862578498595,0.6684824440963284,0.9569789220800292,0.6474613977506107,0.9332311093934457,0.6591669515906715,0.9090425786182932,0.7836907486520407,0.9133638485990534,0.7154968441283169,0.9420778293211093,0.6948104252110502,0.9211613553092535,0.7022830174477434,0.897628562571168,0.8166338392180501,0.893598030624607,0.758641737686151,0.9216017498162598,0.7371315625092064,0.907421111406972,0.7406385559358722,0.8880727136485711,-0.6856377522947885,0.7748833975996829,-0.6086881402259526,0.827380299607889,-0.5690040780902967,0.885419830205742,-0.5514176732948233,0.9311501563629115,-0.5558201154003819,0.9630696978371035,-0.6047070912756479,0.9559416813803904,-0.6140677094958961,0.9802560853834822,-0.6245187873119551,0.951974086047799,-0.6242950429024475,0.9225419160470507,-0.6749864821123278,0.953649106007768,-0.6917549715548139,0.9503467943683469,-0.6918706591905508,0.9209013575235228,-0.6801544598270062,0.8955367695582791,-0.7432879723689603,0.9358398239529492,-0.7564496077220105,0.9276671244206521,-0.7512966091067477,0.901695982815891,-0.736701596410262,0.8787568004548099,-0.801889694984617,0.910965138473824,-0.8149706881420723,0.9089843339369845,-0.8032557134847692,0.8851300629162313,-0.7868531285839789,0.8647597945824258
0.08964202271293974,-0.39371140672151705,0.1456493055455275,-0.42377376052956806,0.17688483879950584,-0.41591750459899884,0.20719439220741778,-0.40836852896131665,0.04295403602937865,-0.43906390971889686,0.00043258208546957883,-0.4421934413172229,-0.03927440525839823,-0.4445618632670134,0.23106708652678165,-0.36540564729931835,-0.13205700215441832,-0.39628886790901674,0.13036724897659757,-0.308550667915172,-0.019378453584169147,-0.32035015729657756,0.49994485986476306,-0.007425435664159732,-0.4999448598647628,0.007425435664159732,0.7101507576939604,0.39090976387802884,-0.6772550318225167,0.47663151081525773,0.7116831997368919,0.6812309914849524,-0.6678607045696556,0.7205346523706697,0.7294795984905251,0.7999122431070624,-0.6466221950889243,0.8448524291345156,0.6688898639512338,0.7789967963251611,-0.5922209732744228,0.8088577929028251,0.6384630097210163,0.7443273063565456,-0.5851609888705926,0.769194850443886,0.7321033335769299,0.6881381501839579,0.6434849158727626,0.731559366994361,0.5924445603153351,0.7817041129825876,0.5633292912025838,0.8286955426959713,0.5493311420290036,0.8678417224315842,0.6882345205890085,0.8483198213241072,0.6150508576349747,0.8715086990806423,0.5931333025432554,0.8490859538235842,0.5989535321084465,0.8299784379187746,0.7406600802390575,0.8454089314726432,0.6656389554473325,0.8688245761760924,0.6422814056702294,0.8497666978570568,0.6488892264709022,0.8286750080994756,0.7812535078259676,0.831049930209308,0.7123292015367807,0.8558180513941901,0.6890322791509816,0.8390498544498928,0.691971389642462,0.8184679840628658,0.8129541021250426,0.8131250002393832,0.7555456110747996,0.8377350493505206,0.7323296507332886,0.8267168348868712,0.7325166165704469,0.8103113173267266,-0.6567517706742151,0.6972546246426389,-0.5831408917236938,0.7590057018473914,-0.5694719568162475,0.817412446710617,-0.6057827746860553,0.8457702812786054,-0.6552154688128933,0.8472577838118166,-0.5778701684986296,0.8575153318196607,-0.5819531973623704,0.8860239996468018,-0.5964122653369209,0.8669163360110822,-0.6035221449540914,0.8428596868889614,-0.6453446893435884,0.8599577669553821,-0.6657758377873263,0.8638200438675155,-0.6689077509145065,0.8367869123698721,-0.6594240829871927,0.8146144232744248,-0.7132520746997523,0.8465650735746305,-0.7311007222145252,0.8417218634198192,-0.7257524260540036,0.8163951716640689,-0.7120376440354315,0.7970004668701381,-0.7725667511834188,0.8259184970490052,-0.7854164631729644,0.821043820210355,-0.7730900860720203,0.7975646512155878,-0.7583829541594478,0.7802562023332676
0.09048982519907929,-0.45406849803218524,0.14566277205508527,-0.4899375169445164,0.1764158845942813,-0.48095857657280466,0.20647432746504443,-0.4722650569766169,0.04376043616869931,-0.507506732324749,0.0012283381009078381,-0.5111479446358959,-0.03834794240417334,-0.5138509667014014,0.23033384745718147,-0.4228351268624607,-0.13149175476032385,-0.4587686950443616,0.13115483434172023,-0.35636692907347095,-0.017633951221312033,-0.36955295797894927,0.4999358588350123,-0.008008561100396583,-0.4999358588350121,0.008008561100396583,0.7100400323471024,0.45232678067224624,-0.6709494764332522,0.5426598022431667,0.709444252715208,0.7904879050173154,-0.657331173754474,0.8297489281191527,0.7268558420896555,0.9280771557691795,-0.6357198540047716,0.9656533915697831,0.6665192215610584,0.9030113217713439,-0.5830930910307114,0.9313311580720194,0.6362932098048518,0.86266802829033,-0.5744623551947501,0.8850332372777633,0.7226555487730164,0.798429006138374,0.6344797879583544,0.8465704335253519,0.5849550196598376,0.9063415161828271,0.5558017865352975,0.9617265016557797,0.5426030628350756,1.0063870625962048,0.6786213354443378,0.982689433407735,0.6085692848554746,1.0124084650158984,0.5810684723414746,0.9914729281794104,0.5774283057023805,0.9702779957370921,0.7314993579229986,0.9798631342226268,0.6604088681269212,1.0033972500094017,0.6346655586152286,0.9836301063175904,0.6347411804078754,0.9610102958345337,0.7721183935192415,0.9619458321977391,0.7080813716234124,0.9868243534610674,0.6816370124409293,0.969824438667888,0.6766142617615837,0.9466839535727326,0.8029932890446108,0.9397759832012313,0.7510825875115931,0.9647137459692576,0.7259461288123561,0.9539706586505682,0.7199750095473109,0.9360203115088981,-0.6407600558670361,0.8175155573990467,-0.5765038621255208,0.8753999864719393,-0.551037332127858,0.9395022052647809,-0.5596515550165416,0.9825372204086702,-0.5799580704606127,1.0027777824833994,-0.5742301418736572,0.9667587764088852,-0.5800894234503217,1.0037131476283832,-0.5885758586447315,0.9741129414660586,-0.5878434719035395,0.9423880883910302,-0.6308179480759579,0.9597990981344395,-0.6502459934895677,0.9901105447895815,-0.6520948806432867,0.9596480836629265,-0.6428233298646732,0.928808600012154,-0.6880620501089836,0.944250257769914,-0.7070483741829146,0.9713140371964177,-0.703131990971175,0.943026047484973,-0.6910209638493081,0.9147305241717746,-0.7386549996845273,0.9228567121904585,-0.758508253490538,0.9503505917897975,-0.7480299440307546,0.9259492557102637,-0.7348331906253783,0.9015080257850806
0.09010704619713952,-0.39131292801870865,0.14516964756138642,-0.4228791912175662,0.17577432018988037,-0.41522825926948514,0.20573095327634464,-0.4077894565404472,0.04319552920815316,-0.43792172029937665,0.0005784664656558381,-0.441090118422105,-0.03896167086689293,-0.44346046082226676,0.22978397418857865,-0.36512203550819394,-0.13279695494299087,-0.3958071522579465,0.13210431008183415,-0.30731205096645453,-0.01669473296371624,-0.3188887422811163,0.4999547451633189,-0.006727019301345494,-0.49995474516331917,0.006727019301345494,0.7077390393146834,0.39143131195678643,-0.6672856618425302,0.4645128245105555,0.7071674927517853,0.6834503038324734,-0.6492386489628991,0.7184630934185807,0.7242097170485724,0.8021376007515467,-0.6289432287602433,0.8275100903001377,0.66439501273384,0.7794120280784517,-0.5849115134648132,0.7892353792802207,0.6343852647181013,0.7448816530400112,-0.5741564883843061,0.7577073688913545,0.7158407492486468,0.6889393231013708,0.6259719721356471,0.7298698297921397,0.5751675422845115,0.7814121247122752,0.5458997200590272,0.829342377701736,0.5309467453218398,0.8670697109879661,0.6688791097207671,0.8477633624064016,0.5996522155093009,0.8696865879391747,0.5721495295602019,0.8493189273527433,0.5679267056584739,0.8304510432818342,0.7228702483039791,0.8446757613214113,0.6517067164423775,0.8609510371484177,0.6256906874397704,0.8399663002847558,0.6262710241494149,0.817732168934606,0.7644272567537708,0.8283217601755832,0.7011668149145497,0.8458409552319416,0.6763526046989794,0.8277325041238013,0.6733027978268648,0.8055406950315143,0.7958540886396277,0.8087594063279256,0.7440397270346794,0.8277950996310599,0.7207314372786828,0.8159485669275421,0.7170277931081739,0.7988912172096096,-0.649232944718734,0.7112925782892114,-0.5831233731873686,0.7490071853020981,-0.5578516077800015,0.8066976020663791,-0.558333195607051,0.8531159441866645,-0.5534008946482697,0.8858653808566478,-0.5923418993190893,0.8443994828059224,-0.6015291923762013,0.864713130720606,-0.6037826493579951,0.8330511985017893,-0.5967883108896475,0.8076212927432307,-0.6483888100945058,0.8353965322950322,-0.658762024864752,0.8506948446730519,-0.6540518153796101,0.8238916852327913,-0.6455599725496373,0.8012051792592618,-0.7031204717849804,0.818730293512524,-0.7112272313777126,0.8339515083508706,-0.7015250601505552,0.8086965148608218,-0.6906776450170141,0.7884786099560587,-0.7507014426096653,0.7974442695264544,-0.7575859042436862,0.815541918100245,-0.7446978658942475,0.7931188163889387,-0.7346151935276212,0.7759750463962094
0.08704099198348916,-0.4408936434046916,0.14243208743688351,-0.4769030470438401,0.1732425695323763,-0.4682996051513661,0.20333858890870354,-0.4599101783955028,0.04059532038482611,-0.49370394503315757,-0.0015428739430052424,-0.49710196765088527,-0.040655558301372664,-0.49959942325794326,0.22820901564838086,-0.41162400478169464,-0.1340426054683,-0.4459922638656552,0.1301653723877878,-0.34604560853408317,-0.01817170932654944,-0.35889620294057606,0.49994673307280363,-0.0072982251151186015,-0.49994673307280335,0.0072982251151186015,0.7050126395761056,0.4449049033081271,-0.6665505433659518,0.5241244055885652,0.6995817158369233,0.7717663887206235,-0.6502048075406671,0.8250657604447309,0.7170867051893106,0.9056922682077638,-0.6369679449935037,0.9472858553275371,0.6594707232207404,0.8799429823527618,-0.599504530031361,0.8946002218999918,0.6299181505590167,0.8411161441742524,-0.5861568893961829,0.8617350788808495,0.7110854794414604,0.7748160417909693,0.6193283994281494,0.8232369038227849,0.5687733083523773,0.8811292090522123,0.5401802529681543,0.9339000143249948,0.5254094682426736,0.9760911403903733,0.662603467871363,0.9545281342305881,0.5940023651648696,0.981638165565968,0.5660918818381107,0.9594894777174635,0.5626215810607091,0.9382454484682726,0.715028358796352,0.9515369324265815,0.6445447745740003,0.9736219918965853,0.6192791647223649,0.9524825069123325,0.6210924565569886,0.9291305579953302,0.7551740395007009,0.9340825492795913,0.6919100534992629,0.9581180440055267,0.6664357556333375,0.9397509860855535,0.6634635832618068,0.9163895179623188,0.7858183544641715,0.9124981666566879,0.7339014761852299,0.9369264538924229,0.709961473487817,0.9248312168506513,0.7065193334701634,0.9060894028116345,-0.6643885056986897,0.805334783975636,-0.5955711619264505,0.8394005160053863,-0.5585353802232598,0.8984329549356654,-0.550160724614941,0.9462536059639859,-0.5515214860950737,0.979322493397225,-0.6213884242769869,0.9635294622432143,-0.6000518931430157,0.9869710921031428,-0.5992791507058294,0.9540192742062005,-0.6078728448063591,0.9269615150032897,-0.6774799953172211,0.953315687963094,-0.6569715956644436,0.9643795106594051,-0.6481790045422513,0.9351074504839455,-0.651034430982642,0.9112536556945162,-0.7278092408297174,0.9308121174261013,-0.7118178456900014,0.9410688116360765,-0.6992019185705227,0.9143818004653748,-0.6990566388894395,0.8931466224079437,-0.7707006888570288,0.9021350911419753,-0.7629967628674719,0.9201581216086374,-0.7477556375056733,0.8978467722360918,-0.7452588411380975,0.878370643288236
0.08636531162185798,-0.38685023012004716,0.14141172204103217,-0.4188871767605293,0.17238142854411742,-0.41134332933521633,0.20260757989851202,-0.40396921036657757,0.03927684497402522,-0.4336300323444892,-0.002577993792385658,-0.4365918012865395,-0.041526173952945736,-0.43877548838528746,0.22764545575630715,-0.3613325667719745,-0.13565542192218316,-0.39151540329083007,0.12957064362519816,-0.30323456029094004,-0.01906815824082155,-0.3143256734760484,0.49997215569362624,-0.005276696984707866,-0.49997215569362613,0.005276696984707866,0.7044884550965711,0.3925454972387859,-0.6610999405183212,0.44475712619287167,0.6974661142269333,0.682836456302073,-0.6599026748860795,0.7183608729689176,0.7163427846207276,0.8012174097876351,-0.6562043092167885,0.8268226654061374,0.6590672018381094,0.7788645701903358,-0.6115010420670147,0.7907300786753784,0.6294603065036333,0.7447114001947448,-0.5921485449032438,0.7631217028523051,0.7068090787709739,0.6877013663925475,0.6172106833537422,0.730278287984585,0.5689495869370277,0.7832025995026205,0.542401458001119,0.8290469782128034,0.528083168870282,0.864315843693361,0.6650789124039921,0.8461130196965657,0.5965139452365461,0.8706451962714383,0.5708999261197129,0.8503153842128988,0.570698919870933,0.8313790855475569,0.7171606206301561,0.842891570639656,0.6454334910921613,0.859362161638579,0.6233425870711702,0.8379297781894639,0.6300414889165408,0.817631817865626,0.7564382121454952,0.8262752874468199,0.6925766418912407,0.8449824305763914,0.6705682306854407,0.8262204316815004,0.6726467883387962,0.8053877751075318,0.786682093856096,0.8062025011919146,0.7349607784492397,0.8254481745767198,0.7134025316557493,0.8125917232342923,0.7131669978711992,0.7955812748245231,-0.6833527506867744,0.7010468008473395,-0.6048433866292398,0.7424484524135795,-0.5678676619377905,0.7980332685496121,-0.5528758059064454,0.8411563884070892,-0.5472741331572477,0.8731877315016515,-0.6505715616853979,0.8553836440355659,-0.6058893843277431,0.8843890723334705,-0.5982249246104471,0.8583591269189461,-0.612315798593523,0.8330622137877641,-0.7094309318655537,0.848225261584837,-0.6644479916760427,0.8610514832716449,-0.6513877179768699,0.8346251607141665,-0.6613883854184973,0.8144167096633097,-0.75719417854353,0.829348537460326,-0.7170283894999231,0.8371100384061003,-0.7031435609194963,0.8148104324950386,-0.7104365230154397,0.7969121169804606,-0.7945797544163358,0.8064469927480967,-0.7644161258969842,0.8170633528782422,-0.7508356995373191,0.7975696488556212,-0.7560250948458899,0.7809743052291167
0.08111510664686564,-0.45209984143991916,0.13721854142227186,-0.4903487064665257,0.16845506395255533,-0.4815335091626165,0.1986602966843826,-0.47294337776781026,0.03420943991280589,-0.5079741478863831,-0.00845903179924233,-0.5114893471740395,-0.04725237094070168,-0.514026509084494,0.22654601431998952,-0.42288341880322844,-0.14137609764308096,-0.45826490938865033,0.12492634380641539,-0.3537125834187101,-0.02312900314197589,-0.3663757994820379,0.4999606768691421,-0.006270692509547634,-0.4999606768691421,0.006270692509547634,0.704618578207511,0.4593544369439909,-0.6615159676612401,0.525986459355401,0.6969997684380718,0.8063652267044817,-0.6722940944223469,0.8439979846671735,0.7166652306332587,0.9466681861099865,-0.6692847187140687,0.9710573360375749,0.6586220822191841,0.9209315952609503,-0.6159988916543612,0.9338726243402634,0.628528698589163,0.880731869362004,-0.597619227313994,0.9005543537856638,0.7103185876928766,0.8096812556972873,0.6191281456987989,0.8581835673952015,0.5689443106320038,0.9206967967719942,0.5417502275090678,0.9765715377086301,0.5274369035527277,1.0194193943079632,0.6644856640137021,0.9993723653634069,0.5929151229780156,1.0233911558683713,0.5687706550983145,0.9952177703386156,0.5700461830022173,0.9711640468238214,0.7182878828781591,0.9946122648348978,0.6444995926235217,1.0125417624771302,0.6236652232875894,0.9838883522053342,0.6322029135745376,0.9571880621547726,0.7589445645687394,0.9739091557306014,0.694398669960343,0.9940985236555093,0.675065020542968,0.9692177046492706,0.6801316541463199,0.9429275733210895,0.7905145804142577,0.9489297943533501,0.7385361181062958,0.9695070751038315,0.7183382990008429,0.9518453972036282,0.7201969733904561,0.930758198787272,-0.6976018676513837,0.8138379362749042,-0.6094330319434943,0.8725702321748372,-0.5683921607254248,0.946209712080478,-0.5545709541443936,1.0012205127590827,-0.5502878244328258,1.0380824851566226,-0.6615258641593964,1.010502091813631,-0.6074764195674083,1.0496567819508507,-0.5970914452000456,1.0146408713961608,-0.6137787149924664,0.984382280632879,-0.7199423719709025,1.0025863760638236,-0.6607087495191567,1.0211848147748877,-0.647672540640952,0.9892819394046386,-0.662321785355471,0.9645149568234673,-0.7651179254281928,0.980751506959467,-0.7118753255255273,0.993348941210752,-0.6988611503601994,0.9670268314059107,-0.7103896370805849,0.9446227801762166,-0.8005306768173164,0.9543989828425847,-0.7580374478131897,0.9686476535435892,-0.7431056860852605,0.9454570013064821,-0.7499935554389731,0.9243296559982319
0.04231363477404542,-0.44735052542542325,0.11066007228352276,-0.4869059730884151,0.1444431094326669,-0.4788498189048179,0.17798116186680413,-0.47084528111195595,0.00937262746915842,-0.5035343584666803,-0.028502831692687268,-0.5072975756949085,-0.06462359484086809,-0.5106157970696776,0.22239571342547493,-0.4206760610355556,-0.1429881506294294,-0.45668883423073303,0.09362737449294165,-0.3513321338675695,-0.049152744684175555,-0.36491715080691633,0.49996376926549774,-0.006019088123312643,-0.49996376926549757,0.006019088123312643,0.7033834917672596,0.456827955176132,-0.6624260090321037,0.5250477920569968,0.6873520358554026,0.8070616766075268,-0.6741393991148055,0.8412039204643792,0.7160664495035184,0.9470635765002281,-0.6690571342070681,0.9693347456582392,0.657709819682489,0.9233318546562294,-0.6121423823883223,0.9382053696457798,0.6248429992058689,0.8842638082316778,-0.5951290254962944,0.9042132825619752,0.7184434179054163,0.8241378385202336,0.6243748934003064,0.8725587054289715,0.573216628344176,0.9311832812024999,0.5471379960882586,0.9837369352212787,0.5350868410380704,1.0275312703530446,0.6666348501732946,1.006569975730289,0.6059305903182209,1.03811853940084,0.5785341608004969,1.0221157203473263,0.5720348714122889,1.0043546419501508,0.7201345786001628,1.003869065533605,0.6537489531536661,1.023765880717799,0.6330538179645948,1.0000584898323959,0.6398870415142963,0.9771317751327921,0.7620731214068568,0.985134922585163,0.7026408760102515,1.005965003824063,0.6821376548580315,0.9842171240684209,0.6841162194365925,0.9602252347600098,0.796132910930467,0.9619567300492164,0.7485980277385502,0.9835706157400209,0.7282157105608607,0.9693931399588689,0.7278567360089702,0.9495955603272332,-0.6911193065301084,0.8193244797397587,-0.6027190668154679,0.879396226172047,-0.560721847273067,0.952028134809119,-0.5499292521432231,1.008097612344976,-0.547596010990228,1.0434862964521738,-0.6524133099419863,1.0148310313437743,-0.6057299868921645,1.0548672761278732,-0.5937127484901634,1.0213432124119128,-0.6064866177930516,0.9887430299523436,-0.7127000119437549,1.0085108910559801,-0.6632925186610031,1.019463993445518,-0.6519756637157879,0.9862522349623897,-0.6652212827616468,0.9613543650314115,-0.7607839150385629,0.9874206423526675,-0.7177295799105066,0.9918217651775064,-0.7057348591730047,0.9650738734304483,-0.7138226249684719,0.9418014853262241,-0.7992147476351917,0.9609869675566165,-0.7651944808173204,0.9673966110135305,-0.7517100437197611,0.9443982937786307,-0.7562647786118886,0.9238137814289856
0.026004296151643267,-0.35306995359675153,0.09763240667615551,-0.38934972445538385,0.1328908041890968,-0.3837348469630695,0.16793438604411104,-0.3779780026981794,-0.005864766856046921,-0.40183067616951584,-0.04229117772855159,-0.4053053375997921,-0.07799688955357821,-0.4086376798077096,0.21895722147809638,-0.33894284992633283,-0.1467059958482743,-0.3679427000279975,0.080030059876926,-0.27726019047099865,-0.06070694235444318,-0.2891314040606121,0.4999752104718736,-0.004978846613987178,-0.49997521047187377,0.004978846613987178,0.7106700753508781,0.37135779744495373,-0.665331434377557,0.42600527727260673,0.6830945186769252,0.6548062307151838,-0.6787571323155019,0.6819031339486982,0.7144501198681076,0.7689737381299367,-0.6681477088197411,0.7860658608444735,0.6561995234558291,0.7502235506564494,-0.6096807062154833,0.7622233379268862,0.622204384223954,0.7184970080539034,-0.5941940503886832,0.7340733147418914,0.7130665423640041,0.6652735663293164,0.6228922434212874,0.7016989694382674,0.571683221942322,0.7530083268815623,0.5405931463770963,0.799149642667378,0.5298516149941435,0.8343836245300154,0.662899227128661,0.8194022530756615,0.5980363128556166,0.8376841052775534,0.5774944720055404,0.8132335359944058,0.5833336031950922,0.7931479867832447,0.7196163615925856,0.8135088697648531,0.6507149877991789,0.829831947052974,0.6314270491475061,0.8068166942659474,0.6424893070441231,0.7855512841613538,0.7652186569753309,0.7956283873757946,0.7036621823151497,0.812648892294434,0.6854947281231158,0.7928204904449195,0.6922971615835799,0.7725800043091697,0.8019405329383118,0.7746017972441338,0.7502229148058228,0.7918116381861787,0.7306529838227077,0.7770872731135583,0.7326132702621165,0.7606070032222378,-0.6779304288514596,0.6669216215144311,-0.5937015461973388,0.7158027409330542,-0.5531155145339945,0.7733787964972673,-0.5426415671151842,0.8175559801326109,-0.5468963392666993,0.8463546518981627,-0.6439045081076255,0.8237245562339532,-0.5974414531199468,0.8563592914372272,-0.5829661898289433,0.8298763557256269,-0.5943568462270075,0.802922688083907,-0.7047231620890566,0.8191222669680791,-0.6605051926970275,0.8291467846749024,-0.6483013055939546,0.8043516604839346,-0.6580879551803913,0.7838300604012969,-0.7551904333345535,0.8024241831108903,-0.7155350512136299,0.8064470449335803,-0.7039786050307894,0.7856126104235887,-0.7108583197340442,0.7671459335555132,-0.7959202679884175,0.7813154016898435,-0.7654733295453995,0.7870961420500182,-0.753308550867855,0.7682111777795274,-0.7577194760390044,0.7515190150786922
