pose_0_x,pose_0_y,pose_1_x,pose_1_y,pose_2_x,pose_2_y,pose_3_x,pose_3_y,pose_4_x,pose_4_y,pose_5_x,pose_5_y,pose_6_x,pose_6_y,pose_7_x,pose_7_y,pose_8_x,pose_8_y,pose_9_x,pose_9_y,pose_10_x,pose_10_y,pose_11_x,pose_11_y,pose_12_x,pose_12_y,pose_13_x,pose_13_y,pose_15_x,pose_15_y,pose_17_x,pose_17_y,pose_19_x,pose_19_y,pose_21_x,pose_21_y,pose_14_x,pose_14_y,pose_16_x,pose_16_y,pose_18_x,pose_18_y,pose_20_x,pose_20_y,pose_22_x,pose_22_y,left_hand_0_x,left_hand_0_y,left_hand_1_x,left_hand_1_y,left_hand_2_x,left_hand_2_y,left_hand_3_x,left_hand_3_y,left_hand_4_x,left_hand_4_y,left_hand_5_x,left_hand_5_y,left_hand_6_x,left_hand_6_y,left_hand_7_x,left_hand_7_y,left_hand_8_x,left_hand_8_y,left_hand_9_x,left_hand_9_y,left_hand_10_x,left_hand_10_y,left_hand_11_x,left_hand_11_y,left_hand_12_x,left_hand_12_y,left_hand_13_x,left_hand_13_y,left_hand_14_x,left_hand_14_y,left_hand_15_x,left_hand_15_y,left_hand_16_x,left_hand_16_y,left_hand_17_x,left_hand_17_y,left_hand_18_x,left_hand_18_y,left_hand_19_x,left_hand_19_y,left_hand_20_x,left_hand_20_y,right_hand_0_x,right_hand_0_y,right_hand_1_x,right_hand_1_y,right_hand_2_x,right_hand_2_y,right_hand_3_x,right_hand_3_y,right_hand_4_x,right_hand_4_y,right_hand_5_x,right_hand_5_y,right_hand_6_x,right_hand_6_y,right_hand_7_x,right_hand_7_y,right_hand_8_x,right_hand_8_y,right_hand_9_x,right_hand_9_y,right_hand_10_x,right_hand_10_y,right_hand_11_x,right_hand_11_y,right_hand_12_x,right_hand_12_y,right_hand_13_x,right_hand_13_y,right_hand_14_x,right_hand_14_y,right_hand_15_x,right_hand_15_y,right_hand_16_x,right_hand_16_y,right_hand_17_x,right_hand_17_y,right_hand_18_x,right_hand_18_y,right_hand_19_x,right_hand_19_y,right_hand_20_x,right_hand_20_y
0.08406397216114037,0.026850204416432367,0.0896830449829645,0.024320743330976603,0.09209172489143932,0.0251080400866355,0.09441859649271442,0.02590672589244907,0.08335864081590406,0.023084043173432857,0.08154777306340602,0.02295644868536248,0.07979072269460652,0.022931049902371322,0.09967154929599577,0.030495661382912414,0.0789853952461568,0.02701100513798345,0.0882875545498251,0.0337052988194083,0.07963139297840097,0.031816583730142664,0.11975570936269825,0.05884424112266675,0.05641922094268507,0.05864285257808122,0.12939660717340634,0.09454845473811058,0.0479172563674476,0.09107755707726109,0.12691360001536423,0.12627211342816091,0.05022129603299896,0.126372671206564,0.12589284542556906,0.13718762806125834,0.04991990502505261,0.13765679577836848,0.12175141807849676,0.13463010383208493,0.055108002732496525,0.13664548525097114,0.12057424424014233,0.13085005297087185,0.05677791769266421,0.13325127531709796,0.046297218627197344,0.127216520110594,0.05316033774706928,0.1287958636092726,0.05679998260983855,0.1329683835411083,0.05805405268454555,0.1372672531367405,0.05974455631385757,0.14026083712514395,0.05248532990229257,0.13848720276414306,0.05496493801237948,0.14243262962208922,0.05700942070223669,0.14312395479403817,0.058492566645627006,0.1429740189861054,0.048308230939121774,0.13890191487902753,0.05096234627629916,0.14280639357007047,0.05279168026305144,0.14221734053977894,0.0533719403027712,0.14083692869567171,0.044983935771187485,0.13819642710108562,0.047423700945119586,0.14190213793022485,0.04918634634648828,0.14167149601520365,0.04963470546347086,0.14081875862907786,0.04223152385477427,0.13691358108931978,0.04430899622258298,0.14017283678459116,0.04598813641955022,0.14040012640968189,0.04654632628854393,0.13981472049612254,0.12612434843514153,0.1256668995213316,0.11942267621281355,0.12785407760952128,0.11558178354475919,0.13189715765589818,0.11466150838493457,0.13602402311151462,0.11314828585801494,0.1389040441837065,0.1188244227584933,0.13724787100440633,0.1168363737210853,0.1417306688462566,0.11538976622982534,0.14305887450744,0.1142292881787995,0.14313990819986366,0.12295510133877065,0.13791886404654896,0.12090633175071956,0.1420759765481179,0.11956731699844306,0.14241631587239498,0.11863994954381239,0.14159645713441465,0.12682963775196418,0.13750760249719557,0.12523899888707288,0.14119548176458732,0.12412578178721377,0.14150595622580298,0.12334411633565767,0.14063436084387937,0.13043946870878953,0.1363584658997576,0.12988439944951047,0.13904425070718304,0.12891881765975455,0.13945057663748572,0.1282831168888584,0.1389723566456122
0.1692363624389657,0.09046504718887358,0.17851457026438752,0.08449668436639991,0.18310610548871986,0.0875876010277391,0.18750553998589473,0.09085944194157382,0.16659704203574888,0.07981292145740719,0.16291041162473502,0.07940905299010631,0.1593804933266891,0.07926451960150549,0.19687830419645982,0.10734477893760484,0.1559240808426371,0.09526483045875642,0.17712311609907583,0.11364575183807857,0.15973341460751203,0.10840251748016685,0.23663682605941502,0.2086414881798174,0.1103993935853319,0.20906564364699046,0.25565732951146897,0.3286907166726703,0.09282884807912767,0.3225147058882151,0.2506304240714076,0.44686278592395157,0.09795670081208395,0.4473306781317311,0.2487386531278261,0.486244384003399,0.09639063791712973,0.4874355089656213,0.24035436314931213,0.47644905637785817,0.10748225544222396,0.4828098602109705,0.23797262952800644,0.46279120004053503,0.11082705528732802,0.4706750715465319,0.09157726764483443,0.45153478285661797,0.10478612235905928,0.4569507879791147,0.111707828198974,0.47099591081221037,0.1141294323697756,0.48580647496587154,0.1174807164962835,0.49608041136455944,0.1036056822729038,0.49026773857161754,0.10816888378121395,0.5046153625765859,0.1122549770512549,0.5068382180991742,0.11522332545517779,0.505618386669433,0.09526941747617922,0.4916369829091183,0.10077653323473336,0.5054623194322755,0.10475144960953668,0.5033073225943611,0.10622985539476126,0.4982773072649036,0.08870972128590303,0.4888912982732563,0.09394867829014521,0.5021086921675854,0.09781781269183888,0.5010309229328967,0.09903472037660954,0.49750838402779274,0.08316927632093316,0.48440395898138133,0.08764685937758704,0.4950925916406273,0.09117382084331281,0.4955753013377056,0.09249840909878813,0.493208449221984,0.24742918102915937,0.4472584090194331,0.23515913613885742,0.454535924103028,0.2274408492970441,0.4672087075616937,0.22530416963855224,0.48138173279589075,0.22312902003534768,0.49252715421793253,0.2340944897562991,0.4853089477794944,0.2303941334184096,0.5006711248898713,0.2276623730994997,0.5050623245971314,0.2255436834313346,0.5052947618705181,0.24227893936937192,0.4877065181367389,0.23859061785776797,0.5026556625689073,0.23617773893602337,0.5035258322015662,0.23462518409608962,0.5002228474786309,0.24998714185674598,0.4867393577843095,0.24749748904317995,0.4997748795710834,0.245637859385661,0.5002517860739194,0.2441775992135169,0.49681277447794353,0.25706812239763943,0.48371310805081086,0.25608375660628574,0.4924721012485535,0.25413897017794645,0.4929994181653747,0.2524461681123854,0.49111144563853143
0.39017046591719917,0.040820526472601766,0.40989799991142956,0.038664939596334706,0.42011578673668304,0.04016054234628358,0.4298766038899915,0.04179453711304106,0.3835255689011003,0.036459688602787636,0.3750516781741406,0.03629536995190624,0.36696016919219226,0.03622633319525548,0.4502036169954449,0.04954487136133865,0.35654293557885647,0.044059926951882655,0.4075348152493079,0.05134165282196813,0.3681155703428031,0.04916488321949781,0.5413434210176192,0.09691331405353852,0.25140764653384606,0.09722567178872112,0.5847242243105538,0.15157113567192354,0.2089065727277283,0.14924623950883667,0.5725877911739681,0.20702826651413214,0.22034419480332282,0.2073135379933183,0.568794909683371,0.22558941278043249,0.21594516778691344,0.22589016981041357,0.5490229882809685,0.2208985290158806,0.2429354639273505,0.22305329944653796,0.5433719089643531,0.21452461888834048,0.25060539928919373,0.21731600156824724,0.20982573132859206,0.20933990216500875,0.23898991917027188,0.21215281747638004,0.25439832822758157,0.21880878713224616,0.2598161542052622,0.22557593694190758,0.2675960972697744,0.2302314713031385,0.2356487643707507,0.22749822672818604,0.24638707718355196,0.23406463858101922,0.2557704234381834,0.23520114881357762,0.2626284084821823,0.23463742452183575,0.21659885599897724,0.22812296014241082,0.22989448610942745,0.23443860655797977,0.23911764862275614,0.2335469044013137,0.24266897341105112,0.23126665256079668,0.20163254173123746,0.22684815658427132,0.2142697388505568,0.23289164848198793,0.22336408061221583,0.2325346015645866,0.22642076218277363,0.23102986539012485,0.1892216705734151,0.22472523650432194,0.1996467330722115,0.229702396604195,0.2081568264634526,0.23016857807540247,0.2117830950371112,0.22927242584156707,0.5650610532443676,0.20885509496758445,0.5378393067810411,0.21165234528956528,0.5205415029753474,0.21720776420741877,0.5168349290159794,0.22346448298821306,0.5105872886272671,0.2281035448863736,0.5359446216039974,0.22494567681894026,0.527505794794343,0.231581836453859,0.5213904388460192,0.2341729118295668,0.5162606684054976,0.2348601437066174,0.5536862994914111,0.22575341965675413,0.5473401100414768,0.23237770045664827,0.542163888213889,0.23383784614011885,0.5377607806874819,0.23312407529478818,0.5705995389537226,0.22505832836921896,0.5670097814549847,0.2309646574045064,0.5643868675867342,0.23220226334179087,0.5613653922768538,0.23127862111511904,0.5870417167502601,0.22333604084152703,0.5874202077764364,0.22740463155675347,0.5854175314278273,0.22874600683383753,0.5827893508548123,0.22885709726833503
0.30772128482765326,0.062370676014065735,0.3226279262759327,0.059783155691383656,0.3304984157274018,0.06214558630727654,0.3380647637476043,0.06478306370199452,0.3025189333369495,0.05628696686435875,0.29606765866574336,0.05607854955243431,0.289922297159675,0.05601975947035128,0.3538214831072502,0.07757391288026658,0.2803643897195148,0.06914452683828691,0.3211158726408227,0.07885969221547617,0.29060223266992263,0.07574267219043389,0.4257065823055409,0.15286765034068356,0.1973170687358438,0.15336007827469547,0.4598238357211611,0.23791218224523725,0.16309116140934798,0.23486477256278407,0.4495309198221065,0.3260100360791612,0.1714665763642579,0.3265233548952221,0.4471045023108535,0.3556836033558197,0.16736680283630148,0.3557384542973133,0.43102383540024475,0.3481050928973622,0.18945250993038537,0.3506680660800334,0.42644869634975,0.3380291248727879,0.19566074001413342,0.34157358762021445,0.16375211139242926,0.3296764778156131,0.18719450038604046,0.3337933535600083,0.19952024777933489,0.34510376479494664,0.20355340411373696,0.3559839398415532,0.2096417344389853,0.3631166555671603,0.1844979400840162,0.35846762102370533,0.19266662167091103,0.36861363078687587,0.1998827072297069,0.3705095384453802,0.20544128912748844,0.3698277347363148,0.16968907969559271,0.3594888555976398,0.17950504483654003,0.36953384797449085,0.18668772854940763,0.36822387510255494,0.18969837064220707,0.36474000581396243,0.15788933211389045,0.3575710245354958,0.16709199758797466,0.3669378623891776,0.1739767689128699,0.36642694807545134,0.17628755747674416,0.36404796175377757,0.1478356282621833,0.3542644943661519,0.15552351722594504,0.36208846208058654,0.16193410729252106,0.36278565460459394,0.16473585263699958,0.36122821601002486,0.442656853499759,0.32909580464591826,0.42151865103012326,0.33307570862202474,0.4084341912437218,0.3420669349227661,0.40559803696248303,0.352147683663747,0.4008429643500027,0.35934113428950193,0.4208703829315932,0.35541891008116516,0.4140954591067078,0.36569654513096256,0.4093518001903236,0.36960731259288115,0.40557595556349973,0.37076939442710266,0.435215422042386,0.35644017294336244,0.4296198015817828,0.3667466903094388,0.4246422737944099,0.3686027115174501,0.42076269881188916,0.3676386192342928,0.4485289390435787,0.355024684851328,0.44540595037351965,0.36405101688615576,0.44197591089867927,0.3657872090131115,0.4387027164960091,0.36482846321161605,0.4609971338401117,0.3521930580372156,0.4610602075659238,0.35881140828103963,0.45836489680252446,0.3606477408581693,0.45530445966303124,0.36065990481115656
0.3608686239907708,0.08951991855176868,0.3781088212586238,0.08592216093843774,0.38722729313441906,0.08931406298986579,0.3960215985009295,0.09315017075469492,0.35476044445402694,0.08090446114825275,0.3472492836240326,0.08063181372011197,0.3400732113555228,0.08057852403121658,0.41430611871190165,0.11210742290628713,0.3283754094763688,0.10019979672704278,0.37661101470817615,0.11357931944829786,0.3408601015282969,0.10920213850454566,0.4986787972011582,0.22220684760463685,0.23067870106774752,0.22299694838910722,0.5387677529177883,0.34389740621271586,0.1906466929312862,0.3409189152549302,0.5262711776730671,0.4728977118574423,0.20078176758171803,0.4736987417531279,0.5237201357849055,0.5166208949674332,0.19467424336810615,0.5161711168453533,0.5047015226014923,0.5054056136032651,0.2207663707498748,0.5083941503042543,0.4992275211036673,0.4907776145449267,0.22839531499078983,0.49517838963196964,0.19077557314724175,0.48004013255790906,0.2185181099927911,0.4856657898387446,0.23343632265121286,0.5010806849045805,0.23826229694792972,0.5168067309449766,0.24516983964105962,0.5277535095204546,0.21552129546615398,0.5207729300571189,0.2252487154402871,0.5356997540247372,0.233624487766508,0.5384741458849224,0.24015886762418556,0.5378939990790607,0.19819660520248475,0.5222352122682109,0.2100347336082995,0.5370731242182737,0.21840613711364054,0.5356622416994007,0.2222135863545337,0.530968517127528,0.18462829266362324,0.5194435639166332,0.19527807994601454,0.5331079111913539,0.20317367516933119,0.5331477243822095,0.20621245222051926,0.5302713137883872,0.17304425488018052,0.514687017498715,0.1819869909360839,0.5262958701272848,0.18929325406681324,0.5279395509324194,0.1928717115612891,0.5262937746961871,0.5207977441219566,0.4778919459008498,0.49477001315995695,0.4832831203331689,0.47878987121027017,0.4965262859572601,0.47487060199895725,0.5114356069121804,0.46934150966983745,0.5223440514246364,0.4929639426082272,0.5158168246423118,0.48470800703874056,0.5312780246267176,0.478957284426386,0.5364945798008983,0.47444713219107343,0.5373386276644124,0.5096707068466505,0.5177366093097262,0.5024856566512326,0.53297906272229,0.49648189193351716,0.5354978119885608,0.491820753248597,0.5336123759563943,0.5252286022582998,0.5159741052352891,0.5209700067292491,0.5291864556961795,0.5170623148932677,0.5315835056112489,0.5134474651208627,0.5298649645029784,0.5397188015351227,0.5120526497401147,0.5393398500120047,0.5216224424762405,0.5364702773934932,0.5241678571304011,0.5335118866464943,0.523915953442955
0.18786122190440943,0.02908424127833374,0.19687468018310197,0.027961179563022985,0.20162459235901325,0.02906594629403786,0.20621013787238818,0.030317737496857785,0.18474297588126792,0.026327042417888163,0.18086362689916669,0.026255657231146354,0.17714731372150372,0.026261235463957203,0.21559063998960823,0.03665980530020936,0.17098696495819773,0.03286721423522143,0.19611795654352474,0.037035005976667965,0.17750860188312856,0.03562399139678503,0.259670252676633,0.07297748123708063,0.11988969202075969,0.07329355298310333,0.2807279767426325,0.11185655280951587,0.09910115391108697,0.11194821327850335,0.2738812009469793,0.15501506511939103,0.10454437490694642,0.15551563856025824,0.2727325907843777,0.16967740704942422,0.10117678067553787,0.16947312936381032,0.26270488213670845,0.16594929205669573,0.11474256988943192,0.16683824679427672,0.2597685314284886,0.16111494956802516,0.11873083311331761,0.1624963676335751,0.10017588438696373,0.15746155287000166,0.11423084926330587,0.15945346946738267,0.12167892267245353,0.1646419715450965,0.12399478638588485,0.16975893999806202,0.12770756198347522,0.1733064734087529,0.11207617862771553,0.17098548324541996,0.11711049631666455,0.17590121024472188,0.12150254416246818,0.17692379967120728,0.12490656068131212,0.17672647158316843,0.10301305772974037,0.17143979800572934,0.10899438901657602,0.17632734877253278,0.11327811411308321,0.1758843962668995,0.11515430553537154,0.17431339587837494,0.09590643473415779,0.17048922800110425,0.10143389791013793,0.17495346056221947,0.10566558304255493,0.17496610478149682,0.10723277651413049,0.17403854266787264,0.08992534231928846,0.16888821614654684,0.09470186028230508,0.17266539664759162,0.0986449198302794,0.17318274358318853,0.10042004566110506,0.17262480560000762,0.26930486906659085,0.1574985274279738,0.2569502744704731,0.15940714331500372,0.24903601398192138,0.16329308839168916,0.24741618905376755,0.16791061693038226,0.24463144242016946,0.17144457501066443,0.2563049334163322,0.1693540011164461,0.2523390445332914,0.17423802985418724,0.24959058368886228,0.17610806535390244,0.24725521209818183,0.17661643853729078,0.2648879216620127,0.16983028470171116,0.2622787572985122,0.1745552418739868,0.2596190430769971,0.17567748718026205,0.25729632032567584,0.1752805639509948,0.27300954576703756,0.16917484993701618,0.27202264055077624,0.17311919862206052,0.2708792400720114,0.17416816953060266,0.26943335943475766,0.17376405380520435,0.28063001648673197,0.16783137802366244,0.28117787502890496,0.1706339145743076,0.2803880050602875,0.17150015829690063,0.2790791686825657,0.1715720292807545
0.22579420064335592,0.052128345503086995,0.23677524074364564,0.050152445525495436,0.2424383358845132,0.05211870662546424,0.2479215025626446,0.054348619914641835,0.22211974458945496,0.04723058853053053,0.21745997772783043,0.047125092991375434,0.2129991691716782,0.04715697426326018,0.2590761096038356,0.06590846807516525,0.2056429789356695,0.05922197562760125,0.23578749477272504,0.06647097716182143,0.21340544468550682,0.06394446010084896,0.3122766548253033,0.13155241129302148,0.14393761256796464,0.13227914009660194,0.3377122353932622,0.20096330086158193,0.11898725878804747,0.20183277019233048,0.32905263089640185,0.2792424321853242,0.12542328567219857,0.2803406196153737,0.32801366441419144,0.3059283186248465,0.12158715119884693,0.30552488446617526,0.31581538473270143,0.2991342052200018,0.13794560622719582,0.30073247100000383,0.3121731467087384,0.2903964562320308,0.1426673739854992,0.29286055471892125,0.11978225748771737,0.28412881406602364,0.13696485108994755,0.28738951561762105,0.14621402501363367,0.29654541553640656,0.1491233883608347,0.30568239041597306,0.15345057759707031,0.3121769871011483,0.1347318611610611,0.3083577293149166,0.14086962159565525,0.31715612113421515,0.14636749501781354,0.3185936943575587,0.15069528620450234,0.3179692410390631,0.12401645905962685,0.3091368668549974,0.13111716237033164,0.3180874373958303,0.13634034117545232,0.3170248864470863,0.13874252022376224,0.31406151234326934,0.11559667709559532,0.30741493153850546,0.12212410468378684,0.31560181106869717,0.1269716937674996,0.3154402914537694,0.12881414097849309,0.31360971960109263,0.10847444037549678,0.3045189383583857,0.11390507319589503,0.31153837649110333,0.11848090901137556,0.3125114835205567,0.12073528186204245,0.31148756105803344,0.325578966360717,0.2829285579154565,0.30965171306723577,0.2860548381730644,0.2997599980768429,0.2939650423869627,0.2974350738969234,0.30285443494111736,0.29415143417475775,0.3093301309123168,0.30833716272300005,0.30540043652190263,0.3034498996321451,0.31458092926157544,0.2999385584703672,0.3176541804889811,0.2971822547065825,0.31802064027797006,0.318896960632284,0.30638538994480025,0.31494567577337507,0.31544386726452156,0.3113903101443614,0.316856531438816,0.3086714093928274,0.31541256067650775,0.3288104279231445,0.30521940806191883,0.3266703025323552,0.31293235887861093,0.3245193146720241,0.3143526611792739,0.32251711801916855,0.313086337668143,0.33803348540557737,0.30276032057513,0.33805003904304015,0.30835169665460005,0.3364711503657002,0.30983397967496723,0.3346991723998066,0.3095785646212411
0.028441836538160233,0.07223639608506999,0.029835295497921847,0.06954157384326215,0.030542973229236055,0.07226989562548006,0.031231502727413357,0.07535858547053746,0.02798723755250008,0.06550015656021743,0.027399135416447618,0.0653931377804007,0.026836326327407442,0.06547779385765312,0.03262704444114844,0.09169789091961278,0.025908390466862212,0.08252159438718966,0.02970608199313054,0.09225859064305438,0.026884514150921163,0.08877148434548644,0.039347408756445997,0.1834109757588446,0.01804742180002617,0.18481219090621198,0.042579042925059894,0.27954017503110135,0.01497868209553453,0.2829616218903156,0.04143348686043216,0.38916125273257685,0.015800978536618986,0.3908806414444667,0.04133555604446095,0.4266246764982581,0.015338500258194946,0.42602224436836283,0.039776783660457234,0.41705956145808376,0.017388409477366952,0.41926837752270224,0.03930643298580565,0.4048664748788005,0.017975815063249474,0.40823959286422645,0.01520756434345372,0.3957322159878234,0.017333226841874442,0.40051884330780846,0.01847643980828202,0.4135277551916366,0.018842547612080866,0.4262635495873126,0.019399039473837268,0.43538668435856864,0.017019249956239425,0.4298725463918244,0.017800194765453217,0.44211636980983554,0.01849062425939109,0.44433946408909597,0.019028374783654406,0.4435705771433742,0.015666784008459,0.4309701035943054,0.01657739232146003,0.44329481428528844,0.01722889431604934,0.44189849985529817,0.01750939886257758,0.437931564149761,0.014595457088549727,0.4285652249196028,0.015432548324208987,0.44007974019589985,0.016059596925084928,0.43985664733149343,0.016289236067866995,0.43737949579360297,0.013684218604540997,0.4245198777360316,0.01439822649414461,0.434429263932574,0.01497549244747913,0.4357094194904767,0.015239621168477536,0.4342625377967543,0.040904491489047394,0.39516763299697916,0.03897355096993957,0.3999180730128716,0.037758619198039835,0.4102375254641324,0.03749237841278853,0.42209726151677374,0.03706218626922148,0.4309163822356523,0.03886351673269868,0.42574115685541053,0.03822066644294288,0.4381841969784267,0.03780420185495263,0.44274098234917464,0.03747246121585016,0.4438763886907066,0.04017532759877838,0.4270438319727486,0.03973006652331716,0.43924790701175637,0.039319098474786714,0.4419759277983568,0.03898097853957344,0.44101165654253394,0.04141096622102695,0.4253964448040535,0.04123802177932906,0.43553719912479477,0.04102888431493984,0.43794255260948545,0.04079142622408683,0.43689437564576633,0.04256309468478289,0.4220570044127831,0.04262901867561872,0.42925871882221484,0.04247263281766357,0.43117864692407654,0.04224674021824604,0.4310881617063453
0.36493752479610275,0.09473795531513601,0.38294897065729877,0.09111781955630815,0.391986551120998,0.0947263874260242,0.40078595807220285,0.09881457091036218,0.3591638863639235,0.08574152875131368,0.35162636526190294,0.08559168721756769,0.34441014160035754,0.08569902763509762,0.41854871820956496,0.12050730795427005,0.33248095056529503,0.10829231982654428,0.38121713363381426,0.12113446156444937,0.3449909246786322,0.11645708544066258,0.5047767362165902,0.24130047774690042,0.2307984548523036,0.24349445006583553,0.546799688337927,0.36695811781585713,0.19205354219116724,0.37380635279065266,0.5314455745865382,0.5118721993164634,0.20288778129311558,0.5142996042752771,0.5305554669232297,0.5613715203252772,0.19709176844901177,0.5605223011716561,0.5103022643301879,0.5487034658366288,0.22327253037921324,0.5515612810495318,0.5042038981569911,0.5326507161557814,0.23076603297943568,0.53704165037348,0.19533485703511133,0.5216063604786672,0.22283666090062393,0.5271338704782613,0.23805146018805132,0.5436530838535157,0.24309787490525497,0.560408117070452,0.24969578136130113,0.5726641896105199,0.21960429976506468,0.5657546905595411,0.22968298750884908,0.5820699431975528,0.23874305303932908,0.5846298713218906,0.2454604888710473,0.5834089626164797,0.20265507413051762,0.5671872347444404,0.21429538959797284,0.5837287584169212,0.22234796479368263,0.5811069861486722,0.22520405515620429,0.5752453571378172,0.18920876075494966,0.5642208130046399,0.19979201251205508,0.5800079809073055,0.2072121066806715,0.5787858228252499,0.20929374583558952,0.5746212042626148,0.17775155694354156,0.5592781451365354,0.18691048152255463,0.5727697619369947,0.1937515852215669,0.5737698433204599,0.19632037131543933,0.5712113876757391,0.5264990369425447,0.5187712125277459,0.5008208251072813,0.5246871894226441,0.48507185056701263,0.5392287734311667,0.4813493326804102,0.5555364405681215,0.4758199537778166,0.5670588612942005,0.49903330656015477,0.559790612663823,0.4908009836160265,0.5765498402166378,0.48541603143175094,0.5822470869575295,0.48127612342754533,0.5832531921212458,0.5160920805023442,0.5616573598533403,0.5099123166169234,0.5778744471835564,0.5044933712608218,0.5811289394811427,0.5001966431944033,0.5795267924167292,0.5321001201919587,0.5595916048125645,0.5289999694785926,0.5731930328959717,0.5259902016517742,0.5763337872982984,0.5230317776782347,0.5748096370329879,0.546937033145448,0.5551971901884987,0.547302592528405,0.5649989069307036,0.5451869159397185,0.5679802319490513,0.5425282781026081,0.5681516196523436
0.09613691384854581,0.014469877353900965,0.10089003064033986,0.013896894204410117,0.10326858591630969,0.014447842093200054,0.10558338095731269,0.015072649289560236,0.09462136641273915,0.013071239895366092,0.09263695736614591,0.013044817323722414,0.09073725684678684,0.013058180923093275,0.1102431137253811,0.01837152080370956,0.08757144690667103,0.016492197951822513,0.10042773395498969,0.018501000934996816,0.09086720272434176,0.01776999120202555,0.13288778039338422,0.036798762838950574,0.060761714019202766,0.037182521505735706,0.14413601635849466,0.0556146426800275,0.050578348605965134,0.05713318323636227,0.13989509784779702,0.07795107236577893,0.05346148778237424,0.07847503778172263,0.1397721133565397,0.08562211366464338,0.051983155194756436,0.08553293791080281,0.13438685721253202,0.08365292922248833,0.05886678269079129,0.08414968582254649,0.1327569016667442,0.08120078659653732,0.06081016386856033,0.08193430141938747,0.05213239938775943,0.07969851550979637,0.05913388070508356,0.08065492887339122,0.06294320492594448,0.08305531552556743,0.06419079146205514,0.08558419695098751,0.0661671430246758,0.08735839962846657,0.05814439018959391,0.08622413169078068,0.060754694329837364,0.08876476933962692,0.06309779551026648,0.08922582840891104,0.06487367197419161,0.08908480137896331,0.05375526528050047,0.08649711160717463,0.05682170347182563,0.08903173840177345,0.05875271856891026,0.08861335435545319,0.05939269968374553,0.08772831563147807,0.050241199455688376,0.08606989167318377,0.05301528857404888,0.08838665733603344,0.05490044830829389,0.08814867379753982,0.05545782563664325,0.08752528762702806,0.047288621325506874,0.08533725499325312,0.04964370961667957,0.08721523510335047,0.051489293228489066,0.08732042164902562,0.05224298281649167,0.08697153342491593,0.1385878847642279,0.07922506713730693,0.131988712105775,0.08016182099120013,0.1278356563182806,0.08228570834799494,0.1269133251066116,0.08467156820179743,0.12547424214424951,0.08643420526051504,0.13152292889696926,0.0853840960896025,0.12944496091744692,0.08789632002878991,0.12808261645294816,0.08882499360636184,0.12700921033194668,0.08904208551214274,0.13593209840077886,0.0856472802876929,0.13450643680462873,0.0881097700240132,0.13321319313610902,0.08863555299158099,0.13212697200080092,0.08840355988540644,0.14011268489689743,0.08533033195953893,0.13954825289734196,0.08737950909508181,0.13891995571729762,0.087854019407846,0.13816368330339063,0.08762082140789818,0.14403917496284735,0.08466022722424793,0.1443325560001124,0.08609279146218526,0.1438560916692822,0.08651541646229503,0.14310980074058582,0.08652896981541691
0.4911540458023801,0.09161657508306822,0.5152893894729811,0.08783512972394238,0.5274235567856037,0.09133636999002649,0.5391672324207046,0.09529731854270768,0.4831572095312037,0.08259451012929171,0.4729600856779051,0.08242315712419311,0.46322407053846115,0.0825072520060122,0.562690115398189,0.11609052046587799,0.4466487374010131,0.10408003693897316,0.5131639743996718,0.11713308826953543,0.4639415193917894,0.11244679984251534,0.6780363336950974,0.23217243347199967,0.30981149032246214,0.23480474529602272,0.7365074778470649,0.35025750679058215,0.25731678528712204,0.36122749906349577,0.7139865056910107,0.4924752935092605,0.2729391901744859,0.4961540787718054,0.7134000837281053,0.5412956002026422,0.2660699945934738,0.5408561463447842,0.685859201489914,0.5287171749623671,0.3009803433767696,0.532126503697241,0.677584241821533,0.5131708545608202,0.3105554242842338,0.5180872634244251,0.2687861763778152,0.5032063857366379,0.30499477161161903,0.5083862259060844,0.3249143704646518,0.5242238227457846,0.3307821611195637,0.540248890058977,0.3404675569674771,0.5512190975183846,0.29856496100382823,0.5441450136803686,0.311519631024318,0.560602864070108,0.3243958575101372,0.5637256935069933,0.33428337342158726,0.5626728290296024,0.2754742316722037,0.54582338225825,0.2885927820210057,0.5635036640825795,0.300713022332784,0.5619234635832187,0.3063872038691197,0.5566899989394904,0.25721063654350673,0.5423068906494102,0.2694915432603255,0.5571218782327629,0.2815586050453753,0.5572996222767306,0.2866017267955863,0.5546918632316623,0.24217767411175276,0.5362552008812478,0.2526995678875201,0.5471634776677088,0.2639680887737267,0.5489650189947028,0.2701382858016745,0.5479310909287758,0.7081674595390541,0.4996379911454676,0.6742055752235206,0.5055507134758644,0.6532698409627253,0.5190036135900811,0.6485945348758407,0.5341264469716179,0.6418355947181801,0.5456826072539357,0.6724077422555429,0.5390742730633332,0.661934816171847,0.5547670924299324,0.6546822412064793,0.5603958977002677,0.6488991433814888,0.5615679754952834,0.694924607731861,0.5406694935799687,0.6874666392625872,0.5559214388578502,0.6809757045955349,0.5595008940348073,0.6755265572053217,0.5582516934003752,0.716282972902896,0.5385351017841985,0.7127140896608721,0.5517540941795376,0.7090984259801144,0.555160754601887,0.7050875092540249,0.5537563184307498,0.7363925503315498,0.5341586819084052,0.7370552732136114,0.5437502325386457,0.7346485803369234,0.5464727290222655,0.7312658665762725,0.546350503093726
0.08632879846238736,0.021574011192239027,0.09056880984465397,0.020676053853618644,0.09271009133695453,0.02149840087550312,0.09476958261929078,0.022433983589085955,0.0848812653770041,0.019443367667723095,0.08307106910787808,0.01940194531787968,0.0813486306196197,0.019419885676020134,0.09882550332261336,0.02731966600190351,0.07834080244138963,0.02445220424546924,0.09022326554206653,0.02757321631119353,0.08148572798408578,0.026478973476176046,0.11905207802177689,0.054444507564099694,0.054261904672472966,0.05522591714490348,0.12944804638325672,0.08238035713283061,0.04500911805476189,0.08446360620663167,0.12554766921365487,0.11588647900091915,0.04788628673836205,0.1167547771419532,0.12527363125103363,0.1273733927893756,0.04676060534043859,0.12728903132546487,0.12044159189547898,0.1243094581566568,0.05285858491232022,0.1251671110943567,0.11902723578703563,0.12060908013982312,0.05454140332825882,0.12183312659361208,0.04754084694664856,0.1179201990125851,0.0538023076531285,0.11925066711378787,0.05733232963866381,0.12309172184718485,0.05842101941274768,0.1268474832815553,0.06033168198501538,0.1291931047123191,0.05265277164822275,0.127665097695202,0.05498331710772855,0.13140937324890553,0.057127718249616925,0.13266526415491386,0.05894045413298028,0.1330061031058154,0.04851733384644459,0.12812174754517366,0.05034407941246283,0.13253429067792633,0.052925477097200926,0.1334344231425372,0.05487916157073595,0.133215583691312,0.04532843012798436,0.12728718791251833,0.04696482481370811,0.1311366291619578,0.049573740211560954,0.13223935473512216,0.05137506873303113,0.13235212704142327,0.04277839354375103,0.12574753295645333,0.044333920327973224,0.1284329399592921,0.04646152657241557,0.1295342677797827,0.0481154529572468,0.1298895704322648,0.12452471677929441,0.11750030600647608,0.11862435681899147,0.11875677424511054,0.11487214471540852,0.12186408985392845,0.11407775756240751,0.12542029677251443,0.11288922855042575,0.12818869787251785,0.11818003928942056,0.1266254330506375,0.1164185398620181,0.13028886177939983,0.11519218836474873,0.1315952946117996,0.1142014879860936,0.13185979398370068,0.12211375542781694,0.12697122490775256,0.12092568626368062,0.13053326592445508,0.11987485032814654,0.13132970134650168,0.11896513542572616,0.1310274120091965,0.12587340870562613,0.12645001509008166,0.1253520457597689,0.1294888306892432,0.1248634469728994,0.13024895492769994,0.12425309301786175,0.1299382993316374,0.1294350243283608,0.12539583610072377,0.12963854880431844,0.12759253609987767,0.12934118401462844,0.12819935320449455,0.12886991313066218,0.12819176685121456
0.4491908147642896,0.08577502569561886,0.47131436935416104,0.08166473144993126,0.48249693904689045,0.08493113997523692,0.49324615717473014,0.0886618205964947,0.44168985703916336,0.0767665006472943,0.4322105906829046,0.0766065502159767,0.4231552942217385,0.07667329036063592,0.5142929680043498,0.10781741667625613,0.4069857007973165,0.0961939154964069,0.46949617455423287,0.10974285960349006,0.4239523826422987,0.10536710921888275,0.6195087482912778,0.21454851791771784,0.28043923938797993,0.2180159465791763,0.6742141622554122,0.3251722994485789,0.23356482757311003,0.33558122296100845,0.6532833034258358,0.45750949447775346,0.24923131875719418,0.46097952217128135,0.6518208506673162,0.5027286939596608,0.24407343986221075,0.502587666481064,0.6266077082639089,0.490497888951686,0.2753893720652695,0.49410634509174134,0.6192852741973858,0.47599161137439133,0.283847559235406,0.4809395286728013,0.248670322096572,0.4631396377018283,0.28040288201836033,0.46906886953942867,0.299179872621992,0.4847813379075806,0.30590451756634074,0.49944695614328427,0.3168094170263211,0.5093392720505334,0.2736655106349825,0.5030825221870789,0.28819668380738583,0.5177130334972914,0.2988328596124816,0.5242333252125835,0.3083803810156701,0.5273832721104867,0.25169440138100285,0.50476909407458,0.2599202222658744,0.5232984333846636,0.272255051362411,0.5297064469145575,0.28320952410946426,0.5310255956376619,0.23504628841043598,0.5007526698698455,0.24342637657866717,0.5169883034010144,0.2562160127110208,0.5228502003154628,0.26595886319871,0.5244304517987708,0.2223731209497956,0.49371629035578657,0.23092678360589647,0.5048465852153572,0.24126647145215738,0.5098672754117105,0.24982105867861504,0.5117031516953218,0.6481034795815009,0.4617473162296928,0.61789673268092,0.4673262785145547,0.5988608079908877,0.4797739627524443,0.59485306742654,0.494013899520288,0.5889526769552945,0.5050878953467244,0.6155929752841877,0.49829862380480294,0.6066229024553236,0.5133777680353037,0.6000876040814019,0.5183472373073352,0.5948666640494344,0.5186681977753527,0.6362347155245379,0.49982201646345403,0.6300596188843343,0.5143841932227954,0.6246843299892697,0.5171668768967371,0.6204010130720987,0.5152074466270571,0.6560982938433969,0.4979107282647212,0.653065975005492,0.5105942046889691,0.6505718648882384,0.5131074687000853,0.6479844819379292,0.511007570743331,0.6748905126646703,0.493730884920484,0.6756917344585903,0.5030959571836224,0.6742177517638563,0.505109287379911,0.6722859979695143,0.5044289407543578
0.3516997142363741,0.07752220873294616,0.36903709966726267,0.07379574446547045,0.3777953069832565,0.07675861968665437,0.38621470451715134,0.0801372070560492,0.34583373984660404,0.06935635989351333,0.3384148872888802,0.06921423727847456,0.331327306889898,0.06926793566970167,0.40255086360478576,0.09734663616161711,0.31853074333564896,0.0866410561462902,0.36758663948899567,0.0992008357861773,0.33193911065240744,0.09520482302312706,0.48445382729750935,0.19324512699278296,0.21904618799088962,0.19656083672018426,0.5282601520514068,0.2933537197922816,0.18195465067060304,0.3024857242822283,0.5108666815924859,0.4133164585785153,0.19516944585758136,0.41637843629604526,0.5101615944177482,0.45398087359295536,0.19146185075275543,0.45397823675948384,0.49030051048173756,0.4430795538436271,0.21565538599428824,0.4457179766394188,0.48451153057236407,0.43000743384812545,0.222241778318167,0.43387621036592383,0.18980621391157323,0.4174951533317319,0.21475225521828714,0.4227780672524004,0.23116540878631814,0.43643979043633246,0.2381566609139193,0.4501404520652273,0.2475514141346297,0.4594266571317475,0.2111254021128151,0.4510696288353788,0.223297663077123,0.46809096683006307,0.23124764127616645,0.4753501693771232,0.2382823092625974,0.4792650001781568,0.19402668679552304,0.45392770347144773,0.20130683856638207,0.4744591725107989,0.2114384051166396,0.4822788647150834,0.2206945001359279,0.485433276088142,0.18136030693959942,0.45179623900130816,0.18905973368653384,0.46869245382961844,0.19897494489516818,0.4741247642330014,0.20603833676269842,0.4758038492182483,0.17256412405508034,0.4471036506891992,0.18211849816138057,0.4583265918800385,0.19070668309740577,0.4623535061641144,0.1968140317763836,0.463292291121984,0.5089472279337945,0.41529686499964324,0.484774410510134,0.42013982506164105,0.4699522916667135,0.4319509246006523,0.46675327321129895,0.44518985140398165,0.46172653014076287,0.4550567377703369,0.4826249102899922,0.4488604319593395,0.47553187895434473,0.4627375085837801,0.4704450478241629,0.46746173889754716,0.466408544052665,0.46801200630994366,0.49877088279054094,0.4502538720255086,0.49405113817640905,0.46326733150652083,0.4896037700537685,0.4660104691000372,0.48590322283970894,0.4645893603429205,0.5144249082570514,0.4483966021153994,0.5121685185757398,0.45975243248900133,0.5098276819615595,0.46230669333974356,0.5073380092251524,0.4607628815236856,0.5293456549857587,0.44446696170171757,0.5299465781676591,0.4528880686635446,0.5286992931365004,0.45484521315651294,0.5271115800764203,0.4544023334963191
0.1765050978268599,0.016311255780336216,0.18522010080068185,0.015528606649777706,0.189619084286348,0.016157650496958404,0.19384799318018367,0.01686909785937603,0.17356884774004036,0.014590517172907939,0.16984602671199153,0.014554849498988862,0.16628885581422878,0.014558182359804484,0.2020241202495273,0.020425290665603228,0.15982075258181727,0.018180888381535688,0.18448393024748025,0.020866349983772778,0.16660028874627175,0.02000748747799134,0.24302297635374373,0.04032887777083425,0.1098779009010925,0.04119227251258554,0.2660838470269126,0.06087399605650655,0.09114794754069994,0.06296990129639975,0.2564196260581309,0.08656768514049341,0.09746971224188518,0.08731994536360944,0.2560578675477965,0.09512666118975587,0.09613865466595824,0.09518243497654871,0.246085259471948,0.0928569204476512,0.10799566656262535,0.0932701497148487,0.2431772126556978,0.09015720087063439,0.1110309113047249,0.09077457023122301,0.09229256856676622,0.08694639968761284,0.10598921600065403,0.08801275598982329,0.11499423494773871,0.0911084171580389,0.11868851071785243,0.09436584428702452,0.12349712025795305,0.09648895431122169,0.10397804173819325,0.09435177010275025,0.11025784886444281,0.09807476700329422,0.11432216565140522,0.09980779399549777,0.11774132327287676,0.10092543732247072,0.09518630534918075,0.09505516099888703,0.10003262968346069,0.09935443397669433,0.10503570178941195,0.10117161049393675,0.10917635656867329,0.10211422462778644,0.08933605038497329,0.09490902291532409,0.09472552012225084,0.09877223870830648,0.10032724111195072,0.10029695716266504,0.10444591251585733,0.10095355537505958,0.08578772306674676,0.0943069782723459,0.09124280628627536,0.09708495849923673,0.09614066384173203,0.09827489781101971,0.09986839025105836,0.09882397289347404,0.2558906784743646,0.08716400764608494,0.24400407398345472,0.08819315110780716,0.23634163331168076,0.09057282509864538,0.23468141289621763,0.0932085325268305,0.23236100724538092,0.09530523735015986,0.24282009234901145,0.09404341131902234,0.2391120088390055,0.09684373440818594,0.23654986086900293,0.09787749347476711,0.23454579353148666,0.0980548494177946,0.250898945387009,0.09435145178517378,0.248642320379885,0.09705693897351678,0.2464911343524644,0.09766189394862278,0.24475108126130857,0.09735672591964954,0.2587835068528388,0.0939949209415389,0.25769791070868026,0.09635253249273124,0.2568393728011706,0.09685501952417108,0.25592799784565223,0.09647410706997599,0.26632956494920534,0.0932028407054035,0.26659952122604574,0.09492511311091605,0.2662539216187431,0.0953187279522106,0.26582639466313257,0.09520606626710722
0.19687982437048615,0.06293858422453188,0.20658662375972775,0.06004471054750644,0.21152344395247555,0.062492741544450704,0.21625227006945907,0.06521731296283181,0.1935778409503038,0.056406550083698256,0.18942266707081523,0.0562561623187026,0.18545981501121023,0.05624377800282637,0.22529402949642002,0.07877295344032975,0.17819694601219882,0.07016613528502397,0.20581507204778487,0.0805386228841409,0.1859136072658974,0.07719159068153879,0.2710025987818722,0.1548386201521853,0.12259346259467532,0.1579885557300898,0.2978883477861845,0.2344974486657954,0.0990761521427057,0.24043291616885207,0.2863657000484716,0.33333044314621646,0.10685553817412302,0.33559360470079475,0.28604693947372994,0.36578008413475716,0.10672252064721464,0.3660569607488941,0.2750023253355418,0.35744282674809286,0.1199639798456568,0.3577953613368245,0.271730339685741,0.34742302721698365,0.12308926602957503,0.3480217425646264,0.1008112079264505,0.33144817330376897,0.11686232718524538,0.33609476569711505,0.1270473151088607,0.34742747080745445,0.13112441374251316,0.3601176051041755,0.13536022525187918,0.3694884650216629,0.11459449812801385,0.3595753701301483,0.12152590189466475,0.3740918493445102,0.1252626086650406,0.38183632591554206,0.12817611082842645,0.38785122259826404,0.10459239291655775,0.3629774063819003,0.1114668044949033,0.3786648301536099,0.1166410325485968,0.38613012061282603,0.12067210361402776,0.39103078698499844,0.09799498101211279,0.3636604622460444,0.10488046447312996,0.37763438491075296,0.11091918131204218,0.3840440595258269,0.11540509342190745,0.3875243555913308,0.0942160664134468,0.3627171055295853,0.10034620077230802,0.3736645630397667,0.10543881391476877,0.3792680183258713,0.10957956693523403,0.3825040046179255,0.2866532591282356,0.33556694315797003,0.2730667123487852,0.3394304696674314,0.26424860733540395,0.3487697274711102,0.26237930646402396,0.35917342983157696,0.2597262259456946,0.36737457302592563,0.271482992158328,0.3622018244398611,0.2671711791464896,0.37309122293244396,0.26423685612300973,0.377295824244686,0.26195831272506587,0.37809897398813275,0.2806120871678698,0.3636365194789683,0.2777995190995818,0.37434159666945704,0.2752612095501734,0.3765257383224397,0.2733250960046739,0.37503944501240527,0.28951895793166893,0.3624285352563147,0.2881159871196807,0.37211679031683714,0.28706333591937105,0.3732867701473064,0.28609654246154403,0.3709017606645555,0.29803393887199336,0.35950859933649515,0.2981788863822756,0.36663167486116505,0.29740368774234827,0.36778294483702045,0.29660415241306093,0.36676641504853247
0.06905725848011883,0.04188331749414527,0.07246420447461116,0.039966910822148205,0.07419685174861357,0.041595153446608746,0.07585568645108796,0.04340241399737358,0.06790066364472021,0.03754389951753186,0.06644345482082673,0.03744178386366923,0.06505387128901738,0.037432907625032416,0.07901824744932899,0.052351131378391265,0.06250650145245702,0.04669255599772851,0.07219326016328749,0.05360722857857999,0.06522693952848933,0.0513824589444937,0.09505132794992527,0.10256131399758223,0.04302371165910378,0.10412948515716422,0.10473724636131776,0.15574597525274086,0.03360253773780842,0.15864859769713577,0.10086992078966299,0.2211677741421612,0.03701189593516503,0.21777017372183813,0.10076037249875225,0.2423787647197831,0.03717284045140232,0.23815165183261813,0.09676801371520012,0.2369491525227186,0.04195772284221029,0.23344235248054684,0.095611887106354,0.23043112378477654,0.04296152113950417,0.22648754470997975,0.03496095912031046,0.21589144607489283,0.04048830668319778,0.21789950903023828,0.044400172305660165,0.2246856050387046,0.045893576714300444,0.23307996848692933,0.047207917911358935,0.24025551007354756,0.040772152308280823,0.23217427114227532,0.04276014191598216,0.24194381443550184,0.04388658212528022,0.24749984372552422,0.044739770335245795,0.2520826870750984,0.03742579566580228,0.23500490121171014,0.039837329635003756,0.24439350066110646,0.04155868930461527,0.24929726989024872,0.042871985353119056,0.2529966332420691,0.03502855932882927,0.23624553187005498,0.037541171705054104,0.2447359629706383,0.039337644110995704,0.24873249792832694,0.040676002821841487,0.2515065535277215,0.03339979773086817,0.23658530942137995,0.03579637562425171,0.24308549813558508,0.037631104647890004,0.24641380066653973,0.0391427866144551,0.2486646007823708,0.10074091601325771,0.22351602319899352,0.09596943660751538,0.22631581745858867,0.09293978506068004,0.2324819094141964,0.09235683464161515,0.23938522040959276,0.09132008908128252,0.24458147264512603,0.0954799475528071,0.2406172520597678,0.09402635494291292,0.24810111283524364,0.09299827157380175,0.2510952796980616,0.09218932659245427,0.25168499267462974,0.09871182280319665,0.24163541742756578,0.09776169079389016,0.24873212828770427,0.09694863210783132,0.2502686465371228,0.096309168416116,0.24926544188715866,0.10184578853698073,0.24098125079926336,0.10136670916187739,0.24739854274013923,0.10098509616039231,0.24827087515490362,0.10058176915253453,0.2466994355940263,0.10487512235865543,0.23916958374318073,0.1049578395958696,0.24394257801097136,0.1046682163895761,0.24477526160526047,0.10431369363862918,0.24417469286724722
0.38692239222224806,0.0700864936288227,0.40641551641288176,0.06669634049796391,0.4162043418995965,0.06940590490457761,0.42556309661689384,0.07241888050594403,0.38074715121535657,0.06267481810436282,0.37263776475167687,0.06249155803471547,0.364910778110248,0.06245010451774412,0.4432150008535575,0.08730007668948317,0.35092622892964065,0.07778357876695176,0.4041238857725685,0.08943676987505986,0.36579625656982073,0.08587303267646076,0.5328378360534792,0.1707451304029247,0.2429319913244288,0.17225098557313953,0.5889025766189284,0.2594729323997808,0.18198660910124573,0.2613670442433313,0.5677482653722359,0.3687994582082915,0.2072659821851058,0.35058404802646087,0.5689038635590108,0.403702686867697,0.20859914995805354,0.38387020832357344,0.5459263262640945,0.3951368054409871,0.23587706650557783,0.3772235006397373,0.5388718706474795,0.384275643347319,0.24119225981408185,0.36656718104746394,0.2022401693555873,0.34979371413725013,0.2291444601626719,0.35013413421440165,0.2516713052499034,0.36024775419259036,0.2617270364285045,0.3736631212490087,0.2681346498427208,0.38556864269687335,0.23907500818473734,0.37968313545811544,0.2455982564899889,0.39363403231664373,0.24847986202171096,0.39950737358485633,0.25019355280796596,0.40364458219237265,0.22292105554626623,0.38268037640424324,0.23091879533791576,0.39338818238386436,0.23666854029718987,0.3963702077561635,0.23987225316385086,0.3977354567494628,0.20777785836435064,0.38271875598599014,0.2156828368739646,0.39111765541164234,0.22049661721308417,0.3912481719436523,0.2230383091850153,0.3913299921508929,0.19274325803993195,0.38124923651447057,0.2007885045579654,0.3883428732922588,0.2062435435928766,0.3883305451087729,0.20938131008528316,0.3877680555159346,0.5676029065195569,0.37196708762722974,0.5414507938168286,0.376838017807686,0.5244243830808307,0.3873721586130965,0.5212491977101119,0.3989622732192507,0.5156683186355348,0.40783116841900885,0.5382427173693738,0.40165779809585517,0.5301935999328943,0.41401761310517526,0.5247420329945286,0.4187016090928795,0.5203760123491195,0.41974236731979464,0.5561687764724683,0.40309240934255675,0.5508764098527403,0.4146233486679786,0.5468149952988713,0.4173871003074011,0.5436308012452234,0.41630494533804385,0.5739448785409722,0.4017933107864357,0.5715480058391487,0.41243882699686485,0.5710690441967515,0.41382558542608827,0.5704100965766667,0.4112894509849213,0.5914518462069692,0.3986293473799551,0.591547891904656,0.4068768048042594,0.5907569576956152,0.40790059555758734,0.5899772843402358,0.4065374228899278
0.05384901262284486,0.10733833525098431,0.05673706620579828,0.10115456295759877,0.05810254921570925,0.10522101706464934,0.059435721501561976,0.10979658984205062,0.05316476271447778,0.09503455723845168,0.052068468917319415,0.09470516727228581,0.05100577078045881,0.0946237092682283,0.061975110429266365,0.13228144466844277,0.04915743107846044,0.11734619090639654,0.05619706435701348,0.1366959449351051,0.05098270765378663,0.1311172146255387,0.0743169131508307,0.258384665970602,0.034077909027682415,0.25934262094710575,0.08258151130971711,0.3916319680743006,0.02380213918283074,0.3903043795839113,0.0799744578368175,0.5587565823790438,0.029114939747925877,0.4977456680183581,0.08002389666235986,0.6116216471740481,0.02961132934905231,0.5421777892563139,0.07684221707412969,0.5986780833971486,0.03353181441217629,0.5323047547090053,0.07584428498179106,0.5821175777683895,0.034126845052087566,0.5177730793925295,,,,,,,,,,,,,,,,,,,,,,,,,,,,,,,,,,,,,,,,,,,0.07963152774355807,0.562525379254762,0.07602583891398414,0.5708048455102611,0.07381794381837943,0.5872304562910216,0.07349481028754136,0.6053857100499109,0.07268942802677525,0.6184350168363022,0.07575879564333994,0.6089920333568843,0.07471494761970128,0.6295128137888234,0.07399523215661119,0.635399666249827,0.0734684740240545,0.634372616991668,0.07835138290312885,0.6112353484438828,0.0775169959179386,0.630868103899784,0.07695420041760091,0.6311728954659617,0.07667002247290876,0.6255111954844894,0.08085871086420261,0.6091319916776761,0.08048043352237008,0.6269153014059684,0.08019825363709894,0.6265586952735405,0.08004866208307822,0.6203573667401434,0.08328626104484126,0.60413247595369,0.08336696555678415,0.6180700535157693,0.08300903687273932,0.6180308238916064,0.08272592368339651,0.613997792391984
0.1788378519669721,0.06566318294634468,0.18872677265813714,0.060246129681901545,0.19343615656403929,0.06248564096559375,0.1981913175791599,0.06511405539279194,0.1768671063643882,0.05699387384361693,0.17337524267453508,0.056722081157862245,0.16988684055959136,0.05661380833205531,0.2078713677278753,0.07836092647701462,0.16559210229179452,0.06963219367601742,0.1872176369455543,0.08260583008756742,0.17018068610919185,0.07984318707003847,0.2501973311408588,0.15296948255187912,0.11505280905524702,0.15250117181059378,0.27874454000615734,0.23215668938118927,0.07536926991476676,0.23116699112761696,0.27037025804409776,0.33111296880070445,0.10160719780821732,0.27678009610380366,0.2712218720405574,0.3622375135837961,0.10669615671668436,0.3022720651989291,0.2608354830936632,0.3547704683567056,0.1190258760366717,0.2910525913075908,0.2570252432704767,0.3449519939976288,0.12036998782232392,0.2837725674141064,0.27088996026174494,0.3312008571750798,0.25914024335053487,0.3358652624545726,0.2513433565212791,0.34587265166543063,0.25011733769503586,0.35720154177624314,0.24784199569000787,0.3664274032085989,0.25764413292302774,0.36103789699222294,0.25421078316289303,0.37304160784960644,0.2520438372696112,0.37682095360299006,0.2504140567956028,0.3760731595790541,0.2662643642203164,0.36208332294224205,0.264315630683823,0.3733664481753139,0.2626725808393286,0.3750942689446045,0.2613194822726616,0.3725496718277051,0.27467488177101085,0.3602415415098568,0.2740165168507431,0.37052381129764744,0.2734981681976438,0.37180164475537836,0.2726709183630464,0.36869117701460064,0.2829968185073572,0.35646959504288067,0.2837601179644617,0.3646544584446422,0.2827349814308772,0.36594050685814833,0.2811579012159061,0.36436859546229383,,,,,,,,,,,,,,,,,,,,,,,,,,,,,,,,,,,,,,,,,,
0.2897599486678275,0.11926573079231084,0.30653776331392074,0.10760231201283758,0.3146411171279332,0.11146652501711922,0.3225640083994847,0.11579208842312744,0.2866075470568198,0.1018669697409379,0.2808649932376562,0.10119967687712841,0.2751720020498377,0.10085414559253743,0.3387472533506526,0.1377101675489326,0.27009104115367527,0.12246694312803807,0.30398851619123096,0.1485694215442854,0.27535248278042024,0.1437965769530925,0.40789241682045574,0.2677071645589158,0.1877485402786355,0.26660655130548383,0.45610970918745464,0.40669719712924357,0.12353095727558806,0.40575293968394466,0.4441792835800069,0.5801934692738031,0.17154441536387705,0.4462684567018387,0.4457184715580659,0.634153085730902,0.18621180769699178,0.47481883848687556,0.42982369021538724,0.6213756860289706,0.19957643944465486,0.4519380320829948,0.42364151130916217,0.6041950169671113,0.19949286502592797,0.4425914293301523,,,,,,,,,,,,,,,,,,,,,,,,,,,,,,,,,,,,,,,,,,,0.44593283675917905,0.5841548912529405,0.4260422706071542,0.5919983965648955,0.4132668612466676,0.6084346089139242,0.4119186485453512,0.6271748053477512,0.40920669048687675,0.6420855217570277,0.4243338239695365,0.6322408457788645,0.4198394663710409,0.6538344783117775,0.4170351490311094,0.6597555903658318,0.4150569361740016,0.6577700323207001,0.43910174205070424,0.634000122861663,0.43634449556945937,0.6541753028503087,0.43412649051724916,0.6560669810824318,0.4326742417604121,0.6510119613250193,0.4531202003934476,0.6312924045592903,0.4521497186014065,0.6491441612192485,0.45117188880824116,0.6514129403741685,0.45011570458724665,0.646602875498416,0.46658810429552444,0.6258263544901402,0.4676362857430174,0.6395021431852539,0.46649509024169,0.6408801865926175,0.4650009360526991,0.6379118497658709
0.33581534210985675,0.13597659012895721,0.3557313626587234,0.12258816947083977,0.36563810180412987,0.12669239214995945,0.37516399997790145,0.1307435043290228,0.3310014927328604,0.11544150872763223,0.3239024279996931,0.1146658904046583,0.31723082398763747,0.11440725565858548,0.3938915771586289,0.1518302278137195,0.3122129496342945,0.13616914358583174,0.3529193017518744,0.16688563197702005,0.31894532884703175,0.16129974071242548,0.47507961658290093,0.29259132364457724,0.21904109169906363,0.28368281829688685,0.5300907938207317,0.44926771722341924,0.14375037641582114,0.4419075335808911,0.5192265274026625,0.634354881031995,0.21006450131889984,0.4379938420313066,0.5220720697659539,0.6914619462176059,0.22886734820423701,0.44913323942889627,0.5037287240840961,0.6791202821903264,0.24026700006345653,0.428689629985192,0.4963619560349559,0.6606482048020235,0.2394112945618102,0.42458519809979584,,,,,,,,,,,,,,,,,,,,,,,,,,,,,,,,,,,,,,,,,,,0.5213645091136677,0.6351830589451639,0.4979404583706493,0.6441007693690195,0.48355254414235377,0.6633218610154704,0.48200298843292644,0.6844322248094096,0.4788470433013005,0.7014148650858376,0.4961523790702626,0.6906115087566193,0.49116525256077914,0.7143714282009547,0.48795802570472874,0.721066140625077,0.485851279225873,0.7190040919873842,0.5133997368235117,0.6925888149052516,0.5098432856622899,0.7152474725101828,0.5068551716287804,0.7162373808221578,0.5050411547950483,0.7091029446990395,0.5299708963013954,0.6893236907069331,0.5291175429780182,0.70976202815247,0.5272443190624506,0.7115503791921832,0.5253588044856574,0.7051488902851789,0.545822967334395,0.6828143071496042,0.5476631759910148,0.6988645568930048,0.5455479955756628,0.7002108411234252,0.5427393675776389,0.696066046373753
0.32086667067793434,0.0744088482009063,0.3409816629780555,0.0673995881048252,0.35066727560546146,0.06963361920609903,0.3598255765989413,0.07168110495953488,0.31618554048442055,0.06294399129465379,0.3091149075373099,0.06239192084319953,0.3026590583489733,0.062175706359651535,0.3775844701346061,0.08221300233914947,0.2982079158398156,0.07351787301690432,0.3380973991930892,0.09111660408497878,0.30442172833798087,0.0875023987323874,0.4554180811670104,0.1572698632118084,0.21202759477393118,0.1530660973647275,0.5082667274460035,0.2425002714703545,0.13965560708154914,0.23907560766533492,0.4991046471690809,0.34163627548096986,0.20114179550993658,0.20358103365282507,0.5016042164732702,0.3718437359190866,0.21839765829185953,0.1970142349119211,0.4837837978286532,0.36565408288101714,0.22901870452756892,0.18729830259314798,0.4767812326209712,0.35618813424429563,0.22827558768156167,0.18922633834867467,0.20119665607604326,0.2234337479592479,0.2178896088122553,0.22098667128742774,0.23502916719403208,0.21227765732030085,0.24928438051592977,0.20643383631867496,0.2634311324667617,0.20468614325188816,0.22664318105896517,0.19892520960029186,0.23383200804794343,0.18579592244090798,0.24269562652651763,0.1788913416036974,0.25054221138438676,0.17454155044327388,0.21815714550630222,0.19699008509151023,0.22481331703584098,0.18433340150718194,0.23503782297224005,0.17821053593886818,0.24403170481722533,0.17482000928670552,0.21049332760848105,0.1972493051787563,0.21935924210334048,0.1864966126593591,0.22887594514332243,0.18107535344074335,0.23716594560643087,0.17804761476236497,0.20387192142287136,0.19933481037893974,0.21206981709110515,0.19005366493883258,0.2206451940916092,0.18487557098282412,0.22797576452842458,0.18173199426661668,0.500492741403949,0.34109653900962283,0.4772093482238852,0.347015948348393,0.4637754178953327,0.35731864020300724,0.46205974512462317,0.36877088153143317,0.45884020200583225,0.3777001875170841,0.4770427752902028,0.371827305630822,0.47250369332544895,0.38425449082852176,0.46889622504809925,0.3875791161050856,0.46594265408128477,0.38692025253454765,0.4938014997495583,0.372844091166554,0.4902023621507655,0.38486388331172555,0.48696827082259225,0.3856048382494065,0.48457419635515314,0.3824565907656942,0.5096787571426767,0.37105388059878264,0.508011361670141,0.3820357711339077,0.5053984545001209,0.38327125672239043,0.5027345066848934,0.3805048707646526,0.5243710669453473,0.36765037792371263,0.5256565516028677,0.37632151512026973,0.5230512436371898,0.37728756801088487,0.5197106821733132,0.3755786678459148
0.4437457765024794,0.05375883598795101,0.47209587330682784,0.04830707846376582,0.4865165754496035,0.04979817129678336,0.49990135866829255,0.05118101493331128,0.43656830186605605,0.045507789972588246,0.42702573271329525,0.04527137261490263,0.4187880920746746,0.045256588506833784,0.5254556853168638,0.05856650597909484,0.4146880724361163,0.05298673540917458,0.46957154593680717,0.06514504360667484,0.42280278010578637,0.06313694559358544,0.6351259269355359,0.1117004513094962,0.3091735027344663,0.10923629779486047,0.7062995607892234,0.17442438326753748,0.19177134322826833,0.17175792709900164,0.6951412082247713,0.24342797745281036,0.2812701802713604,0.13322695776955867,0.6987392822241691,0.26468108488977915,0.31016186117045036,0.12430505878093151,0.6741843199781923,0.26045890622911005,0.3238351195448172,0.11748545568064715,0.6641516316491067,0.25395021869822726,0.3208486547490569,0.12046301997570846,0.28566922834463415,0.1537580508752028,0.3131772696778877,0.1456085519986559,0.3376768625751336,0.13762217040129407,0.3574669768961538,0.13240193607456188,0.37516666488554834,0.12919270416420464,0.31298179352541833,0.13066782010474692,0.3223726557553913,0.12538548610555475,0.3322501005400276,0.12066334357027954,0.3395289488997536,0.1171120767197738,0.2998982173003882,0.13191210284419688,0.31430024608079166,0.13020358627424353,0.3221765854504828,0.12988500051273968,0.32459854884313566,0.12923043466287237,0.288868173369812,0.13486761934857086,0.30512469337756526,0.13482559910508718,0.3104571266397181,0.13630151736697907,0.3114496158498027,0.13701668522278704,0.2789310021185578,0.1392596440901438,0.2935786422001028,0.1389328960461099,0.3004676133878751,0.14067712126492996,0.30286238723319503,0.14245336445440854,0.698479043455836,0.2422666440432923,0.6661513790013339,0.2461606197838802,0.6461324028193606,0.25351362751262246,0.6428849353449883,0.26156893386272495,0.6387258682711711,0.26843517857746674,0.6645758564906361,0.26413788124323795,0.6582086360233281,0.27293992411985113,0.6531527948680708,0.2759458264049807,0.649122460822729,0.2760349803533496,0.6874903355592383,0.26499351952093597,0.6824545258290712,0.2739429969687538,0.6779815765095606,0.27466987871626614,0.6749126942826028,0.27254272156370335,0.7093859846596219,0.2637462414484475,0.7073020940048265,0.2719263248148416,0.7038062142249567,0.2725548312672735,0.7002247199079076,0.2703416224755603,0.7299300784258812,0.26123435516231885,0.7318235007844799,0.2676711974907484,0.7281562787583582,0.2686026390895577,0.7237629458656892,0.26764316973160196
0.05145337625719701,0.03416029025338748,0.05491283387795364,0.02995819937722132,0.05659480985261158,0.030750301326101948,0.058126978942401986,0.03155595377525073,0.0506112601465364,0.028632679152767706,0.049463626530338096,0.02855701839454287,0.04849162165404148,0.02859202765196323,0.06108870065566446,0.035692639557739075,0.047965623461448816,0.03245909038562711,0.05459936688526559,0.04119602775542874,0.04906945431808213,0.039980340814623934,0.07383755993573803,0.06776715229015244,0.03625283856933472,0.06629612534825899,0.08201625017279542,0.10616350083183912,0.022309479219960203,0.10457681603998745,0.0807984755706771,0.14816311036890809,0.0335962923067222,0.07624603434958535,0.0811890430506547,0.1610432613330764,0.037598446318773376,0.06879071319267652,0.0783352133425559,0.15855611617093016,0.038846334906968955,0.0652692305408155,0.0771739698886132,0.15470589877325555,0.03842868588905336,0.06713774750595237,0.032277835163996946,0.08949490738400105,0.035126882681646175,0.08471700489636769,0.03754231642729297,0.08052336273432836,0.03924757186825223,0.07717776961309857,0.04056738407457119,0.0746741046916153,0.036619149753187405,0.07878394993488914,0.039588896600354265,0.0752324295810882,0.04199008244433148,0.07200670076016415,0.04394959978149814,0.06977599279242475,0.035819606320091686,0.07839883182443261,0.03916906698252941,0.07510568910188614,0.04149087306962865,0.07186646187295831,0.04345488316618604,0.06932998533645761,0.03505002229057588,0.0780622181236337,0.03808719341849677,0.07493620691977193,0.040131612725584624,0.07178782208836505,0.041819127358232316,0.06919977421014219,0.03414556667662689,0.07803693384081714,0.03636048390030051,0.07531214376863399,0.037828182221732835,0.07302439477141402,0.03905232101815648,0.0710642540247907,0.08122068312776953,0.14755318809158086,0.07736644812072478,0.14978568021937477,0.07490575788224016,0.15429862842737746,0.07448551714075216,0.15941911569161266,0.0738977484400209,0.16326447548563514,0.07701434208168072,0.16068838278208422,0.07616319111739907,0.1662774529873561,0.07555929979109431,0.16798583182029939,0.07509367099719629,0.1678491026494052,0.0796764368692509,0.16120655755879718,0.07899833278826644,0.166653936804994,0.07848625030942354,0.16677182159925386,0.07819729944301551,0.16513503056061532,0.08220122293131281,0.16053895612175087,0.08196528399452398,0.16547218471865702,0.08165112631408186,0.16550841488852344,0.08139899239395484,0.16377998053379933,0.08457948451983366,0.15913710119540217,0.08474140146332249,0.16289644363789058,0.08437719852161435,0.16311000889872437,0.08400048426458971,0.1621641826777002
0.29329926868003736,0.053205879642549386,0.31411703563364257,0.04574443769914505,0.32479892316417397,0.04650001217183831,0.3343067170586817,0.04733556649610243,0.28872682497884916,0.044837104783564244,0.28249057039708686,0.04482627593507327,0.27705633272103203,0.04499587012841654,0.35173176113873583,0.052161780993432064,0.275502659432541,0.04864358554088124,0.31223984619431394,0.06349709828798411,0.2808333908871009,0.062173383970154594,0.4265734095969256,0.09754423445571515,0.21050978994450312,0.09511901266698897,0.47141451015291563,0.1532419576607518,0.12939486490989588,0.15038557721329376,0.4654122482190505,0.21316494579320705,0.19776164312578753,0.10377106589344061,0.46752727650121745,0.2315959831554192,0.22099269846384292,0.08939521683823,0.45101304169806317,0.22808084151308297,0.22870015103075245,0.08593160590138584,0.44440080735072424,0.22256028331136565,0.22699685507501896,0.09003924293044703,0.18589912532250985,0.12027369704527195,0.20642225100749573,0.11390194076757777,0.2192006937164127,0.10748481760991666,0.22928338954736935,0.10371867337647693,0.23611303811613504,0.09986878355003607,0.20227720861410226,0.09769968838366298,0.2144807114930241,0.09432119069715532,0.22735038291446136,0.0921799357883213,0.2389476837877581,0.09074645291805473,0.19866049698885557,0.09766569366811477,0.21412015440075827,0.09398816613599391,0.2278859324031627,0.09172316634085734,0.24020383589811722,0.09087813209040561,0.198283664618489,0.09924814814526019,0.21229288970857205,0.09511135003890452,0.22492430545816258,0.09188510258987417,0.23608490215806807,0.08996701938212055,0.19954885433962116,0.10219351999467692,0.21171656676413997,0.09846093957104961,0.22123121939051318,0.09635849428098558,0.230014564468422,0.09517950808528888,0.4667322699015603,0.21183387797532094,0.444149611032844,0.21481379722372965,0.4303386639233475,0.22172970313809523,0.4274737602550692,0.22929708231989437,0.42300084395302306,0.23451801115497478,0.4424685017484213,0.230868277042813,0.4365927663653786,0.23899697651810362,0.4326756725992605,0.24147753222381613,0.4297229695843947,0.2414405305356333,0.45800553778170144,0.23186713527342934,0.4528593289504509,0.23962675461849126,0.4489119582409045,0.23996565261218195,0.4463598657966572,0.23797797812809665,0.4725303993019482,0.23100560482730928,0.4697402974939046,0.23799899883399087,0.4666608405669391,0.23812879513562663,0.4641488394945906,0.23594434661053668,0.48597855359995196,0.22903282469365704,0.4864372928704691,0.23408590637712737,0.4834066428310326,0.23430737319029657,0.48036382896326,0.23297834749089752
0.424498091110407,0.004196478996695271,0.45419020082962536,0.003637071602528212,0.4694019823254314,0.0036978839058791494,0.4830194704476276,0.003767483644319328,0.41804333343356564,0.0035621659825079807,0.4089976745628224,0.0035581827481042274,0.4010457747813399,0.00356751177476143,0.5080873986963684,0.004160672781710472,0.3980176381439692,0.0038885853093006233,0.4513892613288684,0.005016996563103393,0.4061044550398224,0.004916005401550578,0.6170858681008656,0.007764184356872521,0.3055262366329012,0.007579674702781723,0.6804915480104083,0.012201018856651816,0.1876158076603501,0.011968782751123825,0.6721569543288527,0.01697691877173624,0.2893476221282505,0.007943337774795335,0.6746667410548044,0.018434559511335106,0.32367105598870716,0.006740675510615426,0.6513840973644996,0.01815925494025194,0.3358087797684581,0.006426782913312027,0.6417458157530468,0.0177215281023289,0.33321864483808605,0.00677459137706963,0.28080553522942125,0.009024843916439594,0.31154841118056237,0.008456268257299763,0.3295000500271709,0.007936515660623162,0.34378681460962085,0.00765309169198396,0.3547747052296555,0.007342038347445929,0.3024620856096254,0.007153941208712816,0.3230672950602594,0.006949294195413309,0.3433046980165439,0.006838367141169496,0.35877503872058014,0.006811748586998748,0.29487087701828624,0.007150150067737093,0.3191950370450457,0.006890095103860876,0.33972435903966547,0.0068173748729568155,0.3566812783582521,0.006907758001319001,0.29198953457999965,0.007263898470892788,0.314553505178927,0.00695106070895729,0.33279416220907904,0.0068224961210477915,0.3484165241241355,0.006823564384305807,0.29247977903980443,0.007497707877545887,0.3127120644503714,0.007226159385725365,0.32738330175894603,0.0071052934548149725,0.34047737715711485,0.007088333283606185,0.6726904379449873,0.01685619457966595,0.6394524984742904,0.017071752499677562,0.618631968971756,0.01762857875496701,0.6136128881178363,0.018231596952251104,0.6082944718892742,0.018663564717302718,0.635487029973976,0.018332889495337602,0.6263017743080187,0.01901300914567263,0.620554141036497,0.019218866161070252,0.6164531533576096,0.01922583225206421,0.6581346053973257,0.018433195834494567,0.6496491672665995,0.01905491013078172,0.6432848560528402,0.019096999106352416,0.639687522445531,0.018961068574721098,0.6794417669744526,0.0183886614909352,0.6742728816004384,0.018944549285904413,0.6696137256731322,0.018919471955121274,0.6669837450392057,0.01872689064708374,0.6988266470206199,0.018255661223324473,0.6978241006579713,0.018668767278728276,0.6933562916807016,0.018658217433061477,0.6902466300770609,0.01853128060383144
0.05867407892784601,0.015286558613720294,0.06277914150505022,0.01325593959821198,0.06486851151378335,0.013426355726533461,0.06674809345211974,0.013630136220485678,0.057843751152112786,0.01309386288859706,0.05659394175685701,0.013106234186084573,0.05548967621457441,0.01315971646263226,0.07014809162267382,0.014995631729548856,0.05500271775016259,0.01435156953745266,0.06241624409915532,0.01807928969928622,0.05613301445045845,0.017915360974990642,0.08525537342300155,0.027819610314070868,0.04255969189004683,0.0273306463225147,0.09389227345819721,0.0437642041959679,0.02597972331846865,0.04278864743396404,0.09273273187667659,0.06088131606589279,0.04037712768903065,0.027554071018426534,0.09296677410519316,0.06610633657060537,0.04497609793448521,0.023384789876632003,0.0896797931278609,0.06509960601235823,0.04695380807544703,0.022344432673218437,0.08838678751179155,0.06353117974151208,0.046622828612318715,0.023672226837185548,0.040857949832533894,0.03073221920538274,0.04557656132187683,0.028411885679475155,0.04864953479927818,0.026504647774939643,0.050747638573444956,0.025256052663627845,0.05290992229057107,0.02403350886864778,0.044233705187520664,0.02393064176421728,0.04611030781539744,0.022551185222521627,0.047975526301403795,0.021497948220479905,0.049329706084017,0.020882699308805677,0.042810630740954286,0.023851850850635375,0.046838537495126314,0.02272028861500371,0.04929731931574662,0.02309595319978079,0.05057457768807956,0.02390808840046882,0.04184863105396911,0.02430052014127819,0.046320553368745465,0.023392007916507356,0.048514437437167844,0.023939034709359697,0.04969129531552227,0.024748076082055176,0.041351169385931905,0.025261231346297035,0.04489522175422936,0.024538801099462212,0.04724813597056075,0.02435927075727513,0.048943238854003784,0.024471537103842173,0.09264646798397791,0.06039831491929112,0.0879567610992844,0.0612453065350094,0.08511581465690346,0.0631981864314004,0.08439254545347283,0.0653460845441938,0.08351234069349692,0.06683647997684723,0.08746071346946026,0.06568943521964385,0.08604253900557873,0.06804502660885062,0.08518486811659179,0.0688404133877589,0.08459427653073577,0.0689881677612993,0.09053737327642776,0.0660228085674501,0.08923821999689732,0.06823891006481282,0.08832547723461756,0.0685308325406912,0.08780061195971324,0.0681836011986415,0.09344124820014096,0.0658349254249475,0.09274607071842979,0.06778242056189125,0.09213948613353294,0.06777399550088732,0.09176479625387722,0.06713795692152613,0.0960932352793866,0.06535848126673834,0.09601362568416116,0.06683207475117617,0.09541427764776649,0.06688352436132218,0.0949092618397568,0.06647645581662764
0.2663071163519901,0.029512754103802268,0.284753228848942,0.02570840938076069,0.29416524930502874,0.026044933326400566,0.30268258488320293,0.026436863985698427,0.2625766397388148,0.025347430093798078,0.25689358726807215,0.025352545038041675,0.25186987373356995,0.02543675764590234,0.318083652107301,0.029077748047794384,0.24945828071485243,0.027926271488736627,0.2832318976856318,0.03486361025148307,0.2546230166645786,0.03457767605833155,0.3862108163019835,0.053696259719522195,0.19396748609555195,0.05309186712848479,0.42555843595220477,0.08436594217705727,0.11850911923975374,0.08278648678022295,0.41994829477880563,0.11752788251286429,0.18453710495301923,0.05289966027230361,0.4210022427539015,0.1277616991943234,0.2060298742116447,0.04530310780638105,0.405709351002702,0.12582880996019077,0.21462219545043035,0.04322104306310547,0.39980972472068727,0.12273107120487213,0.2128824904085494,0.04570961890704605,0.19382267496725183,0.05671862689522696,0.21140727525508024,0.053482245684640856,0.22456046986714556,0.049914191174627635,0.23431129727583028,0.04759228633300772,0.24284790214584887,0.045420818894070104,0.20928648739433064,0.043714806198985615,0.21871763999427707,0.04014068579004927,0.22720857458540475,0.03746892290801868,0.23484891737568725,0.03565683082975857,0.2012032251875971,0.043515603218459084,0.210253534977648,0.03834544141567562,0.21909856852166298,0.0359794843110945,0.22640737320253432,0.03422886484541551,0.19527268917854018,0.04454750046551187,0.2182118553703587,0.04196194279120179,0.22753586110729151,0.04484034268366512,0.23018343437711017,0.047303833535091884,0.1925993149441079,0.04668105927512636,0.2144381428550201,0.04513139700337457,0.222826062166172,0.04675415581874942,0.22482125675997158,0.04832938762940488,0.41798982155789804,0.11687517002301502,0.3971909525276467,0.11856536111245036,0.38429664188012025,0.12221425972600981,0.38088498290077916,0.12637406198009551,0.376505093436753,0.12922488418685235,0.3948210353527669,0.12697921118902508,0.38830931761522625,0.131590330833472,0.3843092252077126,0.13317453323023248,0.3815492591644672,0.13338169106325537,0.4087254751942912,0.1276551819055869,0.40287439929884516,0.1320067297898784,0.39855824936068857,0.13264627920132976,0.39600256524059035,0.13189252194667636,0.4218706637927521,0.12734977775749798,0.4182030866740403,0.13113650520297512,0.41530377827838305,0.13109614533897396,0.41367720318034634,0.12969686864676114,0.43395456699893803,0.1265083875675262,0.4331078839156556,0.12931024726849424,0.4303291285985122,0.129412401048565,0.42813383509509745,0.12860110974022118
0.31268894953330256,0.022410389847242806,0.3342541569330211,0.01954300974293675,0.3453112296927894,0.019781825230586386,0.3553257290036471,0.020073188145926145,0.3082987138191351,0.019287888059757972,0.3017164326251464,0.019282554882124388,0.2957426835965009,0.01934455774085673,0.3736476946715626,0.022083735174418452,0.29308861301660305,0.02135652013532625,0.3327959764641183,0.02643406498134976,0.2992877032890613,0.02628072383822125,0.45379773714251415,0.04071559717216589,0.22875784820908346,0.04051939992671901,0.500013624582981,0.06407589416872678,0.14000204680567038,0.0627714732262662,0.49349337518959135,0.08900374830077301,0.21796699442077166,0.040000255480993646,0.49367634784728537,0.09687333253382108,0.24350733418306916,0.0344138728056594,0.4748032077718394,0.0953368977235458,0.2535018277849322,0.03287217558604939,0.46840532965381115,0.09290103715047304,0.25123971195678907,0.03478095190342183,0.23070926107235576,0.041970256205810956,0.25180247073760453,0.03992205257918045,0.266593237373957,0.037254150617287894,0.27917707009247505,0.03567829393297507,0.2889032897557945,0.03406925477964091,0.2499046280457491,0.03220620657804894,0.2618424153762169,0.029544663934123448,0.27163072728034365,0.027704625258591596,0.28001185010475765,0.026618481270822416,0.23960464948367757,0.032337521088157066,0.2501496526507782,0.027783170207182618,0.2636170406297926,0.026151697503109625,0.2747417459828089,0.025295133739988762,0.23240110338710032,0.03334331750150036,0.25994284006505275,0.0312251869324512,0.2695625842278312,0.03367621944248524,0.2702786798174673,0.03558524148311761,0.23006468639604424,0.035050134854427005,0.25696398395171677,0.033805017746411654,0.2648976679130251,0.03540448745311099,0.26473566800766096,0.03672685602247708,0.48974801635277765,0.08856105327567795,0.46523790009013216,0.08980554526372003,0.4499441097456423,0.092546039773955,0.4460264560212929,0.0956738570469987,0.44110174754386144,0.0978695536031713,0.46255753801956145,0.09622389185517674,0.45455791379084154,0.09963307602134613,0.44977854386798,0.10086275384549338,0.4463922401627917,0.10110544979486388,0.4788661597572864,0.09673897498686194,0.47210237661734256,0.10001570448699712,0.46701202167530415,0.10050207927877784,0.46382831354881776,0.09992694531393721,0.4942757132476813,0.09650990586659429,0.4900769722605983,0.09935667863542934,0.48653509545887696,0.09948838630275335,0.48428740469381565,0.09860911377884253,0.5083701683892948,0.09587143427427336,0.5074511145797062,0.09797448726409304,0.5043945323583121,0.09810815285435219,0.5018641425916254,0.09757191786445198
0.0839997563037039,0.06148627306051822,0.08957276370538983,0.05335134495197301,0.09244798398710662,0.05376252454041772,0.09514119148663187,0.05440529880641073,0.08283859462537514,0.05328558198842696,0.08111260947490695,0.05341951991636809,0.07952819102749674,0.05371949721401372,0.10040153669730181,0.05981134878882209,0.07896546202631859,0.0590907409060275,0.0895128705176415,0.07194020953502822,0.0806335996251846,0.07214979803264487,0.12240841439223626,0.11015625980835174,0.06240105084605706,0.10999149831989176,0.13470022418543323,0.17346994032006832,0.038194975928709636,0.16975911162312018,0.13283496214212898,0.24045154466594829,0.05950752293474588,0.1082893818002133,0.1326990277210861,0.26203877123158564,0.06642863711328324,0.09307065744981229,0.12744283889579533,0.25754478236492373,0.06912626687662576,0.08889766170276316,0.1257853635649059,0.25066000547789136,0.06856330997964354,0.09403063378772601,0.06244014040254727,0.11356673316778605,0.06810942292927567,0.10789119400442121,0.0721525386677227,0.10062684379172525,0.07556979284117099,0.09594397342811307,0.0782153321350096,0.09139170252769073,0.06778081345806468,0.0871393769778829,0.07125695699250523,0.07999392296597907,0.07378016507436828,0.07476641429144774,0.07586474427255566,0.07138523103503884,0.0649171833058125,0.08708404471999524,0.06785168905313342,0.07494159051205054,0.07134760526162316,0.07098521693396811,0.07427583302215074,0.06880382040452246,0.06296133810647721,0.0895046339958889,0.0705635840085932,0.08391612386978098,0.07279442347818448,0.09104214876226295,0.07291105186896747,0.09647543358869813,0.06242657517611397,0.09389857541011536,0.06995446193301313,0.09138125584851679,0.07176802961142534,0.0959831724352887,0.07158517578519494,0.09942246201678691,0.1316107709957005,0.23954388691598724,0.12494465594365645,0.2429127865389332,0.12090977158460914,0.2503695430710122,0.11985495042933637,0.2588392121715592,0.11843770983249023,0.26473657022095176,0.12424841255783113,0.2604097069230522,0.12201807228857259,0.2696477873139491,0.12072453570461705,0.27303180853162184,0.11982416279142334,0.2736927500093078,0.12864109332928333,0.2619218663957329,0.1266413185006664,0.2706140359189713,0.12521911845703626,0.2721517956125839,0.12433201776138489,0.27083762254072064,0.13279528656785686,0.261302775528805,0.13148801112256966,0.2691290527207574,0.1303737959798813,0.2696861024532639,0.1296181369022781,0.26746041668968534,0.13659768465019959,0.25953001347432536,0.13634525206454745,0.2654080755169257,0.13542049430031722,0.2658995486435677,0.13462556117914432,0.2644408685009701
0.334329513355496,0.09445991403529427,0.3567405310452017,0.0821766683659858,0.368264541215396,0.08292283505231854,0.37912256750595613,0.08396328773042439,0.33020578099764186,0.08163991260332461,0.3234576565904774,0.08173941678468899,0.31722164932910507,0.08210973976325874,0.4004332724725887,0.09237034260862789,0.31501953045144454,0.09072941643433817,0.35561547930443527,0.11078161406442918,0.3213376764461029,0.110514579505929,0.48825630911711515,0.16932990550500707,0.24872679813795648,0.16996937631823703,0.5378176736533586,0.2658866399956562,0.15331146951182847,0.2605159534097685,0.5290719222663167,0.3693921869041613,0.23762432524562227,0.16700487579734788,0.5277372706591097,0.40295949819400645,0.2641690531472124,0.14441819658096178,0.5063817627470484,0.3958862482124949,0.27590435141077646,0.1377461414301407,0.5001127701287518,0.3853040751781083,0.27381908813812544,0.1455236365964849,0.24984942575800403,0.17502857582732814,0.2724491569168852,0.16587122600238624,0.2880374868433868,0.15479911692057374,0.30167175903114524,0.14776130117421055,0.3123153372138271,0.14103444828110037,0.27008263070904265,0.13414320216112297,0.28453132088259475,0.1232902512844953,0.29517487742134163,0.11541813376853623,0.30375165460791875,0.11042272571190362,0.2592394954457554,0.13410003562870693,0.2713528483217852,0.11524554954880066,0.28539792239564876,0.10904337070387092,0.2968045358624587,0.10560004931287821,0.25209989718643167,0.13768036775740805,0.2824991934703436,0.12870216313748925,0.292013564276741,0.13961501474496296,0.2926838769433731,0.14817810803730802,0.25080149917033245,0.14422346391651028,0.28063396244079825,0.14043979858084588,0.2876381995306962,0.147769672368922,0.28643297865472783,0.15346668811068365,0.5256772875025267,0.3682842732087919,0.49898131178322835,0.3732809754422977,0.4820797793890946,0.38461599901319765,0.4775355053743899,0.39773600374996254,0.47207080138031177,0.4072225823422538,0.49471858207487013,0.40016958049511275,0.48598399895828287,0.4144205647631642,0.48103087101162206,0.41963046215904665,0.4776276219617062,0.42057091919621603,0.5122216427102386,0.40255899140671697,0.5046954404841282,0.4158062514086841,0.499701015909507,0.41801945768170495,0.4966401306232588,0.41591424145866007,0.5289188130701993,0.40166692675541366,0.5239802731357216,0.41352696020520163,0.5199879627511251,0.41476917341964,0.5169286791160661,0.4118181552730121,0.544471322284293,0.39896190050660724,0.5435982059468071,0.4079298909584192,0.5398344555157022,0.4089086163142694,0.5361573674002962,0.4069486755407371
0.005669035661675556,0.02318174334713857,0.0060464070423039765,0.020239777009851,0.006246963080964208,0.020443873557114065,0.006437573159931154,0.02070457660574243,0.0055989825359327545,0.020013812688620788,0.00548724199791845,0.020010297866497006,0.005384003253134576,0.02007399222446943,0.006807949543460029,0.022723674304405927,0.005352686945479351,0.022246587886001836,0.006020289365505215,0.027207417065191922,0.005455020875765069,0.02703217176772047,0.008303856953944387,0.04143139836212778,0.004226417256850904,0.041748125788525846,0.00916414544222755,0.06439311103406578,0.0026190454315063003,0.06373403069912675,0.009006009214544985,0.09023501067121617,0.004053110649931752,0.04089213512174531,0.008980866718518464,0.09870436299541899,0.004513490655750102,0.03560188822177306,0.008611912396863725,0.096913285116475,0.0047123048528194215,0.03395102585110457,0.008508200613881304,0.0943005618628909,0.004672818320764521,0.03581861885838341,0.00426334297230292,0.042844208314005,0.004643333009874701,0.040641809931700586,0.004911379515625791,0.03794069221378591,0.005143993470892709,0.03622955797042258,0.005311623619429294,0.03454302547460297,0.004604647400750987,0.03282979357897273,0.004847087582522306,0.0300740947483409,0.0050245737987580615,0.02813080158576106,0.005167227604093316,0.02693295181183446,0.004419024116998634,0.03285517416774092,0.004611363511622884,0.028196712028042255,0.004849151782698677,0.02663198989826345,0.0050433177531705895,0.02584533617368718,0.004298282958868512,0.03375370201077791,0.004806513873112334,0.031539227574848894,0.004982793547213945,0.03414865480448824,0.005011117261966678,0.03626173535400009,0.004276688249331094,0.0353722023241765,0.0047773457630706055,0.03441596997423353,0.004898905159393074,0.03617026567122654,0.004885267364974209,0.03759696228184295,0.008941871276742897,0.0902158126364978,0.008480931656420191,0.09144830077168539,0.008200899674256846,0.0942495036015885,0.008132816804188368,0.09738911695816443,0.008049084622127764,0.09971906464223318,0.00842057802420648,0.09791076393415038,0.00827942843613343,0.10141301218826708,0.008194496711725108,0.10273835907356668,0.008136337328351386,0.10304205094606879,0.008719930890547872,0.09849179554617857,0.008608611444948629,0.10178916841180774,0.00852471789939039,0.10236210649853433,0.008472123714636027,0.10184227414230847,0.009005359339636702,0.09828647854668748,0.008933771418617306,0.10128260044427059,0.008861393626961084,0.10166598302968768,0.008805856584628843,0.10103439097239747,0.009271691634532774,0.09764099581601259,0.009250639224238551,0.09999321675324266,0.00919227574182901,0.10017945615737998,0.00913926746444601,0.0996897256130149
0.2505633314845703,0.07043800803296424,0.2673480293932219,0.06168271984338657,0.2762971654963196,0.062413766481423445,0.2849077896484933,0.06329534520655071,0.24758335151975933,0.06081812513507359,0.24262087804579666,0.06080773412154552,0.23807976407222187,0.061032202031202666,0.3013209149910562,0.06952332362435994,0.2362869770771617,0.06767132576062168,0.2650340476804389,0.08276967635950819,0.24075971568755522,0.08229053993701457,0.36658273266886404,0.12578251542214955,0.18631904244365038,0.1275884111905525,0.4066434757342346,0.19413099399431638,0.11622052537131021,0.19416277251479425,0.3996575913395653,0.27356609075296545,0.1801009679681636,0.12428131670728913,0.398241963239836,0.30029733083751864,0.20059538051676293,0.10897394099401234,0.3818381157774181,0.29483110728548284,0.20932286022273464,0.10394406661865357,0.3772399461078108,0.28681225389339954,0.2074250600384981,0.1094194518765546,0.1885665925744796,0.13042062595845325,0.20576082395319342,0.12369782980050119,0.21753149734961189,0.11570844309657459,0.22768120421090896,0.11062286457100175,0.234390728651048,0.10526830618965206,0.2035507937003449,0.09976587004721033,0.21441809885482851,0.09149502081616444,0.2223843840315098,0.08565437216748216,0.22888177496910825,0.08209165508185297,0.19531285284638997,0.10003341876869314,0.20372370855811767,0.08616924413561707,0.21443805936457708,0.08133024882571523,0.22343343785973555,0.07890902647046123,0.19023504290816,0.10301499135964812,0.2124669835283503,0.09657923548298698,0.22052150657218522,0.10432098091041836,0.22227670835208055,0.11079411140960456,0.18963838374277903,0.10812692966644875,0.21128411914704742,0.10519683509836947,0.21719060059146741,0.1102486046052353,0.21740018594382735,0.11452102974961975,0.39600834626352027,0.27489976113200415,0.37606064260304245,0.27892577430755616,0.3639788825387341,0.2873729649706533,0.3611445228230299,0.29662917462697824,0.3575474821570966,0.3036616951563776,0.3737683528353873,0.29830005449506,0.36751996190646896,0.30863091145511984,0.3636606251148871,0.3127114789806839,0.3609560250468446,0.3137252113375444,0.38695411529976603,0.2999611243656731,0.38208019004458155,0.30988093998541805,0.37849631482124835,0.31199622986350817,0.37618667803120936,0.3107234744313439,0.39955961823197783,0.2992586698337244,0.39652800555741624,0.3082616788072581,0.39354588579982536,0.30971607820751174,0.39109525136645606,0.308040917168465,0.4113345548796601,0.29723888676390653,0.4107463568796226,0.3042070429458253,0.4083926174903028,0.3049091794479309,0.40613299631470745,0.3035437794760825
0.10463256769522129,0.1649586874639568,0.11162530355161147,0.14458721054244514,0.11536186952121828,0.14635041548066235,0.11899469176907922,0.14845544972722383,0.10342488489640846,0.1424481942722834,0.1013492033834866,0.14240676433050378,0.0994543620606334,0.14292018276730617,0.12589697333221456,0.16322576211602535,0.09863227787738411,0.15856788574855807,0.11048675587538616,0.19398609471199163,0.10051265335296064,0.19268889410332365,0.1529859856886296,0.2948084339503796,0.07794638301786387,0.3004721810865192,0.17027127105721102,0.45487076815996463,0.04868321195273999,0.4548742122839782,0.1673061211873426,0.6404110384607761,0.07577462502423497,0.2918004221400505,0.16673621468215044,0.7035279977309195,0.0844354338032618,0.25465350688060207,0.15986561435049762,0.6905159824036158,0.08803011135596338,0.24285804225798258,0.15793608235275683,0.6714521245659131,0.08717888344919357,0.25573909476967116,0.07896344493554157,0.3058460190838187,0.08607608659269171,0.2904191562044186,0.0909661517005318,0.2717906356420278,0.0951877305127312,0.25987390915309816,0.09798697113560662,0.2472656599643157,0.0850662404995421,0.23414074912195146,0.08953545546611463,0.21487322875091447,0.09292918427508638,0.20123433980159564,0.09571339136022462,0.19294779177552512,0.08165915386563828,0.23478847404476533,0.08515750871044513,0.20209234284595312,0.0896173260060209,0.19074030919007745,0.09334004853596437,0.18507057788846432,0.07955022484273444,0.24184179606571946,0.08884629292635225,0.22668037469414656,0.09228892519065648,0.24476031805376333,0.09303287327967945,0.2597928574346461,0.0792952771088158,0.25397042228458244,0.08835768927060589,0.24686192252682798,0.0908629414710259,0.2586975398952387,0.0909185888154434,0.26871181838218694,0.16594633154333546,0.6461312692307377,0.15786265193367296,0.6551971220674563,0.1528111780646593,0.6742597170596873,0.15171513877653067,0.6950804799587659,0.1502098288645999,0.71131447330074,0.15676943057891454,0.6997898029286855,0.15443404777942285,0.7226516685223241,0.1529337171283987,0.7323064091632917,0.151807829633407,0.7348025954441747,0.1621998754483565,0.703241733623327,0.16051267204116534,0.725972148483782,0.15924818599808171,0.7322126141859895,0.15823021440773838,0.7305867006412622,0.16747053255227717,0.7013923538321876,0.16652255787967826,0.7223518575269451,0.16552310804556436,0.7268098742480097,0.16440142009205155,0.7238758250008714,0.17254041874321463,0.6960783000875566,0.17275173638740376,0.7120741896560611,0.17191103469290764,0.714669624110601,0.17077737736221554,0.7124293362439243
0.451086668791473,0.14957895466315352,0.4813729238230756,0.1312325893188769,0.49741036460474153,0.1328725832661497,0.5131713503449102,0.13480960051131832,0.4461450164272906,0.12915472936745384,0.43716414903168804,0.1290740393196071,0.4290029393145208,0.12948959567228555,0.5432085561126011,0.14834087325717424,0.4256281220163809,0.1438495051691878,0.47569732342612486,0.17608248179689864,0.4332546231119091,0.17464434328262748,0.6606646283541622,0.26759934355877263,0.33699342751984224,0.27378268760321484,0.736496000591104,0.413280611852254,0.2110546899960544,0.4126587303174765,0.7233052387695502,0.5820996210524054,0.3280111395223778,0.2653086166933353,0.7209067301009906,0.6389048413576225,0.36535754904057055,0.2316255257512933,0.6919065045007313,0.6275089879852405,0.38094800336556883,0.22046725974201567,0.683624809988153,0.6106131278954493,0.3771595837545156,0.2319550622386881,0.3402187560678909,0.2781403671897704,0.3715280516111554,0.2639614890469843,0.3929140584028173,0.24708186600493484,0.41148564573498075,0.23611755843754204,0.4239202626196742,0.22444202647877656,0.36637153321536287,0.2133410462334418,0.38624557568789764,0.19555955031810784,0.4011124405353705,0.1829623378515735,0.4132059353979789,0.17555579418969228,0.351892611059673,0.21387680365222786,0.3676243560781846,0.18382364416818053,0.3871407028402456,0.17326119701672735,0.4032825282628879,0.1678057314142309,0.3432439573286466,0.22008536333662213,0.38435664874554487,0.20635774741394017,0.39911244028494164,0.2228940598438251,0.402042934754905,0.23637138284838813,0.34283523833463353,0.2309446904412479,0.38231308337135156,0.22435891260197316,0.39243191205006805,0.23527145969293714,0.39181350630206635,0.24431283689205446,0.7195868725878112,0.5865837567475374,0.6848336237891285,0.5956320926814012,0.6636533379045907,0.6125093440198479,0.6588617070161977,0.6312819774770306,0.6530174693398924,0.6458877101429543,0.6805302064072699,0.6355411401447035,0.6705117669267933,0.6561591153808725,0.6642946804534874,0.6644753507191241,0.6595276141389562,0.6664057089503312,0.7036914032047173,0.6385069685312567,0.6967479748377787,0.6592941947915589,0.6911539998561421,0.6646957888407933,0.686801216559583,0.6625235689674616,0.7264749566738806,0.6368046587233891,0.7234582494284241,0.6555960051826242,0.7205378471508546,0.6574296187569814,0.717755539212609,0.6516392216929608,0.748327719964788,0.6321662841060488,0.7485933725129604,0.6466263785331586,0.7456867027200558,0.6479836184981674,0.7423501824804425,0.6442203764475578
0.23352521569495255,0.03908593762477655,0.24940973027409236,0.03430571397245922,0.25765651130436895,0.03471864699859149,0.2658078362237703,0.03522167933770456,0.2311290552555884,0.033760856870918565,0.2264504918766685,0.03373527930204626,0.22220140416465972,0.03384078379078794,0.28164101164218347,0.03880466277369653,0.2205461656985846,0.03760505331701848,0.24597529254889147,0.04607112293540279,0.22435804844172308,0.04562947607978746,0.34304931689127877,0.06998350105437784,0.17484404789297114,0.0716492304263719,0.3823508043544412,0.10813716816771204,0.11017602094904383,0.10787987207438862,0.37544965945252007,0.15233833662169763,0.1707333192959528,0.06939742939763711,0.3743007747799995,0.1671614087773102,0.1896464140986134,0.06044727113602451,0.3596565903524238,0.16438410001141154,0.19771766467903043,0.05733003944562468,0.35524944379359236,0.1601118994433531,0.19583752350227115,0.060264802130099056,0.17661069279881536,0.07290561642704145,0.1926947708859939,0.06930289841205417,0.20380475888395755,0.06481827073127969,0.21327896228519055,0.06191395704656105,0.2198017401848449,0.05888818144275406,0.19041204525192293,0.05597710093486983,0.20044816736894563,0.0512816313165793,0.20806950496315593,0.04798524073878994,0.2142735067810159,0.046012556677475815,0.18277017813998414,0.05607278756430826,0.19087938374195007,0.04820285972640835,0.20090690067190095,0.04543438021592478,0.20920394521452026,0.0440102860880739,0.17804986423736044,0.05764420412537056,0.1995561475305188,0.05414846668699937,0.20690105885645246,0.0585446245467191,0.2082431760779518,0.06207141096513679,0.17756304114517782,0.06042351737087694,0.19822202083987187,0.058873113755906724,0.20336282106219777,0.06177581158461502,0.20306647993241203,0.06411045080122091,0.37323241007222235,0.15415172250683776,0.35653773249667636,0.15637684486650755,0.3457148657852072,0.16047595112068358,0.34377159941471397,0.16513759344110393,0.3411167762718143,0.16899372131344043,0.3544074877042369,0.16640416547080059,0.34983349271464503,0.17153071070106085,0.3469891095936776,0.17365620906063414,0.3448714345209252,0.1741690831219029,0.3664237709313233,0.1670509851319801,0.36347179223914716,0.17210415549986433,0.36089453871113775,0.173593074770948,0.35884097228207035,0.17330925682159012,0.37832028839405657,0.16651983894367475,0.37747830157189016,0.1710719712251169,0.37661222022592267,0.17184602761568327,0.3755482195773034,0.17073315962774516,0.38996421288342104,0.1651926961764434,0.39075183336298014,0.16878001924260655,0.3896825466708738,0.1693927491145387,0.38819732211508906,0.1688181588988165
0.35831826897943936,0.008416991968958466,0.38259156231482466,0.007379056643525935,0.39510930129293065,0.007469654603198392,0.4075443495367669,0.007577440702602697,0.3547307742034018,0.00726415919708301,0.34769649857188195,0.0072572444703896235,0.341277585936814,0.007276971800475402,0.4323806405939965,0.008345089816217316,0.33954377927000073,0.008090418781369381,0.37786256610284363,0.00993485554736631,0.34512719116513724,0.009826956464629296,0.528535500181311,0.0150473520861027,0.26918435697228654,0.01541410772260391,0.5888882783352136,0.023280570795146078,0.169766208050052,0.02321292899443766,0.5784001198670259,0.03279372925902045,0.2627499856915049,0.01507428173681967,0.5768066246751672,0.035963495733277166,0.29153277667369837,0.013202219812317407,0.5551723328552268,0.03537835652049371,0.30407591707117776,0.012512431621757327,0.548150272631346,0.03447937015186901,0.30131606350922646,0.013125432230923603,0.27121886152249336,0.01570943441577694,0.2961536570587657,0.014925779085475889,0.31350481504554994,0.013984774655611551,0.3283202579965969,0.013379015250950711,0.33722796524503673,0.012696281915762896,0.2925875865926377,0.01205812564093478,0.30793835321217616,0.011054544585225805,0.31969731652042455,0.01034796222928235,0.3293487432386087,0.0099456117073718,0.2808647013488116,0.012079313684107725,0.2934580290800018,0.01037966212434525,0.30893549504388934,0.00979240777553452,0.3218371197783415,0.009496595400762444,0.27372621598003,0.012421707472908078,0.3067329339455632,0.011665305336504027,0.31817382318978427,0.012607720590711217,0.32039352373603797,0.013367358892573572,0.2732268046630664,0.01302960769162635,0.3047782319906107,0.012692245329421568,0.3128991107435103,0.013320617541100293,0.31262783873549527,0.01382981874845928,0.5781508403274153,0.03319881705894617,0.5519995937804218,0.03365751471658428,0.5354561441138631,0.03456667251978479,0.5333273015802424,0.035567390841959805,0.5291787029440101,0.036365578470016036,0.5491379688280825,0.03584260356727863,0.5421140620890934,0.036950726486695555,0.5379318474085831,0.03738076452804183,0.535082674596589,0.037444067475311024,0.5676258935966866,0.03596098955753344,0.5631874394350039,0.037051704239817136,0.5596405679913474,0.03731713290198657,0.5570345670151443,0.03719702428273695,0.5857453675813876,0.03582982324483844,0.5845407768792463,0.03680545633252005,0.5841157469785655,0.036928179708898085,0.5834492023710368,0.03664610287928819,0.6034290166540058,0.03553059936034496,0.604877726122763,0.03627648010730499,0.603657179636225,0.036415669703938336,0.6019525621120841,0.03629272916479095
0.1892062596489782,0.025675784928654393,0.20187339456601355,0.022512970164323583,0.20859816805220519,0.02277589690950123,0.21523726504403173,0.02309403959228234,0.18743664075411853,0.0221586557691435,0.1839677629904979,0.022137238013225702,0.18060248551593241,0.02219885352703544,0.22899132758944804,0.025445677843538135,0.180268458030771,0.024662611995156493,0.19922513185794805,0.030335272028685217,0.18263850515407667,0.02998314307310532,0.2808611267794358,0.04585394427880762,0.14283427903249402,0.0470419322277011,0.3132763661573504,0.07099098699749742,0.09035139285533678,0.07084499246682929,0.3079837706245246,0.10010833324178252,0.13977477670894398,0.04628979169317004,0.3072591102196712,0.10973699498125407,0.155054238574206,0.04064357413529561,0.29646654223499186,0.107985320358107,0.1617541479910244,0.03853231856580079,0.29262475381389214,0.10531473108011961,0.16021145466547987,0.0403935920892252,0.14414388745238932,0.04801341387030161,0.15743733492540968,0.04554957703088343,0.1665443230582173,0.0426796380431365,0.17430792088964078,0.0408560902229743,0.17955934081822084,0.038814661240049356,0.15538050705899561,0.03683765346337168,0.16360662192556852,0.03377750061993155,0.16980262457473477,0.03163149969564567,0.17488696148394506,0.030390700688380904,0.149098777532345,0.036895708681111444,0.15579209935631527,0.031727818019828026,0.16409142089522716,0.029937750417803107,0.1710674298057949,0.029057307113137785,0.14531912409311865,0.037940440616376775,0.16278589350799497,0.03564533717969627,0.16898301718156558,0.03850016842053495,0.1703542441563615,0.04084456740311513,0.14508175662232914,0.039795148864280955,0.16182127090170825,0.038795556556987076,0.1663011615287086,0.04068956241245607,0.16638475971940267,0.04224123348530747,0.3080515863030988,0.10121656608034874,0.29473565536309204,0.10281545697931563,0.2865136593165217,0.1055319763157856,0.28572851397695187,0.10859776293589997,0.283475355690416,0.11105225343833951,0.2937920551133321,0.10955763666980442,0.29060600298988704,0.11316249242015144,0.2884962854439906,0.11411844311083916,0.2871226904625877,0.11373448645190164,0.30364122438072877,0.10984369638271722,0.301371137366109,0.11331252643139204,0.29975021165207555,0.11348751386364132,0.29891735349853116,0.11243927313344414,0.3131636591194823,0.10937437322857738,0.312603046151061,0.11243769675078172,0.3122522284913937,0.11260198090302188,0.3119954761154546,0.11152521302066654,0.32261132530919856,0.10840564129891644,0.3233845046579353,0.11078451917387742,0.3225617231282504,0.11102403081465022,0.32163149959666393,0.11046468367107815
0.18196197682302034,0.08188476662785311,0.19422777065673713,0.07178447392815994,0.2007837757240562,0.07259825557010201,0.2072481078648978,0.073592321123046,0.18032229836450497,0.07065904795232739,0.17702795212837089,0.0705746249296878,0.1738129132378008,0.07073715550132616,0.22057164474416016,0.08113842624288978,0.17365180842477962,0.07856853570934977,0.19152053442833625,0.09686554876530577,0.1756573647444886,0.09564681238085043,0.2707366200616782,0.14594052251565728,0.1373169943958949,0.1501148505546026,0.3021940019710372,0.22614479447477928,0.08716408705935674,0.22602818682685485,0.29706619720535354,0.3205775570669983,0.13469426440169352,0.14810312929717395,0.2967427242979605,0.35023259225589415,0.14943404899750398,0.1298681850590814,0.28710658421200175,0.3455502543757154,0.15591021225407226,0.1230263695574026,0.28330430169740173,0.3377690478909716,0.15436395588082763,0.1290478021754605,0.13877650949870415,0.1535448528732528,0.1514638991893416,0.14531544779763855,0.16027601542656852,0.13614932367011504,0.1678777988074098,0.1303578485922723,0.1725832303122647,0.12369295208294745,0.14936964594249094,0.11766236774347115,0.15720082421090703,0.10806652707293772,0.1632413983402085,0.10130146886627792,0.1682140138507343,0.09745838884863299,0.14332737124214046,0.11789132509555318,0.14974571508304252,0.10135806522621282,0.1577663491132539,0.09570498046499458,0.16449903136562863,0.09283232583934635,0.13968929100925803,0.12118863816993793,0.1567671178587302,0.1138999528987655,0.16252290707200354,0.12323050795538038,0.16356343790914596,0.13067846604255742,0.1395351828314099,0.12709019109603575,0.1559539169300317,0.12383859376353733,0.15994922640562992,0.13010051447401239,0.15963426850041798,0.13506934910073362,0.2988671991217392,0.32211367457870793,0.2858166767774587,0.3266253232097621,0.2777938927395639,0.33598471226141574,0.2769305371118558,0.3462661890414307,0.27516420255099766,0.3542795534802826,0.28498164780465257,0.34935711329453806,0.28200708180734796,0.3614617330036755,0.28002810298374775,0.36435096217553037,0.27879732683396585,0.36269516500948734,0.2947669522654813,0.35042362818932754,0.292660697845799,0.3619162470681868,0.2908890429269448,0.3621943565228127,0.2899709046175865,0.3586263711069922,0.3041649881107071,0.3488865676430924,0.30354318645357414,0.3589694642134696,0.30263729225576874,0.35932950336460306,0.30197929272916413,0.35595226811417796,0.3130438882024157,0.3457024544327784,0.3138158502831758,0.35326864904569677,0.3126459545769483,0.35371879085922603,0.31135859799897875,0.351795286195142
0.05637911168636696,0.08221032485860864,0.060189744475932845,0.07195530837322252,0.06222136690427318,0.07275360096442575,0.06422250264333593,0.07374107180152067,0.05587981541488268,0.07084611942328126,0.054856035104417104,0.07076006147436124,0.053864006897385665,0.07090445285038811,0.06834323345741412,0.08141362513589469,0.05382698600107946,0.07885786764486927,0.0593689539203002,0.09732233459667765,0.05441776870319142,0.0960515627711587,0.08390979349425272,0.14622343309252445,0.04252963957158134,0.1508503716498411,0.09386177870852498,0.22680205791112998,0.027053349510690168,0.22712629992477806,0.09239299441967282,0.322047184371557,0.041658929180695525,0.14910945249207405,0.09234917192227515,0.3517379086074558,0.046195329714632444,0.1305612451432467,0.08943321330418474,0.3473141540586031,0.04826097897899785,0.12358308919410947,0.08822917926645495,0.3397563805315389,0.047792395363604835,0.1297092183533223,0.042970497058937095,0.15450560302803995,0.04685911099590036,0.14626111662993715,0.049594616282707824,0.13687946563216496,0.05192330221652528,0.1310190728574945,0.05344806978346409,0.12445332634541115,0.04632083921517165,0.1183655551814398,0.0486422151225669,0.1085675341006404,0.050441573795363404,0.10180847649469321,0.05194231732389558,0.09777590748653744,0.04439435161300464,0.11860766401672476,0.04627388707740467,0.10196601979838144,0.04874746293214706,0.09611728653404909,0.05082250864984755,0.09317873834977015,0.04320346884383042,0.12190952971822179,0.048433116731537766,0.11439868841092457,0.050263549607327394,0.12385657466859963,0.0506378184408083,0.13150746642653632,0.04307243822081056,0.12783676556877507,0.048207496400315825,0.12458572098218554,0.049420791311292504,0.13091097305272306,0.04930624496732984,0.1359620164328481,0.0932242434726648,0.32347453803960396,0.08913210499274292,0.3280898960124987,0.08655802663150743,0.33739738534943736,0.08627462658603019,0.3475805218504746,0.0857723927459682,0.3558814905041967,0.08883048448985678,0.35110434875339236,0.08793574629445078,0.36304994401221813,0.08726680920371764,0.36617833772513425,0.08677224317086618,0.36500836864468594,0.09183831368215813,0.3519435751947364,0.09125509333607698,0.3633068406941534,0.09067575208696382,0.3641042220497795,0.0902685372920499,0.36106798510657556,0.09472155983785631,0.35021059167908253,0.09459208085362365,0.36016954987796396,0.09429827880249049,0.36145058924766366,0.09397989909425719,0.3588922989522387,0.09745663955383137,0.3468575891590135,0.09772941915906615,0.3545822551232863,0.0974264805164336,0.35572716881290345,0.09701928831820104,0.3544797088329774
0.0047265033678972924,0.04558116050625971,0.005039425953589978,0.03977247133922143,0.005209984767488368,0.04015435254875658,0.005378120325149609,0.04065417064577147,0.004684536659273039,0.03926213176127067,0.00460122519846471,0.0392315343078229,0.004518553419063811,0.039307795147707554,0.005733974364112685,0.04501301645324297,0.004521796771553631,0.04371713530903506,0.004982644337515885,0.05397131332606251,0.00456904805255712,0.05329968549402256,0.007049204283239565,0.08097862577549808,0.003572810887372145,0.08369507000063203,0.0078934356109625,0.12564201787414772,0.0022774933863663784,0.12603974895454806,0.007792307076376046,0.17862088972536808,0.00349859296779857,0.08242214590011514,0.007798946342680961,0.1950316780893522,0.0038784225571079785,0.07174901078933184,0.007556684022420582,0.1926522157282922,0.004051791094833062,0.06799166419872145,0.007453357591894897,0.18857989324545937,0.004012782240118965,0.07155927394703897,0.003596777891752124,0.08593100408090723,0.00392434889680939,0.08151075643877594,0.00415525489385495,0.07644680427463761,0.004348476344453945,0.07323495110561924,0.004457488691260213,0.069279144871577,0.003885546727874141,0.06601319203034865,0.004081564925091663,0.06042161386118489,0.004231923606668369,0.05660947120685023,0.00435776359425938,0.054342681013421955,0.0037221367730891565,0.06609595915666681,0.0038803495142620747,0.05689612983041168,0.00408892363515664,0.05356998886544844,0.004266585413163945,0.05184942032016712,0.0036183086626867885,0.06789200460395671,0.004055519351784129,0.06377286073508323,0.004213762478615194,0.06896690679285074,0.004252144629130028,0.07317790271276876,0.0036032180686927278,0.07118918364068573,0.004030718007874223,0.06948681280051777,0.004145128556760502,0.07292009459479924,0.004149521816500787,0.07570035215892247,0.007849970826088192,0.17946066626275797,0.007509459645385243,0.1822255077084449,0.007304374810901118,0.1873756054925907,0.0072858674129519865,0.19291803831774612,0.007233979470425772,0.19736991407276636,0.007493375503673261,0.19471679770225173,0.007421595083614091,0.20115787005496474,0.007374194089940778,0.2028798910739759,0.007342235340951112,0.2022444159099777,0.007746626037560709,0.1951993373309521,0.007696080128269279,0.2013651161696169,0.0076529204660455204,0.2016598449759839,0.007625656934273966,0.19984239842261492,0.007990157592083231,0.19429507891871922,0.007977874189777684,0.19986278876615327,0.007955583144354824,0.20036718315026203,0.007932917342481496,0.19869805605129615,0.008221596287698163,0.19248105463222043,0.008248105242292424,0.19675073844958257,0.00822523307115752,0.1973685610835386,0.008194704347204353,0.1965756138909495
0.1968027263145433,0.06767168704500175,0.20960964137704222,0.05877297454268535,0.21672292792424597,0.05924808884839541,0.22377850350517756,0.059926316604694795,0.1952348103443036,0.05822889002797373,0.19190779429763796,0.0582204321428119,0.18852006536230242,0.05836341180428204,0.23924258274115612,0.06663630586527743,0.18893266438789624,0.06495260708678059,0.20769826316665116,0.08015705151196875,0.19067371325695243,0.07920523778640641,0.29450543501280385,0.12031383044951517,0.14935188117074913,0.12437485739424979,0.3297961934126838,0.18655384595002786,0.09518135175854167,0.18740331335052696,0.32667789693079213,0.26537857945243665,0.14607263139589263,0.12232347128080825,0.32728335955219556,0.2896791836389326,0.16190679344377001,0.10612315523735108,0.317347181556232,0.28634379592424375,0.16915291836315613,0.10080542850808732,0.3131407080416476,0.2803511181298552,0.16756868357248106,0.10619650816866376,0.14936232838966643,0.12875591178677237,0.1637350038569829,0.12214078096131253,0.17283664742637198,0.11493912241560165,0.18065984233549645,0.11017476613091251,0.18548596817515292,0.10424259474575867,0.16198321683379907,0.09885787328556614,0.17081997711848804,0.09120325654450621,0.17741776614592664,0.0857833905013545,0.1830203187160531,0.08274463797164586,0.15486686224255886,0.09896658964022333,0.16198153734417567,0.08567997363278473,0.17062682258746806,0.0808167547253822,0.1782375554470672,0.07829936279794336,0.15041494520505713,0.10176139428636549,0.16893008844067997,0.09688138972994946,0.17622777501393758,0.10404250365832858,0.17862316361973676,0.10995618598822655,0.14967799309290117,0.1071012416383602,0.16720193329117358,0.10506289131435692,0.17222904246387413,0.11001754410058244,0.1728591816808467,0.11411609329948959,0.32901021871758307,0.267287671998589,0.3150043067559018,0.2712237233394987,0.30613898192328715,0.27845775843302484,0.3051966163282931,0.2865163840983853,0.3032849339583639,0.2934040599226267,0.31452098402553635,0.2895223992893731,0.3113767678612676,0.2986883336459636,0.30936711967141545,0.3017299784175213,0.30795129669455246,0.30159200251188817,0.32485434148094494,0.2901049878826886,0.3233031807339561,0.29919296774527,0.3218458598166344,0.3005565917591388,0.32063490812517204,0.29856670570857335,0.3346191586380096,0.2887074850113324,0.334335232321359,0.2966866183853816,0.33386283288570956,0.2981210283919895,0.3329245932809714,0.2960976656770772,0.343893220992517,0.2858871411007645,0.3454116912013242,0.29201755821658587,0.3448236053465756,0.29350607502980947,0.3434598597723661,0.29288262834509676
0.21189572937657644,0.05622892867417012,0.22564493045491246,0.04884177169004676,0.2332705964915131,0.04920334562171167,0.24080108881065626,0.04974085268075237,0.21013618250624944,0.04851196250181179,0.20653691401617028,0.04854151511947512,0.20289787122281755,0.048693213619032776,0.25735101275180977,0.05540923732202606,0.20340279853185256,0.05418634654667127,0.22356055773609798,0.06643326238653803,0.20526497591209333,0.06577126399975669,0.31694854416652973,0.10042783352699668,0.16068541027383643,0.10347272588912251,0.3548850327100227,0.1559040666579544,0.10243572255663211,0.15659206739805487,0.3524370986674038,0.2215638701333144,0.15716211852979575,0.10218097282372049,0.3533601471137498,0.24179026432021833,0.17416445916135115,0.08883446753108386,0.3427496722081968,0.23908884398560473,0.18184491269977765,0.08438232741230368,0.3382066071736777,0.2342433800050719,0.18004564844825688,0.0888434345408878,0.16099465370297344,0.1101166283667874,0.17581104416427723,0.103578285765548,0.18484584474783872,0.09715025318579543,0.19244578200436113,0.09278873121895463,0.19822472500539187,0.08831168493417717,0.1732009248857339,0.08401487752157122,0.1830490139152302,0.0771797199829283,0.19037286485411023,0.07276889921328876,0.1971054661499096,0.06996510880860063,0.1658796212099258,0.08465950479574778,0.17353670823458656,0.07435389226284647,0.1832190259371298,0.06997298456886346,0.19228244409632034,0.06803458961474741,0.16114166920462614,0.08763170314998064,0.1801323834673812,0.08394366484789696,0.19068654820547312,0.08806642536536559,0.19677278505440707,0.09245632969583692,0.15994509593422962,0.09269737239990589,0.17720927813295273,0.09036317481811121,0.18499895091203203,0.09351166181993237,0.1892085094808913,0.09689436751285495,0.35457352662821284,0.2231681748433034,0.3392613163906451,0.2264012164023287,0.32978003324350286,0.232602061690738,0.32902339649750795,0.23932044565291977,0.3271151122326137,0.2450121662459189,0.3390717374038077,0.24205005083993475,0.3357956724829412,0.24968642749301437,0.33342930778070307,0.2522508540390814,0.3316275247271503,0.2519628234135949,0.35014803414956,0.24244829273129354,0.348488527834515,0.2501224927847576,0.34683525448721014,0.2513090809961925,0.345455491733436,0.24946782206457818,0.36054741352210395,0.241184102357921,0.36017665155520245,0.24797256330420936,0.3596274388680682,0.24921573848279907,0.3585646467157665,0.2473688109789078,0.3704243051239887,0.23871617979842238,0.37216190853254544,0.2437890187059662,0.3715914354485988,0.2451162151614413,0.37015216066037376,0.24456000378899898
0.16971389809256793,0.006040375188681538,0.18068035971090018,0.0052414707960813526,0.18673550637425268,0.005279303509819944,0.19271063202973115,0.0053393964024115986,0.1681984817694398,0.005220133418323873,0.16523698777018267,0.005229117409128573,0.16231558390907572,0.005250540566895515,0.2057526456499936,0.005961343561826815,0.16281152303578317,0.005845928956672927,0.18000177382823346,0.007127628283897281,0.16466072047506486,0.007063391843892024,0.2535344476721422,0.010836917862763062,0.12827273138782333,0.011114614925942755,0.2836678518974189,0.016927806821116217,0.08168213774269847,0.016933045262439418,0.2821154397941363,0.02391853340668189,0.12559248267668988,0.01108287632244163,0.2829775597854228,0.026087269426290523,0.13962367836343714,0.009638578589703203,0.2742499913164554,0.025803639156990493,0.14540144768616065,0.009110934562802483,0.27051501020511937,0.025304214089227485,0.14387090086253881,0.009591295156661222,0.1275746578755734,0.012311211959058871,0.13936719931559524,0.01171563762379511,0.14695489503421383,0.011001999093395737,0.1533846979176851,0.010531441929189856,0.158451458856684,0.010151472717337092,0.13897815205553327,0.00948356825185848,0.14693112990975424,0.008700854436448023,0.15374980940854507,0.008243768463293381,0.16043758163727528,0.007987420499363147,0.13344794274878172,0.009553900400486471,0.13866567877954863,0.008397045085915803,0.14617727831936864,0.007847738676252807,0.15368044800891356,0.007605373919455138,0.12968415680492695,0.009904279238640302,0.14356839323951093,0.009499570219586409,0.15259113160758264,0.00984576768187526,0.15815933781031077,0.010264205764803871,0.12860854886456963,0.010479746952804089,0.14155881249499638,0.01027309491808258,0.14823934938664843,0.01055344743198998,0.15213679566907468,0.010864491074251902,0.283101993931588,0.024096702215901128,0.2709466276402545,0.02449700821633267,0.2635533417885053,0.02514758511989986,0.26290566535684706,0.025858738694000266,0.2613970975760476,0.026462843078652196,0.2710997301031446,0.026149146116842926,0.26848763690212957,0.026956288054326958,0.26678567174659906,0.027226308605852394,0.2655647882488702,0.027203929080899206,0.2798692771787448,0.026193423519988088,0.278368468045567,0.027022793668619798,0.2772553182618795,0.027135158021884414,0.27647715548385854,0.02693229309466141,0.28817071159696656,0.02606260740717251,0.28778230141060956,0.026814882106305934,0.287331958559074,0.02690909306526989,0.2866002339036209,0.02667471224289331,0.29613433768311387,0.02580333439819911,0.29741492408805387,0.02637330792939658,0.296880077960077,0.02649580178290903,0.29578633617175953,0.026416219245931422
0.34159739050937843,0.02532420111910587,0.3630908483876619,0.021983026288054347,0.37531756142794054,0.02215514979531937,0.38733887904121517,0.022412182806958884,0.3376506064166489,0.02186909527235835,0.3316232232713855,0.021913121679148256,0.3257022822649274,0.022012592133972088,0.4131227176975309,0.02495458900474298,0.32663014628871756,0.024473881322519406,0.3636333562512727,0.029866820562750123,0.3313829635917097,0.0295816628533452,0.5096175167022504,0.045378788247221094,0.2586060850777845,0.04638596787358301,0.5694367201265937,0.07112963837668163,0.1634691311305426,0.071004784974989,0.5667951194025486,0.10026982356368369,0.25229652295493743,0.047845110299904105,0.5684834899045598,0.10923504113426093,0.2800934925127425,0.0429519795321141,0.5505848173086322,0.1081320853895152,0.2915040578280672,0.04080917069995528,0.5430931355511549,0.1061559366407436,0.2881265177088886,0.04229011774243875,0.2509951981708644,0.054209461475589096,0.2761687411664624,0.05197201873534678,0.2935649529840354,0.04880062721897236,0.3085913545581164,0.046864366595531566,0.3229883045395925,0.045401208586123475,0.2758301903225745,0.04252143317528556,0.28460230571075557,0.03879707802079609,0.29629404540175325,0.03669546014759186,0.30834922266578896,0.035397815549511706,0.26723182540121204,0.0429885971881085,0.2738782716420498,0.03792152920802584,0.2882259961299042,0.03576589951142205,0.3021392759551272,0.034932436240282985,0.2620569154727171,0.04462799467744578,0.2872204581129318,0.04308687635328319,0.3026872178018001,0.044356916048519754,0.3105314463343294,0.04584043752593789,0.261755192421599,0.04719250666012378,0.28574399011848217,0.04631709616188208,0.2950727919563311,0.04759597460166901,0.2979196739480723,0.04894933764596071,0.5696475952003831,0.10068012691999478,0.5438423402578813,0.10229227644720731,0.5285914786523556,0.10517410872893757,0.5262499342535313,0.10839559687520174,0.5230583139834071,0.11101338226016719,0.5436040669501652,0.10960121769420494,0.5377836774622181,0.11327675228187453,0.5343136454716753,0.11426142679591335,0.5321380887067236,0.1139812461786568,0.56162840611237,0.10991487042737108,0.5572965170099388,0.11352989463967865,0.5542168185254053,0.11324736713719571,0.5530705677453575,0.11197899613981974,0.5787716637352145,0.10938415311955797,0.5767446053981458,0.11269605434990532,0.5747134829897113,0.11246544387497823,0.5735631224745745,0.1112426006662908,0.5948695874063081,0.10832834032025357,0.5967758651954832,0.11083224376887187,0.5941407030564109,0.11097120971423578,0.5917369190028496,0.11040431646456784
0.24813997367021087,0.02153500097192039,0.2629925511982685,0.01879348433117438,0.2718503923079473,0.01899205808336186,0.28052724441171734,0.019246240314828737,0.24430309923795793,0.01862514496731047,0.23988156986582923,0.0187136971676743,0.23556815821889482,0.01884378927238648,0.2988773626317108,0.021422557905971945,0.23612803824465636,0.020973597290731883,0.26461826454583126,0.02539206427025086,0.2402053449600827,0.025174665260473572,0.36920729872281116,0.0390455145449091,0.18795511715972418,0.03993173115085577,0.41202086083673667,0.06126023184535134,0.11729543522006883,0.061811262542895935,0.4102485295474462,0.08621858221291015,0.1814004181325368,0.0445684510021057,0.4114588336517519,0.09391699391204174,0.20118183269073434,0.04150341662046384,0.3981899181837006,0.09300554520566638,0.2093537885614669,0.039210760817830724,0.3927578035482453,0.09130408423184579,0.20652621109700664,0.04006217055672214,0.18220129200619162,0.049129938899469074,0.19755554502845188,0.047366600756475516,0.21155046457970497,0.044640044928432356,0.22384945867679573,0.04337691254943546,0.2344256217629961,0.042883967490231364,0.202640579633777,0.03927730448648983,0.21099631581740852,0.03608415243597922,0.2210050342707378,0.03579310255602284,0.2289277710220912,0.03630848595609486,0.19899628886723825,0.0400790712670321,0.2082478198788007,0.036981267774278355,0.2182426974134449,0.036495694709739436,0.22618546881201193,0.036759609048687254,0.19508702213594367,0.04152967335523695,0.2040682753511299,0.039150077136601985,0.2131301131036248,0.038573538032738074,0.22038533108569525,0.038484130051629664,0.19149115806819342,0.04359431155921275,0.19846678288618066,0.04215182211896323,0.20467643342619526,0.041705208185002576,0.2094194751170883,0.041697840027919215,0.41114990698935755,0.08673989467688518,0.3929610899768568,0.0883136332527639,0.38177531535396303,0.09067102906060341,0.38006994239921843,0.09335729027959694,0.37762746619974896,0.09564358337158203,0.3927324340361924,0.09430407543931792,0.3885334494592466,0.0973617378262946,0.38593565106489064,0.09841859250761191,0.38409005209625985,0.09841874601088449,0.4053031924245062,0.09454016347253061,0.40274080564072406,0.09766694070798194,0.4011340038109351,0.09791115673947721,0.4002363921559691,0.09709531754642209,0.41734165352477226,0.0941299183014236,0.4165372285800944,0.09696254489081264,0.4160660757800804,0.09696219950844936,0.4154183273922606,0.0958920284182366,0.4289702384459334,0.09322988256336383,0.43066656029872163,0.09536612620641173,0.4295958545771446,0.09559737121137482,0.42807596314606816,0.09514401464616654
0.3302755283609991,0.16540810811781542,0.3499313073086876,0.14447407848035856,0.36165400244403273,0.1460188830443637,0.37308453133812586,0.14804447096877882,0.32499550215907336,0.14355572940906158,0.3189116836146497,0.14444790441092914,0.31295268355244,0.14569750466606593,0.3976257922767483,0.16486336679308208,0.3131915068712878,0.16222864903621076,0.3526956443653897,0.19478114469875343,0.3198194803695154,0.19371483716124333,0.49131420655063046,0.30292730729200584,0.24850287235818438,0.3091151364160179,0.5481501123087904,0.4768889023586175,0.15505103954979801,0.4815989580720412,0.5457780995886826,0.6684691053447598,0.2404920709629728,0.3742363399270459,0.5474152679463427,0.7269974126243949,0.26755781262859124,0.35463423341198974,0.5295633897046282,0.7201676878305864,0.27807588522947935,0.3378404872607514,0.5224218559571647,0.707296637439215,0.2741387511643364,0.3435216113424341,,,,,,,,,,,,,,,,,,,,,,,,,,,,,,,,,,,,,,,,,,,0.545413292903036,0.6719920192886336,0.5213475686224838,0.6818496221947475,0.5065119502131601,0.7015632246039699,0.5041048590817804,0.7233195030566734,0.5000889084860477,0.7403281645959211,0.5200942846829164,0.7305345790394271,0.514539543529557,0.7557946493705335,0.5109964921173629,0.7637711042396281,0.508441526580571,0.7623117699636011,0.5372446386571006,0.7325698319208465,0.5340336892463596,0.7569814051356563,0.5309532508670302,0.7597107533624897,0.5289815628229294,0.7536496524611944,0.5533239581818598,0.7292378417051987,0.552931501971539,0.7506598997092377,0.551552454454717,0.7524435370894149,0.5500377967890556,0.7454355376355335,0.5685112398620802,0.722116535105608,0.571286522438089,0.7383986769275563,0.5696896195249466,0.7416968175242029,0.5672555382375254,0.7393832851434158
0.1540388987889648,0.15742820924179943,0.1625379728005981,0.13835339185234188,0.16777018649784403,0.1402508023613394,0.17297020499682286,0.1425172465749146,0.15106571653431608,0.1362084617210893,0.14810104904896546,0.13672176910568556,0.14519008775800346,0.13770515359538338,0.18416751365879594,0.15951544141760254,0.14482121287801616,0.1551318075817945,0.16392043115124327,0.18570276984618966,0.1484934617660914,0.18377833861304574,0.22701601238482666,0.2937548884304913,0.1087727963198558,0.2985353828540815,0.25367007175423345,0.4624631343368472,0.07182782853579817,0.46670822398022865,0.25190928672227486,0.6491974710721582,0.11143556634496114,0.4187674419430238,0.25342346936877214,0.705034753832569,0.12414946134428598,0.41105748066760084,0.2450530233732462,0.6986566536954381,0.12890336093175023,0.3899858072910407,0.24158378451106782,0.6865160134448834,0.12703428758977078,0.3913423138633969,0.10884886906134807,0.43392216695512464,0.1141721989381883,0.41777960918280854,0.12300342024836276,0.40229654710287044,0.13067908755050348,0.39650993738328133,0.13719806010996757,0.3968105483377963,0.1227757214655537,0.3881210174325044,0.1313565515216318,0.38171953868268627,0.13846748387966737,0.38251144600036974,0.14390026317143273,0.3860249750898512,0.12272094583243744,0.39845836624410347,0.13233611665562023,0.3938106865253478,0.13933452368924737,0.39583305168836264,0.14473294853502888,0.40034708175183065,0.12204185224039078,0.4131933415094489,0.13140697810392238,0.40993553758977896,0.13776751076960503,0.41230714237335375,0.14268268171719628,0.4163018620463816,0.12058195634073428,0.4297272031303248,0.128087246775867,0.4294849235419479,0.13316044002687938,0.4309127751909527,0.13711575406846283,0.43331366082317624,0.2519526142684401,0.6536377375818031,0.24072293726097735,0.6627518839795944,0.23359210315747708,0.6814603020771108,0.23252409034814808,0.7030981294436702,0.2302571246887049,0.7194109307342361,0.2396613003434912,0.7088124727619728,0.23705274576931146,0.7332427775232647,0.2351094228242421,0.741558653705092,0.23343242067774544,0.7421117939845806,0.24764556692190368,0.7111454394935449,0.24587268195462672,0.7340544645292685,0.24421662043693018,0.7373542463027535,0.24287617575058487,0.7327966260673541,0.2551911802896335,0.7084039804506369,0.2549005373988552,0.7283401787937558,0.25435098848468246,0.7312716034604441,0.2535852703556976,0.7260266174623696,0.26236548453112934,0.7018986799306837,0.2635053228824323,0.7163035906444958,0.2629085353318904,0.719943226043792,0.26189403519946597,0.7185845601168156
0.00955438619319673,0.11654632570679904,0.01006394071891689,0.10488341334004528,0.010374990113776234,0.1071901787997795,0.010686575830978047,0.10959504664561252,0.009341775471090186,0.10229874398472495,0.009151737960464444,0.10316137661740825,0.008964053368092037,0.10453835575568392,0.011347871942961295,0.12487278271926473,0.008912590259763577,0.1207351616545765,0.010180992599702532,0.1383745597425859,0.009173061634978934,0.13735726292082556,0.013976814919442583,0.23191007586052353,0.006622328256136669,0.235124548940734,0.015620605889731751,0.3621519364672989,0.004369416869538964,0.3639041175836321,0.015512499614707452,0.5104361852640558,0.006865619125342809,0.3681993708310645,0.015595636477843662,0.5546603784143509,0.0077577082277586855,0.3823268847482586,0.015037147399774565,0.549041218739829,0.008032390576855484,0.36644363265361873,0.014827175007226412,0.5383786901622206,0.007857999251245184,0.3617888670129725,,,,,,,,,,,,,,,,,,,,,,,,,,,,,,,,,,,,,,,,,,,0.015452215728858762,0.5124063893045064,0.014749451549722374,0.519908752289082,0.014311176458787909,0.5362520207456964,0.014216418650953947,0.5540320700145144,0.01407364525244557,0.5668962608257341,0.0146701511163482,0.5577929937760914,0.014499229263107719,0.5776189649085338,0.014368423066528725,0.5843610230726235,0.014261353054088939,0.5845326229507557,0.01517411848054278,0.5603254853496137,0.015040379133936436,0.578842865808547,0.01491129418707409,0.5813047146015021,0.014812252073276312,0.5777164782271872,0.01565519648534942,0.5584744541846548,0.015592630563615461,0.5752393136806518,0.01549266760631038,0.5771461250014017,0.01539533921489813,0.5731321741155866,0.016106335785172014,0.5536213087535511,0.01615560593103349,0.5656128188008555,0.016059613640895462,0.5679376867563155,0.015947175386810238,0.566362837597487
0.4420472145422169,0.14418425794101866,0.4645649965602392,0.13075362341637065,0.4786265556954794,0.133728536102234,0.4927537992125678,0.13705067103483384,0.4308756529219727,0.12828138811389725,0.42184928153470636,0.1298391512422173,0.4129288294555979,0.13210389793399513,0.5216805784323476,0.1590823302933595,0.4092850323254829,0.15422808232998741,0.4720500762897203,0.17213696870541118,0.42323459079909004,0.17215967102159416,0.6413546976447612,0.30047932163091867,0.3035995824713488,0.3042460289231895,0.7171924034973799,0.46682007223831146,0.19914227780339833,0.4651352318685667,0.7121766991377909,0.658997026590139,0.315352388904551,0.5234014302999604,0.7162143719863511,0.7176700775121969,0.3509347339468479,0.5647588908421902,0.6888728373345445,0.710194797282532,0.3690187481361701,0.5413229437388425,0.678349328950744,0.695534556623692,0.36155542869992957,0.5313455397568457,0.30050094553546697,0.5090266991317213,0.3336505474366251,0.5089226321836371,0.36878019191477607,0.5194246532551023,0.39273980231644673,0.5297585481297191,0.4075544405272946,0.5417265404709843,0.3764100424428632,0.5173368027763731,0.3977862016592161,0.5426523491376503,0.39849593307782527,0.5567149381239523,0.3955703697325525,0.5624495314593086,0.35826089148172147,0.5225849681897934,0.3760669791707534,0.5480160793130355,0.37961609740908636,0.5625411033341449,0.38058732702712866,0.5705501519745304,0.3358176708923263,0.5296184038574682,0.3511355050762705,0.5525216384717782,0.35611402959707744,0.5664643216847521,0.3596555389381713,0.5749169160942835,0.3114483617245427,0.5386070545080333,0.3170439851043889,0.5592131901634468,0.32105762075485283,0.5708724427370866,0.32430886795922337,0.5780124678324216,0.7051670601994318,0.665521508006642,0.6734070043349837,0.6743488959512975,0.6525360297807783,0.6938863802012712,0.6479759369649608,0.7161262613494389,0.641361845396713,0.7331219074593394,0.6685524126101166,0.7231538307855419,0.6610091132881242,0.7469030346548252,0.655472199467657,0.7550620828365023,0.6509149311667238,0.7557382246874712,0.6915458083487435,0.7262372394243262,0.6856505846401078,0.7479901646897164,0.6804874290749309,0.7515959025876563,0.6766622289174564,0.748589752218673,0.713721996995259,0.7237420964875647,0.7119465876394692,0.7435578747633059,0.7094290225870626,0.7462705375667507,0.7066545419665148,0.7419605585686128,0.7347526431051636,0.7175093427671287,0.7365148521771068,0.732021695728043,0.7333655180812115,0.7345195371313274,0.7294598480711175,0.7325295353952161
0.05255243893787721,0.012119126295347128,0.05537452912580063,0.011120469173611732,0.05702175164429107,0.011433648803029304,0.05863754340879302,0.011783976839285837,0.051400926064810684,0.010755941079430412,0.05031821912292012,0.010824927883926404,0.04930392249941662,0.010949153615975721,0.06197000137806076,0.013960812839232197,0.048688369462591294,0.013278234818001479,0.05595483169895137,0.01480808055569616,0.050216116918828616,0.014662018879325842,0.07618297059728873,0.027074168951662477,0.03598129350346802,0.027230845396109492,0.08490029840108812,0.042128679610898584,0.02361075954610333,0.04152772649165693,0.08406650352298335,0.05934000036226033,0.036772877179086304,0.049551160209843424,0.08429966269476905,0.06462542769968302,0.039774824536398926,0.05414350763913276,0.08087263280621954,0.06377883464511983,0.04334153302307696,0.05252329527131858,0.07965659412309851,0.06237984837730797,0.042733592121983216,0.0511092354290548,,,,,,,,,,,,,,,,,,,,,,,,,,,,,,,,,,,,,,,,,,,0.08297736787327288,0.05948391598375178,0.07924613903368635,0.06023276444215628,0.07667860521270095,0.06201967867775985,0.07609912114876866,0.06408395508373846,0.07527556445680467,0.06560704238927945,0.07862510198509741,0.06456718101386981,0.07753113713099807,0.06669594669710133,0.07676789092661357,0.0674914177055348,0.07613751605202414,0.06765389834244319,0.08129556334030293,0.06491697614597905,0.08046826878957468,0.0668806623001553,0.07972605145119417,0.06721798274995949,0.07915928156378847,0.06695388280496431,0.08388901661987258,0.06473598299652537,0.08360439368097682,0.0665793010671471,0.0832062025880211,0.06664639448683406,0.082813406834997,0.06606955068625603,0.08636289252353681,0.0642114425566893,0.0865087713289951,0.06554648032682628,0.08604370803289199,0.06561191465576896,0.08553044136473233,0.06525099416515619
0.1340245934679146,0.025994057743453206,0.14137077413333082,0.023743402659192038,0.14549502100249742,0.024412674035463943,0.14946373550502687,0.025176121148216754,0.13140428261386347,0.023014889794071704,0.12862425315003861,0.023183881770267745,0.1260723869379119,0.023478057538908366,0.15792819778679085,0.030007094257384757,0.12443877272443335,0.028676826796742605,0.14246054076019757,0.031898941428710574,0.12799135039111156,0.03171094428454565,0.1946555042382992,0.05914714594876998,0.09169928321825568,0.05949860582540522,0.215949302313231,0.09178087957752971,0.061554900435609176,0.09008734223285261,0.21333223298078047,0.1292368681125597,0.08935679850031793,0.11295862599453155,0.21361278927546115,0.1407904214730365,0.09542830713291381,0.12575237586398202,0.20417268099494476,0.13884613935475099,0.10623381538238641,0.12227439869328274,0.2012220989587774,0.13576877089380449,0.10617059704400517,0.11882491641583046,0.08634382150692455,0.11515130402940094,0.09707324933765427,0.11546805111390177,0.10759662386749616,0.12073825762917431,0.11304069005829967,0.12666792718527248,0.11641462001580402,0.13143960451327638,0.10085645173232627,0.12180534737592347,0.10697180757823045,0.12809828395856626,0.11100699060791178,0.13137238491151723,0.11436976591755532,0.13381294451471692,0.09420779624576722,0.12356060079604665,0.10123345629537912,0.12956875989563743,0.10607303071069592,0.1317773141465999,0.10994120604058724,0.13315333288439585,0.08749360828642225,0.12495914798734833,0.09413226185873781,0.13054300406763916,0.09821540900750356,0.1312968214380893,0.10078796375455158,0.13116583408285043,0.08131193992242718,0.12626036905911608,0.08714693015139188,0.13045771369723844,0.09101715960058625,0.1305572000794373,0.09322346574261968,0.12995116067721435,0.20994134137147846,0.12973220834065627,0.20031840780582166,0.13127592746903374,0.19376491784646666,0.13511290829075376,0.19198445577074605,0.13958605789239392,0.18971277316498766,0.14276514157797135,0.1980517348243551,0.140413575652598,0.19527066530012363,0.14544578751596968,0.19345596790268574,0.14713658738494173,0.1920475007657262,0.14713761608144885,0.2048523951393389,0.14119133879174145,0.20277589720321937,0.14573039354960388,0.2009866639514031,0.14650656792414188,0.19975339498993552,0.14565423571819405,0.21145932686925312,0.1408397646154943,0.2107082299122859,0.14495847112062857,0.20989883756952868,0.14519535706629397,0.20919723015357558,0.1437970384742161,0.2176885953311903,0.13975530132773614,0.21826818632710898,0.14266658102262889,0.21730536774003797,0.14297577290278302,0.21613966803631926,0.1422369059215696
0.1552128244513764,0.05994724161773373,0.16336393766475008,0.05514233446387153,0.16812915155122535,0.05673826231638472,0.17264153729227044,0.0585299870815652,0.1518912262773515,0.05337034254137463,0.14857639717042753,0.05374166298961326,0.14566049440976492,0.05441870903416017,0.18210822218592285,0.06978759051570044,0.14326639799696345,0.06664104627561197,0.1647525434916879,0.07370796648983904,0.14776803697168334,0.07325387087060042,0.22401949430710416,0.13824224986356157,0.10556178705013397,0.14004791507796963,0.24848411904878379,0.21461930854902472,0.07253649561254596,0.21471340157636265,0.24498338484127302,0.3018166649824896,0.10032224997721405,0.2789642847596605,0.2445971990955345,0.3288425581160538,0.10727930573548344,0.3096956814285509,0.23351516954999008,0.32418347179814017,0.11892993691750733,0.3005600092261732,0.2305089660385169,0.31688332099487326,0.1192764154552001,0.2912306788923524,0.09598630859348802,0.2813415150656639,0.10911556721647263,0.2833725364171785,0.12039996096390528,0.2914200661346113,0.12636228287180723,0.302496483768374,0.12886321889008856,0.31221043436628343,0.11471991613253249,0.2962139523923991,0.12372530754622173,0.3094023781138306,0.12931547033196547,0.3174924298717029,0.13367404173383457,0.3237155158088461,0.10707429970328336,0.30245641748921537,0.1160966686151654,0.31632220623525037,0.12301887215166026,0.3236757965394337,0.12842385758629932,0.32859743576994194,0.09998176291128516,0.30668502487042576,0.10818004027260374,0.32041387823199446,0.11385767256459739,0.32307007768089396,0.11728819390083871,0.32268761955445485,0.09380537299475493,0.3090609739096739,0.10103615228084564,0.320322080807593,0.10559197369988606,0.32087468048190504,0.10774811597037164,0.3186847553596833,0.2401318080265275,0.30300528013549133,0.228864072763816,0.306614982287806,0.22143115856676981,0.31531280826963787,0.21939501520746846,0.32548104801145206,0.21678947267800855,0.33303558365174885,0.22665594126662728,0.3275370540646938,0.22303144977046976,0.33896349776015366,0.22068554433022497,0.34307756523205707,0.21891747197879463,0.3434352522012282,0.23437395381559228,0.32940303224229905,0.2316988065342932,0.33982210664450885,0.22944399937853802,0.3418144497558497,0.22790087140128404,0.340109270556027,0.24193850094636588,0.32861179663482354,0.24081481586926684,0.33811081473454146,0.23961823621390255,0.3392763670859488,0.23862819784307052,0.33670465116372295,0.2491182181386553,0.3261577970957354,0.2493855913045572,0.33302319807311487,0.2481234543807749,0.33427966697802947,0.2466603788465557,0.33316656648441473
0.19426278443571357,0.034654398465391235,0.20384901247332526,0.032318042962357414,0.20977060712192452,0.03325039145795633,0.2153455352311802,0.034279473517639325,0.18947966649012926,0.031321868454342615,0.18527025020147359,0.03158591978217885,0.1816048997162993,0.03203102363510861,0.22645518460972058,0.04104439338025259,0.17770066966314266,0.03933442838167088,0.20657802082703594,0.04277127844007708,0.18470515369848708,0.04252779482389571,0.2780776762006837,0.08167714921475444,0.13029841262189754,0.08293593881284882,0.3084724893891262,0.1265002880676601,0.09297922616674276,0.12728324619462825,0.3014527114235714,0.17790068756440489,0.12281084068428226,0.17054183026829292,0.30059543532581445,0.19390168255964757,0.13089068459667252,0.18808604502601886,0.28704513679671295,0.19109644658273994,0.1443934075045538,0.18240734194151764,0.28372485793010854,0.18659224758195636,0.1453863013229876,0.1772669014192305,0.11708602711347439,0.17212850704388433,0.13439329134428912,0.1734058378811824,0.14733917671877203,0.1785694313430864,0.15388677158920674,0.1855392374077577,0.15859800682642972,0.1910682254945462,0.1393601837269362,0.18344975937039873,0.15037356912761257,0.19143107030555037,0.15719734493017246,0.19597457106719274,0.16315124599723546,0.1991573998526715,0.13021202726184927,0.1868041811862669,0.14112658939318745,0.19514710924425813,0.14961744067985636,0.1982446137022978,0.15620234927816082,0.1994339917003172,0.12218981068067199,0.18850166468850862,0.13161925429710547,0.19607517853832182,0.13929171340720709,0.19702953295078124,0.14445724142668478,0.19627916364874623,0.11567582042002847,0.18903909305235442,0.12444267954664553,0.19443161887777102,0.1308693324402673,0.19492791968810302,0.13497721780338748,0.19400376955241092,0.2967402274499287,0.17923302827523177,0.2827073479313604,0.18116005798506835,0.27318104687817035,0.18620941348929793,0.27052917581676555,0.19193749167344432,0.26730753476359537,0.19629721696060248,0.27978139777140826,0.19332696710270028,0.27521329740083467,0.1997139518206196,0.2722195198349537,0.20215771233101434,0.2699197182615602,0.20251319101303095,0.28923378846502074,0.19426296915105823,0.2863837515884086,0.20012078879085496,0.2835455838896477,0.20155019556464385,0.2813069085821879,0.200888156852092,0.29852052994524736,0.1937859650803389,0.2971899703806738,0.19914214818816522,0.2959128962987922,0.2001154373296247,0.29459991795391066,0.19896115862143912,0.3074817592229048,0.19235035690735966,0.30782648465712065,0.1962785340650721,0.30645032766763536,0.19729897902372534,0.30469799192262853,0.19695903531886835
0.13899370092977073,0.011748156052283205,0.14583836906280043,0.010906899298011412,0.1500261704379318,0.011225970535511621,0.15396743628026294,0.011578552580843334,0.13571942682495422,0.010549027645379305,0.13276162741117917,0.01062178448372231,0.1301993639616442,0.010741570679326424,0.16174723158020574,0.013857970214741978,0.12718466833618378,0.013217402423249274,0.14736188589052301,0.014489609760089485,0.13205583356996353,0.01438403942561183,0.19846924581124092,0.027569122447871647,0.09266646170729384,0.028111572506660087,0.22048176578168935,0.04250409655535664,0.06770844790602602,0.043167674304632656,0.21392541123166683,0.05995016313490189,0.08604302914641271,0.059062146650558436,0.21345706613110116,0.06544836890503697,0.09199254669956945,0.06472375446677607,0.20362849502978111,0.06449369207890013,0.10059931956150366,0.06290715256767278,0.20126382736368112,0.06295075513602365,0.10115332246951123,0.06107352829388979,0.08264388008746884,0.05991339820581842,0.09482057011971917,0.06014007630759231,0.10340237858767007,0.061798812151379674,0.10767126346671187,0.0640094044566928,0.11103404769565103,0.06570045837325686,0.09827400150261614,0.06366856912497432,0.10621870132793727,0.06636865033364689,0.11083457980343484,0.06773220417456176,0.11465123561269255,0.06867265318565735,0.09175262536241602,0.06471785720213985,0.09976577195737446,0.06758603170434882,0.10561167888633373,0.06861029625319309,0.11005587968817383,0.06900470637463378,0.08580256030574779,0.06513980383043598,0.09257046314804634,0.06747538095607983,0.09631311767623572,0.06727824230599727,0.09826215953150486,0.06667711977692946,0.08111480874831523,0.06514139237289204,0.08676146855260326,0.06676378831567782,0.09007529537077359,0.06651263390923809,0.09155121471580424,0.06586799381743579,0.21177352815609463,0.06041851751688937,0.2012398431775974,0.06109757957047374,0.19450281246878512,0.06288548144834742,0.1926241689682507,0.06488870255250649,0.19013057305589798,0.06628771967400404,0.1996478265960267,0.06527446866533175,0.1958306497753629,0.06750117484779952,0.19361748162931167,0.06829724181947713,0.19214697550448326,0.06839778221224817,0.2065398537827998,0.06564202763769905,0.20372146465831184,0.06769875446451704,0.20161777955315383,0.06803251307867204,0.2002895713571005,0.0677448965756572,0.21309546655387127,0.06551164496072832,0.21141807474731625,0.06743602335569683,0.20989585603275798,0.06761251095385055,0.2086841954390364,0.06719063870546876,0.21916429571902257,0.06508905016460731,0.21901117134984296,0.06657581964646204,0.21768054354149696,0.06674778069554364,0.21634152656644273,0.06648476269276817
0.2996122280627907,0.05763474463999516,0.313420597241681,0.0544281279941947,0.32172043756944185,0.05607479472540531,0.3298632097127565,0.057953256500486286,0.29222470671778733,0.052737569429501835,0.2856773521599016,0.05317523304096412,0.2798863984614544,0.053812907607753556,0.34558771270389294,0.06999437361617089,0.2719880425878746,0.06662793071132475,0.3164737078791839,0.07156244903872483,0.2834388618697222,0.07126034251842542,0.4236364037174548,0.13920094199610872,0.1976688112754123,0.14258732627970735,0.47298002147762425,0.21237932039859295,0.14867802661304852,0.22139507807090614,0.45573329003705937,0.3023652482821403,0.17955097451806035,0.3034213361859503,0.45431886567821594,0.33061493544374915,0.19067065160910096,0.332483359431948,0.43348085155297295,0.325675431771661,0.2088040801787848,0.32432902637933764,0.42852702923440583,0.31770188623893836,0.2107467219573413,0.31491854749933595,0.17211405710496802,0.30729436526031567,0.19865616703335837,0.3082656955946771,0.21718712083039168,0.3167068302264919,0.22602175843579045,0.32762625149710084,0.23228961043282934,0.3363046697487683,0.2067089327533689,0.32776041966989167,0.22157281295209136,0.3412166902824413,0.2312620779492735,0.34764793254462484,0.23958446701651315,0.35168564573746286,0.19185709991629107,0.33255917961361114,0.2072812107116789,0.34584099671082963,0.21834138627947955,0.3501734021495655,0.2266432627810395,0.3517558834066354,0.17880854407329888,0.3341014292061455,0.19299430298308104,0.3450225681729054,0.20291116696269443,0.34666726223744265,0.20924261168403255,0.34623271195025396,0.16842498151755037,0.3337515828104007,0.1804990208096074,0.3419059427020134,0.18959715438737687,0.3429431627871653,0.1953129958967911,0.3419447250604217,0.45317555409002874,0.30573923294664923,0.43041467546692586,0.30892856527493073,0.41540762208458987,0.3175725759255744,0.4111920258889583,0.32746870655325566,0.40644857048937466,0.33467978286797173,0.42576778749511,0.3300567647116966,0.41757701443982803,0.3411289535837309,0.4130622892303418,0.34508851160170056,0.4102316305803891,0.3455657895806442,0.44058276181573214,0.33200084784754447,0.43438185845906885,0.34234411625452055,0.4300945436974028,0.3439546711080576,0.42766987547883467,0.3422561111657866,0.45485030703977763,0.3314208570065743,0.4507052982025144,0.34102551606864073,0.44748633366769147,0.3418756683073529,0.44514243367648715,0.3395919912746612,0.4681659787196722,0.3293892787230373,0.4671674994196756,0.3366757189563765,0.46424362925803137,0.337480620637112,0.4615359705883124,0.3360927758251469
0.07917481221202129,0.014780429665861572,0.08284963424380769,0.01410165305436193,0.08485841354540684,0.014529173851536941,0.0868960157158116,0.01502775469241793,0.07721768909604261,0.013676009387495112,0.07534175549205728,0.01379229708574962,0.07364934195841812,0.013955494689876342,0.0906274079313921,0.018172512495969247,0.07118819360205729,0.01730601586247593,0.08336994573717293,0.018372631365641063,0.07455351762236737,0.01824743516349376,0.11081384600710613,0.03618390638827881,0.05139275387499864,0.037262938217057916,0.12406828052667544,0.0551364416824265,0.03931177570544086,0.05918319205934925,0.11901435181468409,0.07863677083553644,0.04633896824126737,0.08012032599352481,0.11862562298325752,0.0861141813425319,0.04828890784184362,0.08791819794955927,0.11325044904126429,0.08479348559061194,0.05329831948001898,0.08611783073553331,0.11194535822511648,0.0826861918410541,0.05394474212530826,0.08369324253890896,0.044515312473273866,0.08038330600720453,0.05114940735700837,0.08093531515012571,0.05565157202708333,0.0831209310257271,0.057818240655542655,0.08572927524849877,0.059302924290484206,0.08782930516792546,0.052720031688924404,0.08631169599976497,0.05657961709179971,0.0896736888155469,0.05906631725191682,0.09116466860067607,0.06119619996633734,0.09206834779485513,0.04890593530528699,0.08743336700079613,0.053163899921544334,0.09075839048670942,0.05608847876229061,0.09173646975813168,0.05814476497996802,0.09197817562831853,0.045566700865641775,0.08762788244424069,0.04945701849203474,0.09029951077706735,0.05227947892495175,0.09103216487355803,0.05405551430100555,0.09119759004060635,0.042987221854465185,0.0872983674244415,0.04614349866933832,0.08929062140036313,0.048790994125115075,0.08980052969145585,0.05048363954421022,0.0898537045634265,0.11809976597388105,0.07950211742085211,0.11239405164871413,0.08046710222275018,0.10870264240622515,0.0827347105909195,0.10765813163780709,0.08522487600277981,0.10643066817835005,0.08714878425842994,0.11145026797538943,0.08585016663505102,0.10951769511534651,0.08860041072324319,0.10828176536987946,0.08971309107408314,0.10742171701483083,0.08996509494406131,0.11530113547186632,0.08631166104389332,0.11388184846924561,0.08891646074127857,0.11275648368268541,0.08951548553158374,0.11199034400357755,0.08920988032800065,0.11905110812632426,0.08611811737368093,0.11815583291689834,0.08860127762886039,0.11733486959551592,0.08908717822729635,0.11658191285126746,0.08872180547434737,0.12256930386692563,0.08550898334529142,0.1226596207851652,0.08740269671900079,0.12195046572343234,0.08778930865957099,0.12112598958407841,0.08757958042077958
0.33416974503742325,0.05171219588008414,0.3499001611152323,0.05045445490398947,0.35832536312351077,0.052112253942160694,0.36696460394049896,0.05403408075607279,0.3267172934174157,0.04867027509987595,0.31910821584946675,0.049050195584831334,0.31192650812617956,0.04956784883898313,0.38294694548640823,0.06597300227131868,0.30082232377893103,0.06261216134820748,0.35143569493021676,0.06478209645260313,0.31535670798021587,0.06364473626087633,0.46853873776609606,0.1315134341399595,0.2164042477170495,0.13563683492352024,0.5255791018955052,0.20013988300066549,0.1685980594497095,0.21698822511964042,0.5024088700231006,0.2862069601445323,0.1925376923520031,0.2922096351993092,0.49997342396336564,0.31339047857140967,0.19802715704498125,0.3207246985048029,0.4784867753134094,0.3082118560416037,0.2193793288709475,0.3143181030387729,0.4729481620474529,0.30053210831806076,0.2229797064395532,0.30536578749213183,0.18411727821826301,0.2932292191513431,0.2117613833266797,0.2956589925260817,0.2295914281074734,0.30378842441658155,0.23798319826136669,0.3132406854898585,0.24474257381668027,0.3207106974890379,0.21700808196371799,0.31610792072922556,0.2321869348947098,0.32797951158834926,0.2417577087452474,0.33288403437757974,0.24994703507355204,0.33603614327890946,0.20111202624372804,0.319409517789803,0.21804430291489058,0.3313118803913794,0.2300931140917086,0.33476316889274016,0.23843015675794405,0.33573122097549746,0.18794339366292875,0.3195456401880845,0.20330345723677398,0.3299828257115742,0.215250432403846,0.33299220556471515,0.22272174408616555,0.33378530847588983,0.17794400095698024,0.3180511651586783,0.19023122746896198,0.3258779616630417,0.20075453855048028,0.3281848513495053,0.20760361389442744,0.32879848207493,0.5005911430461953,0.29005777309393865,0.4775615914178348,0.29348603996139183,0.46148811372093046,0.30155362344468295,0.45752196335444106,0.3106603059074263,0.4522210784677362,0.3176475750799206,0.47240017939811646,0.3126973139451783,0.46476501832235645,0.3224601892048643,0.4600528754691014,0.3263516076410084,0.4565518983392809,0.3271512663817064,0.4884079591296164,0.31408003495038395,0.48334093068884093,0.32327694900474535,0.4793100399318548,0.32571714055818385,0.4764498885837229,0.3248276313787471,0.5042356731447829,0.3133056847608692,0.5020128919819338,0.321832862385978,0.5005143288851236,0.3231436979581543,0.4991097746640316,0.3210952299238324,0.519689308440584,0.3111004866625935,0.5197558807135129,0.3173941338254013,0.5184120700485204,0.3186058188285848,0.5168928150069663,0.3178510598970642
