pose_0_x,pose_0_y,pose_1_x,pose_1_y,pose_2_x,pose_2_y,pose_3_x,pose_3_y,pose_4_x,pose_4_y,pose_5_x,pose_5_y,pose_6_x,pose_6_y,pose_7_x,pose_7_y,pose_8_x,pose_8_y,pose_9_x,pose_9_y,pose_10_x,pose_10_y,pose_11_x,pose_11_y,pose_12_x,pose_12_y,pose_13_x,pose_13_y,pose_15_x,pose_15_y,pose_17_x,pose_17_y,pose_19_x,pose_19_y,pose_21_x,pose_21_y,pose_14_x,pose_14_y,pose_16_x,pose_16_y,pose_18_x,pose_18_y,pose_20_x,pose_20_y,pose_22_x,pose_22_y,right_hand_0_x,right_hand_0_y,right_hand_1_x,right_hand_1_y,right_hand_2_x,right_hand_2_y,right_hand_3_x,right_hand_3_y,right_hand_4_x,right_hand_4_y,right_hand_5_x,right_hand_5_y,right_hand_6_x,right_hand_6_y,right_hand_7_x,right_hand_7_y,right_hand_8_x,right_hand_8_y,right_hand_9_x,right_hand_9_y,right_hand_10_x,right_hand_10_y,right_hand_11_x,right_hand_11_y,right_hand_12_x,right_hand_12_y,right_hand_13_x,right_hand_13_y,right_hand_14_x,right_hand_14_y,right_hand_15_x,right_hand_15_y,right_hand_16_x,right_hand_16_y,right_hand_17_x,right_hand_17_y,right_hand_18_x,right_hand_18_y,right_hand_19_x,right_hand_19_y,right_hand_20_x,right_hand_20_y,left_hand_0_x,left_hand_0_y,left_hand_1_x,left_hand_1_y,left_hand_2_x,left_hand_2_y,left_hand_3_x,left_hand_3_y,left_hand_4_x,left_hand_4_y,left_hand_5_x,left_hand_5_y,left_hand_6_x,left_hand_6_y,left_hand_7_x,left_hand_7_y,left_hand_8_x,left_hand_8_y,left_hand_9_x,left_hand_9_y,left_hand_10_x,left_hand_10_y,left_hand_11_x,left_hand_11_y,left_hand_12_x,left_hand_12_y,left_hand_13_x,left_hand_13_y,left_hand_14_x,left_hand_14_y,left_hand_15_x,left_hand_15_y,left_hand_16_x,left_hand_16_y,left_hand_17_x,left_hand_17_y,left_hand_18_x,left_hand_18_y,left_hand_19_x,left_hand_19_y,left_hand_20_x,left_hand_20_y
-0.04785362516082567,-0.10138476477234848,0.01590549835278293,-0.11786239454153652,0.0593623034659593,-0.11793059943524627,0.09176635340993612,-0.1179079072538238,-0.12003479375586179,-0.1150629391827084,-0.1635584411802953,-0.11343557093219243,-0.19302840652587125,-0.11203343028326063,0.14935203820213452,-0.10852943916502084,-0.23829994593488493,-0.10088643522715215,0.04877675537956898,-0.08162033681140837,-0.12541852847004623,-0.07971183194218376,0.49998423516445967,-0.003970464331823801,-0.49998423516445967,0.003970464331823886,0.6229758106179701,0.1390767861536597,-0.5730868973752576,0.14873210398979392,0.6870543301240302,0.2657802239986374,-0.5689907385227677,0.2730038846381839,0.713698054394007,0.31001596201325393,-0.5617836558128415,0.3116669979009548,0.6406189075839478,0.30967552795214054,-0.48976261589902625,0.31154101008826107,0.6154930895111063,0.2972701949624038,-0.4731131953540086,0.29878574517867085,0.6743625601370413,0.28310847686261603,0.570220171910108,0.28814208529601365,0.5171492717857487,0.30460957545924944,0.4871827266406897,0.32001176525027847,0.4674273781841804,0.33240949995302294,0.6053552815457417,0.3240215558512643,0.5580350597514898,0.341363362416364,0.5299159809619048,0.35078641910146885,0.5109629125144818,0.3579600747982429,0.656557870160859,0.32521453824880475,0.6139448630903077,0.3433352719101513,0.574342516410307,0.3530587176303298,0.5420664660469077,0.35990554430688854,0.6899469828258914,0.3237228610288305,0.6459606074425992,0.34023979139729205,0.6065129628128795,0.34854281950793614,0.5728041096073992,0.35482152021250274,0.7036167523000144,0.3212710272998922,0.6649934387511361,0.3352450471750636,0.6320179559555079,0.3423376373639962,0.6018576025626027,0.3471107477690286,-0.5770206018475524,0.28679318399580367,-0.4999610643117172,0.29488941548479713,-0.4481878180779403,0.31096035721068704,-0.40447578903659975,0.3258442719531655,-0.36898820680088207,0.33824616517784495,-0.5138381655425365,0.32562751541478213,-0.46243496385664823,0.34517570023510846,-0.42913017931367886,0.35607374871267095,-0.39883786403823956,0.3646050848115175,-0.5345382646045495,0.3262324520068647,-0.48712561781032443,0.3437390079162734,-0.44583946507303146,0.35399772215118086,-0.4075264169947059,0.36131913372608554,-0.5368981599673301,0.3252778915335904,-0.49120721950997615,0.34065179310750704,-0.4539266095021798,0.35055939460769064,-0.41883474064006554,0.35857625480148264,-0.5276264595273428,0.3242290198900155,-0.4921819457911466,0.3379742697189917,-0.4602262389271882,0.3458710461744419,-0.4284393605813542,0.35186137135174655
-0.04751149644104502,-0.023212648312046284,0.01666730487966057,-0.02689627028173966,0.060216337283160115,-0.02690567618672525,0.09263144118221148,-0.026904644760384153,-0.11979597086949,-0.026396257061007625,-0.16337070080148622,-0.026131684483762067,-0.19456155029762484,-0.02581271588777746,0.15149223383716962,-0.024758152778527828,-0.239265419283769,-0.02316103597235281,0.049634819408074196,-0.018629827686108113,-0.1258670550934987,-0.018116441085203435,0.4999990109102785,-0.0009945294078961538,-0.49999901091027865,0.000994529407896177,0.6241213504154889,0.03138891728773196,-0.5736032000236693,0.033890911455404744,0.6866731015090937,0.06066530933834057,-0.571639753626549,0.06218328761434405,0.7153199819173739,0.07069643449793701,-0.5634122328417432,0.07108985332254272,0.6399282623737536,0.07076523532318983,-0.49084155003383323,0.07109729600125406,0.6140620615087794,0.0677483367169854,-0.47466254131226887,0.06802293053879503,0.6800536596216263,0.06439207540305193,0.5726731736987121,0.06575550381844496,0.5175980236645796,0.06951331816017416,0.48522758862378773,0.07313172585530082,0.4629048872252138,0.07596029538822383,0.6069002120567337,0.07401826023698246,0.5597155830041679,0.07801187270519135,0.5318210020542947,0.08015073447627433,0.5127484343773361,0.0817864477249634,0.6604316132480869,0.07422051356586871,0.6159435000213345,0.07837433701881022,0.5760374803321721,0.08056866139723497,0.5432246683746416,0.08207309048175769,0.6957852036607429,0.07376970993028556,0.6551858681020714,0.07750920473370637,0.6170631534106011,0.07943510040686033,0.5830473866794822,0.08086411816094409,0.7131393137944712,0.07311977068634719,0.6792087455806501,0.07631668835133489,0.6481759617547613,0.07796454430103959,0.6174808675986486,0.07908486083953423,-0.5766684495134157,0.06532573893606942,-0.4993724396282077,0.06734889342488737,-0.4483198151369829,0.07100650704172966,-0.4058871592567,0.07443489787501675,-0.36745814382287934,0.07712599468572678,-0.5194177191220892,0.07453539161875056,-0.4641210356963188,0.07890441983361145,-0.42819278645848763,0.08136116017056855,-0.3986241581236923,0.08330940732136424,-0.5361575893380921,0.07465988946642266,-0.48374558283605423,0.07852647240412221,-0.44158197490513307,0.08071882769589576,-0.4056274245055856,0.08229824616371786,-0.5360685103215247,0.0744103428956463,-0.4893650631783943,0.07778961204943857,-0.4517328435946061,0.07981162962513054,-0.41941406231075906,0.0814248273056236,-0.527006251027161,0.07415481874039309,-0.4906583042349892,0.07716788466008002,-0.45774994576210826,0.07888731925370619,-0.4271668686849121,0.08020086414060247
-0.046286720058209614,-1.7819849856818835,0.01745675646180882,-2.0603167097802624,0.06047354959491564,-2.060168960779047,0.09242644840184694,-2.0594944349437103,-0.11751944998466525,-2.03023339642638,-0.1605653689383883,-2.0152591025159516,-0.1925836730968793,-1.9903986489922725,0.15220881331804256,-1.8927765277635913,-0.2362498357685816,-1.7816701770197187,0.04983938886765853,-1.4252605156832374,-0.12485353600758474,-1.3846133732849994,0.49343790035802515,-0.08074056285575182,-0.49343790035802515,0.08074056285575182,0.6172212753660048,2.3806095993089693,-0.5665718139670518,2.5947791864752223,0.6780710760588239,4.645562268453647,-0.5659257657939654,4.746580371284735,0.7072565109278934,5.413655884645187,-0.5565990307921532,5.426129672662705,0.630626306559851,5.426511395006269,-0.4851891613718906,5.430948355893837,0.6046697499447232,5.188826813306129,-0.46998556817337617,5.186754734608231,0.6758869801654706,4.930464556797573,0.5682231287674934,5.042440336314557,0.5128632897712011,5.330752976984411,0.48096285150666634,5.609179458041018,0.4576952383422417,5.825674407907254,0.6003686667739399,5.6727708077982335,0.552966989863364,5.982064704810918,0.525402551689065,6.147297487532008,0.506440790835642,6.274219717682597,0.6538240858853706,5.690183633856384,0.6085053309649542,6.012017783482876,0.5692667188430276,6.177408644162716,0.5369258164140842,6.292884593027643,0.6890789329874393,5.658976709557089,0.6475203044759498,5.95009972484581,0.6089166693087465,6.097664601166226,0.5747340271235193,6.20859491054695,0.7061882235190882,5.613366727607381,0.6715572821533798,5.861983837227253,0.6399332836950461,5.989166536741686,0.6090180135383765,6.0768513026545685,-0.5704036478056829,4.996395639978294,-0.493595196821997,5.155050224006968,-0.4431939862040284,5.435555070953013,-0.4014424630033693,5.699670107721665,-0.36333243384871683,5.910120372006257,-0.5106338018825594,5.708463194176986,-0.45975542175314815,6.038667392085104,-0.4254628338532553,6.225708645921786,-0.39581436656696034,6.3741420528450945,-0.5277852482072057,5.718370909875518,-0.4787044932870629,6.0130955877470615,-0.43842901898383785,6.18800884910099,-0.40225841179671773,6.316719336159905,-0.5285552940259572,5.701619137099402,-0.4837887374121971,5.9638552017674895,-0.4490033099687169,6.12474443330391,-0.41728963464164315,6.257423036395472,-0.520316433973131,5.681746222808245,-0.48497080288048616,5.920234666855427,-0.45458609957305596,6.05876574710152,-0.4251531803919657,6.1662354066239855
-0.04625679860392008,-0.2033093432036568,0.01893290146913835,-0.2337301741822455,0.062014608643259764,-0.23357801506975032,0.09438080826499044,-0.23343836704273663,-0.11841826553212594,-0.23131538272782,-0.16208781998021835,-0.2299579552791656,-0.19519148190205604,-0.22710345235484314,0.1564154777465299,-0.21396119020866913,-0.23937761372124247,-0.20271899218630288,0.05114568960501531,-0.16198978655351065,-0.1263608043936502,-0.15707120778558695,0.49991276802285034,-0.00933939868148981,-0.49991276802285034,0.009339398681489648,0.626417535894648,0.26799611253358135,-0.5754322035711057,0.2927179161406095,0.6860937410599216,0.5237229023832861,-0.5750274491953244,0.5332935282114273,0.716531166578857,0.6101744017558359,-0.5649222225425071,0.6095083257474098,0.6361216320650508,0.6121751623895105,-0.4921793795784852,0.6103380082582858,0.6093571087563594,0.5850515342830499,-0.47713073095772246,0.5824506467636085,0.6874989488544159,0.5549663752214068,0.578254612521474,0.5678417510946991,0.5207662035515337,0.600967458493512,0.48730507043403143,0.6330556068842191,0.4614522151565709,0.6581579095768213,0.6079503478647078,0.6399026656421655,0.5592623050860756,0.6747619941409317,0.5320049322795242,0.6935762354009857,0.5136659610482219,0.7081847258525517,0.6617601599348283,0.6420292462610059,0.616479612318923,0.6780317941902035,0.5775284533173438,0.6967765406758424,0.5454243819824652,0.7099693030334534,0.6973428237689597,0.638597865796002,0.6563477889086072,0.6713086306350413,0.6180649793836434,0.6878106004285824,0.5842726914389729,0.7004143793773745,0.7143639057792679,0.6336439824670232,0.6797921356280727,0.6616921139427455,0.648331564215295,0.675992943126237,0.6175507316582851,0.6860421306370861,-0.5775590838446095,0.5632540829399348,-0.500408551148674,0.5814796447041771,-0.4493544511343412,0.6133116957337738,-0.40647835676718747,0.6429358187628164,-0.3665928372592484,0.6666743624857713,-0.5188199139641331,0.6441722381822593,-0.46420482101804456,0.6820659354537071,-0.42844846915184176,0.7032801777351478,-0.3985906077220394,0.7200215296743789,-0.5339478568230844,0.6448320333218603,-0.482665106393953,0.6783839280617302,-0.4403424323137873,0.6976358040527956,-0.4037631978038358,0.7111034050736555,-0.533330414419953,0.6424354766478938,-0.4875049022682482,0.6719975001190407,-0.4508957274964345,0.6894108037181786,-0.41867819378591065,0.7035092268385774,-0.524659214142212,0.6400781247519135,-0.4886052716040695,0.6664408559915627,-0.4564754015997476,0.6813219564109878,-0.4261792216389351,0.6928362072273657
-0.04616091994042033,-0.23494019564149535,0.019190473474267323,-0.2701309448227057,0.06222485414698079,-0.2699013009599915,0.0945453427164825,-0.26969878038814904,-0.118361547822546,-0.2676729330434881,-0.1620962477466173,-0.26624939774515394,-0.19606841963734348,-0.2628778851953068,0.1570949413296196,-0.24663190890798645,-0.2397241556532209,-0.234603166878792,0.05120131996442558,-0.18716628103380853,-0.12679049195062542,-0.18126518621463708,0.4998768353019634,-0.011097275723965929,-0.4998768353019634,0.011097275723965929,0.6268276714508667,0.30846082119713286,-0.5769717584030976,0.3368884798763697,0.6858952637603956,0.6028244723702247,-0.576030750255617,0.6128497073136915,0.7167279514804321,0.7021464637631611,-0.566207898974373,0.7005708630469717,0.6344805254954637,0.7048702254632642,-0.4927714643541767,0.7013430310567791,0.607591373020041,0.6730798620125064,-0.4777132628100096,0.6690622318433334,0.6854411565637665,0.6379518755430768,0.5766487399240056,0.6538275751627541,0.5194112116988013,0.6925673340424626,0.4862389485130458,0.7297183097033216,0.45988554242239577,0.7586098058212946,0.6090603606105046,0.736506015320882,0.5594159672774713,0.7773130939319393,0.5307594040481599,0.7993024416437704,0.5109859784429103,0.8163527839119976,0.6631655675113366,0.7386470637396755,0.6164460318575413,0.7806391676783688,0.5760477512282011,0.802567502568153,0.5429369331819358,0.8177525790396117,0.6979949508775691,0.7344514114549313,0.656122332097866,0.7725515273073286,0.6164059889576481,0.7922309039114099,0.5813156363472868,0.8070924841007725,0.714069758802635,0.7285864810235889,0.679444387107408,0.7610509019997534,0.6471199287676583,0.7776614386482535,0.6154190695542564,0.789200328211338,-0.5782680609877735,0.6489527323427178,-0.5006493008126107,0.6698482823116946,-0.44924975123384536,0.7063741973596893,-0.4064893710075964,0.7406712195242604,-0.36732603412279474,0.7678348745192154,-0.5187505038505703,0.7425478012746399,-0.46375995188508284,0.7858247909151036,-0.42713355708680795,0.8100350986768989,-0.3970786854373179,0.8291281455608879,-0.535146345369604,0.7435034743878506,-0.48257657656121306,0.7818910387938308,-0.4401941875020556,0.8037787762417941,-0.4036645342787372,0.8193294630082727,-0.5355091478505294,0.7408708236132134,-0.4883676946588548,0.7751061329998443,-0.4515982155329457,0.7951547363377284,-0.41927289419966374,0.8112977024493939,-0.5276766185525341,0.7381612943496108,-0.49046787571874934,0.7690504645875328,-0.4585384095186748,0.7864847326633255,-0.4285179713111185,0.7999480342961761
-0.046228107117145444,-0.2206510743876516,0.019287909978027182,-0.25398923335321094,0.062287721260727014,-0.2537996600778247,0.09456610517553808,-0.2535469139739643,-0.11841657717445607,-0.2515989663844243,-0.1621573597496475,-0.25020784919885863,-0.19659979412650225,-0.2469002886530441,0.1578542887236173,-0.23137971639530686,-0.23986121099889843,-0.2202786122124851,0.051121452187363255,-0.17576719068153654,-0.12725385738857728,-0.170141247599683,0.49988629209783914,-0.010662784470946044,-0.49988629209783914,0.010662784470945836,0.6274926826540556,0.2895449065311134,-0.5771137121840668,0.3154812701021546,0.6858877800618965,0.5660761008166354,-0.5766504864500186,0.57482419520618,0.7165725362603921,0.6591413474213069,-0.5674814306216471,0.6571685799780821,0.632830783119755,0.6618767911631956,-0.4934256438592628,0.6575543013245329,0.6063546748146179,0.6315434234024727,-0.47816569180361784,0.6273044334689221,0.685392878560307,0.5992576700651271,0.5765953343642989,0.6145486723737694,0.52019693234149,0.6512019529001731,0.485172854919778,0.6865093727512623,0.4532303894988957,0.7135959968261936,0.6092441607703593,0.6924254834823775,0.5591591621375548,0.7305946927323037,0.5301003135928694,0.7507523588019027,0.5099479658769325,0.7661804456004342,0.6638219397944699,0.6942726723281502,0.617781427447765,0.7339515642457044,0.5776842212397884,0.7544434490956086,0.544422076021329,0.768269477347234,0.6995487531816414,0.6900646935142147,0.659424100395795,0.7258030912220058,0.6201994882200947,0.7439055857425472,0.5854077573003494,0.7573546590419595,0.7162179748079105,0.6841628281737353,0.6838165128426519,0.7143984506387102,0.6523722287031047,0.7295677096473788,0.6214646201019051,0.7401259548670426,-0.5781158575162882,0.6095176387208593,-0.5001542846270397,0.629390396977739,-0.4491174593881084,0.6635962098129565,-0.40631106880039675,0.6957179219981325,-0.3670151645702295,0.7216512173311905,-0.5180000840819919,0.6977184131631334,-0.46506685567024425,0.7379537519549141,-0.4294835758019327,0.7607673067386963,-0.39918177704371516,0.7788659659617587,-0.5338704204102639,0.6985042108265989,-0.4832533206687569,0.7343771726859357,-0.44233030044487315,0.7556053250718634,-0.4063097741504973,0.7712268204432599,-0.5337870449567348,0.6961485711150504,-0.4884413280561054,0.7282245884702635,-0.4532392794282058,0.747717213957019,-0.4216338545311651,0.7639277014412487,-0.5251017566408173,0.693577716424971,-0.4895207208323316,0.7228195585231953,-0.45921581491435515,0.7397267551894516,-0.43033364292595744,0.7529659829268034
-0.04670524163676997,-0.5505121735956501,0.018981671045312547,-0.6343811851056644,0.06195948541359118,-0.6339118847667032,0.09420548372960212,-0.633075746626301,-0.11865304169954806,-0.628075492606133,-0.16234778844524947,-0.6243605407110298,-0.19711042557475192,-0.6159925841709093,0.15789368107238932,-0.5772937987768972,-0.24004139909584724,-0.5496269958985204,0.05025789992479531,-0.43846336160964994,-0.1282569681073928,-0.42451297754072626,0.49928789058913386,-0.026675875075678934,-0.49928789058913364,0.026675875075678417,0.6272229249180956,0.7246013671398839,-0.5762090154450231,0.7822940769356296,0.6850776683936193,1.4159322716622724,-0.576773607240262,1.4345815493468943,0.7153125294882088,1.6486693505024208,-0.5681749906539171,1.640434540468275,0.6305418102855557,1.6556036534092762,-0.49395260595296286,1.640748229252928,0.6045778338024684,1.5790323580575076,-0.47842232035112053,1.5653875808351168,0.686149228253124,1.4993055453069337,0.5769465646962523,1.5378517327506827,0.5203205523943549,1.6290442130353244,0.48462748178839005,1.7177534835871338,0.4508192592688992,1.7853291708654717,0.6091489138986815,1.7317324968944818,0.5584850599649643,1.8272864841238172,0.5294356259827011,1.8782394054555924,0.5098024962303381,1.9175548838227525,0.663287444304855,1.7370128791088044,0.6167492079722228,1.836720708567753,0.5757801154593963,1.8877492439646504,0.5422531105491459,1.9223766502942725,0.6988248963319642,1.7271271619861714,0.6587192971530329,1.8175407626072604,0.6189251076579535,1.8633508316547531,0.5837963700580167,1.8972549730136472,0.7152371355647497,1.713011988568804,0.6825275595088438,1.790396135120629,0.6506823394175358,1.8293483372184003,0.6196012376031154,1.8561387292477773,-0.5780556489913456,1.526009912639035,-0.5004963499412349,1.5741744283374506,-0.4495451537202846,1.6588169772129389,-0.40670380752925084,1.7393399293593215,-0.36743056071582925,1.8043959696922864,-0.5191403873293182,1.7446035997693963,-0.46512228016931023,1.8466365617308331,-0.4287840480604282,1.903919147412496,-0.39875337165328417,1.9493067639657224,-0.5348827938210754,1.7470725633740183,-0.48278395371259875,1.8374327410143148,-0.44025626004524554,1.8898363017476074,-0.4035428698435453,1.9272726610108943,-0.5346550593154327,1.7412097336870558,-0.48746372527741394,1.8219011736959376,-0.45089137519568556,1.8694555715573036,-0.4186778117941149,1.9083505151782254,-0.5261474502682745,1.7351052677485095,-0.4889672043300068,1.8079084621883863,-0.45714863952742757,1.8491186756076503,-0.4273494932010203,1.8812395852640937
-0.04738271268521588,-0.11172869009481717,0.018684228290946476,-0.12879177923679558,0.061625769202206415,-0.12868134258049038,0.09390068411117401,-0.1284872788716771,-0.11885531295009501,-0.1274849501056496,-0.16235946077389515,-0.12670199286944717,-0.19806836093840183,-0.12501012331862218,0.15867714710235806,-0.11681711952255187,-0.2407925172460301,-0.1115465015943248,0.049565115809309224,-0.08893532624913641,-0.12920195573066026,-0.08614312270014607,0.499970456192647,-0.005435341251142111,-0.4999704561926472,0.005435341251142175,0.62913373215785,0.14714907141020647,-0.57647393258865,0.1584900900322172,0.6856725719822311,0.28745802282757166,-0.5785558979753995,0.2910912803579221,0.7157074314686467,0.3347425993901071,-0.5703522438540151,0.3330583778071702,0.6300096667794017,0.3361416491085882,-0.495958564988845,0.33303090074435737,0.6041689903970104,0.32051821344187903,-0.4800725476186415,0.31771405125219077,0.686761655881141,0.3042308229193074,0.5777747828012367,0.3121672999670123,0.520915959755128,0.3306517430829129,0.4853784606518545,0.34855060215571076,0.45327814490763313,0.3622445806727998,0.6088112537337292,0.3514808584777806,0.5584734501851892,0.37074650674996756,0.5301194101827582,0.38110969791398525,0.5111629541346988,0.3891203185340168,0.6630680306137438,0.3525859481214328,0.6175303211320345,0.3726274062561958,0.5773095883929881,0.3829090005555448,0.5445738008372756,0.3899622068391466,0.6988463382679985,0.35061649905245573,0.6593281510789788,0.36885236930659465,0.6200734184712194,0.37800440046504924,0.585702794973921,0.38481365047841476,0.7153352413679558,0.3477983758450226,0.6828430282905869,0.3634384979871241,0.6512630526314,0.37129538054720723,0.6204528691312365,0.37671025305520145,-0.5801656677002646,0.309633069327588,-0.5020427408336288,0.319362396913034,-0.4512578942751552,0.3366435782883907,-0.40847452983492744,0.3530097289748144,-0.3694704593943775,0.3662376542341946,-0.5192639232027579,0.35415219632334555,-0.466871208494481,0.37482896419788075,-0.43172076635147094,0.3865078283250023,-0.4016575561095916,0.3958025288480617,-0.5367193450453829,0.35463688281190936,-0.4851802646692992,0.3729138574170982,-0.44374917940355135,0.3837820369480736,-0.40725224924647613,0.3916343585382164,-0.537360953758209,0.35343106247847184,-0.4907400379732347,0.36972601753655465,-0.4550933711743799,0.3797458010369973,-0.42336066446365567,0.3880252407756,-0.528992726958767,0.35215349030084714,-0.4923100474922666,0.3669180730791109,-0.4613138553769875,0.3755341346479624,-0.43200012501506435,0.38229315837039685
-0.04776884171383873,-0.4030973983764651,0.018614525339905423,-0.4648575003649507,0.06133791136277891,-0.46433597454118847,0.09355836919395022,-0.4635403841363154,-0.11816909176194866,-0.4601259209375085,-0.16136352700094472,-0.45709565010203906,-0.1982951684417319,-0.45097025651923306,0.15862902147806693,-0.4205162605001678,-0.24093350631255686,-0.4024230790389846,0.048963923826008816,-0.32078877737192113,-0.12970219162465343,-0.31086844265535934,0.49961039942386354,-0.01973445685919834,-0.49961039942386354,0.01973445685919834,0.6294675187035448,0.5313377373258434,-0.5753923651584112,0.5700087516703686,0.6848874529374211,1.0378171144152362,-0.5789970584809077,1.0503614418135108,0.7148525789804273,1.208586855295372,-0.5709829123402601,1.2023974129203503,0.6288089141114613,1.2136196045921666,-0.49653984998313516,1.2020578940876332,0.6029141718820469,1.1571227472404872,-0.4805125084433773,1.1466904237460263,0.6853232382856214,1.098957408812594,0.5765381815727479,1.1268260622831803,0.5202352677440263,1.1933026852056403,0.48601272109776067,1.2571952706490552,0.4566282388407936,1.3057824033319712,0.6082573393207066,1.2684026046073171,0.5578275881220685,1.3389853775285308,0.5292244425465228,1.376673172639576,0.5098519601239045,1.4056934996905666,0.6625059599808414,1.2723639922888683,0.6170603416440238,1.3457715378046962,0.5774920346276342,1.383203740086618,0.5453246454604442,1.4091180018850185,0.6976716422319376,1.2655272354746514,0.6578383376198357,1.3316320139984175,0.6192064245864681,1.364817118782729,0.5854583843982786,1.3896078161885315,0.7135621634213978,1.2556016804803545,0.6806870768263895,1.3117911437853815,0.6494446727437765,1.340067581259071,0.6192147219671559,1.3596072816027547,-0.5800764094186944,1.1191596828688533,-0.5029014344701566,1.153882761785992,-0.45221748955691,1.2147556173393648,-0.409487794067472,1.2735644553881078,-0.37067826522875924,1.32166630302154,-0.5195184950560804,1.2789166455263294,-0.46729711464624896,1.3533979620163559,-0.43186868200670986,1.3954713927649138,-0.4017369169015601,1.428777166276879,-0.5358986481371615,1.2809389008090757,-0.48500709584462576,1.3471916541286502,-0.4438718803440001,1.3864760511070904,-0.40756288817898295,1.4147986679607474,-0.5362129978617555,1.2769656671126632,-0.4899920065858856,1.3359839186105626,-0.4547832816724722,1.3719010356697277,-0.4232837452195903,1.4016050183241486,-0.5279571040775309,1.2726376553101535,-0.491395128232589,1.3261673871089712,-0.46066102514814405,1.3572475152864207,-0.4314362674694144,1.3816573331974489
-0.04851214668893049,-0.35256177767043007,0.018027091534880673,-0.40694765680991263,0.06081202234126494,-0.40641558021705426,0.09306733382473241,-0.4054016445081179,-0.11862331609441351,-0.40278136516801477,-0.16150509904144306,-0.4001122754958395,-0.19909948214943737,-0.39473988494576634,0.15884560330810274,-0.3664646312289157,-0.24155724486677863,-0.35223285759484485,0.047959336481333194,-0.27984678334568985,-0.13071295595619592,-0.27190688138207814,0.49969191504532096,-0.01754964496335627,-0.4996919150453208,0.017549644963356096,0.6300256416411617,0.4657758917937696,-0.5746418831772699,0.4988448477993696,0.6847979073671989,0.909454774605945,-0.5804472991572899,0.9202312164620299,0.7149972530339656,1.059094588436739,-0.5724476931705685,1.0537166572543766,0.6286473811517646,1.0635453871493636,-0.497884008419942,1.0534000496949898,0.6025985694908105,1.0139887407025172,-0.481521536004776,1.004916351088288,0.6860160459082554,0.9634446304565611,0.5785054959621363,0.9867689334635004,0.5221477632903074,1.0451103843247997,0.4893944292712966,1.1009189747110046,0.459415099816791,1.1426110893826822,0.6075576760595438,1.111592519110289,0.558082244384633,1.1729380480309037,0.5299393838489945,1.2056209187071407,0.5107207686374441,1.2306054765768866,0.6617415585397307,1.1152502158866495,0.6165047712184225,1.1795883898158241,0.5768443822148043,1.2119740011724143,0.5445298688866528,1.2342786519450395,0.6969713299565461,1.1091433837453433,0.6575198784574118,1.1670208286390524,0.6187094340660694,1.1958715165950888,0.584378595922482,1.2174201788731336,0.7137280485742494,1.100039685161352,0.6809925443505674,1.1490433237378026,0.6490829231707079,1.173630715013607,0.61800455128375,1.1905113506146698,-0.58082873560396,0.9814268844712019,-0.502464188561736,1.0114627400578762,-0.45192866303640206,1.0645930063847568,-0.40998692575474205,1.1161247563229115,-0.3725176108712629,1.1581911714870194,-0.5197501751330105,1.1199532452882524,-0.4684948798117818,1.1855645333923392,-0.432589134115753,1.2225548499140337,-0.40164543777021117,1.251522682667043,-0.5375561685505734,1.1219790059890624,-0.4873997425569877,1.18073503686007,-0.44544000237519,1.2152296063483539,-0.40795588703053975,1.2397397805582853,-0.5386148775625245,1.1188282330938977,-0.4925977337621655,1.1711692671324627,-0.4565128245888036,1.2024590645473974,-0.42388014462167795,1.2278312907843036,-0.5302293344040986,1.1153434392235801,-0.49372880058428575,1.1623248349609916,-0.462390771483802,1.1893441240790636,-0.43224881006122456,1.210245148005074
-0.048970562312528214,-0.3222703283391205,0.017521828667036037,-0.3721850591928446,0.060358359547307526,-0.3715852398249539,0.09258211532494759,-0.3704153142515769,-0.11892081769757068,-0.3684148695534281,-0.16156974814227543,-0.3658344947858004,-0.19993239007693744,-0.3609145104418447,0.1589179414308364,-0.3340860210182478,-0.24247182913988563,-0.32207264320713347,0.047290134011683846,-0.2553148170142079,-0.13163386810171707,-0.24840340660134277,0.4997329704361479,-0.01633885733655258,-0.49973297043614767,0.016338857336552333,0.6303288810447775,0.4268811934894451,-0.5748631304540717,0.4567227103137315,0.6846546382308137,0.8330448240996926,-0.58200893854229,0.8426142339104237,0.7152038607305382,0.970136362978938,-0.5739117777831332,0.965101874253033,0.6285827405765761,0.9744010472804857,-0.4993288145994505,0.9648498357751836,0.6023483280948893,0.9288569696218718,-0.4825553937698678,0.9204934793779993,0.6873718970350685,0.8800832564138733,0.5790933295547743,0.9016281174788287,0.5226068730822001,0.9555073411179917,0.49054002894429005,1.006339073309015,0.46196754633911075,1.0447267076192706,0.607511154499579,1.017331332929201,0.559367195769828,1.073737705318785,0.5312070180036299,1.104183953442959,0.5115573461337343,1.12759212772754,0.6623900035427855,1.0206376268271198,0.6186206719754996,1.0794695273412311,0.5786484287066556,1.1095593785635005,0.5461268008880693,1.130187721432009,0.6987815405312908,1.0149272240491172,0.6609134736820763,1.0680311676675995,0.6219716457446314,1.094897664171562,0.5873758367701428,1.1148328609642477,0.7165463655111242,1.0065072063255482,0.6844812552034875,1.0517948972386444,0.652679340331332,1.0747903081885755,0.6216668383825921,1.090501565558241,-0.5816989296894309,0.8993185431588071,-0.5041359457235808,0.9263108173312682,-0.4539188461360913,0.9748411885967551,-0.4117518338158397,1.0220703005005674,-0.373507179031273,1.0605558513568498,-0.520537199885008,1.0259657041441552,-0.4693483751208694,1.0858803233078382,-0.4340173354190044,1.1192440979909348,-0.4033092073747355,1.1455794616514812,-0.539581678298022,1.0278710506179143,-0.4889237523635559,1.0816473652555785,-0.44643147348404044,1.1128545602218205,-0.40847524136543073,1.1348691952419745,-0.5413981255838038,1.0248942587811325,-0.49506671302172006,1.0728790029776403,-0.45839542251862425,1.1010372570731861,-0.42523825921337394,1.123707031088797,-0.5336209432015775,1.0216406272360938,-0.4969708054278154,1.064627279317555,-0.46494869411095563,1.0889060734176328,-0.434059900952213,1.1075392056138909
-0.04936932572996727,-0.04395570954061393,0.01715727206643229,-0.050782663898386544,0.06000324256978151,-0.05070027521564607,0.09213776385847745,-0.050535860795904095,-0.11953708000566655,-0.050248627737774346,-0.16216043795684504,-0.04985942892371256,-0.20083277039647157,-0.04919075089230759,0.15862893812863468,-0.0455575430635574,-0.24336800364388556,-0.04393099623529853,0.04674876618934359,-0.03479590494824021,-0.1324045022684851,-0.033859889884213075,0.4999948681978055,-0.002265342327157384,-0.4999948681978053,0.0022653423271574175,0.6306601013744988,0.058342966619230704,-0.5746472582602671,0.06238235472328296,0.68439133947372,0.1138229402611749,-0.5830183237166103,0.11512331985203539,0.7153999482910643,0.13256196074316237,-0.575076334404115,0.13185382061141393,0.6285794901419668,0.13317773668352723,-0.5006656578148369,0.13182590678458234,0.6021507612493459,0.12692862493722185,-0.48344270462683014,0.12577096001025675,0.6888765830170603,0.12032063684359019,0.5801727205975052,0.12324483567048967,0.5225721568352468,0.13053907716797578,0.49038311109929533,0.1374015232196749,0.4639425743645936,0.1426331110876707,0.6074271302121,0.13908479956676642,0.5586583113920727,0.14666240270116693,0.5306898746210623,0.15074888576443624,0.5114061057004828,0.15389364561705676,0.6617242765075173,0.1395881943083271,0.6170058948106785,0.1475298430172449,0.5773079297350189,0.15159129382288272,0.5450961365385881,0.15441015039864237,0.6976399119331176,0.13884243979999714,0.6596417551828839,0.14603661825709174,0.6209123804473231,0.14969266967068398,0.5864381699792631,0.15244030089476462,0.7153579262648355,0.13770998310435506,0.6836321646858191,0.14382229730214538,0.6526035867237794,0.14697429407283344,0.6224798714835496,0.1491721174941914,-0.5830481037889171,0.12285844143713792,-0.5049085801284159,0.1265431765624625,-0.4541119380757472,0.13319929346074938,-0.412302626649198,0.1396330016095532,-0.3753887944559287,0.144917535562012,-0.5221277999545882,0.14012885147908613,-0.470870217948927,0.14827196806818546,-0.43615385989584243,0.1528074919990195,-0.40602380662273097,0.15642744680912035,-0.5419492598016856,0.14036228058100622,-0.4912074026633771,0.14763265564656777,-0.44896736546798327,0.15194172343301182,-0.41135990937483513,0.15500714114742795,-0.5439547696856891,0.13994218738571124,-0.4974152888149911,0.1464192730494968,-0.4608506561867879,0.15032236952939745,-0.42775683455139496,0.15352165922970556,-0.5362844475634204,0.13952532770699955,-0.49962083743542224,0.1453836458776629,-0.46757600365311947,0.14872312062004953,-0.43665751645400963,0.15130749225173937
-0.049835296349478544,-0.18627451219016233,0.01678689763555707,-0.2152833256346095,0.059658214593650116,-0.21494618361242904,0.09170010982032004,-0.21424797125354428,-0.1200308816626772,-0.21287113696871846,-0.16266485832476885,-0.21104255662899266,-0.20139770041789595,-0.20823729991925627,0.15824119299801362,-0.19313195666649013,-0.2438689344108669,-0.18619801621390675,0.04626173133650283,-0.14742738332147876,-0.13292472107304185,-0.14345621598827518,0.49990648729835896,-0.009669744413146265,-0.49990648729835924,0.009669744413146265,0.6302895916706777,0.24761066513191335,-0.574189570984115,0.2645079732723561,0.6834004967376387,0.4828613529686552,-0.5832157969942884,0.48839732945516673,0.7148740952584786,0.5624782717677649,-0.5754009357074684,0.5594688081165365,0.628049404961693,0.5652434147338552,-0.501162141648848,0.5594074247599802,0.601457218090412,0.5385722530223377,-0.4834978751839812,0.5336797756141332,0.6892673960121611,0.5101739614274091,0.5810813843359914,0.5226119273032507,0.5231298835503606,0.5532357853683394,0.4905236863685431,0.5825797351477845,0.4641734424407895,0.604937923115122,0.6083226313508197,0.5891331081184962,0.559105218721082,0.6216970720594249,0.5297908697866968,0.6391470169844267,0.5095909787471312,0.6526124544242684,0.6626394300695472,0.5912816188857449,0.6180811125296302,0.625301711721033,0.5778748153313957,0.64281443931923,0.5456408247023271,0.6549789787238458,0.698584544082929,0.5881938867905183,0.6591692075198874,0.6191000336655453,0.6192411533909503,0.6347306803845257,0.58417922664809,0.6464075112966235,0.7161477259870401,0.5836239985114503,0.6822302084723931,0.6099726643816069,0.6491039989625639,0.6234718719963321,0.6171357460963068,0.6327871228609764,-0.5827405085054423,0.5217503214048396,-0.5031638591105511,0.5365622746023324,-0.4535059817968322,0.5642863754406763,-0.41129744608245805,0.5918032841286983,-0.37474895103116246,0.6145903160019468,-0.524589183343266,0.594905102678089,-0.4721041514974108,0.6294865080610968,-0.4337706107877504,0.6486690868482892,-0.4010714922313551,0.6634299183445771,-0.5447765690763463,0.5959422761707848,-0.4929838448923001,0.6274176650544852,-0.4491091507735772,0.645522770029784,-0.4102267660570638,0.6576443970574757,-0.5469726398430078,0.5943683248154366,-0.4998411818089362,0.6224346052158604,-0.4622840990526419,0.6385572516650508,-0.42835016832323314,0.6510956884755603,-0.5390087569872385,0.5926844804600528,-0.5017035172087723,0.6180329147967789,-0.4692001414358337,0.6321272984218835,-0.43789354086201576,0.6425578046476698
-0.049051638501502216,-0.3263488417452036,0.01739755983824411,-0.37720254793799857,0.059945887509886275,-0.3766183879359864,0.09177366789400099,-0.37539760874588124,-0.11948417060683837,-0.3726677699786098,-0.16218224114128799,-0.36902103942471387,-0.2012583573523898,-0.36401037003271636,0.15821453271790434,-0.338403259982278,-0.24367282792580086,-0.3260655457979415,0.04645652958345805,-0.25818973255532474,-0.13239521725673187,-0.2512001588510136,0.49970899085344683,-0.017056507855647177,-0.49970899085344683,0.01705650785564743,0.6301095897738559,0.43402140288822755,-0.5734676374696972,0.4649636611903629,0.6827447702991163,0.8460497414287717,-0.5815848291307939,0.8619600732670428,0.7144734165676795,0.985899557974282,-0.5745885821580634,0.9861873480885759,0.6277281140067502,0.9909521456878674,-0.5004200307312759,0.9856235344063988,0.6010718010480768,0.9439480612624246,-0.48219159332122846,0.9402097314132069,0.6894065481411819,0.8928247050477189,0.5812875135915965,0.9153689176977621,0.5226364027021179,0.9691145795194861,0.49021017171151393,1.0199521067109665,0.46588915295298217,1.0591961537785846,0.6087634625564305,1.0319930424469452,0.5594162012611367,1.0881238812806624,0.5304825814833976,1.1185528239956328,0.5107892682415387,1.1423299092307033,0.6626696778626912,1.0354643370623435,0.6182761708914353,1.0941986877136731,0.578965587739787,1.1252600822982162,0.5475239269230736,1.147274473511269,0.6984444196880383,1.0297054297156074,0.6597611072185036,1.0832518773696296,0.6208645956353136,1.1106976737209882,0.5866303389365635,1.1316290523914936,0.7161672036628086,1.0213417031572136,0.6831991205274837,1.0671650473351988,0.6512050170563319,1.0908466928049387,0.6198826296851242,1.1075633599208508,-0.5818204245682775,0.9129155927711406,-0.4982440282141788,0.9394872327787414,-0.44763232950459386,0.9905584566558779,-0.4063963569633411,1.039423289656761,-0.36942514796229897,1.0785581693215691,-0.5206165667996241,1.0456906098629908,-0.4795614141906773,1.107301227414702,-0.44034371501769787,1.1325471698600358,-0.404379472514375,1.1465766519394147,-0.5558421646538874,1.0484462696626635,-0.51548147169854,1.1052513969754127,-0.47252558301769154,1.1275244887852442,-0.43399071129911376,1.1369001383349544,-0.5695497565264593,1.0446644689614282,-0.5338620825801825,1.0955328833372369,-0.49557626145487665,1.1171650252161986,-0.4602109035953266,1.1295672919815378,-0.5695544441291212,1.039518729422092,-0.54188586941787,1.0847929681009136,-0.5083529301617986,1.1055669692131762,-0.47548432837185184,1.1173565584438832
-0.04754390100521702,-0.1628720473543137,0.018682348320275998,-0.18825543866315914,0.06072059561826728,-0.18793356124806324,0.09267529805264654,-0.18726014160932483,-0.11846992810509738,-0.18585283332567454,-0.1612340238913331,-0.183916848508911,-0.20100362557333845,-0.18138244027035247,0.1590509203620808,-0.1686173760976722,-0.24373697831520502,-0.16246076858890623,0.04725566325306533,-0.12869232819317952,-0.13168283698227753,-0.1252402641280942,0.49992580146993393,-0.008613537289885478,-0.49992580146993393,0.00861353728988557,0.6307054963902945,0.21632139948342838,-0.5695448149603286,0.23249909672053307,0.6829917725237497,0.4212336077993588,-0.5737236978755998,0.4316145817071043,0.714733010542706,0.4908998440114361,-0.5747124254466293,0.4930774606980907,0.6280171300583854,0.49345638895212013,-0.5006144804017093,0.49358570961269843,0.6013106300458289,0.47000597121746973,-0.48112278235827044,0.4713027587603615,0.6896701344220507,0.4448804073804382,0.5821740402182828,0.45577231590562267,0.5236208726504294,0.4822327554347912,0.49211151013561444,0.5075834300000542,0.46824222837035945,0.5271382764702353,0.6094530208762698,0.513619343651276,0.5590163644009428,0.5415697785573281,0.5303612417060181,0.5565737422721794,0.511313580910772,0.5682312388741798,0.6629856929780529,0.5154763850817834,0.6178257240052065,0.5448200486778546,0.5788275643094511,0.5601482499708961,0.5481341951417941,0.5710224165804064,0.6979228180952858,0.5127384331225789,0.6588287817865822,0.5394527122617814,0.6200696188651325,0.5529375447932751,0.5862732864903712,0.5632739197570324,0.7145954484458672,0.5087529315057248,0.6816204937932661,0.5315626870376863,0.6498961036573824,0.5432621782657777,0.6189996914452746,0.5515964838461325,-0.5733403651133229,0.453726786967312,-0.47928896844611796,0.46776202580937304,-0.43459170834445704,0.4941095030497545,-0.40277022576901145,0.5190896320092194,-0.3712744110364608,0.5373976612861593,-0.5336208728567443,0.5194923246640599,-0.5128918975445785,0.5533492711758211,-0.4621225388009499,0.5599339634389244,-0.42695657774610907,0.5575890193273805,-0.587371004232823,0.5192567966642401,-0.5618887547752772,0.5535132618184048,-0.5049502049501188,0.5588004340742078,-0.4658070145083273,0.555075201477196,-0.6127979335794557,0.5154138000673184,-0.5848439954614736,0.5449067236328677,-0.5340936557198698,0.5518206179551525,-0.4957319812562684,0.5507853202061173,-0.6214573112548981,0.511260075791298,-0.5993370829178846,0.5348722867753063,-0.5588122792193954,0.5434792318855148,-0.5212666849477099,0.5451108370480536
-0.04684012366929667,-0.5352349925543964,0.01961373573650861,-0.6166615006971501,0.061301363467635796,-0.6151137061956302,0.09338704968407369,-0.6122775003370762,-0.117239887897038,-0.6100068347771541,-0.15991284348339127,-0.6041436063615413,-0.20009010895459886,-0.5958644737707798,0.16018914088883238,-0.5497270955875566,-0.24283387225119238,-0.5324486169618167,0.04752480042682002,-0.4221896525227235,-0.1311167257490506,-0.4126234373820202,0.49921663085433743,-0.027977767574346717,-0.4992166308543376,0.02797776757434636,0.6298382226393712,0.7078491599810984,-0.5650099938589925,0.7580142853428558,0.681867242783313,1.3763361305022734,-0.5594251982161995,1.4106241371982005,0.7135521764267396,1.6042164479580012,-0.5727482279061136,1.6114159247859843,0.6270409280791389,1.612668724112935,-0.4994745546556529,1.6130285650736251,0.600371815026209,1.5360999360587857,-0.47893893199891885,1.540784512583217,0.689355006472302,1.4550161272652264,0.5826700608020708,1.4895629855828023,0.5242508398118337,1.5736528217813561,0.4923622365000296,1.6572220313610095,0.4695439535344782,1.722451045447895,0.6074465192941401,1.6774395655142744,0.5576585588459002,1.7704169950713144,0.529583865077335,1.819305402578453,0.5111454333292789,1.8574086801988,0.6616309712051214,1.6833644505789864,0.6171743026635031,1.7797691393893922,0.5783007830737422,1.829385201660466,0.5481405119009934,1.8640644091644694,0.6971180275514044,1.6745082170678862,0.6570755307331015,1.7626753649495306,0.6177747381794682,1.8071462861578602,0.584355405640907,1.8406946788260181,0.7137029786492828,1.662230305293211,0.6785255001989334,1.737789997241201,0.6457655373782508,1.7763979557953367,0.6144411423818241,1.8036555099254659,-0.577040457832235,1.4608812160107694,-0.4736280937270791,1.5057250004892966,-0.4237863124856214,1.593305347158826,-0.3943590787831429,1.6802502582766499,-0.366738698376975,1.7450216312008258,-0.5529264024360842,1.6705520925916466,-0.5229105200580233,1.7921642519496397,-0.4629438429278385,1.7757146831882953,-0.44548744565313725,1.7362336983742885,-0.6148181479381822,1.672969724216015,-0.5729720912054406,1.801584696952279,-0.502117926947358,1.7859026471676498,-0.4776572864431899,1.7499453930019344,-0.6416414432634711,1.663921345199318,-0.5939693073318671,1.7731399865655746,-0.5303728033714791,1.763545733595217,-0.5079950535652308,1.7331633567060094,-0.6462436844252458,1.6544116043600523,-0.605512870795772,1.7422340596818633,-0.5551270748698867,1.7414880673800488,-0.5327492383956942,1.7178570935671822
-0.04713200930161637,-0.0676311806215663,0.01941750257099301,-0.07778809705323926,0.061122797815862974,-0.07755685089577236,0.09322449148897206,-0.07717022287208083,-0.11753343991010216,-0.07716576519559075,-0.16015704410058385,-0.07657126867873165,-0.20051120130391298,-0.07560753913140156,0.1602803873820291,-0.06928001817741607,-0.2431928340846104,-0.06752114639662773,0.047232193190554134,-0.05340266270351913,-0.13154062215162923,-0.05235896311028483,0.4999887753920332,-0.0033502958041008325,-0.4999887753920332,0.003350295804100786,0.6302729354456502,0.08956772503456642,-0.5735114328918847,0.09444479179469172,0.6815622291809823,0.17349829919290724,-0.5503972315583954,0.17463336439600521,0.713297015624476,0.20225534000841844,-0.5694859488211478,0.20043727832776978,0.6271005323685932,0.20326897542261835,-0.49683580191767934,0.19969660018676513,0.6005161519487634,0.19363462938940118,-0.4722437364285904,0.19138377089284261,0.6931438336993503,0.18370530583145522,0.5863634211655594,0.1877347437311792,0.5261843902792069,0.19840779541930725,0.4939336784925095,0.20903962197899348,0.47162363718875133,0.21736183585500032,0.6119565448903431,0.21155053394838136,0.5595774586176854,0.22337014695266078,0.5307281416541876,0.22960378856943844,0.5122556203628743,0.23445179664146698,0.6643581833804243,0.2123949452377823,0.6184418687068629,0.22461310133336376,0.5789642121076148,0.23092463498144133,0.5487284542083792,0.23536773185289617,0.6977366795168756,0.21140798884979356,0.6568207118818162,0.22257279263913976,0.6174471424399058,0.22815732282296405,0.5841592021303385,0.23244406585362132,0.712144423835557,0.2099997987916773,0.6769277485005222,0.21962459266098722,0.6442920877102708,0.22451794837430178,0.6133362201608542,0.22797780917423696,-0.5698733265250394,0.17609799601208564,-0.45418626267716095,0.18310097226158986,-0.4003781464735547,0.19421838391141025,-0.38340057697950364,0.20546476653216075,-0.36996431279597386,0.214682705251751,-0.5432162585736687,0.20133870095333292,-0.481184042590217,0.21666707513347966,-0.42987679382024385,0.21025834402810029,-0.44166735330696727,0.20398341025015146,-0.6019981795906562,0.20261500411679992,-0.5208302336450542,0.21760596905465093,-0.46546271834593406,0.21189236735080258,-0.4838560466583729,0.2066275497687721,-0.6297272585233071,0.20246468322162792,-0.5416598086142794,0.21575777616223862,-0.49186607385129394,0.21124744546342258,-0.5104143185495706,0.20625561867095193,-0.6357290107546956,0.20234968857473043,-0.5590344706135737,0.21282552997362944,-0.5195538648782011,0.20971645144546014,-0.5342220005688222,0.20484974124199218
-0.03963346900678905,-6.333084853608377,0.015982848114863467,-7.256178578088232,0.05080669761368003,-7.236902232478492,0.07759107682516789,-7.204818562708892,-0.0983259034547887,-7.204510439964826,-0.13390755822244324,-7.16007384927409,-0.16767982166162668,-7.0738072618133625,0.13362145324230174,-6.4729850288175275,-0.2031663253424914,-6.30398281604902,0.039199713291515344,-5.028749924192049,-0.1100441870314402,-4.922153460324955,0.4177034952095669,-0.27481592037163766,-0.41770349520956707,0.274815920371641,0.5263030367452295,8.354709300926036,-0.5009559168720975,8.571198208316426,0.5689076961949884,16.1059010729334,-0.4428005719299716,14.880422223365496,0.5952174785854573,18.771287303130602,-0.4457202765109114,17.330100746260793,0.5232877465976519,18.83057758873092,-0.3855209211222033,17.121227761645414,0.5011683775179426,17.943227658738042,-0.3652686567774879,16.494920042894293,0.5787903748256517,17.05213357055213,0.4908099434533315,17.418136705236677,0.4427115759743667,18.411972610637925,0.41584638351108516,19.388612777039597,0.39799534446160695,20.164932699236903,0.510905215746175,19.65437331232178,0.4677573116593573,20.761579713433115,0.4433398338350869,21.343900576205797,0.4275608291824096,21.79656712309722,0.5544383586318665,19.726953336479234,0.516049457150688,20.870978849330818,0.48321653914364604,21.46089696077281,0.45816356212784953,21.874575087311726,0.5823309511098895,19.628876933338173,0.5487053970328336,20.6738892254127,0.516163580524189,21.199873423636753,0.48864970964731463,21.601986054044918,0.594630641136947,19.48737389738969,0.5660531635913016,20.386519637483637,0.5392509707060313,20.848501450768847,0.513497612174688,21.174591796868697,-0.45388074943600687,15.54823314203684,-0.3548644575021835,15.783483300954721,-0.28151795914220334,16.687257106911538,-0.2508911849784876,17.694641075998774,-0.2611005924551133,18.432451879889896,-0.43382849064815043,17.32895851346209,-0.32725811483091777,18.331857584830164,-0.305919795691933,17.58071035711766,-0.3294829413077232,16.988703858188114,-0.4760859282857662,17.724572555086347,-0.3585231398918656,18.469373699211506,-0.33767925882030797,17.827267687037427,-0.36105543327468964,17.3374925797674,-0.4982866899237339,17.99653289346122,-0.3898386370285306,18.586584835994078,-0.3729773430736031,17.984357376544242,-0.3950757847072834,17.542279047585232,-0.5082288922936217,18.177391607174325,-0.424581093969089,18.687213366914257,-0.411546988171697,18.209395911994697,-0.43086837944131373,17.804896108407767
-0.04663205855256479,-0.4768088773477506,0.01980293926640015,-0.5442123462297909,0.0613811440844755,-0.542929895632507,0.09335408271381929,-0.5408881589459421,-0.11668885302391611,-0.5405740277235815,-0.15917129651155437,-0.5376602339315661,-0.1995398724343162,-0.5311897352965897,0.16035386223001014,-0.4859199616427853,-0.24178998762733647,-0.47154177333995984,0.04780321104627575,-0.3798630062514804,-0.13035022365210708,-0.37065286947626375,0.4996425759662225,-0.018902282450472832,-0.49964257596622275,0.018902282450473217,0.6298730039904199,0.6244524119977428,-0.6478222021059219,0.6057986908179609,0.6806184492657282,1.2001461243672011,-0.4779840798086237,0.9712611870809412,0.7111374122336293,1.4015377204289077,-0.4267514108860606,1.1297979368577835,0.624554268331642,1.403718502615822,-0.3499941023873826,1.092174968170504,0.5978027070954487,1.3375633042498756,-0.3533158695710957,1.0472223484673286,0.6945420646715806,1.2721442564760792,0.5908923453676982,1.300241910836765,0.5316770768381299,1.3754385544887917,0.498486900496976,1.4494572641863555,0.47872974382529127,1.5084000003861977,0.6139729984995727,1.4684976620669414,0.5601546289255201,1.5510332574372288,0.5307982585327715,1.5942747804228967,0.5118853346369148,1.6281100380722373,0.6659192533601643,1.474569160570481,0.6179693564367692,1.5597380172977142,0.5773315321666161,1.603329711727406,0.5460271318230878,1.6334221342277158,0.6994265790071089,1.467630604089012,0.6574307539199582,1.5453965667692293,0.6177250096706396,1.5833752873219498,0.5847160615042231,1.6121451499460295,0.71375138655551,1.457358210844991,0.6777156857722718,1.5245683413766293,0.6451186512625583,1.5583812773402947,0.6142678401388166,1.5819632081854613,,,,,,,,,,,,,,,,,,,,,,,,,,,,,,,,,,,,,,,,,,
-0.04325614729911575,-0.19007016327014245,0.02276924520304252,-0.2168757107379336,0.06412751102045859,-0.21638850468031845,0.09592498170029977,-0.21561772857214823,-0.11301881643241726,-0.21542275400611263,-0.15528026603662434,-0.21429096166461176,-0.1955353764165222,-0.21170169758479845,0.16259527202488988,-0.1935672661551855,-0.2374623358058133,-0.18749195634908358,0.050676170657505466,-0.15130030931515903,-0.12643927945231193,-0.1474137640844877,0.49994822088588053,-0.007195584273900308,-0.49994822088588053,0.007195584273900199,0.6332514734935918,0.2498131438074529,-0.6999410299041012,0.24152082759960217,0.6804723060451511,0.47624403649747243,-0.42133975202683077,0.3292271322692775,0.7104147278807389,0.5556290920605564,-0.30597090315878944,0.36305669376429667,0.6243844294677449,0.5561345885016109,-0.2506034405798747,0.33967209300062784,0.5977473454977292,0.530351229289168,-0.2824118344423578,0.3261145420799183,0.693321753241743,0.5032714182127734,0.5894023779965769,0.5150012207913831,0.5308241877954452,0.5450561447166242,0.4989286664997632,0.5744913148936821,0.4796670530644482,0.5978070848441047,0.6140863625064988,0.5818327154486557,0.5600838677112591,0.6137935249711941,0.5298049774465762,0.6307671850890708,0.5092511601056572,0.6440026962610589,0.6646906293790543,0.584094733700834,0.6184867709342482,0.617206777735683,0.5775246640085526,0.6339175539041741,0.5450090155723355,0.6454753255211637,0.696625886976945,0.5812364581628254,0.6565802952814223,0.6116840955098265,0.6164552309814814,0.6263371344341266,0.5826988122083208,0.637531309814076,0.7093545770992914,0.5770890100570454,0.6750275725493882,0.6034942423064329,0.6425353186460733,0.6166753891145452,0.6113101539292168,0.6257757071983728,-0.4174031918194572,0.3214803947029662,-0.2906968534529477,0.29641224937595256,-0.16344229173085287,0.2970762317591532,-0.09263736175302867,0.3209509410846103,-0.10625728036777787,0.3462501810295906,-0.17349832848773458,0.32365976069345537,-0.10173628688440722,0.34046350913847295,-0.13433381618578244,0.3300995420949985,-0.16753392672801648,0.324021974785651,-0.21939943415380525,0.34735663404894584,-0.15392587739834254,0.35888915848677944,-0.1855057445184676,0.34786775121236746,-0.22966774189305053,0.3427784174666931,-0.2645924251530203,0.3672691948207485,-0.19874825427154297,0.3755145181038932,-0.22370118990052895,0.36482943274159346,-0.26505188689847653,0.35810216521243615,-0.3105335251492363,0.38362909048476723,-0.2515872150921415,0.3881058576354486,-0.2708358411213233,0.37853220101394386,-0.30499934196884665,0.3725828046031576
-0.03674401155458531,-0.49405702532170936,0.0291214452496149,-0.5640557341845869,0.07101817150754984,-0.5627714244710222,0.10209363881720891,-0.5606627008908212,-0.106164124597194,-0.5603504791201643,-0.14844274329869298,-0.5576468707481137,-0.1885407630160102,-0.5510990692220532,0.16877473820546024,-0.5032329227869784,-0.22992054358988484,-0.4874120509026734,0.05557831496280664,-0.39287060465567697,-0.11918856295066284,-0.38303531970235916,0.4996459048523991,-0.018814084198475182,-0.4996459048523991,0.018814084198475182,0.6397221299523531,0.6487624938335177,-0.7289458732214923,0.630572015479003,0.6877222667381846,1.2369287135679525,-0.37805961027596846,0.6485494793636942,0.7168140912834317,1.4428311328623609,-0.2530823889777385,0.6799190911635524,0.6310670459930885,1.4441013213919704,-0.22246471180051766,0.6096377192794822,0.60456450029519,1.3772588168139932,-0.25749553050013924,0.5908919672508213,0.6989592458329845,1.306514317964633,0.5942690303137277,1.3379545356842641,0.5347080613986711,1.4167610338611878,0.5046314557545754,1.4926626369591827,0.48498339861881334,1.5521369949601784,0.619066625439617,1.5103684475593238,0.5654050705493304,1.5933974190807694,0.5359322121316606,1.637194151444864,0.5162606301466321,1.6710706324098124,0.6706852961567554,1.5159448791687795,0.6234479139726827,1.6018545722169601,0.5830123040826826,1.6447075786771066,0.5513502609694197,1.67383814512281,0.7037775470768732,1.5082629550974853,0.6630349121468134,1.5867922951215372,0.6232107766235092,1.6245896783838416,0.5900544762962648,1.6533341860207527,0.7181179174183155,1.4970387679324983,0.6829377931972556,1.5646718194698315,0.650263151280172,1.598102884784958,0.6196169695410662,1.6211527258145564,,,,,,,,,,,,,,,,,,,,,,,,,,,,,,,,,,,,,,,,,,
-0.028762929271574224,-0.10084150671103846,0.03743528461510992,-0.11529166391298114,0.07933546125660078,-0.11499462691862872,0.11022277925000964,-0.11450557489215109,-0.09819551047786829,-0.11457695757966634,-0.14074149441227415,-0.11404911167646929,-0.18119331213362705,-0.11272867853379778,0.17709973135667417,-0.10284005095571136,-0.2226945344628922,-0.09976839674715009,0.06293551565201422,-0.08012130139901326,-0.11149831528920533,-0.07813245562352025,0.4999839459878324,-0.004006713670345445,-0.49998394598783275,0.004006713670345445,0.6475965256220975,0.13289550922652277,-0.7136135764191572,0.12896037367883975,0.6970236976085991,0.25261277761848167,-0.2688584493347609,0.09266401156427216,0.7255570131968113,0.29469245660902715,-0.12610279452571113,0.08788518248612157,0.6407255693724054,0.2949585415619416,-0.10074606666706203,0.07113184650380613,0.6146690378182387,0.2812779835402839,-0.1395982839520691,0.07244028481431816,0.7077550527182701,0.2671623380221695,0.6005049559927714,0.27339877128693346,0.539606299862194,0.28943818267652294,0.5102752476125961,0.3047850696220049,0.4931442870160824,0.3169953690312679,0.6241325092451342,0.3091180622706028,0.5726393729883399,0.3257471503580849,0.5450162579064252,0.33451876835234284,0.5268352908312695,0.3413464906549641,0.6766790912418824,0.31016754901107313,0.6314749882207408,0.3274305309985025,0.5917288209391367,0.33607081657384125,0.5602922529141555,0.34180889021324207,0.7102392311641369,0.3085219850716391,0.6696846655110793,0.3246057602396431,0.6297440080022656,0.33223486436336286,0.5964629641355031,0.338007627741392,0.7245959116230923,0.30630448017392053,0.6883693124054195,0.32017275365446507,0.6553463851001446,0.3268694855496747,0.6242073131786762,0.33146704852879616,-0.2595893821535426,0.08864933391167826,-0.22049168759237073,0.07187469549831796,-0.10770592782167664,0.0600816989871162,0.009877515498128476,0.0599375655660553,0.07431757900197054,0.0659059595264328,-0.16742233787615454,0.052736464414706224,-0.00397393747405139,0.05016400043088365,-0.025702674555899082,0.05764594188876084,-0.0717096731303946,0.06055660639481514,-0.15263841518068005,0.06480272812048203,0.014214080086794494,0.06302793268996108,-0.014666256967827987,0.06946458926303267,-0.06787996967762758,0.07196356963150764,-0.12647337493211033,0.07766710010864072,0.016438938229714338,0.0761788126039168,-0.016949066663860174,0.08113793060536047,-0.06749640605977453,0.08284632694461982,-0.09653297155950749,0.09033207938786746,0.006420885916212122,0.0871486851338938,-0.029716808396537727,0.09079892509574426,-0.07125904391695184,0.09306724313173508
-0.02507942976872732,-0.09679481186350057,0.04130799428219671,-0.11052100918870755,0.08310073655361297,-0.11017500063701079,0.11393745179118034,-0.10960126327821529,-0.0944730482339884,-0.11000429747805811,-0.13712768894400823,-0.10956944478875398,-0.17778562550751756,-0.10841965727347079,0.18060801820912167,-0.0983630755915003,-0.2195087863163223,-0.09649300344547543,0.06586844439035767,-0.07676895077203896,-0.10890384793719018,-0.07493375748413864,0.4999838352640311,-0.004020506767838894,-0.4999838352640311,0.004020506767838842,0.6464037027941498,0.12743583032196873,-0.6943278706609332,0.12473223990465972,0.6985627928563191,0.24168457879692276,-0.20301505536375353,0.06294311625332792,0.7255206640878847,0.2822148865709649,-0.0664735192846374,0.046709005212521,0.6445515801540053,0.2824746207602677,-0.058142063736068186,0.030671832399436917,0.6185298333217775,0.2693184463005931,-0.0872272011169185,0.03452803708476393,0.708883039702746,0.2560595742787514,0.5995713360230294,0.2620942474973121,0.5369911963033321,0.2774558497683687,0.5069803416393076,0.292068385926293,0.48968371457613485,0.30353570411567765,0.6248898714358359,0.29637925393166065,0.5758131799609009,0.3119847045088824,0.5492774420031269,0.3204556647993659,0.5319138997633016,0.3271852052356477,0.6776038930144077,0.29739482909602233,0.6333378694835876,0.31338046623528004,0.5956154277518856,0.321959824316586,0.5656953988289211,0.3280764500028634,0.7117283968672887,0.295891323703402,0.6722962637711957,0.31067687581797104,0.6340090854714993,0.31820963453961093,0.6015350986365606,0.32413366725443543,0.7270385548816655,0.29382886884025994,0.692115541388629,0.30674680177605335,0.6604017040797234,0.3133343504509947,0.6300134409386415,0.3180583448643164,-0.2261216915503782,0.06727912133260183,-0.18551174813413365,0.048935458457467836,-0.10918638823963635,0.03781809692897149,-0.02679668994487338,0.03337332027338943,0.03464657984552891,0.03146117389864227,-0.10991247811277177,0.03219589599376503,-0.013423975721334401,0.027031488832041067,0.010262964702917196,0.026175052838171394,0.005941001172348377,0.024237442327218115,-0.09124021951312293,0.03718462397725933,0.01678659236195345,0.03264149501578004,0.029054604106156717,0.03366459261303934,0.00819857129673375,0.03337850654700206,-0.06436182080498512,0.04387575795489624,0.038875137358302725,0.04107330127664738,0.03740885209921554,0.04146764496395013,0.00884054414831921,0.040382312083339214,-0.035487750061030665,0.05154583611930656,0.04658362809389869,0.04827969854617708,0.04326453212087087,0.04794730980311163,0.021211422925011082,0.04685436104323173
-0.024262035583939065,-2.1155908430695582,0.04241737126817348,-2.419632797817938,0.08434558066342163,-2.4121841164840405,0.11395316967043857,-2.3985214606664496,-0.09268561531593428,-2.4068511247902356,-0.13683972071500494,-2.396314140625781,-0.176761348947202,-2.370488700910629,0.17888729210546453,-2.1510564152072216,-0.21877805380451584,-2.109890817871773,0.0650121865479396,-1.6770912575600072,-0.10981790925754444,-1.635039558417879,0.4927937779903755,-0.08458305015765641,-0.4927937779903755,0.0845830501576552,0.6437480546391193,2.797054834474895,-0.6778529231763119,2.7371265048920823,0.6973520218381544,5.292722948211368,-0.1599706389388793,0.9112510242754058,0.7219978797691593,6.187670415906241,-0.035213584147439726,0.44670639323032985,0.6448084611323935,6.192490482117498,-0.038217043177373934,0.18527820566782732,0.6191502493165018,5.904102480718756,-0.06457501041504904,0.27532990146427416,0.6986747511117354,5.628965566187537,0.5914736569426171,5.7498112193973565,0.5295191382390555,6.085886957426111,0.49930054578090666,6.406846238868374,0.4795558828996893,6.657006446668537,0.616296676803477,6.510748970300352,0.5710425770860729,6.859171776831176,0.5459627066280672,7.039933473983508,0.52935907688158,7.17688150641394,0.670340299718398,6.531919176144947,0.6303714739064328,6.896671646241942,0.5939744446474455,7.081277725004993,0.5646698777829995,7.204335817272275,0.7066561012585807,6.495238349420886,0.6727769602768022,6.826786828998879,0.6367072359731653,6.984359380083889,0.6046905183292759,7.101613531112509,0.7248283665094714,6.44265171372102,0.6962567301772253,6.723733854354356,0.6677841061590586,6.859529084203251,0.6397461786907876,6.954482750479625,,,,,,,,,,,,,,,,,,,,,,,,,,,,,,,,,,,,,,,,,,
-0.026183071318829503,-0.41302360565456864,0.04210052198499718,-0.47459149331815575,0.08610154617360911,-0.4731759895215342,0.11520992950039045,-0.4704856518558887,-0.09587434343998402,-0.47202199010830226,-0.14193173344184704,-0.4697805817943272,-0.18258541357775268,-0.4645969455630589,0.17828729274496052,-0.4216062928629672,-0.22682106550476044,-0.412949020232526,0.06494965404722752,-0.32700799298427347,-0.1130560503664396,-0.31763350612585917,0.499791076644925,-0.014452671244677645,-0.499791076644925,0.014452671244677645,0.6549832198932208,0.551101765736955,-0.6416028678261805,0.5238949873229909,0.7130011049313397,1.0432953174557804,-0.10670857276411226,0.1042012994684137,0.7348006326970868,1.2229389111085083,0.01564979280926022,0.0037320035395729907,0.661690699503415,1.2239891791003106,0.004796989519284202,-0.04010175791362167,0.6362727529192421,1.1671200718240213,-0.02119166844947059,-0.008243358958590196,0.7095074470910602,1.1177819669449138,0.5960399658584871,1.1433842985731741,0.53316446307294,1.2089036955842185,0.5040089439271681,1.272301101917665,0.4850570153971704,1.3221365104113143,0.6226454196742567,1.2922638850673003,0.5788667573975371,1.3621559915974994,0.5561702472622245,1.3985822163453603,0.5411866640581777,1.4259750029081908,0.6814334233906792,1.2957891341737213,0.6429758518771137,1.369332789141019,0.6082588317687267,1.4067590859928487,0.5796759514945583,1.4313710608502697,0.7221668313988553,1.287297730616181,0.6885339351272525,1.3536896859838756,0.6524396379286561,1.3850011926448527,0.6206127969965938,1.4076543134601338,0.7438911871707481,1.2752057841204694,0.7158970665687301,1.329628246670433,0.6875913939735329,1.3557033911776395,0.6599647224883308,1.3734788075538298,-0.05155747421891623,0.0813526575739107,-0.04460537898303082,0.01602635280880605,0.02311284733204774,-0.03658602173755605,0.11961213463236657,-0.04991039872123918,0.19092249585193513,-0.047807636307125936,-0.027859546962668923,-0.08116786384168576,0.1085616763095971,-0.09230183801032078,0.10158837871647046,-0.0613817783133343,0.06543835962033098,-0.047518200340990455,0.0049284090889605454,-0.05883231297805956,0.13520725690064112,-0.06658778005107648,0.12258992685514251,-0.0370357607003206,0.08601726242292329,-0.027415354472078053,0.04563868725287377,-0.03224508945384401,0.1652813112254052,-0.032944593439133786,0.1468194900772543,-0.005995473755862258,0.11070942253029632,0.0011849670375806555,0.08765615206983549,-0.00022901873823933812,0.17494555592722702,0.006000938630747258,0.1537169147721543,0.028293175300839937,0.12423162011954088,0.03538091562401016
-0.0128378207721424,-13.871916584786316,0.015387988776438852,-15.986615059515739,0.033833933799274324,-15.938870834087217,0.04538404490979126,-15.8409305129319,-0.04026520083219173,-15.887236721603204,-0.05919353930476954,-15.806852619419113,-0.07576844767712076,-15.62807644501208,0.0703039403029814,-14.176348525619076,-0.09311725158606515,-13.874461564083266,0.023301049117093624,-10.94098324594871,-0.048030519435952324,-10.62309877904901,0.20196209349382616,-0.45739623171992905,-0.20196209349382616,0.45739623171992905,0.2671065508777658,18.560613327715647,-0.23302082125596257,17.083421821427432,0.291162162490378,35.606401871273725,-0.014660471017414085,2.9359370853956994,0.2987184762140993,41.80008832931607,0.035769318271071354,-0.5271797019815059,0.2698986150397739,41.84864294788116,0.029954986871700524,-1.9944395817450427,0.2601944327341898,39.90379597761227,0.016565474996094065,-0.8161762399238426,0.28585680298868316,38.18524525588586,0.24009761099800445,39.09060267412727,0.21468409536127542,41.308231422644376,0.20358886667544687,43.46189773755743,0.1964278221774049,45.18877999042398,0.24956477524158407,44.21746691631072,0.23297803031347297,46.5788559587725,0.22464559721540972,47.81777119202286,0.21941032447115388,48.76464142974487,0.27540146568090523,44.33173579704741,0.2602970879541439,46.81222159425092,0.24751167084250217,48.099056925482856,0.2371878986454132,48.952135365212435,0.29444906641985175,43.98449440771556,0.2807873854984691,46.20916495531718,0.26645274257960955,47.2220529215768,0.253889350559343,47.9378955942314,0.3066486816264304,43.46524276454664,0.29524132655204816,45.244914371177,0.28354451388681,46.07447416753913,0.27222101901656903,46.62764507407496,0.002696259797054408,2.2926918438513413,0.008744094160052491,-0.09860932655316205,0.0335695123172681,-1.8586452799086963,0.0721935567591735,-2.0533396446066643,0.09771934033386769,-1.5089692626857436,0.01793693725680867,-3.4227730031021433,0.06745671061746202,-3.4019510722146498,0.06578151516227809,-2.4287482302765366,0.05344782406045533,-1.9726175912422164,0.03374404771220059,-2.7427186707507083,0.08239975250238075,-2.5690393519004435,0.07720156763283915,-1.6740411718812913,0.06420502940846169,-1.3268273704009093,0.05010970012605691,-1.8747427912341117,0.09508473823181723,-1.5084106086937303,0.08679836009616526,-0.7281503028860365,0.07267318834590522,-0.529676402538408,0.06739042590520646,-0.8194591942472754,0.09764322769349647,-0.2272859627134909,0.08874787669817265,0.5051645965184774,0.07746455438081384,0.702210825553184
-0.03387904829195447,-0.010334777352869634,0.03930811775418345,-0.011925026295675416,0.08659754771389304,-0.011888324544097502,0.11600868723843907,-0.011813088021649713,-0.09998958215775568,-0.011849029677780745,-0.14839972171025656,-0.011786732875440551,-0.1886896857548261,-0.011653261149111917,0.178540523134033,-0.010564171056307577,-0.23002742018347522,-0.010344899032034715,0.055179545670003674,-0.008138634095271427,-0.12230448315486356,-0.00789975988161679,0.4999998945898078,-0.00032466934088153364,-0.4999998945898081,0.00032466934088153364,0.667356075951052,0.01392871286905192,-0.5335184738946903,0.012633463691112734,0.7299760504712294,0.02672948546067275,0.01606632220099617,0.0023167967756764084,0.7473983584302314,0.03137983213616087,0.14200760286839434,-0.00010458292862987407,0.6782813081550398,0.031423416112499304,0.12970345087653418,-0.0011516273335001783,0.6549582092175429,0.029970749616296102,0.09459621783221994,-0.000346350158628247,0.7114235894953738,0.028570467657319697,0.5975646752604243,0.029335558017136186,0.533240927164624,0.03102441253934332,0.5062769835328512,0.032626564473432894,0.4885726319751819,0.033898897032184516,0.6185848378498746,0.033162871274455864,0.5843366865831335,0.034912564456717345,0.5657612016400398,0.03586304571552996,0.5535356549113286,0.03660705506080952,0.6839013146580758,0.033246585187959164,0.6529966751336993,0.03506909241160134,0.622032497069043,0.03605680800587641,0.596087363987558,0.03674475643391058,0.734305815435209,0.03297911432213467,0.7081471710325391,0.03463213060255728,0.6744300100102278,0.0354314097453314,0.6428745836618857,0.03600352893455226,0.7699868489130365,0.032558383394776035,0.7476012571415177,0.03388075815580592,0.7198113286850765,0.03455386145439797,0.6910394640008772,0.035029619155536845,0.06179749725301793,0.0019528196416847994,0.0852542431253427,0.00020143046414048644,0.15291484759797752,-0.0010098204108424946,0.24865174111957794,-0.0010739476471159869,0.3095576892037222,-0.0005834999380547588,0.11031475221559928,-0.0022637762402185403,0.22995142310411473,-0.0021226570229651693,0.23367213218474786,-0.0014092634949711667,0.20414461370080306,-0.0010864969780654938,0.14872142768998622,-0.0017539486826205358,0.26278755763007905,-0.0015609051219823572,0.25797644785102675,-0.0008864626076029521,0.22517610839912827,-0.0006105944968414937,0.18892739022908542,-0.0010575874974974267,0.29375083632101523,-0.0008356551391604923,0.2812684284578036,-0.00021081014536932302,0.24701937781734232,-2.140676972843243e-06,0.2295242205870008,-0.00019986890750811633,0.3029908220480174,0.00017317766467278935,0.2897277577956374,0.000728755729168702,0.2658621566300915,0.000936711638574234
-0.022648587807655877,-12.841411017505449,0.023595426389774084,-14.8402141812707,0.053444738743908815,-14.791258745148841,0.07155558902743062,-14.695416140211652,-0.06429454627481868,-14.737983143204426,-0.09478590493483001,-14.646151430473862,-0.11984216638952297,-14.484330454137904,0.11200821300305515,-13.130990991622708,-0.14461160747296753,-12.838157201337832,0.032399413348241625,-10.09526749044211,-0.07813566506741478,-9.819134475417545,0.30995133621847526,-0.39233935461075675,-0.30995133621847515,0.39233935461074815,0.4123725488273973,17.40441139576135,-0.30148724291318857,15.797058424961048,0.4486013258320317,33.41691111022054,0.04168134065511791,3.434882983342682,0.4600488676905697,39.19189357890982,0.12239091949075542,0.3916112729732425,0.4182489124624978,39.262981408171804,0.11667416883687434,-0.7742278382831529,0.40312825019660015,37.48727405589898,0.09591875273362617,0.14087413205690774,0.4419430720053274,35.60300522123379,0.36983832895595337,36.58719762873294,0.3293679577241479,38.751140017005085,0.31218299752098677,40.79317061179714,0.29766057504254484,42.36073037734756,0.38410420249061933,41.332344058771824,0.3630600003390141,43.513960145554414,0.3516704178740787,44.67528257337814,0.3438136626331507,45.566641350495104,0.4260752277893439,41.424713778730116,0.40535541852286316,43.69802949263646,0.38619646920502837,44.914943852923926,0.3699961447466735,45.74538217090267,0.45839567708002205,41.09542113936711,0.44013262722609053,43.15951969529596,0.419195357909194,44.12662473551487,0.3995468988291112,44.819107691187064,0.4813241211457418,40.59573806722671,0.4663954212900509,42.262858164305825,0.4492077653011406,43.0764024110143,0.43168358539123575,43.657637069755694,0.06572595234531178,3.2417351669929713,0.07582110835312343,0.938903152366144,0.10997682611681012,-0.60024209972055,0.1596159016540356,-0.5967756579419831,0.19574032928530413,0.11441835149408301,0.10400004446256096,-1.9278248689089228,0.16424703692193063,-1.6934212408339842,0.16752623563672397,-0.8462370451925981,0.1561803473658027,-0.3686219341889933,0.13425911625053707,-1.2391369582322296,0.19124364633163823,-0.9299986495074448,0.18932121411941352,-0.14976574851495486,0.17504466976615785,0.2872700867982675,0.16212882326968794,-0.2944091527660402,0.2143231667237056,0.23369487603842404,0.2051357042424491,0.9229691179453218,0.18640841761766588,1.2057482941122535,0.18622499186233066,0.863678788491074,0.21613349917853622,1.6868749492967547,0.20517501778462136,2.2615504301002693,0.19036976245135145,2.4284744210991063
-0.03966821994304221,-0.3908125330853016,0.034674348152438354,-0.452776518225047,0.08235248662517425,-0.45176684025951447,0.11099674277832652,-0.4496036820084047,-0.10871205462199322,-0.4467105492054756,-0.1584635432752267,-0.44193248008520397,-0.19984038935867793,-0.43663776952526717,0.17741036126296575,-0.4024984468955153,-0.2389427366328878,-0.38776710414397353,0.04968380227612547,-0.3081149398120999,-0.12931027464906508,-0.29873855447161296,0.4998546153582232,-0.012056678857910804,-0.499854615358223,0.012056678857910804,0.6643960131972274,0.5349829515136458,-0.4943540055024426,0.48923998659332124,0.7145443405291498,1.0275161692605148,0.08829378574266283,0.14994986922645348,0.7365886290563977,1.2035521348982359,0.22334684919355852,0.06428319261178259,0.6659835498646113,1.2048398372668767,0.2136058333740666,0.02205647095947045,0.6398902695368714,1.1503130789842706,0.18059089317653268,0.045078274251437456,0.708511701193091,1.09325812579198,0.5899268060736091,1.1240245136471156,0.5248277953164023,1.1910448886062295,0.4979926941298747,1.255616673511398,0.46861571474926644,1.3044142525487132,0.6145540940885569,1.2692826346514559,0.5817076420232862,1.3358172817191007,0.5623779047327953,1.3708331466499486,0.5488309858219944,1.3977621063848846,0.6843764130805623,1.2709885094260505,0.6520521650537322,1.3405106101864892,0.6199033193589775,1.3775914606307236,0.5931515524754484,1.4023373115179505,0.7371210224419293,1.2589790403957368,0.7099957068159201,1.3222631229322648,0.6743846665415686,1.352780819687213,0.6407871140335518,1.3741457358081177,0.7736722119381001,1.241485527668449,0.7494071916027815,1.2931429555925842,0.7201051767043463,1.318953694264646,0.6906575997046037,1.3371689840213876,0.12501419118160342,0.13053477824450466,0.13778326261354287,0.061365072180439136,0.18802584140606196,0.01661746425284028,0.2605134024730063,0.01469489834488197,0.3114488568677489,0.034811420698366825,0.197390215288421,-0.023425555959784607,0.2898845593695624,-0.011821814903881973,0.28535939754516837,0.014428627016008465,0.25657285443798805,0.02665439211836721,0.24312600947183602,-0.004277526429347037,0.3282183387488692,0.009398903835659072,0.3167313055241949,0.034792655285723485,0.28586358827357183,0.045269681460397816,0.28532773778813403,0.024250641524106005,0.3625098585748688,0.04355076966228284,0.342971603574255,0.06787667036762113,0.3092188454757194,0.07505157650907468,0.3240916531768039,0.06140339312836304,0.37111912905669575,0.0891135866212331,0.34890962754446414,0.10829302352651535,0.3204738891014348,0.11196808144468684
-0.040315350333784056,-0.43499695176834047,0.034387877378277545,-0.5048881345587122,0.0817004826597838,-0.5036082515830207,0.11035167912522159,-0.5013252648846936,-0.10987492647687896,-0.4976895527475104,-0.15964380871397674,-0.49182026298792486,-0.20140633989213752,-0.48654133983799197,0.17723607242113906,-0.44937388751402324,-0.23940716529821554,-0.4329017637724659,0.049185224176197605,-0.34256141350054375,-0.12989135002420038,-0.3325177753018021,0.4998167404891883,-0.013536097176196246,-0.4998167404891883,0.013536097176196502,0.6645731754566576,0.6050487321066824,-0.4960011725858424,0.5669953429962757,0.7086125644639725,1.1567758968982547,0.07762661308303252,0.21016321773654545,0.7330126558261375,1.3520087309178512,0.21875449532534896,0.11475793977551921,0.6612280823518955,1.3537016826110624,0.20884459103957634,0.06092061687144815,0.6337172709426263,1.2939991597366882,0.17729157225233902,0.0854648793079532,0.709139903843704,1.22514479379682,0.5895057414752611,1.2581715002746554,0.5254354625711812,1.3318765773731072,0.5004574450978958,1.4058226204346829,0.47097102166456084,1.4609255673193797,0.616469197172235,1.4200471286284633,0.5826203050399079,1.4953224637416547,0.5639723617566549,1.5349991675926267,0.5512989298104338,1.5654137146023264,0.6856521933131374,1.4217975584413183,0.6530883497314185,1.5010313674404638,0.621117899426892,1.5427200265486722,0.5938802199737917,1.5704594092283186,0.7369027390766196,1.4088499487824013,0.711535676884954,1.4806029805098617,0.6752979264444442,1.5153854224731347,0.6413494985492761,1.5395335280234768,0.7709736305337475,1.3894820331592337,0.7488059061524462,1.4490163219988035,0.719414105382141,1.4786191011033751,0.6896523663927211,1.49900106339888,0.12168765612284858,0.17515218971284158,0.13277215519680793,0.11217098225215086,0.18979850470495968,0.06308024668223164,0.26722859379554587,0.05903776631372059,0.32701847096414605,0.07608621873955618,0.19055403027592036,0.011785667363341237,0.2856969359857019,0.02219009129769546,0.275490426044663,0.05210435759679991,0.24347921520836988,0.06288371572698667,0.22689204434590962,0.033288231922216215,0.31712603547770224,0.04316230966800747,0.3023570754786909,0.07103654485912686,0.27156886256205776,0.08146307576257492,0.26539728133260015,0.06568577405963891,0.3442110449033373,0.07579219605060715,0.32329834457379847,0.09983485135837142,0.29139613176664936,0.10707090448218755,0.3015899040415111,0.10613776931673392,0.3579593539082446,0.12234063017472772,0.3340622183934145,0.14178437270188746,0.3083186671828862,0.1470427363705631
-0.041282893581317134,-0.3288300667256087,0.03324328779690454,-0.38257562434292075,0.08022649657254652,-0.38188111887566983,0.10892237666224582,-0.3807236941608953,-0.11100814404209185,-0.37701873663180946,-0.16077219405816712,-0.3726202864031974,-0.20252229079980036,-0.36886578765290884,0.176145779670105,-0.3429291438111681,-0.24027050501966782,-0.32842158374329083,0.04833424096742838,-0.25961853318355926,-0.12940626973918415,-0.2519485900120565,0.49989191725923765,-0.010395723105371223,-0.49989191725923754,0.010395723105370973,0.6626450854650303,0.46187744712401696,-0.5002344965235972,0.44544529078986284,0.7049935588399504,0.8866594068203193,0.049224801508607495,0.1795275955502572,0.7298925035886069,1.0353024818095442,0.18907246150296494,0.10568602555986835,0.6590872096849903,1.0368290603599923,0.17665519121562104,0.060366864207140804,0.6312635149342921,0.9919484274320838,0.14795021449118034,0.07816862009440571,0.7096972467320117,0.9368425539658048,0.5845839518263168,0.9613447811200504,0.5259827030917069,1.016921760372961,0.5051108385430498,1.0751991159693117,0.46963614624409017,1.116032729069098,0.6144525700668723,1.0826492041472322,0.5784630082415516,1.1443102167119894,0.5582519232405067,1.1748768970020693,0.5447690731595604,1.1973919050857245,0.6844086021510354,1.0848612576527181,0.6475779654775289,1.1509235899546413,0.6158181568742449,1.1818035530609121,0.5908908306251955,1.2011295243739337,0.7365152175457053,1.0752365883751274,0.7075988350298751,1.1325146798163859,0.6727492634703417,1.157558231319513,0.6431004199251374,1.1730772087551793,0.7714526625968405,1.0605733996668794,0.7509657676304375,1.1078299856770635,0.722553884477363,1.12958069171777,0.6958448913478712,1.1439317791721724,0.0953933156768133,0.1430026339408214,0.11316086265363441,0.08883914084242707,0.1782172653334071,0.053575919023415464,0.26335994718557326,0.055274668087071564,0.3203851129848956,0.07519884753618164,0.15444575749459466,0.014634156033471733,0.26457889624091524,0.023714293864385748,0.25238976955288484,0.04798139011186732,0.21410803770543657,0.05471629548148968,0.19661757422283727,0.03559574722197278,0.29836761825691166,0.04624668779398227,0.28143204949353506,0.0677512912775732,0.24448916034732024,0.0731928922626831,0.24062581957266538,0.06378360492122352,0.32750177420844995,0.07552259561886171,0.3022742590129356,0.09337279556229387,0.2624672034520563,0.09503896726413712,0.28382100770931074,0.09652047765083331,0.3354751564919452,0.11229349099079251,0.3092595648308245,0.12600400285928753,0.2796707590749133,0.1266758054500418
-0.03838136205600293,-0.40315053012637186,0.034935087895547896,-0.4709547619150906,0.08004588523045686,-0.4699108487905261,0.10911762720829328,-0.46891379277110895,-0.10889599338687325,-0.4641824887136084,-0.15839866617198542,-0.45911686710814636,-0.20164397735686185,-0.454341970148329,0.1772374501219022,-0.4254614617696527,-0.24012129895178203,-0.40555171984722815,0.050661911268036916,-0.31930358380070695,-0.1250120162907857,-0.31042832160146366,0.4998305205266201,-0.013017324997407135,-0.49983052052661997,0.013017324997407135,0.6611852130252924,0.5761533854393338,-0.5062851625804444,0.5633183293161069,0.7015487393070573,1.1080531307307586,0.03170372311912642,0.22567950762279324,0.7273927513394917,1.2925385039296033,0.1701918754150669,0.1313012952941702,0.6574135306178082,1.2942436813695064,0.1553670353600908,0.07326861262382865,0.6296314266857246,1.2380343192221581,0.12768143619157765,0.09424774951226868,0.7136525448607632,1.168226288082979,0.5890240032425449,1.1988982120344025,0.5288775456535233,1.270400680333204,0.5080514178436418,1.3426758170310424,0.47286498138308886,1.3922841186802106,0.6150223138517615,1.3516513218462414,0.5779494000920378,1.4281758188481881,0.5581699218742491,1.4657438451149212,0.5443590179321897,1.493452083489989,0.6838756456651252,1.3545295063678118,0.6463140288748164,1.4355472312143638,0.6149219925156207,1.4726348931806874,0.5903558053281251,1.496352169759583,0.735887714915391,1.3425463018864776,0.7055681354485273,1.4135896758517,0.6703066397274196,1.4432899203282914,0.6403203742650525,1.4614296219416654,0.7722067647216505,1.3247071175272405,0.7503163583892313,1.3833431512368954,0.7198991837094912,1.4097206478257767,0.6912930635852652,1.4269486891776537,0.06650268659299037,0.179869474505932,0.08156869768611677,0.10984010935547242,0.14273254447752376,0.06316200887943127,0.2276830889442733,0.06445989804358121,0.2863939700221052,0.08718927943035816,0.11321244609341985,0.016506020745144987,0.23310044109588018,0.025888392648635173,0.2174506761410066,0.056304866404356314,0.17748843520380542,0.06666460381341514,0.15540847243371425,0.040154011986541914,0.2676026206169941,0.05266664910760879,0.24764340000528653,0.08087673234364784,0.20852425812308106,0.08741314056641068,0.2004151318599117,0.07293966521600746,0.297409325426993,0.08961721455505146,0.26744032541196916,0.11500660535808332,0.2247501437945607,0.116445381728272,0.24620673304479096,0.11251738745766922,0.30521839638949466,0.13843326258819963,0.2742579962138758,0.15943830250555271,0.24042244470175592,0.1595158009985606
-0.0337091557057714,-0.40893937290084625,0.03925855011431984,-0.4777173588862657,0.08131412753881834,-0.4763699803666062,0.11145831814597028,-0.47516530103915944,-0.10343872385127152,-0.47212389622708417,-0.15278635167279112,-0.46744139669275525,-0.19749303915038605,-0.46298725907541194,0.1794941568358542,-0.43222494282771384,-0.23875871177169203,-0.41442988905724315,0.05381959462015111,-0.3233085150938433,-0.12051217758978107,-0.315602974761577,0.49982551704724837,-0.013208047109659123,-0.49982551704724815,0.01320804710965872,0.6565283968274811,0.5907519708023682,-0.5109081483080388,0.5782596881496372,0.6979151603482879,1.1368791712023945,0.016045769616544133,0.21884006763139904,0.7246403031139028,1.3252198520591054,0.15392110229847655,0.12405820553225111,0.6563720860861461,1.3265978012611241,0.14040067703693407,0.06496151175311184,0.6287726198242829,1.2694699458447936,0.1124039890537688,0.08469051225952935,0.7220894062190144,1.1957347562782643,0.5977116240559902,1.2267971621216984,0.5373658744395234,1.300608832405931,0.5124676248098605,1.375022626306662,0.4779803193769723,1.4278377470145114,0.6266951937928109,1.3849024659128568,0.5834163622741012,1.462852304747648,0.5598432138070455,1.501628028623454,0.5435805426130219,1.5300920344899862,0.6931891659017902,1.3882669693501466,0.6520158999789042,1.470009301175254,0.6167426837455057,1.5068399518830173,0.5874967806506949,1.5308045582385374,0.7418880406058174,1.376825324353329,0.7094391289054615,1.4476898944392655,0.6720118744073235,1.476637413995688,0.6393854111331857,1.495109235698947,0.7726903339276497,1.3587579430555543,0.748762263858608,1.416918720255336,0.7169242530230513,1.442530686702639,0.6869060550459651,1.458603952112262,0.04404009750721526,0.17164519943865023,0.057481731988572704,0.09900472116196601,0.11708586792518587,0.0470313204433083,0.2017008117488692,0.045316337570052975,0.26056188164101735,0.06776515659390747,0.08568120638064781,0.0008486335003962334,0.20933353242012404,0.007221162453475526,0.19869296463802197,0.03915963979490029,0.16074140651505725,0.05063866096166916,0.12894732970900497,0.02493725096315342,0.24558146685355525,0.035030545227798186,0.22715495393366328,0.06489648153834095,0.18602507740355198,0.07313976341401016,0.17634960590592985,0.05784534825105974,0.2757844782274813,0.06830592279846248,0.2474913263179513,0.09585043167474876,0.203638447686464,0.10089599857094544,0.2255862186074421,0.09669884912792016,0.28576040765415084,0.11379704257366342,0.25740153624594064,0.13606567821174145,0.22398698362437527,0.14011375506941157
-0.03067770960163849,-0.42372350254794144,0.04394759691197423,-0.49581424488284004,0.08363848289872818,-0.49413191537191375,0.11448096811533819,-0.49250679795404,-0.09826836833998953,-0.49191997826443,-0.14728918164011712,-0.48772257800674396,-0.19282523719117525,-0.48381101207956506,0.18182502881558193,-0.4480156894176211,-0.23622233066921663,-0.43394094918980963,0.055394594616331685,-0.33397672386794697,-0.1180644193565483,-0.3280043919171012,0.49980424326664197,-0.013989939694630719,-0.49980424326664197,0.013989939694630719,0.6560019373409978,0.6196186136988412,-0.5141311731577853,0.607711035896994,0.699668425154139,1.1908928957009128,0.014852646875171249,0.20051719247875446,0.7233740411050027,1.3869406478115371,0.1502552331710992,0.09528086147536265,0.6583939202183378,1.3881405188223543,0.13414349796379496,0.040942036621743116,0.6321884912868974,1.3284877533575037,0.10538144623228692,0.06452223821483845,0.730191762212847,1.24820086988963,0.6105258577617902,1.2834172875783945,0.5493746101549943,1.363456327354625,0.5184308080628597,1.4388980475586897,0.4829561514818645,1.4956004328731198,0.6336671749005799,1.4507927356794934,0.5878851545418871,1.5306775515527125,0.5649755997558593,1.571003484034054,0.5507206772155353,1.6002320795412448,0.6960284354779266,1.4521793939980627,0.6517900500870472,1.533533181240726,0.6173799443910281,1.5703868145567645,0.5897184472199057,1.593768243700084,0.740885758424466,1.4398256523243083,0.6996032928770162,1.51047693387531,0.6616981168213831,1.5431176767029342,0.6302786681832591,1.5650479991224666,0.7668679283837686,1.4208481975375027,0.7337478036207674,1.4793232531975409,0.6988090409421004,1.5066823926839203,0.6687948211829037,1.5232282204486154,0.03941511411618553,0.1592351622526459,0.04964142439346373,0.0804724270344724,0.10234157812056553,0.028424573385260773,0.18343940467327102,0.027412394221217058,0.24187499817002403,0.04996775310397957,0.07424821776751987,-0.019826025455499392,0.18875636956240735,-0.014852643785521735,0.18254998724455876,0.01733175910621352,0.1487532104914473,0.02944738088279685,0.12040185395179794,0.0030447914106950472,0.2262157513657323,0.01325568014466415,0.21294088867311628,0.04225045231503162,0.17754674282356456,0.05155974178022419,0.17075362724263352,0.03572081126012258,0.26101864087740134,0.04896507159965183,0.23826359432654895,0.07582807143323568,0.1998954363343668,0.08262115947789207,0.22265012103923512,0.07525775958075161,0.27310140197567545,0.09719803192951078,0.25013684660007746,0.11958378974591226,0.22229840674277127,0.12518266014863041
-0.029271946391784227,-2.8771762902791855,0.04450320969611007,-3.3735468640793607,0.08326869677077677,-3.3618677117993947,0.11367354667803387,-3.3454623746671563,-0.09524113771291252,-3.3590762724634766,-0.14311883374085602,-3.335521464244114,-0.1882087042235374,-3.313850916411212,0.180258902636832,-3.0388017152008673,-0.23083577955666307,-2.9773947099765072,0.05525237216835637,-2.2694409567956653,-0.11509647526813595,-2.2367219324593046,0.49040764458245956,-0.09746969854823606,-0.49040764458245956,0.09746969854823606,0.6444017753048427,4.250576870659753,-0.5088231942040964,4.1724056955337625,0.6906410980796283,8.180064431729857,0.016167444901349585,1.2279808821544698,0.7111614036352398,9.51637164544243,0.14949077824417467,0.5086578777217727,0.6503204696685854,9.518714155469457,0.1323675416673272,0.19043845359295386,0.6259053008344798,9.116383398162032,0.10237476960818899,0.3426223825303804,0.728163962806092,8.569797207393266,0.6129596321063476,8.829848441553924,0.5527495925195653,9.389949113247836,0.5190101419378241,9.898273789112315,0.4846287940362522,10.29213702509526,0.6423083772443737,9.968160742770051,0.594225352159465,10.513831987646299,0.5667414278776114,10.775736414421175,0.5506256701740503,10.969580672546126,0.6986528355702932,9.962818639333088,0.6536958877009796,10.512388889625669,0.6176921385558674,10.771394693250395,0.5906611094800427,10.943048795051704,0.7358569699715105,9.873150835089055,0.6948142292590056,10.344489328099774,0.6576647546240327,10.578311595545365,0.6271569739881329,10.750636761227094,0.7530510157909931,9.740767950789886,0.720191268005602,10.14135735946316,0.6861428477711581,10.338348782916198,0.6568285311871955,10.459090572956397,0.04700921800501863,0.997113159849065,0.0519309040351128,0.4893011022265723,0.10589695266228633,0.13024464487463308,0.19029287401178352,0.11763423612172094,0.24878113096185228,0.25008236274259815,0.07860398262874291,-0.2291908392986566,0.1915283976890457,-0.18288743154960665,0.18478696736325378,0.02466082091116642,0.15002140389700636,0.10675740905989628,0.12376927649017125,-0.0781206899960979,0.2281332267960785,-0.03208446508832472,0.21436588690653807,0.1536744053107226,0.17800897888211614,0.23093063454419205,0.17274637918008542,0.13569393212582853,0.26307927397099795,0.1853526592769844,0.24210536334226343,0.35540987758506803,0.2041750349037927,0.4131058374151555,0.2217813360381679,0.3932022691285026,0.2766185690565622,0.4943014601688772,0.2561646360742482,0.6372085523149266,0.22827999181778136,0.6832634178860436
-0.02842898593994124,-0.37879602987945865,0.04715684469143756,-0.4450032047791935,0.08660215154448735,-0.4434803021099252,0.11764916357980662,-0.44091817297566477,-0.09562593992802812,-0.4443024585828766,-0.14436254754240893,-0.4417202667623581,-0.19058758160037365,-0.43927479077293885,0.18547450903353044,-0.3999606126432152,-0.23414564222369255,-0.3955136251597709,0.057838865691677295,-0.2990460246759067,-0.11635126669473618,-0.2953240861272877,0.4998287207487592,-0.013086249067580939,-0.4998287207487595,0.013086249067580656,0.6603397697981046,0.5660732430746532,-0.5138559143025602,0.5508297381547749,0.7129975075566864,1.0904769072865088,0.029863084116886526,0.15085837025707088,0.7296426819261804,1.2672310347074682,0.16265481572614143,0.05873403110037813,0.6683908599927983,1.2674591702017237,0.1460518420228798,0.017649372616323683,0.644782032338737,1.2138587048016363,0.11324435584258556,0.039147058021511194,0.7504258761300613,1.1390174391131922,0.6340261148929061,1.1761137596682094,0.5738706046878708,1.2519707764104056,0.5372920452387987,1.318986560299072,0.49904049199578276,1.3713900899736327,0.6691084524374888,1.3271907511559498,0.6189657294913679,1.396050233862198,0.589675931463718,1.4297543057850453,0.5728918390212613,1.454911052866455,0.7251279351142681,1.3253971056381042,0.6793226437343878,1.3956425683507045,0.6431052350512704,1.4293319552145383,0.6157443515960465,1.4519628721455873,0.7619629586980403,1.3121706245985334,0.7202831899595425,1.372149369574187,0.6822433645226454,1.402062007457872,0.6503429209882396,1.423627740530884,0.777872066511446,1.2934560681241718,0.7450783453553305,1.343823959054887,0.7098532862442621,1.3682613450764414,0.6799694187520527,1.3820681961947803,0.06311503568316527,0.1272898846991315,0.06906243172210973,0.05687316524197703,0.1245724273855337,0.010320080345756395,0.20998893038356617,0.01110852323252133,0.27059325282432645,0.031110400936479994,0.10394535753483865,-0.03685970495626128,0.2161540311470232,-0.02471185184283901,0.20548559405222316,0.002687158967693993,0.16964545570284864,0.010515536412911024,0.1534583306247789,-0.014744626577045984,0.2558222951680218,0.0013535074110674777,0.23828040192077357,0.025428524089071893,0.2025713935385766,0.0314254057939154,0.20421577057172746,0.01618479651947638,0.2918855718040845,0.03143492005750173,0.26496154674779887,0.054336579837128,0.22510328916938468,0.05892307538120256,0.2542230167009305,0.05277148347717229,0.30117315963126207,0.0738857026934664,0.27747485932003846,0.09414922264604986,0.2507346697840359,0.0979884348349615
-0.027850504320189335,-0.09995962880095145,0.04829006995692758,-0.11778416926887393,0.08746924968227197,-0.11738429792676654,0.11862590510615824,-0.11666940397568076,-0.0950520594666419,-0.11772809915506327,-0.14385738022466224,-0.11713253320159123,-0.19021073973488223,-0.11653033026509936,0.18616957119696484,-0.10575228293113101,-0.23387868692640004,-0.10507068405253889,0.05838501626513799,-0.0788854451946909,-0.11622088782370223,-0.07800666457990808,0.49998780451487995,-0.0034921821817224265,-0.49998780451487973,0.0034921821817224265,0.6632146907801315,0.15074260076487211,-0.508068510333232,0.14670566272789992,0.7187367142244576,0.29046491808522645,0.03921701583640897,0.041773859610502014,0.7334499317179094,0.33747959835806035,0.17182809915880845,0.017123774202683878,0.672167938101064,0.33751776789526156,0.1550553284676369,0.00550079211339896,0.6491327699326056,0.323226388159823,0.12020496234971484,0.011367114001163681,0.751198194383923,0.3034452045110888,0.6340976509625057,0.31301160312338366,0.5739167561466939,0.33325605369477146,0.5391756842801337,0.3514042090484449,0.49876671766342895,0.3654061502297823,0.6705488244237582,0.3532489047770757,0.6264352720631305,0.37230971414434677,0.598538231591967,0.3813470818694597,0.5817942797829955,0.3877427100378928,0.7285630468004652,0.35280100481095766,0.6882731619800206,0.37223067621377876,0.653037819096107,0.3812164351995591,0.6249075088048731,0.38687246662118524,0.7670654359211906,0.34951093390883076,0.728282470513387,0.3659427819771862,0.6911505189292242,0.37355867868341386,0.6599815384487994,0.3790905627214161,0.7845135472103297,0.34493147070384783,0.7523935436173086,0.35870285245845507,0.7189092650159943,0.36498298059873396,0.6904262406067662,0.3688604658071385,0.08098463868563226,0.0359796357374506,0.09354586505732687,0.017461792167768296,0.15905227180268183,0.005764178443696113,0.24761759057541483,0.006444124961370449,0.3061507340825518,0.012306811655116028,0.14045575524550172,-0.007031318952858965,0.25341725468002035,-0.0027242199058266597,0.2412776177422688,0.004899883526292712,0.2017130987492705,0.006775974112361777,0.1889573902354341,-0.0007374211382650924,0.28967539600578285,0.0043508039933080585,0.2687644875818701,0.010923620330826415,0.22712482781964763,0.012428150025179717,0.2384066045721659,0.008201190482660691,0.32234603962473674,0.012017042628831333,0.2934466820556776,0.018005143516237852,0.2503193154689473,0.019220124499095544,0.2865491816650042,0.01846268225437642,0.3316643261202015,0.02301097091671013,0.3045537330066819,0.02811896930059962,0.2738456733906242,0.029323650567069693
-0.027476263247947386,-0.21877321655731813,0.04878013981030196,-0.2586963539358443,0.08769535758351105,-0.25794838801537745,0.11883641593407394,-0.25637602880736715,-0.09466758811193707,-0.25820754737555224,-0.1435367505510116,-0.2568391567459185,-0.190159859374532,-0.25539160050755333,0.18613607281576572,-0.23258910610141784,-0.23401111901540816,-0.23078709969329025,0.05838406780642036,-0.17271471407719502,-0.1161908483419392,-0.17068379066672468,0.4999366691370418,-0.00795781704741392,-0.49993666913704166,0.007957817047413709,0.6638987643813277,0.33139806941696315,-0.5007482073985221,0.3256107652546008,0.723622432376521,0.6417918781474165,0.050531401666343345,0.09686049140379234,0.7367736673623329,0.7456105458451711,0.1882673579506415,0.04592542393569883,0.675707407582898,0.7456866081133605,0.17449332718105273,0.020070702831661017,0.6530269438332581,0.7139645044910105,0.14047997456364994,0.032417617002673316,0.752407926586522,0.670527837970467,0.6343744367451577,0.6921805142808376,0.5727316149300864,0.7357394889286296,0.5371718794189911,0.7757488504943753,0.49816093059080846,0.8068960450688427,0.6721698912692816,0.7799944637552613,0.6249626960942515,0.8211665435774566,0.5981454903933283,0.8418772647585703,0.5821874136233385,0.8570438376362695,0.7308049811317833,0.7793825580201317,0.6874672787129008,0.8214048314512402,0.6528525247520371,0.8414386592952832,0.6249659596529438,0.8547975058822869,0.7698106720042951,0.7722798025667951,0.7304019316332866,0.8084592768046706,0.6940990112844322,0.8255846052127815,0.663293736861542,0.8383085448347549,0.7889338567793489,0.762361891293049,0.7576410429495949,0.7922535107940611,0.7243783088314169,0.8062361896798464,0.6953703487038919,0.8149170242237611,0.10360865107589022,0.09282979968790228,0.11842375706831658,0.050947724229520056,0.1790543317623318,0.025107972179862027,0.2591226620275737,0.02692446084385282,0.31426646932459934,0.03989946680066564,0.17100295115965802,-0.0016787246838463417,0.2767859482142804,0.008488184031044519,0.265654312132542,0.02569042660474881,0.22876612692487183,0.0315427183690522,0.21897381906868227,0.01170726092044701,0.3137160157585012,0.023764895073081663,0.2963760031911466,0.038872808729553,0.2585747467849029,0.04280650584104815,0.2665398243910475,0.03150109709589901,0.34762275879195625,0.04286638205856667,0.31979094895536647,0.05661600615461994,0.2783018712268451,0.058797228607032424,0.31102394245500176,0.05549795166205096,0.3516956800399231,0.07171454893965028,0.32642612639440655,0.08294231332143182,0.2966670038412084,0.08433127118838384
-0.02752372176710829,-0.15978002672320063,0.04886904772962292,-0.18939528143819437,0.08746610524633543,-0.1889288249192356,0.11871930506678498,-0.18781145521497353,-0.09492126093380589,-0.18868425235146274,-0.1437603577405916,-0.18756255037198635,-0.19034689178874267,-0.18632771794799416,0.18529884924119333,-0.17070513156125158,-0.2342705987757106,-0.16864185199342863,0.058155100615543326,-0.12634241005282032,-0.11652383908250159,-0.12463754809938324,0.49996270165125817,-0.0061071235107157795,-0.4999627016512579,0.0061071235107157795,0.6658046713335964,0.24340664978852125,-0.49697312902401747,0.23915950154896992,0.7237236030409676,0.4710992441218561,0.07175173374954857,0.08208477971531135,0.7371919267834833,0.5471739968864111,0.21256106597204963,0.04510653296637265,0.6749340021701091,0.5472071365586697,0.20544251884335307,0.02035432417346969,0.6521322107876951,0.5239179862345577,0.17035379117631408,0.03069836818122046,0.7461753939111937,0.4923347173438265,0.6285683448671104,0.5077589569859601,0.5667136266348916,0.5397981420147162,0.532013084644503,0.5697146908389494,0.490836990261614,0.5925097831380974,0.6628092171051945,0.5725302231019872,0.6167342013857395,0.6028854482886501,0.5920370866506158,0.618696644966427,0.5773024994211421,0.6301189342136172,0.7222419824653314,0.5721998089572863,0.6792429536671034,0.6032983096503175,0.6444828717757276,0.6181833820101005,0.6156621212232786,0.62834725696409,0.7622790369186919,0.56733363665102,0.723047671338268,0.5944926253073523,0.6874301424837355,0.6074503264856769,0.6567263746979303,0.6171834750255684,0.7820473698805845,0.5606608609177255,0.749429638590696,0.5834428224033369,0.717313019719757,0.5941979412675121,0.6885420365617505,0.6012738419088997,0.11388842933134777,0.07889461730280709,0.12724328341453497,0.04847141559164651,0.19216638772955671,0.029245582117576833,0.2778446671951779,0.030907478619918775,0.3324286405578783,0.04218148793193627,0.18132795408172045,0.008436458371859076,0.28883113621993745,0.016125219636873113,0.277130731300359,0.028299538266122727,0.23980898588777552,0.031943919636670925,0.2292640893809777,0.020140032869566588,0.32368840025973344,0.027877476402453562,0.305900266679618,0.038204191309346686,0.2678168086735508,0.04120042857771844,0.27767744874985156,0.03578767499234287,0.35590726850470883,0.04104669980155456,0.3303869105793361,0.049933044856243246,0.29069786594238567,0.05233196409660308,0.322722550862864,0.05365871221534993,0.3597158314721278,0.059671731562388475,0.33587869731296843,0.0671775546905147,0.30858499139435563,0.06981586563344247
-0.028518345480530168,-0.8212291793306503,0.04758552687077995,-0.9738447511581407,0.08563026421631766,-0.9713971039219703,0.1167986790337877,-0.965584774464479,-0.09543507083611201,-0.9695219143969722,-0.14398128158604834,-0.9635664705116875,-0.1904138258281622,-0.9569850445786733,0.18313643847718378,-0.8779436122913548,-0.23445482871992457,-0.8666910968322696,0.056706984541687565,-0.6493234825512216,-0.11710435935764421,-0.640361946527737,0.498999507534992,-0.03161473516946581,-0.4989995075349918,0.031614735169466675,0.6623208061727365,1.2531393336824788,-0.49820898600273317,1.240760280255662,0.7183061079951625,2.424147984957317,0.06379315296767518,0.5013723384225064,0.7316757752890557,2.8144341234851113,0.20821320324937467,0.31943278114296825,0.669630318303114,2.8137155650097725,0.20257795903353373,0.1736200835765706,0.646926287937593,2.6939703679381313,0.16770502623768882,0.22327918199344668,0.7333973755116138,2.53159269222061,0.6162284966390429,2.611327873419541,0.5555515372584043,2.776996032385387,0.5237836398629138,2.9292702429934536,0.4856199418496874,3.043809566609808,0.6469027117689585,2.9483873901538544,0.6052904141880284,3.1024524837138867,0.5823605205275763,3.1835880269542716,0.5685369669947854,3.2436418731362058,0.7065056056960926,2.9457479282351695,0.6660397218113457,3.1017660857841194,0.6334128240121059,3.1804445633428453,0.6063846363658616,3.2369060765844484,0.7481646956727855,2.9198334200500597,0.7099500659364787,3.057685923151159,0.675321893364623,3.1281542728618588,0.6450157184244553,3.182606211441612,0.770472430440348,2.884640135031222,0.736616332398575,3.0008472126536394,0.7045728997803439,3.058905267264682,0.6759391930471834,3.0989662805739413,0.10845451504479796,0.42931342001511563,0.11997678255983332,0.26925957343331375,0.1841572325878203,0.17048718700154558,0.2674072036258445,0.17886317137744737,0.32397633057078523,0.23752722255432948,0.18978617782730842,0.08482389838106608,0.28052563174864326,0.10569241696601442,0.26179787519842596,0.16557765000188096,0.22566172768774367,0.18123294414969804,0.2384391112337343,0.15056924225641646,0.31454658300010313,0.16863290183116922,0.29054784303798137,0.21555789443810697,0.25291721839494263,0.2304762526559717,0.28383943322240035,0.23165746355117436,0.3431766903182049,0.23778083142797896,0.3167114511871352,0.27424537686961925,0.2800758848370636,0.28613007676736585,0.32120028170679243,0.3187238708313005,0.34756365739170186,0.32582721647530305,0.32527949879277385,0.35388315755910515,0.3021012454932739,0.3664519582047935
-0.026922172345590786,-0.05961455901303966,0.04952296051997479,-0.07065538966002585,0.08655600235982551,-0.07047164215279397,0.11798957477441017,-0.07004084154918702,-0.09328723942511456,-0.07032221635189026,-0.14188393960262538,-0.06990397044221636,-0.1880966655827838,-0.06946340877193564,0.18406675254602398,-0.06368045068663887,-0.23238084660976663,-0.06295740008849794,0.057750236984098424,-0.04714327480817026,-0.11560891376660408,-0.0465071426010068,0.4999942404049062,-0.0023999087317853997,-0.4999942404049061,0.002399908731785458,0.6611705245553675,0.09086048172878318,-0.5011546626572253,0.0905227188901502,0.7150435238588452,0.17563775695683254,0.05991974931754921,0.04094757492404969,0.7286591210738798,0.20374091552082943,0.20309717602834293,0.027184703716310127,0.6670900301817128,0.2035462928217668,0.19633235933926937,0.0158815215379576,0.6445341939303683,0.19486968564407559,0.16196634553885655,0.01951337000488108,0.7252741159051035,0.18398328604683262,0.6079417167545664,0.18955461023850584,0.5460441723689584,0.20119362632238372,0.51662179555489,0.21200153829662807,0.4855777467762021,0.2202081176879467,0.6375935095583287,0.2134292148559857,0.5962699768011529,0.22486871939309722,0.5735271692045774,0.23070034978189333,0.558204115279363,0.23490309593372946,0.6983923286537174,0.2133177358253538,0.6588213836210869,0.22509234260370847,0.6255942115681082,0.2307056709766729,0.5973067364922827,0.23441391184615049,0.7410130198912619,0.21144879918890064,0.7034552404637432,0.22179060775792234,0.6687473413203749,0.22677892854655937,0.6374054636651374,0.2303914544249395,0.7634046293958858,0.20890573368881116,0.7296045441883164,0.2173379982537182,0.69721731045826,0.22142660477753265,0.6682838529664896,0.22407446455731217,0.10334115787743653,0.03294473077785372,0.11399225635913666,0.02144333409396238,0.17934697971824115,0.013961168856946917,0.26531618934564527,0.014666293680174157,0.3254824578746022,0.01918694796262206,0.17978575346902145,0.007130417633352482,0.27089631690761146,0.008355622731347604,0.2554187071673261,0.012302718731492987,0.22489653051507677,0.013673791081382936,0.228685028443244,0.011892321584118905,0.30295061986105537,0.013627164112126977,0.28147255521468867,0.016813661833468142,0.24791191511111652,0.01789339876917686,0.27414431721134785,0.017944315951723834,0.3317982926072649,0.019284026509881744,0.3052145133237556,0.021841292948539197,0.27057699707183935,0.022568234670362695,0.31213424401055356,0.024442226441856407,0.3360117742540451,0.02584239907569713,0.3117250203287032,0.028057246630289467,0.28935024540880294,0.0289536018909074
-0.025318287105518478,-1.8623589392987274,0.04987753847766992,-2.2058178445067305,0.08605424244837309,-2.2000709372614686,0.11697135748812994,-2.1865166765447817,-0.09039926166063773,-2.1952187518965434,-0.1381055210921046,-2.1823869920277357,-0.18349648201710286,-2.169281643792049,0.1820301819645267,-1.9884495597112444,-0.22706006144749297,-1.966885210854292,0.05810506216315931,-1.4742565153435794,-0.11241441827665935,-1.4551048124818715,0.4937897272756692,-0.07856020135552104,-0.49378972727566944,0.07856020135552261,0.6508701748334219,2.8453753881770907,-0.5033814145396255,2.8575932550563277,0.7020904739365075,5.475852544564757,0.05075633406127238,1.3419157712756473,0.715835300960937,6.340168362017964,0.19675435889818796,0.942485030518824,0.6546335786849443,6.325206336585509,0.18998856461410962,0.582329994407401,0.6323447982789894,6.0549599886621115,0.15689740176830955,0.6835494152676629,0.716927159206537,5.736557950726043,0.5980336231606945,5.8935045808637945,0.535213187195202,6.245515061962765,0.5066425741458285,6.580604438737535,0.4771613467489732,6.840097574328004,0.6240408040836247,6.6431418779111375,0.581577696818338,6.993915263785966,0.5591403702495216,7.173459568975417,0.545087375860008,7.3027453291432645,0.6841700054843306,6.639469897939816,0.6438586201520893,7.006313109401824,0.6111169363261334,7.181003160505242,0.5840822378624635,7.295199668892331,0.7258715719478236,6.578850163235741,0.6891555311396544,6.898133476364932,0.6545265199711189,7.052441452726107,0.6244998029371527,7.16170923306718,0.748264246770644,6.491628743770391,0.7165840087806133,6.758664436530129,0.6843377132232297,6.888412555866194,0.6559458829521165,6.968225885034466,0.08341416401777872,1.066613468957932,0.1098789374400321,0.7086326587337545,0.18253119564991713,0.4849180547512087,0.26881489357648525,0.504045450139867,0.32375886702481305,0.6685966990802066,0.1688174842122643,0.26880496648958324,0.27409487464339843,0.31776228593261685,0.2579128357823888,0.46551138201261827,0.2236960621900781,0.49068668356813244,0.2106271641552365,0.43625552806643597,0.3040825653481871,0.5045274621586391,0.2841369468413792,0.6285338460522204,0.24914632684798477,0.6478122580819534,0.2510067576664012,0.636841830032412,0.32705043904069064,0.7211266998812575,0.3023133717587944,0.8152948848360201,0.2636959400659994,0.8182241939286377,0.28498673636951183,0.852455322145827,0.3289194837786104,0.9315849389870428,0.30329447961078176,1.0067012368736845,0.2735012173747798,1.0172972264022064
-0.02475383794801554,-0.3808719999963315,0.050944863682829085,-0.450592186390589,0.08734070558710881,-0.44941873312298175,0.11853661073679159,-0.44659252729447096,-0.09026983875403431,-0.4484464762926085,-0.13826137508290126,-0.44586748467653226,-0.18395052711195028,-0.4432964778798971,0.18422873814752597,-0.40635502592567885,-0.22782427473016204,-0.40220764766989964,0.059479440563677155,-0.30208032327303685,-0.11251371777743754,-0.2984891507293818,0.4997044832876832,-0.01718805929096159,-0.49970448328768297,0.01718805929096138,0.6584731963021379,0.57676378547278,-0.5230366141901487,0.5805767468827543,0.7070712238424217,1.1125094484129823,0.050419580016931344,0.29816334908350006,0.7210357370621265,1.2864452918213827,0.19863644287382345,0.2210085603456402,0.6593976177081048,1.2826680519720661,0.19087059537267412,0.15020212331714608,0.6369581505767022,1.227739638529117,0.1572490792228374,0.16803936944135536,0.7226328187906745,1.163663773909026,0.6047879318035442,1.1955908643176187,0.5420380298437619,1.2679898525709665,0.5111296241744038,1.3372329460036159,0.47592942626276025,1.3893166624572433,0.6332095111987835,1.3476705759009846,0.5898816587476745,1.4178495742228667,0.565385818410233,1.4542714875963423,0.5494932009834036,1.4810746353188209,0.6937287710367609,1.3466197316371642,0.6515772779977612,1.4193803481604654,0.616935094462083,1.4557056031933373,0.5878974700265417,1.4805713815672015,0.7349606195842362,1.3340222080809656,0.696100951364264,1.3979257687025897,0.6598868091315491,1.429996165607468,0.6278754669942874,1.4536314412800861,0.7565068037149252,1.3164806104029063,0.7229512797534957,1.3709150156746412,0.6897577397531389,1.3972720641425527,0.6595812635299981,1.4141408357192822,0.07968313481331858,0.24265729699203217,0.10594554888063121,0.16764138923026223,0.17687565143874415,0.11768730817231927,0.2591162489369624,0.11974655108082519,0.3121874145455831,0.1538274414702534,0.18081572123986953,0.08157659263022113,0.2885084265777779,0.0858423773532394,0.26952337627919865,0.11875033979212866,0.23218276685188305,0.12956808912026158,0.2235338978699336,0.11644671938335835,0.3197966854066787,0.1276532033421785,0.29625198181152995,0.15412077852130177,0.26013160864009033,0.16061285698060787,0.26274051161662354,0.15817517565595685,0.3370425850027407,0.1758096493917268,0.30727126189341103,0.19543297354882408,0.2690824847684485,0.19769120656287614,0.29538753722022776,0.20444552330277554,0.3314863258152982,0.22177678402660916,0.29870837737142314,0.23614021344026578,0.26887513129710056,0.23731188062984018
-0.026270165740855257,-0.006950668534440016,0.049233529486202576,-0.008213645908564772,0.08595903544229169,-0.008191820894921292,0.11694006220368727,-0.008139369598381744,-0.09154157906502992,-0.008174948143409768,-0.1389811164305496,-0.008127874024144699,-0.18450150558791123,-0.008080959962601475,0.18284184237577336,-0.007410020858001591,-0.22806058684027677,-0.0073360951504473715,0.058480967926964764,-0.005520183132604577,-0.11333726032828663,-0.005457724417551357,0.49999989246710547,-0.00032792206853515744,-0.4999998924671053,0.00032792206853515744,0.6592940447553721,0.010497715330119877,-0.5544230336735071,0.010594801771115383,0.7042990801289998,0.02019437034412429,0.0355870177410562,0.0058903890214437775,0.7179702879308711,0.023336471103527566,0.19570443072029892,0.004766879086521113,0.6564672282623594,0.023242189483562548,0.19096984384526194,0.0035131393294858975,0.6341656306370457,0.022240967459030238,0.15559662339528427,0.003739148454532187,0.7266191997968573,0.021105293137247096,0.6075326974629373,0.0216772746498651,0.5446796454935806,0.022987042231343555,0.5122764786656221,0.024238099116088742,0.4746010565276378,0.025176166936657415,0.6338712183607997,0.024429810157881794,0.5904031597175076,0.02568125194333904,0.5666113314692315,0.026346154585286358,0.5520313087798715,0.026839018041635417,0.6932618831772791,0.02441912821039748,0.6525109199749772,0.025707188916074774,0.6187595248502264,0.02635896301393237,0.5903026114865546,0.026818991771913665,0.7337219621114384,0.02421059586421778,0.6965394027055275,0.025365945853093867,0.661259321669485,0.025942873911496623,0.6304035391957672,0.02637525460347766,0.7550431262847603,0.02391928318865732,0.7234395824934841,0.024930889910619074,0.6916975643841408,0.02542135250114041,0.6626705249109265,0.02574658598103833,0.06928972635397708,0.005219781464982005,0.10693498402267604,0.003961464819281554,0.18822628834349417,0.003083601567516731,0.2723241231107294,0.003198664015035079,0.3261049022416675,0.0037993873214192987,0.19341951627199944,0.002488708935285564,0.31734485812041796,0.002517828007967565,0.2984301482745646,0.003129515268298403,0.2585566006876293,0.0033152089019295823,0.22459564188152442,0.003168405483809441,0.34148825237621816,0.003356461874286956,0.3163314377926577,0.0038525493504618182,0.2773905191479102,0.003947543608378875,0.25450715298631227,0.003973015651541618,0.347907286720321,0.004318279212059425,0.3164189323936272,0.004664952804888763,0.27601424318669426,0.004672845174935147,0.2786390812157758,0.004847319524444377,0.33433997875710053,0.005117241628749236,0.30129065724496695,0.005390010473964114,0.27017503697441875,0.0054258824581488625
-0.024968811493898662,-4.167947491053639,0.04323348735660577,-4.922282049383204,0.07696791824637833,-4.908999047633961,0.10487654872955825,-4.877014317872812,-0.08372125854275307,-4.8987439229993175,-0.12642044394252522,-4.870731786245876,-0.16760538772237016,-4.843274627345205,0.1651329331746246,-4.440081507930837,-0.20702375621781807,-4.3970211523974765,0.05243811460937277,-3.316057626637462,-0.10329145558687555,-3.2786336580852082,0.45378874660749635,-0.20994230981962161,-0.45378874660749635,0.209942309819619,0.5977456213924788,6.2546835904102585,-0.522086579191051,6.324029611553433,0.6385830971633198,12.092590209239797,0.012990990140765844,4.302339879462165,0.6501725531234008,13.979268758314626,0.1789465039031423,4.12498172106808,0.5951071010997406,13.905291464083861,0.18193504829138737,3.206770293868583,0.5749758430682061,13.305653278562813,0.14532182497759286,3.1914086892375124,0.6555682919758612,12.627433875761332,0.5506289593715723,12.978195832900406,0.49518440776843375,13.744794604066733,0.4639071747850914,14.484533358826953,0.43105730958076877,15.060844241173074,0.5771903725122567,14.611651776733986,0.539686672562974,15.375775369468663,0.517156207837546,15.770616471053566,0.5028731159695058,16.058949687473106,0.6305962853738336,14.60014652744947,0.5957358983794824,15.391266886779848,0.565380294335884,15.779605516849553,0.5390457338723427,16.041299796336155,0.666585344314673,14.473306168261274,0.6347286784721784,15.170337838811252,0.6033250789623433,15.517528336832092,0.574926957913836,15.774140067605444,0.6848410738746195,14.295132067069279,0.6571238303683528,14.898824895711797,0.6289453730036982,15.189783715771538,0.6029244124029958,15.378875040432796,0.05650197263835524,3.9700186853898574,0.09635759168122544,3.233060517818051,0.19380583352220646,2.82942182070259,0.2869849316369314,3.0176379441504477,0.33730548833396184,3.42958649445358,0.19597627047407995,2.4770621655150937,0.32700893287818783,2.4736251774166287,0.3042107180915689,2.807856315803599,0.26265338445931574,2.922548699816182,0.21530108321391264,2.990912398764106,0.33348094390382427,3.0370610294124654,0.3041875535576353,3.292631179575076,0.26546555887885265,3.3370590370043742,0.23258214503917807,3.543159806081315,0.32943785407767867,3.640872374885963,0.29735082093909976,3.783327326555975,0.256951394492713,3.7817592577152945,0.2446725939538499,4.0922938674154326,0.3033712034307345,4.124042703099532,0.27726349564433583,4.228843490064806,0.2507968174596698,4.263028758293508
-0.02636748936116553,-0.1323703782363502,0.04825622954874524,-0.15588678023668306,0.08518886459439103,-0.15546479995380733,0.11577208207071892,-0.15442755911362419,-0.09071764246629468,-0.155084748005813,-0.13735878976254404,-0.15415696672941973,-0.1824043167901684,-0.15324748864552615,0.1817946537448706,-0.14048085006095704,-0.2257597563915033,-0.13912619806125584,0.058512388905031486,-0.10524141508062408,-0.11181609490433891,-0.10397971740825433,0.49995164367810624,-0.0069537028668030165,-0.4999516436781064,0.0069537028668030165,0.6629688943017894,0.19741758703735218,-0.5812428195881391,0.19971753240528814,0.7056227403182848,0.38120875291122114,0.020559858434970966,0.16587014691031388,0.7153883702114392,0.4412672450028759,0.21474934675693827,0.1671105927422763,0.6546961953780954,0.43876103811789047,0.23236467263446722,0.1429551971648918,0.6326704778119019,0.41954757643366075,0.18655632330870228,0.13908304711626643,0.7230998642429344,0.3981624715245967,0.6064721109038331,0.40907268453747964,0.5436960605480834,0.4333090600549609,0.5093355562786238,0.4568898288815696,0.47243930858259703,0.4754939273043072,0.635337950441657,0.4610295147891293,0.593579268213623,0.48539210682070477,0.5685384738653055,0.49791515832080857,0.5528924383467189,0.5071436351709705,0.6927138032234355,0.4608086538690251,0.6543918012033987,0.4857360198522703,0.6203832745658299,0.498173488644812,0.5911224223576236,0.5064643673785953,0.7309495602273087,0.4568646574969925,0.6960656379287158,0.47882625903111503,0.6611629971377706,0.48971014996755413,0.6304008168794227,0.4978246851728142,0.7495882803128694,0.4512635210008828,0.7187820153809449,0.47037500261845416,0.687419443853885,0.47953839345992355,0.6590343371850644,0.4856079334638935,0.06527956123824334,0.1490452338677317,0.1157629852333142,0.1351686091415514,0.2149708197599072,0.1273433291042038,0.30330898322293753,0.13449804345641586,0.357071817102412,0.15123384979759488,0.23595110078128056,0.1240175419373861,0.3717380182690011,0.12073562489797429,0.3525048548468779,0.13124323959410572,0.31143893177504994,0.13823930230524006,0.23903055518196126,0.1302263875754301,0.3552027668941025,0.12940004697888277,0.33735372227094446,0.1393379972829122,0.3021118744083116,0.145339934139732,0.23693443391689525,0.13887189515878487,0.339778204378485,0.13842966989088507,0.32065472782276105,0.14615203492443288,0.2841366986357536,0.15139767955207137,0.23217993685947888,0.14864220404153047,0.30900832679617934,0.14725677103440363,0.30654500819048797,0.1523619593361016,0.28232607811385124,0.1569951482178571
-0.0304502417536077,-0.09463142293124269,0.04274792462711202,-0.11113492034621067,0.0791939599684104,-0.11087768482106214,0.10930661894533558,-0.11017155352105847,-0.09378658630541586,-0.11055079131692752,-0.1394567010894008,-0.10988331969122364,-0.1836341907012556,-0.10917494542445819,0.17425258983550426,-0.10029710656793277,-0.22651382767064623,-0.09918754367328057,0.0532596191102178,-0.07560821697900841,-0.11394141367290549,-0.07472264833805667,0.4999776424414606,-0.0047283251452258784,-0.4999776424414605,0.0047283251452258784,0.6618081496340712,0.13989187119054342,-0.5878577345787057,0.14151406539871056,0.6934082719669695,0.26533646584364123,0.0055861174453456595,0.15080816360361246,0.7009605251866011,0.3077147774195837,0.20606520693354144,0.16252874861485822,0.6398119303827622,0.30572403101000845,0.2243994617423786,0.14404685370844206,0.618500856196055,0.2922022680833746,0.1810507017145659,0.14101406022393378,0.7075093213452689,0.2773945543478614,0.5917366673603194,0.2849695319382356,0.5301938818626072,0.30211527390330506,0.49563018881330956,0.31875047631037906,0.45816848011280853,0.3317472842072448,0.6207474506482165,0.32142237896309284,0.5772727423061675,0.33892361855897885,0.5521297078648769,0.34782103927139146,0.5363856524037339,0.35434973587204616,0.6778347284995531,0.3214033767503014,0.6368277124017333,0.3394311842958743,0.6022960226126104,0.34819881535858427,0.5732561610936944,0.3538989751585352,0.7157260723648735,0.3186874716260574,0.676950509391821,0.33427921565326957,0.6416753460155192,0.34177001898538995,0.6111841538537311,0.34720999464096614,0.7338951490566795,0.31476389271273547,0.7001067607941966,0.3279599970270475,0.6677578309974239,0.3341931260526123,0.6388637047546804,0.33824417604325396,,,,,,,,,,,,,,,,,,,,,,,,,,,,,,,,,,,,,,,,,,
-0.03263439921429413,-0.36195416203474257,0.039875261521086704,-0.4236530701567071,0.07604964544215512,-0.42275671296085326,0.10615938192781135,-0.42014378273307423,-0.09541920577279098,-0.4214424263954018,-0.14051764575026496,-0.41878652530121097,-0.18415355483330018,-0.41571401411840897,0.1706011209687678,-0.3830196869495811,-0.2269149978256598,-0.37793282216936824,0.05058951746437078,-0.29078724544568196,-0.11490625969478356,-0.28738076770462656,0.49965241101646196,-0.01864049799325491,-0.49965241101646185,0.018640497993255175,0.6575740294619936,0.5241518436178704,-0.583694178586484,0.5239639403116746,0.6855397210650315,0.980501879505378,-0.03366327814527935,0.6717884324861815,0.694926077739967,1.1425744178635164,0.1561649272534302,0.7696934052938668,0.6343548061054203,1.1348907369304289,0.20556390551888243,0.7273968799347619,0.6118918731373312,1.0832744337464777,0.17138810634483423,0.6980760484823316,0.6967033175209777,1.0272668095651762,0.5829033563369701,1.0574598742182821,0.523498323702839,1.1228294932159926,0.4890266589540399,1.1838933560117524,0.4521788611109592,1.231926492036837,0.6152517805836233,1.1950363801597046,0.5682169984728375,1.2590109537487286,0.5419076425052781,1.2919833665026035,0.525884176876522,1.3163789450956467,0.6703482601274625,1.1938068102804467,0.6272900136579539,1.2599917449277076,0.5917552791725572,1.2931671384847645,0.5624255364269068,1.3147454867658601,0.7064943364488719,1.1827312579315095,0.667010862338731,1.2400195270131107,0.631507846007169,1.2690930875149609,0.6009656512520211,1.2905080334224637,0.7223663734722223,1.1674504032042952,0.6879574629202581,1.2157965857605642,0.6547739644836598,1.2392716831625745,0.6254449038488445,1.2540824969212314,-0.075435404635093,0.706269160344854,0.0486238445651469,0.665072538390922,0.19132467130719744,0.6680957650054491,0.2867998954323261,0.7000144491886723,0.31616220897035546,0.7393473040463473,0.21768092239467424,0.701614737025088,0.3226593146752596,0.7583057487573073,0.27337117942052086,0.7492993944010695,0.2201394203723016,0.7287001410805422,0.17471544299874733,0.746924877094391,0.2805164609465362,0.7979207412773441,0.23333144392430616,0.7901957856962556,0.17656600969453795,0.7719365599080495,0.12136124505561666,0.7928130507044187,0.22733654232178904,0.8350142108950831,0.18578968293528722,0.8237633826436768,0.13100765648645704,0.8016207590378571,0.06483574331211606,0.8314856996627923,0.156985847643546,0.8657084138542812,0.12396571475196828,0.8515529058084051,0.07672186567020586,0.8315216971868477
-0.03400717424303843,-0.5746012218427606,0.03745405341449414,-0.6700680768846254,0.07337585497617258,-0.6689662698981201,0.10391292321319667,-0.666017759823838,-0.09678672729457825,-0.6646442744023039,-0.14144571094301525,-0.6600079842463563,-0.18460531569027874,-0.6549703913040266,0.16795214069485864,-0.6061595723422205,-0.22731002986346147,-0.5950979984140415,0.04952320741831837,-0.4605473298170221,-0.114368044906644,-0.45400085615465535,0.49903920198171536,-0.03098184767654475,-0.4990392019817155,0.030981847676545306,0.6501945336131669,0.8206492528783771,-0.5799992319003555,0.8387223796199553,0.6784728873813465,1.5317243484489131,-0.13023413059400993,1.2803336041370728,0.6899681820337173,1.792149732482493,-0.007813143300626262,1.501694115159988,0.6283442168858641,1.7798164785594137,0.09613206055877788,1.4497452327059956,0.6052043666115023,1.698327153459168,0.08198120679611233,1.3882227928503217,0.6900731047107747,1.610853208192091,0.5785274375094406,1.6579755072072124,0.5187223577374123,1.7606246759088946,0.484561903309302,1.856850040568383,0.4474018449282236,1.933458920056365,0.6057377799632517,1.8724194640851861,0.5580035464962909,1.9767469425962882,0.5314027709501575,2.0286804358578823,0.5150441409860576,2.0667968019140077,0.660271341363773,1.871791762602947,0.6165377080349315,1.978978967386034,0.5806981523136561,2.0307141768224986,0.5514490945525723,2.0618278684454547,0.6967455100511206,1.8551104699353775,0.6562749719787605,1.946394424105025,0.6212406131888378,1.9912737483281178,0.5905652839402719,2.023320261767207,0.712963679012063,1.8317082434339287,0.6778357359634102,1.9066240158121077,0.6450545070482301,1.942229279993267,0.6163341241954157,1.9644246386754929,,,,,,,,,,,,,,,,,,,,,,,,,,,,,,,,,,,,,,,,,,
-0.03547054526076506,-0.5464702597469628,0.03551386055050954,-0.6353558866794162,0.0713118407496064,-0.6347340302591926,0.10205811207899863,-0.6330223927512872,-0.0984440663280537,-0.6287981154020794,-0.14283254715219362,-0.6242403424726707,-0.18575951616691694,-0.6194477017286346,0.16598220993289975,-0.577315536210941,-0.22828906318468412,-0.5626545467194477,0.04890283571513586,-0.4386448978151372,-0.11515045335276726,-0.4310820427403285,0.4989601570161275,-0.03222982641035007,-0.49896015701612767,0.03222982641034977,0.6441543565758053,0.7685089423932703,-0.5520868655137973,0.8211416216304142,0.6738634205390958,1.4392050520221842,-0.19185466845611046,1.3925243076888214,0.68548506446535,1.6855173093797697,-0.13242979885019154,1.64140172277983,0.6238971270439374,1.673514533197127,-0.019822011995124865,1.6152444691899086,0.5991212869359918,1.5966174733624459,-0.01156345480647087,1.5431715329735844,0.6821470904832826,1.5100086433233921,0.5746139342076689,1.5559521869005213,0.5162293057235535,1.6537262929433685,0.4828015314376003,1.744643819012332,0.4481973341072227,1.8173196662023858,0.6015312687572277,1.760620402597148,0.5535048934914858,1.8575740036410882,0.5262769360664437,1.9051242882466364,0.5101955027163326,1.9410526558659782,0.6549199757681579,1.7595536067938164,0.6081632272636838,1.857729189136637,0.5708574704807156,1.9059737686342986,0.5420922416246997,1.9357005672313465,0.6895572073272902,1.7432705527510048,0.6470982794005851,1.828603629856275,0.6103268007051277,1.8721310717863702,0.5793762564918037,1.9052697224094306,0.70469547973806,1.7214328609617773,0.6691993582313075,1.7941786391381553,0.6372282923082428,1.8299869260598638,0.6088171701594385,1.8535692705836084,-0.23249637671734472,1.4332269278247196,-0.11070608552039551,1.4365122911344321,-0.009491231120052556,1.5153378859784277,0.039834097212076224,1.6045745608900397,0.057579545564709116,1.6667033665729292,-0.05764788933899494,1.573658656915969,-0.006447699983058321,1.7240790940618154,0.00299570734919246,1.7602217123922466,-0.005830162155727063,1.7432984137017316,-0.13704245585302996,1.610215567583709,-0.08708930863258003,1.7641275390746463,-0.07257868656814788,1.7959021175501193,-0.07446332302699546,1.7758887608144873,-0.2110937358660056,1.6330952589301215,-0.17262335397745368,1.7768845111934652,-0.15467439117981466,1.8008953571393886,-0.15072284010702713,1.7812341628209443,-0.27429133350028034,1.642420876357419,-0.24683946805023552,1.758460621696801,-0.23271758807061216,1.7755875839371298,-0.23059100959453385,1.757364293285699
-0.036635317027470575,-0.4481468627452082,0.034187142395652584,-0.5194368411901349,0.07005417259644851,-0.5196773358137597,0.10084932212465247,-0.5192436087915574,-0.10039069999328772,-0.51229640091221,-0.14466420226809526,-0.5082514102398199,-0.18738891781167522,-0.5040742436318318,0.1650458077721881,-0.47384281439269094,-0.2296064958248698,-0.4574987907257547,0.048565388411586294,-0.3600134413796781,-0.11625523547296109,-0.3526469791212049,0.4992623271989015,-0.027150113074110385,-0.4992623271989015,0.027150113074110385,0.6422875765297773,0.6207191110608663,-0.5359535295861813,0.695483654519421,0.6736691222523911,1.1682293747263897,-0.2872765653385577,1.2311378837495714,0.6839387204137838,1.3684445974534316,-0.2695046840067711,1.4336804883913712,0.6218078452620408,1.3583449539364345,-0.15334685835840575,1.4277046436110175,0.5956711847772757,1.2962290482567456,-0.13918549975996775,1.3596972415239057,0.6803418426364096,1.2223154509840863,0.5752517608458213,1.2603194810280376,0.5197092094985513,1.3405370450358036,0.484487872090968,1.4139757587075115,0.44880968134260923,1.4727772029876074,0.6037956610944814,1.4269373673929089,0.5558312824566974,1.5069670131757267,0.5266883517951328,1.5456668607625963,0.5086470246969117,1.5748061707870729,0.6560959350634674,1.4256284977346676,0.6101535367536073,1.505867770707048,0.5719575989435851,1.5452143645314043,0.5419440863995987,1.5692036749710863,0.6901522290695745,1.4114961879054004,0.6482470531656972,1.480115737567644,0.6110815622161192,1.5152060175171864,0.5787703064685271,1.541115892920145,0.7044127241691356,1.392335313012154,0.6685820805176051,1.4493344609591154,0.6346106884597842,1.476760797994446,0.6046456913148182,1.4934070511531303,-0.3233300766043382,1.232779398063527,-0.20526330476951699,1.25971163001882,-0.12724540522917946,1.3424684644813876,-0.09231541290008874,1.4218147301489312,-0.07076943781950612,1.478996369079687,-0.17747476233060544,1.3969086682243648,-0.1499202056182196,1.5066712285328485,-0.13115359015026803,1.537745123893582,-0.12297908232782236,1.5342056581211574,-0.2503564309121504,1.4138712843153023,-0.2301039471210757,1.5194202702730584,-0.2095821860198129,1.555483609334455,-0.1965202571148009,1.5621279093169098,-0.31661962202108135,1.4195952146521038,-0.30053744107080244,1.5168470795610458,-0.2792262097698553,1.5546946241517314,-0.26556070213328037,1.5669167712299332,-0.36843945877476836,1.415818307079203,-0.35360259062746985,1.4935377572109163,-0.34021385660405673,1.5254641817028816,-0.33122932691984147,1.5390318323171124
-0.03909932967920954,-0.49543518790925634,0.031182202882845622,-0.5742851605272657,0.06755548813109065,-0.5750619394260525,0.09812482533148545,-0.5750763911264951,-0.10403425524887458,-0.5653452888000589,-0.14807694088844298,-0.5606912183394374,-0.1907135388729871,-0.5559252717840109,0.16296809719036792,-0.5243944022581208,-0.23234616194098195,-0.5044377251995893,0.04675237237054081,-0.3979725463738718,-0.11858999438291193,-0.3895642729724262,0.4990422712545918,-0.030932369793769475,-0.49904227125459166,0.030932369793769475,0.6411999591738461,0.6829131110743845,-0.5259137564401898,0.7668426072306993,0.6759133594630595,1.2895199979758964,-0.3787533105005526,1.4085990196154639,0.683780401342952,1.5121541741400006,-0.4026730740179187,1.622785429369155,0.6205717190307416,1.5017800957274958,-0.2987744443383116,1.619161540899563,0.5949334695157112,1.434429939153016,-0.2604625186868332,1.549540224850362,0.6820082047530442,1.3465062919950812,0.578381500756302,1.3871205535836078,0.5228489642787109,1.4753441981093496,0.48714229746418025,1.556859761957261,0.45383987527638064,1.6207848655268586,0.6061717153187977,1.56980848555378,0.558871149203406,1.6588857770746277,0.5299138043146417,1.702908895796851,0.5108569151873108,1.7358216468857475,0.6586876895544752,1.5687921323450704,0.6148293231529665,1.6588890162488652,0.5763981717912333,1.7026729344120397,0.5450563126973788,1.729033832688234,0.6930203095696368,1.5536903545498622,0.6529183119035162,1.6308210731497068,0.616545701199601,1.6694357675649334,0.5841473370495305,1.6968765566983348,0.7081891251812275,1.5336959286531058,0.6738649369701857,1.597724436631042,0.6402478398526339,1.6279656164760596,0.60962369592546,1.6459754252344567,-0.42408749557715686,1.4296302304353483,-0.30656686475174344,1.4708198192018376,-0.25117817485243676,1.5633004861769042,-0.2336579820259464,1.6552686161207586,-0.22680385277497037,1.7254737310343886,-0.33645322581843135,1.636058319556635,-0.31922839909025896,1.7671479501002008,-0.27122495778343714,1.7917721526508001,-0.23970198353708835,1.7782164576356945,-0.415663954625355,1.6540927958726834,-0.3909397126769151,1.789694845295809,-0.33441905307452,1.8106682493139235,-0.2994579263802658,1.795708247683401,-0.4667258642405661,1.658996656500437,-0.44076796503135246,1.7810676784661088,-0.3887012373191802,1.8015719005543385,-0.35306050721286675,1.792678623102696,-0.49572410337931133,1.6530188850294532,-0.4779351046374804,1.7496200308013878,-0.43690274170477694,1.776066642611242,-0.4040420617348157,1.7749914859317666
-0.042529763306831586,-0.5708353891924302,0.02667354584551983,-0.6612405635768178,0.06391666271236629,-0.6625578800706449,0.09422731032953818,-0.6629461897913662,-0.10864215344346276,-0.6487723147798716,-0.15240317525971722,-0.6427436780695116,-0.19503114488211903,-0.6366330743659743,0.1601037007930936,-0.6043350854770141,-0.23632702746093812,-0.5770540467756688,0.04429654652243457,-0.45824723797973416,-0.12197427404291832,-0.4473105602692158,0.4986150340125611,-0.03718935138789811,-0.4986150340125611,0.03718935138789811,0.6415636732654623,0.7802476569386901,-0.5216936873469538,0.8737473347802788,0.6769710679441047,1.4757303239313388,-0.46292723112021017,1.6013188679158166,0.6839752675603631,1.7305088277535614,-0.49770495498653183,1.8473373097124297,0.621656635609196,1.7198759268473223,-0.416161146800125,1.855959382086917,0.5976914186283853,1.6437563876877352,-0.37972981805604106,1.773724677582433,0.6857130371960859,1.5410059862718133,0.58234298110882,1.5842554782057099,0.5262730114692834,1.685852354562867,0.49183296168716184,1.7802424077772985,0.45877761249581067,1.85310522010884,0.6073680819260605,1.7982594656341104,0.5598264130172904,1.9013525603571593,0.5336431374603536,1.953483282915275,0.5162975844277717,1.9932607955694783,0.6605876153708644,1.798852193908251,0.61801225929565,1.9014366656197235,0.5808090678215246,1.951579367852884,0.5499475851251165,1.981925116791302,0.6953425005591464,1.783185521761884,0.6564543221718783,1.8736095129168793,0.619671531549074,1.918254011799006,0.5871113587326995,1.9508800112119669,0.7111395912206446,1.7616568553660685,0.6773249828660218,1.8379052608940598,0.6448353561884808,1.8750963228974677,0.614364837825032,1.8993388807995568,-0.5052026392238379,1.6478504608078206,-0.3996206994622865,1.7107663290525472,-0.3556176722465088,1.819494761469998,-0.34196251123433796,1.922200686882665,-0.33119466665254904,2.00064837375107,-0.46667658076504187,1.9073907480041155,-0.45501362917949423,2.055986785492618,-0.4053745237497258,2.0877663153308204,-0.36435363577204277,2.083131687709643,-0.5374915392977201,1.909822387951275,-0.5210549656511134,2.0671591004896093,-0.4607820871384182,2.0868519913408403,-0.4172520743211492,2.072064575566503,-0.5787652599000709,1.8989796515425024,-0.5663970161015823,2.038958748503047,-0.5116605714964679,2.05752206291265,-0.47006059614893675,2.046903417135659,-0.5972275397010922,1.8808462718310255,-0.5961049763815984,1.9875952370010694,-0.5562727993020274,2.0144467686581664,-0.5184514409422972,2.013591175800689
-0.04518462822351493,-0.10760205344728518,0.022769520854051515,-0.12446272207400563,0.06103601479573184,-0.12471866739301782,0.09111449866073953,-0.12470799640138926,-0.11287201446321936,-0.12164428603012584,-0.15618430631140445,-0.12013988751726122,-0.19885094740534823,-0.11870778233134563,0.15796780642739572,-0.11317859745365955,-0.23938179206409285,-0.10713171100191368,0.04280332529086762,-0.08621960494464595,-0.1243952375060878,-0.08385484452505437,0.4999501427710263,-0.007060789136534445,-0.49995014277102606,0.007060789136534543,0.6407758539240294,0.14437299634543108,-0.522273026416543,0.16093522058004434,0.6775044389337818,0.2734847049678389,-0.522208918648841,0.29598359276294534,0.6867398530671772,0.32093374468453345,-0.5627831228545651,0.34021881506524476,0.6253562844026882,0.31981461123081345,-0.49085751027084845,0.3406945722464674,0.6010956016282962,0.30553619051148095,-0.45784768390750635,0.3254206325308944,0.687038796818813,0.2865704046525673,0.585541380388796,0.2944020672808841,0.52732407489319,0.31227756305948967,0.49223891833789735,0.3297861246408076,0.4616956743287034,0.3432775861408781,0.6092182336380387,0.33311484010862924,0.5597614197378189,0.35298686785560357,0.5327785704046221,0.36290175105259853,0.5138148660374009,0.3703920476021833,0.6629112414035061,0.3335916009969853,0.6200779370508601,0.35356109398928004,0.5829001742341172,0.3629771347409846,0.5509972019313641,0.3686762894977051,0.6967704745172466,0.3311567659714763,0.657000285036177,0.3488413460879746,0.620018656420224,0.35767597627599534,0.5861397760117586,0.36402305040065897,0.7115576043963171,0.32779947126369896,0.6750966290905788,0.3423630504622942,0.6417514437310673,0.3494640671242008,0.6103894495261756,0.3542328910216594,-0.5659482004108356,0.30462434899414975,-0.4657363267994673,0.3174371988186722,-0.4216743043469675,0.33705697911502047,-0.40137238208644654,0.35558329972958685,-0.3822138138176633,0.36970434973574356,-0.5328572442701375,0.3534725036280864,-0.5241802536773331,0.3801450698172477,-0.47156183437206567,0.3858169660012933,-0.43146356894373333,0.38550349241553095,-0.5978639603924827,0.35309257406475597,-0.5834767207103595,0.3810305508156548,-0.5180215042739456,0.38537195395436674,-0.4724440995291595,0.38362439418176775,-0.6319143311967167,0.350513839132335,-0.6201680436094266,0.37569706241563244,-0.5618789238641358,0.3803470262578222,-0.5188062951369506,0.379578556380491,-0.6455381210428636,0.34693166119998897,-0.6396081948737308,0.36621762963445115,-0.5970686683891935,0.3719784331398378,-0.5574751351874189,0.37235508744831186
-0.04808385372017908,-0.18358201835292332,0.019042739655388257,-0.2117696632566126,0.05763434166223466,-0.21220206567365846,0.08761949119669923,-0.2121430003950413,-0.11630451058571459,-0.20676837208386742,-0.1592835235657736,-0.20391982086204793,-0.2018288499136458,-0.20114125642319364,0.15458709713216848,-0.19229746797781752,-0.24219957293411543,-0.18090723049415997,0.04190548853737652,-0.1468019579141385,-0.12628496615551021,-0.14251921257235853,0.49985625809999246,-0.011988379301381283,-0.49985625809999223,0.011988379301381382,0.637419527854382,0.24336138504410348,-0.5253377777722835,0.2705187531784356,0.6763662947858923,0.460852490096902,-0.5630658945648596,0.495747632617917,0.6875429174222846,0.5412740795143206,-0.6000232476858489,0.5682615179565108,0.6263453468859318,0.5400207365908504,-0.5391188868409903,0.5704093543748721,0.6025836132017728,0.5157618019777886,-0.5071188821246764,0.5444553131318529,0.6839067453473133,0.48389258482471964,0.5844262501731935,0.49644152705335365,0.5282708044383363,0.5268928208990624,0.49541238587745196,0.5565134563283556,0.46411730154945197,0.5788068767793154,0.6096696690380649,0.561722612704264,0.5601654937105445,0.596389874693739,0.5310463650752004,0.6132830793090523,0.5099016272019496,0.6259392751681414,0.6627560908760789,0.5626354721574873,0.6193896252509322,0.5970426686107719,0.5816501823993591,0.613154250135314,0.5493797046323733,0.6230953154359049,0.6952645849276559,0.5585835494667861,0.6557286938826512,0.5888739182892438,0.6188089534202705,0.6041008133840237,0.5845149991429452,0.6152426200769393,0.7083409426537055,0.5530757233801346,0.6737379729159875,0.5784380419753322,0.6414140767214939,0.5908762535231475,0.609825867224828,0.5994687582133807,-0.5973034721156857,0.5092548142647798,-0.5024115522462158,0.5315148015391641,-0.46039711378311565,0.5644456780700027,-0.43839167994892936,0.5953001314476458,-0.41700647462906515,0.6184173453694314,-0.5767491261983544,0.5894102755966557,-0.557612988817656,0.6328257963016377,-0.5094199316032682,0.644868693969622,-0.4685526369663305,0.6469485941731815,-0.6361220179166115,0.5893595463233983,-0.6130071374377002,0.6362837674660794,-0.5500674668865349,0.6471347501003549,-0.49929257535782623,0.6464620745876516,-0.6634116499326448,0.5861137643862905,-0.6408585926936761,0.6265947437393005,-0.5842554295371283,0.6370209912983581,-0.5382259876824594,0.6377755112273189,-0.6687958386204119,0.5813434295973305,-0.6553381984157433,0.6131287517659789,-0.6141669596881129,0.6243302924010431,-0.5743291531002954,0.6271234337048844
-0.014411306644223677,-7.376114581042526,0.005113547500285305,-8.479735402884852,0.016726239401977393,-8.492558176353125,0.0257510864231347,-8.486798840158574,-0.035583045165407126,-8.288754679129747,-0.048523770343106114,-8.168017984931721,-0.06130238638123158,-8.046438504321982,0.04589189424954735,-7.687546338759266,-0.07353703506492763,-7.205162011004025,0.013239710086932786,-5.8819500845880075,-0.03772088647020128,-5.706167904838612,0.15042937065923226,-0.4768343574482283,-0.15042937065923226,0.47683435744823377,0.1913996131167859,9.672641904327367,-0.16231479662565163,10.760326078696048,0.20468386315403922,18.251089774613277,-0.17960980432526957,19.525971892463875,0.2078698813479602,21.507109023327693,-0.18791074361017676,22.449411654532764,0.19037379523184642,21.487208618288243,-0.17004068470730482,22.5040526026065,0.18329802254156607,20.523841649651974,-0.1609319977796617,21.49612263709336,0.20527806831651169,19.243672155997384,0.1756035744248451,19.754610087381373,0.1588544164076542,20.941853064137188,0.14936244680072452,22.078791450693398,0.14273599089083422,22.951925270374005,0.1834912409668289,22.340023301154304,0.16908644616000215,23.72199429619476,0.16115619830628972,24.404626449659553,0.1553591368111074,24.909425347391927,0.19903377586385543,22.374813524229708,0.18635283738668426,23.7488605527129,0.1753303824965508,24.383363392063902,0.165713161767189,24.77403304106605,0.20817975323534202,22.211000685813776,0.19602576485002782,23.396792295654272,0.185107753726894,23.98668245808728,0.17503653583401313,24.39126961574933,0.21133743476184028,21.983870635001445,0.19992493098637504,22.93390560974805,0.18977735162526882,23.399659543741265,0.18020734171703495,23.692111751466292,-0.18601124572885708,20.065851996369577,-0.15839805361570564,20.92028482914613,-0.14508910438270056,22.151306567844138,-0.13736123222559046,23.34118968392758,-0.13013362688912872,24.249355029740418,-0.18122789417095425,23.18069476254302,-0.17224702748909126,24.881835181703302,-0.15909426060615384,25.45769782967109,-0.14731602558813595,25.666786928411277,-0.19794792697791266,23.19502745440364,-0.18874624287244424,25.009431270149065,-0.17101883390754943,25.514907945585172,-0.15578769710979465,25.59608868133547,-0.20487097673174245,23.089499949934407,-0.1962801334983465,24.63958465552129,-0.18031058995138746,25.138109673776174,-0.16625616252075487,25.276404713932696,-0.2051253199431963,22.941226318663237,-0.1990415849813588,24.16498057706153,-0.18709406762788483,24.654662547998583,-0.17512007049812092,24.83735380203683
-0.04802891435968949,-0.11609231226452367,0.01510356665563131,-0.13318338476070876,0.053775335759201404,-0.13337445848486779,0.08375833619719318,-0.13326139727395916,-0.12018242599552435,-0.13015467182638246,-0.1631775802053741,-0.12815981215594346,-0.2055933081772981,-0.1261292372515992,0.1508019231499405,-0.12058765489348874,-0.2467222408054012,-0.11264809729718231,0.04502475485430009,-0.09249143019433323,-0.12495695577456005,-0.08961310450075133,0.4999472561990147,-0.007262301224599665,-0.4999472561990146,0.007262301224599732,0.6367294437389844,0.15146802926898442,-0.5621489973038744,0.16611421903858625,0.6842655960072507,0.2839153913788702,-0.6063324706461305,0.3011732923432272,0.694010083850743,0.3353263874641627,-0.6260078144683885,0.34637022654180666,0.6390679785685978,0.3356334384953114,-0.5617386656439313,0.34747623235443886,0.6154148901344654,0.3209823607932311,-0.5336936905944614,0.3320082033922042,0.6847274096418625,0.30138663948697575,0.5854449295387418,0.30934630426006865,0.5291598898515831,0.3282298315863335,0.4996358241219883,0.345950364250842,0.4790437116488424,0.35948432720283885,0.6118516262232555,0.3498089425851097,0.5629303717483555,0.371075336994637,0.5354406907611856,0.3817278082058785,0.5153236011135205,0.38962009727333047,0.6623872809103872,0.3507293180529339,0.6182697688481754,0.3720110983408312,0.579368193693205,0.38176880018507303,0.5455892443663883,0.38779639855666936,0.692050551189909,0.34845537410137956,0.6509283078315404,0.3667933970541077,0.6139710239633245,0.37553624191750373,0.5799600670532962,0.38143242155905344,0.7030348401404763,0.3451016969742647,0.6659088850657794,0.35987447308612175,0.6323893777955177,0.36686077275974877,0.6009821556240877,0.37112743791128283,-0.6382394405387704,0.31103097462452917,-0.5469921281761148,0.3227069122431411,-0.49867934322419266,0.34130377343848006,-0.4640473003204205,0.35991268783095354,-0.4311586165884535,0.37405714244057603,-0.5998967157667185,0.3597709377890775,-0.5698013525320402,0.3847130574224273,-0.5298512555146936,0.39449264387344796,-0.49483800891033053,0.399755280812161,-0.6511218732823512,0.3605961096629457,-0.617963163206274,0.38701305183230456,-0.5660600185670004,0.3958353811431633,-0.521787467860679,0.39880368923009907,-0.6736781755028556,0.3591777760738756,-0.6461338795919005,0.38244572328865634,-0.5997009487840962,0.39115457480345195,-0.5575124866345593,0.3948235791201164,-0.6760934252486697,0.356975762492317,-0.6551544021666118,0.3758059669188166,-0.6192099076059853,0.3844461652001644,-0.5830533039227509,0.38876454245553344
-0.05049355989373808,-0.2325956938831667,0.012445082663115035,-0.26670448705821137,0.05124614439342301,-0.2670579616002091,0.08125588600738042,-0.26675093545763134,-0.12301605604660575,-0.2604714563298224,-0.16599818989592488,-0.2563336595613948,-0.20843740777742184,-0.25217158294781594,0.14855252971134583,-0.2409467382889361,-0.24945771592205027,-0.22491453985037216,0.04326398196071907,-0.18525132928487617,-0.12708415143242846,-0.17944822405255414,0.49980771054766027,-0.013865513950308167,-0.4998077105476605,0.013865513950307976,0.636059177485496,0.3026459918400361,-0.5780740388112785,0.3255204951075151,0.6865171989023529,0.5657086132461152,-0.6111745252881381,0.5920235205672849,0.695879170265619,0.6686586014256632,-0.6279418161693826,0.6795959771627738,0.6422420242891768,0.6700009379447869,-0.5635667914980057,0.6821135248595673,0.6188210653985994,0.6413321635305215,-0.5395832390104022,0.6520414087317248,0.6824171273690736,0.6030791285938283,0.5841882683648464,0.6188548051901407,0.5296016767793117,0.6564865650044482,0.5001588544481107,0.6895251559430957,0.4823288867724835,0.7140984705271609,0.6131247310135138,0.699879037552564,0.5609975038090086,0.7403493723984124,0.5325151533446437,0.7613260474034648,0.512071623314311,0.7771180587239751,0.6622806362082169,0.7014038340521843,0.6162329482540715,0.7426272330197294,0.5782223843866134,0.7620894457384301,0.5455298694462672,0.7750152130047787,0.6901129463699127,0.6967859964093683,0.6481006991151952,0.7332478788334992,0.6113696900501997,0.7512316323314263,0.578110764731301,0.7635033439064207,0.6994659270922493,0.689845627674979,0.6611803853201388,0.7191245651543527,0.6282327397390792,0.7337135851539995,0.5974744000416974,0.7426921274342304,-0.6436539790019306,0.6170538740671742,-0.5544977793212506,0.6404338648202074,-0.5016149990092061,0.6768808570875864,-0.4623359065970288,0.7129193701294441,-0.4318431300765339,0.7416315926876643,-0.5984386886900607,0.7120874104010766,-0.5613521252215171,0.7606169870285866,-0.5214393622585511,0.7815461024284914,-0.4880129226393169,0.7937922562717475,-0.6457073226458933,0.7138745625730191,-0.611508111993566,0.765141705631417,-0.5613039489569145,0.7848372715529451,-0.5183773704831496,0.7932906580062404,-0.6648283802859303,0.7113855728634287,-0.634055367184013,0.7562848403783755,-0.58832998522545,0.776085415241176,-0.5478027204366955,0.7857963532165673,-0.6641798666958713,0.7079141661699336,-0.638072402514746,0.7448668681640123,-0.6023001689692414,0.7638179262479472,-0.5674218256572748,0.7745981774951535
-0.05292216155204194,-0.8025732815432594,0.009622580108678941,-0.9206840369942375,0.04851211528335831,-0.9220138154699674,0.07837527160861833,-0.9210110159819964,-0.12531081838904543,-0.8987641711163248,-0.1680395616443028,-0.8844603266700041,-0.21033003103001938,-0.8701027847946086,0.14561598589349856,-0.8318224629368116,-0.2508373074264701,-0.7760561486304175,0.04064516695995788,-0.6398219355371113,-0.12919677906411722,-0.619548471189937,0.49773268633418866,-0.047562306026433784,-0.4977326863341888,0.047562306026433084,0.6335766190863408,1.0366152521543777,-0.5931655532731342,1.1130842266874796,0.6853027427463315,1.932263821725172,-0.613973839565712,2.033682156018665,0.6959697741251313,2.2867385780416885,-0.6187273018178203,2.3312115559075313,0.6417795435589609,2.2950908295812016,-0.5510381684349378,2.341602391986562,0.6180408925688229,2.2005841215157598,-0.532109623889152,2.2383928648803604,0.6772364406836607,2.0842145052025303,0.5810967049516539,2.1358810207990664,0.5276673665201027,2.26603745202724,0.49682857739111963,2.3783770762884084,0.48040142346610987,2.461922988420499,0.6063172356457485,2.4182884575543517,0.5562202665895482,2.5528568996871455,0.5308803603738891,2.6234417866528488,0.5131133599433851,2.6769067825703243,0.6554199723127122,2.4221615764029005,0.610018384075678,2.5596365836608985,0.5735557566361524,2.623155272513428,0.5425838959271815,2.6661937619168454,0.6847787416962902,2.404576435487047,0.6433769097802385,2.525631152487049,0.6085363352845806,2.5844432616811766,0.5768450087905418,2.6254792205331707,0.6952919037767561,2.378418116466344,0.6577291953977117,2.4734395527447743,0.6256280016738246,2.5198556104369945,0.595641411735615,2.5483355761590505,-0.6437039243109841,2.1295228616435504,-0.5566582022848071,2.2026698830822484,-0.4974378829038089,2.323951279943559,-0.45127650159857197,2.4430441230170086,-0.41838837632034725,2.5409042355281692,-0.5831675997113763,2.4562237734303425,-0.5476823804905546,2.6106629491922506,-0.5140879782242621,2.6809969924535615,-0.48427301173419474,2.7312673748941547,-0.6274516910333664,2.461339987761973,-0.591831962991858,2.6165876933845205,-0.5487127129843998,2.687421506289292,-0.5106395305265966,2.7255601052896377,-0.6441057599016337,2.45157204186021,-0.6114442113923846,2.588994118795262,-0.57348448640621,2.656287353358683,-0.537545099124591,2.6960825180459853,-0.6436073755534579,2.4407999540347487,-0.6155774620112076,2.558853751855602,-0.5829526899551316,2.6189503802638097,-0.5493984458848329,2.6558389798259086
-0.055934020065292966,-0.36468282546743874,0.0068548046280516835,-0.4184004990791509,0.04664776682019614,-0.41900209085594453,0.07654625263709933,-0.41855880811648716,-0.12829626493614843,-0.40842964496437095,-0.17092505367057487,-0.4019479534153295,-0.21332570564650802,-0.39545649831332486,0.1444307827756394,-0.3781081466651053,-0.2534950170482143,-0.3527488869849416,0.03870595763697139,-0.2908768159825544,-0.13191434745226568,-0.2816664729039643,0.499532187403857,-0.021623916100417463,-0.4995321874038569,0.021623916100417463,0.6356640921456739,0.4682585181599928,-0.6052127611459593,0.5039783023276748,0.6877096799918401,0.8752311271937263,-0.6168817100299271,0.9303130829829228,0.6989340764581037,1.0363006347811932,-0.6126707777095353,1.0654131088300094,0.6442566771455682,1.0400193280161536,-0.540348707331147,1.0682161202763245,0.6204042401062435,0.9974554675702414,-0.522503588480468,1.0202688808151812,0.6794546286770728,0.9481005329907584,0.582159482245377,0.9702967502090787,0.5280496219575067,1.0291364534450895,0.4979457620966586,1.0798145238002825,0.48260437197526485,1.1180773648166278,0.6079943139024343,1.0995532896075306,0.5585482620318605,1.1598592692796619,0.5316660057635828,1.1909647285771459,0.5126219373660351,1.2142065177083579,0.6563970180658862,1.1011979252343949,0.6125043890610289,1.1624497490998615,0.5758666108988557,1.1907129683900162,0.5445812982045604,1.2097332413086492,0.6851369836348942,1.0933694735984552,0.6442889526363453,1.1471314318968233,0.6091711802187711,1.1735399248222393,0.5773184983708146,1.1925631616765933,0.6956355213006803,1.0818596394478086,0.6581991795482792,1.1250504594733033,0.6260575471223653,1.1466286089192044,0.5962665896510514,1.1604766396554413,-0.63165284319059,0.9678619641888141,-0.5449339504090516,1.0021573157187906,-0.48733111759957654,1.0577985836134658,-0.44383352361473105,1.1097384188400268,-0.40999589908398043,1.1528612426930973,-0.5646208106860766,1.1154187144748438,-0.5317723450121432,1.1859160999492333,-0.49828423007230827,1.217131050519236,-0.4646022923168065,1.240480413082206,-0.6066547960996811,1.1167073291168612,-0.5686949119126737,1.1843678794078836,-0.5253106218875564,1.2153997633598213,-0.48501883349190084,1.2335934469106011,-0.6213689375384717,1.11135271771304,-0.5841941971323693,1.1703245776123776,-0.5461829269666247,1.2000277466154836,-0.5102613249576957,1.2192867035342414,-0.618614139465141,1.1055474137304586,-0.5883455047303254,1.1564627732924961,-0.5544829091619737,1.1824312089379159,-0.520891767458158,1.1989933330488365
-0.060184680307978,-0.8580390183814799,0.0027164256793073905,-0.9846830908994448,0.04325215067162113,-0.9860803475444115,0.07316530444179235,-0.9850000050554322,-0.13153036113544114,-0.960982512729622,-0.17395366601366824,-0.9458205426005472,-0.2162174582943855,-0.9305803195269281,0.1413658960129783,-0.889566534112143,-0.25578991056506856,-0.8300969663067314,0.035158350739858,-0.6842776361626095,-0.13539372398806226,-0.6627738913125818,0.4974881692582126,-0.05005518402835108,-0.49748816925821243,0.050055184028350345,0.6335458782284055,1.0988200425302626,-0.6073425171730717,1.1815385396208449,0.6855556440293564,2.060868725955757,-0.6089579324035213,2.1784506556412615,0.6969639782118776,2.4380869424356257,-0.6033724447222228,2.4985039664961057,0.6411973893719694,2.447179482737358,-0.5277356288341281,2.5037224725721487,0.6175533608284647,2.3475772453494277,-0.5089473539175341,2.393492622684267,0.6775328140451814,2.238034624733053,0.5773972741203789,2.2927126887503664,0.5211053718406671,2.430234947501467,0.4926577984235611,2.5464066810787336,0.4814285869556468,2.6343108221164164,0.6033549569121711,2.588809096829638,0.5538887336586333,2.726472251958579,0.5267512179343281,2.7962759323748245,0.5081261908756434,2.847995172457493,0.649348576486232,2.594473295529461,0.6068173735178319,2.7422505923936287,0.5705834800136573,2.8104419746086413,0.5397191931181533,2.854836656926675,0.6751167797050378,2.578584045409231,0.6362761837957878,2.7115696872598423,0.6018496469712217,2.772425009965091,0.5712070987157899,2.8151051107055585,0.6822794810899739,2.5554778609966533,0.6450482730591652,2.662844597900433,0.6134778521636154,2.713664237203304,0.5844183751792658,2.745617317503771,-0.6093638872951083,2.287589482848256,-0.5287624009825481,2.368227396400178,-0.472277368761732,2.5025649040801548,-0.4292435185927701,2.625185008909131,-0.4015230475693162,2.7254173776195296,-0.5487897636443541,2.6250494526272434,-0.5050569953192993,2.7869180303818837,-0.47088649361665436,2.8679880809293965,-0.4398329818250091,2.9282485991007885,-0.576008521282346,2.6300818768981498,-0.5347955256657995,2.7789136373247545,-0.4953668809204924,2.8573378757157983,-0.4582418731342206,2.9071104454352446,-0.5826188285895831,2.623020626941666,-0.5451752200697007,2.757019243916925,-0.5116158579037632,2.8297529939049917,-0.4786118610453877,2.8820091190192554,-0.5772367428154872,2.615543671054062,-0.5486057171774028,2.7327480970333413,-0.5192311200429967,2.7965133612564337,-0.4883973094766605,2.8419929046061756
-0.06297585998951138,-1.082588725115407,0.00021851284622573464,-1.2425752646497175,0.040983279434185775,-1.2443607025003367,0.07083342258984336,-1.243024736438666,-0.13340480496019683,-1.21253223829492,-0.17571433362048514,-1.1938831791416815,-0.21791070686971403,-1.1747903541310336,0.13914572566916059,-1.122056912930328,-0.25688210852344523,-1.0481645807808522,0.032581129930440475,-0.8637001136658182,-0.13773276634154963,-0.8368627833937705,0.49600008891967184,-0.06311823660145774,-0.49600008891967173,0.06311823660145831,0.6322603939871204,1.3875520919104947,-0.6043597448047717,1.4886321504006101,0.6832138941644523,2.6041723707924938,-0.5961551722771906,2.740950811874005,0.694179713003706,3.0789572282107143,-0.5928679863957621,3.139575488716572,0.63806852985786,3.090067714359001,-0.5185003007535253,3.1431624447703275,0.6144560893319297,2.9639012684976986,-0.4991495388138556,3.0083250578541327,0.6703743573350259,2.8277390680223866,0.5698950646536851,2.8949430109662027,0.5142148044365475,3.0693702257833073,0.48640823952856277,3.2163648779246494,0.47354496972902677,3.327578152106757,0.5976455180394815,3.268900945766215,0.5491409213350557,3.4454595853736136,0.5220014224083728,3.535288065590116,0.5034805515770797,3.6018996290959886,0.64530098297762,3.2744502235482944,0.6021339312508985,3.463117887323283,0.5656538133738407,3.550361061831628,0.5347002566292904,3.6071994020535048,0.6720053209452177,3.252574200749299,0.6311379940221399,3.4206351521321654,0.5964525972490317,3.497826550153209,0.5655551520266698,3.55190892544181,0.6799748523081035,3.2215048847990766,0.6409746320478102,3.3560025094281856,0.6091987278889541,3.4200329169942902,0.5801032931827895,3.4603224995902835,-0.5783466295916234,2.8945254405217677,-0.5092855513053403,3.007493548012603,-0.4626172931631637,3.1716687600174964,-0.4244581524114421,3.3258840091607595,-0.39587340036567703,3.445391114195147,-0.526420077639788,3.3093528880505425,-0.48093541662123246,3.502981081217008,-0.44512219520426144,3.610373974873315,-0.41170464759866404,3.690485253679115,-0.5393007233638687,3.3102896982650156,-0.5008410214978273,3.486727475868,-0.4636400994142906,3.589694641534336,-0.4275289444618333,3.6626947734795507,-0.5382449452364108,3.2999920480004934,-0.5036492251860748,3.4544682138313982,-0.47275703512138,3.5510929772317508,-0.4428220465975798,3.6258183753859017,-0.5305056236835903,3.288384108366227,-0.5034416464582211,3.427915402054721,-0.47686987408080855,3.50934993825649,-0.4497864866763138,3.569950562246682
-0.06283283971525924,-2.3864174441530857,-0.0013917373801684962,-2.744618021794499,0.03813787133594493,-2.748405515328912,0.06703611637133207,-2.7451737047330176,-0.13069513603609223,-2.679785280853891,-0.17161459475267232,-2.6411702011200893,-0.21247324701885711,-2.5997428025640423,0.13336224973480923,-2.4781752358530516,-0.24952685974606573,-2.321461154265444,0.029891334998523963,-1.9066360829365805,-0.13491170641006522,-1.8512189210524677,0.4801301941211909,-0.13955284552149944,-0.4801301941211909,0.13955284552149944,0.6112625457682229,3.0743954458629883,-0.5681310780410399,3.286888141835563,0.6599598962362485,5.771685026603353,-0.5707843236019474,6.04490978776755,0.6705464551640523,6.823114148880466,-0.5662438624591345,6.929028351325424,0.6158446113244642,6.84774808498018,-0.49453508630587084,6.942660110030226,0.5932556304524993,6.567204628981468,-0.47614478673070465,6.647739004474391,0.6424729129983994,6.266673826584038,0.547445314448453,6.41189613215872,0.495157347187582,6.793969239598359,0.4679789153605421,7.114647140056254,0.4569346258250396,7.352625397893677,0.5742234576587202,7.237754758758175,0.5260434133489834,7.628165983506923,0.49987481172243636,7.825829357957871,0.48213147308507953,7.972592864816013,0.6189965354266032,7.255725096765787,0.5778890772797182,7.673745775975832,0.54272226983448,7.865450068655901,0.5126787956199871,7.992102105522026,0.6436212604570127,7.213929924599966,0.6057018328065634,7.590424366096339,0.5721639161040344,7.763918118629911,0.5424979178299174,7.8854489079799235,0.6498153123986331,7.150162577835174,0.6131110290362465,7.454279172927905,0.5832874755870159,7.60264824145122,0.5559900567787711,7.6970465327401145,-0.5449472443230348,6.411961641832961,-0.48544193708217637,6.6510202346490965,-0.44306862157523963,7.032191147452259,-0.408950458704363,7.380426784207577,-0.3796632493304147,7.668660156528167,-0.49600240093410164,7.310083185583004,-0.44956022302986076,7.740332337318053,-0.4137154359717125,8.000035671860381,-0.3825236142986066,8.186253241999625,-0.5044377573016976,7.309329249682964,-0.46716881916850067,7.709160076012065,-0.4345322493635995,7.958446223057527,-0.4060967405951211,8.147417498099959,-0.5042515631911079,7.290662440401842,-0.47190556780030907,7.6445675372103405,-0.44555438270260206,7.87874393535672,-0.42180548391385153,8.083794962194014,-0.5001735921352426,7.275366506112812,-0.4749078965460773,7.598572850137906,-0.4539679931736329,7.80107819402004,-0.4347678435863863,7.973110046454759
