pose_0_x,pose_0_y,pose_1_x,pose_1_y,pose_2_x,pose_2_y,pose_3_x,pose_3_y,pose_4_x,pose_4_y,pose_5_x,pose_5_y,pose_6_x,pose_6_y,pose_7_x,pose_7_y,pose_8_x,pose_8_y,pose_9_x,pose_9_y,pose_10_x,pose_10_y,pose_11_x,pose_11_y,pose_12_x,pose_12_y,pose_13_x,pose_13_y,pose_15_x,pose_15_y,pose_17_x,pose_17_y,pose_19_x,pose_19_y,pose_21_x,pose_21_y,pose_14_x,pose_14_y,pose_16_x,pose_16_y,pose_18_x,pose_18_y,pose_20_x,pose_20_y,pose_22_x,pose_22_y,right_hand_0_x,right_hand_0_y,right_hand_1_x,right_hand_1_y,right_hand_2_x,right_hand_2_y,right_hand_3_x,right_hand_3_y,right_hand_4_x,right_hand_4_y,right_hand_5_x,right_hand_5_y,right_hand_6_x,right_hand_6_y,right_hand_7_x,right_hand_7_y,right_hand_8_x,right_hand_8_y,right_hand_9_x,right_hand_9_y,right_hand_10_x,right_hand_10_y,right_hand_11_x,right_hand_11_y,right_hand_12_x,right_hand_12_y,right_hand_13_x,right_hand_13_y,right_hand_14_x,right_hand_14_y,right_hand_15_x,right_hand_15_y,right_hand_16_x,right_hand_16_y,right_hand_17_x,right_hand_17_y,right_hand_18_x,right_hand_18_y,right_hand_19_x,right_hand_19_y,right_hand_20_x,right_hand_20_y,left_hand_0_x,left_hand_0_y,left_hand_1_x,left_hand_1_y,left_hand_2_x,left_hand_2_y,left_hand_3_x,left_hand_3_y,left_hand_4_x,left_hand_4_y,left_hand_5_x,left_hand_5_y,left_hand_6_x,left_hand_6_y,left_hand_7_x,left_hand_7_y,left_hand_8_x,left_hand_8_y,left_hand_9_x,left_hand_9_y,left_hand_10_x,left_hand_10_y,left_hand_11_x,left_hand_11_y,left_hand_12_x,left_hand_12_y,left_hand_13_x,left_hand_13_y,left_hand_14_x,left_hand_14_y,left_hand_15_x,left_hand_15_y,left_hand_16_x,left_hand_16_y,left_hand_17_x,left_hand_17_y,left_hand_18_x,left_hand_18_y,left_hand_19_x,left_hand_19_y,left_hand_20_x,left_hand_20_y
-0.006413702917853137,-0.24430075875080057,0.05761232485150481,-0.28728388727090487,0.09478232242884689,-0.2866133466840209,0.12485523224448086,-0.2857911822118565,-0.06339797073069749,-0.28478737273921056,-0.10394633596307114,-0.2824232961846911,-0.1392585295815959,-0.280507534950509,0.17198535860298758,-0.26686497400628756,-0.17637242130648242,-0.26155027041886986,0.06889003344357393,-0.20009546027874806,-0.0824112845363049,-0.19961001539524229,0.4999715270893097,0.00533592541023229,-0.4999715270893099,-0.00533592541023229,0.624505598714572,0.3621945063144795,-0.6825364265425605,0.37673024719647913,0.6276886765072037,0.6986932499877007,-0.6997624793409742,0.7590900746196986,0.6548257546596714,0.816520951097937,-0.7652981349200505,0.8681102016564338,0.5707497947845583,0.8178502998818563,-0.6683667162830034,0.8714572454381033,0.536325007291546,0.7780525152056827,-0.6245745855716748,0.8393583930087836,0.6403794918238342,0.7107373073220613,0.5307180529331941,0.734499261552988,0.50005417299832,0.7869602976913035,0.48503976276288563,0.8390859255080613,0.44820665964936424,0.8788567947016406,0.6287120680039223,0.8302967091739705,0.5914199170066726,0.8985923307645983,0.5443145152611125,0.9267743593499478,0.5055743318622717,0.9436956401584844,0.6823622304058915,0.8308680075455458,0.6481201975694141,0.9013745634961382,0.5929913995736054,0.9289748035731065,0.5426735271389034,0.9418985140898903,0.7045460867982659,0.8267698147573258,0.6724984930353403,0.887253873158552,0.6200140183290757,0.9133409110012656,0.5709664377217755,0.9280962546156103,0.7010740941228811,0.8225573346891676,0.6754156515642529,0.8729174448758649,0.6358016346421119,0.89586682758868,0.5950682670611172,0.908800752186038,-0.7126764645468412,0.7338212674478471,-0.6018197289397474,0.7615126060812879,-0.5651588336198958,0.812839189135289,-0.5475829189033186,0.8640521750499313,-0.5227286314133233,0.9047272664305582,-0.7002945772174992,0.8508358449275084,-0.6801360210692007,0.918167478156918,-0.6527229522634744,0.9539333235404879,-0.6274014906183628,0.9786643731729198,-0.7651145157665592,0.851064281459269,-0.7428126123148191,0.9228077073561495,-0.697634433633657,0.9584457387044261,-0.6559531883650656,0.9798381642702565,-0.7970249570873881,0.8467442774888501,-0.7747276786943634,0.9109744189547183,-0.7320140943855572,0.9435414627530604,-0.6913004805600109,0.9620562781592865,-0.8019078952449443,0.8430518873612802,-0.7838406004584779,0.8968008638487549,-0.7495063690216247,0.9260063709132614,-0.7122150825213313,0.9431052939069193
-0.014976673600447335,-0.2550443367247681,0.04604567644701434,-0.2960618439093173,0.08330917923601851,-0.2956796661821238,0.11464231409618361,-0.29518121318095786,-0.07369088964672779,-0.29349423870483266,-0.11205399299822444,-0.29169829126662694,-0.14713952880451336,-0.2897956177315382,0.1659460734433087,-0.27604332821733013,-0.18432413726004418,-0.2693072965696537,0.06330307819429094,-0.21178586236382616,-0.08474947556899197,-0.2071772609855295,0.49997760332241903,0.004732459822310843,-0.49997760332241903,-0.004732459822310843,0.6220970545035438,0.3690394638089971,-0.6831984283609562,0.38257851177305147,0.6217997765117687,0.7129061733773961,-0.6999865210370129,0.7704596254122886,0.6531719269504129,0.8326896464977032,-0.7605760743798402,0.8815693562956565,0.567531523741436,0.833733174952884,-0.6670689825246907,0.8827429220741446,0.5329126211591705,0.79481761016063,-0.6233825832873731,0.8507513532462485,0.6352346010622498,0.7196528074202234,0.5245370467985637,0.7474499002115439,0.49201825267735805,0.802593308463929,0.4790611100102927,0.8549834642748829,0.4416933354982734,0.8934478304496567,0.6239577177993352,0.8465410087242151,0.585912694993626,0.9136905411596354,0.5387640947545362,0.9428276081831366,0.5006405228859596,0.9614749041737898,0.6769073821253132,0.8479417887458042,0.6406817627779771,0.9180269909908806,0.5853093346096223,0.9461998719864889,0.5362115091642994,0.9603895278543049,0.6985420382979416,0.8436032324784364,0.6665332088618136,0.9053878125384395,0.6133273537461759,0.9327738694276856,0.5640398021028501,0.9491064729776518,0.6957696879669789,0.8385198403980854,0.6706856058050009,0.8897326388455303,0.6326350586695952,0.9135380351843527,0.5931758074616663,0.928492608222855,-0.7072869227305024,0.7480067014933083,-0.5971964836686606,0.781932119110909,-0.5650496323077799,0.8333065514235017,-0.552785793017584,0.8855310009261375,-0.526775436137331,0.92591166225626,-0.6986129482486511,0.8708325705201544,-0.6806926700966596,0.940498872834965,-0.6525651570191748,0.9742786655019504,-0.627654961766149,0.9972990633123835,-0.7664497316116423,0.8690402742378946,-0.7510034899870203,0.9421416121525138,-0.7027837308516083,0.9746295977599906,-0.6613383104826029,0.991960652032112,-0.7980050481067752,0.8626949864909773,-0.7829599246086861,0.9272295891236899,-0.7401201288973066,0.9586597225103516,-0.700644995241501,0.9758266151939781,-0.803509395266623,0.8576923411286627,-0.7926199056236526,0.9112463731119405,-0.7601180297621414,0.9406609279873374,-0.7242536497863439,0.9576732082595584
-0.02038420162545217,-0.2449293575995069,0.03842914898312504,-0.2828174628748934,0.07621786040270039,-0.2824252976611129,0.10756486145532364,-0.2817414880504813,-0.0798077849627553,-0.28097773088345196,-0.11738821697768122,-0.2796383915186849,-0.15307503487008692,-0.2778391359095271,0.16145633638996332,-0.2626271196419708,-0.1902914532533185,-0.25796663949973514,0.05950071585541506,-0.20439172463149594,-0.08594606421363925,-0.1986069526588442,0.4999926436312708,0.0027122526823884184,-0.4999926436312706,-0.0027122526823884184,0.6230257942243831,0.3523503925000607,-0.6830518322213589,0.35961148020401523,0.6211372790582425,0.6822662810223116,-0.7003018609217847,0.732363711735818,0.6547471796674386,0.796663795687154,-0.7571353040528449,0.8416981938935615,0.5674345519326296,0.7975312233233764,-0.6658196930797559,0.8408118683437562,0.5326021117142339,0.760178223863444,-0.6215189229797907,0.8090829415771444,0.6321045292693718,0.6879324384309866,0.5214421382365616,0.7146440361552635,0.4893958023530573,0.7667746679258615,0.47739890864525036,0.8170865430488172,0.44114584732576445,0.8544172939012693,0.6203957698084946,0.8094285991596256,0.5839354661602331,0.8742905274637187,0.5370808967211018,0.9020770277903604,0.4996839407128444,0.9201776102531992,0.6749819127325831,0.8099710094877764,0.6413134173365189,0.8772903366964031,0.5844861534492067,0.9040371837204833,0.534896296392999,0.9169055906482702,0.698091765811785,0.8049406797531187,0.6685523880071481,0.8636469812839687,0.6150375444606672,0.8892401173852114,0.5662021601026292,0.9042711961822948,0.696911919159389,0.7996448410340115,0.6737946337030921,0.8483450323921996,0.6363119460892691,0.8709252245406791,0.5973733767946479,0.884700329237169,-0.710280821036703,0.7153967360324307,-0.5979617445070351,0.7480591661189266,-0.5658498135745147,0.796215338815893,-0.5551049297153201,0.8464749431140455,-0.5300783875754069,0.8853980777344147,-0.7003459798579147,0.8333561723382265,-0.6817148253625918,0.9004539516663408,-0.6541415705686497,0.9324544186664178,-0.6304874687131911,0.9542470637211946,-0.7689502773677943,0.8314627622305447,-0.7520352241745971,0.9021660222202819,-0.7050734902285094,0.9338824844055944,-0.6649139369384993,0.9516853912225665,-0.8012004418719896,0.8253710666968687,-0.7861567488815215,0.8874961482253647,-0.7447193452690438,0.9179591828374459,-0.7056091831288078,0.9353460675000862,-0.8073596786978228,0.8202809605830769,-0.7977807273897176,0.8708777787150884,-0.7661637409179554,0.8990656921706681,-0.7304537184528741,0.915908022061063
-0.022530143957724708,-0.24582026290978815,0.03546848672258641,-0.2829960437316392,0.07281299557554113,-0.28259710680101946,0.10410830255064189,-0.28170075060125876,-0.08149032126928604,-0.281620562609012,-0.11901387316244394,-0.28045439818554685,-0.1546646849491252,-0.2785467785964696,0.15819795640675807,-0.261992598551772,-0.1922226117240973,-0.2584416258792899,0.05690312565284519,-0.2060551644132317,-0.08692699384606854,-0.19966843453283634,0.4999953522380827,0.0021558618498378206,-0.4999953522380826,-0.0021558618498378206,0.6222662886369486,0.35146637365423,-0.6832002146587094,0.355305916270501,0.6191155457008114,0.6804624160422805,-0.7011244267450034,0.7255661252666183,0.6566567168801253,0.7944062814082389,-0.7564318842030805,0.837231209470727,0.5657911216257855,0.7951616910204619,-0.6665009316209833,0.8348422616251079,0.5304160862150661,0.7577777953178171,-0.6223107686975875,0.8020630662332785,0.6299343056149127,0.6850572347354001,0.5185196132977544,0.712327561797259,0.4857054202131441,0.7644819387828429,0.47324219359114683,0.8142472343874333,0.43772551293878065,0.851437904403515,0.6196202864277517,0.8074688452543156,0.5807436770006706,0.8719269045540223,0.5331938875942338,0.8991523637301277,0.4956288785571794,0.9168913363830007,0.6735546487323556,0.8076740891245625,0.6382259071323204,0.8748669528892374,0.5811226643911248,0.9014271388307495,0.5312334829022262,0.9140223288668952,0.6957502853602652,0.8022995573811036,0.6645959326744126,0.8605447498577092,0.6112535438370315,0.8861717906038504,0.5628291814324774,0.9012644927448935,0.6934912164941026,0.796825274713068,0.6705244769897174,0.8454660689309641,0.6341876358405982,0.8679213774675387,0.5961567521490063,0.8817815481041064,-0.7127966424245498,0.711756297466149,-0.6007224792277623,0.7442824433237443,-0.568406376453259,0.7928460540953147,-0.5568844861048625,0.843462637710851,-0.5307892868791847,0.8822211465561901,-0.7032739796560391,0.8301125722039795,-0.6844568411485483,0.897117017555565,-0.6554767429219699,0.92892914976696,-0.6300941747260635,0.9505730973694941,-0.7714686494015054,0.8290672572942251,-0.7544363273078105,0.9001593539874679,-0.7037361836259606,0.9316137449312041,-0.6595366064761382,0.9489250037803029,-0.8032006382923164,0.8232286901251917,-0.7872921934589419,0.8856359131469209,-0.7423269114982552,0.9153693001871165,-0.7004070022329688,0.9320231643887037,-0.8083122609502351,0.8181121487248147,-0.7962757406186979,0.8685393791796419,-0.7624666192650955,0.8961168376023125,-0.7256792771523004,0.9124594308464856
-0.02376365764417873,-0.2915768986718286,0.03415183081248931,-0.3361872316785797,0.07130608871911485,-0.33566511053710235,0.10247812292937428,-0.33454424269532207,-0.08217451202100988,-0.33463186027817865,-0.11970778747910461,-0.33316187619488874,-0.15532965013034833,-0.3308609588167259,0.15714803606779826,-0.31098228161821634,-0.1936169873989093,-0.3070419596124581,0.05506879715225358,-0.24388744484645175,-0.08762094586510534,-0.23657472207654226,0.499998088178232,0.0013826851098254892,-0.499998088178232,-0.0013826851098254892,0.6221384807854192,0.42014470948988497,-0.6830974248997942,0.4240017947919294,0.6184683678041234,0.8131960710518022,-0.7017997125659781,0.8616285219798032,0.6580311319562291,0.949211057803279,-0.7559334039725149,0.997329519175261,0.565131580666013,0.9500201663547858,-0.666394005662809,0.9940092906990835,0.5289074187015524,0.9050143594399591,-0.6226227905873992,0.9529974118202537,0.6290074397104505,0.8165819330627742,0.5172122914376903,0.8500700104493581,0.48381901398367927,0.9126334251404745,0.47040517859786296,0.9726086164340064,0.43394331009246295,1.0173733953436292,0.6183968485396256,0.9641903190731425,0.5794375065877395,1.0413818874839116,0.5310941115759815,1.0740251720670617,0.492436912603822,1.0951285837692106,0.6729385798078624,0.9642412965758954,0.6377668220929692,1.0447408270012422,0.5794444166616041,1.0764577547765535,0.5281993088822854,1.091245053887613,0.6954448631364675,0.9574831134531203,0.664239833323505,1.0269918942849328,0.6095072112647605,1.0573091710002838,0.5597059634194343,1.074757973669135,0.6933298622783829,0.9504354736975261,0.6693505239537079,1.0080250771669164,0.6308954446420855,1.0342737119437984,0.5910220726697692,1.0500400977171065,-0.7141773823758089,0.84776726106719,-0.602612512314584,0.8877924066583582,-0.5693217630815377,0.9458694824978235,-0.5576973776988636,1.0067112913381555,-0.5316741259009852,1.0536176032774902,-0.704911405203097,0.9902954203188356,-0.6861145790888541,1.071253907573655,-0.656815045331996,1.1091784614420097,-0.6310428883431697,1.134746705861836,-0.7728632576924481,0.9887033291859828,-0.7556923719585279,1.0749698489149522,-0.7055063193748712,1.1126250185421969,-0.6615270247002157,1.1330638110522042,-0.8040369330452503,0.9816477241955834,-0.7892125788318379,1.0576258687361364,-0.7449033281301515,1.0936903809727934,-0.7030081981089602,1.1138621788121323,-0.8088995088357551,0.9756808074983516,-0.7976904620803005,1.036886946178671,-0.764430894555568,1.070159962225516,-0.7279971414132042,1.089960580122935
-0.027559031082203058,-0.2747656461940975,0.030366751662587427,-0.3168562144675495,0.06818723408822142,-0.31630263735896696,0.09919077096470924,-0.3152154684174374,-0.08458567535432632,-0.3154319254817461,-0.12185878463298008,-0.31395316534994344,-0.15731769841737542,-0.3118356277239539,0.1541646145364146,-0.2927708017568373,-0.19613706978801212,-0.28949577106151786,0.05187989190916738,-0.229445652722735,-0.08940864962299215,-0.2228644112968,0.4999985504719764,0.001203962591813408,-0.4999985504719764,-0.001203962591813408,0.6235411974798968,0.3952086378620749,-0.6838162206418947,0.4001792614165815,0.62014051095208,0.7668162054171397,-0.701824122369489,0.8122257569657864,0.6606708667905257,0.8952540586655011,-0.753887553417477,0.9408161294229457,0.5664576270925982,0.8955983163082163,-0.6648258676013388,0.9375944428843979,0.5297890766176584,0.8530206632906083,-0.6206589019583556,0.8988916793616375,0.6282214238913607,0.7720352173974028,0.5169367516660104,0.8037816023466776,0.48331954478107975,0.8621231298838485,0.4708724507161801,0.9176429769256441,0.43615098101347577,0.9595292596184453,0.6198408269658089,0.9114939734347899,0.5796900939136677,0.9836119675550112,0.5309359042510341,1.0139638911667057,0.4924190718238128,1.0338880088535372,0.6726883330621738,0.9115716605588771,0.6364741533424003,0.9865797058542799,0.5784844368603542,1.0162785767749047,0.5277833394531906,1.0303521177183428,0.693747535122851,0.905343767822093,0.6611290441552178,0.9700587951042502,0.6074655393987742,0.9986445011984963,0.5588824741370774,1.0156303325712064,0.6907814941917515,0.8990601266848517,0.6665659207237052,0.9530227751446056,0.629328109097014,0.9778223984951369,0.5909211492629118,0.9930925014677937,-0.7151853650605253,0.8002221195703194,-0.6047965005245076,0.8378314030118759,-0.5712158024854797,0.892545678153804,-0.5598454598331475,0.9500228800860437,-0.5343205857160734,0.9940173839605532,-0.7078399496412469,0.9334245827423876,-0.6874732909726313,1.0108857079231353,-0.6578735278724829,1.0472510957879146,-0.6324370709130213,1.072440657411185,-0.7756056017245315,0.9327611617504246,-0.7571255939019362,1.0148758508496556,-0.7053351140596891,1.0501614327691924,-0.6604909179765982,1.0692321942129075,-0.8060284143637657,0.9267493504148733,-0.7901675269223427,0.9986526155209349,-0.7442881925899049,1.0318362873984377,-0.7019396616199698,1.05016038091258,-0.8094724875887865,0.9216494987622719,-0.7972462633902119,0.9788894318958005,-0.762237005356003,1.0097324222802548,-0.7244779477658924,1.0280425411279752
-0.02761327063793262,-0.28031188576502103,0.03001891803005448,-0.32329842320416086,0.06763708210104447,-0.3227388642415479,0.09838787355128284,-0.32165260747921876,-0.08479703819116023,-0.3217079122801779,-0.12188963714847743,-0.32007565465741,-0.15710327812329383,-0.31789287680681194,0.15231135582308203,-0.29860276139082503,-0.1970745936140512,-0.295135793806044,0.0514680631628895,-0.2339319162105195,-0.08900761300180327,-0.22717178518690806,0.49999814814513693,0.001360827481218418,-0.49999814814513693,-0.001360827481218418,0.6234755938676603,0.4025407046471496,-0.684021784665003,0.40706696598880593,0.6192708999896699,0.7819494102986635,-0.7019593643719673,0.827112750831511,0.6597836072216796,0.9131857113890854,-0.7537425330954406,0.9591248511243073,0.5644958932634979,0.9136235538299199,-0.6647701624474012,0.9557354787796531,0.5276387045808913,0.8699790271383714,-0.6202984200021016,0.915748116100561,0.6270427254586677,0.788211415116406,0.5151747596981683,0.8208119866934287,0.48174805740670035,0.8804805049670348,0.4690487022492665,0.9369877640500813,0.434466569660173,0.9793667146731437,0.617855670843686,0.9291827399656892,0.5781322193673744,1.003330238969073,0.5292959168086683,1.034949571626031,0.4907092150203796,1.0556959191348634,0.6720033204307131,0.929784505223771,0.6365307454505755,1.0072481475001789,0.5777551478031792,1.0375539528346336,0.5262919710034494,1.0514449562068457,0.6937854301328488,0.9239833226810564,0.6617563141894068,0.9912079168352912,0.6068583267833532,1.0204111497251394,0.557191428971773,1.0371708023991797,0.690850325833387,0.9178441833768021,0.6655839365032024,0.9735650725337454,0.6269593545898869,0.9989780115717092,0.5876152232696668,1.014276453188829,-0.7167293699710852,0.8163110031693852,-0.6061053944352149,0.8547715856646579,-0.5722610594411097,0.9104762357387711,-0.5613415512541198,0.9691095890814051,-0.5354408860404932,1.01392195094667,-0.7068645811100451,0.9501564346341429,-0.6889817892094839,1.0289924326085897,-0.6600000774338771,1.066857990597144,-0.6351197540354739,1.0927311391145575,-0.7748021961664976,0.9500953082751881,-0.7588664253954605,1.034233213594771,-0.7080631238330721,1.0708520389788778,-0.6646858402512793,1.090762992915327,-0.8059049787328537,0.945062111791222,-0.7913095849429354,1.0192117555791307,-0.7466043348776068,1.0536330960187557,-0.7056797461491567,1.0727831110456092,-0.8097053584909789,0.9410645398349119,-0.797811431654038,1.0004522445346729,-0.7643261794889553,1.032722366095992,-0.7277538701027845,1.052030635580992
-0.027613984037092257,-0.26822201557783754,0.029939324828755574,-0.30946124631970284,0.0672882519216345,-0.30892193378927046,0.09799999497713596,-0.30793842104311503,-0.08466958625848807,-0.30795509324036524,-0.12159509515306341,-0.3063876863614388,-0.15653496641833978,-0.3042998425234162,0.15162622112918403,-0.2858268276327976,-0.19731465330016876,-0.2825112637540958,0.05115165984952405,-0.22372289287584163,-0.08874844571616498,-0.21732341318067197,0.49999907866179294,0.0009598631976331579,-0.49999907866179305,-0.0009598631976331579,0.623325855655896,0.38433461525424667,-0.6833393747333939,0.3897770961380949,0.6191847288161157,0.7499542851432399,-0.7019465116729341,0.7926299688975246,0.6597384369903941,0.8750252897324127,-0.7539868654370346,0.9201005947578789,0.564099716273344,0.8754468686408536,-0.665900313344382,0.9169167192037126,0.52704560793823,0.8336425458917507,-0.6206505202873261,0.878196091933669,0.6274209738188999,0.7560388292357275,0.5151188097911639,0.7868449367891174,0.48240958100726883,0.8446024223783687,0.46936992637005365,0.8993976918464981,0.4340662233318478,0.9399544641881485,0.6162346386240142,0.8918038365051497,0.5776262672456177,0.9624463599656973,0.5302631019434757,0.9921616504549469,0.4927864402348094,1.011524020572449,0.6709313448533908,0.8923285333208121,0.6365882891490809,0.9659046290393642,0.5793481333257287,0.9946448530497879,0.5294283730933886,1.0077578666931748,0.693638010562167,0.8864370047982517,0.6634571834215729,0.950279328263202,0.6096623164429946,0.9779957177816978,0.5608654446679202,0.9937639440902338,0.6918301809017634,0.8801058296997458,0.6683882411893155,0.9331736538845077,0.6308930722309688,0.9573229276494915,0.5921518637707516,0.9718080557819887,-0.7175629548982926,0.7828412591833802,-0.6068034652621697,0.8200746089454224,-0.5732901224243885,0.8737349938676932,-0.5625872242655561,0.9295837699321078,-0.5368898216013607,0.9721943807050547,-0.7095495752339537,0.9133983714633027,-0.690222904101218,0.9880917247350262,-0.6609149013410115,1.0237412892041033,-0.6358121089346666,1.0486983199089883,-0.7771081281316498,0.9122775885115939,-0.7585356706646423,0.9921985202479847,-0.706840987353691,1.0274732173392427,-0.6625463932345971,1.0470598909386921,-0.8077789217351707,0.9060487968622808,-0.7920596940881037,0.9767267211998089,-0.7461644823190505,1.0099972292225066,-0.7040134428288681,1.0285380345891688,-0.8117678826599357,0.900974573233994,-0.8001222822807995,0.9575974680605981,-0.7654313508202243,0.9882834182805019,-0.7281168869936901,1.0067706082110732
-0.028101649053365308,-0.30256047590953483,0.02891462315257853,-0.3488621942036614,0.06589197443546417,-0.34818764862426427,0.0966258887013643,-0.3473459870226033,-0.08493253341962465,-0.3470635726081095,-0.12177482136035217,-0.34527428151828715,-0.15633227335153554,-0.34332895438175487,0.14998126988279267,-0.3231966388003437,-0.19756731923612988,-0.31896600422475724,0.05021554758319019,-0.25245799276807784,-0.08901426521640889,-0.2450728141750218,0.499999909854526,0.00030024234508425337,-0.499999909854526,-0.00030024234508425337,0.6231060822258958,0.43495610349996294,-0.6817179955230791,0.44291452503878054,0.6187377083169127,0.8512722724867275,-0.7017021388358572,0.8985306175423976,0.6600072550168217,0.9923698462912999,-0.7541319210760997,1.044461726547244,0.5636351505083088,0.9930966260411653,-0.6662455471753832,1.0408178308274925,0.526358705691156,0.9453755878710121,-0.6208712249010429,0.9958891131130921,0.6267372281865813,0.8584814210922246,0.515405258872187,0.8936897512304787,0.4817855546055267,0.9584401286703469,0.4695717471749713,1.020396352876551,0.4347148557766854,1.0669079242415063,0.6153431393755262,1.011909924683143,0.57742855917737,1.0915857789668775,0.5309052041102837,1.125166269087666,0.49371142290075126,1.1470083165359373,0.6703958914958565,1.012392778354649,0.637549904761611,1.0955669058222843,0.5812328144920891,1.1279959115663374,0.5314087949583819,1.1427044541519908,0.6934133828077258,1.0056559866017125,0.6644365025448052,1.077889762869058,0.6121194316147444,1.1090696471585624,0.5642281494843144,1.1268762508787866,0.6919932289462621,0.9982852203076852,0.6687663116326601,1.0584946405483713,0.6318151602170432,1.0860229647741317,0.5934685848476818,1.102491474003029,-0.7178004440789058,0.8878085335297107,-0.6074841303451709,0.930084721758128,-0.5740559531610206,0.9910212549810269,-0.5634960231603369,1.054363559136596,-0.5376058850154465,1.1025497896638388,-0.7113417876901968,1.036434325912497,-0.6910557838604698,1.1210973355086966,-0.6617352789357462,1.161109543168299,-0.6366701772051979,1.1887135111369385,-0.7787592774995573,1.0346613632077015,-0.7605040660218962,1.1251780988360016,-0.7100890362809859,1.1651101641160335,-0.6666893452570906,1.187039518439346,-0.8090084942209838,1.0272962618635815,-0.7938145599738586,1.106994276098424,-0.7493887939501427,1.1451545449868765,-0.7082631735837949,1.1666638599361838,-0.8130259801386236,1.0213778887560687,-0.8023149901771522,1.0853943219506006,-0.7686063101236286,1.1205666629953264,-0.7317891844316643,1.1418675411112815
-0.02872546888763035,-0.26417206176122376,0.0279130858800631,-0.30419193390334104,0.06482835421701318,-0.303499132466218,0.09530923095933076,-0.30290123031628285,-0.08516283003478224,-0.30253694895982647,-0.1219259278637162,-0.30083594335812347,-0.15618867403281178,-0.29913317900515213,0.14867560104158425,-0.28203474573688775,-0.19750711706392787,-0.2778300844233899,0.04928111070511855,-0.21991477156323563,-0.08927912873713169,-0.21376808244296835,0.49999995310771944,-0.00021654624991523108,-0.4999999531077194,0.00021654624991523108,0.6229893453172296,0.38201374627558426,-0.6801344722476879,0.3901576440236653,0.6184276884973854,0.7492646076859663,-0.7015626303615643,0.7889436484885385,0.6603814433994686,0.8730915426104203,-0.754350449901551,0.9188080833920166,0.5633248454134312,0.8738215709493901,-0.6668273342427179,0.915532555717326,0.5259138989387221,0.8317884415741353,-0.6211105583063271,0.8746801346935549,0.6288344220353634,0.7561850008017005,0.515388714493936,0.7866130099327672,0.4820619898701708,0.8443365456233688,0.47009689199328325,0.8989598425156916,0.4332225194803625,0.9395462524101252,0.6158224602317384,0.8911709193986053,0.5767385027740121,0.9615860439294163,0.5296152736251802,0.9909523535448241,0.49209555982144587,1.0100610395128091,0.6702047413760305,0.8923290571088118,0.6344828875402996,0.9656918487653725,0.5770226120293193,0.9936452948618749,0.5267667454677393,1.0062115726742147,0.6927251119572437,0.8870712701920883,0.6609213028608618,0.9509360721865464,0.6067760964512172,0.9774832500813997,0.5580486788900388,0.9923637514376726,0.6908302432903805,0.8811806259439713,0.666206807119973,0.9341986226161103,0.6284775130256534,0.9578491371719959,0.5901583852917395,0.9718288647536638,-0.7180794853292235,0.780899120187119,-0.6078578039658696,0.8179252312639954,-0.5748654221571602,0.8714188235916166,-0.5637332848906285,0.9267856325826331,-0.5391060444575206,0.9692820463544917,-0.7118384626784423,0.91140154211319,-0.6933151185178694,0.9860316606212005,-0.6639621624359626,1.0211288612445173,-0.638599964387292,1.045001711273243,-0.77892153422957,0.9096867596265517,-0.7616669116795808,0.989272599520947,-0.7120845725370034,1.0243484020038323,-0.669290896953033,1.0437163572212929,-0.80899185321205,0.9033858866450927,-0.7944525231644719,0.9738556790278281,-0.7506804603823714,1.0075301964376577,-0.7096731022875288,1.0266485555376188,-0.8124048820779209,0.8984121380582072,-0.8024137210097037,0.9552300634082157,-0.7695790431820291,0.9865028593985118,-0.7330004520940645,1.0054391877421989
-0.030106262823441338,-0.24083201861299763,0.026729849817273218,-0.2772943921265388,0.06368808975984806,-0.27661174599038335,0.09414144631824799,-0.27604414505843994,-0.08534782848890535,-0.27585017349319885,-0.12184780265309574,-0.2743223464265654,-0.15604347569159205,-0.27281726085378777,0.14788454601993273,-0.25680992464913305,-0.19743666291612777,-0.25330793525557166,0.04762604286651252,-0.2000584598451066,-0.09071746845491592,-0.19460785886183185,0.4999999191532828,-0.0002843355599447905,-0.4999999191532829,0.0002843355599447905,0.622587701261511,0.34856168557200917,-0.6797105435093654,0.3562567382253633,0.6184959128035981,0.6840217289866752,-0.7014246358979274,0.7199070036502507,0.6607668878467037,0.796995450655353,-0.7544421120831872,0.8387069622713047,0.563539303873325,0.797666993591567,-0.6671140721089908,0.8357101684750764,0.5259381600250113,0.7593002206278382,-0.6211412107143781,0.7979297247323488,0.6264951110367453,0.690566463371403,0.514459116841754,0.7185597707995314,0.48247425836423513,0.7707341086445877,0.4709332943851064,0.820269898108392,0.4350584954071664,0.8574407360422897,0.6145890219177147,0.8140054191920643,0.5767356978448739,0.8776635425668597,0.5303305583802,0.9042737658480725,0.49332112135500517,0.9216239203781686,0.669467278556005,0.8148015052505124,0.6369071447514787,0.8813840509616773,0.5800892797196036,0.9068145258057443,0.5301027659551644,0.9180603282909566,0.6926315369579354,0.8097025947810438,0.664044711876205,0.8678665070137586,0.6110185442943178,0.8922619763403978,0.5629718118865805,0.9060972323348321,0.6913265302404754,0.80405360770725,0.6682330137533814,0.8523289833174671,0.6311920974408999,0.874130852156593,0.5929406122728181,0.887130291365078,-0.7195194318233304,0.7141194272374296,-0.6106992543804104,0.7480237840126671,-0.5771641274855829,0.7959878687040455,-0.5655090943308192,0.8462000169498215,-0.5403311128396867,0.8851256955684313,-0.7130350445685155,0.8324177352587221,-0.6935419283240524,0.8998120185270475,-0.6645887673606014,0.9322169082162247,-0.6395608313734313,0.9550362582451603,-0.7803608946042576,0.8315993090268979,-0.761622719124544,0.9034251068067695,-0.71160632598165,0.9356586326510681,-0.6680508835912231,0.9537345083821526,-0.8106627787129804,0.8261582059616454,-0.7932901038008833,0.8893768834110497,-0.7490092973387072,0.9196126359068585,-0.7076462921780808,0.9368133654449724,-0.8142563469124914,0.8216725131853251,-0.8018552805935016,0.8726113190465422,-0.7676633695027992,0.9003378821290908,-0.7301196494093161,0.9170738825515857
-0.030513977727799634,-0.23790130487273942,0.026071225057234464,-0.2739446320729926,0.06299740973550064,-0.2732595457835816,0.09352351784601846,-0.2726635828601352,-0.08447728493387112,-0.2725474844694572,-0.12070276671897569,-0.27104627145195415,-0.15488644515582342,-0.26958413255113145,0.14583787281272334,-0.25352156317844,-0.19639150272787184,-0.250274047887031,0.04681452608783367,-0.19756253556316908,-0.090441707470852,-0.19232653781274386,0.49999981918768666,-0.0004252202731467851,-0.49999981918768654,0.0004252202731467851,0.6246445270621447,0.34458719703774177,-0.679381796008437,0.35332684058383945,0.6206730397601842,0.6761802007063069,-0.7009308577110971,0.7118473982114761,0.6634742287256794,0.7875479125404912,-0.7543865517232046,0.8292137472815475,0.5657832312512098,0.7883906176017567,-0.6669610205924542,0.8262176683111798,0.5280121654166162,0.7505172862126781,-0.6207253736970543,0.7889473080627526,0.6285077073755494,0.6828324533694394,0.515836380408747,0.7108519669073483,0.48343283563580486,0.7625392877904396,0.4717297889715846,0.8116315848500042,0.4365740336510495,0.8484391383018788,0.615958479871139,0.8042441305329197,0.5790861021047876,0.8678273050840833,0.5325099380373678,0.8940974089310237,0.4952836996780063,0.9110062535888398,0.671491718537727,0.8050750670785013,0.6391898956884364,0.87166542796315,0.582277952380327,0.8970301494855204,0.532111888193027,0.9080063399335865,0.694938708585046,0.8000484563458878,0.666281372577868,0.8578736531953718,0.6128576074659869,0.8823124966636106,0.564334170389922,0.8960233463572488,0.6937568627259236,0.794544625690772,0.6707741197543505,0.8422581551881501,0.6337241185267672,0.8637889852078794,0.5955019757462361,0.8765579569552766,-0.7203427192699803,0.7048234455754553,-0.610682889781374,0.7382019973564158,-0.5775155641251353,0.7866088114350295,-0.5658898919735396,0.8364979295677442,-0.5394474772051261,0.8746887464192576,-0.7131659083031041,0.8230594747315054,-0.6945514027939699,0.8893371104521979,-0.6663693611753707,0.9213477375730624,-0.641615798940908,0.9435710587909476,-0.7803897166688305,0.8218553836773891,-0.7620612282550747,0.8922322975409172,-0.7131120580683941,0.9242684451508487,-0.6705799469852674,0.9426503377268347,-0.8111115571690667,0.8163994204680882,-0.794425392606978,0.8791971457702457,-0.7511321866538708,0.9095604451564098,-0.7103488002079683,0.9271285911535432,-0.8152431655229082,0.8120155822606294,-0.8029590735264831,0.8631463449132379,-0.7698118929701159,0.8909722729796746,-0.7329322802969287,0.9079005555229459
-0.029881320595992467,-0.2595378826064583,0.02698547085322123,-0.2991437588194686,0.06392504544352712,-0.2983971244994907,0.0941307841923163,-0.2976787361184779,-0.0834275457749077,-0.29796778622722087,-0.11964077090632291,-0.2964255579597255,-0.15378987197793692,-0.2948761595692621,0.14552157082400732,-0.27682302116890367,-0.19551885671322417,-0.2739567101933051,0.04705478069303317,-0.21508637935124003,-0.09012492526213019,-0.21022807784923997,0.4999997237532452,-0.0005255917412047464,-0.49999972375324536,0.0005255917412047464,0.626847178096365,0.3775770097123198,-0.6794806924052715,0.39013022924326285,0.6224017596944027,0.7408213781643788,-0.7008802685730264,0.7799531571556821,0.6658723165548308,0.8627887911254427,-0.7544716735910133,0.9088857289636058,0.5678052443084397,0.8637103329905507,-0.6669325888588881,0.9056290446264124,0.5297836972031876,0.8222655737254269,-0.6205527281249374,0.8644550118224464,0.6342566717041346,0.7479900526227562,0.5208935548060112,0.7786047394847783,0.4850831723895472,0.8352330670278583,0.47382683899698885,0.8889170089230207,0.44044566498832954,0.9297633888349913,0.6222356228798334,0.8830651746242939,0.5822221700166198,0.9518144864066662,0.5345395154217123,0.9797952032474487,0.4968426034713658,0.9977700496990347,0.6768755386875751,0.8831448426572724,0.6421840191445691,0.955460095595764,0.5848272369334725,0.9826833867193742,0.5341822431496288,0.9941202398318344,0.6992989742055146,0.8766876761588777,0.6686570612178481,0.9390773061450273,0.6151295850211412,0.9656519546292233,0.5666280512681107,0.9807962682945663,0.6974110558581351,0.8695233472295717,0.6723360281711962,0.9212425305805145,0.6342519844585827,0.9446074264414899,0.594784856104721,0.9587109858941952,-0.7236883186287697,0.7703270860073395,-0.6126821484361894,0.8072734984285572,-0.5791664331200159,0.860399619241901,-0.5667023527901962,0.9156482413047619,-0.5398664831908464,0.9582331225472931,-0.7134703403272701,0.8984596459131896,-0.6951238970308127,0.9731453849602151,-0.6652736077363921,1.0090287361195611,-0.6393347814547891,1.033604151528903,-0.7807232433119548,0.8981176527752581,-0.763205531069364,0.9778659331906467,-0.7122524376913123,1.0126482721342294,-0.6681855590356429,1.0321011778740208,-0.8114498305225115,0.892974429417133,-0.795999627572621,0.9632623481927743,-0.750720531736247,0.9963770179296627,-0.7083627182898062,1.015215900411643,-0.8152072654384359,0.8889136773507326,-0.8032391651287049,0.9452631667783877,-0.7690214913906803,0.9758077457713886,-0.7316299014075478,0.9942592967621242
-0.028473605377840692,-0.2403933324231363,0.028471866951056583,-0.278185749743778,0.06539361805096283,-0.2775809189964632,0.09548378649547463,-0.2768754973397135,-0.0817549086522416,-0.2773555872417036,-0.11774660142257573,-0.27603214369618667,-0.1516400999856631,-0.27455439761911565,0.1463618016619935,-0.2577674186536025,-0.19431665219080102,-0.25545991595573253,0.04831513947984274,-0.19888595143508744,-0.08891288093637831,-0.19533334027786436,0.4999997056633135,-0.0005425279715316795,-0.4999997056633134,0.0005425279715316795,0.629158905081792,0.35263404916689384,-0.6789668751019369,0.36641831845655315,0.6245157409837468,0.6917979135044553,-0.7004606969410262,0.7285384218528629,0.6682157919581101,0.8054480529772482,-0.754165002912704,0.8489523021936815,0.5699971124456583,0.8062713154976398,-0.6666645502778569,0.8459556807369595,0.5318450767105406,0.7676007063906608,-0.6202307797245956,0.8073432479461299,0.6362998407834428,0.6977366330332292,0.523907767699026,0.7264550332659262,0.48812399077208773,0.7793585457657063,0.4768803678596142,0.829344313069962,0.4429549691650358,0.8678946460256463,0.6256714471099141,0.825992680790971,0.584342784111942,0.8893000127308616,0.5369044201807343,0.9150483090835,0.49964332817254303,0.9318359645178056,0.6791416304544236,0.8256602640263692,0.6431701034347868,0.8917300239270413,0.5868848855985462,0.9170552566968917,0.5369922107333388,0.9281577331058276,0.7011610656317301,0.8191826694575428,0.6692070429104878,0.8758469425619777,0.6168604047966371,0.9003613598372174,0.5694415112454129,0.9147371334389806,0.6993056427249034,0.8120835353622285,0.6736699321510063,0.8595628504967596,0.6359865762769216,0.8810399228939728,0.5970946661024283,0.8940320472276925,-0.720196665076555,0.7182792314405747,-0.6103564286687341,0.7537808548425196,-0.5779502411409092,0.8034083642743026,-0.566427253044207,0.854584040184449,-0.5411227127727092,0.8941754586116883,-0.7136581377163151,0.8395569624293309,-0.6953378139718683,0.9092168775052061,-0.6653993232642819,0.9420456374144877,-0.6392202239382991,0.9645662305709087,-0.7802631784718802,0.8383439185907391,-0.7636462522119779,0.9127522387082221,-0.712511775634113,0.9448083359627861,-0.6685798185267313,0.9627995646725894,-0.8100732429007805,0.8328925271800344,-0.7966354646225695,0.8986577408303529,-0.7512927741797714,0.9296350056547439,-0.7090624761301496,0.9471360650775499,-0.813163557273797,0.8287054559423879,-0.803456095189223,0.8814831452467753,-0.769630221428043,0.91016866909616,-0.7325461881878272,0.9273493528988696
-0.027299413357055418,-0.25687786673049184,0.029766381447461004,-0.297599495002267,0.06667890177078074,-0.2969582849084624,0.09670126717032458,-0.29617679197286834,-0.08039837082183292,-0.2968267788111696,-0.11625901557190522,-0.29545245667912023,-0.14995350166319352,-0.2938436286383298,0.14754276126168506,-0.27584013201811614,-0.19341541622603084,-0.2735309052594776,0.049454689498183,-0.21220953230328632,-0.08792870322523108,-0.20891520664374721,0.4999993270492637,-0.0008203354701225869,-0.4999993270492636,0.0008203354701225869,0.6313069959402444,0.3775976351771668,-0.6786260777375422,0.3948802781873997,0.6262619970178973,0.7412119216565162,-0.7004343698511354,0.7811845527078584,0.6702889737422176,0.8627805681266975,-0.7541698491253589,0.9104459794618118,0.5719451791459311,0.863403064170253,-0.6669942574762572,0.9073526485047538,0.5336908537885046,0.8219408527471492,-0.62054513814107,0.8658308132471355,0.6391268226056716,0.7483474874673689,0.5260684333125788,0.7789852891282026,0.489720975150742,0.8355749813096022,0.47843035077254614,0.8893662701630625,0.4444904125408725,0.9304617442293477,0.6269379478413842,0.8846349520636633,0.5853971749957764,0.9529255678957419,0.537517295985534,0.9805990059690634,0.5001530392761857,0.9985142999338397,0.6808867615823045,0.8848622769996343,0.6437629087069082,0.9567262609381826,0.5864512265631759,0.9840531264065042,0.5363897828555507,0.9959237821408374,0.7028684804298405,0.8782652116114518,0.6701126311761109,0.9400180957495485,0.6166188613323308,0.9666252681691451,0.5683415587501028,0.9820595723094311,0.7011264665512329,0.8707971450008253,0.6753821926949808,0.9221383439732297,0.6370737286030436,0.9453790183301949,0.5977571699402046,0.9593885884588846,-0.7207823958089676,0.7688960949214534,-0.6115809996708034,0.8070013829122857,-0.5787347161001023,0.8603718232403779,-0.5661740074550611,0.9156709713053779,-0.5416261822235386,0.9583532227485941,-0.7137905349185106,0.8997860792575451,-0.6962028881025871,0.9730420113522146,-0.6674922554979646,1.0085711434955849,-0.6422059413710167,1.0337218115392088,-0.7809420626191825,0.8990576819994017,-0.7637097991682211,0.9771445953913085,-0.714186652894005,1.012435232196621,-0.6710215874534318,1.0327556442937926,-0.8111086964310272,0.8934420162231171,-0.7961557868546554,0.9628280568104716,-0.7523122029174955,0.9964654741069611,-0.7109128696917902,1.0159868397795453,-0.814410114758977,0.8889677624418676,-0.8041033878967088,0.9450273682697011,-0.7712714658874131,0.9759174469335046,-0.7344908978494921,0.9949370149331318
-0.026063115506090452,-0.26308898864740976,0.031404608346246705,-0.3048971777776599,0.06824768013063287,-0.30421740312817636,0.09803805939480788,-0.3033977559256381,-0.07905397194902819,-0.3041281021744423,-0.11493379083294619,-0.30271582136985076,-0.14852878360377705,-0.3010445007678555,0.14902314180518503,-0.28248330870616023,-0.19276856680139828,-0.28016312245868447,0.050644464464584135,-0.21696359369297716,-0.0871163969818699,-0.21383686863984155,0.4999977567516996,-0.0014977460626481105,-0.4999977567516997,0.0014977460626481105,0.633629693851661,0.38599443497214925,-0.6786415792745895,0.4071948835780648,0.6284107223156108,0.7592947654388364,-0.7007032187515901,0.802328440718161,0.6727037870198579,0.8849889487199266,-0.7544617736291894,0.9352951030037621,0.574137011136227,0.8853258941033235,-0.6671986562956052,0.9322830019437847,0.5357804306300845,0.842405278747075,-0.620680282054821,0.8893970940474529,0.6395260643131895,0.7697819298187182,0.5274257857466662,0.8003822906588858,0.4906315480763722,0.858900408709869,0.4787768924729483,0.9142813000943082,0.4456933498434577,0.956331100812476,0.6274061348257147,0.9091310407525982,0.586653020170499,0.9793120570080216,0.5385074670870312,1.0077820054373394,0.5008396219971385,1.0262197104420778,0.681458522823731,0.9103382049378539,0.644487784712504,0.9842992061840289,0.5861885728639726,1.0122351363996074,0.535641427812472,1.0242224674267881,0.7038459992066344,0.9045213538230665,0.6727432031262321,0.968640183399399,0.6176694845134882,0.995506587596945,0.5682413383048996,1.0104482235705936,0.7027831595949284,0.8976537455312315,0.6792414540439465,0.9509794488278162,0.6413674592295647,0.975051976981599,0.602104133869261,0.9893457900231551,-0.7219797190388967,0.7905137532362311,-0.6123551992511834,0.830239196853371,-0.5796184660355226,0.8854429759208964,-0.5666530959478272,0.9421168319065227,-0.5413918191543752,0.9862960023221524,-0.7154959875497471,0.9256808386887371,-0.6970081767884289,1.0014880384679894,-0.6686362977329684,1.0374288793636592,-0.6440501961687283,1.063189262574591,-0.7831134459972654,0.924320246676382,-0.7637247766366094,1.004742942788328,-0.7136149149156716,1.0400608369141633,-0.6703038083216656,1.0601224935412683,-0.8127990935274678,0.9178639143366065,-0.7966566719010888,0.988678602413856,-0.7520590916139671,1.0224257233001155,-0.7103612548605059,1.0418112547745952,-0.8154453792886124,0.9126287483332979,-0.8045994533544046,0.9697569294380048,-0.770400574440559,1.0008810303170865,-0.7327552715265464,1.019700070503742
-0.025091635138137443,-0.2511413927965111,0.032605052209535496,-0.2910898384138781,0.06946523380139585,-0.29042800596725793,0.09907382423165495,-0.28962631969145086,-0.07807213854208603,-0.2903490045675646,-0.11395721723747358,-0.288997013046326,-0.1474504171563669,-0.28739406752930485,0.15025742837737055,-0.26958039065737,-0.19237054139325954,-0.26730180524189034,0.05159192684665592,-0.20698032209225278,-0.08643921808297206,-0.20405869375224214,0.49999660382679,-0.0018428677858196255,-0.49999660382679006,0.0018428677858196255,0.635268318435994,0.36829107378069725,-0.6782287206998253,0.38980735409069234,0.6300136409238711,0.7252855879571356,-0.7006004307606809,0.7656274036070297,0.674416311953906,0.8455502016070685,-0.7542795003591075,0.8929463440425532,0.5757230476224858,0.8457793768386114,-0.6670787259536418,0.8902745309394108,0.5372989822286275,0.8045205755728172,-0.620471444095267,0.8483445736383839,0.6403007189336648,0.7352495861141346,0.5281388294751388,0.7656927398997491,0.4903503401477431,0.8208620506856017,0.4783351587506468,0.8742164644514722,0.4455046865680885,0.9147819038832009,0.6245174794282541,0.8682169131104359,0.5862823407662396,0.9354633315640042,0.5393658267062974,0.9632722512906545,0.5016513715141159,0.9812129709539882,0.6807006576154604,0.8694178767306391,0.6456016677802968,0.9401736654689636,0.5879816336999801,0.9674556245079298,0.5370098300401489,0.9796621236573053,0.7049798379631441,0.8638536159846699,0.675159970873429,0.9258966179233008,0.6200434779032612,0.9526090551601534,0.5694526706656888,0.9674317105707253,0.7055153631817819,0.8572908060155497,0.6822345960066346,0.9089726676257502,0.6436612400806814,0.9328931526939807,0.6028148266730765,0.9471001665664017,-0.7228621372715718,0.7560221145080978,-0.6123784130808406,0.7936145391037992,-0.5803538478583806,0.8463646989206637,-0.5676747164632834,0.9004203034881366,-0.5425807241062182,0.9424881929626822,-0.7164848124189758,0.8851908264553601,-0.6978454529648984,0.9579778764074216,-0.6686701542953336,0.9922266201404263,-0.6435200688582268,1.016536418412551,-0.7840898512687068,0.8838853817047517,-0.7655870795558356,0.9612035533776034,-0.7144742792823591,0.9948358015032714,-0.6700479487586413,1.0138347128879028,-0.8137303078066936,0.8776869745882712,-0.797709251102788,0.9455070428450181,-0.7527000763730669,0.977648940241336,-0.7106835656810162,0.9962928435343724,-0.8162967953926558,0.8727962897402279,-0.8053650180061047,0.9273841217553648,-0.77129731145186,0.957071139621752,-0.7338528887835206,0.9751433859397103
-0.02424250328040341,-0.2528149755133244,0.03352272357472363,-0.29277705537019894,0.07041909950272877,-0.29207650952219505,0.0999830063998668,-0.29125345954503545,-0.07726262074469524,-0.29208238742657816,-0.11316947820733483,-0.29070107989654287,-0.14664024834854592,-0.28909540845529785,0.1512700027650566,-0.2710534676783266,-0.1920961381517355,-0.2687611566506671,0.052441725875223326,-0.20808125588728218,-0.08586198452010092,-0.20529943011532523,0.4999947317997762,-0.0022952499798510892,-0.49999473179977594,0.0022952499798510892,0.6363551478283834,0.3700426102587545,-0.6778457103891484,0.3930524554658813,0.6313225249030562,0.7294231320570777,-0.7004167900036875,0.7695500082819622,0.6753622576161415,0.8511119528657811,-0.753924762880229,0.897791258842639,0.5767970250238224,0.8512044223371743,-0.6668799529226357,0.8952623263226782,0.5385662891693249,0.8095349546205223,-0.6201918185622716,0.8522934116467901,0.6423813965552837,0.7402026352416501,0.5294123476158383,0.7703376474693014,0.49126603062891516,0.8263904905749915,0.47944144663953925,0.880036116790508,0.4461510497309093,0.9207318594688622,0.6261717505191777,0.8753438287305126,0.5869734311224628,0.9430289012468934,0.5393942232805037,0.9697147305098204,0.5013886044062044,0.9866952794550723,0.6819500753316876,0.8761868062371663,0.6465941252615823,0.947461988059945,0.5890400329655229,0.974225663715068,0.5383731569774626,0.9857711581952272,0.7059044096516088,0.8700927096635553,0.6762216521748632,0.9315234051892438,0.6219151519665826,0.9577318339254436,0.5726384781994034,0.9724714676655078,0.7061837085136866,0.8628238923944479,0.6833269942524951,0.9141179267661482,0.6454002012773178,0.9373188755474875,0.6056324477800711,0.9509979059552008,-0.7241713941767753,0.7606826877476868,-0.6133728539474148,0.7981335404795106,-0.5796433216251609,0.8515867728491208,-0.566290721176638,0.9060583163122277,-0.5432724225612591,0.948432845827812,-0.7178602973144114,0.8917917821932444,-0.6975906368277894,0.9646889788987236,-0.6673515537703215,0.9990192378571922,-0.6417899401414711,1.022974995579438,-0.7849972856271956,0.8903066794736143,-0.7650129976168302,0.9678514348203685,-0.7139177352013898,1.001840631961094,-0.6705125422372247,1.0210094816991284,-0.8144929408311913,0.8841179629757873,-0.7979373172622423,0.9527804879820259,-0.7526994658385535,0.985085020381138,-0.7111455017369754,1.0036090209992867,-0.8173278767153619,0.8794124854718102,-0.805892921629795,0.9350244857487656,-0.7718512754508731,0.9651401439010091,-0.7348104436345653,0.9834571275940543
-0.02386195199339159,-0.27782964190735276,0.0339894116667793,-0.3210713191719919,0.0709344034405147,-0.3202155956266952,0.10037418283243073,-0.31925977688033613,-0.07679397903512764,-0.3204389030666146,-0.1126800872082968,-0.31888267037264134,-0.1461549204396758,-0.31716312445588196,0.151816463555114,-0.2970004283656697,-0.19200114428396348,-0.2945929540010742,0.052777316899617024,-0.22836437056628492,-0.08577066454034982,-0.22548511992016967,0.4999921848409612,-0.002795549670835607,-0.4999921848409612,0.002795549670835607,0.6367666171241708,0.40506165057095905,-0.6775035592899764,0.4316232842555649,0.6318874115909197,0.7991846569639102,-0.7002518955274095,0.8429073101475587,0.6742219469027368,0.9328585348635283,-0.7532633978554897,0.9832385804144631,0.5764486343459105,0.9328110427178554,-0.6666801444138384,0.9803678217414152,0.538980014970508,0.887364990777815,-0.6199705776487522,0.9327830506584852,0.64227672878092,0.8094646621382263,0.5298717449702935,0.8431856581536554,0.4915244384356397,0.9055150106216837,0.4785655077520676,0.9642708150159601,0.4437843596106016,1.009085630291327,0.6259018471210351,0.959042590264158,0.5856794833906298,1.0328059126910998,0.5385185512066744,1.0629134169076082,0.5006494952950158,1.0820911227513874,0.6809090621950924,0.9601500064556453,0.6454447238583637,1.0380212422245405,0.588640440538411,1.0676003570057468,0.537810180722669,1.0808761415677135,0.7041655069326236,0.9540678666342923,0.6735536200723572,1.0219786470302206,0.619481572944106,1.05106821528997,0.5700881633547458,1.0677451923241734,0.7035639778126587,0.9468685605783004,0.6794162557715047,1.0039489301381397,0.6407606655628688,1.0296917174567877,0.6003536463816834,1.0451104671481777,-0.7220945719699067,0.8334601473688855,-0.6127180424699413,0.8748163707244309,-0.5790422915179693,0.933384250899902,-0.5655563234019627,0.9928069896974868,-0.5436616251823755,1.0393286915593922,-0.717534185613393,0.9758878341721033,-0.698268160904897,1.0570144835422455,-0.6680076177609937,1.094538310904245,-0.6422088818918079,1.120511167789514,-0.7846310431042705,0.9743003069847892,-0.7657578046706934,1.0608979886329557,-0.7142410759762589,1.0978767571310395,-0.6705687941092052,1.1180922135354017,-0.8138550414107106,0.9674378491938025,-0.7987267589067066,1.0433840804753363,-0.753143223178834,1.078610514605095,-0.7116423914896076,1.098391307795417,-0.8161864913399239,0.9620243736221235,-0.8058257642694333,1.0229560102267692,-0.77170953312758,1.0560125879790578,-0.7349566722028449,1.0757674334738963
-0.023623818611726816,-0.29455033762595945,0.03424457775687472,-0.33994827178989606,0.07122338507372893,-0.33899266170510883,0.10055000534882652,-0.33794584678785916,-0.07651675415005597,-0.3393434879647727,-0.11239587005401057,-0.33766640184456087,-0.14586474294475604,-0.33583181039267185,0.1521242557333703,-0.31430055668851875,-0.19195251795110507,-0.3117781392033191,0.05298209852508344,-0.2419820377887833,-0.0856760099389956,-0.2390812243639699,0.4999895161860956,-0.0032378548445023635,-0.4999895161860956,0.0032378548445023635,0.6369115045422165,0.4279646832599859,-0.6772771060347132,0.457700623741962,0.6323103620869406,0.8445640366599229,-0.700160115348447,0.8916996935815441,0.6738941599918976,0.9853271596120606,-0.7527417019580404,1.0400235722066944,0.5762756010104378,0.9856355069086598,-0.6665916720208013,1.036955091815902,0.5393366743428825,0.9380835561490043,-0.6198706605204884,0.9860436381224188,0.6390823762020694,0.8564589792388875,0.5259380005844116,0.8927038629515601,0.488964965466798,0.9588599336918721,0.47675938779984706,1.0208039237220219,0.44178668209179583,1.0676863727069437,0.623348235647824,1.0154943865072703,0.5822188672467185,1.0926648359098405,0.5350820387571716,1.1246315049973055,0.49738537975294034,1.1449542738483096,0.6783725120269644,1.0168110677781075,0.6434720462669848,1.098844442238659,0.5869735851848198,1.1298101070553164,0.5366057244415627,1.143254948741552,0.7014004385246629,1.0104122366830415,0.6721581273415038,1.0823579402128207,0.6190635146600107,1.1130540718442283,0.5704383333420303,1.1306625182474817,0.7006225909482093,1.0027170475857416,0.6774319933810028,1.0631079734094118,0.6398180692325535,1.0906435036046356,0.6001955946635027,1.1073602249518677,-0.7221236395604218,0.8833646546915714,-0.6127891340854736,0.9270873351611539,-0.5790247420851222,0.9888359219612061,-0.5654579748881596,1.0515300405038281,-0.5438808819238306,1.1006049037353958,-0.7178496758530112,1.0343270599676317,-0.697823686519466,1.1201089113963487,-0.6669505541357076,1.1593428148512575,-0.640430359639879,1.186263149710803,-0.7850505814453349,1.032284571472979,-0.7652165177365398,1.1241813945729882,-0.7133226099546566,1.163583548038467,-0.6689804879307689,1.1853362753951477,-0.8142853712779685,1.0247324781767482,-0.7987042377323814,1.1056325805364005,-0.7526820558992209,1.1433175843890513,-0.7102038732134451,1.1646233664206236,-0.8164989222291759,1.018617006752949,-0.8058390258240253,1.0833111348271591,-0.7714544285067839,1.1184004241603027,-0.7339883950994843,1.1393658747348507
-0.02342911016663902,-0.2752638936507196,0.034401953717014475,-0.3176862159215337,0.0714025546568835,-0.3167877454300313,0.10060865715945107,-0.3158040845487124,-0.07633595645305791,-0.3171214207685724,-0.11221416081393125,-0.31554602152142525,-0.14558289215022682,-0.31380436863418815,0.15228665762773494,-0.29364679614066247,-0.1918716046806807,-0.2911635040645652,0.05314095589082057,-0.226092841650616,-0.08554079797325581,-0.22338699552141475,0.49998993325832236,-0.003172796926765269,-0.4999899332583221,0.003172796926765269,0.6371156214163254,0.3988067010545901,-0.6770699482037706,0.4282118694649864,0.6320980748641508,0.7888536262992619,-0.7000160569747416,0.8330060766148151,0.6735590476205178,0.9177613257565259,-0.7523793736210515,0.9714308041176201,0.575455008980491,0.9178779758515399,-0.6665830799801488,0.968564856122365,0.539069312026777,0.8740709593286982,-0.619856674768796,0.9207680637195949,0.632644578435345,0.8004309535529992,0.5219333461764787,0.8349054952513834,0.4854286919793546,0.8953793029197643,0.47295130170552974,0.9529050870253704,0.43555271881160607,0.9969377724236128,0.6183341969902739,0.9487559879849623,0.5774921517738831,1.0190863393292318,0.5301620385522259,1.0488623273340583,0.49172362940120284,1.0678653909432874,0.6712411307452542,0.9502486108295729,0.639096784330466,1.0260057613203841,0.583571741597735,1.0558828253087407,0.5327666773715315,1.069920706435809,0.6928217240710107,0.9449074692961922,0.6661516850356658,1.0119322154780181,0.6135638365924201,1.041458083252414,0.5640160454667842,1.058894858469714,0.6910539844465172,0.93845511490844,0.6697293241312142,0.9946820181162944,0.6320952758701884,1.0206870465075402,0.5914090996300888,1.03670299553417,-0.7225225487564643,0.825888863407818,-0.6122079864232326,0.866701445515663,-0.5784096095136807,0.9243522897364843,-0.5661885021245547,0.9833925004427784,-0.5453007472730986,1.029480657074657,-0.716320021869662,0.9661148926448432,-0.6976443031999789,1.0471554047154301,-0.666318137707878,1.0842249048692505,-0.6397606707109658,1.1095543283043277,-0.7838934653171714,0.9642621963427263,-0.7654487511179625,1.0514423346424702,-0.7128418345283466,1.0882255826272178,-0.6683106715349915,1.1084667880994117,-0.813489633868993,0.9574050707975093,-0.7991865560487931,1.0343055168123487,-0.7523541389411076,1.0695280830853013,-0.709505346256387,1.0893015979896357,-0.816063658691833,0.9518019727089705,-0.8059213291312926,1.0132440228883013,-0.7712401757665104,1.0462377780668026,-0.7338713759177199,1.0658578879730212
-0.023056127621893185,-0.275369869390507,0.034527299462017026,-0.3178512374787916,0.07174838997945489,-0.3169544403825799,0.10070360229294484,-0.31595662207500874,-0.0762144972151799,-0.3172751983183392,-0.11200409822059874,-0.3156738250419748,-0.1452179808915817,-0.3138479601848115,0.15268203241135958,-0.293744271433489,-0.19186108198620277,-0.2908685186937638,0.053588647944927556,-0.22617628098480497,-0.08532377700505364,-0.2234591533724844,0.49998878369929184,-0.0033490558225759757,-0.49998878369929184,0.0033490558225759757,0.6377160176078639,0.3956279825642994,-0.6770453495117892,0.42900769807203976,0.6245314346587651,0.7853528498836435,-0.6998214373480691,0.8334631105150605,0.6636426514991659,0.9154804859721637,-0.7522524649759093,0.971785468787391,0.5663335742899652,0.9153049460277336,-0.6667248396630907,0.9688404198617873,0.5322148467045673,0.8716653416897654,-0.6198943014061348,0.9207738103710812,0.6215578226330034,0.7975315181419764,0.5126109238722221,0.8327099724408669,0.47706692112854115,0.8936100173005688,0.463966713348479,0.9503176818888538,0.42916528211320343,0.9944962219176702,0.6122991357751372,0.9468679945972462,0.5715201964546383,1.0185380230457688,0.5216863310579288,1.048218304378263,0.47962565939783897,1.0664675991340289,0.6621541824902146,0.9478990968996094,0.632190144244867,1.0254649913857905,0.5760167627762809,1.056757714676758,0.5226139327606729,1.071669879725178,0.6804222818476328,0.9423200134259668,0.6555470115771422,1.0106577449720078,0.6021695641331322,1.040992637518234,0.5502830364291239,1.0591225152247694,0.6749167145419143,0.9357452162533231,0.655744820583389,0.9925903819348474,0.6178365625845164,1.018902042379911,0.5750557260999148,1.0354537754528177,-0.7232153719874885,0.8258110655484449,-0.6128990397259398,0.8672437929296164,-0.5795388134007778,0.9255001376315507,-0.5672608258882733,0.9848999863231787,-0.5445742334984035,1.0308470211385097,-0.7175840296631966,0.9681371688055489,-0.6977387535853976,1.0487090679173978,-0.6665612971285014,1.0859718641852325,-0.6400708200432877,1.1120097696192666,-0.784934320193587,0.9661641372454176,-0.76506366154419,1.0523042070457314,-0.7124858526316263,1.0895844637698502,-0.6677316087313878,1.1106140243950366,-0.8138398614402429,0.9589225688984153,-0.7986502303871191,1.0350761930856687,-0.7519669985715406,1.0708927335235934,-0.7089040654377651,1.0911797570659014,-0.815740184554899,0.9531886797721802,-0.8054050140829502,1.0142221724049125,-0.7705760996494617,1.0473579092154655,-0.7330703304626356,1.0672174633726692
-0.024279759922973147,-0.249967810615846,0.032946196255577084,-0.28852590381813586,0.07085126717763911,-0.2877101904764539,0.099697094490269,-0.28679513106158305,-0.07754167902253231,-0.287996270372396,-0.11276657750485955,-0.2865379917239987,-0.14568914757091922,-0.28485321251984813,0.1524179738498798,-0.26661004685776923,-0.191965239952212,-0.26384760334117796,0.05314317562113284,-0.20533800242196637,-0.08625878040599015,-0.20286270019098798,0.49999072323682003,-0.003045763799389205,-0.49999072323682003,0.003045763799389205,0.6378964414322468,0.3583192090871616,-0.6768798291447639,0.38947170351888477,0.6177758534127973,0.7114693089588,-0.6996433564793566,0.7556542533619827,0.6526201077306777,0.8304648183642928,-0.7518157144723384,0.8812544368924403,0.5590486716514305,0.8295677318145145,-0.6666405886255462,0.8784605762415927,0.5276683667344231,0.789994171734494,-0.6198433200043808,0.8346049456736102,0.6017240452458663,0.7179883643169853,0.49366642982504083,0.7511195721323651,0.4610505627006793,0.8072424614784564,0.44538534899777743,0.8563528200287416,0.4085150176721718,0.8936220323740973,0.5930233071862592,0.851718226651444,0.5633068110377103,0.9178198771267301,0.5162308408846452,0.944897767371481,0.4734665628140996,0.9607338427787597,0.6389781708945209,0.8533962129617013,0.6197305268255368,0.9238464476776542,0.5684284438986484,0.9541002988547485,0.5171242608660255,0.9688510679439566,0.6551096080705663,0.8500250978485497,0.6389251432247154,0.9122395147934192,0.5891326863035833,0.9401818007860873,0.5385073624497599,0.9569852974986639,0.6481706837137122,0.8457986441793387,0.6342720089514667,0.8964567919069272,0.5994653815280029,0.9212284946749174,0.5584181149045329,0.9367968168479035,-0.7212839397766282,0.7490392483775552,-0.6120834293140001,0.7867413661899832,-0.579452248918655,0.8398702875526213,-0.5674434068045843,0.8935392439797732,-0.5447890412160024,0.934869191687069,-0.7172253104351618,0.8783943455261335,-0.6979690909344265,0.9510584975767971,-0.6666758529010112,0.9844321267929925,-0.6399004673297558,1.0076253308425371,-0.7841526175515835,0.8765967759796303,-0.7651467481553272,0.9543984785929379,-0.7126371919352888,0.9876001626824603,-0.6678657378086317,1.0059531467958136,-0.8129315477461171,0.8701463571534914,-0.798426423700722,0.9390246030076463,-0.7517189345997227,0.9710601736454929,-0.7087741786925859,0.9890062917183646,-0.814715193798072,0.8649848899435981,-0.8049399016374517,0.9202514501032706,-0.7704790478727954,0.9501602788780366,-0.7330065549799158,0.9679994088720895
-0.0255686342604608,-0.27375993016164757,0.03178326232568321,-0.3160165330731032,0.07022186832844296,-0.31511808168158106,0.09890402696356934,-0.3141080507999061,-0.07819542270879397,-0.31543514112232796,-0.11300229065376215,-0.3138280552898702,-0.14573140556826839,-0.311958032660256,0.1524844090608921,-0.29185604540304266,-0.1916635327514474,-0.2888711583471486,0.052398711449641255,-0.22484880089549955,-0.08737693235355,-0.22214801894865327,0.49998838473164575,-0.003408098214513895,-0.49998838473164575,0.003408098214513895,0.6477756321939723,0.39109658083206195,-0.6763053750399443,0.42709976976030556,0.6100594376704829,0.7632883858926361,-0.6990713519068903,0.8282457934288943,0.6395041563342178,0.8957026125604165,-0.7512482841695004,0.9655305927821904,0.5485273685944095,0.892696091955007,-0.666517613553219,0.9624697944539825,0.5190187971180013,0.8525159996386116,-0.619775124201533,0.9145168220744349,0.5770198931228576,0.7730475204517951,0.4750095142923473,0.8063856731906355,0.4365718704552578,0.8704820809641024,0.4170166404304929,0.9240445784552646,0.3807447440479054,0.9636040437812619,0.568575052503215,0.9163259761149107,0.556870744470626,0.9916096428739677,0.5060830919664917,1.0223119143145079,0.457399783253165,1.0376804189060735,0.6071416265401404,0.9188458581656302,0.5950870902035196,0.9972041253024067,0.5391579742351029,1.0303363328530288,0.48449226926155026,1.044815303107532,0.6183239159617252,0.9186789929378271,0.6055640247190824,0.99048454321996,0.553822428687533,1.0215866088587127,0.5020217032020556,1.0388912773621026,0.6109416561206485,0.9174543324322864,0.5997968036906037,0.9764602652032998,0.5641700831248342,1.0064181564454615,0.5224327358558534,1.024183100038182,-0.7219752246083283,0.819671308939613,-0.6126977834083723,0.8603851838899291,-0.5792316495903269,0.9188120508982872,-0.5670490577499342,0.9778375236495082,-0.5444259187502419,1.0228182479286134,-0.7184874177878705,0.9611550329285964,-0.6964272331749785,1.0411780753632047,-0.664542855984295,1.0775233690242867,-0.6381179380119665,1.1024414961650093,-0.7850185498090041,0.9596872082249186,-0.7640519539501471,1.0453658342959162,-0.7118492181536485,1.0813442105508806,-0.6673133245626539,1.1009158269167492,-0.813513698425644,0.9531304593108674,-0.7967037019977911,1.0286447288522136,-0.7502381851547755,1.0632875629679204,-0.7075890109738618,1.082579881680189,-0.8150175196337023,0.947827835951876,-0.80333844658256,1.0080588944660542,-0.7689881262482048,1.0404623848183054,-0.731712559866963,1.059787580322669
-0.025677294986407563,-0.24719525604812853,0.03141827692276221,-0.2853205021823193,0.07004956001879963,-0.28450664851918267,0.09857317645429267,-0.2835867313463985,-0.07815198701218544,-0.284787524295226,-0.11280871725617246,-0.2833199973716415,-0.14551728810774595,-0.28157362493061405,0.15252006754172207,-0.26343536460254874,-0.19116647297701056,-0.260634447840848,0.05244025155372666,-0.20304280220927018,-0.08742250544725566,-0.2006160131014019,0.4999905145431036,-0.003079832288060863,-0.4999905145431035,0.003079832288060863,0.6662453374441096,0.34874963135279263,-0.6755520883047262,0.38770441314758614,0.5962177179290788,0.6632968962410891,-0.6974727494665562,0.7479973248048054,0.6133202969106941,0.7872868892419318,-0.7494886576914151,0.871673257802824,0.5251719191793895,0.7779471396082343,-0.6655718251670625,0.8689717537036311,0.49798579935013865,0.7443023941697064,-0.6189389015351909,0.8257483882057178,0.5427316648331603,0.6733101316588188,0.44411198500036136,0.7036972221594477,0.40121891201887,0.7615829752524309,0.3756619838599113,0.806750348364794,0.3455083890428355,0.841632291389124,0.5409888370875712,0.8057952867155458,0.5300170117805783,0.8695970733525891,0.47758567628814425,0.9009229834336621,0.42827898321690705,0.9174590896902536,0.5776305273298946,0.8076012367451606,0.5625497963649042,0.873766244393201,0.4994906906365293,0.9048399823543068,0.44095604895227525,0.9188946925475681,0.5873805025903513,0.807171662028859,0.5714793191617189,0.8695847517831515,0.5146574353692829,0.8975460333007538,0.46233606463278976,0.9121343514613636,0.5798147875218285,0.8055823195892436,0.5694135901375561,0.8580901276762198,0.5309638625248967,0.8853277970250324,0.4899660644546226,0.9000865168902508,-0.7216290255851173,0.7393685857347909,-0.6106146219578797,0.775547934013766,-0.5770951265905159,0.8274143204008146,-0.5664379857997291,0.8809819234772586,-0.5458865519328588,0.9221040413325582,-0.7157805701452415,0.8662775305318332,-0.6941821546692433,0.9386400075713153,-0.6626396647749452,0.9714531870906398,-0.6370660408541545,0.9937189631535479,-0.7826535210914877,0.8651887518506202,-0.7631009483264753,0.942634016300945,-0.7111562374734081,0.9755800727452273,-0.6667338851555198,0.9933694786385906,-0.8114891122598529,0.8596423653896879,-0.795384126900794,0.9280917640078916,-0.7492459135521082,0.9598311467542967,-0.7069986431277643,0.9777976752083255,-0.8132624469210407,0.8552530863132134,-0.8018057452219931,0.9096544955942129,-0.767825717806398,0.9393294553884826,-0.7308433815752813,0.9576269860033122
-0.023937925274318015,-0.2339282767788018,0.03245593533767141,-0.26967425645029747,0.07021130285909777,-0.26889633074784974,0.09825828169434848,-0.26801183536099676,-0.07708363581715472,-0.26914879861938806,-0.11205390410792693,-0.26775448442032784,-0.14483826931515437,-0.26605247087861655,0.1519368142799047,-0.24896733785212943,-0.19082158683744335,-0.2460278622103246,0.052965707804357165,-0.19222125747236513,-0.08647618132417387,-0.1898804197110087,0.4999947782386932,-0.0022851113845885154,-0.4999947782386932,0.0022851113845885154,0.6883353933854784,0.32636807479287977,-0.6734199039468511,0.3670853487764719,0.5585010252096803,0.6038150885067173,-0.6947121417412708,0.7044236013021516,0.5578552278212999,0.7199621871500598,-0.7463472316733732,0.8208350455527557,0.47799881814851897,0.7066335200208703,-0.6628428158603092,0.8183231683969854,0.45369126228105416,0.6745448931408045,-0.6165243613739262,0.7776474664884243,0.49768405351264106,0.6006748791311907,0.4092781017216651,0.6247825914291678,0.35586907238936616,0.6798620275247076,0.31988385519524803,0.7240508997105031,0.3065522417765307,0.7603203575902877,0.5039169477563603,0.7214112709082879,0.47280212645837,0.7920968639705167,0.40453749246010534,0.8185170394389559,0.3447453996505331,0.8266854902706297,0.5348676630009774,0.7210573143837371,0.4969452278519665,0.7928063607177147,0.42049184115858096,0.8181310130279525,0.35346375149878995,0.825672583363125,0.5395927675504884,0.7206206096336482,0.5022342509734187,0.7860005501231728,0.43486558027929195,0.8095762718355928,0.37558113613164057,0.8184837817789311,0.5301760068190332,0.7203461019636013,0.5058797746176714,0.7763092415969458,0.4562234082319864,0.8003867316562495,0.40827656700739534,0.8104828070209542,-0.718887167162766,0.6968387432190103,-0.6082194975486853,0.7314689415941544,-0.5757011513897603,0.7799835531554915,-0.5651051614913382,0.8301825596172172,-0.5437340935598154,0.8690887428527068,-0.7122569864490705,0.8164569121651907,-0.693050567950868,0.8843253702635634,-0.6624473585979345,0.9153856491796845,-0.6364925141803814,0.9365346175090169,-0.7792192246352149,0.8149232325336452,-0.760778590833525,0.8876164268827744,-0.7090822224467793,0.9183800263554986,-0.6648473225233926,0.9350669252981557,-0.8085712124363021,0.8089994098039702,-0.7935764137823904,0.8732690459530601,-0.7476084703144646,0.9030656657630759,-0.7057806333841316,0.919672719926705,-0.8111005274707088,0.8042134741565761,-0.800614507791174,0.855303178822699,-0.7662764484894581,0.8830419149312528,-0.7295496182707016,0.8996731204908524
-0.025318068261905184,-0.2483076643736665,0.030920580972782392,-0.28588662659169367,0.06799732741063737,-0.2850484848982786,0.095634908406106,-0.2840878412845922,-0.07841987077679069,-0.2852613650839606,-0.11334098638817389,-0.2837487660035681,-0.1460000992756062,-0.28189346814962923,0.14904069240037243,-0.26382798871957996,-0.19180107093108464,-0.2606732507011246,0.050918843623695434,-0.2039860097146746,-0.08774505397456148,-0.2015087254327824,0.4999958287455539,-0.0020423606553998386,-0.4999958287455539,0.0020423606553998386,0.6934442803880829,0.3415621466564033,-0.6710689949939939,0.39027331409335464,0.510130043732687,0.6036076906265061,-0.6920519760275444,0.7466304246070112,0.4859741100710438,0.7142457389196247,-0.7438726457869396,0.8682415231782692,0.40052478649524365,0.6890274852506604,-0.6607191390911178,0.8655505225201129,0.38888372277504285,0.6523376723515537,-0.6147643605903823,0.8239000089929535,,,,,,,,,,,,,,,,,,,,,,,,,,,,,,,,,,,,,,,,,,,-0.7159229540776484,0.7348544920050003,-0.6071363712853144,0.7717389979446292,-0.5738772517111267,0.8227698974213035,-0.5618183107481469,0.8753503974116263,-0.5423429135380124,0.9166635080389258,-0.7093893845795692,0.8618243179213702,-0.6899713244166126,0.9331223866306497,-0.6594793443575745,0.9657477558405716,-0.6339983887225786,0.988220099003158,-0.7755476889008653,0.860148731360025,-0.7561474438687059,0.9364031803793501,-0.705809883748185,0.9692738321600087,-0.6628503389736565,0.9873949182637648,-0.8044563708305986,0.8538013480167278,-0.7893421349358838,0.9214898607134615,-0.7443510598819424,0.9530860186819683,-0.7032065828995182,0.970849215216604,-0.8069877625469454,0.8486807956224051,-0.7964465237098246,0.9024312656021226,-0.7626044342487219,0.9317543788384045,-0.7262641186181694,0.9494460810782744
-0.020717761326726616,-0.2566090172215152,0.034935278258266325,-0.29552333929290464,0.06983485794416165,-0.29465935172929253,0.097251016611264,-0.29364274769935356,-0.0745487940658331,-0.2948659089824927,-0.11043922470610994,-0.29331356505732803,-0.1429419125654505,-0.2913689637300206,0.14924797052348912,-0.2726359038173132,-0.19084758589003867,-0.2694532535496896,0.05261098660269151,-0.21075165282694075,-0.08380257109754087,-0.20837868973081008,0.4999962741091725,-0.0019302530779991224,-0.4999962741091727,0.0019302530779991224,0.7071155969539193,0.34526458418445577,-0.6699467866404912,0.4044186402274979,0.4655783664649772,0.5714755586477136,-0.6904975666015264,0.7714513166388748,0.4161560211852403,0.6746509066212119,-0.7422836919885176,0.8960096555815432,0.3382048255044057,0.6467652459128903,-0.6590155647353121,0.8933287265528905,0.33424935470296213,0.6112699066766787,-0.6132304211009292,0.850854024863666,,,,,,,,,,,,,,,,,,,,,,,,,,,,,,,,,,,,,,,,,,,-0.7157781056021799,0.7546610600272456,-0.6085737406605483,0.7938066801927478,-0.5749862990803725,0.8477625704863828,-0.5612806341430202,0.9021870983363731,-0.54107774280573,0.9446767596038238,-0.707559845854535,0.886724072766024,-0.6899607083609921,0.9603994201616564,-0.6614750584061694,0.9943946301543966,-0.6369618662546187,1.018152598009074,-0.7733670166823725,0.8847642241762939,-0.7574097548325838,0.9628404205702966,-0.7085117215559898,0.9962602621697214,-0.6659018107228136,1.014144725623338,-0.802175937042554,0.8781362679694981,-0.7892187780411088,0.9471140201179075,-0.7460708017692987,0.9794513060853096,-0.7057463756237808,0.9972726228577597,-0.8050456624961517,0.8730005296907656,-0.7952323922595439,0.9281654128208544,-0.7623144713681936,0.9585706117235037,-0.7261822561942743,0.9769416929957665
-0.015199100623171657,-0.25785775374432873,0.039502444079341385,-0.2970363149380814,0.07234010502567222,-0.2961611157632435,0.09982741301432294,-0.2951012720554445,-0.06935346874161835,-0.29635075068898725,-0.10628892220059143,-0.2947945437106393,-0.13846083727471795,-0.2928129961532299,0.15016214389782295,-0.27377009124152946,-0.18752706634813246,-0.27068248459968103,0.05499693388836812,-0.21179809182398865,-0.07695431159631609,-0.20944269875507301,0.4999953136979616,-0.0021647817619752617,-0.49999531369796163,0.0021647817619752617,0.7252150914295988,0.33018156358204626,-0.6698692139857697,0.40756331731639367,0.4754993813181086,0.4584760277311394,-0.6899044939166806,0.7759623575343185,0.39560591285471824,0.5386035100394516,-0.7407586117073396,0.9011276284350405,0.3187945565265858,0.5041938115835959,-0.6577184901226336,0.8985988734603249,0.3348529398105938,0.47355713936961663,-0.6125650475577685,0.856399967440491,,,,,,,,,,,,,,,,,,,,,,,,,,,,,,,,,,,,,,,,,,,-0.7132337337989009,0.7590476743331198,-0.6043652402249847,0.7986816631116965,-0.5724857845723261,0.8529097301229692,-0.5615016670372819,0.9076722754337255,-0.5404794011860723,0.950227018156328,-0.7042965737055098,0.8903661718594814,-0.690044605590018,0.9637697869761288,-0.6625249409387975,0.9981642972800372,-0.6378854501039755,1.0225281180906576,-0.7711857659193909,0.8887795162527055,-0.7567994164050248,0.9667291622208211,-0.7079330575814909,1.0010122927437815,-0.6649208419359117,1.0197564973338489,-0.8012838386551354,0.8823612925378497,-0.7889298408452571,0.9514669499515038,-0.7455352909471578,0.9843385948868154,-0.7051963991352916,1.002858159477127,-0.8051366942480598,0.8771968869285215,-0.7966465386475575,0.9320978613955988,-0.763462217638597,0.9626140409374617,-0.7269748457917729,0.9813296050124283
-0.01209480295019656,-0.2493593557855461,0.04341291917816852,-0.2873937902202876,0.07475438977035093,-0.28650487508581446,0.10219180350840276,-0.2853110890182578,-0.06487135714290508,-0.2868046344942965,-0.10234959627913935,-0.28534399883418554,-0.1344275480393806,-0.28344545255958103,0.1515598270248815,-0.2640082150638222,-0.184018687603613,-0.26199581483028483,0.056322108629436304,-0.2047884017195956,-0.07325393650366786,-0.2027232757596889,0.49999384192049884,-0.0024815401627197226,-0.49999384192049895,0.0024815401627197226,0.7285044892715834,0.3189895942209837,-0.6674068440534047,0.3949227626154286,0.47465823478293684,0.3744880075926352,-0.6893403838996659,0.7517708988081528,0.3702140708944283,0.409980193757403,-0.7400345216466722,0.8725917957520737,0.3056231384789822,0.37426814201388403,-0.6574093664234804,0.8706782650080894,0.3342972993786081,0.35947482964995076,-0.6125025004527911,0.8304631701532695,,,,,,,,,,,,,,,,,,,,,,,,,,,,,,,,,,,,,,,,,,,-0.7132005295256044,0.7362579117886768,-0.6030012384284932,0.7727617596992398,-0.5716559759838189,0.8245840766108803,-0.5625086489182406,0.877739731213788,-0.5389489214238083,0.9190750201860794,-0.703043233930999,0.8620326463012234,-0.6884285295538632,0.9330074957904056,-0.6605785795004008,0.9665589831078275,-0.6358970238284346,0.9895912328788221,-0.7697705305116896,0.8605454027048305,-0.7563954171854966,0.9361982074759252,-0.706859518017792,0.9689539774567458,-0.6641706703086182,0.986636211492053,-0.7999742729994125,0.8545538556212074,-0.7883197127413559,0.9211987536266915,-0.7443827854023659,0.9526273477541208,-0.7045217547781557,0.9703755414630533,-0.8040026422903468,0.8497064497977096,-0.795924272913582,0.9034005650059028,-0.7627085930488811,0.9326390458937851,-0.7263627389522317,0.9502978929535181
-0.007121737591314173,-0.2425740753264932,0.04940176156627625,-0.2809907104087769,0.07936899725434057,-0.28010530050602234,0.10758018451096484,-0.27861569298669114,-0.05791288446946477,-0.28037077919495257,-0.09632773816461206,-0.27896148859781583,-0.12882119171704878,-0.2771765154253504,0.1549615671441443,-0.25785153566531527,-0.17972597439434476,-0.256563029626962,0.0587318042642169,-0.19914907210025093,-0.06950339084698831,-0.19773930056346034,0.49999367660939065,-0.002514627333034515,-0.49999367660939076,0.002514627333034515,0.7264233173237884,0.3143306152105892,-0.6660093235833846,0.38672151449812525,0.41299076097123233,0.3368659358657983,-0.6897568759414601,0.738001898846728,0.2713663868409057,0.3410147961426459,-0.7405954357821243,0.8563320164595518,0.2294673059587504,0.3077907977974137,-0.658223329955836,0.8545947250184832,0.26370921496591915,0.2993805373647154,-0.613641296638961,0.8153889366698817,,,,,,,,,,,,,,,,,,,,,,,,,,,,,,,,,,,,,,,,,,,-0.7101232240010468,0.7241397064978834,-0.5995771192472396,0.7594780529728098,-0.5696873664351301,0.8101510916053675,-0.5609674366724642,0.8622317718991057,-0.5367014910863966,0.9025694173702322,-0.7020915371783073,0.8475567915352394,-0.6861338612199607,0.9170954438527319,-0.6580621086265246,0.9496509360791,-0.634133619084844,0.9721771875865507,-0.7690050326971651,0.8457463972667842,-0.7540573089248447,0.9195494727893802,-0.7057474260376004,0.9515762062191627,-0.6653256105443353,0.9688871481201657,-0.7993306913993905,0.8392605825061706,-0.7872027662101913,0.9043418861116973,-0.7437451405748372,0.935354386517156,-0.704697265588551,0.9525896147755086,-0.8036349169289786,0.8340625867272619,-0.7969446416107293,0.8863555675253465,-0.7637250233767381,0.9152627889488696,-0.727785782081879,0.9322318514616436
-0.004395857678094868,-0.2929371955362141,0.05381249882492428,-0.34026436332586363,0.08298801190501348,-0.3391873972405689,0.11218243821447144,-0.3370903846972401,-0.05426546635022592,-0.33930123649509014,-0.09320504204434392,-0.3374864017520079,-0.1256743933351093,-0.3352592752806743,0.1591758542340497,-0.31157937498243393,-0.17626598647082853,-0.31046343314064256,0.060018628911332944,-0.24081993231108692,-0.06819233938457549,-0.2392781782430732,0.4999881021001995,-0.0034493127200204998,-0.4999881021001995,0.0034493127200204998,0.725552629986523,0.3849370901404048,-0.6655378873551974,0.4694216743693218,0.37109504848211167,0.34345853924157954,-0.6899321965040179,0.8979024462838255,0.22781844074792137,0.32154181203059395,-0.7407447030677107,1.0405657332819411,0.1906301955486722,0.27370028109899847,-0.6585073909174511,1.0387808606300415,0.22263707951856263,0.27258859571027205,-0.6139064552321772,0.9914778127410935,,,,,,,,,,,,,,,,,,,,,,,,,,,,,,,,,,,,,,,,,,,-0.7108511781658189,0.8798407301918544,-0.5995615048308144,0.9217454271563581,-0.5682807506898535,0.9827794587933575,-0.5581759045000685,1.0464102606394285,-0.532415913375775,1.0953598047257336,-0.701590561536298,1.0293233557591934,-0.6833892123027498,1.1142417643612785,-0.654207394812871,1.1537374758107524,-0.6296247306263607,1.1808575917038353,-0.7686395573427101,1.0271937938688975,-0.7520056743787943,1.1175571239995494,-0.7024198936898669,1.1571493150518286,-0.6603450400093724,1.1790935840179402,-0.799261068851757,1.0195538779166442,-0.7851053802867523,1.0996878663540048,-0.7406717273653505,1.1374911786809117,-0.7004097801273971,1.158847723284605,-0.8039097938156635,1.0135414293127516,-0.793930517651005,1.077837740114506,-0.7604093230858051,1.113138091119498,-0.7245552809939693,1.1343217068849452
0.00280933445504007,-0.2647589098141457,0.06133858001930576,-0.3076559044686336,0.09012108509495464,-0.30674431684138637,0.12038192269571672,-0.3049154649784525,-0.04720567601339374,-0.30672653013494305,-0.08657969091194924,-0.30508614167219567,-0.11937236145846468,-0.3031140879003651,0.16507751869241127,-0.2819363269516219,-0.17199815673866053,-0.28084899152709236,0.06442584930891243,-0.21762837627370224,-0.06407398918158441,-0.21630027696323167,0.4999856144080645,-0.003792807006724267,-0.4999856144080645,0.003792807006724267,0.7152992261267453,0.3503347659828254,-0.6653370813424668,0.4262308694407238,0.37312530544682637,0.2469171024249278,-0.6894563130852926,0.8165933694203391,0.23701558171977513,0.20227670778654633,-0.7404208259071758,0.9448387017772576,0.20357656318567058,0.1551473852559033,-0.6582178936529397,0.9435224855004534,0.23336264960970807,0.16154969131814098,-0.6135374640410437,0.9008130459888016,,,,,,,,,,,,,,,,,,,,,,,,,,,,,,,,,,,,,,,,,,,-0.7080340078178715,0.7995319064712506,-0.595320209276336,0.8363623475306604,-0.5631357540927732,0.8914215136105142,-0.5541110618171476,0.9488801442336254,-0.52917665855766,0.9924749832855909,-0.6985862600714206,0.9342036137101897,-0.6805298556506342,1.0112354929846334,-0.6508603337269061,1.0471709978015513,-0.6258302955781314,1.071918134448846,-0.7650389883773483,0.933241617800001,-0.7471320378456202,1.0150295866892707,-0.6965618943610291,1.0508234033595423,-0.6544581901938903,1.070620537447723,-0.7954523564766565,0.9272316789130912,-0.781004598322325,1.0003644093827135,-0.7353677331525005,1.0341266057365979,-0.6944549801848051,1.0528071887888142,-0.7994022897336085,0.9222992359960829,-0.7896739638683832,0.9801490227847217,-0.7556837555781688,1.0117076354305623,-0.7195073345854979,1.0303686909497474
0.011945367997554954,-0.26585414825511255,0.0689288783266428,-0.3097226294464285,0.09691468994351118,-0.3088488507780016,0.1285985900501904,-0.3070893901458759,-0.03916579120441567,-0.308923111981409,-0.08066819358105642,-0.3073129417106316,-0.11530564667007058,-0.3053318494000844,0.16991496715882926,-0.2840474519308307,-0.17029292601721663,-0.2827579026778668,0.06923419957454455,-0.2184935474127708,-0.05869601150595744,-0.2171894070236669,0.49997210181790874,-0.005281799294052093,-0.49997210181790874,0.005281799294052093,0.7147611684750214,0.3595982813865886,-0.665171967053037,0.43359976257063704,0.3465571241179352,0.21745511929232192,-0.6888151617176769,0.8315568737443452,0.22534441492674145,0.15916875250379012,-0.7392764054574094,0.9609644314428863,0.20600560689302194,0.11078055169992444,-0.657712579712616,0.9598826906867376,0.23111632457333087,0.12371060218357899,-0.6132823429334294,0.9166915453941319,,,,,,,,,,,,,,,,,,,,,,,,,,,,,,,,,,,,,,,,,,,-0.7046821786976013,0.8123529419022975,-0.5925174570278227,0.8501710165045226,-0.560523543770172,0.9060966910565067,-0.5520741214385111,0.9643025762099083,-0.5274634389834938,1.0086163174398548,-0.6964342040931062,0.948935345218151,-0.6784232046280934,1.0272912821991003,-0.6489402414965421,1.0635686864158465,-0.6247053022790181,1.0881479928118758,-0.7634722889262333,0.947136027745727,-0.7462071717186514,1.0310651643685351,-0.6962587790505581,1.067502303128288,-0.6548206296798433,1.087442242595419,-0.7943879767923537,0.9402285838970439,-0.7808815518225655,1.0148092563903974,-0.735767991493543,1.049802947808636,-0.6952950274052179,1.0692027080567732,-0.7989883877521303,0.9345882650289409,-0.7897263973184839,0.9936923498049405,-0.7561798985802537,1.026231504942615,-0.7207064178739058,1.045562456464534
0.016496923615055756,-0.24388904345820003,0.07477356216641971,-0.2853684930208438,0.10311400698654695,-0.28462416033948257,0.13536298525421428,-0.283103750228304,-0.034138984010901,-0.28472188019155326,-0.07676752847762251,-0.2833014624871447,-0.11257376428293192,-0.2815372498671298,0.17587610884774152,-0.26199043875961436,-0.16903006768571058,-0.26075665460988734,0.07280114705982331,-0.20080495722583416,-0.055563324441066736,-0.19978806001522337,0.49997516447080437,-0.004983463894935789,-0.4999751644708043,0.004983463894935789,0.7059224892729737,0.3368196285347609,-0.6663968383844321,0.4012111876279394,0.3390932407889938,0.15655576060606127,-0.688659232742708,0.7697820627049025,0.22334547267786536,0.09685773714031953,-0.7371418085707683,0.8892614839869173,0.21237372823726183,0.05348823224118608,-0.6555220743645566,0.8883763239315325,0.23377852425515286,0.06539570869227282,-0.6121223981313972,0.848440294096398,0.2564755200310149,0.15069228541248147,0.29154395427296154,0.10387098297708591,0.23976574555103203,0.056070138448949605,0.17106137778465189,0.019061869239881114,0.12395969321044216,-0.011874488899279433,0.13805924162969174,0.09354676697808081,0.07146959672178169,0.04167684224347992,0.06392684961326855,0.004403181255931616,0.07616741031858629,-0.020439747561011815,0.08907693088510332,0.10482659222814945,0.0268925441527639,0.048298640533288646,0.024964627484828132,0.008280017538300702,0.04407600887488212,-0.01705392512836429,0.06812340138633619,0.10764370784729246,0.013714375169312754,0.05578699233688136,0.014287270754109375,0.01873398220717003,0.031322320095518,-0.006940772647058419,0.06740453347236439,0.1053079477203989,0.02100409194034327,0.06267865649723418,0.019747665436981924,0.03059416111357719,0.033863617202247495,0.007680986323027149,-0.705968470992923,0.7509360506527895,-0.5920755897592225,0.785366958763493,-0.5589992895398278,0.8374826034749578,-0.5503385845988445,0.8914265184420245,-0.5252503648819322,0.9324533745328321,-0.6964256063184513,0.8773481841144135,-0.6768601227244567,0.9501825679848986,-0.6470104828190072,0.9838802931357346,-0.6227041268449157,1.0067873604355302,-0.7638259517024711,0.8765505174149526,-0.7442663576077111,0.9543419112233268,-0.6947589652869264,0.9881116479511973,-0.6536281859144204,1.0067720206913098,-0.7948634381646404,0.8710745127976066,-0.7785071208905684,0.9403345942300695,-0.7335651811245327,0.9725793047200284,-0.6932408268879515,0.9907689745680445,-0.7990052830337075,0.866656666462131,-0.7876459222916328,0.9214057759661001,-0.7537180441088488,0.9513647225325504,-0.7179275136348313,0.9693988644183319
0.022393176451019688,-0.24242721698278002,0.07937345000828577,-0.28594866078031206,0.10776390598452705,-0.28541230835918713,0.1397203213974913,-0.2841551206022825,-0.028404003126062227,-0.28523998600889505,-0.0716285007552039,-0.2839566172722449,-0.10926737741174553,-0.28240120955752884,0.17823303291796314,-0.2636475448610888,-0.16714219986202286,-0.261972749017424,0.07677571847940663,-0.20076047384874865,-0.050446264696237836,-0.19983369577885068,0.4999760931446015,-0.004889405266568777,-0.4999760931446015,0.004889405266568777,0.6944128282628398,0.3443281682470711,-0.6668364248893833,0.4040979143514085,0.3413130980559525,0.12920349270768264,-0.6878369106383331,0.7754881309984166,0.22809860559220121,0.059909950258165805,-0.7306409222172279,0.8954548166798787,0.222218093758339,0.021384352431741617,-0.6477245429269147,0.8948394921231281,0.24059502099278332,0.03614155494949002,-0.6066892647088278,0.8546775830626103,0.23981925001336288,0.13349889017150113,0.28582746842827955,0.08748689125976432,0.24922376881998634,0.03887567901460577,0.17977146473181604,-0.001881811568756215,0.13180004580543697,-0.03581929999387947,0.1673110585294675,0.08017080960826052,0.08688591269024824,0.016497808474434644,0.07333500462780204,-0.024702612782654426,0.07572673207843726,-0.053581306432910175,0.10653941844265262,0.09240691253543439,0.03232891833255496,0.02354621464449679,0.024030720960981376,-0.018954600139350148,0.03436186481535327,-0.04788594188002306,0.07300733840406988,0.09315957993675164,0.01135504617793081,0.031090986438750193,0.010654702232674505,-0.007928544898992716,0.02681907399798548,-0.035097177068931965,0.058795242029398086,0.08688444259469172,0.014789554560907713,0.03672705035718643,0.011989227591481362,0.0035916584508780764,0.024257351667339788,-0.02020341856666402,-0.7055757234157304,0.7555724170780269,-0.5919046046020489,0.7903679406180333,-0.5580656597697815,0.8426652345197094,-0.5476999051326414,0.8967315328724952,-0.5220560245313759,0.9370671234052044,-0.6929521396087653,0.8820196821065464,-0.6729290588691507,0.954933853763217,-0.6425175429415668,0.9890624061142972,-0.6176889385566187,1.0117583111789177,-0.7598208274241603,0.882277772201961,-0.7412631986912989,0.9596527249977823,-0.6904644021963351,0.9938555283242063,-0.6476513009169153,1.0125879477993773,-0.7906556699334051,0.8781397467475417,-0.7737648650343117,0.9474612584950926,-0.7280693672778411,0.9801434190143313,-0.6868432490492129,0.998409874276218,-0.7939823692240978,0.8750156262300421,-0.7815614245581631,0.9306878344060148,-0.7482623991969829,0.9610893883781336,-0.7124461822976329,0.979287458348663
0.025623247224827665,-0.25460159587199227,0.0833684757994176,-0.30398883405135313,0.11191168802593689,-0.30382261253064446,0.1434631206419894,-0.3029586310330334,-0.023135970256673095,-0.3033484104671557,-0.06628689526216323,-0.3025802725761928,-0.10473925065737338,-0.30156149053515474,0.1807032133513817,-0.28269858902286793,-0.16312032117713468,-0.28140462316435216,0.07954194304019978,-0.21250564849307654,-0.04724984877305983,-0.21177370275309432,0.4999750981000886,-0.004990118215703951,-0.4999750981000886,0.004990118215703951,0.6898421479486601,0.3747825334199175,-0.667578784215364,0.43564137159113936,0.3432529857948062,0.13220838415708638,-0.6857152664167199,0.8343188273786691,0.23196267880143495,0.05865042244251206,-0.722201200623259,0.962628259663051,0.2266105635832788,0.016091539639858512,-0.6389732147808515,0.9624892015477692,0.24341344289577185,0.03199347562308694,-0.5987034294177548,0.9194381363592846,0.24559940703036368,0.12269656213176094,0.2987242425646384,0.07201651562536551,0.2614685495980111,0.019387108935765927,0.18718678542855383,-0.021705798830256865,0.13845421108300507,-0.05484268405053062,0.18588267403721684,0.06549614079143827,0.11002388161670325,-0.007522642759165983,0.09370268215681682,-0.05256651414578457,0.09119980493142722,-0.08539757954870991,0.11593988478458123,0.07860726837335326,0.047433283258413665,-0.001234931752971628,0.03908004664418536,-0.048103612935410996,0.04870347723654833,-0.08022634624057176,0.0748953450734054,0.07964549694327641,0.0197046148001123,0.006338488053838879,0.021584445796939185,-0.03674058939649209,0.03784902859292749,-0.06599048390270093,0.05616136425575641,0.07271535596498378,0.023050344125669173,0.013959443820146389,0.024149636409374797,-0.021155276857770484,0.034630117088826615,-0.04576516783697325,-0.7085271369472395,0.8063158257840717,-0.5966232490499199,0.8447927895712164,-0.5582698413536896,0.9005890480560075,-0.5379372723789181,0.9579879474609833,-0.5075810999211353,1.0009005718843094,-0.6913735147726408,0.9413205744935815,-0.6649458025974716,1.0181297334639483,-0.6326805267500726,1.056668277925896,-0.6075810274872495,1.0835109699636805,-0.7567966991637268,0.9424804210378022,-0.7346943774117196,1.0226959636512156,-0.6838532267244924,1.0612257108739056,-0.640148317303368,1.0840009916240796,-0.785728647013652,0.9392521429053385,-0.7648618130495262,1.0128657432997787,-0.7183589361439642,1.0491685542900588,-0.6762534912989082,1.0707329027733061,-0.786152570857731,0.9376169367661479,-0.7701304493630957,0.9999875110518929,-0.7356492358531589,1.0344702195410427,-0.6987051098217604,1.0562606725069623
0.029854204740064484,-0.25394723942435826,0.08749276589961462,-0.303390853691464,0.1160336890855861,-0.3031596769372321,0.14714103045726112,-0.30220938666866615,-0.01797809225733397,-0.3029226260829262,-0.06102415671186433,-0.3022848997709345,-0.09957493858528754,-0.30139675129788923,0.18399146341674846,-0.2821622424776324,-0.15733387764971882,-0.2815788515913261,0.08357101755002974,-0.21201343022961322,-0.04288848123522921,-0.21169275074004182,0.4999789726740892,-0.0045855080157366085,-0.49997897267408925,0.0045855080157366085,0.6894224456270155,0.3758057546246467,-0.6694427514838374,0.4325993366094654,0.33428702020729817,0.1083026380450833,-0.6832325380264985,0.8255273200421982,0.22504887079305536,0.02894710142040362,-0.710701507857592,0.9490409402291538,0.22391254563973675,-0.009813070627730026,-0.6279478184159415,0.9521168045258477,0.2416728216953712,0.011309574912396494,-0.5901805936731932,0.9101618176545196,0.25325481405937245,0.10955629466616017,0.30348595122273103,0.059370225066004825,0.27310387131748004,0.008934815375862189,0.20370297108639646,-0.02829894085170137,0.15732146120159266,-0.056317779878816886,0.21008132690669792,0.04920463114303857,0.14232045454723588,-0.026109524630662892,0.12666569107807463,-0.06823632892915818,0.12206878735414904,-0.09797148724897607,0.13753386976470447,0.06414981025655796,0.0660171539370009,-0.018163644918590984,0.05524540085815797,-0.06555773929537029,0.06198066351714522,-0.09705049018999015,0.08892849476660976,0.06749858833432595,0.026139485252495463,-0.00893473808507174,0.023991703906444607,-0.052841085542856395,0.03438770532462339,-0.08230696274875125,0.06058949296753839,0.061926772541674314,0.025827929270440274,-0.0009426384803115506,0.02739381069296892,-0.03631925159497531,0.03698714597874687,-0.060298101005340686,-0.7021014003619784,0.7911887222432596,-0.5933957492585012,0.8272914050433978,-0.5553874164663274,0.8833753029903172,-0.5315069762634799,0.9416174689697242,-0.49628758906420384,0.9825444883280853,-0.6951395155097126,0.9200367982053991,-0.6548100994572188,0.9964421453586544,-0.6151277916958874,1.0364293087051601,-0.5838349080816487,1.0645276026648567,-0.7519624657292412,0.925356104985655,-0.7117432126313972,1.0029291614010083,-0.6580744805354518,1.0416651414317315,-0.6099945150249017,1.0654009885969264,-0.7738713765074862,0.9264214812411989,-0.7331957969260327,0.9969559745335569,-0.6859394998377983,1.0333701392192032,-0.6414972454184613,1.055775657299196,-0.768642202588208,0.927569558642523,-0.7391680204147234,0.987703184845789,-0.7027139891661524,1.0214804969244895,-0.6637090823070142,1.0437179848260472
0.030458146436052432,-0.240758957972805,0.08841025076999753,-0.287982522561465,0.11714108434614375,-0.2876970423945571,0.14822290531316212,-0.2866518296998104,-0.017347414497634137,-0.28764515031154575,-0.060326822556187085,-0.2871340427780215,-0.09880294078242038,-0.28637394169845676,0.18537787468530703,-0.267467238158081,-0.15526800140014663,-0.26768829548329576,0.08472874592866757,-0.20091438862009015,-0.04221759092262746,-0.2008963295855194,0.49998912852340865,-0.003297174305716641,-0.49998912852340877,0.003297174305716641,0.6916485145000822,0.35907548710088244,-0.6754744725062534,0.40016900454243987,0.32325921954264836,0.09439284150809009,-0.6766516896698892,0.7619305334770964,0.2105705606211758,0.016297762727666875,-0.6974974794647222,0.8726915310925066,0.21468973800234015,-0.02088903270865294,-0.6116185173742199,0.8776982325789646,0.23365814062938353,0.0022133373900921375,-0.5761266506236552,0.8418235549973124,0.251351707086279,0.09575206027333193,0.30079526987391414,0.0517817017694847,0.27355757843992506,0.004912241679101333,0.20630466748554357,-0.030222531457567328,0.15597886574543904,-0.05559245290528932,0.20168064649623385,0.0435243740602954,0.13555444182977822,-0.02614738131357819,0.11811488807067878,-0.06590880539692251,0.11012488949513001,-0.09477443996512139,0.12855397915002656,0.05561051193986005,0.06035678438797297,-0.021417019911224914,0.05221476707887912,-0.06633153422656794,0.06073426811528175,-0.09632847517269152,0.07964690107903036,0.057229338540849266,0.020944778737606543,-0.014252669200463267,0.02233018202151312,-0.055245793151876506,0.035175676623089146,-0.08252083218129266,0.05189703024917284,0.05106228880046299,0.02188199190650892,-0.0068346811919143555,0.03034254149217046,-0.03872693624382228,0.04527829367999167,-0.05965956862165312,-0.6894975378034038,0.7275734044821469,-0.5862481816392663,0.7526396393077,-0.5428348131262328,0.805204845191346,-0.5190338940491632,0.8628383744100263,-0.486748031682677,0.9068465463209543,-0.6894317808628471,0.8466667669381465,-0.6455893129594872,0.9297081047219746,-0.5846545480435967,0.9637938322259468,-0.5378828028810013,0.9770353060559671,-0.7346010099398187,0.8537478249588472,-0.675402351990804,0.9308551851137693,-0.6005704675308453,0.9585835427660834,-0.5379189515217107,0.9657854857528901,-0.7457909144735071,0.857153832589232,-0.6844874157457852,0.9257093184955989,-0.6120583994886698,0.9497884243784123,-0.5475884035709941,0.9586134691662291,-0.7357689026985773,0.8595206717731753,-0.689579336255669,0.9160376366829681,-0.6357095094068099,0.9418965525606584,-0.5823266286117105,0.9554439243232031
0.0306265457499398,-0.20998951495444135,0.08910563216157878,-0.2516385984014944,0.11814689207576907,-0.2513904495267017,0.14942742951403604,-0.25043641594649124,-0.017531113162976744,-0.25127821028197106,-0.06068074849446236,-0.2509118395375838,-0.09943009028826964,-0.2503135120226553,0.18710063097076113,-0.2334797712545862,-0.15569708569142982,-0.2343068691420306,0.08587061507769593,-0.1753553843030535,-0.04217912129270913,-0.17564560663748735,0.49999763728141033,-0.0015371119045889698,-0.4999976372814102,0.0015371119045889698,0.6977002962463079,0.31650104666314005,-0.6853030222935032,0.33329622551224897,0.3145025260448926,0.08095392086112962,-0.6541022171116366,0.6100042005495873,0.19878691068860052,0.012720913773945915,-0.672763620802599,0.7141406301872882,0.20262778595778497,-0.01961588892967594,-0.5789937184936946,0.7119732292447203,0.22237161408205772,0.0007813503157943423,-0.5437470695422609,0.6867291534599952,0.24941711634303274,0.08532813003613043,0.29846355147569975,0.04585451106950552,0.27020151949381876,0.003327217309539796,0.19988560246321102,-0.028276648819714114,0.14420102244665695,-0.04950969977580024,0.19612869341597078,0.03836198874122053,0.12468627414233792,-0.020311759241299698,0.10828005877228553,-0.05553764952597195,0.10133189847446858,-0.08146888179914931,0.12347437949950128,0.04882742042718269,0.05213250576552141,-0.01755136312335587,0.042678729226888194,-0.0570873444513346,0.05013015203966949,-0.08344678960200401,0.076171892490334,0.050366710787564516,0.016073113701894067,-0.010196311109880021,0.0133206795538981,-0.04711944605704924,0.02275689627753876,-0.07209521412233127,0.049497463883237086,0.04592448176900157,0.016478415624590313,-0.0024517381949345587,0.02008539772351858,-0.03088741428752746,0.03236853287887157,-0.0501891828975792,-0.6747652614395172,0.606341273448088,-0.5811137318936085,0.6208638351912603,-0.524727294094052,0.6656681029687483,-0.4937358250822872,0.7145559023870854,-0.4670604159779065,0.7522660776465229,-0.6828415729985184,0.6978668501007809,-0.6299502514714149,0.7642336684015915,-0.5575901758762167,0.7886841359924042,-0.5070483932495644,0.7950834636838602,-0.7258844232621813,0.7110473530184892,-0.6646106967512825,0.7736634557007749,-0.588781933742237,0.7974466005051299,-0.5266972022734204,0.8030091410580031,-0.7386581636039253,0.7182452310722235,-0.6758970672814868,0.7771593895343318,-0.5994517051850757,0.799463655483725,-0.5311089052340381,0.8081240252025763,-0.7307507204180378,0.721540096687526,-0.6742293305377773,0.7724562660488747,-0.6153010872340189,0.7977364976969081,-0.5588419143632244,0.8105233178871545
0.02750867529179472,-0.23991544652322716,0.08738374242472768,-0.2887528395417115,0.11676187403464415,-0.2885267047736753,0.14802829553556798,-0.287611044319496,-0.020614959829810632,-0.28822657877006225,-0.06347694310551158,-0.28815909392125383,-0.10205016310038274,-0.2878734181487197,0.1871022195181616,-0.26806812813665987,-0.15776121695193446,-0.2707935476360695,0.08505483661187159,-0.20044725045141404,-0.044885067738362906,-0.20134520748113013,0.49999979146382545,-0.00045665756435810323,-0.49999979146382545,0.00045665756435810323,0.7012175048088907,0.36561308906089857,-0.690956884616999,0.36397363090655127,0.3059391945501048,0.0939777965505666,-0.6180380436380478,0.6280634818125607,0.1898357780970222,0.015416429514051533,-0.6326170227253042,0.7415112624896278,0.1948202176867833,-0.020798043583880054,-0.5180351795940376,0.7285287512166242,0.21530719890465058,0.002802966551011161,-0.4775202182346352,0.6934255841098881,0.2460263705877198,0.09988771409486706,0.2923004591682545,0.05334291454436541,0.258396799361229,0.0036401720856676836,0.1827111271579855,-0.031080404347947288,0.1263750677376647,-0.0553629206690111,0.18924422454104578,0.048696749146360144,0.11827986000924375,-0.02093823352204367,0.10127924218358841,-0.06197288003620843,0.09291552151602345,-0.09174466843142177,0.11731414613860164,0.06118886043060157,0.0449699981837099,-0.014804677846490297,0.031616725956600866,-0.0606801517720953,0.036323056453414056,-0.09194931699198981,0.0697906742062918,0.06267708292041076,0.009724132415686218,-0.006194609793253336,0.0008023102049371473,-0.04900481899428363,0.005604781607148649,-0.07836443535327713,0.04190963227343964,0.05675657358369642,0.00628207276159596,0.0023516805385200928,0.0047194243141528425,-0.029878462875953055,0.013032025283884845,-0.05216941960056844,,,,,,,,,,,,,,,,,,,,,,,,,,,,,,,,,,,,,,,,,,
0.019101749300459357,-0.2256027852113578,0.08363945918806584,-0.273797313762514,0.11326681816872704,-0.273672110858481,0.14468206059965893,-0.2732684770777466,-0.027842802578001757,-0.27251114509311897,-0.07191413412318794,-0.27257105322685105,-0.10918237266444418,-0.27283427049486464,0.1859620891189785,-0.25500777910930306,-0.16148553936219762,-0.2586218482850794,0.08218446033935937,-0.18856769340600502,-0.052122337164056544,-0.18865635453223306,0.49999815668209985,0.0013576871887045552,-0.49999815668209974,-0.0013576871887045552,0.7022019031182973,0.35003671047797763,-0.7001116180162004,0.3370492385409061,0.30559336952814786,0.09309239912597551,-0.6015517890137206,0.4948487186389203,0.1926972923675921,0.019268544949716304,-0.5630841048484055,0.5661356125760175,0.19442394015776956,-0.01567005334455802,-0.4789392041840046,0.5444765292717103,0.21340249877639678,0.005974325897763896,-0.464060737185455,0.5233831883919058,0.23368579957997734,0.09645584411652762,0.28216232200323865,0.05153573546776521,0.24705099943651557,0.005095721797950799,0.16980450719410464,-0.027609678884213666,0.11218363937066013,-0.051247404826558936,0.18035394572882144,0.04800566870550869,0.10292599451127363,-0.018101974170627266,0.08589106113921924,-0.05727745329585613,0.07940466709982445,-0.08537298496086536,0.10829782760080636,0.06080271576063231,0.029931289275984527,-0.01125373928195151,0.017721384222497923,-0.05515621037351533,0.02439715021513266,-0.08467206707543866,0.06065909173421015,0.06268396218611447,-0.005769550159418861,-0.002604475177238004,-0.010840420320416919,-0.04275064077065309,-0.0014749611343757168,-0.06933114450447674,0.03229349308016977,0.056937949607245665,-0.008988513683675549,0.005494551281204814,-0.010905252788738795,-0.025582847686600088,-0.0016957152394108076,-0.04676856210432198,,,,,,,,,,,,,,,,,,,,,,,,,,,,,,,,,,,,,,,,,,
0.012595534534679393,-0.20667687232546955,0.077282782362152,-0.250202930412335,0.1067156806354447,-0.25006061535768426,0.13779027479228875,-0.24991326025449973,-0.034528577248552794,-0.2488347561847024,-0.07859847911752982,-0.2487639965559455,-0.1148540479119368,-0.2489149990626742,0.1808155504138354,-0.23362130336910936,-0.16456766455082447,-0.23587161872300666,0.07757109063221916,-0.17256814492394112,-0.056959550137650174,-0.17268811134233034,0.4999940623075902,0.002436730833218479,-0.49999406230759036,-0.002436730833218479,0.6927192093644958,0.31662579635523164,-0.6990945019039603,0.3061472701878251,0.2808042167107069,0.08897887367504616,-0.5666943770802436,0.29194613764680966,0.17528410438477832,0.02439104961343594,-0.5009258839251896,0.29330151280382355,0.18568535218494447,-0.00842961380557553,-0.4841417518250398,0.24491638371541363,0.2032676909175568,0.010552468984711082,-0.4730878805647187,0.2428802041077732,0.21969161630978196,0.08724164852517159,0.2682274382902509,0.047097661953745665,0.23378674683406087,0.004937191753817835,0.15473079715913204,-0.024523682469587606,0.09598253892834878,-0.045769277582958616,0.1605048222654826,0.0443941401303781,0.08323740205402788,-0.01570472491477885,0.06720905204226363,-0.05180851573854068,0.0616935040528816,-0.07804037676250564,0.09037088818227786,0.05585872526684422,0.012660377100995573,-0.00958411650194774,0.0021161362585811793,-0.05018668117351806,0.010034967683826106,-0.07780402501284336,0.045086483259901396,0.05712052794384313,-0.02115323493631567,-0.0019424744947692811,-0.023332338149790733,-0.03810953119091546,-0.011019752995400122,-0.0617406608550304,0.01885837970363121,0.05159484420728034,-0.024373213174376265,0.005484235969015397,-0.025347637965712204,-0.022680881566216306,-0.014703185884445408,-0.041787572924857415,,,,,,,,,,,,,,,,,,,,,,,,,,,,,,,,,,,,,,,,,,
0.007623620658770255,-0.23406242589468532,0.07162119336748399,-0.28449044809938806,0.10141636643837759,-0.2844452320968678,0.13238392196255255,-0.2846182556216633,-0.041283804607349615,-0.28277574157957114,-0.08525334127173077,-0.2828004809748894,-0.12156101378555008,-0.28309849553695476,0.17627222479308158,-0.26723392059208706,-0.17292623273256724,-0.26914867366850875,0.07325160209013734,-0.1946055262408863,-0.061714248166012974,-0.1950685716000289,0.49999200828037244,0.0028269516727204977,-0.49999200828037255,-0.0028269516727204977,0.6875280609462171,0.36355154196065054,-0.7114689346237777,0.35258993456179233,0.24547861482172909,0.09505267705563364,-0.5630890228861265,0.22761731862635623,0.1487026975559571,0.01762659080065492,-0.5102458318043464,0.1604106579106861,0.15873395649655403,-0.01852900782065092,-0.49861094354167135,0.12149490398401921,0.1739387448513099,0.003516077044464386,-0.4827317441958378,0.13763092718644118,0.20884761911032795,0.10030351856042691,0.2550570421592862,0.05414254726022825,0.21920847067339044,0.006767290316590005,0.14220900638768316,-0.02496947169478181,0.08323772117157037,-0.046420430466175576,0.1442472859806377,0.05145942662582765,0.07104198807142817,-0.016379192428096972,0.05242322917777417,-0.057976240079971694,0.0439404286202774,-0.08813181218502913,0.07424682850884334,0.06540247370601723,-0.00425523779509927,-0.00833363658571339,-0.016360512050488694,-0.05536002999475512,-0.010497435462318015,-0.08738110474924671,0.0290716814392964,0.06764873467970446,-0.04112223257177127,0.0013830083195105313,-0.047042808742448115,-0.041050915985070734,-0.038503941613847306,-0.06952611223889142,0.0034748735234840277,0.06168189701379079,-0.04402354328159521,0.00891177722399847,-0.04807341263014174,-0.023779088113280545,-0.0399207420743863,-0.04613375796534851,,,,,,,,,,,,,,,,,,,,,,,,,,,,,,,,,,,,,,,,,,
0.001318232284793815,-0.2371856899765135,0.06522337744619736,-0.28906934835620346,0.09672953831597604,-0.28905659562917463,0.12794921494249667,-0.28920993751053964,-0.05090204361792031,-0.28693801986803685,-0.09421387385272918,-0.2868120383828428,-0.12974709470834986,-0.28699243150335996,0.17380432366337198,-0.2714821784446025,-0.18164175900648188,-0.2725950664233199,0.06927580275593215,-0.19665219052026162,-0.06716193581690312,-0.1964554893669985,0.49999051579527864,0.003079628998957141,-0.4999905157952787,-0.003079628998957141,0.6855993844742172,0.36919156341900644,-0.7214440051572037,0.36270823157605,0.2401252910556782,0.09758923882794128,-0.5621238660983784,0.14570458230448902,0.13836356930761598,0.02439956075652905,-0.5233955139118274,0.0710020443611819,0.14432460031835326,-0.011831245889444522,-0.5071050394074419,0.04192227142969333,0.15882025328742597,0.008614544397240955,-0.4890129972709635,0.05878091282630091,0.19468466252096708,0.10102675572088071,0.2385753078595014,0.05298437330078892,0.19784741258735314,0.004344699520218776,0.11564775243811388,-0.027767440030965495,0.05972746732145289,-0.05369891246067796,0.12164476263167795,0.05344269858128022,0.04500505555261453,-0.017151142581096502,0.02710478246060275,-0.060574951006868175,0.019179198119567416,-0.09210286108162181,0.052095563060240956,0.06668428014623315,-0.0266148359384595,-0.007823411585924112,-0.03854040593025979,-0.054923483412466174,-0.03417127386369235,-0.08703786435203734,0.009124545634758629,0.0678270790665273,-0.061167444166136876,0.0017809376518921815,-0.06586695507901101,-0.0407673380964081,-0.057853491583921175,-0.06918103223071725,-0.015108693270462102,0.061155547888326965,-0.06088185940244948,0.008936222275386783,-0.06404110149851014,-0.023760224041482845,-0.05651344691953856,-0.046446243376235805,,,,,,,,,,,,,,,,,,,,,,,,,,,,,,,,,,,,,,,,,,
-0.00283070360803082,-0.24254084677641644,0.06223808076535194,-0.2976167368210893,0.0948285708690354,-0.2975722858423445,0.12525238646122336,-0.2976445186828048,-0.055255950192823894,-0.29536487600656225,-0.09786120886753048,-0.2955024968809732,-0.13321693237103607,-0.295978653832636,0.172405968258904,-0.27848091258000496,-0.18667068604412138,-0.28065562839881186,0.06728146008234741,-0.1987555053329166,-0.07059952283364193,-0.19723781041189709,0.4999556837658701,0.006656896439139501,-0.4999556837658699,-0.006656896439139501,0.6854598591292923,0.3875566085589042,-0.7263977102260565,0.3851680126684558,0.21934204045752892,0.10631140073820851,-0.5278049717099476,0.05095720891356837,0.11787553301513784,0.03346301085489527,-0.49199150007021036,-0.03571817328197398,0.11988038835364731,-0.0027584972869414233,-0.48150802638481865,-0.07244257338442865,0.13309939387829067,0.016398747172161224,-0.4686580265288484,-0.04139090733573435,0.182382794897369,0.1040853086070118,0.22448747361221658,0.05083239185368721,0.18212435509899016,-0.0002947695791580645,0.09953572489823126,-0.031395235071909125,0.04381867608825781,-0.05554210189511285,0.10959404972118857,0.052608176243686834,0.03390759131861671,-0.019895235391541952,0.017740705907350277,-0.0643528173614211,0.012595091645586124,-0.09635446202651415,0.03751352376824566,0.06680205018483115,-0.04290064431672179,-0.010605383469560858,-0.051722098359701436,-0.05957200185943089,-0.043599083757820366,-0.09218420326518136,-0.007681384995471481,0.0684953747881738,-0.08114665565647597,-0.0006782397979671626,-0.08256010583618671,-0.04466304695587062,-0.07059780231641383,-0.07308405254508242,-0.03307821146110045,0.06254683529564375,-0.07939136586958949,0.007484715391125542,-0.07913781596228035,-0.027450371762581093,-0.06790265735525504,-0.05108605233021989,,,,,,,,,,,,,,,,,,,,,,,,,,,,,,,,,,,,,,,,,,
-0.0020618876253437977,-0.2165029399156792,0.06323282627123986,-0.2685584963003641,0.09584246299186948,-0.26862189371297707,0.12520861459412144,-0.26846347407120297,-0.05442956137967919,-0.26681292465051765,-0.09718293990165863,-0.2673976881976259,-0.1326443167256677,-0.2682676662117341,0.1718791705897374,-0.2504667367625377,-0.1872116705514576,-0.25387512353294567,0.06812972985083098,-0.17556823549221148,-0.06956809756831235,-0.17416425619494036,0.49990045100430003,0.009976927668248236,-0.49990045100430003,-0.009976927668248236,0.6849878819396277,0.35773996173793443,-0.7313496774211024,0.33787041461564704,0.19799174804886358,0.09025534223968021,-0.4879358674661853,-0.040235670365163775,0.09645453049326101,0.020100415672064983,-0.42858449806744625,-0.11866403316852699,0.10108530196057482,-0.0134620858975197,-0.41052014470183196,-0.1435313357620435,0.1089985512635365,0.0067936829913503236,-0.4096454898806425,-0.1201640691515753,0.17980987117875014,0.09444474375521508,0.21946519196610983,0.04485267191192374,0.1763650600259824,-0.0017572092867771808,0.09613440846476373,-0.030137526548440548,0.036311036313615076,-0.049300687581474135,0.0991373021551366,0.04362366356228369,0.02231019672654378,-0.02378596292581933,0.0028732815345986246,-0.06459874924810831,-0.004770018187262217,-0.09391414140093352,0.029918593876302878,0.05736612414763536,-0.057592970544874944,-0.013661514355144812,-0.06637205813388582,-0.05851281930654018,-0.05624076855227022,-0.08822810283123167,-0.013419948081072957,0.059772935244420386,-0.09495917341976921,-0.0033548536405267845,-0.09594335323935145,-0.04345283044111686,-0.08259502814477925,-0.06958874629471695,-0.037698958907355466,0.05428529067572759,-0.08890166842567446,0.0029701096691099782,-0.0858853227023039,-0.028390255434153393,-0.07105554702781199,-0.04892407148346924,-0.468235092464834,-0.04422276172250022,-0.45904671768265937,-0.0813938913074592,-0.4071101452290515,-0.12334960441098021,-0.3404655925348492,-0.15070994744920635,-0.2877755244491453,-0.1617891994765062,-0.4294037995906928,-0.17213709067625013,-0.3012627326952062,-0.19774986704115596,-0.2650627665459364,-0.17126105370196212,-0.2768338407715382,-0.1473628891781792,-0.40849852228336614,-0.16701608708819304,-0.2723012327882609,-0.18579709029134997,-0.24361677204737436,-0.15787045614558814,-0.25966968291138587,-0.13665256871402207,-0.37596668921304705,-0.15144736723694205,-0.24133165338796203,-0.16405547225302336,-0.22012625031740476,-0.13985709364130755,-0.23912779227922448,-0.12190609409302386,-0.33742125204010515,-0.13129142341152203,-0.2267720999709155,-0.1375269062238694,-0.21645011873234715,-0.1201079129352748,-0.2352786021074949,-0.10621050552678868
0.0023907680077501583,-0.23792962003306384,0.06795105786231236,-0.2948359031870315,0.10051479449398316,-0.29515793253840933,0.12861548279048593,-0.29489036886559367,-0.050345690179979245,-0.2939015251659675,-0.09336620959068824,-0.295023205973037,-0.12920685504624582,-0.29616189190146747,0.17198724704138865,-0.27577324429167205,-0.18537437339838606,-0.27985833448451974,0.072383642956377,-0.19291295627320498,-0.06590791030311884,-0.19167429337522685,0.4998810953617644,0.010903692031720971,-0.4998810953617644,-0.010903692031720971,0.6937264060705645,0.3976857524405508,-0.7338113058901716,0.35563019785681754,0.18819148914646014,0.08896015649121677,-0.4484006035723036,-0.09111241337303988,0.0880659726656749,0.00851837462187267,-0.3593110384785249,-0.18156240744127497,0.09182120942893722,-0.028556733161700022,-0.3370036878832114,-0.20436504293123267,0.09755215253991441,-0.004384487124249847,-0.3487747943537166,-0.176628704187271,0.1780582406690214,0.10082989550189872,0.21677023011208726,0.04408339476844882,0.17106233899824508,-0.008447232423328498,0.08820691103415368,-0.03952561149197157,0.029026468028773754,-0.059734431997132825,0.0918021240248723,0.038918602594693395,0.01638532405181193,-0.035811265804932,-0.004436484755952794,-0.08005661997803422,-0.013695841943421539,-0.11204810012845384,0.02324102140811152,0.05520260822959317,-0.0648181153796651,-0.024235049976003314,-0.07624476700949961,-0.07312395238549055,-0.06857390268342949,-0.1060622152590298,-0.01990080042650973,0.05880785825881904,-0.09965035414929549,-0.012280696110239955,-0.10219128207893109,-0.05689531608294501,-0.09143977661789111,-0.08673412859981784,-0.04428148655186956,0.05362228204784459,-0.09513289406119255,-0.0042720233023018405,-0.09440278559896119,-0.038471047516554065,-0.08299999072420773,-0.06140011238706546,-0.4699074682778965,-0.06362786543570392,-0.3566225656943879,-0.09394536801137224,-0.29244798628303503,-0.1340701430426994,-0.23367384216803597,-0.15884948012777247,-0.18635525305921968,-0.1753936559044614,-0.4349762239746796,-0.21171856673987544,-0.29444112641330894,-0.23589385234008095,-0.20269557042500363,-0.22829798501445747,-0.13910896826964894,-0.21466513530498216,-0.42958973570437314,-0.2049256368837332,-0.27737648126056313,-0.23708388223397345,-0.18710334584451213,-0.22784960843287075,-0.12503623547432163,-0.21301703508882372,-0.40076793110716974,-0.18821091699136563,-0.25725037213366286,-0.2218172264683243,-0.16727425331837112,-0.21574138697141082,-0.11039231690830302,-0.2021227492715754,-0.3515915430747895,-0.16377127158178925,-0.2390128921984312,-0.1908136863637387,-0.1727999365789007,-0.19183087193229983,-0.12770213609788184,-0.18472190969994576
-0.000630787841127259,-0.21785264775345656,0.06631384500115653,-0.27006894747583365,0.0996581714800802,-0.27024654326674624,0.12687435794140803,-0.26955421809820795,-0.0506104919610115,-0.27149032593856215,-0.09267010479314845,-0.27348703518624196,-0.12845811837749113,-0.2750003869969571,0.1700228060733521,-0.2530570918093013,-0.18512727667882925,-0.2588757451157035,0.07025308076953299,-0.1759818193410067,-0.0660635740206172,-0.17693300127846245,0.4998985584012149,0.010071311155321491,-0.4998985584012146,-0.010071311155321491,0.6944123319971429,0.3700767259826752,-0.7345376853176181,0.3153707949595984,0.17787954694365626,0.0718187890351518,-0.4405401380477692,-0.09527727243980534,0.07898678294177043,-0.013927687831842497,-0.3527232000816217,-0.18918787602071782,0.08647180050507064,-0.04795017489405207,-0.3314484172329836,-0.2110419524698109,0.09139499348391138,-0.019895855216419282,-0.34146726733582655,-0.18239080075033473,0.17436930767944916,0.08609791911932592,0.2131904066570813,0.031683747144396424,0.16676725758625008,-0.018372097103436104,0.08366753166315713,-0.04693816199848535,0.023762069405597202,-0.06491589085273418,0.09666652167959518,0.026598967698676267,0.018419456148480097,-0.044406063802500645,-0.0032424272160473085,-0.08463858826009045,-0.012840199616901322,-0.11367836945912076,0.021450607880772053,0.042296186017655904,-0.06816362194304453,-0.03323734685947177,-0.07889949195959568,-0.07832601818059866,-0.07028052033987885,-0.10869635224829748,-0.026916515046256438,0.04607818823973182,-0.10520142508546616,-0.022912458603295296,-0.10249365513523948,-0.06435448614875922,-0.08787784828757003,-0.09220641855066435,-0.053871933510201316,0.04120773271057617,-0.09648926942148679,-0.015791487174819513,-0.0888848252718146,-0.04737010005953738,-0.07360945586579246,-0.06806050706089276,-0.4547344067979743,-0.08913648286466463,-0.33230217460294653,-0.11368127710240153,-0.26193938159157687,-0.1498216762269422,-0.20349309675440125,-0.17301740049932776,-0.14296877089853238,-0.18509674540773843,-0.4045890523859671,-0.22510538133270852,-0.24468560074778267,-0.24741067810882086,-0.15078858805169293,-0.23557519265135313,-0.09052097871302163,-0.21883305915757695,-0.4060636070152366,-0.22126897557451075,-0.23731844442623742,-0.24927929801828969,-0.1430494321858584,-0.23913330634080934,-0.08111021895435837,-0.22386052742389445,-0.38129368587399115,-0.20609253147050366,-0.21935970603019594,-0.23419857659176285,-0.12660272461080072,-0.22705380839854178,-0.06859878774658687,-0.2141593286514443,-0.33528820757862915,-0.18393131607064658,-0.20177720281681927,-0.2042657663208923,-0.12788952996511824,-0.20477896535994916,-0.0762134526758176,-0.1997414733760058
-0.005042909261436419,-0.25250844211423845,0.06267127714369432,-0.31232266331467673,0.09616413586547716,-0.312826120219442,0.12317242964545415,-0.31229606152177947,-0.05247335806063151,-0.31425389955646554,-0.09321655597929156,-0.31702093537239157,-0.12939438009534837,-0.31886949036598616,0.16260135468669562,-0.29427595309061416,-0.18604256062470834,-0.2987350786250194,0.0664312629018344,-0.20417828680429012,-0.06852506866980104,-0.20623237659638488,0.4998630001860429,0.011703890165580223,-0.49986300018604307,-0.011703890165580223,0.6972539880731297,0.4340515689033744,-0.7346428029606967,0.35481615159856655,0.1836980522035982,0.07939565715864515,-0.42189392101940026,-0.13280900168502122,0.08623049339136331,-0.020837202350617628,-0.3279466337525761,-0.23818984734543786,0.09163486693851997,-0.05858325918248579,-0.3082306937945886,-0.2619402156310726,0.09651225704498032,-0.026746934436221746,-0.322625089037784,-0.22827016459333582,0.17981109917176671,0.09696892736587383,0.21915267072870823,0.034218802887165,0.1748640848294056,-0.0234824630673011,0.09311101154741569,-0.05669138640451121,0.03538827235336666,-0.07892949668648924,0.09325912464341664,0.0244973753888852,0.018432831775020215,-0.06086966530782194,-0.0004885238992470108,-0.1072487229022305,-0.009175947954640776,-0.14078217013860295,0.020041484047732275,0.04091068160650209,-0.0652276131472394,-0.04821224466034963,-0.07559488348844778,-0.10055828211764462,-0.06860512730710319,-0.13672647517283235,-0.026198242573825605,0.044529783633438395,-0.10093090284911412,-0.03644418665649693,-0.09871345404153091,-0.0832538158379691,-0.08552113877572862,-0.11529567538273336,-0.051131013873247755,0.038738591293886654,-0.09466887691065122,-0.027506433597623257,-0.08770608396124675,-0.06337832222314103,-0.07267001920177352,-0.08662990689195196,-0.44028044436696145,-0.12699327458377707,-0.32655424137439887,-0.15145604966771142,-0.24677548611335223,-0.19301452087963086,-0.16981438859006653,-0.21685844479501584,-0.09956556604271272,-0.22636400233877116,-0.3799084752949429,-0.28776804014850926,-0.21749064603112836,-0.31143743473346686,-0.12688504506802809,-0.2961567717451889,-0.06985587037775837,-0.2757022397802354,-0.371654309747302,-0.28291150539724,-0.19042676367023345,-0.31092391228544314,-0.10329304817878773,-0.2913675503144604,-0.05042350605432115,-0.2674653001707297,-0.33959013295901336,-0.26403906114229864,-0.16842384300859772,-0.2899093946058177,-0.08263542657926906,-0.27615330193750365,-0.03133723143400808,-0.2574249207704485,-0.28943926026874595,-0.23713844742954196,-0.15010703623677252,-0.25103446912333255,-0.07933584724049303,-0.24586464433814476,-0.031596983391021946,-0.23590227289811636
-0.0007510325496602745,-0.19596423730049967,0.06607207474044563,-0.24363007035484607,0.0992696660832102,-0.24477032449661307,0.12574849113121053,-0.24529069767596198,-0.04756668429619597,-0.24495401994952215,-0.08810236286380992,-0.2479512906734183,-0.12478948317106102,-0.2499218219992832,0.15994101178491799,-0.23487871100793456,-0.1823257239027747,-0.23602728178259735,0.06908946820707129,-0.15816032589633533,-0.06474326107918207,-0.16071272971322603,0.4999060178410181,0.009693984028022904,-0.4999060178410183,-0.009693984028022904,0.6961826733315803,0.35136008524110124,-0.726973580224217,0.28294702532268584,0.18901427942046123,0.05816660342618255,-0.3968332938751163,-0.11505798980834163,0.09447849473562375,-0.025328451390015383,-0.2938426363798725,-0.1994234459147137,0.09925142908973052,-0.057512215732538924,-0.27451133118546267,-0.2175474316764374,0.10386428316773891,-0.02940892707213011,-0.29468291967034954,-0.1918089119223227,0.18940609846218986,0.07531426025769077,0.22733167641755583,0.02354402296342417,0.18335399559573556,-0.02449138958434459,0.10508763542731522,-0.05280835734783949,0.05168815271655883,-0.07237673797538816,0.1006895726058445,0.012830594829383866,0.027831494170431802,-0.05633008661461235,0.00968568565822389,-0.09358969628162227,0.0009478631308009066,-0.12003739137240471,0.027246805106752377,0.026040034173047708,-0.0538350521156306,-0.04765737051561031,-0.06084017605043579,-0.0897464634957984,-0.05113643761078728,-0.11792620681651252,-0.01873353707480071,0.029130538728881047,-0.09084979356332083,-0.037355396851151954,-0.0872550795152297,-0.07564218363371397,-0.07195433409186801,-0.10146999776207836,-0.04251614237467728,0.024992357286936655,-0.0838546170795046,-0.02889920501912141,-0.07653743792293734,-0.05864794679325732,-0.060515686514937474,-0.0778604630763697,-0.40950017533108996,-0.11417569719218487,-0.32112177070233894,-0.1390230240738859,-0.2426500140922038,-0.1726243366076234,-0.1553954872131403,-0.19135368570065756,-0.084843191074538,-0.19946794719599828,-0.360216450466981,-0.24156112553971415,-0.19370229201705239,-0.26348471824101877,-0.10266377320302618,-0.25019298800343853,-0.045954368281748946,-0.23215508668747847,-0.34625667670053645,-0.23820113289688866,-0.15936728333853212,-0.26769877071990733,-0.07607902622319997,-0.24881673116502304,-0.030554700984664573,-0.22564929117535454,-0.3111857408608946,-0.2234385258834731,-0.1373055870597312,-0.24519593183270189,-0.056081702342673775,-0.22909376329970058,-0.012390194948838898,-0.21066446956719667,-0.25991971006916914,-0.20138806805404738,-0.12691132973060495,-0.21365378842279772,-0.06216806865142303,-0.2084223345196556,-0.02044109072186336,-0.20019185902253403
0.023898378580433904,-0.20371187901446994,0.07990570822370112,-0.2521054897380707,0.10911892621588007,-0.2534635340746221,0.133486507861789,-0.2543468887906129,-0.020499531879947634,-0.2541719428812505,-0.05977795527433275,-0.2576879587489947,-0.0976427663859,-0.2601729234196763,0.1619103429058407,-0.24503323265605792,-0.17446485868237407,-0.24590307715129958,0.07817187023314429,-0.16434752282931417,-0.04635752865443445,-0.1680345155020198,0.49990500306753793,0.009746174020856074,-0.4999050030675381,-0.009746174020856074,0.6964772126312517,0.36731454597270513,-0.7074648312090562,0.29652190519411586,0.19749920524800857,0.054974652971537655,-0.3673786682530094,-0.12545724563327262,0.10422462362724903,-0.03129902154914675,-0.2664368163809544,-0.21276517716611257,0.1082493493655574,-0.0667911347465783,-0.24912492337565348,-0.23231889366817698,0.11379950059888774,-0.03653686543757024,-0.27063879355565856,-0.20611845387323396,0.20065013822799285,0.07268181998001777,0.23744658326196624,0.01887603009007746,0.19258107361415386,-0.032795984539729386,0.11665275381392193,-0.06474696965118806,0.06835751135700587,-0.08795004866308044,0.11930987565672917,0.0027243703620931374,0.04689505692457991,-0.06925205580406223,0.03009209733515622,-0.10735904551237385,0.023190014386067936,-0.13400768878889455,0.04720593431457725,0.017610496417639156,-0.035655354543359795,-0.05933204264334016,-0.041263153736097125,-0.10271916246773093,-0.02977902034098443,-0.13071218720219227,0.0012164269335905933,0.02285444662052555,-0.0764975132054731,-0.04692370633898185,-0.07198878289859885,-0.08686976530566069,-0.05495101556354624,-0.1128516753717623,-0.022984992946968923,0.020948971192374172,-0.07137573488512836,-0.035960200365479075,-0.06655181963008175,-0.06723514013696272,-0.05108447802545468,-0.08628020064426664,-0.37621255356836025,-0.11593528784660156,-0.38130738673756726,-0.16855278894205938,-0.3396068325463517,-0.21650651603753815,-0.26199499070105486,-0.24151790374869084,-0.18302791773373855,-0.24677078443647923,-0.366418815981358,-0.25350001930353794,-0.21483391914662012,-0.28158456242601215,-0.12888191147297573,-0.2719158241054389,-0.0739577035853065,-0.2546790722973953,-0.3318671586576452,-0.24814218633591825,-0.1649989537675476,-0.28691323774207145,-0.08089516350153468,-0.2725870607227744,-0.0334197318504929,-0.250787899734836,-0.2849716893072825,-0.2323821703517989,-0.12425174468563385,-0.2622765487521492,-0.04767234204974729,-0.24841315404020994,-0.007698293835173641,-0.23160483652067032,-0.22755679629267722,-0.2082684871956249,-0.10048273032571318,-0.228223235900041,-0.04066935225915354,-0.22314217163545275,-0.004460659790643787,-0.2151952613355588
0.03059739909092256,-0.20375858331330574,0.08512861089424834,-0.2513684898982343,0.1136728427205553,-0.25254328904117246,0.13759440936152942,-0.253207098620682,-0.015232933606305848,-0.25366745094252663,-0.05437772770808288,-0.25705734556372556,-0.09202686828600276,-0.25942654780411645,0.16530935537299501,-0.24383459178004926,-0.1712821726112808,-0.2448836682648842,0.08286390408465229,-0.16415867088477376,-0.04069151827907506,-0.1679563126216874,0.4999217367910705,0.008846303397445708,-0.4999217367910705,-0.008846303397445708,0.6917057379188779,0.3633705748786315,-0.6785338181340664,0.2969121094009472,0.2027342567763047,0.044037294024740346,-0.33783137468272817,-0.10902205682134697,0.11140396317550941,-0.04429683827196249,-0.2567402481827885,-0.20173241243144815,0.11513983136610456,-0.07949418693855916,-0.24246686230667203,-0.22360671681347344,0.12039185391124561,-0.0477519784869513,-0.25766505335477563,-0.19632550553262432,0.20984532367600242,0.06727191605362373,0.2471027713914757,0.015310537094008295,0.20482878854885836,-0.036926129829196214,0.13308767365239113,-0.07208843358868765,0.08956050950020975,-0.09873535475821521,0.14010077198065696,-0.004946705958867386,0.07018441243874556,-0.07635982494454657,0.05324882134561291,-0.11411091037318116,0.046797863051756476,-0.14052909350972378,0.06657118638572024,0.009256245550538491,-0.01546851173594298,-0.06707504390809302,-0.02241330419912735,-0.10967988681627484,-0.011124421997709176,-0.13679586476621525,0.01963353669639309,0.014988396436038783,-0.05241826556780882,-0.0557388112144619,-0.047854018678774354,-0.09507335119307822,-0.03105957489781565,-0.12020183633358171,-0.00455671782289657,0.014081089089450305,-0.04730729962320144,-0.04310856614097955,-0.040857611292307874,-0.07348848898118344,-0.024655423810309857,-0.09131173834554275,-0.3565587928050184,-0.09941823845563084,-0.372998826207659,-0.15303422145265547,-0.344177561032137,-0.20518308688073672,-0.27452127176272034,-0.2365325350235561,-0.19448049534482462,-0.24707984100712702,-0.3833705230148679,-0.23851541068540463,-0.2377338917668386,-0.27889115529067243,-0.14959084235662104,-0.27819669087881377,-0.09226680057437013,-0.26702871915385423,-0.3429275546299807,-0.23138108506097455,-0.19785859682641388,-0.286378200714477,-0.11301191770995223,-0.283298184818308,-0.06029357803631385,-0.26861164386722747,-0.2877778708636721,-0.21607690600626828,-0.1514831778831364,-0.2627409785540758,-0.07349003531980329,-0.2600264742268294,-0.028210412990317357,-0.25053445138550734,-0.2216986137028353,-0.19434217572511137,-0.11484465568884661,-0.23155918585237545,-0.05299138171068415,-0.2367639979305276,-0.009971204915661844,-0.23646282366406599
0.0410795315253786,-0.2141245483245747,0.09297984853812065,-0.2640940181202247,0.11895214182731431,-0.26540578804626436,0.14246951116639814,-0.26624427349037805,-0.006707880299568174,-0.266633102755256,-0.04807348918167328,-0.27028974224725516,-0.08894099755216182,-0.27284870339367107,0.16702074234529657,-0.25629276679046586,-0.17076817465679311,-0.25718401678889785,0.09020571295515728,-0.17250457034137326,-0.03400735525002999,-0.17642543173169847,0.49992878130607554,0.008438816375659058,-0.49992878130607554,-0.008438816375659058,0.6877027157964927,0.3816158474029365,-0.6444567820095758,0.3144744288018512,0.20575453007632874,0.04810459004075815,-0.3238534190279641,-0.09628517381179012,0.11518968140150891,-0.04232619282745829,-0.2693295191677766,-0.19582211295596935,0.11885654129291459,-0.07998723272985069,-0.25504348590085235,-0.22143694922975699,0.12225542998941222,-0.047623003722751876,-0.2640941224780671,-0.1937009140120972,0.20999517423575065,0.06614144648013977,0.25076644835617595,0.014304542518496272,0.2113958669140005,-0.04188467883360901,0.13803929549274047,-0.08320028276898055,0.09048853120275643,-0.113348240844018,0.14068116556362228,-0.00904157757029943,0.06550691655744115,-0.08670956467055385,0.0528025470561388,-0.12891929231684668,0.0527954856530298,-0.1582215806665471,0.06655309058729215,0.004737634340074966,-0.011656203793651395,-0.07969347545316195,-0.009594002493376648,-0.125278298592845,0.011936215586168565,-0.15336803992273515,0.02053437917954837,0.00945658954896918,-0.04290752962253618,-0.06888799719183242,-0.028516571147875983,-0.11015538661766047,-0.0019253187169299322,-0.13510583652898064,-0.0015836554434219788,0.006425381650137392,-0.0335129665015863,-0.05634575885742773,-0.018883549875781475,-0.0892058629196326,0.0021881296557198057,-0.10799954347322233,-0.3361752053300497,-0.0726659712111596,-0.4014670206850916,-0.1256499654081338,-0.41764342777663666,-0.17820386063586918,-0.38427386207664993,-0.22016668848411902,-0.3294188005168089,-0.24463315731702512,-0.44004084047646064,-0.19722735836325966,-0.36135146121490963,-0.2651485109531209,-0.2928351195016786,-0.28897126818841345,-0.23493197613056607,-0.29725881553164724,-0.37638754223514953,-0.19224306370118247,-0.30356646054966036,-0.2732175763218174,-0.2344479984251678,-0.3006189836851622,-0.17909356892238296,-0.3091124804234658,-0.3034838059209606,-0.18092438828446386,-0.2344975187777404,-0.2560085885554083,-0.17283454037428606,-0.2801123310118814,-0.12637286171766196,-0.2887524669124885,-0.2248845953452638,-0.16389165488406798,-0.17982514839064415,-0.22605213148764702,-0.14596608260590452,-0.25114251523212894,-0.11724608873000207,-0.26475648867436596
0.04506984468166703,-0.1987640929636512,0.09501797207710551,-0.24549872525698907,0.11998579987302652,-0.24670115105768992,0.14327535670680155,-0.24753389926559977,-0.005480996178852557,-0.24800940231191868,-0.04753817728899817,-0.2514024075112305,-0.08914800022668155,-0.25379864628378884,0.1661752148658981,-0.23826297540441282,-0.1724921833872307,-0.2389888496405008,0.09360151861508481,-0.15940900731749225,-0.029704130774553732,-0.16325399879567232,0.49994254993665665,0.007579364276345509,-0.49994254993665665,-0.007579364276345509,0.6807112210159931,0.35955287546185427,-0.6070321433899504,0.30008765830218614,0.20595647257056546,0.04580736765064229,-0.31984491611601373,-0.07556049723137276,0.11554909130686118,-0.039792317774747656,-0.28231617459123526,-0.1755710180891922,0.1185226223352158,-0.07705823072015605,-0.2673621205781758,-0.19675445786491524,0.12251757600299816,-0.044759523404139294,-0.27367122644071956,-0.17097011981521806,0.21832054870353915,0.06312312301653701,0.2583313598946822,0.012214264500710071,0.22242973686222922,-0.03985185863501282,0.1573173423003681,-0.07627498755455471,0.11481072438382774,-0.10241979121488863,0.15370051925755202,-0.013486566556288155,0.08767542364847954,-0.08324006989895699,0.07489815123984973,-0.12030878651093373,0.07284319565895114,-0.14591772242888118,0.08225208696741108,0.00112625843605976,0.007865460425770786,-0.07655449257406362,0.005460480965691176,-0.11729834070059604,0.021333652678536746,-0.14220881364642665,0.03749701976345828,0.007541692511926167,-0.023761858613428943,-0.06550865192366398,-0.014090607552513046,-0.10335993765376736,0.008470975527891384,-0.12655638276559986,0.016167705103563686,0.006302568570936093,-0.015135979669860803,-0.053158154938900665,-0.0031413581245689753,-0.08406248271225479,0.017026180917749368,-0.10156816967768717,,,,,,,,,,,,,,,,,,,,,,,,,,,,,,,,,,,,,,,,,,
0.04352310838066561,-0.1940659346764601,0.09354930488196991,-0.2391967110274381,0.11860956464055795,-0.2410357987913892,0.14163939261357414,-0.242174793729779,-0.007036560288066562,-0.24189260604459012,-0.04945352104779772,-0.24503859187269605,-0.09079639315986987,-0.24719771999536416,0.1651233818384672,-0.23335998860793933,-0.17471584264050707,-0.2327577605640334,0.0937961906282113,-0.15581962240515307,-0.02879379623869869,-0.15853840339574338,0.49995815085022377,0.006468956517468316,-0.4999581508502238,-0.006468956517468316,0.6779861059497845,0.3479859486323474,-0.5515166667963317,0.31265407426105746,0.20572152716654774,0.044218752145989366,-0.33004441684279007,-0.0515896339785799,0.11584462515133317,-0.03688659483353418,-0.28811372152538123,-0.14038059941588404,0.11888774066819108,-0.07214988393839303,-0.29341814769599933,-0.16151161828786087,0.12261960411302485,-0.04169410233326327,-0.2844519446934914,-0.1368813704041045,0.2253573543862897,0.056535256511662246,0.26333308474385475,0.00978270016357144,0.23271075138203257,-0.03866029410194715,0.17525148523207734,-0.07569488489704923,0.13523013011994103,-0.1011944365020427,0.17334332067321553,-0.01727702094496112,0.10595563015078618,-0.08631237818699045,0.09060874190585846,-0.12094219807785295,0.08631844641595487,-0.14444289602813057,0.1004449232522645,-0.003742764830717001,0.024623687985701446,-0.08186072941075649,0.020073755507717637,-0.12241176818812981,0.035155761572886766,-0.14722038135693732,0.05045336310290542,0.002995301672832569,-0.013679776417423602,-0.0699546468354111,-0.0037333556114319886,-0.10776416395652362,0.019532234684093753,-0.1311458548449219,0.02318551068809101,0.0028058929974238683,-0.0142203928976546,-0.054829779240260695,-0.0063577601374117465,-0.08507559112082921,0.010576702933621212,-0.10294532245090125,,,,,,,,,,,,,,,,,,,,,,,,,,,,,,,,,,,,,,,,,,
0.03694482089149702,-0.2038926400094903,0.08547774601930666,-0.25135961935917017,0.11254657750349242,-0.2538840778084218,0.1358578191123605,-0.25528753654315367,-0.0188295853503402,-0.2540251549673842,-0.06088455230260972,-0.25725088573057103,-0.10080922850630916,-0.2593579782219636,0.16051212735541373,-0.24633903977337418,-0.18175165008718244,-0.24411829332886503,0.09008530909922043,-0.16359103964503702,-0.03405836274178711,-0.16596101403469055,0.4999531038295416,0.0068479172897752535,-0.49995310382954167,-0.0068479172897752535,0.6745899060969066,0.3648827028434086,-0.5448752774016735,0.34689978325886617,0.20652128589111549,0.047912187479029616,-0.3405752275758378,-0.037488931639319205,0.11744627346793457,-0.03638347174144533,-0.34482236932572585,-0.14175561669258707,0.1216418356472874,-0.0737619107138774,-0.35714797969250045,-0.1528930946934376,0.12479381961433061,-0.041545737890778055,-0.33825078696493577,-0.13184128984803206,0.2240349111245323,0.05584297860964184,0.25880226593842204,0.005604427255810736,0.22861078182747982,-0.04535885848806805,0.17359553968718347,-0.08541113620603973,0.13997074500793302,-0.1145106616847612,0.18005533604211246,-0.02126338249606325,0.11581516035885848,-0.09180744661843451,0.09796245393463383,-0.12900009337126114,0.09010746652036587,-0.15507918125278053,0.1062722133370019,-0.006795737023096395,0.03514507527804759,-0.0881573417447836,0.02795317593428808,-0.13262391767264314,0.04070404533066987,-0.16063276131441878,0.05342876170537175,0.0004971598693132457,-0.008470900155739501,-0.07532236730207656,-0.00024904396512877806,-0.11677650406777239,0.021911101453412497,-0.14319373531248514,0.02324835630500219,0.0008468057438474981,-0.010872346886032225,-0.05840316340206486,-0.0025355263709536803,-0.08997351972749505,0.014810374449120353,-0.10887245056285985,,,,,,,,,,,,,,,,,,,,,,,,,,,,,,,,,,,,,,,,,,
0.02438153534469128,-0.19408156211262426,0.07396370614059464,-0.24025594074029208,0.10415444101810704,-0.2428086076018969,0.12835411162833907,-0.2440206652484143,-0.033887706076244445,-0.24195458559517635,-0.07441459532384036,-0.2448664449160927,-0.11300320983299293,-0.2466431750882186,0.15482212980913082,-0.23487557317746469,-0.19005797625162943,-0.23250814204064973,0.08373912996656478,-0.15590948247783076,-0.041749091600598774,-0.15806210669101153,0.49996197730608133,0.006166137218181199,-0.4999619773060814,-0.006166137218181199,0.6724670571537612,0.3457311290288254,-0.5447210971732909,0.34521619974234863,0.2028221643005785,0.04650674733448246,-0.3710697710510434,0.021842270762977328,0.11171474597628601,-0.03307759109453407,-0.39932744431048656,-0.0661666780829954,0.11758087827108901,-0.06862101528585149,-0.40904973089194024,-0.102976024329483,0.12175521581707266,-0.03824069349225859,-0.3853262834008078,-0.07645716607592834,0.21861316320541307,0.04964180052051448,0.25590398511613643,0.0020705623288573846,0.2234877051300843,-0.04566472733022681,0.16718289550771534,-0.08195176956583147,0.1320828645697035,-0.10812951066499164,0.17784583021283684,-0.02124694252022952,0.11618193284574901,-0.0899643353318987,0.09897241644960787,-0.12553219733546395,0.09083693054347122,-0.1505297656259804,0.10392231997407513,-0.007411164220867286,0.03588149597376096,-0.0855928589883211,0.03062310376469173,-0.12723293892571857,0.042287597789432585,-0.15331517011369708,0.049853938992255334,-0.000660543942888507,-0.011994795502487636,-0.07434076477380133,-0.0009702348682478484,-0.11348789865703991,0.021164216949515334,-0.13790170689995546,0.017690723989984312,-0.0006107284025371299,-0.01437024068634978,-0.05792296531764899,-0.0009103297130702165,-0.08785306741636811,0.01924167303044688,-0.10533130886139368,-0.38413494820791555,0.06503567010372603,-0.4794540190450811,0.03214418234861785,-0.5214925302847024,-0.007710057462975549,-0.5270274922483628,-0.039054805225722314,-0.5266910173385938,-0.06680126588802301,-0.4116337923490242,0.010067872537574619,-0.47001031429976664,-0.051439208841465474,-0.5090575004853479,-0.08126693241313446,-0.5409558523893067,-0.10724497754357111,-0.3492910003760068,0.01429199899546846,-0.41008933684446636,-0.050695518495958554,-0.45454435802317844,-0.08672733742613453,-0.4890401242890393,-0.11676357771532654,-0.3140874386965276,0.011389972640426987,-0.37642227380160537,-0.047747797770086794,-0.4297652993853884,-0.08741333139834624,-0.4688219972291963,-0.11427663266240011,-0.3006412464610748,0.004851484140954653,-0.34964878505853353,-0.04293875444507736,-0.3868291254006238,-0.0704469825885714,-0.4160998817194611,-0.08891300329670367
0.01600382438981389,-0.21331265422520237,0.06600600921495216,-0.2651808720482439,0.09733268919886848,-0.26725309411551657,0.12177711445367902,-0.2679816554523661,-0.044200384030071295,-0.26487039330672574,-0.08449398091537796,-0.26665826679468846,-0.12286727154924477,-0.26737865763834007,0.14914849148519466,-0.25535886010268943,-0.19825127141389015,-0.2509693011722087,0.07776826439403861,-0.16982088769269255,-0.04892697335751738,-0.171775177169468,0.499961283968296,0.006222100350595799,-0.4999612839682961,-0.006222100350595799,0.6691965614516272,0.36813085918397204,-0.5497190962799005,0.3765794574710432,0.20216564633899584,0.050138501289020115,-0.3941125759664942,0.06224478272436871,0.10821825683598804,-0.0346040813161789,-0.42754268063408446,-0.0182106804358207,0.11530772694822952,-0.07363306279992542,-0.43468291989479063,-0.06130109076001745,0.12192997373764347,-0.04047165163410022,-0.41099221415387194,-0.03767040574923104,0.2188685122376975,0.053629305967737725,0.2554188041546818,0.003316487977142806,0.2270473116876493,-0.04666650416068245,0.17292519206998028,-0.08320988286942,0.13752897854961782,-0.10889475319834419,0.17783048512109828,-0.02034071259647435,0.11921290456383066,-0.09221129980946245,0.10040035981099185,-0.12980851798047316,0.09059657971778898,-0.15678702403901487,0.10156473919425876,-0.0057906058136001,0.03496012309020758,-0.08851908476540547,0.025856442196485585,-0.13436279713702742,0.035223626007510896,-0.16434896965387072,0.045890481624614086,0.0009884369766281426,-0.012542876823278927,-0.07696277001842135,-0.006278773265969305,-0.12028634771925475,0.011703622330995284,-0.14887528881914178,0.013544923693791773,0.00048302260022928646,-0.01557982842165751,-0.06086867126152765,-0.003734245618460487,-0.09331501011229228,0.015026518281868137,-0.11297691659228706,-0.42326464409117176,0.07573002758716514,-0.36021984663082873,0.053111019210546034,-0.347947600639719,0.010844595417339646,-0.3801511521117922,-0.03101353495634795,-0.41297993668397964,-0.05907809996920717,-0.3319354526848036,0.03387505749858238,-0.3782943992690282,-0.03703233647855394,-0.4173435082052841,-0.07852441334095311,-0.4468709185308393,-0.11070667568515338,-0.3766407230201231,0.03862897417761234,-0.4551965990135776,-0.02720608512615154,-0.4959335062170002,-0.07429749347318425,-0.5187025495724752,-0.10901461279195411,-0.43237789018677847,0.03557513672473049,-0.5035119972755947,-0.026689339971450007,-0.5293186360411136,-0.06869053105622443,-0.5422433391684709,-0.09787006007009164,-0.4871916474791843,0.025748422891581038,-0.5280877601101294,-0.026930369520786476,-0.5356113432309821,-0.05755499670892939,-0.5363077635066612,-0.07794045431768062
0.010655199683812722,-0.19318943745546086,0.06039559313720517,-0.23990132267726125,0.0919503378135607,-0.2416793623061734,0.11651315699888933,-0.24238113517449159,-0.05041167454900233,-0.2389348580474427,-0.0907762434937729,-0.24024122889834282,-0.12881491965674616,-0.2407179760249032,0.14404604347934646,-0.23078115769505786,-0.20193765451432352,-0.22542940184106564,0.0753462147158852,-0.15368414058177585,-0.05028733582346482,-0.15521402739513562,0.49997230633330664,0.005262404370073749,-0.49997230633330675,-0.005262404370073749,0.6671220392515713,0.32747058076058205,-0.5565554928182274,0.33761300358030427,0.19926909012583632,0.04510369576393144,-0.40618094125918475,0.058068582355234905,0.10498111026102634,-0.03054997234030816,-0.4461496430859684,-0.013007983927632806,0.11160880839904659,-0.06578204478954217,-0.45085397656333204,-0.04996813603627615,0.11960941329820911,-0.03564829115120444,-0.4266328113314331,-0.027595197001142574,0.21936274625070312,0.051587099828227456,0.25832184353002435,0.006183850126274424,0.22694074750533091,-0.03940537693467941,0.17077738924696437,-0.07238163323346489,0.13622954130624007,-0.09653268052384234,0.17735605500065815,-0.016351664688738454,0.11743163532265075,-0.08101345323904476,0.09804312039275866,-0.11466890434300772,0.08760458833930927,-0.1391017313514875,0.10204860362257057,-0.003043577812430176,0.03604990415190344,-0.07718032948000784,0.025192283983361638,-0.1179268021894451,0.03343518287224318,-0.14519375944590102,0.047009567188204066,0.0035402952015253196,-0.011605595314352936,-0.0658251421258715,-0.009114657676633836,-0.10472886057557088,0.005754181585546857,-0.1309137864595671,0.013685030979459873,0.0035406383331839926,-0.017074648959344744,-0.05116031267116988,-0.008480844723764275,-0.08065783158799598,0.006264673466138701,-0.0993597422596498,-0.42964071682503246,0.05688079780557219,-0.46837685552656705,0.04692297981821608,-0.4963747170327317,0.006457669189895539,-0.49342888838796845,-0.03302415747833624,-0.4727921754782024,-0.05352661721571114,-0.49840067964474327,0.024893035189092107,-0.5092076946921029,-0.04163477194741012,-0.5213162882584995,-0.08630948451166848,-0.5279562907495677,-0.11761441512738913,-0.4387019014485704,0.023411118181614832,-0.48284187147254926,-0.04608237588079878,-0.4980883526079767,-0.09177907177724902,-0.5059949633515245,-0.12205309763765229,-0.3847790456121272,0.020263022465952837,-0.4154724855751247,-0.03849209771195516,-0.4326266040026511,-0.05934070866659946,-0.45375123539343226,-0.06811492831052866,-0.33602688598774544,0.011963148026973293,-0.3732077729668029,-0.03679558616514374,-0.3929811458566917,-0.05583671679456175,-0.41021575140565986,-0.0666122175245358
0.011789013516334346,-0.20356245533323908,0.06159074342787732,-0.2539499120521856,0.0930304874613662,-0.2559065747650259,0.1174718101060419,-0.25671509174747587,-0.04903599567804468,-0.2530843232827391,-0.08976687662506432,-0.2547766418658864,-0.12763049850963643,-0.255811233911555,0.14445999821072358,-0.24537852599583185,-0.20115837851405866,-0.24053302804920898,0.07695705374906037,-0.16112287171090195,-0.04841584022983112,-0.16277618386598575,0.4999562679064092,0.006612879939540731,-0.4999562679064093,-0.006612879939540731,0.6670960715819989,0.3557479884311161,-0.5498713337009989,0.36570694152584143,0.20479576646669398,0.0529665263491475,-0.4186289362475265,0.05937714800479764,0.11348312717550577,-0.028535524817441045,-0.46196570983282487,-0.013300454608057464,0.11597115049541601,-0.06660734706673431,-0.4707967493207305,-0.055430936252243185,0.12495641930335337,-0.03403071206022142,-0.44748147649855335,-0.028083227218686065,0.22850637335275528,0.061999353287961086,0.2675644166660066,0.014849946251395765,0.23656293555332739,-0.03319557632440485,0.17957413783212856,-0.06772068933011896,0.14322098258153124,-0.09196676057527871,0.18088161758658974,-0.010334712560531535,0.12268711110795105,-0.07954052186726021,0.10185625336124435,-0.11577889452525211,0.0891239614811533,-0.14192971822737938,0.10540898634817548,0.003000545514531527,0.04052026124272923,-0.0752110295606907,0.030173296494645,-0.1183354008908266,0.03634320944861537,-0.14739710693825062,0.05041971116118371,0.009490654749486826,-0.007758789515196117,-0.06425398381895733,-0.0038105374262042053,-0.10574362450605478,0.011396825101448979,-0.13393148333423438,0.017776941423812868,0.00966658922464649,-0.014567916849549644,-0.04827956114418149,-0.004777917012437447,-0.07958203532472664,0.011727673360856809,-0.09967742444867404,-0.40467058141059137,0.05101347670809384,-0.47703457128544074,0.03432801625294723,-0.5338390709829426,-0.0067808509095380965,-0.5518563307383585,-0.04694132359612082,-0.5556352728959421,-0.07534043651957806,-0.5288457232736284,0.006839766100507323,-0.5618532957757771,-0.04929505552469234,-0.564373238181117,-0.08730324346884613,-0.5614297433899915,-0.11847948134533708,-0.47856002601170433,0.0033865543064262645,-0.4982279188197202,-0.054169089364813454,-0.5033269233277603,-0.09655344460412689,-0.5063207485028672,-0.1304164806389866,-0.41700864945585653,-0.0015193335543440423,-0.4399256276033268,-0.059758290210204304,-0.4461297726199319,-0.10294850793024699,-0.45080577985671555,-0.13740320290420188,-0.35391951313501446,-0.00776972653668238,-0.3795801448430954,-0.05809362268664832,-0.388561990444769,-0.09350792003266016,-0.3894602582721157,-0.12161887204709645
0.01230714012474691,-0.20575523054433037,0.06183457009919138,-0.25715749592997095,0.09304328753219672,-0.25914863588424125,0.11684937298376163,-0.2599806286417386,-0.04901708840337023,-0.2561691293533336,-0.09071044267137139,-0.25791212716753864,-0.12864155222560325,-0.25899293738389795,0.14346880411279894,-0.2488059034069758,-0.20274556886500167,-0.24348251540367052,0.07639796689460779,-0.1627170885971342,-0.047571982890201224,-0.16420016371004323,0.49993684833405183,0.007946551315836853,-0.49993684833405183,-0.007946551315836853,0.6682579196418708,0.3634858401822757,-0.5527135022503294,0.37215468246886196,0.2091779605894865,0.05558121313485591,-0.426009197020356,0.020789764190905478,0.11890589061086444,-0.02729548533633612,-0.4701470911092529,-0.06955303379000367,0.11845911077058292,-0.06597984700140126,-0.4744186611454937,-0.10085766171590359,0.12658244778387526,-0.03320977728672762,-0.45102212388085366,-0.07076065386929321,0.23262207676598443,0.06737993293774172,0.2709727122206957,0.019199838637278917,0.24006526630529984,-0.03087947722568526,0.18288502242065494,-0.0672198073475091,0.14612601705038772,-0.0921810157454447,0.1860510987495325,-0.006170312809751248,0.12398306863040884,-0.07705830178992766,0.10245116277941724,-0.11479076409337562,0.08953316485815627,-0.14217584172340328,0.10982524741374275,0.0076571396937528645,0.04252298267282534,-0.07226383847525861,0.030733020700662517,-0.11749414027186718,0.03688853087400483,-0.14813635549365572,0.05416300178295802,0.01398157525998856,-0.004324599736059193,-0.06078094276294877,-0.002491102484150888,-0.10365708323436598,0.011757164858163796,-0.13308702618071017,0.02016385045916155,0.013607973894586387,-0.013135659894731476,-0.04550845810541472,-0.0064971544763533584,-0.07775883248833994,0.0075002842335449805,-0.09902844820199032,-0.4330044980845503,0.03756078125825009,-0.4868163397821257,0.010542626841079747,-0.5299589569439435,-0.0320093606079359,-0.5383631481165528,-0.07066310782088533,-0.5299514736587776,-0.09988572789665186,-0.5654096808174721,-0.03523648403095591,-0.5411579241604649,-0.0900294500592543,-0.5081364963787902,-0.13369571352277534,-0.4759050633064307,-0.16566658095930104,-0.5409909822308974,-0.03559312739101948,-0.5227519990116588,-0.0961284041828241,-0.4923942512041362,-0.14119467854726372,-0.46030472339122086,-0.17474759281812152,-0.4936058966973731,-0.037924477947967765,-0.48117893162373343,-0.0999635396291126,-0.4511503559772785,-0.14147913783150548,-0.4195950977707215,-0.1706039117171767,-0.42752497800453726,-0.04117268632452825,-0.4206030316122171,-0.09401728258901207,-0.40425464033911646,-0.12843708108852847,-0.3828723078052083,-0.153034292655059
0.015943764538434425,-0.22071955740921964,0.06341832106888189,-0.2769999823408168,0.09392316039229959,-0.279352190762661,0.11708227062226594,-0.28036723106369205,-0.04723090427336774,-0.27561041454434315,-0.08978374041901684,-0.2776534323334084,-0.1279977629202759,-0.27894951064644435,0.1427437852266826,-0.2687581805602686,-0.20334234669654178,-0.26248453988927073,0.07706588391719983,-0.17440768257628536,-0.044745798473060455,-0.1757835808921519,0.4999149906827349,0.009219657839689754,-0.4999149906827351,-0.009219657839689754,0.6655000708463502,0.3962944346242457,-0.5570898146776372,0.40462842403293564,0.21094267767645053,0.06205301404558105,-0.42617218126116957,-0.017333470971458625,0.1226566441261985,-0.0282753206357274,-0.4671729304459338,-0.12304989798235384,0.12220375273294037,-0.07012793425038456,-0.4719938038240253,-0.1472583040396095,0.1274122797964845,-0.035617947236580655,-0.4501679719947718,-0.11579799442243442,0.23177789009493296,0.07336686886065656,0.27067115767238653,0.021405348873246043,0.240311607969033,-0.0329275005356674,0.1816444138995166,-0.0729894121907982,0.14083597333155645,-0.09938778295364509,0.1878001299110892,-0.0028892237314077497,0.12583884565899706,-0.08023773564865386,0.10304594992418871,-0.12146090222773777,0.08934823961359399,-0.15120243739048558,0.10981429309876654,0.012836618681512073,0.03901398954168666,-0.07494089327936965,0.02780874612677936,-0.12429325115590538,0.03621576114665018,-0.1570746184346067,0.05271528838627906,0.01945704105695838,-0.009514767860877283,-0.06287887849892496,-0.006846002730837576,-0.10976202370889641,0.00911708468296955,-0.14157302059640767,0.018273643239914775,0.017682368190762927,-0.016168461974910845,-0.047122035656771234,-0.008362480392821675,-0.08210313155578315,0.006566741174856569,-0.10519755630951846,-0.4073234524446878,0.010423629890539975,-0.3703515227751213,-0.0416548129756346,-0.38608890060183737,-0.08904112525747589,-0.38752459024202524,-0.12874160933607923,-0.3768017746155884,-0.16516109260516143,-0.5449923144889748,-0.08448243484097354,-0.5092131583120539,-0.14695798229603388,-0.46664615205779836,-0.19263805048067106,-0.42172515951469275,-0.22358461545169703,-0.5477323902305087,-0.0816739261379123,-0.5181474117885215,-0.1503185590105176,-0.4760578645833548,-0.19608048134688524,-0.4303081047141469,-0.22738725340509872,-0.5194306347406499,-0.08207131746698931,-0.49873371890162044,-0.1538478887177339,-0.4541080903106395,-0.19567544161794476,-0.4055146472824233,-0.22209317747831833,-0.46259662946184443,-0.08452376874661872,-0.4403340086354768,-0.14416021389916392,-0.40169580301294194,-0.17948288408144064,-0.35716182005944286,-0.20174078544159676
0.014359750480347894,-0.22199768371674028,0.06209255845788044,-0.2789390012607721,0.09304358891674015,-0.2814404738060806,0.11621396538708252,-0.28250781898418487,-0.048690069592596204,-0.2772153133173996,-0.09117735566546777,-0.27923413030955896,-0.12928797222889876,-0.2805019405019335,0.14214421513564934,-0.2707408993373124,-0.2043462982033668,-0.26392426995908963,0.07615733612062017,-0.17522824597155925,-0.046168800221300904,-0.17659923668598473,0.4999096122829722,0.009506815822790211,-0.4999096122829722,-0.009506815822790211,0.6634264579461059,0.399414871707888,-0.5692326311109679,0.38919050086567636,0.21344390988518913,0.06307265628829987,-0.42662608074049924,-0.04143537325701418,0.12942430420342366,-0.02786025590585133,-0.4462047293729073,-0.1433282679041573,0.12974489090715452,-0.06996814506551867,-0.4422111664827879,-0.16737227755693176,0.13255029998293086,-0.0353518988104753,-0.428859997195793,-0.1385741025167075,0.22990858932978206,0.07941391241276209,0.27158027051263467,0.02661373693231265,0.24346099746402153,-0.027940343644395595,0.18454208212219955,-0.06719807560566497,0.14251474432701766,-0.09303546099884785,0.18317821154069133,0.003926633033810695,0.1193799886015344,-0.07530667252071073,0.09803398182665073,-0.11717675514384171,0.08465288376949066,-0.14723717190382196,0.10712296374038865,0.01898648534156465,0.03643377917979819,-0.07043122907519947,0.025350035553956502,-0.12163267968898255,0.033480929598239575,-0.15597705345735213,0.052837683023626514,0.024877110479032218,-0.009631280212402988,-0.0570503531512626,-0.006855524488661528,-0.10425200263881237,0.009463825989148526,-0.13636259999408326,0.0208615462835926,0.022847893545364602,-0.01627454912860576,-0.04087606931605575,-0.01003192178602336,-0.07635035169018586,0.004757389171631903,-0.0995572069961934,-0.4210619918650633,-0.013217220151461708,-0.33321572668017224,-0.07329260510813788,-0.3115552842064689,-0.12859613658786978,-0.2962400164258829,-0.16682664912961023,-0.2787791496038029,-0.19920600717803277,-0.5300207092502984,-0.15562599401446944,-0.44503199897386403,-0.22124028955130476,-0.36245549248910514,-0.24503642028324743,-0.29516919073507014,-0.25533743951326826,-0.545253627009909,-0.14732569424059738,-0.44561964945799387,-0.22555692039167688,-0.3527460853337251,-0.24738336771338923,-0.28337376666039615,-0.2531336345851463,-0.5237488875858985,-0.1368868553132657,-0.44139473533837803,-0.21326058639951942,-0.3445622192023708,-0.23562422755032214,-0.275507274021252,-0.24042588873363668,-0.4734003418183596,-0.12561528406154068,-0.40057418798435973,-0.18350979309499507,-0.33011663007139624,-0.20508950794612063,-0.2760784912236042,-0.212965621129339
0.019443856709109027,-0.2188107848809899,0.06797818255805256,-0.2737425323018921,0.09868401709974518,-0.2760591344892762,0.12168283989164665,-0.27704636476142663,-0.042389744981911795,-0.2725855376967701,-0.08469768207067117,-0.27474258991636596,-0.12317399530700954,-0.2759969773057954,0.14720762892938594,-0.2653072086451125,-0.19738555797682514,-0.2590848390824987,0.08136562206744484,-0.17327839131925996,-0.04344988811226414,-0.17459556934117385,0.49997052794443897,0.005428737142196411,-0.4999705279444388,-0.005428737142196411,0.6631902587221258,0.3823098321200277,-0.5805638326543318,0.36817742648689084,0.21779885183930617,0.05703756945232989,-0.407919578354522,-0.055361700932113046,0.1345443844874557,-0.03057294107323442,-0.3870592919748498,-0.1501558398832929,0.13484891686662662,-0.07136095996005991,-0.3719234697900494,-0.17408437599524804,0.1374520603701556,-0.037897432721031195,-0.3694101242957635,-0.14732574809734486,0.23055670651948812,0.07805184424198022,0.27435016962363756,0.027620118542833923,0.24576335018781673,-0.024086740000610608,0.1865564083647268,-0.06151581636458616,0.14370650533342955,-0.08650846762150675,0.1870352705495058,0.005341321179696086,0.12031544047891057,-0.07093908292364529,0.09821423459234188,-0.11314681938984654,0.08624322475351269,-0.14341032062480988,0.11143478963157422,0.019453614806967886,0.038119118728389974,-0.06731013276299996,0.02779352802353162,-0.11711054734890795,0.03760974882762971,-0.15053828471923184,0.057020827901413475,0.024546386433866398,-0.007382867267489528,-0.05543676463904267,-0.004433878852731573,-0.10073644487306568,0.012108566951066576,-0.13122798774933422,0.024053064131959626,0.02194140658758178,-0.014212328198948026,-0.04008964136032832,-0.007309503474296199,-0.07395192474713931,0.007581258218142131,-0.09573544417056742,-0.3938144811453776,-0.023171089465869876,-0.28700832944623733,-0.08025220853719903,-0.25095583608526334,-0.13254429477886812,-0.2145403372228208,-0.167131639731454,-0.1949760839917139,-0.1967611376949136,-0.44054739900304063,-0.18215578319944478,-0.33982690106476565,-0.23088978638774915,-0.23616068339558813,-0.23802630204372005,-0.15680285038616654,-0.23490989130813325,-0.46509367121003237,-0.17541889468363614,-0.33488165478225135,-0.239461776667061,-0.2194725087699146,-0.2402998296988576,-0.1427663955379801,-0.2287131764301663,-0.4574661974340495,-0.163973262999377,-0.33928557069964405,-0.2283246346475675,-0.22438670255580506,-0.23073063232558824,-0.14756673016958308,-0.22014221550548535,-0.420561122367525,-0.14936719587377909,-0.32341247871196066,-0.19859362648127687,-0.240242997140344,-0.20636216588061515,-0.17687066252451336,-0.2034764097634735
0.012224668130577383,-0.21351462271836488,0.06737367340028902,-0.2683288204215078,0.09846304924777163,-0.2711280062345392,0.1222166346566058,-0.27271570680345836,-0.04240751678141724,-0.2662111048270713,-0.08326232348899677,-0.2688651656176336,-0.12117435777853651,-0.2710249260489513,0.14765031353815067,-0.2623930741470878,-0.1917734580031227,-0.2564949181450467,0.07815907105164736,-0.16930502378956164,-0.04973314173696346,-0.17059622229318847,0.499994773942405,0.002286051242470129,-0.49999477394240516,-0.002286051242470129,0.661066763736422,0.37377101929920903,-0.5998465361339677,0.3555126190571476,0.21803144061621868,0.050705448076694554,-0.38845513510407675,-0.05999985783558189,0.13221749090854726,-0.03660643882594953,-0.34121730460860245,-0.15272114904908668,0.13404835738726908,-0.0763736646921597,-0.32194435828711593,-0.17517395159644739,0.1371107766418214,-0.043931540323555424,-0.3254244619491322,-0.14815608008704476,0.23334803489035297,0.07496836681707089,0.273936559916672,0.02563547165886064,0.24367382676145416,-0.02543345325116936,0.1818414211721826,-0.06061708854503865,0.13546001013806028,-0.08296720165808356,0.18625719907973673,0.005104383867835925,0.12040034170233138,-0.06952231003688437,0.0965159544135807,-0.11102986391890773,0.08230829739785846,-0.14135630459969062,0.11144841937049124,0.019335310748052083,0.03813387571723837,-0.06557345583099168,0.025556834159127847,-0.11493604808588381,0.03344084100507436,-0.14855488083538076,0.0572125983394541,0.024544415956818885,-0.006692756162415158,-0.053588958014251654,-0.004055128157495383,-0.0981262409598632,0.013127417006067503,-0.12819017493602908,0.024475154789033844,0.021661062319770635,-0.013262626927329471,-0.039079738078024416,-0.005668561249863604,-0.07214604852872937,0.01024122944529533,-0.0932633413782037,-0.3638686997610834,-0.031808716556481334,-0.2619901381510066,-0.07369225131254831,-0.20725153052653508,-0.12455376544733163,-0.15906965950296995,-0.16071865533577412,-0.12424163487457131,-0.18790048607896254,-0.31708021960273647,-0.1818057040367856,-0.22856045218933618,-0.22460476902345344,-0.133618888216209,-0.22289046504236412,-0.06390445490159471,-0.20944494821912954,-0.3478466389516632,-0.18100325722433913,-0.23434011407310396,-0.2341766121855532,-0.12597615416389116,-0.22801524612660526,-0.05825019729609637,-0.20816875456435252,-0.36471648305979976,-0.17456727117133813,-0.2626602503955034,-0.23223246830619693,-0.15294023303246515,-0.2291646019184488,-0.08119756093889732,-0.21064385127227922,-0.3638612330788048,-0.16197937524017478,-0.2704820049024525,-0.20568623358225535,-0.1883033399041537,-0.21023918925486124,-0.12588853309715198,-0.20161444902615053
0.0010751462597535866,-0.18361312901838503,0.06409003441035667,-0.23133142696454437,0.09567683398658598,-0.23393204241670765,0.12057388431604499,-0.23547287928486496,-0.04509123601457974,-0.22872247533755005,-0.0844071003440958,-0.23092586867032605,-0.12163180855333082,-0.23276836662931988,0.14752648367517696,-0.22585984645533197,-0.18835421791470514,-0.22059348494927683,0.0707840779796125,-0.1460909217234766,-0.06025377299007532,-0.14699861594715072,0.49999892644272304,0.0010361255350951793,-0.4999989264427229,-0.0010361255350951793,0.6594909582006008,0.32249502163128213,-0.6282848324196906,0.30198803154696113,0.216378608594149,0.04015894617133948,-0.3702102759910244,-0.05660676130318431,0.12865114705085534,-0.03593745301788523,-0.3062165507089079,-0.13639012184999097,0.1330118526046646,-0.06963179726843365,-0.283460846393778,-0.1533971384333056,0.13630219827899046,-0.04119161524369984,-0.29099621930996317,-0.12972856932709456,0.23048903656072403,0.06400406597214255,0.2730157121335348,0.021924072031816094,0.24143991675867393,-0.022902928723559923,0.17653445313387833,-0.05501123099528198,0.12573082883068698,-0.0751002601838068,0.1775194633539646,0.006623666980371668,0.1111591190571395,-0.05891845713498451,0.08723186988896431,-0.09515065831823662,0.07245805856344854,-0.12162248647616188,0.10336635518698645,0.017912270950940633,0.03103466600917579,-0.055573143397916344,0.017173040351597973,-0.09779735994019743,0.02296348689788652,-0.1264793588088101,0.051936743916497746,0.02104538498560279,-0.007986679369883943,-0.046413246055539724,-0.00717415776962758,-0.0850164451273168,0.00668925718898593,-0.11124239001461637,0.022545953501234214,0.01738892182862215,-0.013596495976630898,-0.03569482288865703,-0.00771971565537551,-0.06377377067071309,0.006257409384048953,-0.08152026695794083,-0.3537392231682101,-0.03457770768752059,-0.244156701986045,-0.06061524146888318,-0.18042090444820721,-0.10165971983812648,-0.1251761455096573,-0.13062555529366865,-0.07056605164842714,-0.1505451500344084,-0.23859224416055,-0.15620432836420842,-0.16604404955743438,-0.1882571239108361,-0.08533637383692379,-0.18032603295757582,-0.031867496176185756,-0.16724996333665362,-0.2712011819533539,-0.15951507747392843,-0.1819886900155814,-0.19935995995285352,-0.08611955090019656,-0.1880797599308947,-0.027639377829112917,-0.16976972467033385,-0.2972712085766866,-0.15705658363656724,-0.21117657369341025,-0.19802529092076107,-0.10692017543880124,-0.1888067014856717,-0.039027115874899446,-0.1714996503822193,-0.3143244999564783,-0.14807181373942127,-0.2267342778026134,-0.17804964726469402,-0.1439058330296828,-0.1761012866627241,-0.07979159832282014,-0.16716463614874905
0.0026145876884936248,-0.20849985119264608,0.065270335314297,-0.26318402132452773,0.09646560063898622,-0.2662014362131553,0.12119050013222368,-0.26801381789991147,-0.04252612726263457,-0.2599117922039526,-0.08181430428329997,-0.2623421911753536,-0.11853716987632228,-0.2642403871210485,0.14828780163336186,-0.25673357221749404,-0.18630184809040712,-0.2504341871302497,0.07152145749239965,-0.16608302265140615,-0.05838442420339101,-0.16723788157034847,0.4999990773622992,0.0009605398740392655,-0.49999907736229904,-0.0009605398740392655,0.658432968227072,0.36835588970590344,-0.6542121708257489,0.33952059787935807,0.21618781102760842,0.04637831624340765,-0.3620821432661841,-0.06508188187473651,0.12614579947970142,-0.04021646590089475,-0.28172514869010035,-0.1536604422932429,0.13155654716569176,-0.07837783492049456,-0.2614753728068144,-0.17218055095478665,0.1358716121964678,-0.04609165023246656,-0.2722462528891171,-0.14513506625318656,0.2242471577343097,0.07192808160474956,0.2656072586939944,0.02260753458696473,0.23440520895657946,-0.02891380027695281,0.16932608695884338,-0.06569935798837905,0.11757887157880531,-0.08846278847908237,0.17268597809269967,0.007923477920266191,0.10333535413537422,-0.06720396799510384,0.07845280631485074,-0.1093196735286265,0.06314583217665296,-0.14031601578770597,0.09818080729837081,0.021548231005002798,0.025302913603756715,-0.06275971710379866,0.010840777387096066,-0.11201942103889453,0.01572600089260359,-0.14602034470283232,0.04703481586186115,0.02503839741922491,-0.013662914543845479,-0.05341786864153388,-0.012786564810568756,-0.09773428471104606,0.0007151306624507944,-0.12796517924242118,0.017442814386581122,0.020594378458349293,-0.017306858326299853,-0.042263483872226525,-0.009291074690785222,-0.07482543384100612,0.00654392314837338,-0.09514903352283945,-0.33749105738710394,-0.042461320528644604,-0.22571901822145093,-0.06878658393630531,-0.15771831385937962,-0.11266704810838038,-0.09752271926396963,-0.1428117418301009,-0.0386460680636052,-0.16103041824335462,-0.20635014476945504,-0.17492374676552633,-0.1324543213602077,-0.20802601732504683,-0.0577412440232689,-0.1947306827604343,-0.0077507451962665576,-0.1769406137810148,-0.23752755637644482,-0.17985489693862952,-0.1450049492913785,-0.21979068836468024,-0.05883174910035021,-0.20166447488267933,-0.007216204888345583,-0.17764746042018265,-0.2643513389224277,-0.17738661599706634,-0.16727549821247484,-0.21558818629112392,-0.0727935348784842,-0.19806785240128735,-0.013926613954266118,-0.17396966228844327,-0.2847899178703852,-0.1669567818897169,-0.18427893260647285,-0.19247384506049028,-0.10392470535663247,-0.1845922305827604,-0.045211147867452436,-0.17082592262584656
0.0058721529672072625,-0.23058407784612994,0.06611447036761832,-0.2913100796023423,0.09662753326991665,-0.29469153532581227,0.1209385919853909,-0.2967573615630764,-0.03957929743663118,-0.2873910428622641,-0.07883987223730349,-0.2899997633670578,-0.11521306923645858,-0.2919295018226586,0.14799262400083868,-0.2840377816477155,-0.18463192769241868,-0.27691502599724643,0.07261187167905503,-0.18384546623319215,-0.05467384122405764,-0.18521088602238692,0.49999934019319753,0.000812284659002239,-0.49999934019319736,-0.000812284659002239,0.6560042773416414,0.4084611778891146,-0.6708491402261212,0.37540435879387746,0.21072810025527258,0.050043839325205355,-0.3547954502283332,-0.06975634303384395,0.11601815549259856,-0.04549346839903551,-0.26357258038332726,-0.16730428774384318,0.12379053637654162,-0.0876292621573539,-0.24312171573839986,-0.1879950295051811,0.13027556270295082,-0.05114256819718591,-0.259482870403422,-0.15768301869640092,0.2160381262047573,0.0795721456230845,0.2598997026329086,0.024434655464999934,0.22594149731616447,-0.03313056187616997,0.1569962713806802,-0.07302373525769566,0.10639896389347692,-0.09988701773053375,0.15986655567769895,0.007913873003381365,0.09328112364968282,-0.07604654654397365,0.07334128356632157,-0.1223962624685059,0.061974459189579764,-0.15600848768021652,0.08783986944170566,0.02344090614751405,0.016084542589623982,-0.0675142368426243,0.003852092461644182,-0.12138425956317728,0.008640944581266918,-0.15842824498691982,0.03999381492071727,0.027825537923975574,-0.02194245096974886,-0.0572584627980567,-0.020724716831578154,-0.10579535275508936,-0.00859536190260415,-0.13868103375210136,0.01369661562266887,0.02341014071072745,-0.020638715137070676,-0.04475304117386493,-0.013367387603736272,-0.07967369727375893,0.00020672457002731887,-0.10155289328957205,-0.3224918427298301,-0.04555354241348511,-0.2133172320147606,-0.07164186153016376,-0.1466071598497774,-0.1191975997162499,-0.09181633495430888,-0.15438254720068395,-0.03751855082921521,-0.17626131472851955,-0.18928198411666125,-0.18855677724372197,-0.11877653075235393,-0.22255018536024265,-0.0453990125176429,-0.20897157274753106,0.005878028859378664,-0.19090497705817788,-0.22233788387043132,-0.19433459483032217,-0.12943130383233536,-0.23605861164223493,-0.045899709753574415,-0.21717043310476714,0.0052205521368761144,-0.19197628269959657,-0.25145426500934176,-0.19216875949910273,-0.15313803594085676,-0.23248527900242733,-0.06577179901962708,-0.21194467942841566,-0.011048190769451585,-0.18533120544647713,-0.2727240153541443,-0.1808864139579705,-0.17154382302415824,-0.20403873345261858,-0.0967542210662767,-0.19427263546877144,-0.043260810967968535,-0.1788121036587513
0.006235557799963455,-0.2146161433794402,0.06609273326192866,-0.27118672494077306,0.09652262880562883,-0.2742636580383462,0.12074404384053583,-0.276110934606245,-0.03922948163136241,-0.2676217898551001,-0.07874712077352063,-0.2700247090920253,-0.11489597141421613,-0.271801792500472,0.14940844664566466,-0.2639159898607994,-0.18481024860615783,-0.25784595663222604,0.07309423604545641,-0.171001224929115,-0.0539426325097019,-0.1724276616001169,0.4999993437491079,0.0008100928720402477,-0.4999993437491081,-0.0008100928720402477,0.6534846344986769,0.380400979616864,-0.6794789674078294,0.3494614302294615,0.2072009008475869,0.04669113366331305,-0.35630571724464416,-0.06405397000846479,0.11308628355672314,-0.0422608285925313,-0.27283056352242435,-0.15377678077901935,0.12152248261526409,-0.0813961472305505,-0.25420636692897197,-0.17391870788379635,0.12835165111213173,-0.047444035063390635,-0.2669956518156225,-0.14409961680414787,0.20881006557999293,0.07363086943625528,0.2528015490442156,0.021615106038777723,0.2190684907490811,-0.03224633862752017,0.15215014464685503,-0.06941616903592694,0.10451385326641571,-0.09445374995267146,0.15762607105167176,0.006777149545099213,0.08885633183888557,-0.07137854643233636,0.06630499432604528,-0.11520380506615611,0.05361148035102164,-0.14723102936525026,0.08396881408981224,0.021010088863273067,0.011654395137682195,-0.0643950449514388,0.0008187657091969778,-0.1151059334676928,0.007646956044478721,-0.14987986395511957,0.03538770754127968,0.025005674935175397,-0.02748611825126351,-0.05492566868153627,-0.024991984055058702,-0.0996781949047089,-0.011108492049030473,-0.12941512808181688,0.008586346861959863,0.021020777367098724,-0.0264968411929071,-0.042558112575801686,-0.019971347406537245,-0.07586045942830619,-0.006635003422088156,-0.09616303315028377,-0.3129112680428758,-0.039346775530868607,-0.2058383217585807,-0.06159234376545236,-0.13786613993333605,-0.10615646516745927,-0.08269213537279449,-0.13836778698020732,-0.031891935881225325,-0.1609971044081138,-0.17909111566160144,-0.17201009206633092,-0.10716733887732387,-0.20253374698397975,-0.03241720865279485,-0.18933775206680267,0.020994949044176855,-0.1723406380353871,-0.21311975660320573,-0.1771764681319125,-0.11930579061430158,-0.21357465237606985,-0.03243303708572858,-0.19522974991822026,0.02320603884696607,-0.17218812744348666,-0.24367885840001072,-0.1745072934787929,-0.14330356234118471,-0.2096366566008998,-0.05286754400313763,-0.18992506142253646,0.004792858384703003,-0.16524355126010343,-0.26612562154695213,-0.16283584612594285,-0.16376901473421698,-0.18349584660644863,-0.08903524648530474,-0.17434808263076293,-0.03527513003513328,-0.1602591190544198
0.00930463638396839,-0.21938061324650382,0.06738496430212293,-0.2770146091980476,0.09734639127032675,-0.2801349389920008,0.1213105191686494,-0.28200712056656096,-0.036122826150483754,-0.2738985993842176,-0.07553867752507858,-0.27663265774790224,-0.11191245417247574,-0.2785706171330188,0.15007426422225298,-0.2692775247972477,-0.1839640487565595,-0.2641975542085026,0.0744064223075127,-0.1746124147017451,-0.05135391231420203,-0.17654629863391516,0.49999899707475437,0.0010014610525418265,-0.49999899707475437,-0.0010014610525418265,0.650541737782567,0.3891011395129845,-0.6855689778901136,0.35737944395865834,0.2039188357722054,0.04761600280017991,-0.3569522357157692,-0.05962383585266917,0.1109915911907088,-0.042974224912241774,-0.27543243800513073,-0.15404441877138214,0.12019897647881354,-0.08328298133388845,-0.25698362065587227,-0.17521884210018332,0.12728870582023907,-0.04828445859246376,-0.2695082994945698,-0.14258522319454983,0.20811307818997962,0.07498413649894392,0.25280644607210706,0.02177551188387949,0.2163771100692119,-0.033536046451575534,0.14813208694397897,-0.070939493976726,0.09857118615041008,-0.09593538802439512,0.15419383486623756,0.0067274724423650725,0.08767017391678718,-0.07319460511013866,0.06558981930223894,-0.11834133172456768,0.05235015822950822,-0.15143604737656743,0.0801290359238111,0.020358639912501593,0.009940590990741172,-0.0671989617533754,-0.00106336161674835,-0.12042584439764013,0.004803884113782791,-0.1572990754944518,0.031278139246022844,0.023778107952727424,-0.029819372808066402,-0.05805217817838345,-0.02642091815096204,-0.10470519220183644,-0.012540857723018738,-0.13600467083090584,0.004459505004663637,0.018976653818345676,-0.03132089772601439,-0.0454827477098674,-0.026303310107243738,-0.07874292675149479,-0.01484003719598088,-0.09911546395854393,-0.3179714363184662,-0.0349309924861013,-0.20598173241810597,-0.05990080363491287,-0.13516417779086048,-0.10404928880462778,-0.07747196530647298,-0.1355635438039774,-0.025137185906566512,-0.1583628502225455,-0.2003817049637783,-0.17310148127636216,-0.12075163649982382,-0.2038503662123603,-0.04448268680607904,-0.19121556547858248,0.008004102990470163,-0.17569461047715698,-0.23371260682925862,-0.1780484290809337,-0.1285744826489173,-0.2137474406748017,-0.03883918971200973,-0.19551492380995625,0.016854574978855407,-0.17261438314019725,-0.2579296409138086,-0.17385788534323132,-0.1501540919042328,-0.2082884529620327,-0.057836133438869855,-0.1905600696266685,0.00023966083587624706,-0.16681599170604428,-0.2696023503715568,-0.16065749324953915,-0.16714760971931777,-0.18391545114270563,-0.09162884466724988,-0.17755823360052947,-0.03785716699171077,-0.16502915011618371
0.008869631861100947,-0.1943725265716301,0.0668409425519864,-0.24553167228906483,0.09677886566462524,-0.24826697279786666,0.12073066139009936,-0.24991248568051122,-0.03652351625434283,-0.24279680503799936,-0.0758624734284858,-0.24522174858833154,-0.11205851157738846,-0.24691116492159257,0.14965891587918206,-0.23853528194329374,-0.18395228446580314,-0.23423664310250777,0.07390480211684336,-0.15456877728535007,-0.051408198070325956,-0.15650038469322886,0.4999987339088505,0.0011252064461036032,-0.4999987339088508,-0.0011252064461036032,0.6474983202047052,0.3447164271458072,-0.6822393443862814,0.3165393658432576,0.201728956486035,0.04194667815506191,-0.3569556221484037,-0.052774150034478225,0.10931428859314897,-0.03814505814748826,-0.2760704405047065,-0.13464758656813125,0.11847585623377076,-0.07387156329625545,-0.25858628182679116,-0.1539978157984679,0.125723114200372,-0.04287608820914819,-0.2713286499479806,-0.12594813227040422,0.20373212197485402,0.06476347474353081,0.2489565328979955,0.016710642576456068,0.21337990863405357,-0.03215425900777773,0.14467925830624034,-0.06538577727217004,0.09672661844552372,-0.0879058645208642,0.14856634478041897,0.002317531736529574,0.08184051493650403,-0.06823242501921295,0.062230569745347415,-0.10712228932029245,0.05106237123912953,-0.13523371207578555,0.075412685293975,0.015098129491396575,0.004850416790316966,-0.062334559663948776,-0.004898576641938015,-0.10741127223043567,0.0013483425616609228,-0.13818513598540164,0.027936845735467546,0.01847559017508686,-0.032978880090398045,-0.05415985269456025,-0.030244608957416357,-0.09487337101754552,-0.016917125295778282,-0.12211510107694544,0.0026204024063173,0.014653823682773088,-0.03140630988009291,-0.04325266139165615,-0.024847062487477187,-0.07342480236045934,-0.012023835574820866,-0.09224039154414422,-0.3270482654360554,-0.0278073119293891,-0.20982816400492543,-0.055255633719403646,-0.14578746802840856,-0.09580242002351817,-0.08978982269582904,-0.12288861055556966,-0.037628349455548445,-0.14253923181644,-0.23642510848113804,-0.15431358847864188,-0.146637373896957,-0.18015113021454232,-0.06379647576954317,-0.16971943927727867,-0.0065618686391526754,-0.15561365052617274,-0.2654593679572756,-0.1574030771869071,-0.14976580942438508,-0.18756207600437444,-0.05339252612640757,-0.17355774177319633,0.007093137555833076,-0.1540376755102118,-0.28162641689243173,-0.1527270708577632,-0.1676946914553674,-0.1840373076903263,-0.07154870133164457,-0.17105741137673983,-0.010950901611128064,-0.15081690970783354,-0.2839088562071626,-0.1404827739708706,-0.17814315786171683,-0.16213020792893992,-0.1012243220789983,-0.15906635363674188,-0.04545263708345168,-0.14936369105050418
0.01497476235744587,-0.18538240630516423,0.072630963743182,-0.23382588763271864,0.10243600290787863,-0.23618550668318203,0.12623492569140826,-0.23753129597407904,-0.030366947101476704,-0.23194156337458557,-0.06963220202665396,-0.2344381457074287,-0.10575607001408051,-0.23605285990244806,0.1533528525360127,-0.2262454255837285,-0.1780893811216673,-0.2226033944490721,0.07906699329117745,-0.14698088921908373,-0.0457098774212839,-0.14878642019320643,0.49999858042765843,0.0011914572280854081,-0.49999858042765843,-0.0011914572280854081,0.6482823908620654,0.32682861544971303,-0.670540784082202,0.30044286862751557,0.2031483667292168,0.039258000083273174,-0.33468283814062916,-0.05611400752596329,0.11121037738717528,-0.03692530778117157,-0.255171580573407,-0.13634057563042506,0.12143439107149571,-0.0716591687863175,-0.23902959466637685,-0.15399225820982157,0.12825559730388666,-0.04179288280373528,-0.2536812798922705,-0.1290811790848024,0.21244434201755646,0.05935576877784707,0.25603450745535133,0.01271966835369215,0.2230390041028683,-0.034361922446667456,0.15605688499104503,-0.06552994199700003,0.11042868487036203,-0.08711793149785689,0.1560969263575002,-0.0017242368597937456,0.09030807540087574,-0.0687225088333017,0.07392973912724796,-0.10514926067438508,0.06749548132113102,-0.13108013044219577,0.08151474328347859,0.01045357350555409,0.009626493735781847,-0.06305357185440301,0.0016472770115753409,-0.10441689422848353,0.01118677822112087,-0.13178947554598647,0.03334967455400385,0.013755628748680583,-0.026724334386286068,-0.05488421565230936,-0.023033884640374785,-0.09274205907871837,-0.007802396884728024,-0.11780914890607806,0.008628028600128986,0.010204586728081342,-0.02242883478885233,-0.04493618670855568,-0.012952584764370813,-0.0737114940291405,0.003520451112664973,-0.09161305409269857,-0.3299778004079701,-0.024432255763883144,-0.22978818902789636,-0.055614732168934145,-0.17861966346591532,-0.09799551564523545,-0.13298933725497805,-0.12586326136581916,-0.09933536603333439,-0.14641864775074542,-0.28854189592029583,-0.14565866939749067,-0.19937942881808607,-0.17581683311040694,-0.113353564950555,-0.16482544405455776,-0.056182023555694426,-0.1484121178362076,-0.3120641612094909,-0.14585592667111313,-0.20449028402802538,-0.18087056583093253,-0.10529665734497441,-0.16800745944239195,-0.0454341943849825,-0.14798608597535853,-0.3191086069185781,-0.14159786908729394,-0.21216343234271356,-0.1794342670372723,-0.10984861657932718,-0.16948527887093068,-0.048771801735781904,-0.1498419076194496,-0.31126554855773764,-0.13252910467719678,-0.2141128799316744,-0.16229227423157414,-0.13338408134551752,-0.16052840092412823,-0.0760578668846601,-0.14971570133323472
0.02362974300254348,-0.236689234184573,0.07525217117030708,-0.2978932641514305,0.10420221840793747,-0.3009913094948941,0.1274481828587563,-0.302995054895873,-0.026165413216378657,-0.2953189878015237,-0.06493423114736646,-0.2983342127212155,-0.10159940690368059,-0.300329360239218,0.15312045793148088,-0.28917623908244955,-0.1771119833958886,-0.28352128862203124,0.08296011548222199,-0.18747872456866835,-0.03756249205116095,-0.1897628662348746,0.4999948925045993,0.0022599710870228424,-0.49999489250459944,-0.0022599710870228424,0.648276565442342,0.4189860234567697,-0.6618435408031123,0.3852603888146978,0.20405701608757632,0.05065543649017326,-0.3374494648433985,-0.08128793886476801,0.11265723152992368,-0.046671896933649565,-0.2591480857161345,-0.17797332627085968,0.12254323220761403,-0.0911939283224729,-0.24392448549076554,-0.20157083023383876,0.12905850950195413,-0.05299011265224026,-0.26104001552589773,-0.17243163975862932,0.2162657328994406,0.0767665929547262,0.26005143319691065,0.01811543236383447,0.22808597038231157,-0.04274205027897792,0.1641332260510739,-0.0842588583670819,0.12090878082069736,-0.11381811683913388,0.16074777947854313,-0.003012987715447969,0.09748294511892018,-0.09005277869111725,0.08493958618187465,-0.13484450285819746,0.08114490590523961,-0.16626608032961798,0.08750009069071393,0.011626838188713238,0.01764893521425698,-0.08529990407521339,0.01402747414527595,-0.13612804395966077,0.027716935796763115,-0.16840774279221682,0.04005771784170332,0.015619326562212278,-0.017703127193712573,-0.07565465857879004,-0.008511599837031574,-0.12131143505348668,0.011767464605986898,-0.15025155821774464,0.016195419405227972,0.010525080898749036,-0.01215088838206916,-0.06155439369814211,0.0011016670651664035,-0.09748740319413177,0.02073672502238072,-0.11866302389628415,-0.3426714075314867,-0.02499031713839131,-0.26261397766569666,-0.08132996321115223,-0.25575270542560213,-0.1344192585848692,-0.24406657313575367,-0.17232609635842014,-0.25088376450221583,-0.20045863265740332,-0.40056414041215677,-0.1783111879784287,-0.33240207177162534,-0.23436666524547264,-0.24635656121686908,-0.2363106641331161,-0.1927813592165822,-0.21967156723646372,-0.41800916832564744,-0.17424079225714434,-0.33494395055921145,-0.2408999157719708,-0.23989591937153784,-0.2389745163862761,-0.18651885956781997,-0.22106767041811687,-0.41297534542221587,-0.16749426159273384,-0.3329977400760821,-0.23609668212720572,-0.24072423180383717,-0.23822676376783647,-0.18993667941776685,-0.22233129601513507,-0.3886113055327459,-0.15666408744857546,-0.31515243654347086,-0.21255988974605936,-0.24470490321127122,-0.22109188486405015,-0.20107335293064837,-0.2135022352669628
0.02175544043749066,-0.22755296696990804,0.07161724265608174,-0.2858925004560051,0.10082828520245798,-0.28893631256816993,0.12414784577323981,-0.29092879623387286,-0.030571016995841575,-0.2831599660244578,-0.06960738510600686,-0.2860813445193557,-0.10654534624836458,-0.2879643360906182,0.14988841169457792,-0.27780311213184045,-0.18252663805591107,-0.27166985201122784,0.08276875642476768,-0.18015463961768072,-0.03640394209841905,-0.18206385480098655,0.4999515746316976,0.006958665337993917,-0.4999515746316975,-0.006958665337993917,0.6449528529128,0.4104114908715628,-0.6537860143857611,0.3812401064381609,0.2017717649851421,0.05212849651612889,-0.3977968780655277,-0.07286388118176826,0.11601754530353335,-0.044996780881128684,-0.3879553065400174,-0.16694057853739866,0.12150564540540308,-0.08804982166114785,-0.37615618589063365,-0.19007167747470494,0.1266922133166458,-0.049741722112204,-0.3663477311332472,-0.16148274671009522,0.21881806347988236,0.07720201585978279,0.26183540631993873,0.02072384797917228,0.23302917386370245,-0.040947701926772884,0.17269899164044747,-0.08765212525902416,0.13500193347349235,-0.12222276410061984,0.17108832057837836,-0.00614462652388462,0.11131353601352482,-0.08938441620263547,0.1011199984052313,-0.13137557097809746,0.09865846741389808,-0.16135239492425676,0.09553049493789331,0.008679547307534455,0.032490986175294424,-0.08518208237270214,0.028659617114879306,-0.1344381142417217,0.04215608371002041,-0.16613539444943384,0.0455729129559683,0.014064923635328746,-0.006483700838446164,-0.07277644076109152,0.0031232861408927856,-0.11691026898032242,0.0256339406396024,-0.14496527678673957,0.018611221999764973,0.010603066279227502,-0.006635538096070794,-0.05756240355452273,0.005856892359292402,-0.09258250488954828,0.02606222703706464,-0.11329047396077878,,,,,,,,,,,,,,,,,,,,,,,,,,,,,,,,,,,,,,,,,,
0.012496915498458005,-0.17007109571161438,0.061223550669942735,-0.21316001602316165,0.09256629092828923,-0.21544362595194003,0.11719817617530683,-0.21697916653302868,-0.04262009076323106,-0.21098082738574359,-0.08040231569436403,-0.21303759323130161,-0.11673026253255475,-0.21437870501853132,0.14397006121990466,-0.20713379343279478,-0.1876248292509745,-0.2022529949896099,0.07683713226308864,-0.1350718357207926,-0.042528536639178535,-0.13641489871961493,0.4999632804988925,0.006059550543215123,-0.4999632804988925,-0.006059550543215123,0.6332929552314942,0.302162455724668,-0.6200203654342129,0.29361186887191626,0.19614452327298038,0.035584780824383724,-0.4911092226302499,-0.031042989659840564,0.12489495076741831,-0.03959307297411678,-0.5482277853299218,-0.10737841547124488,0.12717392776788486,-0.0697628954462564,-0.5484555584665344,-0.1263603053828038,0.1283752531157529,-0.03969472480386174,-0.5189037734686855,-0.09874392652001016,0.22780801437409565,0.0562832333989796,0.27499104167562294,0.014540271432488889,0.2507559799400474,-0.029797172529102422,0.18861501957806878,-0.061098949494203934,0.14245465807037933,-0.08285659525204951,0.19050962941050148,-0.011099530086972774,0.13436070407129966,-0.06897850838602002,0.12035336796067969,-0.10032516321775196,0.11446525443148219,-0.12430410601803071,0.11405188177808297,-0.0005346005052253019,0.0509562316677245,-0.06901778438711033,0.046823572820310466,-0.10565442561569405,0.06102656249632541,-0.1296257523965306,0.0628523955183669,0.004571090809587297,0.011983981071672324,-0.05968174045486174,0.023327528144384907,-0.09210703764346023,0.04737636754600334,-0.11240486241847301,0.03564525024552353,0.004907202741994799,0.009834016199365476,-0.04540755763552879,0.023407426689962253,-0.07106334650158812,0.04481979203529046,-0.08569523046546636,,,,,,,,,,,,,,,,,,,,,,,,,,,,,,,,,,,,,,,,,,
-0.0013159422954694135,-0.21620493742305852,0.04798278075412162,-0.27038574301718715,0.08267859261852958,-0.272973819944887,0.11106471380229274,-0.274656325959154,-0.05884781149004693,-0.2676272019753025,-0.09437542907619166,-0.26958076483657034,-0.13016136640840986,-0.27069996730160645,0.14057019066463322,-0.2610779612555979,-0.1939535218476424,-0.25522121130659514,0.07075517719581086,-0.17293627709033538,-0.05511181396847664,-0.17480578948495112,0.49994236188884644,0.007591757965166276,-0.4999423618888464,-0.007591757965166276,0.6317537557624134,0.3798096040112589,-0.5856606722690941,0.3876304723627961,0.19605164127080094,0.04423201101868586,-0.5868171485220813,0.010315087611930531,0.1282108326506583,-0.051263576956113964,-0.6693291020402714,-0.08401301023517367,0.12962948416831688,-0.08817142085800964,-0.6735069599258301,-0.11578747385560786,0.13142167267387642,-0.05036887667473168,-0.6259979148115485,-0.07648044995106557,0.23958241883439363,0.07005567009107079,0.28962436034118816,0.017294663569986185,0.26789806472471217,-0.0376666218962974,0.20687757884140595,-0.07666194224269304,0.1557837083998895,-0.10145627849619944,0.207367140040143,-0.01764205115942939,0.14847723166679802,-0.09062022765914814,0.13595343130145238,-0.1312598492622416,0.13220891577367702,-0.16241626230971176,0.13165461772778095,-0.0038168915992461707,0.07419645170268363,-0.08835070751414857,0.0707623502536678,-0.13443793368312276,0.08336935809015407,-0.16566209124916917,0.07730794487458298,0.0036480817116777394,0.03461184225587,-0.07737318091504738,0.04737611938586991,-0.11841627626714948,0.06985944159592389,-0.1452807589720317,0.04575285639284162,0.004186256770878636,0.030382338353741302,-0.06058128407740162,0.04684836165404467,-0.0922459385595855,0.06644291413865767,-0.11126599987682094,,,,,,,,,,,,,,,,,,,,,,,,,,,,,,,,,,,,,,,,,,
-0.008836807290390783,-0.20219282954560464,0.04264301087422372,-0.2517976586521574,0.07847149533542438,-0.2539285623459287,0.10733312491441441,-0.2552746944247438,-0.06611942607016662,-0.24938894362777922,-0.10188919450304314,-0.250741902965438,-0.13788365080504283,-0.25130936438400836,0.1401204433073613,-0.2416566372048409,-0.19898065009968258,-0.23680485297062648,0.06658978468356574,-0.1621919199805284,-0.06403275568321044,-0.16351996708644911,0.49995495880188034,0.006711122812916679,-0.4999549588018805,-0.006711122812916679,0.6308227196366417,0.3512476509026428,-0.5784784610488953,0.36319680648733405,0.21854452454936107,0.04137500435298514,-0.6942145970751167,0.03892801310083445,0.16656769141493055,-0.046380474541595426,-0.7762718676525513,-0.03608293455376708,0.17539526804135946,-0.0803091910389442,-0.7835942606939996,-0.07328495851459058,0.1733549761123585,-0.046566698921118574,-0.7323073408923758,-0.04075219855953312,0.2557256389882096,0.06695623482733279,0.30593360674175074,0.018272940403849323,0.2824063103249444,-0.03159866021049927,0.22125734914634312,-0.06646467219058838,0.17481981494168097,-0.09030081172624543,0.2347326776467006,-0.01564538994440747,0.17966730937822117,-0.083794216156986,0.16326392421386576,-0.12078074568175444,0.15397022157117163,-0.14863392811236711,0.15627005275420575,-0.003389516124643625,0.10314123275732019,-0.08148224484303092,0.09893367098530492,-0.12184543490930116,0.10962196935595239,-0.1483436243506846,0.09566538555595763,0.003012419019150574,0.0548856630008101,-0.07174417692831755,0.06703627865355107,-0.10754457917461777,0.08847861573330673,-0.1304748721964633,0.05724421021216821,0.002967969206253473,0.043891807139206665,-0.056419522888736216,0.058956610946187926,-0.08476622897725054,0.07643984871120747,-0.10228003630201409,,,,,,,,,,,,,,,,,,,,,,,,,,,,,,,,,,,,,,,,,,
-0.030522614387521015,-0.18562493342188008,0.02470007875510291,-0.23117158920252576,0.06300097042202613,-0.23322352846879751,0.09420446653084229,-0.23455791597884562,-0.08735613938562782,-0.2280877421725419,-0.1234310909708963,-0.2290460701953708,-0.15933443561139674,-0.22951441951087545,0.13175393612176997,-0.22197757167916188,-0.2170372707896506,-0.21643845693851574,0.051952214956183206,-0.14974296665407127,-0.08375358526039317,-0.15041692788751743,0.4999634038715345,0.0060493627093227975,-0.4999634038715344,-0.0060493627093227975,0.6320675666666411,0.32312715713218354,-0.5878485271646322,0.3342186561790093,0.22555124867548232,0.04072240570920267,-0.7351529676003588,0.06113471297806487,0.17790465379693682,-0.036988150924594634,-0.8370275862015465,-0.0018561136529112207,0.18979228487793576,-0.06823333340803482,-0.8433470211096673,-0.03320838153020671,0.18614343721257942,-0.039352920198318486,-0.7839493840110761,-0.010211162895419994,0.24607312917625285,0.06164187577275499,0.30229750452265897,0.021564072383255594,0.28879390804509414,-0.023399850426986737,0.2384837387075848,-0.05811661664529947,0.20194851016201706,-0.08223352121980236,0.22947290738123916,-0.007824034403772202,0.18379612555246685,-0.07388749528185636,0.16967063724087103,-0.1087201048072765,0.16001958000519817,-0.13481915073334494,0.14867115407864678,0.00032772509476345285,0.10729866310705324,-0.07282665986528122,0.10635775836287649,-0.11034728528082112,0.11662099037267358,-0.1355907096212899,0.08741407506356234,0.0030421474202948595,0.055963068938253716,-0.06548308325556298,0.06901473045977861,-0.09888112005115715,0.08754388031665629,-0.12142146754462568,0.04965248022146326,0.0007991927581684728,0.04476305735122117,-0.05212003363288614,0.062484316180192366,-0.07645741203872802,0.08045225999226761,-0.09212180241187862,,,,,,,,,,,,,,,,,,,,,,,,,,,,,,,,,,,,,,,,,,
-0.04264512039888391,-0.21894673594726574,0.01581649438542906,-0.2724420116546561,0.0556820670466444,-0.27463513357604485,0.08799938987238241,-0.2759526689427629,-0.09929722197242334,-0.26839752206476075,-0.1362003303173263,-0.26900807785002684,-0.17215310284380356,-0.2693880014587814,0.12957316810081465,-0.26012200554901266,-0.22524522798839716,-0.2542289186470853,0.04458989499895967,-0.17728411446902645,-0.09508529671891469,-0.17792491331247373,0.4999727351283783,0.005221506319873313,-0.4999727351283783,-0.005221506319873313,0.6313058236727429,0.37349869036385547,-0.5848443668379717,0.3910290444091272,0.22938389434483508,0.045047073638058134,-0.7355432695183586,0.0899600928044836,0.18563523107640914,-0.045127798747554494,-0.8328698825189433,0.01864911633493631,0.1976007894209112,-0.08082576578160554,-0.8447537396627448,-0.014305428245782724,0.1935246791503854,-0.04754439609122869,-0.7823177374467231,0.009319325271904997,0.25251322285305056,0.0700527729039939,0.3081301965094135,0.023169876375425575,0.29340534272939267,-0.029219411463822096,0.2398964538088935,-0.06899395805026613,0.2030494429569616,-0.09636038580430473,0.23476279507712508,-0.007898286309121578,0.18703231699510858,-0.08526318426481685,0.1732943362164356,-0.1262706933911567,0.16564404061249433,-0.15656792743229628,0.15098451088678874,0.001818739025583415,0.10873700914902186,-0.08358334783469668,0.10790255894107591,-0.12831998763890512,0.11990428540604622,-0.15774078862756227,0.08760818367139928,0.004587941184998629,0.05621333244882839,-0.07571007168819313,0.06714662311017043,-0.11579005007596324,0.08480201730425335,-0.14277193696045626,0.04914283395974026,0.0011862512515599703,0.04725028169687132,-0.059820076493278314,0.06467427373244831,-0.08983496503704691,0.08186317298498158,-0.11013529078519907,-0.7548903076020462,0.08009962456787087,-0.8587276897477889,0.07796137109554876,-0.959441188886507,0.05001216807533671,-1.0119375088323157,0.004679978583432993,-1.028556621789054,-0.0330081817602414,-0.9707118487633902,0.0789802466434342,-1.0451703833402128,0.004480589871607377,-1.0683968214065735,-0.046614171950530865,-1.0759923112361318,-0.08724691340933279,-0.8946234882579673,0.06619874532172816,-0.9958188906956795,-0.006900573206528323,-1.0346510423535669,-0.05842420160180596,-1.050980671948139,-0.096438417511673,-0.8212996361952223,0.044239052999629346,-0.9154810528320781,-0.02492782146726054,-0.9647783855615226,-0.07083763028412106,-0.9943872974375537,-0.10215889581436272,-0.7595449694016438,0.01670371045498587,-0.8414832004631583,-0.036620187922711094,-0.893475242698714,-0.06797238910025259,-0.9313986241970299,-0.09119151625744906
-0.04803378938874971,-0.24393357890482584,0.012639096940741501,-0.3036089339278514,0.053763344836065194,-0.3053736592252494,0.08685461080209812,-0.3065118897565493,-0.10378241093560213,-0.29954885997329017,-0.14152047154460062,-0.2995466676632069,-0.17810308302808486,-0.29976159837098404,0.13119836096300544,-0.28763002892722483,-0.2264012438996481,-0.2829695992883273,0.041357625373173515,-0.19703365793308644,-0.10125086488733329,-0.19763038787382348,0.49997573232999665,0.004926162916873022,-0.49997573232999665,-0.004926162916873022,0.6304418599257393,0.40902380333162813,-0.5829342306688703,0.42905763879008213,0.23220745416281066,0.05192507512083303,-0.7306919228581573,0.09348629944176469,0.18559892778207035,-0.04396235193961169,-0.8235703937886308,0.014110002814464857,0.1985774828724123,-0.0823097339981168,-0.8294498919593636,-0.021024970415129664,0.1958479810662513,-0.04840860974729933,-0.7722161871300411,0.0050203479308342045,0.24990742934259288,0.0753162648325479,0.3047996570142038,0.02257990850148433,0.2931023719504781,-0.03424055287543763,0.2398624199244215,-0.07773370829742444,0.20220415042939144,-0.10772299248315584,0.23852617243662003,-0.008626445058925411,0.191796806334147,-0.09306655638044081,0.1770410771377726,-0.13796768079358593,0.169019902448468,-0.1708180982771963,0.15394279493872232,0.0031052807534963623,0.11238075672328951,-0.09075409084070453,0.11005491493415331,-0.14035139641102784,0.12172674063665882,-0.17274075422020693,0.08980918812049374,0.007041995106065452,0.05903121875111193,-0.0817275913513952,0.06851298592432163,-0.1266613474569333,0.08583642084142201,-0.15706742351733805,0.0496155905706368,0.004173610320988017,0.046208279394024054,-0.06425589182331228,0.061998156773868225,-0.09876774307155216,0.07837535209895796,-0.12210446230966011,-0.7463882186367053,0.0944934129661625,-0.8533500979148133,0.08440086053906336,-0.9462567032843161,0.05026423159353365,-0.9893079296429954,0.0027952375159535988,-0.9964167644332182,-0.03676162515155705,-0.9664567692870917,0.07118890382235461,-1.0295449280242077,-0.013162587580026322,-1.0420317761399724,-0.06385773458434657,-1.044359416688325,-0.1016391633628987,-0.8881916488426915,0.06177832847038353,-0.9731883258621336,-0.026243511609451566,-0.997061596551365,-0.07807933441401073,-1.0004089029653922,-0.11524084535671451,-0.8113529444570802,0.04335651548006729,-0.8903591075767016,-0.041313451121715056,-0.9237847582689033,-0.08539566339914755,-0.9393911160866195,-0.11478206231198507,-0.743894769386204,0.018385260435658964,-0.8119583422385548,-0.04200386015870177,-0.8511906644142311,-0.07122541421720259,-0.8762915190857672,-0.09270136811234245
-0.050841348552276996,-0.20909052686792515,0.010330094042178118,-0.2600416218561835,0.05245267235702891,-0.26149716542997675,0.08654188121003331,-0.2624299644762375,-0.1066325472877052,-0.2557690423018476,-0.14462602185897372,-0.2552656507479437,-0.18158812003096836,-0.2551475333369412,0.13293822720925363,-0.24526766176657783,-0.22699608286841919,-0.24028959133963354,0.040498891647812466,-0.1690352988589378,-0.10308735813675236,-0.16919112243258205,0.49998681097190856,0.003631646202614116,-0.49998681097190856,-0.003631646202614116,0.6300922820345206,0.3462572626287042,-0.5824623253514559,0.36255860795804545,0.23359277702035486,0.04404608254131296,-0.7237391647828205,0.06853052212214171,0.18581990933966316,-0.03670366432508665,-0.8061166527356547,0.0016064396375467917,0.19963033363587218,-0.06874454744304537,-0.8135458103682816,-0.028204066829606803,0.19753990278742867,-0.040772644883794854,-0.7618081081701377,-0.00404527138068351,0.2493827354450925,0.06138613267297107,0.306651573004277,0.017577427564652352,0.2920969782065435,-0.03058312573537403,0.233458630738528,-0.06649039020102873,0.19086912372193948,-0.09088113568074783,0.23785833354992228,-0.007526092932730886,0.18900251603698467,-0.08009610196742359,0.17608904507772372,-0.11761844706623045,0.17010209836498685,-0.1449773388298063,0.1535401068684964,0.002617578949750616,0.10981284748086882,-0.07845831194086221,0.10940764083039808,-0.12045740689512732,0.12287983935688353,-0.14757520773999422,0.08914269529855035,0.005554731910526877,0.05666379538846826,-0.07087230334438818,0.0680398429361984,-0.10927910076197776,0.08652988738841183,-0.13490693687700353,0.04838316868088838,0.0024080526596167067,0.044191143503876984,-0.056008362639387556,0.061461877598025745,-0.0843906767833005,0.07783012274524732,-0.10351691354373481,-0.7376211829680924,0.07530192049654433,-0.8385027389184205,0.059330789743065125,-0.9222416178854496,0.02538653095675634,-0.9542211135152499,-0.017396966441554744,-0.9537564913176702,-0.051207396915760275,-0.9526397281344685,0.03798474548347527,-0.996996201856388,-0.03522026960843308,-0.9936295361272613,-0.0757568939097833,-0.9839881642266507,-0.10482434616806051,-0.8778752723257339,0.032814430757607836,-0.9378288807247855,-0.04410556972593516,-0.9459814503215154,-0.08743744898584757,-0.9353983789032922,-0.1173813552859835,-0.8001737141222516,0.02127627357606538,-0.8514332780084501,-0.05213326888289938,-0.8647154205923198,-0.08809716400570342,-0.8651137077303164,-0.11124010687209268,-0.7287970054906474,0.00469320322471383,-0.7806321805545069,-0.04724517907135002,-0.8080927732380295,-0.06989551377504545,-0.8226628677437046,-0.08612166101866377
-0.0503725134923315,-0.21507410452381812,0.010704508438831285,-0.2669765908711748,0.05287776118301654,-0.2681536614492254,0.08762086043865966,-0.26887545344510466,-0.10615303433256287,-0.263173697066562,-0.14415951315009184,-0.26254122819513503,-0.18131526102115408,-0.2621750543434686,0.13745281299460327,-0.25052242689047827,-0.22665256145067014,-0.2454848065057235,0.04098366820954426,-0.17328798980604881,-0.1026695936216885,-0.17396799576000826,0.49998612445391305,0.0037249635644122196,-0.49998612445391305,-0.0037249635644122196,0.629741039821033,0.35305277971067334,-0.58122428927036,0.3697648669431501,0.23257180054578008,0.044679943716679424,-0.7074478042461887,0.06335400937386026,0.18398384831571962,-0.03789822926865938,-0.7812549393876242,-0.007758117387478477,0.19720374976224686,-0.0700575387887412,-0.7847742576286565,-0.03754304791234119,0.19490592768936368,-0.041672295072226466,-0.7395826808434831,-0.012042569845922965,0.24641222647277472,0.06146701287106794,0.3024999659581363,0.016013263000056857,0.2882004183213074,-0.03234236004692381,0.23179632940550554,-0.0692087143135065,0.19329079322118004,-0.09541307607212407,0.2361219236584645,-0.007538485874461061,0.18884124164037486,-0.08138869035128242,0.1755615750536362,-0.12033415499631304,0.16901581651800696,-0.14876628061351826,0.15285672450317897,0.0028281652187504528,0.10874433275753391,-0.07922753664662613,0.10859990033535621,-0.12282071568247012,0.122510052259264,-0.1510417999485857,0.0884773096547146,0.005922661856252717,0.05459453328162165,-0.07161971069389225,0.06615373856356947,-0.11079958484237534,0.08511791850184078,-0.13676327647105072,0.04722774190932207,0.002789436692093089,0.04130665821111925,-0.05656537911750855,0.05889854567839323,-0.08536680889962506,0.07655231957943558,-0.10430600480884748,-0.7117695248326525,0.06686163456170188,-0.8117724679930233,0.043242693149393094,-0.8847381874336113,0.004892643202728215,-0.9027772528056928,-0.03732239722756963,-0.8839505419129233,-0.07140364628201433,-0.9278651922070046,0.009950283032653637,-0.9381656864534031,-0.06575343087503828,-0.9166898949437762,-0.10620908966575875,-0.8922791554529623,-0.13299510730406114,-0.8561714188291576,0.009747031065684917,-0.8891158917239461,-0.07161097493599962,-0.8762619595310592,-0.11434055150617387,-0.8525692317941748,-0.14037558515763912,-0.7769572908715233,0.004435835862925667,-0.8084084653324172,-0.07117054714224577,-0.8025880508480119,-0.11025301759022593,-0.7898865289856797,-0.13294014482731997,-0.6988375659289341,-0.005432221848563512,-0.7356388733156866,-0.06040700144877872,-0.7500276075120594,-0.0891848446845851,-0.7547667617784569,-0.10832809333858306
-0.04399913029406593,-0.23449027174301312,0.016935396203441973,-0.28997537833007625,0.059271435261955656,-0.2910227340790867,0.09399606544493286,-0.2913611939520697,-0.09988266152838625,-0.2870191183252931,-0.13738810672453883,-0.2868755007190227,-0.1749021663621373,-0.2865469400902355,0.14487588920102445,-0.27014766359830367,-0.22050106258282756,-0.26685561494516175,0.047627368073745985,-0.18818985676483638,-0.09654978911871202,-0.18968629251244734,0.4999791114875453,0.004570347484007898,-0.4999791114875456,-0.004570347484007898,0.6297305616916714,0.38260237057466173,-0.5755128251612295,0.40178883426574546,0.23516696585871283,0.04946294851975587,-0.6972684241295415,0.06515246491592894,0.1850184531955929,-0.040150823783205024,-0.7631328396735252,-0.010343570985960752,0.19769249599456826,-0.07439906608375464,-0.7652949270119885,-0.0430286754887224,0.1957258373410376,-0.043888495556021936,-0.7201988758999621,-0.015636759709843413,0.24560088730974303,0.06922765377656737,0.3025058713563771,0.020671625299471606,0.2890305022169322,-0.030597581741597317,0.23373092014106003,-0.06816945599819954,0.19618185287971282,-0.09526478727835268,0.2370755228539801,-0.00800334251879597,0.18945800640210037,-0.08681036134248796,0.17502716740609842,-0.1285266406036697,0.1680925420420406,-0.1588785875279779,0.1555786911967637,0.00313684264592791,0.11119030728522979,-0.0842841685022148,0.10962632794780393,-0.13092870006434368,0.12235663954516075,-0.1611932822303517,0.09304224516226986,0.007315737874332743,0.05816897004285144,-0.07525024395374032,0.06893922128225313,-0.11703228247993755,0.08745587152751053,-0.14454330345088764,0.05329667861817168,0.005133504487151456,0.04736132846185392,-0.05829810253001144,0.06495879947622064,-0.08990717490176665,0.08265121263248162,-0.11067775336048202,-0.6929989603200961,0.0725459432833714,-0.7783032834534654,0.032665109600794565,-0.8283936028153275,-0.01603029394934482,-0.8283509430015709,-0.06288121689641482,-0.7936103211161221,-0.09770942920215499,-0.8871999040606945,-0.019764116016085555,-0.862063330493142,-0.10333274986342732,-0.8067035389701417,-0.13865655290240264,-0.7592437859326169,-0.1555718471394024,-0.8285496250127943,-0.01496541810941628,-0.8198797853768222,-0.10717161391024659,-0.7740581508589555,-0.1472227774453367,-0.7274096674267608,-0.16545954221705672,-0.7561560585321782,-0.013339113705806952,-0.7513175375508271,-0.09940000012760741,-0.7144242675553075,-0.13668935309747635,-0.678627139412299,-0.1539990457937089,-0.6769277117295834,-0.015495813328197272,-0.6793176693728934,-0.08040492182431075,-0.6713671814191622,-0.11344459211323128,-0.6583645984863141,-0.1348413370500513
-0.04085904437014802,-0.21719289552153867,0.019579196058566627,-0.2677667204545954,0.06187323592706162,-0.26878052847393774,0.09631294461264263,-0.26900409796324337,-0.09706253835295914,-0.26520536198059763,-0.13419757719549846,-0.2652258960780685,-0.171931832843408,-0.2648512388610562,0.1483004778117467,-0.2488622377788016,-0.21815317575942492,-0.24548419862118182,0.05042277917553814,-0.17463666298308086,-0.09366123384693055,-0.17549808638435,0.4999827361046156,0.004154948536666678,-0.4999827361046156,-0.004154948536666678,0.6280567830671047,0.3512467608073094,-0.5774670864101502,0.37082173580262556,0.23091138951193238,0.04528834824405535,-0.6775690990877639,0.05781364335503102,0.17726082120289458,-0.03752934137865973,-0.7243636796128943,-0.01329154116923069,0.19310034174246019,-0.06864822572477378,-0.7203475341287908,-0.04217782874927534,0.1909459470193755,-0.04030072404257878,-0.6880355536897136,-0.015147751531132328,0.23798579498288663,0.060480914542299535,0.2968893842662375,0.01517347319006952,0.2853859611110584,-0.03103898148963969,0.23062658054556293,-0.06558223279924638,0.19020075187313437,-0.0896336410432118,0.2470386514139174,-0.019423887267609533,0.19736294595083975,-0.0874333944868421,0.17599475920824834,-0.12244258968537547,0.16133387860608464,-0.1477550797119114,0.16427507184437154,-0.009049700978003077,0.11779237913038612,-0.08541428028500492,0.11034262696501455,-0.12552616268031652,0.11612127993131463,-0.15197588145941449,0.0996714544638147,-0.00285236626236556,0.06116616192947243,-0.07597861032401433,0.06816890697195144,-0.11308667848192963,0.08318845626599741,-0.1379269563161004,0.05808824572534794,-0.0019043394043947591,0.046805393735564985,-0.058180375130914244,0.05855119775176339,-0.08789768123807815,0.0714975430383626,-0.1082625345161071,-0.6659093425681619,0.05740454649383949,-0.7145394197459245,0.010281386578931094,-0.748272787532929,-0.037234442919192146,-0.7367440724618174,-0.08049092420613893,-0.6972721430607607,-0.11085681959552302,-0.8495181597579661,-0.04228705573792739,-0.7809617183205136,-0.11511299763024782,-0.705468648207775,-0.14392017489793102,-0.6441538962721993,-0.1593440199782155,-0.812860918196846,-0.03426031306129758,-0.756454539062316,-0.114200635257358,-0.6833021166405339,-0.14609225011355997,-0.6219770096814061,-0.16157820183251073,-0.7529207727284601,-0.028686350315196722,-0.7037322115592113,-0.10445032528354188,-0.6406319053412322,-0.1379791921780877,-0.5897768268417403,-0.155472369937182,-0.6761096822285616,-0.027698984449439627,-0.6403076006655625,-0.0869227799297332,-0.6065022059005766,-0.1167661005508499,-0.5761134190835059,-0.13610893217054812
-0.04393095325335195,-0.2585730524135374,0.015972213143229844,-0.3189748891514681,0.05775763568144643,-0.32030337731622627,0.09241580812786045,-0.32071450020062237,-0.09996027647503697,-0.3158922422475509,-0.13705258757780386,-0.3159925266194775,-0.17460085993644395,-0.3156499242158141,0.1444933452986447,-0.29761423185009606,-0.21995082127057344,-0.2924760566052043,0.04701376304306011,-0.20816306844073995,-0.09606651354988338,-0.2092341743977208,0.4999824876275174,0.004184742023038459,-0.4999824876275174,-0.004184742023038459,0.6197424019200833,0.42138890516516325,-0.5802520452864285,0.4448046604024801,0.2203020667750978,0.050011170672251574,-0.6658000626383285,0.06948992502164135,0.1574738952158405,-0.05718490346473843,-0.6860585400242675,-0.027056293140767355,0.17420666818136663,-0.0948008396858561,-0.6782285247984131,-0.06467455354904557,0.17711476896882422,-0.05728329405453423,-0.6590423330512856,-0.026524140362011773,0.24028669328250934,0.0694773571947733,0.29638875100513135,0.013204998474063968,0.2834887938389735,-0.04199169199634938,0.22476226333254737,-0.08098457998857257,0.1709330673892009,-0.10409801873300856,0.27735881051001643,-0.03868859163620556,0.2192624020117063,-0.11542033952603672,0.1828134622922264,-0.15534410751655542,0.15340405266341894,-0.18595124215257797,0.19817140699004418,-0.022644555505050398,0.14003314874119513,-0.1090211636250482,0.10985454435247988,-0.15842365550425858,0.08917309208609295,-0.19578281208464057,0.12442501929015472,-0.009320506999763693,0.07154703710906064,-0.0895187369990234,0.05257027686463082,-0.13712824760539327,0.04134019784498191,-0.17221753413999627,0.06855596782053426,-0.00032245944827214524,0.04698571091769884,-0.06114445757622325,0.04741106154817758,-0.09524957996985042,0.048188114558186355,-0.12113887291301353,-0.6472706743996609,0.06538420536206094,-0.5824988651903684,-0.011788535521229437,-0.5827787468189736,-0.06871820880333922,-0.5731476389449202,-0.1081622473477232,-0.5494850772651348,-0.14031574117455217,-0.7737912422793074,-0.07886672899929345,-0.699789735576132,-0.1489302117635502,-0.6290792822903469,-0.18531191852142015,-0.5698170201520202,-0.20939919168611848,-0.7671025465056537,-0.06727927870795289,-0.6972019041677994,-0.1487808612182346,-0.6183620911523043,-0.1851622236520808,-0.5585185926314911,-0.20882933542675874,-0.7270426038021621,-0.055275368509847614,-0.6628915963508659,-0.12996355331853068,-0.5887866531463584,-0.16375955881980728,-0.5361227625930218,-0.18479198924550885,-0.66343070885781,-0.046563626384131064,-0.6085658686511243,-0.10474362627760041,-0.5669730646153887,-0.13111841609429659,-0.535834200339305,-0.1499804000360863
-0.04685926668975484,-0.23844016652938788,0.004303848004723796,-0.2943028063282392,0.044833077514900996,-0.2957110051488457,0.07907942324228137,-0.2960860418747136,-0.10859136824572817,-0.29085065337121624,-0.14591788821710172,-0.29086458489892303,-0.18256093354408834,-0.29029259617564546,0.1300310510946057,-0.27585634912217827,-0.22998726634816022,-0.26916037925389674,0.04217469698571083,-0.19200033441905856,-0.09604774780008535,-0.19300022006476025,0.4999876163146906,0.0035190242900157826,-0.4999876163146906,-0.0035190242900157826,0.6028775080597759,0.39252453475026466,-0.5989720812969558,0.412215913272208,0.2063264270553526,0.04626158816441162,-0.6569077671190479,0.0622891341169179,0.1430862337043609,-0.05385403193844531,-0.6573789380193151,-0.0248817880931301,0.15906610688402745,-0.09103154755943528,-0.6450830204029593,-0.06183783222794633,0.16213148612575828,-0.05480997356532319,-0.6327166676838089,-0.02473745746608733,0.2454647448191041,0.06284265361489275,0.2871427200264078,0.008913630253019798,0.2746800636422247,-0.04800613386822589,0.2222237023696285,-0.08703662228295415,0.16965315635564596,-0.10959319859744926,0.2905297771087373,-0.04866943380453056,0.23573035946559612,-0.11814293734676663,0.19745723165009074,-0.15775560440218092,0.16331526784051184,-0.18929379682490516,0.22289174664355774,-0.03267556234470993,0.15759640948138298,-0.10906602958902277,0.10904465806964149,-0.15641817774232514,0.06982846231852137,-0.19189684307037924,0.14997761868449774,-0.016518970641273525,0.08172691174526643,-0.08696465599125715,0.035785434413641244,-0.132123105987477,0.0029134808596085193,-0.1654401554765392,0.07945374587620584,-0.001260046974535558,0.032572014382402426,-0.057890672189317184,0.007957305894659669,-0.09325788529571664,-0.012359862886869848,-0.12210092417264222,-0.6436392823294377,0.06610310875066974,-0.5541267956360162,0.0003290228800704739,-0.5401171992300158,-0.05097147944280733,-0.5180075660026228,-0.08850962260957984,-0.49986126881070836,-0.12253471214106806,-0.7349780895168444,-0.07111965285607523,-0.6827975688078991,-0.13515134245856356,-0.6336427622119203,-0.17479434044001388,-0.5906025575938655,-0.2041150316954594,-0.7401356908422989,-0.06099947269491411,-0.6794178638432583,-0.13528970243087485,-0.6172076023368692,-0.17371540332566712,-0.5667975804876068,-0.20145944368834812,-0.710017286896426,-0.04805143123545553,-0.6460385234018252,-0.11582114874351103,-0.5796459961332299,-0.15250739889319326,-0.5281310689923177,-0.17758860685435543,-0.6523316638426322,-0.034425203007228414,-0.5915161262918407,-0.08747630129738174,-0.5463683146030469,-0.11695350331552226,-0.5078927766338921,-0.13828760797592538
-0.043496106837399594,-0.20406432478706663,0.004289142593331473,-0.2522746377296291,0.044481600316868077,-0.25417784614874916,0.07877437286464603,-0.255490815589312,-0.10685602683869694,-0.24887770899505093,-0.1431478835483234,-0.24888658271625047,-0.17861755608731364,-0.24843811849870442,0.12900798891543339,-0.24093723022812613,-0.2278486748497507,-0.23047340644902103,0.044509061013565,-0.16555196522469495,-0.09107958379803105,-0.16628158988547875,0.49999509064974457,0.0022156999241315836,-0.49999509064974434,-0.0022156999241315836,0.6106924324949137,0.34171116721495837,-0.6245261676384726,0.35806857531782943,0.23475476728060793,0.05965475117361073,-0.6520114152892319,0.054758504853279294,0.1521149831027856,-0.016226759623056326,-0.6454169381152616,-0.02096942230724186,0.16742750404230308,-0.051293862800009214,-0.6382258727590812,-0.051906490859746766,0.17692326747290757,-0.026037545781269024,-0.6251088436134156,-0.020940753361827956,0.2679780275285604,0.06932451342414457,0.2971105532632883,0.021689558912281543,0.27642555615280645,-0.027479047660437562,0.22717452383879141,-0.062251406774778,0.18642339551755632,-0.0861755052038917,0.2980147558061776,-0.03503863900972051,0.269561836849965,-0.09340089856092115,0.24490522281789018,-0.12906117587036645,0.219693393507569,-0.15684547954006822,0.24453914081490616,-0.025013040539085075,0.17531563463317656,-0.09027093231566147,0.11702021272432751,-0.12817346245344313,0.0662903036848949,-0.15660882422161584,0.18263163706638147,-0.008381844007511203,0.11754633057561051,-0.06805659518351782,0.06694808739318749,-0.10476376681632744,0.026399822695563454,-0.1325842479647658,0.11717952113695242,0.012464574872026245,0.04807822414846958,-0.026898569775199888,0.002647411206377949,-0.0511338627808421,-0.03569063112499406,-0.07120826791601947,-0.6359429977548796,0.07651058937032068,-0.5484418518965977,0.018634814519036424,-0.5476333071448507,-0.026521095327250173,-0.5340083460397546,-0.05931939277166192,-0.5173126970954213,-0.08812437915749245,-0.724262235958131,-0.041852769518848164,-0.699324558967481,-0.09617659855213763,-0.6747997017218753,-0.13276800225299015,-0.6529767224287446,-0.16247940512965692,-0.7309065424757762,-0.03418355358305396,-0.6948210956386719,-0.10055216221623753,-0.6598977272909204,-0.13984336146235354,-0.6293444287552427,-0.17177831409344377,-0.7047613222661432,-0.02266566824423107,-0.654522523236178,-0.08061564105662226,-0.6047328248055018,-0.11475427995852777,-0.5645264548746983,-0.13939674024844126,-0.6527109356193251,-0.007730103315101827,-0.6066147918238224,-0.04904983522743294,-0.5734218110858038,-0.07472362669891462,-0.5431122035009449,-0.0942255402979339
-0.05970454106921203,-0.2371023033415327,-0.008195651054032081,-0.2939776946520548,0.034080125204765534,-0.2963615581763985,0.07207306939983887,-0.2986340203598828,-0.11997702291209182,-0.28943026688416795,-0.15585207713054172,-0.28902346423496256,-0.1882825171916101,-0.28785249845548055,0.12846765799850862,-0.28161464921758783,-0.22781600925096263,-0.2692409643292186,0.031487081579672525,-0.19375982800705785,-0.10651521426929116,-0.19345683826467852,0.49999929740511906,0.0008382090355598628,-0.49999929740511906,-0.0008382090355598628,0.6278872970194355,0.3962299656994723,-0.6584065857205725,0.41807558088691715,0.24836660892420018,0.08786902018761285,-0.6546346051420316,0.08105679690155361,0.15646239205389614,0.004903340970302235,-0.6456994275292126,-0.00942995921805666,0.17499365684678056,-0.032449278279737835,-0.639674940704304,-0.04393120482228163,0.18837898310150775,-0.008226840383031682,-0.6273038690163539,-0.010829516793880632,0.3036441186528871,0.11081394130325666,0.32095275524687983,0.054990917153717435,0.3050464168798174,-0.0021935659389220935,0.2716328783791801,-0.0446217523193078,0.24368337975046733,-0.07383080838248526,0.3209531185836402,-0.01222805736308159,0.3105022816746325,-0.07978960664927878,0.2923080117270594,-0.11905412011930555,0.274713792439358,-0.1499341180640942,0.2810369420813509,0.0007095185821093075,0.25587677976256074,-0.06026863390820668,0.22383247584365348,-0.0952125903185573,0.19588933560824878,-0.12235743586213212,0.22660727868315814,0.021856450219543924,0.19281950331926428,-0.029941027022271752,0.16568914741697097,-0.065737156751429,0.1447158962571479,-0.09242560101510683,0.16053249044438073,0.04841675164872205,0.09858066609473258,0.012925176287518002,0.053114338908293375,-0.01045103386756222,0.01171347756864282,-0.02811526544012643,-0.6596162246302781,0.1261507141034151,-0.5711030297451907,0.05353972693395585,-0.5710403541540141,-0.003517473868249599,-0.5701532674533922,-0.04183358954667692,-0.5595473765818652,-0.07766179410009845,-0.7221259525755869,-0.026081643350492883,-0.73083908601068,-0.08232617762963185,-0.7335395410655791,-0.12232496988147437,-0.7314675223549616,-0.15544926674941775,-0.7356002963366228,-0.014674662372937313,-0.748388751128132,-0.07928235503823113,-0.7400189255145626,-0.12296325888433339,-0.726418503897653,-0.16050777946100825,-0.717778719071074,0.004710657330880523,-0.7003115768153378,-0.05527294091340695,-0.6687549616631354,-0.09045080884705067,-0.642391064656997,-0.11824161005879645,-0.6731685949606192,0.028535054481594928,-0.6434947000668432,-0.011613941825338819,-0.6183307227120686,-0.03944057296272614,-0.5969878672326847,-0.06379522172042405
-0.06802177252743613,-0.23617013546039023,-0.010394157523365194,-0.291355011375706,0.03272658773557701,-0.29335366279857195,0.07210893939113894,-0.2955705243254513,-0.1232181928524766,-0.28766174794156635,-0.15920947734824045,-0.28709646892474827,-0.19045258058233566,-0.2856724374424512,0.130315461943196,-0.2780188520328388,-0.22426577290247607,-0.2683756498643162,0.021379113619796376,-0.19384441925706306,-0.11869571500220649,-0.19332615111879387,0.49999992630890605,-0.0002714610258876436,-0.49999992630890594,0.0002714610258876436,0.6404241611735546,0.38720138776773955,-0.679154993166005,0.41169619931026574,0.2975376364611995,0.13617769052715187,-0.6522923988895932,0.11467396527353461,0.21087349460322008,0.068439608435159,-0.6490459229777225,0.03327302120224453,0.2329864608012233,0.022121489542821744,-0.6468328359222068,-0.001783159374533994,0.23799841483975478,0.03772534953855602,-0.6290387985444021,0.02394587914227197,0.317504611729992,0.14986398138077475,0.26278835371045095,0.11394966085810741,0.2169871995890589,0.0712140924839788,0.16396661078848626,0.04371418326691749,0.12196642509446795,0.023980486499119016,0.3228254611424568,0.035330168245975804,0.3159368049403978,-0.035963436937307545,0.304604431974338,-0.07313043658690978,0.29322503746423695,-0.09861661108619618,0.3219494136065478,0.04432961232518427,0.30970428012980844,-0.0257741735541098,0.27808771732476917,-0.06070807990769201,0.2518974407021028,-0.0835376038143259,0.2965458435861117,0.06388874100977196,0.2711862206241451,0.0034600083176915975,0.23954126404058873,-0.03389978187293027,0.22012516424544967,-0.06068740737152231,0.24175778728586136,0.08842275380607184,0.17437573382250313,0.056507726817804506,0.13279657179974752,0.03633117838628184,0.10027755705329922,0.020466231915219155,,,,,,,,,,,,,,,,,,,,,,,,,,,,,,,,,,,,,,,,,,
-0.061933091458850585,-0.22671705476595916,-0.0036829867436147514,-0.27692212396724225,0.03907333752251821,-0.27869810513924587,0.07807023180849137,-0.28067379934185704,-0.11557912668110161,-0.27391606772478827,-0.1513173703606723,-0.27344768886409687,-0.1825248511914483,-0.2718741359624729,0.1356903295449306,-0.2630282420532844,-0.2149611592901134,-0.25493904259637995,0.024816987566050632,-0.18617866787550633,-0.11452496279894138,-0.18579796267798326,0.49999656992269204,-0.0018520436124622225,-0.49999656992269215,0.0018520436124622225,0.6508317116129654,0.35916916608993327,-0.6944160962609023,0.38207935893561945,0.43193860976314946,0.18778951959715792,-0.669653237317212,0.16220653046420688,0.34626680157308215,0.1379921650837627,-0.6737624421534522,0.0998216101819583,0.3652042915775514,0.09316798657404698,-0.6753215077878941,0.05949658397465182,0.3620173345106991,0.10441465261754045,-0.6521285581265027,0.07737958183592886,,,,,,,,,,,,,,,,,,,,,,,,,,,,,,,,,,,,,,,,,,,,,,,,,,,,,,,,,,,,,,,,,,,,,,,,,,,,,,,,,,,,
-0.05936705593177441,-0.25010219331350275,-0.0009750204736660573,-0.30170971795776336,0.041796948332977764,-0.3031353554417308,0.08078637245122451,-0.3046580246386661,-0.11284029389219993,-0.29940933766376865,-0.14878460713755162,-0.29922608963034575,-0.17972964130199806,-0.2975359736117436,0.13845192030693348,-0.2843803909561007,-0.20955932812972392,-0.2771492655451149,0.026569778953454394,-0.2056800779530116,-0.11276367040048087,-0.20543408530203325,0.4999961873378228,-0.0019526002255394526,-0.4999961873378228,0.0019526002255394526,0.6595594946283988,0.38410367926618816,-0.7172853363792311,0.40891142831330946,0.5005388323939312,0.23991808222201655,-0.7048616985383482,0.20451661785633568,0.40574229412486607,0.19658103453871273,-0.709920239699207,0.15470966430314648,0.42142929417776187,0.15131071626755158,-0.7045348822987855,0.1092270268371278,0.42364617150023715,0.15927728836939506,-0.6805769415700864,0.1215536595148714,,,,,,,,,,,,,,,,,,,,,,,,,,,,,,,,,,,,,,,,,,,,,,,,,,,,,,,,,,,,,,,,,,,,,,,,,,,,,,,,,,,,
-0.054952088206203474,-0.26160882331621105,0.0037067797653253993,-0.3077935053983456,0.04676212568735501,-0.30807886131088663,0.08601670288960395,-0.30834177177849487,-0.10676078812984521,-0.30643406217043867,-0.14189214219933616,-0.3057996910800354,-0.1716611552951684,-0.30373271840025495,0.14405018281802648,-0.2858676763460618,-0.20121616277162552,-0.27928587519339054,0.03154784443289337,-0.21411694303498918,-0.10867897616668525,-0.21546382294218286,0.49999828270752805,-0.0013104539376867625,-0.49999828270752805,0.0013104539376867625,0.6703026532207375,0.3817216000791239,-0.7442825793214287,0.3991423295715082,0.5299843741385541,0.2676190699820451,-0.7570472734503992,0.3312293077102525,0.44751123557990435,0.2675410854668862,-0.8069765105939165,0.36481995022791497,0.4464039733972252,0.20433011619939395,-0.7475897704693271,0.3354648321141166,0.4431138177473218,0.2105495727973487,-0.7141072899325639,0.3207098247813573,,,,,,,,,,,,,,,,,,,,,,,,,,,,,,,,,,,,,,,,,,,,,,,,,,,,,,,,,,,,,,,,,,,,,,,,,,,,,,,,,,,,
-0.05245871695437536,-0.2809718838053846,0.005956594512995208,-0.3305693526827176,0.04880703442971814,-0.3308940711574208,0.0880626665656248,-0.33104629057784224,-0.1039793156062644,-0.3290276118434569,-0.1390314362155621,-0.32828712015246075,-0.1689553807524168,-0.3259496683781987,0.1465390823859512,-0.30699423759793654,-0.19835692356775655,-0.2999813936092743,0.033700490522080795,-0.23014118514526852,-0.10701608495898145,-0.2314126937550169,0.4999992368719062,0.0008735716979350077,-0.4999992368719062,-0.0008735716979350077,0.6689712210898905,0.41636873710735733,-0.7296006429371568,0.3963479332727704,0.576071006593017,0.3382660845650551,-0.8323951730370291,0.5436020197266418,0.5460654395994154,0.33014168859677157,-0.9433974396074672,0.646337178865406,0.5254456452065253,0.27656501348993007,-0.8842063998301124,0.635852200938056,0.5132319739500197,0.27135518369564454,-0.8264129308942952,0.6044793630231993,,,,,,,,,,,,,,,,,,,,,,,,,,,,,,,,,,,,,,,,,,,,,,,,,,,,,,,,,,,,,,,,,,,,,,,,,,,,,,,,,,,,
-0.048159183909701545,-0.3051255347746502,0.009614431334466949,-0.35680412973740566,0.05106133001427629,-0.3568982049551117,0.08912194936050943,-0.35660067686362357,-0.09875154855189573,-0.3550959950543617,-0.13355979022854725,-0.3542775754385879,-0.16363955200835584,-0.35177432258001523,0.1457773884237753,-0.3300579888912642,-0.1934055204566889,-0.32265273901395913,0.03575355735406792,-0.24931032554867677,-0.10348710383389051,-0.2507814463283318,0.4999927490397345,0.002692750951909419,-0.4999927490397347,-0.002692750951909419,0.6591393872556394,0.44161589465229906,-0.719177302632963,0.4206296437760045,0.5647367684083584,0.6919163140472123,-0.8440097821615874,0.7671966596081053,0.5762843276297263,0.8324928596979965,-0.9596160036736263,0.8960146725023557,0.5261106489038806,0.8247421746636246,-0.8936885376960755,0.9014934671128276,0.5011127825092396,0.7682561795738782,-0.8289783475127078,0.867600826710909,,,,,,,,,,,,,,,,,,,,,,,,,,,,,,,,,,,,,,,,,,,,,,,,,,,,,,,,,,,,,,,,,,,,,,,,,,,,,,,,,,,,
-0.044713654390661606,-0.263091446370781,0.012409686609169003,-0.30553834270911834,0.053461333419516845,-0.30512116443963727,0.09114317810352052,-0.30426217717803217,-0.09491639984177641,-0.30377088616698666,-0.129340926825429,-0.30266456233531913,-0.15915289150584594,-0.30032736409241045,0.14747632477122377,-0.28053779160378806,-0.1887115034137007,-0.27423909086534903,0.03830948850800929,-0.21458112783865382,-0.09961017169555318,-0.2159820645229492,0.49999463140916817,0.002317015755250492,-0.49999463140916817,-0.002317015755250492,0.6554491593870468,0.3728726358777187,-0.7207889883588748,0.36407057142421245,0.6097219624990958,0.6439226363571661,-0.8543026581256273,0.7420392302922143,0.6488138047191965,0.775847727814667,-0.9783222130756207,0.8584406433737631,0.5910639149540248,0.7682989627586888,-0.9027830077049058,0.8706673340937284,0.5511955447339264,0.7253097493749352,-0.8353099168504128,0.8313040571811993,,,,,,,,,,,,,,,,,,,,,,,,,,,,,,,,,,,,,,,,,,,,,,,,,,,,,,,,,,,,,,,,,,,,,,,,,,,,,,,,,,,,
-0.038487064234462534,-0.26065997983370454,0.019238207741640534,-0.3028861478951077,0.0594427634166603,-0.30244520310786,0.09615313784685436,-0.3015172414313949,-0.08787771078583069,-0.30101646086391615,-0.12207889172334178,-0.2999031966138057,-0.15208350848095417,-0.29765906509349255,0.15122065538521967,-0.2779609958486794,-0.18311483870962447,-0.27176792015435064,0.04316182253884569,-0.21273818438650394,-0.0941787289849347,-0.21404761727204513,0.4999996809397306,0.0005648541118061154,-0.49999968093973063,-0.0005648541118061154,0.6495020625271635,0.3626810717338756,-0.7114633642589723,0.3700444947228936,0.6528429017549755,0.6689594230173258,-0.8394109348834496,0.7660045105835341,0.7042705457466364,0.8040707879914629,-0.9559531714210655,0.8844198094224903,0.6527561470310643,0.8034909749345991,-0.8849684221880966,0.8953862736186917,0.6089090230233267,0.7627804776114222,-0.8190992026298434,0.8492331832684913,,,,,,,,,,,,,,,,,,,,,,,,,,,,,,,,,,,,,,,,,,,0.632750924954323,0.6967827710631307,0.5611974020153909,0.7190202389471697,0.5351271728371596,0.7555006508577391,0.5260740826898533,0.7844013327093511,0.5172056288487471,0.812574423063819,0.6386831051839327,0.8103765809667113,0.6693068272959497,0.8626611726611239,0.6744655170111684,0.9054657774115646,0.6723145562010888,0.939006992049621,0.6702303565412732,0.8116260331911975,0.696993058796335,0.8659502571231238,0.6978498268913942,0.9112994037820356,0.6931235199384346,0.949698617323066,0.6921012398250116,0.808835049001436,0.7104209167147403,0.8587002758191443,0.7094055908878031,0.8994732167773808,0.7057966639159606,0.9343723993769526,0.708827168109341,0.8014722055357132,0.7208905950192181,0.8418368723324697,0.7200390426390234,0.8739460849080466,0.712903423133034,0.9003784321645086
-0.03331982478234688,-0.24190765234386588,0.02421753769462168,-0.28141529378733005,0.0633362024501552,-0.2810186836702718,0.09915757256859423,-0.2801361319850946,-0.08193427521820616,-0.27962906837207135,-0.11616033393171735,-0.2785848052348236,-0.14632289792978706,-0.2765683226230434,0.1531995479656838,-0.2581292482951214,-0.17957175258499455,-0.252377863456505,0.046780145611334,-0.19736865908298473,-0.08948657126302302,-0.1985352820918283,0.49999997021780673,-0.00017257517898795768,-0.4999999702178067,0.00017257517898795768,0.6269858915039415,0.3368840035390092,-0.7034483179269347,0.3514109926264703,0.6748772958581757,0.6521525875291952,-0.8298027004016021,0.7149808500415586,0.7296880709719691,0.7707768169539381,-0.9310418467297548,0.8278371467835881,0.6687735183057419,0.7709673189640313,-0.8648262848356594,0.836450232368455,0.6224883438375338,0.7407633328920216,-0.8050982937700665,0.793937475529899,0.698271961358273,0.6717052779507231,0.6250441349606701,0.7082185668245244,0.5972799973105416,0.7574606457272384,0.5856847436933014,0.7967491291379047,0.5751224130498115,0.8291075637901625,0.6998336507737867,0.786373361818405,0.712533924001871,0.8366782697322317,0.7133840057445294,0.8730232549233872,0.7141356478480787,0.904340520750708,0.7329542566033945,0.785772258018196,0.7477177761406222,0.8362265001348499,0.7439581791490849,0.8749748242442987,0.7358611722139163,0.908040511062559,0.7491344057358289,0.7835124682840616,0.7615634500286917,0.832023885875465,0.7589393750713846,0.8698105515328338,0.750999386292964,0.9000535528470236,0.7536170488089913,0.7794999524288164,0.7649902933105646,0.8236809472088658,0.7636655176039627,0.8555074292142957,0.7554900015904202,0.8811673503901859,-0.8679068562884124,0.7228837236834301,-0.8109974797838235,0.7541058730410223,-0.8012328481701035,0.8013365144063759,-0.8120526729928299,0.8462672745128723,-0.8166510433001736,0.8796538280642342,-0.9229354377691958,0.831118732256887,-0.9155111739134492,0.891354095588089,-0.9048754468136867,0.9302539064654509,-0.8977762677344521,0.9626942731262869,-0.9274927771178088,0.8354692008306026,-0.9129445509638262,0.8918951966365315,-0.8961121092403762,0.9310344803796884,-0.8809872832988659,0.9647361156454841,-0.9182212969003648,0.8371395913371817,-0.8931916755103992,0.8865159364871223,-0.8726004166869191,0.9214972716964249,-0.8547906409232477,0.9530961199440317,-0.9022292316030414,0.8369060380253727,-0.8855714422498592,0.8773848899284853,-0.8645281496434456,0.9029854810291982,-0.8437152716500523,0.9258620010138339
-0.02770068540770067,-0.28116064096674326,0.030404323660337153,-0.3273249350700305,0.0689878084966693,-0.3268923131025227,0.10454841688983299,-0.32587185126239265,-0.07533163316690776,-0.32527320953858235,-0.10981414849480269,-0.3240875106849895,-0.14030170055651864,-0.3218322720152167,0.15824715498754716,-0.30026394961557246,-0.17546397982408854,-0.29368233472215394,0.05187141521092844,-0.2293959783938981,-0.0844864960049057,-0.23071145601031492,0.49999995643663664,-0.00020871837820870198,-0.49999995643663664,0.00020871837820870198,0.6160739172593125,0.4018333649649126,-0.6946443590588367,0.414801378687526,0.7021973255958869,0.7930540285490416,-0.827044195787125,0.8210773180506393,0.7654610147719874,0.9256368893219561,-0.9212236430125685,0.9419850997235736,0.6942610554688136,0.9298732501190351,-0.8509116710854865,0.9511012359319734,0.642913617702672,0.8931635502280384,-0.7955727106830499,0.9079472142416434,0.7273233310431969,0.8132387747052142,0.6491147651134036,0.8565570158433156,0.6274637087446941,0.9162651093021068,0.6192284957881788,0.9682733614466698,0.6203559771355848,1.0115776697622243,0.7565904611983539,0.9468514119580513,0.7740009194585106,1.012574727591447,0.7730530477015215,1.054648564162977,0.7705486175639588,1.0887783436542893,0.7836778869933836,0.944988953645245,0.7995424136285594,1.0079606150999239,0.7880057638650775,1.0528081791982506,0.7734073890273283,1.0853637062903378,0.7867620850425913,0.9423291934759102,0.79030027202742,0.9980509342006258,0.7775392806524476,1.0393088396360421,0.7635049949066175,1.0692044500102265,0.7745475876396231,0.939645324827112,0.7686387631122267,0.9856073581806182,0.7575440818559093,1.018682156872569,0.7434190331647768,1.0430071430051044,-0.8726719130126764,0.8384080272646609,-0.7865776411494261,0.8781965678413733,-0.761622099314359,0.9355291933302124,-0.7506619510417459,0.9890443819897854,-0.7456761734734394,1.030306514236536,-0.8855460096510611,0.9678929484265707,-0.8732208023599167,1.0315211745751982,-0.8638746143689849,1.0688581645779387,-0.8593727461506098,1.099838499979393,-0.9182660949849251,0.9661333425229024,-0.9007468431367808,1.0259574384705388,-0.8854623021746353,1.0631621449333681,-0.8750869738778012,1.0947232755218876,-0.9254834041230084,0.9628437874647366,-0.9043410383498528,1.0176841597519386,-0.8873276026469793,1.0539716481551957,-0.8741260799899838,1.084720604773232,-0.9162128664372544,0.9617906852481907,-0.9017171443164337,1.0116360623780667,-0.884370620798937,1.0419678170625373,-0.8679414824445182,1.066249126144617
-0.025794099422488524,-0.2977572885642452,0.03234437969707334,-0.3468772974048693,0.07096003252317479,-0.34644952710051125,0.10653342178088843,-0.3453769907353087,-0.07352337524661803,-0.3447683076844304,-0.10805381233653505,-0.34361190942709946,-0.13859844551897058,-0.3414150762410187,0.15924732878088907,-0.3182964843820465,-0.1738378459135855,-0.31217705474012164,0.053263418963660214,-0.24301637626536737,-0.08294944787819272,-0.24434572412219152,0.4999998587724798,-0.0003758024750618868,-0.4999998587724798,0.0003758024750618868,0.615027192884135,0.43753109035170407,-0.6780598732967917,0.43963767453814523,0.7184268311718778,0.8527285809474595,-0.8194169534605916,0.8636538527696427,0.783021323735474,0.9932057940556389,-0.9073896200007968,0.9871380419199416,0.7048248513112669,0.9993347628841066,-0.8418860324247189,0.994368081723792,0.6536964757757209,0.9591754511345398,-0.7873558102719633,0.9530874593334822,0.7371846224011176,0.8684863217227727,0.6622443233837267,0.9114156473454696,0.6387990028210643,0.9743555319526009,0.6292115167728849,1.0282363414231117,0.6217974872322444,1.0721925812145023,0.7780373029831124,1.0087880137985648,0.786588638725459,1.0792056252618663,0.7874896238255988,1.1230563533551488,0.7900345666403962,1.1567751381488154,0.8065078042833538,1.0045141264296014,0.8150687323951369,1.0713347180212367,0.8068152833254651,1.1168429419884152,0.7962767574493603,1.151945821274717,0.8122703766205054,0.9998168650770345,0.8175744336986039,1.0605891147038506,0.8071857231924215,1.1018574605758271,0.7946896563244524,1.135319765675665,0.8039597221476503,0.9965542973805034,0.8036712534376946,1.049512543088154,0.798138025933428,1.085705046325987,0.7887097732178908,1.1148725607959156,-0.8451500977354806,0.8827368710243249,-0.768777178342785,0.9276749004845891,-0.7408996598804211,0.9840363961529149,-0.7217416924389723,1.0353990262750252,-0.7077429808988138,1.079764206846033,-0.8579463621651253,1.0152006697398703,-0.8443048791831087,1.0768455475617313,-0.8360511249016823,1.1083256926474254,-0.8297957227839035,1.1331181214215889,-0.8927716774118486,1.007511919487484,-0.8706555976429755,1.0642349088510574,-0.8505761959138157,1.096430575876909,-0.8376747206321271,1.1197154813795185,-0.9013960895686277,0.9999824321756381,-0.877661907880896,1.0499148479119151,-0.8595599295093412,1.078124462154051,-0.8429342167940261,1.099938342142314,-0.8975062529571882,0.9958283238098729,-0.8785895336070613,1.0419326225118035,-0.8588735518744979,1.0679541962093677,-0.8361800986689206,1.0862495265039598
-0.02423174981627085,-0.25820167336902683,0.03429207345821117,-0.30098311462287547,0.07240632518741841,-0.3006248774060231,0.10751066644644572,-0.2996986380641414,-0.07188172015995391,-0.299142245478547,-0.10651635287117345,-0.2981721639007864,-0.13714249857734798,-0.296372973724119,0.1594521321126434,-0.2765296749077912,-0.17268862164888998,-0.27146647353530623,0.05399347171599688,-0.21059426915723511,-0.08182929287061812,-0.21174988703913447,0.49999961618991184,-0.0006195239630811302,-0.4999996161899118,0.0006195239630811302,0.6138456930853622,0.38198150119121,-0.6652779525781353,0.3824442963719182,0.7212616609294205,0.7287621937804728,-0.8105030660433881,0.7422123860330097,0.785708040066202,0.8504669426192903,-0.900315403245703,0.8500426536128572,0.7072847214116232,0.8533771152436316,-0.8336709899432686,0.8573627206079358,0.6563903778201455,0.821571880599609,-0.7822511713325727,0.823896240190595,0.7301533246486526,0.7462191914258475,0.6552127569823746,0.7899896067998914,0.6387072734317042,0.8442227410178182,0.6311748848284093,0.8883169255351123,0.6220060417364573,0.9267382996961716,0.7771194814739493,0.8727037535006303,0.7893162438653825,0.9264027046866645,0.7929693392390523,0.9561151936568769,0.8002201985108585,0.9783742140919187,0.8073887565627673,0.8630055336448853,0.8136678350457217,0.9120697547834218,0.8093714677693865,0.941433669134821,0.804036156340816,0.96296424505202,0.8147711585877289,0.8539059622139205,0.8170465350202833,0.8971289265110033,0.8081493033538277,0.9229374374376595,0.8002765739764965,0.9451030046856963,0.8073664847738735,0.8467863580736827,0.8080212405676872,0.8841295593550366,0.8014719426460424,0.9073583008231361,0.7917788425233272,0.9251037342308718,-0.8152337332031564,0.7614667711315369,-0.7509897576478668,0.8036202156217851,-0.7335825711441026,0.8566838870412192,-0.7210689142563943,0.9019044132105332,-0.7111107276463353,0.9396465211512322,-0.8412270858218508,0.8715445301717014,-0.8270700580110432,0.9234107605236939,-0.8094332806834849,0.9479001104911922,-0.794621714576802,0.9669931157806785,-0.865923367734995,0.8639700628342204,-0.8405380523529423,0.9084996411347985,-0.8146199975205284,0.9344652053340604,-0.7916518672268786,0.952446290759645,-0.8666164901651457,0.8571944183405983,-0.8404519666689164,0.8957822199365397,-0.8192023745858832,0.9180157138066126,-0.7973761519685162,0.9362269709705613,-0.8598543487609648,0.8535301304155641,-0.8420499675220616,0.8880796871205704,-0.8212837428573688,0.9071656257338789,-0.7961970086451764,0.9213363305207936
-0.023950655323503225,-0.24868378432274002,0.03557117820341421,-0.290113536465699,0.07361838459858784,-0.2897695939808889,0.10790723873489394,-0.2888956737239384,-0.07161085039113128,-0.28821628288046136,-0.10649616657534637,-0.2872773338217269,-0.13720711512290198,-0.28558038844069955,0.15864811434494086,-0.2668573849497728,-0.1733591114626229,-0.2617343129017378,0.05425538218861917,-0.2026573174566781,-0.08216906066987671,-0.2037317547897932,0.499999998906283,-3.307139277019662e-05,-0.49999999890628305,3.307139277019662e-05,0.612135557272144,0.3694956708318116,-0.6631290322193938,0.3695721179670994,0.7181430357833906,0.6935784709754219,-0.8074806481017129,0.709301376962206,0.7782395772207533,0.8104966361357077,-0.8851358985876132,0.8176049664857413,0.7008725040538443,0.810533119103732,-0.8149949258630778,0.823729092186934,0.6523257628821679,0.782344456386112,-0.7706038749709955,0.7899544971704658,0.7213115129044975,0.713633938287056,0.6519010805173386,0.7549098214236526,0.6384473165392919,0.8085175047443696,0.6344007002915625,0.8519208183598843,0.6267052825011173,0.8886510907782059,0.7660725141382684,0.8331162155587961,0.7770211721830456,0.8864059957650107,0.7780625973454511,0.9161462986074235,0.7825503632333803,0.9388803398614892,0.7900984422441908,0.8261864011057368,0.7986231173543676,0.874175846598668,0.7947422138987921,0.9044831671731239,0.7901532176022666,0.9276346738399268,0.7944686837878938,0.8198662142634054,0.7978723829371942,0.863066365091334,0.7919143493682522,0.890019619823029,0.7869495525137883,0.91375234751477,0.7869330852384172,0.8153236670004608,0.786774652715375,0.8541590902225712,0.7821641622909971,0.8782778132859289,0.7758355283563388,0.8977602752028289,-0.7916212318666496,0.7360148466903208,-0.7398715623003927,0.776066183182618,-0.7330794612339134,0.8246575976479515,-0.7286161795843645,0.8663407810955074,-0.7246430160517767,0.9013823933869903,-0.8332452604771942,0.8403440206667112,-0.8128446897140515,0.8917454591577398,-0.7837575011879396,0.9189649560072312,-0.7579310931948824,0.9388189315069138,-0.8427140304853472,0.8352279110171542,-0.8164338190510154,0.8799313829244387,-0.781756250546085,0.9073770184764933,-0.7469439537276594,0.9274446003614791,-0.8344282608728544,0.8302056544990798,-0.8091083082673235,0.870059398122573,-0.7795515423835291,0.8952329245553381,-0.7493506026881852,0.9170170161610741,-0.8191693368346725,0.8275606393173118,-0.7995312875910742,0.8622312950178903,-0.7754873754870493,0.8828047647762829,-0.7491029001986583,0.8996511233814668
-0.024014498916583107,-0.254785578488266,0.03598614655483585,-0.2975387394709369,0.07400118564540434,-0.29722175302889,0.10801566228589407,-0.2963635020197742,-0.07163705165533296,-0.29540135746744955,-0.10654172529387877,-0.2944360581077397,-0.13724724541810937,-0.2927049292552675,0.15836845259390325,-0.2738854994000734,-0.17413410719868433,-0.2682593306295385,0.05430500353865594,-0.20765799026531456,-0.08225119864917178,-0.20843407288207896,0.4999999683175415,0.00017799566667753495,-0.4999999683175418,-0.00017799566667753495,0.6191734790702195,0.38126904827873487,-0.6631429604364166,0.3820991928220551,0.7254401289035005,0.7120035673090669,-0.8057980898546285,0.736106582532828,0.7802439907715641,0.8332693441852193,-0.8709484249717107,0.8449799891991602,0.7037395102225044,0.8327439253552442,-0.7968997990895137,0.8508566783561488,0.6565023661228038,0.8032271172581079,-0.7579044871498265,0.8161147922274078,0.7212778541134072,0.7298980649990484,0.6566574991599055,0.7698885468144476,0.6425999527889711,0.824954275720126,0.6416658649149048,0.8708931468603597,0.6340672894692796,0.9084088256823886,0.7596519846313738,0.8486821556657173,0.7600529758299537,0.9076908202015794,0.7527289997111624,0.9428274874544801,0.7478265533433798,0.9699606951717461,0.7808433998948298,0.8449444259159086,0.776791414998301,0.8991959277155286,0.7628140322391724,0.9348491229775915,0.7485623964323108,0.9629336485218373,0.7816188919407877,0.8407039345891643,0.7738539293872889,0.8880343625869518,0.7619966404220329,0.9216664735177734,0.7487041977240363,0.9494201744875782,0.7710011090163919,0.8366827023756929,0.759786167782885,0.8770342662363642,0.7474991464536933,0.9042753110060704,0.7325561644223373,0.9258764205730153,-0.7822562619104649,0.7514104097582002,-0.7384861074515932,0.7856541231207476,-0.7316009968080178,0.8361300374819364,-0.7287061035263889,0.8810725630897829,-0.7299326673858614,0.9179060865149254,-0.8246127319408377,0.8592226539404125,-0.7986855171267985,0.9161672140443259,-0.7687750971026013,0.9505308100875117,-0.7432877866010799,0.9761421100420798,-0.8255746087127331,0.8601698131576573,-0.7933287525789324,0.9104775189250796,-0.7586434467506633,0.9440548509276668,-0.7233006867648784,0.9703259358267533,-0.8133149434324947,0.8587089939379642,-0.7868500437448848,0.9038512762134295,-0.7569297980512062,0.9343898117023703,-0.7254032068943915,0.9623266349008537,-0.7988483981587777,0.8576970177689867,-0.7789391245504523,0.8959989606316141,-0.7540484096545035,0.9194685765726242,-0.7269739721799332,0.9403450842433181
-0.025031694809323962,-0.2635622341748323,0.03470969506326308,-0.3080892651323884,0.07264795379776462,-0.30780730035483156,0.10668500982626203,-0.30693606422349096,-0.07283797605334666,-0.30542785452910504,-0.10749858851489523,-0.3042665293376928,-0.13845424226426714,-0.30235158377465043,0.1568145918267997,-0.2833913717525311,-0.1754807571067062,-0.2770893881661697,0.05314245874593121,-0.21533835653421,-0.08350618323166689,-0.21565579982990504,0.49999962453756014,0.0006127497849047006,-0.4999996245375602,-0.0006127497849047006,0.6256358762336172,0.3977723999321368,-0.6636748925624836,0.3983686775479059,0.7240362959338432,0.7434443723741325,-0.8039076446281422,0.7604038493912406,0.7762240635112116,0.8698993514607444,-0.8632333446142004,0.8762365899611382,0.6996173559286718,0.8686665474901418,-0.7858443398603175,0.8821934033426713,0.652394535471229,0.8363943631612758,-0.7479227588408354,0.8455217336952571,0.7271302281024907,0.7571551798711268,0.6621389873461518,0.7937945014578854,0.6501657705708334,0.8500738660834422,0.6450145169556668,0.8971574373186082,0.6300116593069045,0.936247012697966,0.7532157298271499,0.8826708726434983,0.7481889109768937,0.9475278398412972,0.7352445845570871,0.9848378246763922,0.7235708753478656,1.0126909955947936,0.7666152800952539,0.881334316367752,0.7585486236338734,0.9409221273444034,0.7353970171441023,0.9770912840311282,0.7097914533946602,1.003360145324431,0.7578488509073146,0.8768626814576957,0.7393661404926198,0.9275167630560869,0.7199033334781935,0.9608105200101692,0.6983011126376193,0.986919429833042,0.7381081395845881,0.8705706109866964,0.7072457254958678,0.9048512073948766,0.678203861148212,0.9261077590500246,0.6497857260596696,0.9410741781364246,-0.7867976484203812,0.7799990225394521,-0.7366989158719776,0.8127699930939088,-0.7282736885376835,0.8630868797005826,-0.7218893209674668,0.9090837349810095,-0.716517109231553,0.9465515843148793,-0.8268137516963089,0.8927891075054839,-0.7959661142359217,0.9530331219982892,-0.7642936211863315,0.9912974491574226,-0.7380186588907932,1.0216104143102753,-0.8302461205016036,0.8957754148746594,-0.8005658366795324,0.9501450513663117,-0.7682056255212341,0.9877260443777737,-0.7370792196222351,1.0189620472798369,-0.8194027541090658,0.8968551245674132,-0.7947723182100623,0.9469321585031439,-0.7685418586255858,0.9809706661993218,-0.7430667785532372,1.012305353046795,-0.803443260998539,0.8985026396197832,-0.786528817480356,0.9416662818088832,-0.7658410193358113,0.9693326687641449,-0.7456637925860397,0.9944152357408752
-0.02746161327732099,-0.2610155933597905,0.0322310777159852,-0.3047085771835497,0.07018940873177697,-0.3043227564810492,0.10448449041364671,-0.30337574202945705,-0.07531864735208316,-0.3014191952033876,-0.10968277050963463,-0.29974977587995877,-0.14100725866105074,-0.2974950214968406,0.15483425791751504,-0.2790625805216747,-0.17676445089471618,-0.2725235873526695,0.050906064238012555,-0.2136474802312125,-0.0859496555014301,-0.21365745961796412,0.4999988840513294,0.0010563841277193614,-0.4999988840513293,-0.0010563841277193614,0.6319372302731195,0.3924323030459045,-0.6641750311290587,0.39249335341191444,0.7257874371615443,0.74077879398147,-0.8017127186033246,0.7425916669894534,0.7750575373440783,0.8675588310981082,-0.8603081155814432,0.8574256443859536,0.6996482137967177,0.8679666651537372,-0.7814586992301731,0.8632167705713366,0.6527848253295192,0.8336460865580083,-0.7443172297187951,0.828986446723435,0.7313116171570981,0.7433561173657658,0.6659623520276048,0.7793549940040188,0.6508489057991692,0.8336651647973865,0.6411234528851677,0.8792162223808866,0.6279800590514641,0.9177165497129853,0.752815321717729,0.8666251714140807,0.740903296824835,0.9320991941130837,0.7234512322216238,0.969717079496101,0.7092764397636919,0.9986197316198202,0.7633142805028509,0.8670481213055248,0.7567081921393111,0.9284276603226093,0.7345152795392913,0.9652316386626186,0.7111335778848373,0.9928368237529385,0.7525827700306013,0.8630898269016284,0.7328386318676808,0.9153973695830442,0.7103047354002492,0.9486541161999119,0.6880228704869917,0.9746950324169138,0.7306484397365056,0.8562052240885043,0.6984387381578099,0.8902180560074954,0.6689708709629273,0.9107025083834651,0.642444291303827,0.9253469649301063,-0.7945152525061372,0.7637893520067897,-0.7464141167345829,0.7946604381672678,-0.7344080109793836,0.8443844937255117,-0.7208042544470337,0.8899841274415823,-0.7089506260582277,0.9261184595794197,-0.836070678882585,0.8754859863154024,-0.8002242757533757,0.9353376518696751,-0.7672012035313966,0.9739527421494176,-0.7396432683451187,1.0043032858862482,-0.8342171609137224,0.8792642114907069,-0.8021264502928028,0.9337019129765329,-0.7687477843031274,0.9713258153427387,-0.7376402898034324,1.00321142357107,-0.8203665013762663,0.8810015053196155,-0.7930911535533123,0.9309935367632782,-0.7664161907476625,0.9651902535587369,-0.7410952079928814,0.996824322538652,-0.803590241629587,0.8816739398798503,-0.785563262366205,0.9248268627735213,-0.7640406382001907,0.9528786254209767,-0.7432040328917927,0.9783033145060654
-0.028329389505675158,-0.2867667944593272,0.031147035172174608,-0.33395957133567356,0.06897073282590112,-0.3334729852098476,0.10318175767791099,-0.3323908208646048,-0.07611126865379395,-0.3299684455959696,-0.1104065871975178,-0.32760972234971036,-0.141685395773474,-0.32473026798572246,0.15309824554773177,-0.30476808216931994,-0.17741086861528937,-0.2970950547734896,0.049832280192077964,-0.23559224773098794,-0.08672436052442188,-0.23534755528316095,0.49999861212043806,0.0011780821854939392,-0.49999861212043795,-0.0011780821854939392,0.6385072538979164,0.42883339047608904,-0.6638378093068925,0.42844396164572385,0.7311843833228031,0.8156735986448774,-0.7977457357962058,0.8209466409306972,0.779591325999173,0.9520842006984849,-0.857805421212334,0.9450434553892454,0.7054928702839514,0.9525969353309903,-0.7806524373541023,0.9514871831117279,0.6582247525854327,0.9153926481116766,-0.743430665470391,0.9132073686299065,0.7286990956407763,0.8127201767925758,0.6659298841198674,0.8511564025253611,0.6499330057678449,0.9097193017755881,0.6376299113923212,0.9601512149212575,0.6291499660058861,1.0028049468904128,0.7544160688150846,0.9472480863652554,0.7430333239307244,1.0195623813239516,0.7262346233397645,1.0595073838886324,0.7128071543335406,1.0906087535856723,0.7605493810409655,0.947986481810757,0.752893449498021,1.0146547784128277,0.7288300089048467,1.0536245296396984,0.7036919097562891,1.0819439221276204,0.7482997873554886,0.9440899544912423,0.7316333762521373,1.0000592737242076,0.7118413894656166,1.035743748962018,0.6922759634790704,1.0635056265001848,0.7267033994824603,0.938095149449185,0.6985515428132115,0.9744401343664238,0.6735362716154372,0.9959308483332229,0.651900317315686,1.0115303917064562,-0.8033605127970884,0.8371104163012727,-0.7555042315639361,0.8736246068458324,-0.7449212015762207,0.926649140430537,-0.7369973365131849,0.9747462398207644,-0.728758918357702,1.011972277479885,-0.8495453705431101,0.9591148704363432,-0.8178483190325014,1.022135330409338,-0.7823661367080463,1.0612574946445612,-0.7488294183827634,1.0914423072053288,-0.8504274868241037,0.9627686244644843,-0.8193160614359798,1.022369307566966,-0.7826275761733166,1.0618797811246232,-0.7445320743707977,1.0939381701731643,-0.8393923243971076,0.964156014650693,-0.8123618748765548,1.020037692405613,-0.7813281201043674,1.0562433785502654,-0.7486271565296353,1.0876278238242032,-0.8254388369503964,0.9642271833691787,-0.8106759150283024,1.0121178135109454,-0.7885670559152408,1.042599935392308,-0.7635499784240728,1.069170176702528
-0.02821970705800229,-0.263830083996489,0.030929933860766843,-0.3072092022641904,0.06866121285979192,-0.30683839972871274,0.10279077134695389,-0.3059330063847509,-0.07617596778309009,-0.3033587075767894,-0.11049817483852196,-0.3010995615185489,-0.14181224581991764,-0.2983826463507882,0.15256301549836374,-0.28046606182629313,-0.17768174224592675,-0.27305280463306514,0.049545181777791276,-0.21696193735124858,-0.08677206867345137,-0.21657915210100426,0.49999895125694205,0.0010240810310214229,-0.49999895125694205,-0.0010240810310214229,0.6439488486188457,0.39547615815637527,-0.6634744942079567,0.39508271343593976,0.735248803099921,0.7538776865544266,-0.7950074094082208,0.7663155974550099,0.783112262552158,0.876618471748671,-0.8564679738751826,0.8777619020890398,0.7095543647522653,0.8781409381463203,-0.7831132077503073,0.8836872442707553,0.662605169691817,0.8447395985726676,-0.7453099648012709,0.849227309036738,0.7349289824170039,0.750278314282012,0.670659289050008,0.7862498359027249,0.6547973174150983,0.8391915281221319,0.6467249815107549,0.8859813092830704,0.6411357670720049,0.9236182077155818,0.7662062765976773,0.8709708639006261,0.7570627734087437,0.9401102459410113,0.7408285655571769,0.9793051913475342,0.7276186480752904,1.009385040009618,0.7703055150445456,0.8717273187162615,0.7581691708061754,0.9345848176754334,0.7279087379800535,0.97258516728467,0.697987717216673,1.0009037774168223,0.7571031591478546,0.8683992115818154,0.7305274524165345,0.9176062665277613,0.7043277626944693,0.9435645023916509,0.6815390353122956,0.9623614856403492,0.7366537112583561,0.8633355956730716,0.7002125418061654,0.8949193853087485,0.669505631745106,0.9104382506625178,0.6464259551871248,0.9199093001977545,-0.8054784433979949,0.7740380527973694,-0.7612110332687243,0.8078816501135744,-0.7570159431367958,0.8575399314597507,-0.7583414976142329,0.902156945027791,-0.7556673172318026,0.9387627418816722,-0.8666743953466752,0.8839580683271986,-0.8381121398866177,0.9465015172404623,-0.8019177530785265,0.9833925468139418,-0.7684007259557316,1.0100463682429959,-0.8587118313183197,0.8863672556175782,-0.8257342115939698,0.9428367178751502,-0.7875695592434421,0.9796642317090078,-0.7471473011130589,1.0074326661521207,-0.8405886879287177,0.8865567736462185,-0.8087798916432125,0.9379073377772277,-0.7748188791715104,0.9702256751794575,-0.7414068979339564,0.9988930337708299,-0.8201526446675196,0.8863975432156387,-0.7953366391090798,0.9293462394283794,-0.7688638300853883,0.95542386135841,-0.7426433460040358,0.9788364687134729
-0.028433919777379166,-0.23948959765041578,0.030521700006037183,-0.2789868798240108,0.06821182614265464,-0.27867838879238827,0.10228229744013252,-0.277891382304909,-0.07659008115913099,-0.2754873720029972,-0.11092004377235284,-0.2734409946720757,-0.14223245383167601,-0.2709653775442281,0.15194766443588814,-0.2548062375442795,-0.17839139229709888,-0.2479466245465811,0.04923804782540464,-0.1968668881330348,-0.08716113224779772,-0.19652235967920925,0.49999953655703716,0.0006807662947509675,-0.49999953655703716,-0.0006807662947509675,0.6450167134579526,0.361332590137171,-0.6632206904364712,0.36034533860424106,0.7347703116419817,0.6883923214234577,-0.7951532624631075,0.7020346586701839,0.7858954246230619,0.799232065956986,-0.8650659073471926,0.8032876465803414,0.7072762536106242,0.800989007293999,-0.7943973287112366,0.8091358716640055,0.659192736058495,0.7708083682267061,-0.7532679980994886,0.776240190591483,0.736473405869801,0.685910486335935,0.6707470548693943,0.7174592102513122,0.6582742982314931,0.7664485755977412,0.6537075258501103,0.8097166157257032,0.6436275504843891,0.8447530132807769,0.7693460267852035,0.7953524602784141,0.7583357638897759,0.8586678709967042,0.7430968744770953,0.8941236131010488,0.7312298265556931,0.9214302176028177,0.7827722551537544,0.7973930208083492,0.7673861889987887,0.8570962649738779,0.7386025741905136,0.8916824287606494,0.7102149798813155,0.9168263867715506,0.7764577374908836,0.7964893440022351,0.756877048313382,0.8473541262184111,0.7345583908718768,0.8788864026275509,0.7132351084575412,0.9028280880483704,0.7606069569081193,0.7938850217950911,0.7330770062990051,0.8280586607302997,0.7056030412417985,0.8483564880619493,0.6818072925979666,0.8629073160190542,-0.814624985896175,0.7095673490877662,-0.7768832963793112,0.7400155610004326,-0.7715208336348102,0.7843045499911768,-0.7707124348948784,0.8260275942893308,-0.7682031744798108,0.8596390761820855,-0.8840638573406113,0.8057629294092817,-0.855769085702598,0.8639420379968157,-0.8193770172165776,0.8979632366303121,-0.7870056473123124,0.9219098696749591,-0.8738192312144865,0.8086722659394127,-0.8430641006519138,0.8609875042544226,-0.8077101262299865,0.8945840095561318,-0.7712467877929181,0.91967167163105,-0.8521688368983219,0.8091706387503608,-0.8197435851937159,0.854856328575651,-0.7873918359928417,0.8829808956437117,-0.7569621429175853,0.9074281747318762,-0.8279340052488454,0.8086241268967668,-0.8002959905031117,0.8461494466761971,-0.7719359596328131,0.8678859627851451,-0.7446402982543436,0.8870030463763408
