pose_0_x,pose_0_y,pose_1_x,pose_1_y,pose_2_x,pose_2_y,pose_3_x,pose_3_y,pose_4_x,pose_4_y,pose_5_x,pose_5_y,pose_6_x,pose_6_y,pose_7_x,pose_7_y,pose_8_x,pose_8_y,pose_9_x,pose_9_y,pose_10_x,pose_10_y,pose_11_x,pose_11_y,pose_12_x,pose_12_y,pose_13_x,pose_13_y,pose_15_x,pose_15_y,pose_17_x,pose_17_y,pose_19_x,pose_19_y,pose_21_x,pose_21_y,pose_14_x,pose_14_y,pose_16_x,pose_16_y,pose_18_x,pose_18_y,pose_20_x,pose_20_y,pose_22_x,pose_22_y,right_hand_0_x,right_hand_0_y,right_hand_1_x,right_hand_1_y,right_hand_2_x,right_hand_2_y,right_hand_3_x,right_hand_3_y,right_hand_4_x,right_hand_4_y,right_hand_5_x,right_hand_5_y,right_hand_6_x,right_hand_6_y,right_hand_7_x,right_hand_7_y,right_hand_8_x,right_hand_8_y,right_hand_9_x,right_hand_9_y,right_hand_10_x,right_hand_10_y,right_hand_11_x,right_hand_11_y,right_hand_12_x,right_hand_12_y,right_hand_13_x,right_hand_13_y,right_hand_14_x,right_hand_14_y,right_hand_15_x,right_hand_15_y,right_hand_16_x,right_hand_16_y,right_hand_17_x,right_hand_17_y,right_hand_18_x,right_hand_18_y,right_hand_19_x,right_hand_19_y,right_hand_20_x,right_hand_20_y,left_hand_0_x,left_hand_0_y,left_hand_1_x,left_hand_1_y,left_hand_2_x,left_hand_2_y,left_hand_3_x,left_hand_3_y,left_hand_4_x,left_hand_4_y,left_hand_5_x,left_hand_5_y,left_hand_6_x,left_hand_6_y,left_hand_7_x,left_hand_7_y,left_hand_8_x,left_hand_8_y,left_hand_9_x,left_hand_9_y,left_hand_10_x,left_hand_10_y,left_hand_11_x,left_hand_11_y,left_hand_12_x,left_hand_12_y,left_hand_13_x,left_hand_13_y,left_hand_14_x,left_hand_14_y,left_hand_15_x,left_hand_15_y,left_hand_16_x,left_hand_16_y,left_hand_17_x,left_hand_17_y,left_hand_18_x,left_hand_18_y,left_hand_19_x,left_hand_19_y,left_hand_20_x,left_hand_20_y
-0.049650316960404735,-0.3558615016727572,0.0301286015702288,-0.4104100002020489,0.07516063657318066,-0.4053640629709747,0.10715912967612895,-0.4005006597267751,-0.11334302556774248,-0.4199357696911472,-0.1559989648820564,-0.42092594492342916,-0.19960811700985295,-0.4222280457504046,0.17312802782193412,-0.36207420477873703,-0.2320231539887657,-0.39244425252271686,0.040267841824060305,-0.2739577849570437,-0.13354212379245747,-0.2866654207317131,0.4971863816235622,0.05296887697572587,-0.4971863816235622,-0.05296887697572587,0.5526645242373577,0.5690734397397448,-0.7178250711716438,0.41189830052539894,0.5522376780168492,0.9696376442901027,-0.8367038683618668,0.8472805166020474,0.5651348870286158,1.1330358600067185,-0.886145184450145,0.9949479410942892,0.5175166625092846,1.1375808610253177,-0.8246376601760776,0.9932974823516527,0.4959859705279743,1.0820776867238733,-0.7928154684959835,0.9510218257528412,,,,,,,,,,,,,,,,,,,,,,,,,,,,,,,,,,,,,,,,,,,0.5705463357871945,1.0602653906281019,0.5708937580807855,1.1010480970739582,0.5515952989631415,1.1531599282121658,0.5265651688847547,1.1862275492590477,0.5007897968975182,1.2105751414703236,0.5561413273487908,1.1851562136830542,0.5136938902991894,1.2313745911195986,0.4863904552310189,1.2623204192119388,0.46837647957541984,1.2877360375372127,0.5586772506914529,1.1903937895356682,0.5233048919904651,1.2351307107376377,0.49884643796902617,1.2655250137647438,0.4808961109501854,1.2928885647764847,0.5482527919806158,1.1910303892232754,0.5165909260551061,1.237381446689816,0.4937968812578653,1.2660271695078784,0.4793703481743891,1.2916316805590733,0.524458712872816,1.1881097775224925,0.4961333165740418,1.2299490051986963,0.4763022353857522,1.254597334132117,0.4605374288611783,1.2752959126673395
-0.11215219004797063,-0.342451315597199,-0.04354946394392213,-0.40959708748277074,0.002162042743927796,-0.4123125589833674,0.03587120901151406,-0.4130178559708897,-0.18403950669817778,-0.39478448943581684,-0.2260583346476119,-0.3886162170429052,-0.26742172610108933,-0.3826293208799844,0.1066538196958609,-0.3859068088678829,-0.2946482986492816,-0.3479183924744352,-0.012244641856633365,-0.2772318673477176,-0.18250867641565965,-0.2609249023320317,0.49882086242335166,-0.03431832180080492,-0.49882086242335166,0.03431832180080492,0.6490999073734341,0.4622968620475815,-0.6298115147246077,0.5255781177221206,0.7080237271885841,0.8566809014568688,-0.679246126179662,0.9725013051387938,0.7546242274707495,1.0108692904396752,-0.7031981903912311,1.1233518349373746,0.7030877358206332,1.0195114130489638,-0.6452755433822491,1.1120979589134419,0.6696554538623424,0.971611821472501,-0.6214143715637314,1.066144181895481,0.7372286540771714,0.9564608363061663,0.6841636867175243,0.9968236420158085,0.6624550450116351,1.0601433253439798,0.6585657301851179,1.102632179669409,0.661230444001744,1.1342232464065338,0.6955321103964702,1.0862204422640054,0.6634831430469231,1.1502449724608788,0.6408316328671577,1.1911188316404042,0.6253743091042024,1.2213776891301995,0.7330956942459135,1.084784939698194,0.6965236416759168,1.1495180891705947,0.6673513578675829,1.1897093428715322,0.6437085442889751,1.2203376448427083,0.7557381440378438,1.0802435323306374,0.7164876112688295,1.1429238304214364,0.687037865578549,1.1811193309636863,0.6651927915917575,1.2108434520504014,0.7648949060417567,1.0748273105962478,0.7332595975059603,1.1267009621041097,0.7081619792072215,1.1586756424247633,0.6886635668587593,1.1831975176993355,-0.7093049652524506,0.9681181991564044,-0.6150507017966356,1.004931373385178,-0.583737248366632,1.0691728162942622,-0.5737004132406075,1.1338965204563114,-0.5597775095702837,1.1851162314678159,-0.7174030605504907,1.101733901263957,-0.6570388213064956,1.178003174135176,-0.6031080894671147,1.2027424534910538,-0.5573956535326988,1.2135934333742195,-0.7715975652347878,1.110446158729602,-0.7026144608253972,1.1932811286390665,-0.6414114814672857,1.2289153168032434,-0.5860214682419117,1.2483767624808377,-0.794579163028398,1.111846872495762,-0.735285620848142,1.1934665471568953,-0.6786037313291753,1.229961211128215,-0.624431076562131,1.25131676786207,-0.7933385478513711,1.11018977617928,-0.7661068452006374,1.175810836997468,-0.7385705995430213,1.212341465706287,-0.7105576044058127,1.2392059182957695
-0.04983501642519519,-0.35710135683579014,0.0291809796871708,-0.41056482153339735,0.074938072270185,-0.4048716837398559,0.10929191210280664,-0.3992835659193559,-0.1097577250407135,-0.421488068979434,-0.15202200549227887,-0.4232088743387903,-0.192376102970529,-0.4247178379242219,0.17342524691034408,-0.35954195958876356,-0.22570293579619302,-0.3956534897223898,0.034863469054153294,-0.2752201219259882,-0.1332457496894377,-0.29071685785423046,0.4968467147454658,0.05606551566370962,-0.4968467147454658,-0.05606551566370962,0.5624839062667765,0.5704517722607183,-0.7103727814898658,0.4013919646019972,0.5431415142166256,0.9678724531574947,-0.8434421529840959,0.8302362278183871,0.561401105011466,1.1229643389619164,-0.8944150706618126,0.9717356350107944,0.5078479800558827,1.1196203614001918,-0.8371732186614294,0.9715224969242724,0.48193348416713144,1.0684293178512128,-0.8055569676711068,0.9315189195056791,0.5494598723440756,1.0674968391026325,0.4843598755652584,1.0930658222968082,0.4503179114482503,1.1519273103070682,0.43773110920394986,1.1951022595540313,0.43521280179211264,1.2278668989114507,0.47728355965641367,1.1910489504224149,0.4327541443293713,1.2520819105038903,0.40313042393283244,1.2859471105412585,0.38479386697256895,1.3110631189829494,0.5203045937527431,1.197457710882775,0.46856002650062756,1.2571732020327184,0.4313933110449239,1.2868646122583278,0.4031413288488005,1.308651923588198,0.5470107515640161,1.195799861861382,0.49586440886754685,1.2510854081607654,0.4571435304015135,1.2791660729677272,0.4281715326436451,1.3000742213209975,0.5595184925927763,1.1894099072780133,0.5187246835566869,1.2354380279892974,0.48593542262605877,1.2600672915666487,0.46064789290385155,1.2771501619485155,-0.8687679461536806,0.8143332730389038,-0.7871821861646824,0.8702760836636129,-0.7690708660765686,0.9396491728989852,-0.7704911322315944,1.0059611753658464,-0.7662223585852611,1.0584982407924075,-0.9090829783136385,0.9493064015920525,-0.8547372243593321,1.0340688933125102,-0.8054021990430851,1.0692985342867884,-0.7635520702296763,1.09107612485638,-0.961072105782727,0.9490813756563607,-0.9026212442925036,1.0403164734662491,-0.850927290162136,1.0865845642958887,-0.8030587054282462,1.1172169263106246,-0.980137029762673,0.9469327835370587,-0.93663887018042,1.035058929358656,-0.8917622923238867,1.0820160689628142,-0.8458845119267663,1.1142817410319024,-0.9753694498396385,0.9471001116381914,-0.9644419617086333,1.0143692562307884,-0.9458358093976025,1.0546521145231218,-0.9249893929131775,1.0857840683434878
-0.16417594192675136,-0.3213290678934312,-0.10702749086013273,-0.3975272383143531,-0.06176512330100764,-0.40706735701151736,-0.026568641817248335,-0.41312481728624373,-0.24122961422081787,-0.3627942017621188,-0.2816423381850645,-0.3507238049579073,-0.31915882278049196,-0.33924463924197534,0.04618463363237615,-0.3958963998299375,-0.34164227416059323,-0.30082130165139886,-0.058206159131081465,-0.27140872637548874,-0.2215345679343043,-0.23181019669986402,0.4877360033496413,-0.11006176010094801,-0.48773600334964146,0.11006176010094801,0.7213092365228144,0.35311305894714634,-0.5385821113737155,0.6092378327141694,0.831997294880884,0.7353539573495743,-0.5279755778811188,1.0566110185896564,0.8980854436064089,0.8744136895432928,-0.5318445751200338,1.2027234438713232,0.8460471519476609,0.8878948181988559,-0.4797672541026767,1.1851282956246236,0.8041974769692626,0.8487374173737025,-0.4627713811418758,1.1392337548027158,0.8640966262646513,0.8233227994629466,0.8323721285968794,0.8683907378335058,0.8224847699439463,0.9341819665005925,0.8202699869372756,0.9797874852070847,0.8204448604018774,1.013215074414094,0.8505645431106725,0.964483189303021,0.8244045574249753,1.0342888793789815,0.8070333826522765,1.0762668567969185,0.797058753232456,1.1069306383328952,0.881254631502659,0.9609453987395657,0.851313783803199,1.0315785008474616,0.8272029454521623,1.0730041673878554,0.8078617588209002,1.1062524309864215,0.8964095441207025,0.9553545444808085,0.8679799574910139,1.025491216857637,0.8414304690301058,1.065225502245777,0.8215575075254852,1.0964081879845615,0.8982623753386292,0.9500590311742,0.8736753682671603,1.0080965198072664,0.8507707732208566,1.0436393085009634,0.8312376276016629,1.0711825948421052,-0.5583053689717878,1.043951213479021,-0.46259958665866985,1.0722365477473266,-0.423126655784849,1.1329692232481134,-0.4028142856468274,1.197710472427755,-0.38103534947335227,1.2469505709063577,-0.5586086072894746,1.1849802779534677,-0.4799678327371691,1.25269217192997,-0.4217072513791136,1.2698833378692935,-0.37482781044798713,1.2766842478392648,-0.6081310472764109,1.2013401641413266,-0.5233927855336405,1.2738836744087902,-0.4577344699313037,1.3012885843325324,-0.40116394444367115,1.3141243756390386,-0.6262943939836899,1.2053795782616068,-0.5555254545994225,1.2783281758209681,-0.4973750409474116,1.308853453846972,-0.4434102238286134,1.3239629679493192,-0.6218038160175214,1.2043334989251904,-0.5888743974239713,1.2666444816870304,-0.5568116201088775,1.3001175581819182,-0.5256301876404658,1.3235400889752977
-0.049978127831485766,-0.35821379703390593,0.029831590988893784,-0.4106832291631536,0.07628774242182683,-0.4043625902112586,0.11297617752793568,-0.3980016277870759,-0.10623700802603349,-0.4227839596081824,-0.14813616474900884,-0.4249548298870068,-0.1868394230900321,-0.4266710115482026,0.17555320826560783,-0.3568744406232928,-0.22035710653897164,-0.39793701915811497,0.032455910675346776,-0.275781552238088,-0.13346745818411476,-0.2935259787423831,0.4964816226110728,0.05921147194147698,-0.4964816226110728,-0.05921147194147698,0.5624737339323092,0.5739478156263321,-0.7086439266901752,0.3934024327322394,0.5388731784579868,0.9719480375495518,-0.8520737559129875,0.8126853296594273,0.5544829251957764,1.124157074255439,-0.9058454753948689,0.9459101957036328,0.5002707381348892,1.119394850241214,-0.853751244472516,0.9478475076151084,0.47361801066627546,1.0681862342824509,-0.8218386708614429,0.912600071176072,0.5410575323166762,1.0628609678842125,0.4639576611136828,1.0871007543717541,0.4282843110231164,1.1443531780680154,0.4203776802049146,1.1880433004331676,0.419921915045818,1.2204067414328648,0.4649298960352803,1.1913389797324099,0.42063365579372625,1.2515244625898487,0.3916684806093065,1.2854631208582,0.37384517463749983,1.3108598794708688,0.5093365927948428,1.1991689521056255,0.45668818709843373,1.2581353855417432,0.4178270878578925,1.2881282224351465,0.3879227346470306,1.3112900485674355,0.5359412729544666,1.1980805818036822,0.48398861858405434,1.2544670999678154,0.4440006319191616,1.2830186998104034,0.4142313312061994,1.3044394755525301,0.5463229813702999,1.1918232724828195,0.5018951419342637,1.2382673901471224,0.4662178329772752,1.2639211439903633,0.4383475094511797,1.2817236116759434,-0.8782408746956861,0.7834222173008595,-0.7986340600571769,0.8432807733960493,-0.7796367952502834,0.9149274810071162,-0.780637562162167,0.9851236040316963,-0.7770005390251994,1.040773601107211,-0.9361640906776486,0.9138095907645382,-0.8814614351880243,1.0061472661403514,-0.8309213369435219,1.0474487338916323,-0.7891762599455917,1.0759986829539716,-0.9871251677424676,0.9138968816568348,-0.9245737607216553,1.01205360977899,-0.8728634200047455,1.061480412887613,-0.8264536560730948,1.0963465177550338,-1.0021826785499195,0.9139150443207916,-0.9540157604741404,1.007172061102798,-0.9108119970510096,1.0555997474051628,-0.8669255756756816,1.0897585183074816,-0.9945738801891942,0.9167856974909531,-0.9805432140403614,0.9877651308181093,-0.9611655409710805,1.0302203609427065,-0.9397096565302666,1.0634947322758577
-0.0838264042299742,-0.3519775276068879,-0.009526184799736782,-0.411610110726097,0.037358447359580015,-0.4096545533824988,0.07495366106530063,-0.40671918618834174,-0.1456635501719433,-0.41098463434414123,-0.18750905428301326,-0.4092262993703488,-0.22550350564093613,-0.407273730901947,0.140641540369145,-0.3714526037260606,-0.2561818664636799,-0.3755547946298648,0.0056979851731526815,-0.2777519806705473,-0.16094841657115602,-0.28016223641304977,0.4998587206079353,0.01188526113293458,-0.49985872060793546,-0.01188526113293458,0.6148266949708171,0.5178050732392533,-0.6663294672169388,0.4571503470965406,0.627817077559997,0.9184008944191123,-0.7767567782635546,0.8832034805726362,0.656999761294702,1.0679802583979023,-0.8141993101871268,1.0171263461248226,0.6020441282519854,1.0671727364975612,-0.7631567206418973,1.0130906890148168,0.5706772090258182,1.0192553414152565,-0.7350513791960213,0.976718421862665,0.6374622773186935,1.0033028423205304,0.5947547167074566,1.0400566395094593,0.5674365307291671,1.09957982569692,0.5499843809361467,1.1410562184868434,0.5376754640048332,1.1711539731032514,0.5975109348677534,1.1408893631080594,0.5503326473358667,1.2017995173191265,0.5195650464222623,1.2373799865729675,0.49961148649615694,1.2644596418471008,0.6239409174293151,1.1454445648518916,0.5726524443285685,1.2065076368113572,0.5351603313182616,1.239956978029923,0.5061993362707287,1.2662260638408365,0.6345319507860561,1.143911650897513,0.5857858964772067,1.2053351124199294,0.549043209983708,1.238047191389234,0.522065070657124,1.2630266330765816,0.6310518243534128,1.1392454891086323,0.5914023094071525,1.1906961923075634,0.5593639347048478,1.2202975854535243,0.53290922119055,1.2422052515544215,-0.8000039416265577,0.8441126570839634,-0.7260966949894981,0.8930408063166271,-0.6977452622344467,0.963827115994313,-0.6865083855719885,1.0344474741033598,-0.6813987157732438,1.0882099485193988,-0.8654167313103891,0.9730968296724991,-0.8039938554959614,1.0602729629332268,-0.74624133138891,1.1026755852060413,-0.7016180417158343,1.1319743463043335,-0.9076882177118231,0.9816901399161561,-0.8373477497419606,1.070987723663352,-0.7839704264799988,1.119063235471777,-0.7397497315030683,1.1534024052495153,-0.9144006453461939,0.9871415839908305,-0.8585922450236972,1.070379228392557,-0.8150929086821115,1.1151949816992628,-0.7731114597944935,1.1469975008942883,-0.9014414094373607,0.9918769516282794,-0.8794778304953207,1.059038907306885,-0.8551377592167367,1.0991995614039047,-0.8295617878040445,1.130492644572852
-0.146058532699341,-0.3308032402022003,-0.0838892357363408,-0.40275126452780485,-0.03745857989255989,-0.40928042035030177,0.0006097377710332961,-0.4132427675752043,-0.21726022713165735,-0.37763472090563205,-0.25807384563558405,-0.3683676979080292,-0.29454518356831805,-0.35967088357186,0.07097490906392455,-0.39019043260019914,-0.3189656598672932,-0.3230051291076138,-0.0447440364697483,-0.27407539438049217,-0.20899423884673776,-0.24681556908560234,0.49371248471488144,-0.07904418028329427,-0.49371248471488144,0.07904418028329427,0.6976337449115305,0.3976881352864799,-0.5714156204374463,0.5684788807866851,0.7830460316530159,0.7883606931624273,-0.6097459206299318,0.9993329329292686,0.8383041360638396,0.9305907535355924,-0.618675818522236,1.13225054724266,0.7837674479410195,0.9392420277926334,-0.575935300270599,1.1177662946881533,0.744282450510102,0.8979918036369317,-0.558257291085431,1.0807061245556422,0.8091621151838068,0.8684865054537446,0.7618947880442505,0.9122774937136896,0.7416383706271387,0.9759631549953375,0.7342526268063709,1.0200594368953775,0.7315954537911279,1.0517348074547592,0.7839609022172866,1.014310206627405,0.75104195272583,1.0824661389771415,0.7288978148987593,1.1234293879056627,0.7154584767133543,1.154020169798565,0.8174102607354455,1.012728414804443,0.7800016683810963,1.0806950070935413,0.7511970708848827,1.1202843271982872,0.7288113582542952,1.1518416173046067,0.833705409633287,1.007579356324492,0.7985290557924344,1.0750535516801885,0.7692471018960287,1.1138558670841743,0.7476887445646967,1.1438648471142,0.8345323510728999,1.0016635351364858,0.8048686463506618,1.0588729904956318,0.7785221951753648,1.0941759414231722,0.7565468527102797,1.1209558447076304,-0.6385742071509697,0.9536897113654864,-0.5703574715821105,0.9834253431260183,-0.5281954701276088,1.0450464046065122,-0.49780847882919105,1.11225693904206,-0.4815867326250685,1.165906141637531,-0.7020615179366648,1.0888616875267032,-0.6235986273557108,1.1607412321919193,-0.560913975679519,1.198318746291146,-0.5136728976077537,1.226769674549335,-0.7311782451002307,1.1093199669508442,-0.6467229617894722,1.1783672762248822,-0.5834501296218302,1.2167413675018885,-0.5332148734318208,1.2438807512739491,-0.7284077811197014,1.1188622962442667,-0.6593253323212782,1.1827659372959094,-0.6068928631703483,1.2181887548031938,-0.5602893350306232,1.2433738794455165,-0.7097944471769073,1.122188188245287,-0.6728486818276083,1.1774799800784235,-0.6354717063712798,1.2102950172075948,-0.6011930356992471,1.2351507848058254
-0.11017316996485989,-0.3442247821488589,-0.040884416415683446,-0.4089333668033008,0.005977268477688018,-0.41047798979180633,0.0445119464798557,-0.4104107149488368,-0.17584951082590713,-0.3984768155912673,-0.21740812172679558,-0.3936949240173258,-0.2541995231492916,-0.38898865835755947,0.11180265983858742,-0.3798181882183056,-0.2823441136928854,-0.355160113266265,-0.015664918800831866,-0.2772168894407529,-0.1817323376095662,-0.26785762156871407,0.4992990245635538,-0.02646665959058269,-0.49929902456355363,0.02646665959058269,0.6504134702513897,0.46918160241868795,-0.6272115358551529,0.5025242827023001,0.6943678945681017,0.867329970630975,-0.7159654707665623,0.9115155419192034,0.7338073870070484,1.015211957889498,-0.7380721263391655,1.037813517842887,0.6784799436038523,1.0171149646940323,-0.7032388683640557,1.027971548334898,0.6435240545819421,0.9727113219638205,-0.6833352756188606,0.9954035255393958,0.7094909418668264,0.9497175211401355,0.6866871998572612,0.9937749521299191,0.6641082402004065,1.0554283112320104,0.6419864263290795,1.0966290824343592,0.6239404637878752,1.127035347489258,0.6843275127793378,1.0893391376070334,0.6392700530309152,1.1531725237297556,0.6103773291900189,1.1917551089720406,0.5911254450171766,1.221022069395853,0.7043704550641728,1.0925681011019874,0.6585508324136872,1.1556762082899077,0.626137596898659,1.1919887358421366,0.6003679724660564,1.221251940620926,0.7100414220554102,1.0913131307507973,0.6694706139597835,1.1552167085835212,0.6379334627831302,1.1905174255739144,0.6140207407327514,1.2187258374022731,0.7030637536769833,1.0879417423674216,0.6711468942125556,1.1418737293927064,0.6442371243676155,1.1740001202253818,0.6206958042083787,1.1991697686616176,-0.745122154074674,0.8544498303491345,-0.6883354710783788,0.8868591595818346,-0.6529431300528088,0.9479547436729349,-0.6255636409114183,1.0145146137466403,-0.6109074912500227,1.0664517545834307,-0.8315515083747039,0.9704684776345416,-0.7671484788316674,1.0422571006190278,-0.7068241199360088,1.0801262175541988,-0.659629980878323,1.1066849115287194,-0.8575300082818422,0.9927060007188557,-0.7796214985656976,1.062813008691965,-0.719725779732374,1.1062030225868058,-0.6718281021005045,1.1375887048790017,-0.8543649024703854,1.0067783952268734,-0.7870045390146787,1.072081332289459,-0.7385688365962518,1.1125620717296496,-0.6957003703907441,1.1433365436036922,-0.8351563521204673,1.0140767843485237,-0.7980579647071027,1.0691448679745004,-0.7654436691591491,1.1055885912691172,-0.7349587066562665,1.1344467923005839
-0.10919931172782607,-0.3432487771476607,-0.04174334127413199,-0.40740767918218085,0.0050399178505720725,-0.40907457865304964,0.04371719981181101,-0.40921682610175253,-0.17552226328112633,-0.397221413654677,-0.21697733660532845,-0.39251484336377684,-0.2536713546259502,-0.38777192784905185,0.11079414350350138,-0.379007592918808,-0.28248198905250255,-0.35382686699342264,-0.015743569504702515,-0.2767540877669037,-0.18089799503076257,-0.26742700534057773,0.49925430113138025,-0.027297303929456253,-0.49925430113138025,0.027297303929456253,0.6511672795593881,0.4649640792653605,-0.6195534619773176,0.48028008514545134,0.6963333538323299,0.8655889517275168,-0.7222914565092542,0.8260235360070729,0.7348976929235247,1.013384494989993,-0.7477849254708963,0.9446876246873078,0.6791693158397663,1.0153302335235974,-0.7355349615342357,0.931662644032551,0.6442699338334734,0.9711357490658021,-0.7136147283406638,0.8952265156935698,0.7114731683425004,0.9516098367574791,0.6792961084568382,0.9948460939460162,0.6537662011402837,1.0577938479112705,0.6350216387792336,1.1001938849265969,0.6229307752646882,1.13159756370976,0.6770721845673003,1.0903719847940225,0.6362829824765028,1.1552190891887777,0.6103451740774627,1.1933873556277914,0.5934059250796158,1.2222513549786407,0.7032198969429038,1.0921977896744848,0.6576517836224663,1.1564708107919601,0.6248092818666342,1.1923339833085107,0.5987426579583918,1.2210415015828373,0.7139435679522488,1.089922038891949,0.6727994369273812,1.155335932394598,0.6404271789673684,1.19065401900738,0.6162843128083834,1.2185652101602393,0.7109767540693358,1.0861278983364542,0.6776713656573717,1.1410224214618392,0.6492677674644717,1.1732185999614082,0.6254925870627653,1.1980609354700233,-0.7437689420473302,0.8040768525917625,-0.695872936638886,0.8204432029937404,-0.6756568757997463,0.8721537848526802,-0.6631629085626587,0.9259562736107648,-0.6591372746788392,0.9671707170387894,-0.8576770032226249,0.9056356715072011,-0.7813295524220026,0.9635839337241618,-0.7146234477986809,0.9912920887917562,-0.6728878474523687,1.0104497138032507,-0.8718108571231215,0.9287559703021773,-0.7909056620123227,0.9820664943657881,-0.7265069062675852,1.0086893744048833,-0.6847533456502327,1.0262629343147587,-0.8636431072644252,0.9446528641692249,-0.7914331650779742,0.9973675463880626,-0.7355888938521293,1.0219753604502955,-0.6971535164934769,1.0397232361589401,-0.8413849806852132,0.9533893119078817,-0.7904671070162461,0.9986102507623186,-0.7487686032292756,1.0230801530199483,-0.7175161345874471,1.0408813709423534
-0.1028969959144617,-0.343937153111547,-0.035004867918030314,-0.4066280190034118,0.011475769385020557,-0.40754297465507977,0.050551138220136384,-0.4072142895376748,-0.1684250434099284,-0.39920416203035464,-0.2098953323999746,-0.3953317555869518,-0.24642732603642717,-0.3912851637803402,0.11678806423787587,-0.37606626612536137,-0.2759960829914979,-0.35753556874098896,-0.011091315595387365,-0.27630401053617276,-0.17589129286850963,-0.2703753721803465,0.4996506012656929,-0.018688944722256275,-0.4996506012656929,0.018688944722256275,0.641412779463444,0.47556960390493574,-0.6221973278714866,0.45866668305225455,0.6793737150291201,0.8789263320381054,-0.7456560527315373,0.7652086696678208,0.7153103544453726,1.027412773535077,-0.7668002003439047,0.8769193829312282,0.6592764450780766,1.0291090084759076,-0.7614778736498521,0.8577348390185904,0.6251846568346952,0.9849586712652416,-0.7400025398765027,0.8197578018561321,0.6888497376682525,0.9618981464731198,0.6845711393096803,1.0077344447689092,0.6648197533966849,1.0695106144084106,0.6402162908798438,1.110473264111537,0.6184044595314914,1.1406828558270155,0.6743015096400107,1.0989770469676237,0.6281860712650157,1.1618865600432802,0.5982760919590903,1.199281278241617,0.5776040543264123,1.2278995681774993,0.6845161757786825,1.1021414399347558,0.6364693862294343,1.1643395478772924,0.6034999977981141,1.2002099600344536,0.5774639108757902,1.2295012496421265,0.6815912522738311,1.1012596176728877,0.6412428994079331,1.1652943197435957,0.6108705512953561,1.1998323889682574,0.588050855746159,1.2273614195177214,0.6674504260634181,1.0986477644867483,0.6394075002675466,1.1523109596045449,0.6161352846067855,1.1836944782193213,0.5956195662227797,1.2083129587478556,,,,,,,,,,,,,,,,,,,,,,,,,,,,,,,,,,,,,,,,,,
-0.03183244463413407,-0.35725015832554624,0.04679721828507256,-0.4049658882166486,0.09229645465506413,-0.3965927969670158,0.1309846275429373,-0.38845885825108517,-0.08491660830292737,-0.42464453158004584,-0.12629660338372423,-0.42921560369781825,-0.16279362929850177,-0.43259475542651077,0.18951053852453068,-0.3447427929261188,-0.19862783087057562,-0.40527868985536175,0.044478302153358525,-0.27273705093609585,-0.11799864757880267,-0.3003425030737696,0.4933013040189072,0.08157097187876151,-0.4933013040189072,-0.08157097187876151,0.5314629066479838,0.5944300837816318,-0.6970032419894884,0.32082371336546067,0.48778858251055696,0.9995784126792955,-0.8867444123875483,0.5928484771473821,0.49377488265895175,1.1524316722370427,-0.9263436109570258,0.6990811113577525,0.43759985087488934,1.142783792575034,-0.9196507860559102,0.6791149540641321,0.4126119909037384,1.0928664815560738,-0.8916712933130498,0.6455812651947663,0.48667914643267174,1.0784931910553517,0.4336908414892969,1.1098244141118494,0.39656824629278653,1.1654506127321862,0.377582608846271,1.2049555772538556,0.36481196459541193,1.234549785364707,0.4152140805574936,1.2054854457031496,0.36336373290080426,1.2605557600065869,0.3308414326344948,1.2919527950507228,0.30915721245230804,1.3166954693436943,0.44738244510680936,1.214227983919159,0.3886513097669847,1.2672236975525955,0.3491379769549287,1.29620548190977,0.31792342675653285,1.319608758658249,0.46497586674264757,1.2149922097810095,0.4088563844625598,1.2687776299817421,0.36867986812715314,1.2962179708018822,0.33827593083441376,1.318010475197047,0.46908935462666207,1.210686871479058,0.4230731377888727,1.2558736877344778,0.38821235679914373,1.280264112075922,0.35967460907023263,1.2982568191433954,,,,,,,,,,,,,,,,,,,,,,,,,,,,,,,,,,,,,,,,,,
-0.06951288110726345,-0.3527830545160212,0.002975696678319237,-0.4083622111733397,0.0488354729530948,-0.4049137231071214,0.08856088635260746,-0.40099948557720844,-0.12946576539248225,-0.4139755352770751,-0.17102823181140678,-0.41411759321641134,-0.20754961154413273,-0.4135614844079269,0.15112666593137328,-0.36389099499850597,-0.24026555618044118,-0.3822965856666585,0.015120239271530004,-0.27689991291558147,-0.14901033339250572,-0.2872304011743531,0.4992425900999664,0.027510656667498246,-0.4992425900999664,-0.027510656667498246,0.591464034719799,0.5335917134887967,-0.6583803393272321,0.39246029086796513,0.5905574309515201,0.9410574059804601,-0.8215335895298033,0.6345507127118852,0.6119716070746033,1.0937759454015683,-0.8435993731635796,0.7318754080140737,0.554754092041746,1.090819953955619,-0.8389629927444238,0.7037293478113117,0.5246337508092058,1.0431330287673544,-0.8146173175977505,0.6725281517984812,,,,,,,,,,,,,,,,,,,,,,,,,,,,,,,,,,,,,,,,,,,0.5884264444743574,1.0189019755312159,0.6023054355800205,1.0687724666880283,0.5820516361688439,1.1278877452894902,0.550924604661989,1.1635799278951364,0.5184221911867211,1.1884122494428249,0.5864921124814326,1.157555203927847,0.5329646611121791,1.2144548450699886,0.49799979688432516,1.248208419145361,0.4721084336924115,1.2736674476105416,0.5788077001462274,1.1599843040375595,0.5255876384645575,1.2162724589185865,0.48936417143701033,1.2484064564886277,0.4604671835735707,1.2752932188600021,0.5593618870703573,1.1572045724599724,0.5161549800057993,1.2176681488594936,0.48526991148811255,1.2496001348099932,0.46298405055186226,1.2756472611036012,0.5291180516508891,1.151280216659201,0.5018669529988871,1.203745636888223,0.4818556642442046,1.233881778759692,0.46594389982409085,1.257642749327711
-0.0753617284508441,-0.35271969690278154,-0.0050307431070541996,-0.40929873643352305,0.040194012949619475,-0.40656934460253485,0.08065552172591742,-0.40333980638604544,-0.13546656441407823,-0.41300672270368677,-0.17679597997006016,-0.41256846151941623,-0.21320706389571853,-0.4114884460856351,0.14390275503964467,-0.36723126762356106,-0.24546608601705314,-0.37956291608056586,0.00894348754121295,-0.2780775678001894,-0.1532188246560321,-0.28614814011914674,0.49964552513276683,0.018824165713295923,-0.49964552513276683,-0.018824165713295923,0.6018050591788883,0.525256549198572,-0.6521642622109968,0.41313943025016353,0.6051925111771004,0.9336188169110585,-0.8063399805789577,0.5604338709567672,0.6289934430250932,1.0852220540080264,-0.8390955928847881,0.6000607017150484,0.5710034226438824,1.08339894082867,-0.8405533139315889,0.559854992384069,0.5401398778876356,1.0370393324589464,-0.807237668396869,0.5523779435294113,0.6172663157815974,1.0054496279531815,0.5378477402001428,1.039015140033018,0.5082937986738292,1.1010090257991605,0.5079422231873659,1.1497765171604897,0.5110208926130905,1.186938380937677,0.5458057839647673,1.1413513568577112,0.5029141364693993,1.2025956651690064,0.47665906385861806,1.2383576040306075,0.4615733653058745,1.2666204680603155,0.59023732386282,1.1453820504555787,0.5383286998641343,1.2054535625566043,0.5042236984972199,1.2396399894022339,0.478792409141187,1.2676881816119334,0.6186555514934671,1.1427771333245562,0.5653125984482447,1.2000879912164955,0.5286135348549332,1.2320685106457887,0.5018738937718804,1.257746165565387,0.6318954096200287,1.1366208772700674,0.5883796275014966,1.1844517059831443,0.5573193395895887,1.211506818299409,0.5340536334444793,1.2312118674968757,,,,,,,,,,,,,,,,,,,,,,,,,,,,,,,,,,,,,,,,,,
-0.06872453907929098,-0.3562499477545209,0.0016050647742256378,-0.4112035282199643,0.04591294990363335,-0.4075138999401527,0.08701636034695548,-0.4035506544603505,-0.1263509172428834,-0.4178075728450808,-0.1672852103217188,-0.4182960807320915,-0.20336129208931167,-0.41804682764482975,0.14943504252860684,-0.36612201214784906,-0.23630050932423455,-0.3868634287825577,0.012133741694647144,-0.28019264854608816,-0.1470254195903922,-0.2920290562120732,0.49908718005750935,0.030199117573916464,-0.49908718005750935,-0.030199117573916464,0.5922074201126494,0.5423228793340379,-0.7015542224637672,0.40634003584295253,0.5851387289695548,0.9507186715118228,-0.8028960788015508,0.4637756550057583,0.6081699507159544,1.1014077532278383,-0.8310492400629386,0.48012366847249843,0.5481309711620251,1.09950945753242,-0.8223076801041096,0.42959913919501375,0.5175971266120052,1.05260987057797,-0.793281539662798,0.4286891105812252,0.588248670809442,1.0169217872989806,0.5069890108422653,1.0470493194574793,0.4790784469601298,1.108583847487935,0.4785186129477777,1.1600166137962762,0.47906050439123415,1.198677461363988,0.5164729472106699,1.1492354407403749,0.47107463990342147,1.2101008906470492,0.44502251916232943,1.2447548770612136,0.4322736399730322,1.2727434356799725,0.5632048252728347,1.1564424097976738,0.5074014537764682,1.216426068794136,0.4721748777467942,1.2492182602395512,0.4463276726495915,1.2760138779561356,0.595525327927846,1.1559593731039566,0.5392878656607929,1.212007444715194,0.5005179197159388,1.2416007689032864,0.4718097970732133,1.2652686301058576,0.6136409369999782,1.1512108546683628,0.5664673623769596,1.197427944789183,0.5335174371495811,1.2231271161709862,0.5074932792073421,1.2422108259655769,,,,,,,,,,,,,,,,,,,,,,,,,,,,,,,,,,,,,,,,,,
-0.037407560130934096,-0.36198550900063386,0.036266811466537874,-0.41039426843223825,0.07944417356543242,-0.4027671408017147,0.120908907684429,-0.395064463333099,-0.08816438627528202,-0.42839977551074915,-0.12817985901813164,-0.4325727291605846,-0.16370796183908395,-0.43559359263568476,0.18058751001218418,-0.3520180547803487,-0.1991645948640273,-0.40773386131480055,0.035462897989435936,-0.279248028725264,-0.11959084035063566,-0.30546147694625947,0.49414799023532446,0.07627426660669748,-0.49414799023532463,-0.07627426660669748,0.5406882271301465,0.5969081542368041,-0.7348680677086001,0.3390585334443567,0.4965746776889792,1.001722135379073,-0.8353575660049943,0.3222558532840706,0.5072719114962563,1.1539569771562397,-0.8643077108921888,0.332855993747692,0.4461257797502312,1.146179379832607,-0.846095380753215,0.2769947435821945,0.41978659585395706,1.0965394617108126,-0.8161386364644699,0.27958340895275235,0.493135974572157,1.0652205449976617,0.4091294654520625,1.0877636458646627,0.37248449881176404,1.1445014163887348,0.3659527783837012,1.1928199728120492,0.3632533206149765,1.2291998664482613,0.4065707299076392,1.1886971660883208,0.35781831005248926,1.2460528055789188,0.3278979155192489,1.2795194499606868,0.3110835237765679,1.3062195444661866,0.45025732027453796,1.2004808296051424,0.392481582951752,1.2561228284967145,0.35443573596573846,1.2868847390657643,0.32561847362531415,1.311800041493011,0.480971390286403,1.204093476636557,0.4206336804578214,1.2565675662370235,0.37908067383927463,1.284259468498954,0.3484299388013836,1.3065075264272923,0.4992839081248986,1.2027756067011766,0.4454591037955754,1.2448910963518642,0.4091459231154476,1.2688673959327208,0.3811301947908842,1.28692390893082,,,,,,,,,,,,,,,,,,,,,,,,,,,,,,,,,,,,,,,,,,
-0.11509390288168682,-0.3496543175746028,-0.05534944050206256,-0.41330708771720914,-0.011781125910881495,-0.41534298120160845,0.03123838678620569,-0.4170827936603313,-0.1792518093051618,-0.4037468335212423,-0.2183922081367256,-0.39916071318604296,-0.25316837516373975,-0.394398323587101,0.0990479983536705,-0.38831633752711503,-0.28134739220054306,-0.3599090215203247,-0.027584523626327982,-0.28551722811859404,-0.18205862392597388,-0.2773069381808388,0.4985358248976753,-0.03823651780163047,-0.4985358248976753,0.03823651780163047,0.6587535722944324,0.4597243100921115,-0.622664796843325,0.49446026179668334,0.7048675456626069,0.8674728770317383,-0.7726097865713886,0.366168799466481,0.7484173107297156,1.01333953990653,-0.8321694290411278,0.2707242860852704,0.6858590719332761,1.0203696399272186,-0.8418586105899774,0.21310163622796577,0.6497373751987158,0.9787868180461203,-0.802763069732068,0.23770584216607135,0.7094065678885804,0.9272743698736747,0.6285151852485418,0.9668641349243694,0.6066276429222044,1.0300365641269507,0.6109645185233438,1.0772669684183933,0.6137365416100329,1.111076279652584,0.655139838264172,1.0684155416593464,0.6193354885704003,1.1349338192405936,0.5983523555891309,1.172531513886753,0.589528658675238,1.201531707991316,0.7029846147292285,1.0691034532635653,0.6570510171007224,1.1361680270183714,0.6262592859092645,1.1730297975702408,0.6044037153352323,1.2025337063422952,0.7349001912587135,1.0640339049963554,0.6888257577654155,1.126734600840069,0.6555637247778409,1.1615196446069378,0.6320533045194584,1.1888983920458198,0.7516749539676812,1.0569355478287943,0.7110829189219202,1.1090128282360847,0.6814073712330683,1.13932761290465,0.6578092362948559,1.162042159908152,0.7095525238927137,0.8556964943373733,0.743442396638694,0.9144764948006867,0.7394653392824395,0.9761181063193075,0.7187970262294273,1.0189941614041842,0.6882693266798815,1.0532296620213184,0.754886927518872,0.9872174640096363,0.7366489396380747,1.0418671993735724,0.71643534987778,1.082698796280189,0.6986953234990719,1.1155402168590023,0.7386461890548296,0.9889486146660271,0.7159398315106655,1.0449864783923426,0.6961735350185181,1.0852249248566366,0.6773938070538827,1.1177553597253076,0.7106248086682937,0.9867766963041483,0.693805470819895,1.0449681869749856,0.6802743657880884,1.0853097464265442,0.6681970808042221,1.1155710684569426,0.6718485848514796,0.9809840884040006,0.6633865420925945,1.0316675221741736,0.6515654172324895,1.0649450421410194,0.642133173850384,1.0917817253989714
-0.12715375611927252,-0.348589216878427,-0.0695694534161318,-0.4145375044389119,-0.025861193474171842,-0.4180693718664838,0.017221290936466356,-0.4212492360597688,-0.19305464271533407,-0.4010355287125879,-0.23189062900727211,-0.3953529341191352,-0.2664667037078736,-0.3895282157363349,0.08537546173489743,-0.39464707443759084,-0.29322426128349394,-0.3544314889357981,-0.03831663647822708,-0.28776808943619836,-0.19178451986954737,-0.2744113498978391,0.49671890062164775,-0.05718683209639848,-0.49671890062164775,0.05718683209639848,0.6725912883061452,0.4360347578747798,-0.5941339795577276,0.5092271526236323,0.7332111859466137,0.8541086243262932,-0.7713868471165147,0.34032938224805065,0.7809873693828784,0.9957003754251122,-0.8479478402387274,0.23151830191556672,0.7178720580988696,1.0054158032284344,-0.8625626782992349,0.16496536053244626,0.6806119995108735,0.9662848244555637,-0.8205525904668218,0.19379268907512742,0.7405248110869666,0.9031352915835711,0.6650450957393771,0.946926732825105,0.643611008545636,1.011484327377041,0.6467087318050161,1.0589912117272942,0.650209545518469,1.0929350193723015,0.6877674176913573,1.044438584903744,0.6530178828270259,1.1131983132781516,0.6327025420726994,1.1526906472855134,0.6242887576963168,1.1828841974242266,0.734454683922019,1.0442243562785607,0.6887428115222978,1.1141202380354658,0.6585098613717061,1.152621256245957,0.6367255781545677,1.1830004081379852,0.765233543433282,1.039366092979423,0.7188491703050827,1.1055560900420685,0.6855444743601319,1.1424599204161667,0.6621785334403446,1.1710192506065795,0.7814395441628874,1.0334052357950376,0.7388535956988409,1.0883650269616112,0.708624904048005,1.1205806977735984,0.6849095670555843,1.1449035565585883,,,,,,,,,,,,,,,,,,,,,,,,,,,,,,,,,,,,,,,,,,
-0.11960312213683554,-0.35542299758899487,-0.057535467028102534,-0.4199709438135689,-0.01347536005793523,-0.42179539685705725,0.03083251024828214,-0.4233504808862064,-0.18204196464686742,-0.4114126789307316,-0.2206476019652847,-0.40734823615665244,-0.25469308736532614,-0.4031161217299091,0.09963127068558905,-0.3937967711752917,-0.2815718470181841,-0.3692899931725336,-0.03292456449238256,-0.29154279867619043,-0.18528465242684222,-0.2842718724950318,0.4986405720492344,-0.03684535121846765,-0.4986405720492344,0.03684535121846765,0.6537268261376583,0.46688349858193695,-0.6226473844589718,0.48001960513538827,0.6970948847292097,0.8962908608966864,-0.8148644761091285,0.205594614109765,0.7380630081770451,1.0378722558854483,-0.8987603427243627,0.0675117308203767,0.6736134056549379,1.0447795822495087,-0.9016233887702596,0.008100020648864179,0.6383628169658196,1.0054215537409636,-0.8634616950149452,0.05123390340716546,0.7004502822745272,0.9399567218265699,0.6360782629468377,0.9788059788569808,0.6104790944359416,1.0424280122538925,0.6042288881514137,1.090735866529431,0.6017204094475739,1.1256266832137978,0.6440472805732691,1.079257664931247,0.6026836740112592,1.1452021830806487,0.5781005155421641,1.184116946615408,0.5664636158761865,1.2147428201380213,0.6838554104978651,1.0823795823954172,0.6345680940753917,1.1468739819350493,0.60460348533855,1.1839495570073457,0.5832348304303404,1.2151733581146769,0.7112138715558445,1.0805053928046016,0.66412111605621,1.1433438226099166,0.6310888864696772,1.1789242492640715,0.6079921063664901,1.2078407556479689,0.7269050485576132,1.0764062484279027,0.683532287995652,1.1288863923075343,0.6532153931142889,1.1601666906139885,0.6285861694589701,1.1848302124391719,,,,,,,,,,,,,,,,,,,,,,,,,,,,,,,,,,,,,,,,,,
-0.18387138625314087,-0.32963422988485624,-0.1327970404461022,-0.40482962335193856,-0.08963820068030309,-0.41429830044618665,-0.04551761089076266,-0.4237233330812521,-0.25421996086083976,-0.3747759551024679,-0.2912096564389565,-0.3641663682019816,-0.32348788723153543,-0.35431261195793945,0.02872069574988343,-0.40660889287045254,-0.3431565796263537,-0.31665821267892147,-0.08710500405452917,-0.282093176955258,-0.2348083781256282,-0.2487015543283545,0.48483188460543514,-0.12222128975731734,-0.48483188460543497,0.12222128975731734,0.7243221757304735,0.3495873246167502,-0.5361162075608454,0.5783942820278711,0.8418693432511862,0.769073806502752,-0.7840931625919437,0.3355137047172265,0.9060100333330408,0.9011925302549192,-0.8929172727082901,0.21368766715492768,0.8431270839484373,0.919202185713107,-0.9022215651640918,0.15472414126049527,0.8019111105587409,0.8869039418456773,-0.8578699152627015,0.1926499568528723,0.8500357786761754,0.8103144238184059,0.7840738875697695,0.8605965383083309,0.7686440036934902,0.9282402339334245,0.7745474270565498,0.9758683148292474,0.779748782186215,1.0099669063417653,0.8156241395785757,0.9576061428895671,0.7880354463731278,1.02950087684368,0.771208101201273,1.0716129024487149,0.7659617148443244,1.1032984995070685,0.8604868343442775,0.9525061870967957,0.8242424453213429,1.024448105965808,0.8006734044581514,1.065772043402744,0.7847541409173556,1.0996725191309646,0.8909336413535819,0.9443962586800931,0.8550650361165144,1.0133882881025948,0.827782552572227,1.053923919149389,0.8090041264408353,1.0863473506378885,0.9084146349305076,0.9361496773386059,0.8749319313316046,0.9939432359089639,0.8498472293796784,1.0290506695410213,0.8296128117469509,1.0564768781275289,,,,,,,,,,,,,,,,,,,,,,,,,,,,,,,,,,,,,,,,,,
-0.08968528153928282,-0.36591124496888394,-0.020090231429312554,-0.4256151915250097,0.024313679332184368,-0.4233459700158771,0.069739300063518,-0.4208316372996046,-0.14602074663597867,-0.4289587004696365,-0.18457954037305754,-0.4286676781072642,-0.21816266009600357,-0.42780386861365005,0.1372224656196063,-0.38442015667641655,-0.24663232554610331,-0.3964908466693146,-0.008882723474149064,-0.29465754661179144,-0.16017466040771194,-0.3014900175828348,0.4998447905141393,0.012457343050429146,-0.49984479051413955,-0.012457343050429146,0.6042636108460497,0.5328044818899996,-0.6919523688590263,0.39704865590754757,0.6066080640341786,0.9696561630107761,-0.8450730148146913,0.011100356351647904,0.6326603555284649,1.1150943691588102,-0.9170162541162212,-0.13307207495200607,0.5668402102611015,1.1154697076439326,-0.9089199978806488,-0.18832876646378646,0.5359709930542973,1.0728655180423896,-0.8691968001186108,-0.13385038168358834,0.599296127695805,1.0110990439136431,0.5154392792015029,1.0438910179783571,0.485751239068822,1.1050401414970403,0.48467023797576925,1.1531814357237933,0.48418517019572194,1.1879016563953455,0.5243119792434221,1.1455252778949991,0.48304103747937066,1.2059739608840152,0.4581020376643309,1.2414016786748492,0.4469367313378303,1.2700782107930964,0.572318084987461,1.1518542097749762,0.5216849952460362,1.2105058135166264,0.49041084842413174,1.2426754068462658,0.46865020854457606,1.26940279143634,0.6068929186622043,1.1508614088428502,0.5550991424317604,1.2056623528569625,0.5194382616048333,1.2362547985904369,0.4940180488097118,1.2614879119765412,0.6285789537748352,1.1461056070476325,0.5819514618744704,1.1920039375391094,0.5493579833179396,1.218008874660748,0.5238154435760562,1.2378511248161017,-0.8827341695754511,-0.029949093996149433,-0.9691583207790467,-0.08140557347627453,-1.0112066152306185,-0.1551302016859437,-0.9958838736698613,-0.21599904035420342,-0.9397130652577553,-0.235121165206476,-1.037308743567531,-0.12805646099733145,-1.0066364161891501,-0.21674640100166345,-0.9505002595721422,-0.24454689616446104,-0.9074828102379497,-0.2558487192766788,-0.9687747677811261,-0.1041099715493213,-0.9322005415051753,-0.20668457638328028,-0.8882779659147513,-0.2584967311707492,-0.8564281999044937,-0.29382335760225686,-0.8905019568871237,-0.08369365474778634,-0.8624277818139405,-0.1789253940751789,-0.8349000442656298,-0.23270192087103675,-0.8175202440385172,-0.2705532715048046,-0.8084868830378589,-0.06742940415064734,-0.7941264500470662,-0.14136737151117518,-0.7831539294206564,-0.1811051670976626,-0.7806415850857669,-0.20988781313104346
-0.162353235446169,-0.3381035869466966,-0.1067691965651356,-0.41141360672846167,-0.06273750694069768,-0.4184962816847889,-0.017558696832393892,-0.42566465922066626,-0.2310351330764955,-0.3886297096087382,-0.26873621513770574,-0.3805397813531707,-0.3014123552175953,-0.3727467975436177,0.056398399073347524,-0.40410193976221803,-0.32273484641172356,-0.33537933486047883,-0.06862594508352148,-0.28541266855455455,-0.21810852860042323,-0.26072415230033624,0.49176880655751415,-0.09035176200273154,-0.49176880655751415,0.09035176200273154,0.7013026176292916,0.3985251430607199,-0.6110751423415928,0.5196903849669051,0.7944307512169264,0.8262192285530493,-0.8349852981885506,0.12139926272588157,0.8487847677639109,0.9640249740660043,-0.9297116926822023,-0.004433595208422884,0.7838868943364081,0.9778472117562138,-0.930876373861256,-0.05414024582521719,0.745788333382953,0.9422359807997516,-0.8821019315586538,-0.015762832694284815,0.8009145022424744,0.8697056917955042,0.7246030597367615,0.9174499494977535,0.7033614153448104,0.9845603956824183,0.7085639549650696,1.0339445194754144,0.7109561364104149,1.0699349362102146,0.7525006695625823,1.0150208052596772,0.7207963338252195,1.0825828291393707,0.7008424939154456,1.1238281473421845,0.6930881199766582,1.1553729515420617,0.7996157077383157,1.0126905374037642,0.7595449577411242,1.0801684407697962,0.7322357896193338,1.1199437715489817,0.7131016428294673,1.1526634197049015,0.8315933814450127,1.006139853342107,0.7906143186572371,1.0708511065442068,0.759590996700979,1.1093464053460727,0.7376039993595295,1.1408819868969775,0.8505179141285867,0.9988023907467772,0.8120271052331937,1.0543075276506582,0.7833598179395659,1.088201814811788,0.7596968998744357,1.1147831372294927,-0.8576493543721018,0.1271009690881845,-0.9513776900843459,0.10095332057390932,-1.0060974218051546,0.04168783829684828,-1.0115416550408995,-0.021089090253871644,-0.9894953552837009,-0.0639142641159602,-1.0335808392917212,0.047070574785385524,-1.0400018749426903,-0.04079891721986714,-0.9990120730109338,-0.077409097340347,-0.967536078118169,-0.09133821771015889,-0.965271376690078,0.043405376895766526,-0.9522724687865377,-0.06293635461626665,-0.9296935982319039,-0.12605573784869986,-0.9151395708883767,-0.16989408656454766,-0.8873854482978217,0.04058357834401871,-0.8749372485804968,-0.058192808371776546,-0.8729940093618042,-0.11788659596658611,-0.8710575618542153,-0.16016456347000246,-0.8074488043237388,0.03614585028168179,-0.8065767876121755,-0.03685542693654539,-0.8129324862001205,-0.08114925310776777,-0.817186839025083,-0.11399307477764638
-0.057821518232845696,-0.36971303199372707,0.017417872084935504,-0.42369549784712757,0.06148952559557558,-0.4175901240508412,0.10718147510156698,-0.41125019173400923,-0.10829229695859961,-0.438493984495733,-0.14629773733053403,-0.44192081593734284,-0.179900200620639,-0.4441347167672015,0.17305867874873454,-0.3688535942110597,-0.21009888587069092,-0.41445890773112076,0.017035180510763002,-0.2920575565262273,-0.1323120153892516,-0.31273105701023646,0.49648725808933253,0.05916419994334819,-0.49648725808933253,-0.05916419994334819,0.5512833107154183,0.5882188814376248,-0.7465333371524545,0.30286543671417426,0.5141363417974399,1.0248167054221755,-0.8332005294736278,-0.167865741732538,0.5237736611704735,1.172601713339514,-0.8823278137127852,-0.32175986865910194,0.45746853591301045,1.1665657605286914,-0.8672465556691789,-0.36353056036999726,0.43250449745240865,1.1211931839550886,-0.833285803983174,-0.316355101265647,0.5059960516899502,1.0692002995860297,0.42294230892911167,1.0908782215164623,0.3859287304832561,1.1489243624210084,0.37749218016292246,1.1980433132363923,0.3678798295036263,1.2327249215006626,0.424480561147603,1.1946928061322575,0.37249150483212096,1.248901657848089,0.3379788537437818,1.2810365254125626,0.3185955362431937,1.307300110092875,0.46871756173588586,1.2065641376836482,0.4107504810234869,1.2587645420835833,0.37094101280786107,1.2870006552435378,0.34122564209139994,1.3108815304302552,0.4991831803636953,1.2094264072436811,0.4400084448354843,1.2578044533474668,0.3967979929446247,1.2838484214295196,0.36422817246432865,1.3065303099841084,0.5166833033246228,1.2074112406198878,0.46241990545517286,1.247832643280304,0.42320576071365723,1.2706240075334654,0.39138655105803616,1.2883357648807583,-0.8323493594881168,-0.16201376383095292,-0.915162346967593,-0.21993360886190735,-0.9470331861880829,-0.29226018949319454,-0.9217740993955892,-0.35021203109949556,-0.8850512448061517,-0.38708802851961577,-0.9842982442071272,-0.3015951097438776,-0.9645650423532088,-0.40068284067586213,-0.9103678288047995,-0.4227029939450918,-0.8697041190604161,-0.42338436708616844,-0.910276390973164,-0.2873479405804854,-0.8741953981542748,-0.3925400469249954,-0.8360633311637541,-0.442828911916671,-0.8124901581780037,-0.47631749508663235,-0.833332156784274,-0.2692954761927658,-0.8017248349860072,-0.3659503105321304,-0.7801664751855292,-0.4232174040258952,-0.7691050416439148,-0.4640872007890299,-0.7561225741160872,-0.25032165818536556,-0.7396369717167103,-0.3249422515350877,-0.7320912786606177,-0.369899684730147,-0.7294919169912873,-0.4032334243172721
-0.14531289481220253,-0.34237855717568105,-0.08685938500752392,-0.41353719778714443,-0.042525502936497026,-0.41890542186010954,0.002850893363507246,-0.4242370815842497,-0.21302562991144236,-0.3961930789653566,-0.25120929298645295,-0.3901864235031183,-0.284556238637785,-0.3840836057173962,0.07608915043426248,-0.3996442643606815,-0.30632417001819856,-0.34814304224621667,-0.053081664980161564,-0.28610538720021694,-0.20366208632232424,-0.26902235979062095,0.4955141279906741,-0.06682625952155276,-0.49551412799067396,0.06682625952155276,0.6811219135519866,0.4319521142244065,-0.6516517908316238,0.44875180968163336,0.7539320646195438,0.8650005041975207,-0.8403068044748518,0.017267466853992625,0.7998795855825402,1.005421558160142,-0.9356588262814269,-0.14418990872517404,0.7338326091056449,1.0161652384877644,-0.9307719686209053,-0.1826020802446114,0.6984922706092196,0.9784460791587574,-0.888379834958482,-0.1389688664845528,0.7616921370885592,0.9074048895295941,0.6911719831517305,0.9500270040095499,0.668254813974909,1.015389991954429,0.6687140963181382,1.0653612535608932,0.668555997936955,1.1023528189203684,0.7107192807054437,1.0479567576753828,0.6750644109956742,1.1111445541938063,0.6523299667443376,1.1487544108429242,0.6427157805526467,1.177610076361035,0.7537566716161114,1.0487682256921436,0.712909456640304,1.1104486462733836,0.6858821573727661,1.145631068938648,0.6676678003710282,1.1743760650158843,0.7832121321193579,1.0446765637568423,0.7431914970247906,1.1034192658947959,0.7121829250599736,1.1381823666710318,0.6900521965162482,1.1674811904882438,0.8011943822783756,1.0394258728884993,0.7641540228419339,1.0897663015323047,0.7367031952399263,1.1202386527729957,0.7142014337004396,1.1446857355682831,-0.8154083856311115,0.004487441695644152,-0.9128110448627154,-0.03671167843803654,-0.9608031563219734,-0.10423949553131108,-0.949669488353455,-0.17011920230122526,-0.9235468402887225,-0.21617154093859703,-1.0098253141228992,-0.11165759237807237,-1.024811203219541,-0.2086741579693436,-0.9855052735989045,-0.24560885170497257,-0.9546438860774721,-0.2610453355622529,-0.9371676764922297,-0.11964562395575397,-0.937891209979739,-0.22932256475323032,-0.9184479017140609,-0.2898752851306526,-0.9087266621918082,-0.3317261342463252,-0.8571643249361731,-0.12397446006181681,-0.8598673453306908,-0.22509406053771505,-0.8575811528233332,-0.2880085017720472,-0.8600487538684891,-0.3331072181586973,-0.7724788002914622,-0.12624557390253024,-0.7838612483686939,-0.2046684239687395,-0.7932988114056988,-0.25110789941129447,-0.8035936360191801,-0.28851094064433525
-0.11522966625688488,-0.35177604712547456,-0.053176944766240825,-0.4181391181786612,-0.008158058193455562,-0.42044241545916633,0.036848979355018484,-0.42243372383972827,-0.18059019082842667,-0.40996263592798055,-0.2200228886729878,-0.40692563376397434,-0.2547508837950045,-0.40334042226595984,0.10633523925282293,-0.39243552428511325,-0.279509480239344,-0.36922742147102694,-0.026710414724652142,-0.28887562982623466,-0.18007926849470382,-0.2831213918616372,0.4990974312962046,-0.030029220328379132,-0.4990974312962046,0.030029220328379132,0.6475366300254078,0.4811040577819433,-0.6871062618921634,0.37594552916500096,0.6881782591437512,0.9157530338311922,-0.8218687131715945,-0.08561052778258187,0.7233536325180973,1.0594050023663073,-0.9112097643886655,-0.25124778869529163,0.6568305034284613,1.0655963591095052,-0.9001090253182916,-0.28214102247348694,0.6244001312014396,1.0248203964171139,-0.8607232837545207,-0.2408510054502746,0.6895804148139283,0.9600949176986578,0.6481396871131285,1.000615334893737,0.623412761211181,1.0616504108215052,0.6093135919214157,1.1085325165039872,0.5978617191602037,1.1431683672010167,0.6535540857446985,1.0961789493907321,0.6098148561342156,1.1513764409139893,0.5800603844400027,1.1846819235385637,0.562630433723996,1.2118589527641976,0.678775454644411,1.1003941286969556,0.6372532210958168,1.1533665429258113,0.6082208511625585,1.1838408082983185,0.5857628420157682,1.2101437051217487,0.6932331664592966,1.100148540976684,0.6551617928918746,1.151917626837107,0.6251116743511145,1.1818173166329575,0.6017933411805699,1.2081550144812627,0.6974367069389367,1.0978050631904868,0.6649893329098432,1.1431939716248325,0.6401226972573808,1.1704310298657894,0.6176315857881766,1.193292038414672,-0.8000879631133049,-0.06814814374882429,-0.8974661337363855,-0.12207521680145732,-0.9439341527463512,-0.19792683497032382,-0.9374912786337698,-0.2663664454312851,-0.9160225866953924,-0.31138150208485765,-0.9816086098959205,-0.21069802829238657,-0.9892968095705228,-0.30762187541400754,-0.9443045422218943,-0.33685306448507946,-0.9075044389954404,-0.34559890713686975,-0.9075354056463549,-0.21548179015033997,-0.8957943309385045,-0.3253626572266366,-0.8709794212350903,-0.3830700581130507,-0.8555972611964114,-0.4249261282264277,-0.8260946195155657,-0.21461575536560473,-0.8249262670495454,-0.3151200974203273,-0.8170170595066659,-0.3735149889832046,-0.8166320688733927,-0.4173571604074341,-0.7411406617913026,-0.20970471857087686,-0.7535389368477858,-0.2874779942586534,-0.7604536242074917,-0.33192813519271924,-0.7672182659312188,-0.36789211635833263
-0.16114062401304452,-0.33115839604265546,-0.11136799247012284,-0.4054998664248374,-0.06722018539801296,-0.4146154880373196,-0.023813023027802117,-0.4231398903498707,-0.23605708775504183,-0.3783583194513217,-0.27568957090127816,-0.3693823877192401,-0.31060591836516965,-0.3604898489141823,0.04769085775167975,-0.40338791693535386,-0.33058893810513484,-0.3230953482091829,-0.06344443435545138,-0.2822574824454632,-0.21606642311839447,-0.25360064215443257,0.48914941690664565,-0.10359945916793464,-0.48914941690664565,0.10359945916793464,0.7120730212508537,0.37928659528896835,-0.624667092236142,0.46915619786700646,0.816418893529519,0.8000443495845169,-0.7985590735601001,0.029369517770434277,0.8721321912394604,0.9359458128885416,-0.9094658746668514,-0.12461729840386862,0.8074091238124583,0.9513630114233947,-0.9049589074444211,-0.15388996802875415,0.7690776437092299,0.9151332496584297,-0.8604075876602219,-0.11772094629459356,,,,,,,,,,,,,,,,,,,,,,,,,,,,,,,,,,,,,,,,,,,0.8261848729651142,0.8580376616963996,0.8457866294564019,0.9015386125208533,0.837221291611458,0.9645895798497683,0.8148379382137803,1.0109992647406199,0.790222246601863,1.046456123741505,0.8464628516389204,0.9863107990346353,0.8072442479706883,1.051735089045287,0.7818958831961517,1.0937271999102847,0.7650752967190213,1.1257153462239702,0.8430378335734325,0.990228181482646,0.8095818321055395,1.0518809652516794,0.7854222843824067,1.0917588901858746,0.766525741505659,1.1243423817297304,0.8283794554407257,0.9935296194662223,0.801928769718422,1.0549781363404516,0.7806968051080572,1.0926962278232049,0.764860950338449,1.1241137211611187,0.80315707606034,0.9970085464459172,0.7890446128844104,1.048677649190218,0.7756457409678952,1.080177448344585,0.7624690916077124,1.1062650407949004
-0.16315156099681324,-0.32884177797158504,-0.11541809081022796,-0.4035970792426557,-0.07137758761988901,-0.41348925802011427,-0.02857430455045563,-0.4225793852727518,-0.23964231331258595,-0.3744659568434509,-0.27977623890453324,-0.36481287997666423,-0.31528135605965973,-0.3552485010197699,0.0421695188012841,-0.403628691034842,-0.33500330104701165,-0.31755977987765127,-0.06422147574486041,-0.2815563624937088,-0.21739652268908205,-0.25045836221957485,0.48760090322696803,-0.11065875099713053,-0.48760090322696803,0.11065875099713053,0.7177995915300922,0.3686232860896488,-0.6181893293238022,0.4771210852473747,0.8281531386104751,0.7858023579700006,-0.7853306109159846,0.03882896946379076,0.8856900658042315,0.9206962418776665,-0.8959381990154945,-0.11463258252531501,0.8212491771596048,0.9364916981774709,-0.8924414347455104,-0.14363118808788,0.7822102600936133,0.9003627202513261,-0.8476398246473592,-0.10759139167831576,0.8453360119971849,0.8471239717470818,0.790233775207325,0.8951681952282277,0.7657578348160381,0.9616237919294273,0.7606135544024684,1.0086779072504721,0.7628637029252393,1.0434209920202746,0.8068314515784732,0.9861406630833498,0.7800296635413588,1.0517640455126676,0.7613807237662321,1.0931904144828553,0.7517517532658078,1.1240733153020963,0.8475342154284488,0.9811979789455586,0.8191750774572292,1.0444849478479168,0.7959697574397439,1.083516979904684,0.7782361778277098,1.11538359509494,0.8737170207481043,0.974802695096603,0.8435431123853107,1.0356922600475285,0.8184036203429318,1.0735113838109673,0.7998350098943626,1.1050368308014407,0.8866953268729058,0.9689568485344766,0.8583902707253536,1.0222465619662886,0.8356022938665972,1.056056652633778,0.8166991876679122,1.0830773190074303,-0.7810663641297364,0.052475497315977955,-0.8895648784763385,0.010042144490187402,-0.9428200568209327,-0.05634590620104447,-0.9349727139068221,-0.1205186903766189,-0.9024737460748059,-0.16682915006902332,-0.9852902823123265,-0.07147561878062941,-1.0103220241501056,-0.16585959102185815,-0.9670308934155376,-0.19873382743517182,-0.9263969697691135,-0.2101815779901023,-0.9152708251133159,-0.09000288900736306,-0.9243500214883469,-0.19635088588190655,-0.9083970183431104,-0.2546286132599118,-0.8943359942161484,-0.29590097452062497,-0.8365093296100747,-0.10312286972639628,-0.8498660404242991,-0.1975742377655913,-0.8507286603761118,-0.25203725658891635,-0.8533303811218482,-0.2927302639314426,-0.7531494730418563,-0.11144879330430868,-0.7789455623097089,-0.18357821841538743,-0.7960030002353257,-0.2238013855185578,-0.8075890427621609,-0.25772309295514384
-0.16971113370473692,-0.32424578975180873,-0.12548935333150768,-0.40021978280195936,-0.08163159846555418,-0.41152692807414676,-0.03959793884609224,-0.4217691625662107,-0.2487844426316715,-0.3673049366281094,-0.28938315912779156,-0.3563523591166656,-0.3254417706446112,-0.3455332288022051,0.03076363698463616,-0.40451945042832876,-0.3450372364175305,-0.3071239729773597,-0.06964381708966688,-0.2796431552146592,-0.22239924445308235,-0.24402269409762364,0.4842796275998202,-0.12439148801979788,-0.4842796275998202,0.12439148801979788,0.7300702840297595,0.3488084133444291,-0.602265518450839,0.4967437661414751,0.8528164320412424,0.7622246802207595,-0.749050747338112,0.05361257840992201,0.9138057061313473,0.8961337534689099,-0.8687556053036106,-0.09649184641461483,0.8503174332380043,0.9140480300516673,-0.8733567544205533,-0.12223619210373875,0.8100783447898995,0.8787737581660703,-0.816655969977586,-0.08564075629069436,,,,,,,,,,,,,,,,,,,,,,,,,,,,,,,,,,,,,,,,,,,0.8649966022598371,0.8256752328225734,0.8913726266353598,0.8685767528442813,0.8850559604663258,0.9339979217678084,0.8641797774704577,0.9840796709337357,0.8423544554806897,1.022031957761805,0.8931792722378159,0.9531633769050127,0.8551151783495482,1.0204993273433174,0.8309801973646584,1.0630372286061767,0.8155814063697343,1.0950612097641272,0.8894808749746547,0.9573488851793381,0.8562009992820536,1.0214094695380258,0.8341719868780331,1.0607876549291275,0.8164451756041115,1.09353413673417,0.8745654081280726,0.9604055999843999,0.8503648087322516,1.0234475316169775,0.831171713799375,1.060211789299626,0.8159160359614834,1.0921233249801283,0.8493682209969187,0.9639286088675795,0.837200917921958,1.0164015429807955,0.8272326967963539,1.047246508620279,0.8162693482903685,1.073595690351592
-0.04362217373704589,-0.3618937198521604,0.022760996707750822,-0.41823537763211727,0.06791464095443318,-0.413662600947728,0.1103242151275232,-0.4087749338307689,-0.10444160415370388,-0.4299294320142424,-0.1470441176830758,-0.43386256001877616,-0.18546380440839377,-0.4363371707545663,0.16927248150740876,-0.3682612781771332,-0.2183242666762507,-0.4073904601011205,0.03474744295670709,-0.2851778047530439,-0.12182363756974529,-0.3047849012952328,0.4972600840227034,0.052272448170465134,-0.4972600840227034,-0.052272448170465134,0.5646126831056218,0.5821810320636696,-0.7384982675995039,0.260626544134172,0.5389455292408074,1.013954865878455,-0.6955946432616987,-0.22017286870632494,0.548708747686634,1.1593764656107894,-0.7557241869106072,-0.4045221389719152,0.4841952623352657,1.154922224239145,-0.7484301477352275,-0.4264830479978848,0.45873358895618754,1.1089062829214884,-0.7064249908436103,-0.3736203361791866,0.5390833606537117,1.0777272410059031,0.48431461242895224,1.1095034166622726,0.445562798589341,1.164692702702185,0.42799758167705876,1.2064737644689278,0.4194732967410626,1.2389655614713817,0.4665006759023056,1.2008154714213386,0.42108612225274605,1.251996177420266,0.3934584379798729,1.2830948224621261,0.3767004271920184,1.3085972383246398,0.5002732382233042,1.2073225618015713,0.45573703672301114,1.254806444104878,0.42679789820983605,1.2831530957580644,0.40478842329452064,1.3076206564730326,0.5217420369433099,1.2078753535829503,0.4782226796460039,1.2539158443764762,0.4474672573398764,1.28072848629698,0.4238331863046798,1.304282530844763,0.5317264333505874,1.2048186860402446,0.49263699438452824,1.2446850821618771,0.46504358687148867,1.268389955919249,0.441746359261354,1.287298212295731,-0.729288550202092,-0.21948160394832342,-0.8213212441357647,-0.29599430564425766,-0.8479141198171839,-0.37155995055604313,-0.8189462434835193,-0.4251829819999699,-0.7755228659509519,-0.4569918390186894,-0.8769056379118335,-0.4008315065282995,-0.8685934520428896,-0.49242692324166537,-0.8240110790748404,-0.5154730180306338,-0.7866345142598432,-0.5207254437016706,-0.803925346286354,-0.39607983415671194,-0.7804941227162419,-0.4962441632250256,-0.7480637885315166,-0.5443276351749592,-0.7220458428187413,-0.5774429981583378,-0.7244501507240818,-0.3835917925638535,-0.7093017942419027,-0.4763512138839654,-0.6944520740760728,-0.5269389690753978,-0.6848101083867029,-0.5650007980281732,-0.6411877706549766,-0.3645419437349149,-0.6433634705250129,-0.44064338267607667,-0.6453065824451708,-0.4837439546393209,-0.6438315529118337,-0.5189820416298766
-0.1248321385945413,-0.3416968604900461,-0.07559572223492941,-0.41228307113783313,-0.030604553286516286,-0.41868642066569317,0.010840769563868223,-0.4239813063961234,-0.20191353544249738,-0.39318265909146155,-0.24524508798263076,-0.3867143752692157,-0.2841469614157091,-0.3798299973748544,0.07628999252424934,-0.39852415211828596,-0.31099142651685674,-0.3436243510068473,-0.02989923552782073,-0.28579979910189396,-0.18711742682889618,-0.26726245536038956,0.4952892834622087,-0.06847280984078243,-0.4952892834622087,0.06847280984078243,0.688526614455519,0.4305721242713715,-0.6545394691554133,0.43269021400495145,0.7693107956931544,0.8576401216541066,-0.6960071114567379,-0.048738758184950486,0.8124556876460924,0.9965057607034375,-0.8044266735008808,-0.2148760971940911,0.7497450072945858,1.0078272862884752,-0.8026286889017228,-0.23959958935301728,0.7144694362393167,0.9695633156954621,-0.7363418217123705,-0.1961301619827821,,,,,,,,,,,,,,,,,,,,,,,,,,,,,,,,,,,,,,,,,,,0.7756187288028314,0.9267333360335788,0.7759193305903985,0.9714640761188117,0.7576177319869098,1.0367367778370387,0.7362092031673456,1.0860774969600693,0.7183018463599946,1.1228123698474424,0.7692227963611042,1.056859485697216,0.7269841185938125,1.119963353798408,0.6995668697218174,1.160453564352707,0.6814494571137962,1.1923388109398283,0.7776550391438255,1.059048178604362,0.7393331711948028,1.1177057640396488,0.7134146384665683,1.155236818470579,0.6917143732904313,1.1875712130962215,0.7762357067997555,1.0596976866288748,0.7441116766132841,1.1180253648722818,0.7197809240415094,1.1537360655921358,0.7004624175452494,1.1847006354952938,0.7656412847690389,1.0603038861732408,0.7441520230213171,1.1099401616186548,0.7260561766489477,1.140778667404378,0.708005137080332,1.1668215281643723
-0.08052729191766392,-0.35398791484818226,-0.02454542530262683,-0.41828931331961455,0.020915675239343748,-0.4194285926717767,0.06175022492396357,-0.41977589594420045,-0.15204366945929196,-0.41393863784115775,-0.1968362675225955,-0.4126096283613063,-0.23725197705688564,-0.4103317065409005,0.12254240342314296,-0.38669691289247204,-0.2701616916357949,-0.37750480807514397,0.00808240644778992,-0.28718810971475656,-0.15169507315680922,-0.2869478107352847,0.4999026569998575,-0.009865775412150925,-0.49990265699985725,0.009865775412150925,0.6340270942565747,0.508229988739047,-0.7001248361929553,0.3535977382907475,0.666122637671935,0.941075530569466,-0.6828382487750626,-0.14652159935838022,0.6925268220227541,1.08492093794794,-0.7627973681872383,-0.31580752531797496,0.6298200613732835,1.0885300094901205,-0.7577018667951023,-0.3406357300546964,0.5993845628525154,1.0471830177112325,-0.7014929912561103,-0.29471664983914225,,,,,,,,,,,,,,,,,,,,,,,,,,,,,,,,,,,,,,,,,,,0.665524497658936,1.0084811674351355,0.6564365226863839,1.0522502437609222,0.6303120380040103,1.1150503554632216,0.6014720291502597,1.1594949592325683,0.5782666504408723,1.1925146747797029,0.648531366250038,1.140334915744585,0.601682584067548,1.1936714145310618,0.5722272647046864,1.2268229335982306,0.5530676899024348,1.2538717335920497,0.6554525460249541,1.142809199579957,0.6124089338954684,1.1925421454801686,0.5843243835103021,1.2236169434196629,0.5620304287120315,1.2502859794611094,0.6522316168364368,1.142052360851391,0.6164409600823306,1.1933688726393732,0.5895998235364961,1.223563167918494,0.5685677901293185,1.250112537747381,0.6389248809963327,1.1400038747559795,0.6142537930311958,1.1857380245407623,0.5949160151759006,1.2126955548825906,0.5764542672415747,1.2353951576734539
-0.09517515056385577,-0.35005322756947127,-0.0429349626295876,-0.41664491278541077,0.0024941080274791063,-0.41995685052915516,0.042698303280626904,-0.4220904221871191,-0.17016257248469407,-0.40584352382688915,-0.21526890877785168,-0.4022912811270938,-0.25607899513806937,-0.397979794065928,0.10422876024390733,-0.3917181780004345,-0.2884526284277318,-0.3635053003325171,-0.0027208451653445366,-0.2876115767590475,-0.16360318920456782,-0.2791752428669736,0.4988854120121069,-0.03336683505384303,-0.4988854120121069,0.03336683505384303,0.6585014465391109,0.47650595330438134,-0.6772792286024394,0.38710362060977166,0.7130497292663462,0.9071208794398932,-0.6887196683729557,-0.12101004515159747,0.7458555304372761,1.0502134104334668,-0.7725832660732878,-0.28232260457846453,0.6839932015196794,1.0560685442041733,-0.768690490133862,-0.30807532200692617,0.6516950558649189,1.0163005830208245,-0.713454337187432,-0.2670687803721366,,,,,,,,,,,,,,,,,,,,,,,,,,,,,,,,,,,,,,,,,,,0.7139529313748008,0.9833191144275215,0.7258471201003398,1.0275705262024863,0.7081371587565387,1.0887617052979204,0.680223993215331,1.1304455935021878,0.6538698159837805,1.1611273592327434,0.7183346173572612,1.112977880920876,0.6730344772967439,1.1678752471445435,0.646237463943015,1.2025791575892617,0.6287833110371068,1.2306055748700226,0.7141081456020032,1.11660767242553,0.6756079515932106,1.167748967911631,0.6511173414481768,1.2009980133146703,0.6319691686886437,1.2298308653499785,0.699649259584344,1.1176882236610308,0.6691757883686072,1.1698665100591248,0.6471076301815651,1.2017840838552762,0.6306709271308603,1.2294884063443758,0.6749387270842127,1.1178260276902843,0.6572063931560836,1.1641644409180592,0.6426736174548252,1.1915782291969257,0.6284306511608369,1.2147594042763348
-0.16153620230991678,-0.32444595486786193,-0.12428360257208147,-0.399751103143068,-0.0806172802235811,-0.412113599778395,-0.04222470415860759,-0.42207554441228917,-0.24645430712542538,-0.3632924090065349,-0.29044255285684706,-0.3505269536556521,-0.33012474071028003,-0.33784298098351173,0.02335990465211117,-0.4044077626054036,-0.3561965863827755,-0.29709415099473707,-0.05817129075761091,-0.28207382667434894,-0.2145618337547686,-0.24078948776764295,0.4818532546837534,-0.13348198736411557,-0.4818532546837534,0.13348198736411557,0.7417681444861198,0.33210186524053603,-0.5821631171301394,0.5165806856341433,0.8834755710315197,0.7411432976855492,-0.6976309835488542,0.02261611369792435,0.9447381154518242,0.8752167227316139,-0.8113250592746086,-0.11922230711530435,0.8863152466682187,0.892568409762264,-0.8119984223334039,-0.1456093094338922,0.8463069556583879,0.8600937349334907,-0.7496650770801779,-0.11565242942519084,0.8986987475481373,0.8151236580783291,0.894225279280233,0.857016252776675,0.8872393024765665,0.9175908999208704,0.8774457048399608,0.9618552176544765,0.868040919614149,0.9951058984827118,0.9112919983773744,0.9460875855445855,0.8849678154836943,1.0059645451375965,0.8701775597016537,1.0425302523710414,0.8634398534079115,1.071129047234783,0.9252283624721906,0.9465212699311112,0.9031034865485797,1.0015963328536557,0.8886762374768874,1.0357610179159855,0.8793241334919767,1.0656111401924566,0.9280893491642229,0.9459854198987976,0.9112719467942315,0.9999651329617146,0.8951287361320305,1.033130182476412,0.8841624014967455,1.0619396797506049,0.9199343723559187,0.9462136506076203,0.9059796957940308,0.9946512104070925,0.892878349883947,1.024228108208251,0.8807307821249538,1.049581773049938,-0.7493364876931751,0.0531004785163005,-0.8600566977085571,0.013331535355522717,-0.9071606080505432,-0.04869445295173386,-0.893346399278096,-0.11004409134728883,-0.8590635140964203,-0.1548673158611221,-0.9463485743945287,-0.06927174702275227,-0.9704291970732759,-0.1654366810707599,-0.9295319637930363,-0.1955485802339078,-0.8931378492291238,-0.20290878677173413,-0.873772906646368,-0.09275292737205637,-0.8884861661092407,-0.19754059866443704,-0.875366749349134,-0.25071929077403027,-0.8644742059782371,-0.2857886503913353,-0.7951675487057093,-0.10867355019337882,-0.816141563871239,-0.1980133672317686,-0.8203491832278806,-0.24871144686241212,-0.8263747827756591,-0.2866203443769309,-0.7135951797128477,-0.11731573325656279,-0.7448382420241891,-0.18595194111312086,-0.7623643827817768,-0.22362264291437312,-0.7736770433572512,-0.25669098431189896
-0.021836500473448033,-0.3618385104180052,0.04117700465712079,-0.41671845357749976,0.08606505018625382,-0.4112557054095179,0.12490660586049021,-0.4055917283097073,-0.08549980009923541,-0.4299894521429583,-0.13142285561416536,-0.4351729515335197,-0.17343239781519662,-0.4387754205370629,0.17785062861894213,-0.3639727718205644,-0.21433615615273324,-0.41130432892832713,0.057184217747078075,-0.28282826958426077,-0.1035943163879031,-0.30485119061136295,0.49606248591802643,0.0626259536041396,-0.49606248591802643,-0.0626259536041396,0.557188163453781,0.5918091908355567,-0.7353584528798117,0.2533674301728685,0.5314409170601209,1.02347324600232,-0.6536258626816484,-0.24509899150649364,0.536338604743263,1.1709975539128499,-0.7026075711757074,-0.420768017616162,0.47640628059942136,1.1641326498182736,-0.6921762282778015,-0.4457641992393783,0.451819067711218,1.1185137206976206,-0.6468475495510839,-0.393788929845704,,,,,,,,,,,,,,,,,,,,,,,,,,,,,,,,,,,,,,,,,,,0.5099992749851763,1.1024690495900122,0.5260673912704622,1.149487736659452,0.5034746150916732,1.204547913118226,0.4702601507030676,1.239668787323772,0.436412264543332,1.2634631060311536,0.5085240092476574,1.230720096805409,0.4571272296969428,1.2753967517889315,0.4253501013843017,1.3038905615973895,0.4030779636472582,1.3270185187652694,0.49660994703631367,1.2326739786356167,0.4541429953449723,1.2753440599235761,0.42571056157395526,1.303168541894227,0.4026224834890745,1.3279817896589239,0.4750944696123006,1.2301967503130409,0.44067234484040496,1.2753313682524137,0.415181767242649,1.3020972236767914,0.3949390918559057,1.3259441295532097,0.443969671595479,1.2244076535588166,0.42183615893025384,1.2662455274511288,0.40596228225246633,1.2904182977043546,0.3900074497339215,1.3109922184877794
-0.15404957180743648,-0.32792500449101447,-0.11612735843977975,-0.40236403788249353,-0.07257335966338851,-0.4140325916458114,-0.03458422038978588,-0.42322936604288103,-0.23856905625955394,-0.36738330438810285,-0.28327521729403576,-0.35501541800999237,-0.32392583410024695,-0.3426013359024701,0.02959684676978221,-0.40424950443440966,-0.3523220655780432,-0.3016758099819849,-0.051372324183537384,-0.2840332023369897,-0.20880117395199768,-0.2444075530020688,0.48352250012070414,-0.1273027567534328,-0.48352250012070414,0.1273027567534328,0.7380353175282355,0.34077636895172125,-0.5877476759013525,0.5104150837238024,0.8765686172144793,0.7500394349660741,-0.6976138509456568,0.019352381807853765,0.936320720720951,0.8856034412801267,-0.8110041639894927,-0.1283660449540817,0.8782833792554516,0.9014727201689975,-0.8095587398459012,-0.1553929529121062,0.8381154632327998,0.8681100528391741,-0.7469992544476456,-0.12255420349618307,0.8940216990656584,0.8323558833444328,0.8685038290283293,0.875952228612141,0.8571605394103993,0.9365558630894752,0.8510501105194961,0.9794855458961503,0.8504408347985386,1.0106318631731062,0.8875736207144616,0.9667595905728905,0.8628570729328943,1.0253529179741523,0.850882724800005,1.0605038607069268,0.847840369060591,1.0871565170662927,0.9126781777548746,0.9640083898248374,0.8909247819545933,1.0188593556501573,0.8762512966787638,1.0523028612862544,0.867345872674591,1.0801454104738546,0.926274727021399,0.9599686184412005,0.9071419108416209,1.01320638094939,0.8901839740450308,1.045996429021069,0.8797391849697553,1.0737031301171736,0.9275785619259942,0.9565547632344464,0.9098716241393325,1.0048503701750433,0.8949795089290074,1.0342947406708987,0.882455186319145,1.0587325033050559,-0.7552945545698491,0.0436092228663364,-0.864535692267317,0.0034610883280983525,-0.912893378454665,-0.06111467509195752,-0.9057461627926895,-0.12499622147841785,-0.8776673767611142,-0.17130251857274992,-0.950306293585776,-0.07937270597579661,-0.9763053453999103,-0.1766029493707926,-0.932936300141029,-0.2027996283406998,-0.8952128944635724,-0.20605077436885125,-0.8781118172971843,-0.10074374855145458,-0.8925277578551101,-0.20663223816298693,-0.8776098112528358,-0.2596324894634492,-0.8660383410916668,-0.2940275503500688,-0.8004088613854027,-0.11534622975069854,-0.8208062691995045,-0.2067260390640354,-0.8260716141285717,-0.25883357334328244,-0.8333963010189052,-0.2973104798837498,-0.719340767303256,-0.12392416321343773,-0.7498898104833289,-0.1933009453349753,-0.7662353743722299,-0.23242868783538795,-0.7765366892345186,-0.266341674216802
-0.024752055494031876,-0.36138235842132577,0.037610136886046204,-0.4171740504489821,0.08233964955934171,-0.4124150016063489,0.12102311089285342,-0.4073340550366704,-0.0894093673433759,-0.42858844992692013,-0.13577489314241317,-0.43315488722708284,-0.1783856148447917,-0.4362077766380265,0.17349401467666206,-0.3666224354356356,-0.22018432549429565,-0.4083154179148541,0.05501769398247999,-0.2834449758835591,-0.10614294615482349,-0.3030640606888574,0.49697299613152773,0.054934880686614666,-0.49697299613152757,-0.054934880686614666,0.5663324798429301,0.5828205712099258,-0.7321516456818244,0.26572700251471487,0.5492276950074019,1.0142163699108002,-0.6606291150764173,-0.22628741396060395,0.5561226241948992,1.162911405687161,-0.7138950982099228,-0.4086778896243865,0.49630937853505763,1.1567281112603003,-0.7027467508078376,-0.4341714928285623,0.4708050830572531,1.110868023313091,-0.656752231425705,-0.37954441126177274,0.5286808564376395,1.0966798917299834,0.5325037467859639,1.1416180190152407,0.5105218241069954,1.1954400864658474,0.48092898113153154,1.2305726758717037,0.45190727729797125,1.2550704758275142,0.5211412265221396,1.2241366009502068,0.47320238185238755,1.2683063378711845,0.44546111745818856,1.2954499624516336,0.4281075021619594,1.3184444692351003,0.5166145956658726,1.2276681015066258,0.476059790144064,1.2699601614059026,0.4507582193846173,1.2964265222485447,0.4313065387740688,1.3202567870201913,0.5023977067920715,1.2263648354223602,0.4676915944645946,1.270778465691792,0.44294923497575084,1.2961982066299813,0.42442432428473775,1.3190855452060286,0.4777895106469978,1.2214573507952098,0.45336551966617816,1.2621493793144996,0.4356226837598125,1.2853913507026318,0.4191999468402821,1.3051397786416685,-0.7244209836151099,-0.23121383530068165,-0.8135532563133604,-0.3082937633095381,-0.8355161851849134,-0.38495604374602493,-0.8035728532032496,-0.4395809761438122,-0.7585353223015604,-0.4708805410432714,-0.8644586062937905,-0.41636068194471104,-0.8531605489058572,-0.5161310738369271,-0.8027455098499532,-0.5266590498469544,-0.7649574302350803,-0.5183299003264069,-0.7876838073880961,-0.41061640635536745,-0.7653964915552474,-0.5138643095200252,-0.7341706755108078,-0.5585228303929635,-0.7115356860949401,-0.5873714694857843,-0.7090139660354939,-0.39687295803967326,-0.6971327113534712,-0.48811249058435907,-0.6836216228069251,-0.5385074528412076,-0.6761094157905683,-0.5771516806136999,-0.6317457795136632,-0.37683186315013567,-0.6372661671280526,-0.45278215676519185,-0.6401297446042734,-0.4951301021112919,-0.6388802041343762,-0.5305586699896976
-0.03272110877970401,-0.36118875411808926,0.028323355630281773,-0.4180250763984531,0.07320947741566393,-0.4141433247044906,0.11203324365398933,-0.4097908483488908,-0.09900436935386939,-0.4265086266842789,-0.14544768124003063,-0.42991132194646314,-0.18812026882659116,-0.43189919057607384,0.16529605730480432,-0.3701745265935959,-0.2297472994616951,-0.40306850531435273,0.04882374908509579,-0.28470529575628517,-0.1128609956286078,-0.3007137586004773,0.4980587007043634,0.044017390343832646,-0.4980587007043634,-0.044017390343832646,0.5793141345562643,0.5695988657189998,-0.7259115460584283,0.2829754308104747,0.5722712860527556,1.0006303372802796,-0.6679113918877774,-0.206745826016934,0.5822192386952355,1.149541430806767,-0.725292501995176,-0.3883153710991375,0.522536367178363,1.1442805307644197,-0.7143515841567106,-0.415665670288022,0.49598254152071825,1.0988319719165531,-0.6678063025952086,-0.3609022523707874,0.5641160082913206,1.0887549328204964,0.5062174792879798,1.1197284572966943,0.46805262458727787,1.1731888405634816,0.4483021813972957,1.2114160717833982,0.4430601762458824,1.2409305459034992,0.4963170172396818,1.2112798556096136,0.45566223050845583,1.2586285859189041,0.43468868468710425,1.2877150525473442,0.4254686017999619,1.312207278301884,0.5292842251817789,1.2170744461423604,0.4892755719282412,1.262292512285176,0.4647113564402074,1.2897698163691285,0.44804825258846437,1.3141468115845278,0.5516577412741228,1.2178835181436407,0.5129168251033688,1.2626424649074508,0.4861140842099365,1.288961470977221,0.46814654484641205,1.312325849066632,0.5615033088681595,1.2157527550132756,0.5255452506599002,1.2558191499917795,0.50075902124519,1.2790888897518493,0.4805271454468016,1.2983487987642228,-0.7354158785279075,-0.21327640923472724,-0.8269052113556011,-0.28880324802196833,-0.8506077126885323,-0.3630817595332283,-0.8174159340089868,-0.41407220517143156,-0.7699236323313358,-0.4429928580483701,-0.8784150830311092,-0.3958722485146667,-0.8743089626482704,-0.4961625276210633,-0.8266495770381281,-0.5104656823113524,-0.7884062533885247,-0.503582519075111,-0.8012273718216878,-0.39296754504192816,-0.7842933227721631,-0.49614713131177923,-0.7558008620339406,-0.5418918132360162,-0.7335239588138223,-0.570984203127945,-0.7224945864363294,-0.3812152142954829,-0.7151242354087811,-0.47182143422539324,-0.7038545944227034,-0.5220106696564379,-0.6969209622758588,-0.560389794522331,-0.6454114278616113,-0.36243251222406003,-0.6546889107121479,-0.4386481523062776,-0.659532261611342,-0.4807042531251637,-0.6598611393095666,-0.515989894675072
-0.14841858488948806,-0.33017080536269666,-0.10906550836567601,-0.40384265680699793,-0.065195531086343,-0.41480003799872556,-0.02680018089376956,-0.4233581825441697,-0.23271852423743142,-0.37035567078044546,-0.27749655604332946,-0.3585012072301164,-0.3184649811014784,-0.3464796536017481,0.036656584344942664,-0.4032156413685415,-0.34821003688135554,-0.30567075408019845,-0.04628175759211798,-0.28427098507085496,-0.20463212373398837,-0.24678813889376527,0.48547253069576846,-0.11965125130915319,-0.48547253069576846,0.11965125130915319,0.7296453140456362,0.3517342017679153,-0.5945437355266626,0.5036513233803154,0.8672510123675098,0.7607649741921705,-0.7012262283132467,0.0196569517234264,0.9237424428449287,0.8985715123368186,-0.8149718748819963,-0.1329539493006747,0.8664150814908018,0.9123899686041902,-0.8124116072011067,-0.16099059490426687,0.8264232243143694,0.8778765577515067,-0.751945722881584,-0.12485945797683316,0.8900651628125356,0.8537649380342331,0.8653502453175512,0.9012484457658076,0.8523643671861468,0.9668400124912051,0.8478247918651193,1.0131400425436912,0.8459112174220085,1.047544738626882,0.8684173745110849,0.9847661457783089,0.8397530343215038,1.049891616187471,0.8224469815151365,1.0938542388531072,0.8133868742097057,1.127554551497152,0.8946627605554482,0.9826042641322587,0.8672767783745357,1.0446691079293409,0.8488286714772773,1.0861103470128513,0.833672754419366,1.1225987643010809,0.9105261526397133,0.9793705169165849,0.8873370214181625,1.0394426548022664,0.8676955840052953,1.0782970302442771,0.8531752808598594,1.1123239045540054,0.9177372031235373,0.9762864864169464,0.8981739086433982,1.0271387835442336,0.8812531301045896,1.059520724406809,0.8653087019349377,1.0874184596153156,-0.7677544894620207,0.03677194804732048,-0.8818984955833143,-0.004222859576394173,-0.9275277736213714,-0.06358811902967922,-0.9073255089508281,-0.11951215495064854,-0.8658074051863442,-0.15820368089028794,-0.9702920188520545,-0.0855583295177079,-0.9962481264003571,-0.18179441037507577,-0.9571937322438624,-0.21032105069401855,-0.9221916388333511,-0.21770648340812693,-0.892947194666049,-0.10906011583820185,-0.9085517963030424,-0.21105943636829164,-0.8968801727627408,-0.26257477392154505,-0.8866302886956077,-0.298215140556285,-0.8119120656327466,-0.12469110834666125,-0.8336774195983283,-0.2106635383930436,-0.8389398048590259,-0.26103134369236664,-0.8457987836320054,-0.3005906141856021,-0.7310858435593276,-0.13313476964034418,-0.7671698804590324,-0.2010355629290466,-0.7850634740174356,-0.23810306543768422,-0.7972183118564431,-0.2711351055875061
-0.07633253429644402,-0.3528495833568414,-0.022113349417872442,-0.4168364564085774,0.023292938563476567,-0.41837576787140845,0.06312199634682476,-0.4187576301663311,-0.15054001190765517,-0.41044077474789564,-0.19628503273491518,-0.408376459959366,-0.2385343872731022,-0.4052998031439,0.12117140484748218,-0.3859319501374112,-0.2757836584256771,-0.37177128875141974,0.013815452417164009,-0.28635838451323975,-0.14833357134665706,-0.2833787640819722,0.4997911065702869,-0.014451636351917456,-0.4997911065702869,0.014451636351917456,0.6387294839033618,0.4981214123224727,-0.6870306382177017,0.36676165307374126,0.6860982448945455,0.9277448428655872,-0.6979091196399393,-0.12660408070241685,0.7107817536341962,1.0748598722706268,-0.784982273292772,-0.3019789020646632,0.651403206566778,1.0765597013708592,-0.7783098817089054,-0.3299554867373859,0.6196838911390135,1.0340941314448662,-0.7261198254556948,-0.28072951211421543,0.6876532051350366,1.020181856091596,0.662782759823643,1.06218558877116,0.6363174051389767,1.1222578502573,0.6167768726580226,1.1638812772534497,0.6006608989887222,1.1936035972820005,0.6470943670258864,1.1445524814015149,0.6045586148657814,1.2003110092963196,0.5772525890188129,1.2362462387374478,0.5596211062663309,1.2645805660113338,0.6692272508547504,1.1478721671988104,0.630671802038675,1.200594593469829,0.603316654240123,1.2341296438640488,0.5801758761031246,1.2628556743567245,0.6813541041455902,1.1479986702931357,0.6475927937894979,1.2006260118977068,0.6195602764431095,1.2321242918436324,0.5970718613034806,1.2596187097906204,0.6841223836782286,1.1468019374212872,0.6550511644962822,1.191197909881317,0.6319358988074647,1.2179482054889503,0.6104453871852792,1.2405354905874937,-0.7660127223398552,-0.12605342886028037,-0.870516037640985,-0.18906944484928667,-0.9055163052916172,-0.2573343164136129,-0.8782341987396852,-0.30909485810412046,-0.833531434411291,-0.3407070972640792,-0.9405018410042052,-0.2863379129742249,-0.9468347096194784,-0.384670021352827,-0.9034149544929682,-0.4082183186518314,-0.8654421301610397,-0.41179822617317235,-0.8611598860778152,-0.29332091298276114,-0.8557148546399383,-0.39670517515697895,-0.8330115278344733,-0.44562683047338586,-0.8130509813428328,-0.47879208803683565,-0.7797764612031006,-0.29227370754516335,-0.7814856149853997,-0.3816917680389555,-0.7754109011134053,-0.43140738685307106,-0.7715842198957362,-0.47041944056065615,-0.7001231346941172,-0.2841168257021802,-0.7196362599205203,-0.3579494478003047,-0.7292305761958899,-0.39762007666648924,-0.7331538438558266,-0.4317979518600137
-0.05821282671531007,-0.35570730710745097,-9.374486781002046e-05,-0.4167021311003974,0.045609687694935425,-0.41572358492114625,0.08596480410307435,-0.41396417575719674,-0.12916995586085891,-0.41781044041410914,-0.17433748202068955,-0.4183117941023588,-0.21644028901030873,-0.4175576140325508,0.14244226769948395,-0.3782641517065819,-0.25476473947233064,-0.38611428992588537,0.028236480117565434,-0.2840627303795175,-0.13325934053133048,-0.2902641856082708,0.49983064044902314,0.013012719482083662,-0.4998306404490229,-0.013012719482083662,0.6100091539704762,0.5330147220073304,-0.7060233499631355,0.3281312296084918,0.6329655053265095,0.9670979534824851,-0.6975379864889897,-0.1640904928717067,0.6487780454586478,1.1148206115684138,-0.7763225648268598,-0.34283961831096493,0.5887181529483636,1.1137276344365514,-0.7699052264607857,-0.37095836219805783,0.5595224214171348,1.0692752201925042,-0.7201706283474585,-0.31898542393337953,0.6295932895579673,1.0577160994680412,0.607260670403622,1.0978644670275863,0.5776904681678258,1.1559493320122816,0.5543977042819458,1.1966947038409785,0.5358752760900917,1.2263921173408212,0.5841554376518159,1.178891832034311,0.5383920958195582,1.2329424110403135,0.5096074053627998,1.2693045868565074,0.4905708246050114,1.2982248265357554,0.602407301286799,1.1832097172932947,0.5615547446667989,1.2340929004472574,0.5334304829607669,1.268758713159431,0.5096856423100943,1.299323959129556,0.6119004887869127,1.183950266574773,0.575532622908801,1.2349674112364983,0.5477001836497398,1.2668154252550945,0.5253594002396645,1.2952873441106938,0.6126627979210437,1.1825389064349168,0.583042667280013,1.2254509608360962,0.5604154386023397,1.2516548427512149,0.5393939851630523,1.2740713827092098,-0.7649973095042633,-0.1690478679188051,-0.8645977361898387,-0.2383739166738168,-0.8957898553419538,-0.31099294430643065,-0.8664951505288375,-0.3648134401772752,-0.822279926714512,-0.3972212024264034,-0.9297127632047021,-0.33970594880523547,-0.9293966933725454,-0.4351860466442781,-0.8840943094885411,-0.45823809553155725,-0.8449715143329882,-0.46112946618305184,-0.8511194129006571,-0.34098691666488573,-0.8360694989348604,-0.4430006063696405,-0.8102103232823961,-0.49171487940912384,-0.7886333029047685,-0.5242742952497063,-0.7700237814972277,-0.33519741445490875,-0.7640787579136684,-0.4238301147430759,-0.7557695129032477,-0.47280861035468263,-0.7506939144380893,-0.51043870205286,-0.6905468730077982,-0.3231147363508862,-0.70237136571106,-0.39704251460693474,-0.7086858170698177,-0.4370894312914819,-0.7099955284984231,-0.470952457699996
-0.06470117084882672,-0.3540708880922147,-0.007076941570282846,-0.41606585613305275,0.03887079704688908,-0.41577339901321403,0.07969164522291114,-0.4146695451494186,-0.1366244770273812,-0.4155621622024314,-0.18134211127820077,-0.41543789451827867,-0.22321638615860515,-0.4140579809129277,0.13695143509766425,-0.3800429661669507,-0.26047414282936665,-0.3820625870258953,0.022864277739518275,-0.28352722347185455,-0.1382521231430184,-0.28753190580761656,0.4999686254467194,0.005601211379511515,-0.49996862544671955,-0.005601211379511515,0.6176091432706822,0.5246144465616623,-0.7010729618427236,0.33838621945020925,0.6463506032132122,0.9612102365188882,-0.705758818084851,-0.15299044039812632,0.6638436497726435,1.1082576075761972,-0.7876567435782702,-0.3300212363426363,0.6030116458228706,1.108320134851717,-0.7822040678033275,-0.3585206853377566,0.5732465525958367,1.0640281613878695,-0.7316906745811104,-0.30729574750388955,0.6442961362748322,1.0497076057234362,0.6268343283306193,1.09126825540754,0.5977344140271125,1.1516036028184409,0.5740181716581689,1.1946643015077256,0.5559794762582319,1.2264110694995707,0.6022883937221463,1.1716999197499225,0.556261072793263,1.2267430718542065,0.5265782523101847,1.2647138551080446,0.5068767439291662,1.2948851277871296,0.6190096756786222,1.1752421114506582,0.577240362943882,1.2268546087342858,0.5483015223492369,1.2624809603975637,0.5231161147289981,1.2942743268372674,0.6271361797826472,1.1753568410234718,0.5909706965285556,1.226540039297587,0.5620044658904088,1.2590336643693374,0.5381016354158091,1.288549797204801,0.6273626451201492,1.1735457080100973,0.597972215602345,1.2170168205995011,0.5746758573002517,1.2436168783745205,0.5524720889258411,1.2666793398603808,-0.7682066758758535,-0.1596584488015241,-0.86810987243726,-0.22754953251768917,-0.9000106910138742,-0.2982202867102529,-0.8691355134740689,-0.35077240097230805,-0.8227311223788492,-0.3822563000885404,-0.9350410079823729,-0.3265492164585611,-0.9363790567700978,-0.42108047507850993,-0.890974966096902,-0.4440388278630429,-0.8513708098765853,-0.44648126658010734,-0.8565161312702257,-0.32976161794306236,-0.8417921842706526,-0.4310981177979013,-0.8159107942563997,-0.4801401232821148,-0.7948744035442086,-0.5130498956211728,-0.7751111184235391,-0.3253633468596613,-0.7711346998107053,-0.4131202326958308,-0.7630147347736733,-0.46216255290792785,-0.7587164272810588,-0.4996166909961789,-0.6944261644618942,-0.31460811752172396,-0.7081031250881109,-0.38758638982497073,-0.7153094142146986,-0.42762018560945764,-0.7185076004791341,-0.4616325475290092
-0.15953507755018095,-0.32250080929508845,-0.12015301165705271,-0.39805866099521475,-0.07570499179979549,-0.4102551195889056,-0.03583841067029709,-0.42037109128064404,-0.24505468857656384,-0.3625872948276605,-0.28778653176747415,-0.35043139724479017,-0.32759050978895826,-0.33776614822357365,0.028807510557942458,-0.4027223711039225,-0.3542709161355683,-0.29691753088166545,-0.05595431224721779,-0.2780642923445765,-0.2118818781599855,-0.23848748571521233,0.4826607237523529,-0.13053208703937452,-0.4826607237523529,0.13053208703937452,0.7367155959695314,0.33735582798363517,-0.5836567870095676,0.5138595285931791,0.8831177547992287,0.7531594559119626,-0.7304922981683564,0.04728332336532008,0.9395055080136593,0.8884237617035692,-0.8541342214494881,-0.10149963736967536,0.8802141374113442,0.9054534070782305,-0.855228368352756,-0.13089505613840488,0.8394579792158505,0.8710988841609215,-0.7940559687426048,-0.09484374252581039,,,,,,,,,,,,,,,,,,,,,,,,,,,,,,,,,,,,,,,,,,,0.8952374688762882,0.8326907378462747,0.9179383905837388,0.8726844773556541,0.9106090426314194,0.936545176146519,0.8925365463416189,0.9830459212449251,0.8709515707662336,1.018244343054854,0.9172888562278342,0.9577623086098512,0.883616934110776,1.0199952935570782,0.8616505415975207,1.0608023615648041,0.8463595468693338,1.092920241542158,0.9147278132128508,0.9615816153523965,0.887959604666453,1.0188084745887254,0.868495178089191,1.0572366876117933,0.8511272018048882,1.0913895284897577,0.9050016336245668,0.9641699297499088,0.8872865800967815,1.0201623143982377,0.8700537750178803,1.056054857148862,0.8558820553821596,1.0879385106529582,0.8889750160547756,0.9667473880997225,0.8815130190731222,1.0136277495852626,0.8716727048694833,1.043266647667329,0.8606458985715528,1.0700372249455485
-0.10100425123426633,-0.3453854393358573,-0.04778968024448936,-0.4127649436435674,-0.00161730652483107,-0.41682174896579555,0.039790376050253394,-0.41968289497591077,-0.17755962150477692,-0.40029135994144005,-0.2213087707506632,-0.3960228686941308,-0.26250235853218695,-0.3907054602302231,0.10056437415902063,-0.390839681055902,-0.29537521284170165,-0.35533704493345664,-0.0062306511829828,-0.2830632136858796,-0.16727329381594921,-0.2720555776648749,0.4982305937222769,-0.04202708030719679,-0.4982305937222767,0.04202708030719679,0.6641531597658745,0.4642706289371013,-0.6680956750266775,0.40000885622356486,0.7331709714593514,0.9039790634597595,-0.7352846735852502,-0.08326467227048315,0.7648056073368944,1.0453294238870061,-0.8286686935400979,-0.25197888417544756,0.7022732488903756,1.0518345449062272,-0.8232727906679376,-0.28123282205950645,0.6684427418557544,1.011193629118991,-0.7697775588862071,-0.23459180875920405,,,,,,,,,,,,,,,,,,,,,,,,,,,,,,,,,,,,,,,,,,,0.7302127144308383,0.9775494655097549,0.743001510224015,1.019992720555363,0.7291208736795194,1.078700112201974,0.7051996528188174,1.1184925364751437,0.6780517202521711,1.1473220219235167,0.7315768339104001,1.1016712078471622,0.6896768238829425,1.1569957929516992,0.66487032718147,1.193993509656753,0.6485192789250415,1.2236836082893034,0.7303183259500107,1.105514708098865,0.6961120565083273,1.1565694099399537,0.673741405430371,1.1919865793520594,0.655117525048046,1.2241798432844848,0.7215758017068337,1.107318511628258,0.6968554119653328,1.1586777403955644,0.6762023904629539,1.1921255991249233,0.6600843690057175,1.2220765934400684,0.7049781095237269,1.1079703127964933,0.6895778444821912,1.1519414883149581,0.6760391724579816,1.1798098067663296,0.6627908524442269,1.2047342372812897
-0.16634459324956494,-0.32029568337017256,-0.1249938382413323,-0.39653663957812196,-0.07996962057998722,-0.40899187995470243,-0.03870563229973528,-0.41960231223129024,-0.250514699334303,-0.36064077935758315,-0.29163064583533194,-0.34873356252361304,-0.3307320647470621,-0.33609894286494607,0.02764120752774269,-0.4025567805290538,-0.35534382530319975,-0.29560891531581646,-0.060205205463196194,-0.27662100150458263,-0.21743363395225018,-0.23632714699255952,0.4822562655578495,-0.13201853782782522,-0.4822562655578495,0.13201853782782522,0.737665028302294,0.3367221592244079,-0.5870394930494984,0.5153768529609217,0.8858823374809817,0.759636112524144,-0.7459395649986715,0.04909449112387377,0.9430723951755653,0.8926550600199729,-0.8658359086824795,-0.09852566265473976,0.8823623316223724,0.9109716674434357,-0.8648787173189141,-0.1276363620044834,0.8416662320151742,0.8775367880003248,-0.8059804970435963,-0.09234750382466493,,,,,,,,,,,,,,,,,,,,,,,,,,,,,,,,,,,,,,,,,,,0.8997814726787252,0.8314702619048666,0.9129584584706739,0.8725927846930541,0.9073688335516136,0.9331614172804806,0.8938319960051883,0.9769656541012941,0.8780030184490223,1.010105073510767,0.9103870975726909,0.9553288491861754,0.8842969788183896,1.0157425150661055,0.8696802500810672,1.0546108238409084,0.8611632408649577,1.0853961596994703,0.9144838120545995,0.9569774871404766,0.8924965292748597,1.013089722803731,0.8794025144219568,1.050679345132101,0.869396962154854,1.0843122170644859,0.9119179991960361,0.9583921505024112,0.8971390769263887,1.0127995022685383,0.8842750554895185,1.048776400131391,0.8756578016881696,1.0806688067672539,0.9025218935203145,0.9599449108801726,0.8936817636925072,1.006176414693007,0.8843006316778181,1.0356596039520696,0.8751095994403062,1.0623234465374773
-0.11602801022328559,-0.3424429106474015,-0.06182159124173319,-0.4109845856689431,-0.014964360412048489,-0.4160140586050987,0.028534031421069177,-0.41989932522297696,-0.1918472042569154,-0.3958266279716438,-0.2331494403955475,-0.39077775977881024,-0.2732206399495668,-0.38464992276756993,0.09237875486823939,-0.39246895275604593,-0.30243951405870345,-0.34872244446412004,-0.016484683616728096,-0.2823481366772594,-0.1789621928842137,-0.267964922967201,0.4972352182529006,-0.05250845388116365,-0.4972352182529006,0.05250845388116365,0.67313710877416,0.4521304755260812,-0.6669659161397561,0.4134237709761055,0.7511507617592443,0.8956880500606481,-0.7480062388879771,-0.07320294489784236,0.7865218274844467,1.036439136513227,-0.8401298581609458,-0.2382923745171914,0.7233142034579375,1.0448584247546566,-0.8336099879860684,-0.26670289749706344,0.6883878939240404,1.0053584106335982,-0.7824549284835662,-0.222838229801929,,,,,,,,,,,,,,,,,,,,,,,,,,,,,,,,,,,,,,,,,,,0.753367856533456,0.9666857625897828,0.7588477151827848,1.007212904101739,0.7427492977488087,1.0659318313719672,0.7212694499948958,1.1066439591998116,0.6987626487235848,1.1362384544352908,0.7448554376797963,1.0884961709834637,0.7046677169536857,1.1432006887749209,0.6800612828162436,1.1800676337725742,0.6640482016303851,1.209290427477801,0.7491646377403407,1.0920511004360667,0.715479338916327,1.1430914530665355,0.6933705843929138,1.178163368966302,0.6749532240747633,1.2097644510200682,0.7461764326614706,1.0937894263924397,0.720238930222322,1.144078990250962,0.6981798423250075,1.1770103601763926,0.6806912583677144,1.2066897767890252,0.7361022515757273,1.094081584074166,0.7180030831098914,1.137225095906156,0.7021586309596408,1.1642017603078594,0.6866851513252801,1.1884227374299197
-0.08316996243442304,-0.3511615330262598,-0.021501609843517233,-0.4139483373698218,0.025614527060934675,-0.4143951487623929,0.06966829885596347,-0.41401540652579577,-0.15215846984815926,-0.4114884572914886,-0.19318154250320194,-0.4104552128413552,-0.23323806241760936,-0.40824844523785087,0.1310148398558667,-0.3805720766087656,-0.26512072715663343,-0.375354303871374,0.01037646556660413,-0.28188469944169314,-0.15294112079290165,-0.2833631137289042,0.49998511471215057,-0.0038581169341699376,-0.49998511471215035,0.0038581169341699376,0.6252864108500329,0.5167497836106278,-0.7052685472451605,0.34404737280116726,0.6598568923358323,0.9678746473169446,-0.7531396179901292,-0.15306521576654136,0.6814047112678153,1.1119628577069058,-0.8249037758832977,-0.32019524775228286,0.6173855426975776,1.1145838287695526,-0.8154780657049583,-0.3466182573670442,0.5864192271977895,1.0727089874912465,-0.7742262708001988,-0.29934133492435366,,,,,,,,,,,,,,,,,,,,,,,,,,,,,,,,,,,,,,,,,,,0.6583218516422455,1.0326620934081638,0.6540821780491135,1.0726742010354184,0.631498518227373,1.1301074951504102,0.6083761850614093,1.169518237579215,0.5849767781733406,1.197789110558168,0.6325064583909228,1.1524207312416839,0.5877005523458165,1.203270201019704,0.5594619947970761,1.2390277447356897,0.5405138216993178,1.2677002350444055,0.6396628431397948,1.15604431642887,0.6010641621941504,1.2046212869721933,0.5747249241799692,1.2393808090234977,0.5527530505349242,1.2709474966488483,0.6382164486216185,1.1567849949019897,0.6069362729678399,1.206310828303958,0.5811847405743705,1.2387303801463263,0.5609061167896948,1.2681102600981555,0.6284215023400417,1.154871832253181,0.6033045443736234,1.1967168396763397,0.5837300541775258,1.2230371690907802,0.5653034040413413,1.2465723278445429
-0.12873635490438048,-0.3368222913244692,-0.07550860597831982,-0.40714787688177906,-0.028893057744344884,-0.4138022854684468,0.014877873553434262,-0.4192066696527767,-0.20462977132011181,-0.3875089950710751,-0.24491303239367396,-0.3811277476998953,-0.2841240753343604,-0.37372844176190917,0.08012300563403711,-0.39416725240016187,-0.31116373981681217,-0.33702408946423207,-0.02695944927143984,-0.2808130702127168,-0.1890785297050714,-0.26072513444771367,0.49518710431848867,-0.0692078876766951,-0.4951871043184889,0.0692078876766951,0.6871899848288582,0.43301978452231743,-0.662848911889971,0.4334936331762635,0.7798888334573365,0.8765265500804064,-0.7866406837686123,-0.05088607249459806,0.8205185024040235,1.016943128529729,-0.8692325440293163,-0.20770773648367338,0.7567241599446521,1.0280262863192426,-0.8635033859577194,-0.23527821727154408,0.7210113570137764,0.9907002249568844,-0.8197384701059142,-0.19343490816837725,0.7887118726505257,0.9373470292246374,0.7652944211276363,0.9777916047274748,0.7473885486790738,1.0385269840248719,0.7362745467935121,1.079785228792212,0.7255654747089372,1.1101034378361214,0.7572673791790786,1.0613031264294996,0.723679095245162,1.1178474797690352,0.702033445627565,1.1560069259500696,0.6888076905903854,1.1857379552923568,0.7804376837528909,1.0628542614205516,0.7498626007258447,1.1174927509758308,0.7277117527926918,1.1545901323723131,0.7095205132104178,1.1874056017875074,0.7940022818194283,1.062061892433533,0.768205339534397,1.1165889017356179,0.7455367462088892,1.1511453569885775,0.7282511146732831,1.1816486191746682,0.798172541723599,1.059956303524403,0.7754857257104196,1.1058168590118975,0.7569305897124665,1.1342942280275248,0.7397530152423316,1.1591159431048805,-0.8232985859870874,-0.034863447928672894,-0.9230037688453284,-0.09374388365994231,-0.9668618374854303,-0.16291427320209487,-0.9643628700123246,-0.2255184893682621,-0.9409388659952145,-0.2697833951134082,-1.0241184996074282,-0.1783925581035843,-1.0065815424204496,-0.2698249650332353,-0.9570180049136925,-0.30474228421474725,-0.9208593166931471,-0.3238058803930764,-0.962475289912546,-0.187076419118199,-0.9346386185940123,-0.2910524276085105,-0.9002443791441821,-0.3461205539077667,-0.8756650993753621,-0.3870848970799217,-0.8913330287391973,-0.1895782114268444,-0.8691340936471902,-0.2843504212227069,-0.8533607113942779,-0.3393264699625557,-0.8449338313535362,-0.38171280518012274,-0.8080411152157677,-0.18851220592807835,-0.8102071965042179,-0.26304468315930096,-0.8130330924334067,-0.3048926003862348,-0.8151259455223077,-0.34093197501535033
-0.1703495610400629,-0.31709510108083316,-0.12643251012142762,-0.39354805134878096,-0.0809341968635396,-0.40611477618604275,-0.03820464203564969,-0.41684337558777,-0.2517255697579221,-0.3574327365174659,-0.2906561639559734,-0.34607544220965597,-0.32830710668084423,-0.3339742707220492,0.02887205240201394,-0.40043127968994935,-0.349951520436466,-0.2950202426764431,-0.06303333813492679,-0.2756842217418141,-0.22054336310500247,-0.23491680266232634,0.4824858996415858,-0.1311768144416141,-0.4824858996415858,0.1311768144416141,0.7342991119625433,0.34308534321313683,-0.6104997968482766,0.5156580256740124,0.8812577204466406,0.7709124486760748,-0.8120177304163473,0.058061104695899944,0.9393371667111913,0.9043409915502522,-0.9158964483030276,-0.08506774735733667,0.87748695817082,0.9235928919122365,-0.9190780527556383,-0.11354478262945053,0.8374309209884396,0.8910381121195041,-0.867812956440191,-0.07841177508997232,,,,,,,,,,,,,,,,,,,,,,,,,,,,,,,,,,,,,,,,,,,0.8972519386131518,0.829812292939696,0.8942338302204679,0.875144425936557,0.881966366766609,0.9401740242192147,0.8682791523819616,0.9845632015557954,0.8557880094902355,1.017323440916731,0.8866991370833361,0.9545883471753781,0.8574400090448614,1.0190582042366945,0.8392576451539046,1.062910457752896,0.8275945240715792,1.096794196561793,0.9017145373847679,0.9541875355529451,0.8745782716944778,1.0162387765138705,0.8554829110898966,1.0589394254750342,0.8388285706507517,1.096170717104734,0.9098007477854986,0.9525988029074401,0.8893821168553456,1.0132292268732581,0.8713097519753161,1.0528044865831236,0.8576822397665016,1.0872338732878946,0.9123041369334792,0.9503156969250806,0.8983613792982909,0.9991417194715879,0.885435960661897,1.0302153941245853,0.8725942754596423,1.0581280920516842
-0.1409576811705197,-0.3308484296017107,-0.09022828185012566,-0.4029462158155332,-0.04365077668569453,-0.411378030423025,-0.00011707569932301403,-0.41808901748437965,-0.21818369089672235,-0.37816655143433053,-0.2578174809383934,-0.37042793558475745,-0.29614766517185537,-0.3619013681264939,0.06459172467341492,-0.3958029750197209,-0.3207161107765229,-0.32552232274789605,-0.03824384185977346,-0.2806568431825008,-0.1983841418591887,-0.2540767749222426,0.49243072234531615,-0.08667170063215632,-0.49243072234531615,0.08667170063215632,0.6984701923320759,0.40836800117646294,-0.6584488873487611,0.45858258565393645,0.8052323008812202,0.8465155454436231,-0.8244473435307855,-0.013007701155601094,0.8510460293496208,0.984454157827852,-0.91512092624042,-0.1634666035821509,0.7877283659221207,0.9980072437597771,-0.9159398793271706,-0.19279223290637035,0.7508647143128402,0.961995137927818,-0.8688263350638848,-0.15359007739576647,,,,,,,,,,,,,,,,,,,,,,,,,,,,,,,,,,,,,,,,,,,0.8148086398325579,0.9006867441997318,0.8162161907531335,0.9448158335479432,0.7997180881357007,1.0079805595902667,0.7802227643502715,1.050728621883955,0.7601389342350442,1.0829469747797875,0.8076545799604647,1.024805058674169,0.769280157312908,1.0852769295664222,0.7448443563931713,1.1273361990258333,0.7285497737607103,1.1604300765951725,0.8151419039672679,1.0275675431832283,0.7806381757321377,1.0852185019159637,0.7566723560002868,1.125663904565208,0.7360471451844761,1.1618154169725783,0.8145214429361921,1.0281103022204445,0.7887045170647532,1.086444981974053,0.7672425304378656,1.1239566850475122,0.7508035617197351,1.1573502726989573,0.8072958921472188,1.027302718737026,0.7923453940912162,1.0744369426116076,0.7803540242719353,1.1046470783170912,0.7682975623306485,1.1318697865294949
-0.13388960452227888,-0.33474705785044706,-0.08099204871489496,-0.4057424240627544,-0.034117862259399195,-0.41309649868512527,0.009631502697717191,-0.4186352389072028,-0.2097835901182309,-0.3836864641238369,-0.24921059251319463,-0.3768481385513102,-0.2875848536015577,-0.36927459904359466,0.07389635452007777,-0.3949385303468836,-0.31265327572750046,-0.3338701021270795,-0.03234892391826433,-0.28245891196998096,-0.1935906163093024,-0.2593559132679734,0.4943550554336465,-0.07492048563107627,-0.4943550554336465,0.07492048563107627,0.6891910763826479,0.42536769246816053,-0.6746060209512661,0.44512542880499406,0.7845009161185152,0.8659147304310078,-0.8418917016955121,-0.030160381021369795,0.8269453097510481,1.0040144181178157,-0.9245639136016899,-0.1827404200126946,0.76313130178777,1.0160892621724478,-0.9261774972344728,-0.21256278352853047,0.7272286834442129,0.9796094506630375,-0.8822230559104888,-0.17191018430156887,0.7966095038948017,0.9211490679206982,0.75897497922269,0.9653710438305569,0.7329109054186936,1.0322987296732145,0.7227053873788,1.078048057636592,0.7186767813451662,1.112539575156636,0.7585933048651478,1.0497766822077426,0.725849618897495,1.112918431262527,0.7034299841189491,1.157043330493317,0.6887308664216991,1.1908071308814157,0.7867304467227982,1.0489482876439977,0.7491271610167362,1.1112437187405733,0.7202590071229564,1.1535486509244481,0.6959390112507254,1.1889608060963537,0.804249762665645,1.0459761264076584,0.7688945351181381,1.1089412882606138,0.7401539935666597,1.1491019112995038,0.717450050551402,1.1831132333092635,0.8132383272217886,1.042162843159891,0.7895281023442612,1.092476355199673,0.7697555154142669,1.1238224045247818,0.7522750377105759,1.1498852918805438,-0.8657817404059731,-0.02180624493671261,-0.906092393427735,-0.08956513246156735,-0.950149427392948,-0.15987385050754385,-0.9549653699478591,-0.22003206025931255,-0.9466397050313115,-0.2657264461688035,-1.0521278387793636,-0.16455503569919164,-1.0122095787175658,-0.2568423268297505,-0.9555008185318612,-0.2993343976857777,-0.91523972875174,-0.32652215640310145,-1.0246207487180061,-0.16282349453791545,-0.9839072977201025,-0.2636778250952847,-0.935309213290874,-0.3186004358269953,-0.8980289039489356,-0.3601664304622448,-0.9736414467710903,-0.15920057185931774,-0.9500450625821744,-0.2566036493138875,-0.9185532565980049,-0.3152398424503884,-0.8973988443443359,-0.3602160199324845,-0.8970218885722399,-0.15674034427421274,-0.8907864525679837,-0.22815889676539203,-0.8826993159009632,-0.27121983279758566,-0.8757605319698921,-0.307107785658805
-0.06521652673041442,-0.35502791039624726,0.0008345399786741991,-0.4141898970951707,0.04830057664331901,-0.41205905551731753,0.09242043651860485,-0.4086401270458537,-0.12975680044040194,-0.4179008290774196,-0.16962969660980232,-0.4189644491349026,-0.2085510809731391,-0.41916838481449825,0.15083990690251353,-0.3726344870211842,-0.23947129888509439,-0.38978569468103247,0.023881905285045205,-0.2837189378487335,-0.13892121514492897,-0.2930838593054066,0.49935217294572776,0.025444201193592027,-0.49935217294572776,-0.025444201193592027,0.591796224849428,0.5546571490762966,-0.7575412928886648,0.30231150161676185,0.5966261976753519,1.004872633488853,-0.8327505765975926,-0.19249557306481033,0.6108633427657647,1.1483035395103027,-0.8764860854932297,-0.35769755349833143,0.5449178036783815,1.1474148184380557,-0.8691103516392694,-0.38675070398811745,0.5172417525009192,1.1045177000560773,-0.8364334273225954,-0.3409063444306736,,,,,,,,,,,,,,,,,,,,,,,,,,,,,,,,,,,,,,,,,,,0.5832350790788822,1.0563602578999411,0.6083290272613544,1.1080766895146434,0.5834169681940877,1.169847402573785,0.5466066962678314,1.208206245960771,0.5082649799623941,1.2344979636913704,0.5831282121777654,1.1859571228810528,0.527180368863442,1.240721525846064,0.48865003892326614,1.2794628359623734,0.45910920127369215,1.3085919977870362,0.5647190670349957,1.1858139423853717,0.513179356829281,1.2388745137571426,0.47624648312350965,1.276157649670231,0.4449935908473579,1.308170126916538,0.5399919888087156,1.182438361557183,0.49959116977374984,1.2397166861427296,0.4723345532773511,1.2752868980164287,0.4510467712384922,1.3056634494634531,0.5104629742690692,1.1768025216881153,0.49476711756918906,1.2255389546363162,0.48380670147791327,1.2550223555942635,0.4735014543913154,1.280095483231494
-0.14092812463749485,-0.3298634327311497,-0.08916539838671925,-0.40245392670371594,-0.04214028052709365,-0.4106906873325731,0.0018807451163454613,-0.41680313134544483,-0.21716325946582413,-0.3770665336358751,-0.25602301009105977,-0.36921312123631034,-0.2937481676053272,-0.3608726106490614,0.0669111242210247,-0.3943501046391416,-0.31743385493219795,-0.3258284332382334,-0.038564997426429215,-0.2800022822204522,-0.1992818679579503,-0.25314758905431833,0.4931263022343422,-0.08262233381286282,-0.49312630223434234,0.08262233381286282,0.6996467608724832,0.410687629142157,-0.6834874252784127,0.46612035020619685,0.8023274388654585,0.8472950235484664,-0.8670752099896734,0.018667978159606115,0.8478786564770668,0.9838746446834966,-0.9365955521835349,-0.13566177338810864,0.7832889199300609,0.9966767840924742,-0.9360615268451057,-0.16835752113808305,0.7468332436034972,0.9602184463698489,-0.8952031889778715,-0.13056633947962598,,,,,,,,,,,,,,,,,,,,,,,,,,,,,,,,,,,,,,,,,,,0.807469543468742,0.9016226916771398,0.8103980875024341,0.9475676082409997,0.7951418410784504,1.016375082083872,0.7752842653335855,1.0657256152743337,0.7635291982135234,1.1026239623610685,0.8047822382723425,1.033850105979952,0.7654251724121957,1.1013201755917894,0.7390284300710079,1.1452488666590992,0.7191371936195595,1.1784766941284086,0.8105345083624586,1.034083774003452,0.7712625967997472,1.0998779769732474,0.7438695027779177,1.143193607145689,0.7202348886270935,1.1784287231907524,0.8071393161615777,1.0327594671204086,0.7740435900012439,1.0983102986657294,0.7507533937481736,1.1376885718368837,0.7320665862543497,1.1702502492240952,0.7964921188963241,1.0310174941261832,0.7801020402417596,1.0835284156001115,0.7669284524852394,1.1151931465175748,0.7542617900145432,1.141610689570511
-0.10870343550109154,-0.33881661553883907,-0.049271440960053585,-0.40711130813448637,-0.0014006845382595501,-0.4106225114565318,0.04302209458794968,-0.4122557760865702,-0.1795979157252795,-0.39345693476304267,-0.2190800059792819,-0.38911421377230804,-0.25719661020457235,-0.3843624964440945,0.10527106864595952,-0.38354361595420267,-0.2845116295304946,-0.3518698694726072,-0.01158727007196465,-0.2797161767421247,-0.17464120493149463,-0.2675773136889617,0.4990189402481168,-0.03130650529277148,-0.4990189402481168,0.03130650529277148,0.6563134464610164,0.4757468506929221,-0.7318968729125809,0.4019489040212483,0.7159571162802516,0.9190311034207072,-0.8721666361887327,-0.0453273970025647,0.7481944713643703,1.0593329121959143,-0.9197419772996436,-0.19901679820192575,0.6827442942729769,1.064395986588976,-0.9176424191081803,-0.23850203108515214,0.6499590516078314,1.0239088792050524,-0.8791861350300618,-0.19518201702568488,,,,,,,,,,,,,,,,,,,,,,,,,,,,,,,,,,,,,,,,,,,0.7162101461247468,0.9756302493857419,0.7214768209067746,1.0223172413029629,0.7008689293118509,1.0913698460080983,0.6775578393749835,1.1401786833450303,0.6596192518880016,1.1763363796852082,0.6918138218573777,1.1083931004603156,0.6482079291713537,1.1693807998054553,0.6214992025008832,1.2083016744605677,0.6038014199497361,1.238924508811021,0.6961871952903584,1.1096331831639912,0.6531408386986216,1.1676245428479324,0.6270274425062847,1.205095694177259,0.6052948315115411,1.2369232322750656,0.6956335806097839,1.108788190330342,0.6592329170407154,1.1662788385368772,0.6356082365778397,1.2012940933383278,0.6174819838781624,1.2315886332319474,0.6916271524106857,1.1073838345428313,0.6698658706113085,1.1561420646129443,0.6539403749972827,1.1851878723968283,0.6387779568128432,1.2101961869414177
-0.07349494971909548,-0.34756210642300855,-0.006509801395660583,-0.4101710336488664,0.041715165128292674,-0.40898775367216256,0.08516322439534393,-0.40635002025419525,-0.13930910233649646,-0.408891918413272,-0.17963516269730379,-0.4084096209130683,-0.2178187926909544,-0.40734089120864675,0.14229499374022683,-0.37201279422935984,-0.24802293021385796,-0.37770698364239497,0.018970089458314323,-0.27973603621086574,-0.14623372245402838,-0.2833087107904817,0.49968991976455424,0.017606364919919158,-0.49968991976455424,-0.017606364919919158,0.6046719324560064,0.5345165792094602,-0.7816890858230301,0.32545640431469186,0.6201178724287687,0.9806988310762181,-0.8967994599155168,-0.11729287882579305,0.6383698706234372,1.123914271881498,-0.9225840696630272,-0.2827431508029442,0.5729333660474223,1.1218889529675515,-0.9119096730147918,-0.3217985669134482,0.544570375825649,1.077138399559976,-0.8798157624988089,-0.27169071053025623,0.617169972622037,1.039744587003042,0.5780241301654376,1.0785778236169836,0.5465537747891144,1.1429807274657349,0.5275046779651905,1.1899348356733277,0.5176700403037134,1.2254822407533286,0.5588942031453381,1.165796702918407,0.5137920481984345,1.2251147323562903,0.4837433420409155,1.2628148262789405,0.4655643323056651,1.2926583341158122,0.5854703235183174,1.17023709293547,0.5342196552772301,1.2279381751804423,0.50029286834764,1.2638624767820308,0.473423906922068,1.2941291234957433,0.6055114813350111,1.17103223830563,0.5568545542833763,1.2282803382188594,0.5234542436827451,1.261643646904926,0.49827180782670216,1.2902315594021403,0.6198856846760025,1.1700454313072075,0.5824113011905291,1.2176252512092662,0.5557375792050901,1.245361284383996,0.5322571139190092,1.2681886741588804,-0.9002027610588914,-0.16735349165776056,-0.8322277808642853,-0.22465241272947606,-0.818581027691705,-0.29793854117920643,-0.8190336174329431,-0.35758041997983836,-0.8426429404882483,-0.41053385844777085,-0.951184057664867,-0.3455983440368276,-0.9483417038899685,-0.4127870790515579,-0.9110214151499284,-0.4363964875081339,-0.8757727450078333,-0.4477151552307365,-0.9886219782855676,-0.347462096318548,-0.9908144679035564,-0.42373990280003043,-0.9761029601919708,-0.4755100493941516,-0.9553066619894757,-0.5182192490733353,-1.0201212586133137,-0.3384669663863896,-1.0154493668701547,-0.41787895369351924,-1.0013666027385004,-0.4739627685116949,-0.9840838140620685,-0.5194840825080115,-1.0460684429216547,-0.32345085526679174,-1.042452791463417,-0.38994855483838003,-1.0328471510807387,-0.4336677848356733,-1.0209154341605777,-0.4709882081673231
-0.022800463701870922,-0.3564561156506871,0.053296832125213,-0.40791286632341267,0.10151501078261504,-0.3991673215013985,0.14413162024187556,-0.389852741045681,-0.07864294419762186,-0.4272679161323288,-0.11835123652130668,-0.43296994910342457,-0.15573990667190551,-0.43766827279795767,0.19562042976203597,-0.3471528102922716,-0.18967222673390874,-0.4129676985522196,0.05975231024657305,-0.2748328893402268,-0.10421778658569816,-0.30424223376809784,0.49074047921384994,0.09577986250230744,-0.49074047921384994,-0.09577986250230744,0.510395291840042,0.6196084650676438,-0.8397514587907479,0.1943393321429598,0.4550607213963091,1.0620606665212158,-0.9010497648195073,-0.26018680463882554,0.4508914147378495,1.206635396768773,-0.9011124620128451,-0.42421814670001123,0.3862944869012947,1.1945176021840145,-0.872706669788305,-0.4617296717520548,0.3652994029356665,1.1455952472781676,-0.851319330459417,-0.4091269595139708,,,,,,,,,,,,,,,,,,,,,,,,,,,,,,,,,,,,,,,,,,,0.43911062078704755,1.1146403454140996,0.44276289013957537,1.1640910246037075,0.4102478174809967,1.2262484920579415,0.373714271094935,1.2677121403181173,0.3424911162731427,1.2970374920675636,0.4047394543701238,1.2419877376844803,0.3426366305828778,1.2906778348039376,0.3034767833335822,1.3212412310741724,0.2753723035824045,1.345833054586183,0.40009719595429927,1.2429331643849024,0.33613744736422374,1.2902824134476745,0.29683465720652635,1.3215227508480054,0.2649269155221602,1.3484179751578746,0.39165158513638276,1.239841414026648,0.33638775738898413,1.2917497210621296,0.30328276332641063,1.3214252200169356,0.27811180040789857,1.3472441793216152,0.3796809992735113,1.234509956025645,0.3462217125901732,1.2789704301982934,0.32626412494241797,1.3045930916289161,0.30816228518344196,1.3265717419630025
-0.03667644238961437,-0.3559012017088223,0.03736788552433713,-0.41020601995884876,0.08619362310268766,-0.4032016611783023,0.1289347069480362,-0.395513587179668,-0.09569895335086862,-0.4247908552537652,-0.13571687009650812,-0.4290452829889068,-0.1731138748981279,-0.4323074629262538,0.18142268855245725,-0.3549654084377095,-0.2061428908275402,-0.40638867016615154,0.049813577476836526,-0.27718045050253937,-0.11597922286182849,-0.30075044233688947,0.49385819716374973,0.07812861891887601,-0.49385819716374957,-0.07812861891887601,0.5305009511164712,0.5994448238566517,-0.8403272623112547,0.22160832963947918,0.49022788134031736,1.042179569282142,-0.9252304243007238,-0.22960525276930088,0.49093058759876973,1.1883143641292437,-0.9313141954432971,-0.39244510447203146,0.4259805122536738,1.178203797801949,-0.9003649393771755,-0.43140927384048344,0.4034445576735777,1.1290818520662427,-0.8781171295363475,-0.38055513489765735,,,,,,,,,,,,,,,,,,,,,,,,,,,,,,,,,,,,,,,,,,,0.48443134816958916,1.1026495843373665,0.4686340315965253,1.146681676916976,0.43236737857046503,1.2090173628993053,0.39890149889901294,1.2523311112859132,0.37733500083155364,1.2855948791600809,0.4281026076410483,1.2265397623192884,0.37252402302687115,1.2789771758706,0.3387113253466222,1.311420694832959,0.31529020035114186,1.3374765733964795,0.43724320597920346,1.2293430197722586,0.3774637519122717,1.2790046287473973,0.34159815085302786,1.3110468683192151,0.31282838395854606,1.3379157013919274,0.44288653987260196,1.2287608719260035,0.388904351936557,1.2800579915643635,0.35708768013527464,1.309782057276376,0.33331095049991816,1.3354317478937008,0.44478408394303,1.2264146703648708,0.40904604468021044,1.2703302970265786,0.3857944306201562,1.29562463288214,0.3657002644253452,1.3165867764195762
-0.15914746208593142,-0.3216073654518906,-0.10772108553264062,-0.39887691371977807,-0.0598355062234902,-0.40931193070074945,-0.018275019832572677,-0.4168665774607057,-0.23955011187698222,-0.36556697518001563,-0.27967457469407464,-0.35538754003716033,-0.3163354230109868,-0.3453163911103695,0.0436666917062168,-0.397183084614726,-0.33904631978269206,-0.30940464119734346,-0.05022540947485651,-0.2780509480090478,-0.2160240711797927,-0.24183452108830866,0.490138909300858,-0.09881219352572478,-0.490138909300858,0.09881219352572478,0.7057765572222946,0.3755988031048628,-0.7393014195589538,0.5047527515640523,0.8196387188352912,0.8070316429515823,-0.9712844194081481,0.11248275637436866,0.8708990368946674,0.9447761544368151,-1.0323403846847743,-0.03769575445038858,0.8064706040813822,0.9577043709825513,-1.013014421898916,-0.0877529051940042,0.7683245260446783,0.9192031458024105,-0.9729183537681183,-0.049103965055413,0.8376955392997327,0.8666009620997299,0.7994220700108298,0.9123280152228874,0.7837549921369587,0.9826546537090138,0.778373358426418,1.0335775339474427,0.7787963999816555,1.0710605614225888,0.8063506731506602,1.00317513161248,0.775872464600534,1.0744411940710896,0.7556857716839436,1.1189394103094528,0.7458395579910725,1.1526434384406654,0.8392817456854154,1.0008531672953715,0.7985140805294844,1.073632411184335,0.7714800399806446,1.118317866862573,0.7511107698672002,1.1553756914365398,0.8615871877757977,0.9964408918464875,0.8240244217328686,1.0683464139671786,0.7966524086538013,1.1104651224099962,0.7768806402297588,1.145183819052102,0.8749014241049848,0.9921520355172034,0.8464175662094046,1.0506518571722534,0.8258677012591944,1.085244598322551,0.8080280350196518,1.1132929393603788,-0.9957882357927959,0.062058995766817164,-0.925872696512277,-0.006852558559307708,-0.9206780156447931,-0.0903619326475523,-0.9356674923545364,-0.15551355434894215,-0.9749357594648149,-0.19795822623452175,-1.0270782675436245,-0.1135834915883871,-1.033162996641281,-0.17293174678396372,-1.0235193511538891,-0.20053013550904078,-1.0169600118082185,-0.2230935617557455,-1.0758505127520943,-0.1081576812057666,-1.0921550094896915,-0.17867512015817866,-1.0998088378694588,-0.22637581801453494,-1.1061841631088574,-0.27028716445571965,-1.1202366846965341,-0.09184039342693157,-1.136849785983124,-0.16424447734859707,-1.1428846492232265,-0.21403327039871714,-1.1458375944679022,-0.2575588575644177,-1.1642671458663059,-0.06554877214257232,-1.1773163186925004,-0.1236439235766116,-1.187132432524957,-0.1630877178136899,-1.1955444726400997,-0.19877430502723448
-0.08131368178158863,-0.3490747550130516,-0.013305864796869288,-0.4119178033314582,0.035439310286166786,-0.41091791572157205,0.07711714213661632,-0.4086196078279733,-0.1491806621305452,-0.4102750096271688,-0.19053804011173717,-0.4097431861948876,-0.22837919718030397,-0.40850385581828136,0.13269289686270813,-0.37521987473503293,-0.2582345190563898,-0.37901160198521544,0.01399166979147252,-0.2817636530709249,-0.15543524406433143,-0.2851615926042529,0.4996497739993323,0.018711048672272936,-0.4996497739993323,-0.018711048672272936,0.5973919907760948,0.5247663588828859,-0.853657057183022,0.31129733626924516,0.6031315788280684,0.9690407523674415,-0.9836574407006133,-0.11977655394754584,0.6203526416470623,1.1142766764033256,-1.0061612948226097,-0.2833424039067962,0.5548088682568784,1.1118478229542341,-0.9764338594407003,-0.32752768168342344,0.5271697194601559,1.0658496658613843,-0.940374191773189,-0.28018196069394086,0.6046614537540042,1.0306819390426543,0.5715698463009445,1.0677785808426628,0.5421753624906225,1.1327650085724972,0.5209760870380604,1.1819464486465407,0.5101316846109851,1.2189599307855985,0.5466351008057092,1.1564425802982568,0.49918265936374556,1.2192123696778543,0.4704656096846277,1.256057417160537,0.454095784281683,1.2850750060874758,0.5743591909528856,1.1613779874521095,0.5190276301533725,1.2222247867868739,0.48674281052596746,1.2575891955206893,0.46233882177915436,1.2867231369223247,0.5938864735010807,1.1625194061505748,0.5408412654683628,1.222460657368693,0.507410677706355,1.2554895245349436,0.48264745206086573,1.2832694502874717,0.6057088215501207,1.1616686981697146,0.5631699673265183,1.211079082574562,0.5351556019975959,1.239295305974136,0.5114658429666257,1.262257532175572,-1.0310599566911631,-0.17522278644672654,-0.9279560676967947,-0.22777939934281385,-0.8962792399413684,-0.3028743718006166,-0.9044372713798373,-0.37163979026646576,-0.9361787378005187,-0.42693083774764107,-0.958629914160248,-0.3433532364987989,-0.9532673689263279,-0.4051955437729629,-0.9568755573980018,-0.4226416629170614,-0.9650220220351277,-0.43661295349972296,-1.021227545636987,-0.35230274767304814,-1.019982607594796,-0.42558620260933633,-1.0208169858894713,-0.4740680947922313,-1.0188138856553561,-0.5211456315317543,-1.0778476845535288,-0.3490626034623007,-1.076912947801152,-0.42367168626900176,-1.073182376496696,-0.4756352150857959,-1.0681890213794438,-0.5208409729069439,-1.1327973249195193,-0.3370299640082321,-1.1324224294096494,-0.3972851691931353,-1.1315146644116991,-0.4374540787109075,-1.1319737056393921,-0.4749070652466726
-0.11801358438295212,-0.3373695426376254,-0.05694360129721212,-0.40621102368933537,-0.00859975534270346,-0.4099619184581834,0.03297750354939926,-0.4117461933625685,-0.19086276856291345,-0.39156371681141083,-0.23153853235491226,-0.3871009538840087,-0.268604304094779,-0.3822527614386956,0.09197519810925504,-0.3841048214447355,-0.29384034821810867,-0.35012507648630703,-0.017353740855751875,-0.27995932256373307,-0.18502024696582361,-0.2670582073939724,0.49910968742016176,-0.029824820592057825,-0.49910968742016176,0.029824820592057825,0.6404119510430127,0.4605190078899833,-0.8346185573287094,0.3895568901565363,0.6865713328126668,0.8995626528306294,-1.008141196845848,-0.024124466161005293,0.7168136308858086,1.0417209541695969,-1.0440412658915608,-0.18469196149131661,0.6526116731582984,1.0457558111603231,-1.0267414185975667,-0.23035623551943815,0.621137528299972,1.0032713828254352,-0.9856157958555839,-0.18973695619307415,0.6959749414284238,0.9580714049069515,0.6507333325207012,0.997835509716105,0.6269342612453598,1.0625597656121433,0.614252996519632,1.1098025546756964,0.6062697760100514,1.1439263580183023,0.6480348414007183,1.0880731081361694,0.6067917054696957,1.1545225526527652,0.5804285531022476,1.1934112131534949,0.5663789313786953,1.2236422971212542,0.6820358036030674,1.0913938731516668,0.6321105841907885,1.1576996765878915,0.6006569937874725,1.195727253804065,0.5777814031041514,1.226909217086199,0.704954472333444,1.0911078417518516,0.6572903364943303,1.1566538833724793,0.6245882343336813,1.192965493712271,0.6012611415358281,1.222044441364123,0.7174910002418184,1.089624060798122,0.6774960933821402,1.1435889942086361,0.6499705308834111,1.1738389200671173,0.6269865717892446,1.197452740363565,-1.0787991141225648,-0.07764057758836865,-0.9871716915679535,-0.13505288426933199,-0.957632854269319,-0.20876739230024335,-0.9677195285414206,-0.27650241892883454,-1.000156113065293,-0.32898871986959355,-1.0024516577785756,-0.23968816664467527,-0.9979364137854485,-0.30098904111830116,-1.010007379557911,-0.3266569413419843,-1.0223250539910382,-0.34514451041588873,-1.0592395421243292,-0.24487662690785986,-1.0616811055194664,-0.3198920988279262,-1.0710795817922545,-0.3698843291004113,-1.0758469098220527,-0.41542966739322484,-1.1123471037385404,-0.23840373267169265,-1.1175802436499027,-0.31315182375748135,-1.1215096886281841,-0.3652019347037837,-1.1216977221359474,-0.4084727097977665,-1.1672566467453378,-0.22319428188551813,-1.1749986769146716,-0.2809939105841959,-1.179954436679617,-0.3216923960702608,-1.183460366812378,-0.35997792899032865
-0.08294986358255046,-0.34716837656385396,-0.014400849210455584,-0.40893885024274357,0.033462144897189454,-0.4076627047845555,0.07443861467886083,-0.4051384264830448,-0.14836138023142525,-0.4083443714301125,-0.1896182931097398,-0.40820447156055,-0.22700416803720655,-0.40727775466236943,0.13033648628312242,-0.371517833720504,-0.2542417442337702,-0.37792599354959794,0.010001393932017738,-0.279852226864858,-0.15716648771574232,-0.28448877181575033,0.49948161731746543,0.02276211681564631,-0.49948161731746527,-0.02276211681564631,0.5863681594800539,0.5211888949313938,-0.8786201306167825,0.29333030856331277,0.584143205662764,0.9616421338132892,-1.0201969187135642,-0.1320291642094546,0.5988765316932148,1.1060621351886566,-1.0320699064352572,-0.29390765652032935,0.5348722661040118,1.1041716038461609,-1.009925426793723,-0.33683941053539374,0.5082824115444902,1.05862426990737,-0.9722640279297817,-0.2922973840983508,0.5909835256291278,1.01874730140356,0.5210033295598138,1.0488686973066157,0.4892200071962654,1.1108106953293593,0.48070868866220906,1.1594479660535255,0.4753138180375778,1.195650809964311,0.5227472367288984,1.1441985737413372,0.4803984710092724,1.2079431005300971,0.4519423457790125,1.2444642098977279,0.4356419327968859,1.2732129308234188,0.5641949867477921,1.1504728796180987,0.5105968727729575,1.2121828749464294,0.47507736500737163,1.246646511687032,0.4486627143217606,1.2751394099476858,0.5920164826114735,1.1514321461775734,0.5387715045623028,1.2112362143645783,0.5019484002133923,1.2433315215902623,0.4755556469351323,1.269429440251892,0.6066157175030574,1.1503292722833074,0.5606709929392366,1.199884728151436,0.5281523633942851,1.2275960949920974,0.5024579473921033,1.2484003556126833,-1.1080451706460577,-0.19047913879962436,-1.015900366289948,-0.23629541948236482,-0.9628411495734952,-0.3009442669010861,-0.9569797390861537,-0.36966082745726064,-0.983353860388897,-0.42696417730617237,-0.9674242671140952,-0.3428163335130613,-0.9505631066306389,-0.40274966864770073,-0.9707420667259654,-0.4275741912086852,-0.9964351422416735,-0.4415194365374149,-1.0287192785429382,-0.35485505834591397,-1.0218238950674032,-0.427120400181931,-1.0327178551416707,-0.4765178373723115,-1.0415579299351991,-0.5214653328400299,-1.0867845786482961,-0.35399158055877183,-1.0813595229514308,-0.42587664287906846,-1.0808792631803374,-0.4741212635506919,-1.0808224396115906,-0.5157432592532539,-1.1475611803970964,-0.3442191745855198,-1.1455821459599091,-0.40084357863081893,-1.1432245546351798,-0.4392907983796884,-1.1377104511080642,-0.476219966661566
-0.05711764921014777,-0.3522124994608343,0.014447010689324975,-0.40875350368296987,0.06107296874123887,-0.4040299065824891,0.1012993819989759,-0.39861419836169937,-0.11796378900982281,-0.41679635123195463,-0.15946645825667882,-0.41917737399382926,-0.19727754733714356,-0.4206513754957439,0.15445815955872466,-0.3609851029134997,-0.22698698890992441,-0.3927941822193024,0.029977386903681298,-0.27864221584890436,-0.1366288955023593,-0.2946209406979387,0.4968196207961065,0.056305100941326375,-0.4968196207961065,-0.056305100941326375,0.5504673591714642,0.5544053835508783,-0.9161642802594936,0.228028344391436,0.5160715023657153,0.9927399732422694,-1.050047787201295,-0.20594462511846348,0.5209354257261828,1.1377220419181224,-1.0310313180581026,-0.3648515845816925,0.4578428240468164,1.1317309495073322,-0.9992285644072127,-0.40260244811946055,0.434606403259941,1.0847781707410622,-0.9675653563108607,-0.3575478555229064,0.5230767717775862,1.0521437575745036,0.4661212285601913,1.083501026981755,0.42918939610653256,1.1423932657820954,0.4073873088851869,1.1868438910376915,0.3927070803698302,1.2192737855712859,0.4476468387348846,1.1719360041927565,0.39904668733528853,1.230274667791381,0.36625630581859575,1.2637987061991856,0.3460826222172759,1.290838001347386,0.48104210121827773,1.1810800394398484,0.42561613824971317,1.2371808425561837,0.3889686621307376,1.2687016816597723,0.36012062422176033,1.2950894332086742,0.5047677052044406,1.1850089264635983,0.4526169469849279,1.2398476986231326,0.4145146145116009,1.2690910250308116,0.38557629594528087,1.293186566421775,0.5195314711467905,1.1862341003420538,0.47470569403984736,1.231680741222791,0.4422309297482313,1.2570914579829808,0.4145250516741466,1.2766102528637076,-1.1344105890886376,-0.26064143432085635,-1.0558168598249003,-0.2988673628386883,-0.9939331174270741,-0.3605804415214896,-0.9859987105365153,-0.42950894996810746,-1.0001869770772747,-0.4906696408496772,-0.9520772347413913,-0.39871208949356374,-0.9421302096694494,-0.45529632506551837,-0.9685995901147737,-0.49123547363133496,-0.9998145948063797,-0.523139436290639,-1.0116424953250325,-0.41637223930159706,-1.0059065118234407,-0.4869883354207636,-1.0193885275560588,-0.5368799455701256,-1.0314271737513894,-0.583527016303208,-1.0725406858872641,-0.42059335742605325,-1.0624281317922935,-0.4895952865175795,-1.062128587070228,-0.534999753678157,-1.0628046124492088,-0.5784075186919773,-1.137055857660492,-0.41639025283216013,-1.1320111519841594,-0.47253836117717823,-1.129914647738815,-0.5095202731272093,-1.1229734986224431,-0.5477628393295111
-0.12074264078043302,-0.3355956702777285,-0.06106684654496891,-0.40373429525546595,-0.014850374712255011,-0.40732135522021407,0.025462269297293685,-0.4091641949501513,-0.19215821232022587,-0.3873288337999296,-0.23308854622232592,-0.38195228579243984,-0.2704889490561136,-0.37641884715362733,0.08523220994888915,-0.38165858489904225,-0.2940721711691513,-0.34353217853615237,-0.0219032767983236,-0.2791765355519964,-0.1888551026144951,-0.26451059647707265,0.4988053997812711,-0.03454233849996695,-0.4988053997812711,0.03454233849996695,0.637573154820971,0.44066885060702843,-0.8797019596730407,0.38865340921041497,0.6815977591824559,0.8750902558468444,-1.0929714548224414,-0.01047361528897798,0.7134061975700037,1.0165477658698796,-1.0972682727817826,-0.16642626084290138,0.650781165576237,1.0224760479563213,-1.0652621166064165,-0.20780411320014358,0.6195852680380044,0.9805278516532395,-1.0292529460981263,-0.171610602623041,0.6969520651229628,0.928892078365971,0.6418703413392589,0.9685047350729248,0.6214808825607855,1.0312302418989663,0.6204219836033502,1.0753416377822724,0.6219771805768828,1.1075455800018452,0.6436013419630451,1.0624400226452007,0.6077773870257116,1.1297897769439615,0.5831336499249243,1.1677674374732427,0.5697383108454667,1.1963908949584843,0.6833106115059617,1.0637470405786993,0.6397389411498045,1.1321039580342704,0.607980108752556,1.1695974163053746,0.5840566146770679,1.19865313179997,0.7101034090236313,1.060982208614207,0.6675869094530013,1.1266070469579952,0.6332797950475133,1.162338437753086,0.6080196657314073,1.1899947303602472,0.7253904886872183,1.0568235092961635,0.6882429343210988,1.1105262103617592,0.6594462807500449,1.1414759422088796,0.6352637305687167,1.1649335112544104,-1.1716612821678947,-0.04441821596527967,-1.0996220472412126,-0.10099308945625717,-1.0555005882950734,-0.17428326267012106,-1.0726010967405426,-0.24118710684670702,-1.1016734771517085,-0.29289863154036266,-1.0219193675237437,-0.21335530976444014,-1.0239992695752156,-0.2729594019947405,-1.058745290145727,-0.30468799487988457,-1.0976978221780753,-0.3305109102300595,-1.0815977427682009,-0.22046120692224352,-1.0882730819793534,-0.29147995664665305,-1.1096030752268693,-0.3373698841754322,-1.1296631815249134,-0.3796638851856359,-1.139201003196539,-0.2138679756387431,-1.1397913360089231,-0.2844215298269771,-1.1489717657427203,-0.32640242011613985,-1.1598894110468396,-0.3663261837319822,-1.1985492702840304,-0.19750608311977846,-1.2029840341017177,-0.25361982492756424,-1.206730099751191,-0.2893832486030674,-1.2070882154373248,-0.32662245239911925
-0.10432675955409752,-0.33985433382828534,-0.04119371106842841,-0.40457923066850304,0.004850274496839037,-0.40572940393649126,0.044946104868102056,-0.40548478828739515,-0.1727338689739628,-0.3945805127521568,-0.21367464899734384,-0.3911783327046295,-0.25109100430352627,-0.3874986506839882,0.10401722564287551,-0.3750418521773566,-0.2757196509616728,-0.35584985882477865,-0.008486423493351257,-0.2788554537406648,-0.17597029033533074,-0.27250081309242463,0.49990925646430845,-0.009525507928831835,-0.49990925646430845,0.009525507928831835,0.6106950709862325,0.46736373582969126,-0.8986662789377953,0.3419406782066912,0.631567590061378,0.8996851796018501,-1.105346344312229,-0.06344455064289838,0.6558827215604489,1.042483096345609,-1.1097105811147774,-0.21030972195628558,0.5938960415205603,1.0452044086109893,-1.0734213786524713,-0.25302103292199096,0.5649562225552802,1.0020096695473577,-1.0417399180309537,-0.2173052192107163,0.6433165519662736,0.9521929720893618,0.6057926538490029,0.9918143192426787,0.5820100172732288,1.058534232723453,0.5693794251386578,1.1082483340854028,0.5627668017920089,1.1444235869056378,0.5956258915401907,1.0854595499679882,0.5524974715859645,1.1490618330828366,0.5243479589244929,1.1859706504568015,0.5069130215143274,1.214552383254246,0.6251276774233341,1.0885249430951485,0.5761714088383568,1.1506138499380574,0.5428679030493492,1.186309286293257,0.5158801733175918,1.2150872468392548,0.6447259231377486,1.0876011625647937,0.6007471397450325,1.1498391676122561,0.5648384047131294,1.184079996017321,0.5365344954400888,1.2115315654483005,0.6554916902545654,1.0852080489946578,0.6195369189216208,1.1371317512025234,0.5912750127378187,1.1669803745045344,0.5658642617300337,1.1904217376387527,-1.1779033643646926,-0.09935587400566127,-1.1044342964436533,-0.15247605743343648,-1.0560396009755728,-0.22508445828493487,-1.0736332570656568,-0.29291263838521386,-1.1045059477770784,-0.3461261322993037,-1.0182588602703648,-0.26109166994901656,-1.0227578089077596,-0.3204087160656186,-1.05735673901766,-0.35418211052918896,-1.0940162394841624,-0.38214120604169943,-1.077501212883259,-0.2705697516312815,-1.082149370599233,-0.3407447767245951,-1.102431967147177,-0.3873071797535282,-1.120229910008278,-0.4305035837826512,-1.1359185286176765,-0.26607159834507743,-1.133675039549547,-0.3367317693080369,-1.1403622862009444,-0.37839292888762166,-1.1466957502196693,-0.4186375681435734,-1.1960960910771001,-0.25245923154919675,-1.195734424502301,-0.3088148738901567,-1.1945672189574865,-0.3443994623769198,-1.1877770461084032,-0.38241064972978284
-0.10577228118747399,-0.33849291736405007,-0.04368634275453878,-0.4035723909752441,0.0019283751209556845,-0.4050663535589315,0.04161614513403594,-0.4051584713864593,-0.17496701594942116,-0.3922368136844218,-0.21595268846117002,-0.3883817402783072,-0.2533446482473106,-0.38433173804547716,0.10049187926367587,-0.37525613926694346,-0.27792133398091245,-0.3524142226699098,-0.009601563856929379,-0.2785887116898909,-0.1771064981495874,-0.2706310769180697,0.4998056707178188,-0.013938849246306818,-0.4998056707178188,0.013938849246306818,0.6132551164616898,0.4589506919728971,-0.8938068830582785,0.3491153774806782,0.6374953662967093,0.8890634632312661,-1.110649176947455,-0.051247075708393146,0.6625176361556034,1.031512325261338,-1.1218348378698841,-0.19317310253961284,0.6009034477092353,1.0347754682300683,-1.0854841524667351,-0.23795105739352182,0.5718252395412842,0.9920586449767621,-1.0551819978753085,-0.203390769083907,0.6469666067222039,0.9439346297014471,0.621362368721239,0.9868587887951955,0.5999445244802224,1.0520821360818244,0.5830930646883841,1.0997028118912608,0.5734134277896595,1.133928449410677,0.6039334968665802,1.0756117867636596,0.5614302366455749,1.1405221315337992,0.5336746028280199,1.1775814385198853,0.5162861473611953,1.2060324694093543,0.6299688714878366,1.077698648945989,0.5810437602977475,1.1412922240582843,0.5491415311481461,1.1772516944449767,0.5234724611778607,1.205508370929898,0.6469980935520632,1.0765339190947998,0.6044808172451048,1.1389529126668048,0.5707987420064413,1.1731176935376852,0.5441295726862686,1.2000006032753177,0.6561896284972107,1.0737042078958068,0.6228254263284644,1.1260522719138037,0.5962827422704875,1.15581722611697,0.5723992683753049,1.1788449462844575,-1.174771672006806,-0.08588012467064653,-1.1032410567447126,-0.1422347072735635,-1.0582837414695485,-0.21593250135325207,-1.0785508958012942,-0.2833948307555009,-1.120187540588448,-0.3340608152765226,-1.0184328603508952,-0.2512153680825982,-1.0243412797884461,-0.3131806039625907,-1.0614766193527798,-0.3476081721451735,-1.098924058314865,-0.3731016606201583,-1.0790418204269832,-0.25913865182430434,-1.086084337442573,-0.33039788173504375,-1.1052783590349735,-0.37708714616251826,-1.1204213561638414,-0.41907509868095827,-1.1367207461200026,-0.25393482070498,-1.135918982713754,-0.32435161959466424,-1.1410165802121468,-0.3663726910884062,-1.1455289049012982,-0.4061516461484756,-1.1946390517556271,-0.24018907427956776,-1.1958136911251438,-0.2980590928704802,-1.1947051294391597,-0.3334787385958103,-1.188121502013524,-0.370296786653356
-0.06892777692576448,-0.34724703418527153,3.733780335702617e-05,-0.4050627871214992,0.045215528209416184,-0.40167153926140753,0.08450722499931873,-0.39751909363752586,-0.1310732649495472,-0.4076541565220066,-0.17203708646154312,-0.4081403693714265,-0.20952318554299418,-0.40809240538695507,0.13994424134255845,-0.3614878802084225,-0.23660754265965792,-0.37894693899964843,0.020095304847658004,-0.2776325120753533,-0.14675747196779657,-0.28764978436024136,0.4984155774959579,0.03977325872204655,-0.4984155774959579,-0.03977325872204655,0.5601235489492504,0.5193815608153406,-0.9212258806063626,0.25135806986890713,0.5378787624679932,0.9479736680276434,-1.1055820123669553,-0.1659269559911785,0.5465826690986458,1.0917743810023128,-1.1026994766116318,-0.3085721123549641,0.4855722336006833,1.0885235624035814,-1.0612862992642509,-0.3484772030702196,0.46152940728517083,1.043158170120573,-1.0368151610976928,-0.3111202646236661,0.5426481291695188,0.9999301693991584,0.5016605775742266,1.0344312956744923,0.47398660742678933,1.094258371689135,0.45581505803696654,1.138812399212477,0.44232935620947467,1.1705822487721356,0.4919360223558565,1.1271322568873225,0.44093626998549273,1.1859555930576917,0.40801877651585133,1.2195539565151372,0.38763839035984193,1.2459419337352062,0.5188727647288165,1.1331597657137042,0.46069825406913095,1.1904281954688785,0.42223562899387157,1.222395130621125,0.392569094487438,1.248543536549877,0.5344467718773382,1.133881085039605,0.4824638565859453,1.1917370218027254,0.4439418096025455,1.222025051295822,0.4149944991116286,1.2462239685765613,0.5398147138095153,1.132021980273293,0.49951971606760287,1.1805031722109676,0.4695701916490861,1.2073709610385084,0.4438163098212576,1.2278737155366053,-1.1750390776761424,-0.20994031298525562,-1.1082421414634938,-0.25403825182560624,-1.0559155936678732,-0.322341657627269,-1.064835720467029,-0.3933220870927068,-1.0871255178596937,-0.4503674290817561,-0.99967236917921,-0.3505380215583582,-0.9984162354558893,-0.4131877088209516,-1.0331723586237633,-0.4521638602108121,-1.069448421395043,-0.4835523852138219,-1.0569967152570083,-0.3667266856752917,-1.0518345624365064,-0.4379590231958735,-1.0686676735976848,-0.48684867564254225,-1.0813278348083766,-0.5323135919109191,-1.114781456647666,-0.3694485808981886,-1.1036221304710052,-0.43909740818153986,-1.1058706747716525,-0.48211392119163027,-1.1060756107174534,-0.523802710520743,-1.173796267270556,-0.36303180331402246,-1.1646573471002792,-0.41814105785371625,-1.157076963808276,-0.45268658784822696,-1.1438736619845695,-0.4894401158759173
-0.03546005180182857,-0.35209800145987274,0.03900359173333701,-0.40294685122590396,0.08364009095374784,-0.39523680435082503,0.12239039455318322,-0.3873352999403077,-0.09119555023377861,-0.4179947408625472,-0.13180386812947414,-0.4223770312922326,-0.1689125096619806,-0.4258710805776748,0.17460474491208947,-0.3460748270164411,-0.19793093207917273,-0.39930345538349626,0.046699852203908584,-0.2743684682336504,-0.11821674086107403,-0.3002949143592781,0.49228218454544237,0.08751143227697228,-0.4922821845454422,-0.08751143227697228,0.5075303260094127,0.5692046429908729,-0.9378085013504569,0.1612741064595846,0.4453775491256968,0.9928492212355634,-1.0961305630857483,-0.2730923100432679,0.4399695482796796,1.1366811671009605,-1.0910260763184807,-0.4150278067503686,0.3798627593352606,1.127562726830941,-1.048151419206704,-0.4520354151436918,0.36025807597155757,1.0803984555654604,-1.0247152002344406,-0.41196289198992925,0.4476679380062409,1.0468468214262683,0.39006810861092134,1.0730411505111601,0.35398223579685717,1.1298258272026482,0.33428896585996604,1.1743042889314812,0.32280190255489827,1.206479209896145,0.37154642992448395,1.165289698241683,0.3175604436276784,1.220953366938863,0.2844539634085501,1.252460272660921,0.2642860346845972,1.2775205601522936,0.4042099997907661,1.1749248813421622,0.34247421023805474,1.2278484651984316,0.3034825850502748,1.2570990258364132,0.27302330193877544,1.2809949689237916,0.4265352611995534,1.1786791905647356,0.369262384807184,1.229592153056021,0.32918761214215314,1.2568329221503203,0.29888789603695753,1.2787740846499012,0.43949767909265725,1.1787417358194738,0.3923119931278157,1.2211700692903251,0.3594196816655597,1.2446258312375587,0.332151315148857,1.262594115317869,-1.162815093487161,-0.32147960532089515,-1.091946333825348,-0.3634439188167098,-1.036580099918217,-0.42703592727928064,-1.0422555389418344,-0.4981909075838686,-1.068230021013898,-0.5566855111030745,-0.974694034341394,-0.4460420033326637,-0.9709162740201338,-0.5105980901267755,-1.0073747209399908,-0.554103679946426,-1.0468541118929573,-0.5884257790387325,-1.032999304678102,-0.4654941495580485,-1.022731755192539,-0.5343757436938964,-1.0345767921053088,-0.5847347360101115,-1.0431216421731804,-0.6311006992452292,-1.091159670238413,-0.47288202082335246,-1.0751904261762537,-0.5401878058261789,-1.0726297575298767,-0.584584121529217,-1.0671101958672033,-0.6270981863088014,-1.1511596775467592,-0.4725747493241719,-1.1359942207423124,-0.5270117121170197,-1.1243603721543804,-0.560824545011381,-1.106879352587739,-0.5949889499882712
-0.12960170094783902,-0.3290241954295763,-0.07144425755283665,-0.39818616638079474,-0.026429034740982772,-0.4028527614175949,0.01306386437550994,-0.4057617935635106,-0.20080800325536013,-0.3772750234493676,-0.24102917076441732,-0.37046058090051676,-0.2774881660998682,-0.3637857036781559,0.07455869347216336,-0.3802024165452155,-0.29779479075524823,-0.3304412906257836,-0.029530413213081953,-0.2764974393648219,-0.19507869190993812,-0.2569169282317493,0.4976066122349602,-0.0488636824241269,-0.4976066122349602,0.0488636824241269,0.6432292820400055,0.4091201734115973,-0.8591852850369744,0.4091668186352766,0.6996235232178954,0.833152972783888,-1.1355927958133218,0.03920556656194234,0.7345936848154663,0.9729524938348297,-1.1815813919498719,-0.09259079997437843,0.6745556969472268,0.9804092571250127,-1.1498042665936752,-0.14284009396276554,0.642495608057437,0.9405688262115501,-1.1142876329044145,-0.10993855831738682,0.714489254592921,0.8854029973144064,0.6974297137736855,0.9284013331496405,0.6799204060669775,0.9946103796967319,0.6633238854977569,1.044003788349793,0.6505825413057215,1.079268127444896,0.6884651666147327,1.0192767594378127,0.6480436690757702,1.0850841990648659,0.623120651248153,1.123409764207188,0.6083732335148246,1.1530941131789012,0.7083074774065028,1.0207915303911241,0.6639480697096338,1.0846300684915113,0.6359809844870405,1.1226652212096573,0.6137986068690499,1.1544686105252633,0.7195396462265492,1.0201876373365164,0.6804158656246929,1.0836681728672777,0.6517916684188518,1.120142529322563,0.6299352353895666,1.150220283803465,0.7230314728186547,1.0189271771119566,0.6926938686663436,1.071754871951665,0.6704119931486558,1.103357611704971,0.6507836963541663,1.1291488445563878,-1.2212832651028986,0.006909658398340523,-1.161897551395658,-0.053957925315577936,-1.127432289809426,-0.1296951424523572,-1.1563753178781766,-0.1952620255888033,-1.1968444497033384,-0.24098478146318747,-1.0746399213898126,-0.16028077045219036,-1.0869849635924242,-0.22196022270628749,-1.1317552381609661,-0.2503300338750263,-1.17645460232904,-0.26980679223304405,-1.1362645046370772,-0.16482499866545355,-1.1473951461929397,-0.23399320256631118,-1.1726605767988723,-0.2795963596611024,-1.192434514557979,-0.3225873493685943,-1.193914239404004,-0.15668684974559444,-1.1986898396623515,-0.22599584967195183,-1.2090156776002194,-0.26862538633661986,-1.215634012899303,-0.3104093587231287,-1.2516028438711146,-0.13893784503671633,-1.2518392368081595,-0.1941284534180535,-1.2513419802434214,-0.2285651151521924,-1.245887583745438,-0.265285656177835
-0.11017274826898564,-0.3362142519704418,-0.04770152532013336,-0.4017809558646798,-0.002436387278534783,-0.4037509120601238,0.03733338856516187,-0.4042936928071224,-0.1780564322277722,-0.3885744170810066,-0.21847649039153821,-0.38417765957034095,-0.25508448678734813,-0.37970734647518656,0.09753344423262961,-0.37505321429481314,-0.2766537943795381,-0.34767513813174505,-0.01343325488799493,-0.27781048219835114,-0.17978983397177412,-0.26819317467073833,0.49963462398930464,-0.019111318925342412,-0.49963462398930464,0.019111318925342412,0.6172717021731674,0.4463007050617927,-0.882600761687716,0.35250602831269884,0.6501239514073984,0.8726726560248879,-1.1586573530096873,-0.026761204509968575,0.6782319798743,1.0142818831262417,-1.2085018213357706,-0.15870787311381981,0.6177689952599803,1.0181616471332087,-1.1704992364080116,-0.20660028957551504,0.5873490149880066,0.9765591891549571,-1.1359908278198556,-0.1709004982739017,0.664214182649003,0.9270126043082777,0.6297818151741059,0.9648641672310336,0.6048425731125706,1.0299064894304744,0.5880904730518135,1.0794585224125701,0.5806047191021395,1.1157286281047345,0.6231349757287766,1.0575167002885308,0.5789680941645721,1.1200147749005787,0.5507649865044614,1.1572471388688375,0.5346796508685966,1.1864600098731108,0.6497739997658336,1.0609579366544497,0.5993170773619175,1.1224775277577606,0.5672284401883975,1.158655489735902,0.5425056519472964,1.1886238111604404,0.6668366025447836,1.060292018247073,0.6228340897290601,1.1209706200032565,0.5903096753318762,1.1550617685990643,0.5656590084452193,1.1830452262300466,0.6756382707859945,1.057791031846676,0.6416079895819812,1.108720406823609,0.6167831839192356,1.138228362209539,0.594628626375753,1.161884710478176,-1.2415244891195476,-0.062477302778609384,-1.1889896474477817,-0.12089676456873226,-1.156239839001117,-0.1933054547172974,-1.1771730568712329,-0.2589774615032841,-1.2120309376883414,-0.3098432435500212,-1.0952918533466196,-0.22439028656468213,-1.1137936185563744,-0.28937184455090237,-1.1648629650542588,-0.326583282663395,-1.2201392867081016,-0.35288368930054154,-1.154830028540982,-0.22906619193225236,-1.1623329757715288,-0.299508330005049,-1.186871601766455,-0.349610956664513,-1.2114624404368595,-0.39441245988078844,-1.212051611611322,-0.22268746970931264,-1.216950563642645,-0.2880299417003976,-1.2269311294008267,-0.3303259571971737,-1.2334700710907274,-0.37154258789225086,-1.2680427744108755,-0.20976316186990626,-1.2659593612932127,-0.26419784519347794,-1.2636287518070415,-0.2979295805708365,-1.2549877702482644,-0.3332422641959678
-0.05381541412319685,-0.3498361640783889,0.018723339497033798,-0.40429861576245785,0.06370522454855951,-0.3988690012351724,0.10315147982404539,-0.39289857714312865,-0.11192705358777066,-0.4124521229926106,-0.15240093076089908,-0.41468534365012855,-0.1891311172126934,-0.4162293304915893,0.1580426772082498,-0.35420228628180306,-0.2152054918673712,-0.38799711781813906,0.032044882271413964,-0.27641517358689394,-0.13360753564698483,-0.29403926887859844,0.4960853699163608,0.06244442132766868,-0.4960853699163608,-0.06244442132766868,0.5365377413546967,0.5409074944797252,-0.9282041498824435,0.20085665131519143,0.5008380727502969,0.966786861215342,-1.1533129561288076,-0.21715233997803907,0.5066868988839328,1.1114543858266863,-1.1787023173563838,-0.35558091733120006,0.4463911024080426,1.105399414129725,-1.1337083836467339,-0.3955825925458305,0.42243336980066915,1.0592846709185646,-1.1070137877931858,-0.35502526317675737,0.5060260034382736,1.023234415845002,0.46090414033164573,1.0548335384314036,0.4281940479055213,1.1130501328093112,0.41117881829831465,1.1579510056773945,0.40146193354696996,1.1916047064612012,0.44822951879331935,1.1466190470030662,0.39548509440365043,1.1996178727435298,0.36100869727657564,1.2308876805430047,0.3388738891330298,1.2552227712279562,0.47638859850161286,1.1546856830500083,0.4211324297924977,1.20684084271239,0.38401557685116394,1.236580583511332,0.35478084010557337,1.2606955741809471,0.4927568932324032,1.156080093451835,0.44132086464299713,1.2076851356633844,0.40188267296727886,1.2346255476574222,0.37136588983241575,1.2570225460347069,0.49819400359689314,1.1531733585675148,0.45391517449803237,1.1961965547891034,0.4212287460167379,1.2202013014215187,0.3936797353986492,1.2386741168257573,-1.229813482399845,-0.2662627978016875,-1.1661434495804859,-0.31133500374307016,-1.124371279600148,-0.3774706844873685,-1.1393008090653722,-0.44756431787744716,-1.1639963339142616,-0.5018582090034119,-1.0560280037934617,-0.3960167578951805,-1.0619853169238298,-0.4642023619256547,-1.1098430621100854,-0.5055889138523852,-1.1602760911797718,-0.5366006065139105,-1.113131109329725,-0.4139605656208792,-1.1134080580670989,-0.48678950617062583,-1.1308721532084187,-0.5387270460935396,-1.143859837076154,-0.5868492786438858,-1.169323794127803,-0.41916287206707864,-1.166188585927006,-0.48671179031852874,-1.1666044902938786,-0.5293430360539305,-1.1643299417339241,-0.57076007611993,-1.2259952473278235,-0.41549023165258925,-1.2175549182409369,-0.46789669303583853,-1.2110389547531026,-0.5007140755127566,-1.2009934423374369,-0.5349287813993707
-0.15456900524562064,-0.3183484339749619,-0.10119731142666091,-0.3918313046936068,-0.056564095601583625,-0.3999422771190976,-0.017006492347630728,-0.4059096426863012,-0.22842006924534033,-0.36104355978779334,-0.2676797274470745,-0.3512570114322429,-0.3031556350363764,-0.3419097567427918,0.04710476232814231,-0.3851541155495304,-0.3194668926385223,-0.30722360325239884,-0.05089192471807729,-0.2735411263894016,-0.21436566265864387,-0.24147257119573112,0.49241472112725615,-0.0867625634543298,-0.49241472112725615,0.0867625634543298,0.6725240878930994,0.35844769022400425,-0.828449796238605,0.46290919084594623,0.7649965028802421,0.774857304240258,-1.1714159942743823,0.13314374672952736,0.8135468286797403,0.9121586869136512,-1.2347384521493054,0.008275749711684816,0.7541423576176914,0.9240612655725741,-1.2041243884638344,-0.04248763481350875,0.7173531101216938,0.8869997987034967,-1.1672552770089675,-0.011640374707997501,0.7865205135592239,0.8250660594367638,0.7255184342150962,0.8711217549427465,0.7114671011931293,0.9376111979839697,0.7193581173459103,0.9854522018688743,0.7269300314635343,1.020653863591895,0.7526006065666496,0.9634666183540778,0.7245658642536129,1.0303029962561687,0.7058672907376827,1.0696192236598505,0.696789191086205,1.0991485972725326,0.7945765741338633,0.9591983484065245,0.7589465141290489,1.0267306745727032,0.7344000965133203,1.0664647638164313,0.7163091516094647,1.098801656535157,0.8213273817638157,0.9520835155768658,0.785529185090179,1.016657468723399,0.7577543881198753,1.0547020139568108,0.7378959194196792,1.0852172988549815,0.8343786763864832,0.9448124030209006,0.8028369838915548,0.9991010546746238,0.7791454768166501,1.0315220326971997,0.7602294528307113,1.0563836081665992,-1.248868121157302,0.10747866304591468,-1.2076782800194923,0.047058904703396624,-1.189811453093634,-0.02874514442217938,-1.2225363924806585,-0.09050569476015177,-1.2604204872519944,-0.13496496635798172,-1.12689968871052,-0.06579134396994392,-1.1550495695691718,-0.12912533082575345,-1.210946097550422,-0.1542306264797918,-1.2654479855541567,-0.16964436287572718,-1.185947457332708,-0.0666212513108544,-1.2092814502813936,-0.13725533561612185,-1.2415449696634047,-0.18143344036909204,-1.2681902156400826,-0.22369924998799257,-1.2413822161340264,-0.05480359314962644,-1.25899065620751,-0.12089999517560827,-1.2732350900677412,-0.1622373100161009,-1.2840089566182384,-0.20341115961501877,-1.2936443840229768,-0.034298122000649404,-1.3012566924347206,-0.08742610775831235,-1.3060333871113523,-0.1213888052185628,-1.3069185463389594,-0.15836542145904875
-0.06229214574782382,-0.3483662478013731,0.009131706902437108,-0.4045418466014453,0.054336634230508045,-0.40020426969519024,0.09413323616543909,-0.39516538219499275,-0.12166433507467246,-0.4095382749422507,-0.162015569791941,-0.41081227833885514,-0.19865823211687653,-0.4114623543901332,0.15055297598168949,-0.3577063567246101,-0.22337358269268867,-0.3824057350379806,0.025303883483884453,-0.27700595825723034,-0.1407057193764903,-0.2907235346056726,0.49744182664717634,0.05051365262897338,-0.49744182664717634,-0.05051365262897338,0.549888566066069,0.5277988928935968,-0.923463132389245,0.21950696468893016,0.5284370622657478,0.9535582844938811,-1.17025304382036,-0.19088641573346912,0.5386207734033214,1.0994103813148521,-1.20041987483569,-0.32699111365103617,0.47856145829722113,1.0946246970892186,-1.1559861426467615,-0.3681790281394273,0.4527002535534833,1.0488586220746337,-1.1300347147180743,-0.32855583668834776,0.5331220275547081,1.0077522974864983,0.46859624702580854,1.0353810245847563,0.43548926775357705,1.0942557640320918,0.425507939925472,1.1418831926072854,0.4221881556343893,1.1776060172976268,0.46770281847557227,1.1325178989225209,0.42143521949627993,1.1903181579026827,0.39066395245831376,1.2233160470393944,0.3712190461996819,1.2490420624727085,0.5058953431659683,1.1400585656714848,0.4498030956834281,1.1964758142022283,0.413073729080806,1.227968130081269,0.38418194601773553,1.2537163770574777,0.5305303794031208,1.1408532567061949,0.47531142552404027,1.1947310590518978,0.43723472843693234,1.2241015074826629,0.4085175613479126,1.2475678484999637,0.5428107552931991,1.1371943721991593,0.4965231774788441,1.1817930412570867,0.4644878513138701,1.2070275188780022,0.43870544897457336,1.2258353829053878,-1.2397221995546903,-0.23429319411584434,-1.1805119029057154,-0.28353886274439627,-1.142504903115806,-0.3529701075269921,-1.1607345281629675,-0.42176048084951273,-1.1906308986495204,-0.4742287389279423,-1.0728003422958645,-0.3695081211710496,-1.0869597709889567,-0.44057251279557696,-1.1361690044734287,-0.4842370981545192,-1.1872285130104145,-0.5173107559667133,-1.1303354864774064,-0.38466800773292353,-1.1351116991626173,-0.45871078011838434,-1.1536729591730954,-0.5115224641221098,-1.1684266737922713,-0.5594585354901906,-1.1871756080434137,-0.387491479214435,-1.1862217645279516,-0.45505505139644453,-1.1879953989685497,-0.4984134656505787,-1.1870868338777851,-0.5405156058957842,-1.242778507093416,-0.38220282339434136,-1.236515469766467,-0.4351162045110179,-1.2313259167616333,-0.46828186290376383,-1.2224354335813186,-0.5029427676846854
-0.1288120874735893,-0.3298613188965761,-0.06908982172306061,-0.39870277259763265,-0.023790396006497048,-0.40314772000938087,0.016312707254436974,-0.40584384095236264,-0.1983665815374378,-0.3785062875368197,-0.23809398705252946,-0.37203441443186325,-0.274167778947175,-0.3656110419845033,0.07918724215305688,-0.3799363610351958,-0.29251261210086793,-0.33234053804037716,-0.029016304243328444,-0.2765756085522379,-0.19451470998915948,-0.25836188153504297,0.4978646959311263,-0.04615998857676532,-0.4978646959311263,0.04615998857676532,0.6413509550815365,0.41196537297693464,-0.8639929827859159,0.39304625315795666,0.7026754640416715,0.83354232136251,-1.1920111710189776,0.0392814305148988,0.741052405885257,0.9751888357522426,-1.249658240630793,-0.08669634262077397,0.6809446713888768,0.9819069076079329,-1.2122322977046347,-0.1366337966156211,0.6466272976763026,0.9416476264362732,-1.1798332353002767,-0.10262219900992715,0.71842220824503,0.8861627144588522,0.6577403863294935,0.9278523799209639,0.6372511973055632,0.9963397548417686,0.638984916003137,1.0478779559279705,0.6447065899396901,1.085540100430882,0.6730390830388272,1.0235829500717284,0.6392267094595436,1.0906959097615017,0.6164976515256697,1.1289980802377562,0.6042543667277885,1.1583768739867297,0.7141967470666786,1.0219278703450903,0.6698349751836983,1.088627528960078,0.6404456353397047,1.1267393879380936,0.6183204260727263,1.15758574716674,0.7414346034241065,1.0166646539961073,0.6980537498029182,1.080591958545528,0.6668830827466987,1.1171658438446315,0.6440217457983886,1.1460751949118493,0.7561243698383189,1.0106577853063607,0.7207632843428311,1.0639478454098539,0.6952919909074698,1.0945030529584157,0.6748637853032753,1.1175920214225308,-1.2673698359352843,0.00998161736965933,-1.2205177500303872,-0.049597756342938226,-1.1993155247451543,-0.12421533420025166,-1.2294811069568066,-0.18819961966449075,-1.265051193512994,-0.23516927736880705,-1.1295398509315626,-0.15292803968730104,-1.1544574975283983,-0.21923365729346692,-1.2114289328168881,-0.2492831311412054,-1.2675596768899602,-0.26816014787352777,-1.1889716459884108,-0.15796193606985806,-1.2075542374179071,-0.23020423923043776,-1.2352588781548717,-0.27762855914407214,-1.2572987629981947,-0.32153632862234244,-1.2453630704251861,-0.15011491712699218,-1.2579242440497769,-0.2171182530675172,-1.267388693604856,-0.2594491024176998,-1.2734907351330325,-0.3014880761186246,-1.2984057603564598,-0.1341180411450863,-1.3024569141723707,-0.18696975286106332,-1.3039875125248046,-0.22051487224789,-1.3019176537830062,-0.25682590450782394
-0.054959007823230085,-0.3500042536872091,0.01857604164663489,-0.40430859192566176,0.06383095181245411,-0.3988672495917403,0.10364202071960203,-0.3928123533766366,-0.11202609971134105,-0.41252229640056154,-0.15212108274104294,-0.4147885072844831,-0.188729533152889,-0.4162908295280481,0.15978489006256963,-0.35380251566765825,-0.21364243331533816,-0.38767630669102254,0.031154995771945474,-0.27631818162784216,-0.1344056080121496,-0.294389220884706,0.49608559264612045,0.06244265184108919,-0.49608559264612045,-0.06244265184108919,0.5375849982372356,0.5407865029137194,-0.9281097726108595,0.1967730610472152,0.507285904065818,0.9657351444781618,-1.1796386835839934,-0.21958017444580039,0.5143993876713399,1.1124361056694831,-1.2107910147276297,-0.353892970912329,0.45397475213701427,1.1059478699757608,-1.1635506201024188,-0.3953666895842331,0.4289313749259836,1.059068861220538,-1.138974120416806,-0.35525222773492465,0.5088666339690374,1.0191465050720334,0.4327042732976561,1.043640458891085,0.40234166623925155,1.102880774545658,0.39834558367128103,1.1535731767358075,0.3961156433694972,1.1913828561087965,0.43645264062897704,1.1453860887867386,0.3887658377677081,1.2025542893755272,0.35795457404313846,1.2345793520098431,0.33943486727521227,1.260409180466261,0.4792920592413278,1.1539814310873553,0.42148345467609394,1.2092516899760486,0.3832306950908449,1.2394383245915737,0.3535850989865635,1.2644468795405106,0.5082899077571482,1.1549048406316198,0.4517926002798723,1.2070747688949977,0.4117278536877663,1.235284130985692,0.3815420782317738,1.2582263973006904,0.5240300493296014,1.1511957458792197,0.4769329409861186,1.1951922890368996,0.4441252732384655,1.2198999770815184,0.4178600986286423,1.238372840252418,-1.2365831349223562,-0.26325250654886334,-1.1808007091239208,-0.31120029126427345,-1.1481669183022294,-0.3804879693924594,-1.1641066653806327,-0.4486984832970299,-1.1912946194163758,-0.5017833879316922,-1.0743866489790517,-0.39386274209608985,-1.083200191188117,-0.46500264337983266,-1.13403283848015,-0.5064127132060127,-1.187129388035532,-0.5360987807114441,-1.1325891090177456,-0.4119399258933231,-1.133486710919349,-0.48680922052069264,-1.1503523025655746,-0.5396085962030018,-1.1630736568857143,-0.5870548053462226,-1.1905177783675525,-0.41644601615154453,-1.1863484683134256,-0.48489646167160916,-1.1857936550986916,-0.5286114557176558,-1.182814042128128,-0.5704809030127986,-1.2455485089980953,-0.41168303534570605,-1.2370140906175913,-0.46358439757673026,-1.231447534589062,-0.4970110316111829,-1.2219810121291415,-0.5320923060443095
-0.14426610796447828,-0.32342195652629646,-0.08725372998723564,-0.39507412494435706,-0.04204916595840285,-0.4016756154510846,-0.0019268451253576355,-0.4062561554336216,-0.21542388058883213,-0.3689835539922317,-0.2546295835794316,-0.36076444959892,-0.2902267586923254,-0.3526945680375893,0.06275114472814856,-0.3832710602783754,-0.3066060881030378,-0.31850612280773993,-0.041802765474872376,-0.27474528167116896,-0.20642366896904907,-0.24898603054761007,0.49516026476717245,-0.06939965558778806,-0.49516026476717245,0.06939965558778806,0.660118111226337,0.381167469370671,-0.8439548581111477,0.432279228291384,0.7424289405671907,0.7990957994876839,-1.1999887077538771,0.09697757348879148,0.7881134202808534,0.9389907323675698,-1.2681078995478143,-0.023500814949420964,0.7276895524873599,0.9485375900889641,-1.2346008955854466,-0.07567804933698048,0.6911033197402299,0.9098451500230459,-1.200571114378641,-0.043605097742494804,0.7572956441158252,0.8510626575351194,0.6933262103518467,0.899989887017986,0.6738761081942516,0.9659130369988473,0.6735847033416766,1.0138566185001434,0.6770174434759159,1.0485732128861045,0.7185191192018584,0.9909016241001815,0.6898338863240401,1.058654276257683,0.6705531163241291,1.0975591238178288,0.6595639805928953,1.126727585155348,0.761063683665376,0.9878786695065146,0.7203945229263589,1.0576580643239262,0.6909977214457382,1.0966237949477164,0.6676914872989934,1.1266759861899596,0.7881828297416911,0.9820064712858306,0.746243832905527,1.049783982674418,0.7153280925628054,1.087606956124486,0.6924428329309155,1.1158624005553068,0.8016568763995678,0.9759699989066729,0.7668571804862782,1.0322164966902632,0.742435123857445,1.0651435733656887,0.722576964213406,1.089495359271476,-1.2588088722901944,0.07170717548197264,-1.2253102891773333,0.012305502066689053,-1.2146079461741346,-0.06491110281273209,-1.244128660394011,-0.12650533257477256,-1.2800075202033432,-0.17436057614637837,-1.141145611122522,-0.09810360507348066,-1.1706830215052741,-0.16348016188164832,-1.2299134323526506,-0.19022038011597767,-1.2893017546133687,-0.20564480674027896,-1.2025404177446544,-0.09922267018000484,-1.2260941690657106,-0.172080917642224,-1.2576598201166498,-0.2195235009975609,-1.2848256417040593,-0.26120849644163924,-1.260555177971112,-0.08762178906650782,-1.276677844692668,-0.15424300465317148,-1.2903895765815174,-0.1950675656316115,-1.3006105600444535,-0.23608475583178226,-1.3122531777033848,-0.07000596527803872,-1.3176484299446733,-0.1220208025234891,-1.3216355306275747,-0.15445405091625958,-1.3212339554478367,-0.19096881358454568
-0.0968567806130436,-0.34060678519311705,-0.030115687693024473,-0.40349749885393055,0.015601545761995158,-0.40363455414184607,0.05600804694302287,-0.40249030236946903,-0.1606554033043318,-0.39581825267606713,-0.20058088246373304,-0.39323512468157595,-0.23698924232619864,-0.3902872994311551,0.11689267098530506,-0.3705592274389316,-0.25770254652455327,-0.35884577995627287,-0.0023652175846501284,-0.2778446364287437,-0.1687778810399907,-0.2757003257695929,0.4999980605915234,0.0013926251165611873,-0.4999980605915234,-0.0013926251165611873,0.5996406607379204,0.4707815007379312,-0.8965328131266259,0.30866080727681966,0.6222805803811239,0.8961640011799659,-1.2031359512295705,-0.07317250846554975,0.6476080736947603,1.041379034572514,-1.255582300877777,-0.20281117539490315,0.5862011970809654,1.0421415119177095,-1.215340402919167,-0.2498394430747038,0.5554685939687364,0.9986965404907663,-1.185878929705083,-0.21318469551921118,0.6265034124268728,0.9497510525552505,0.5990887735455187,0.9932896784301467,0.5765331683015517,1.0547091853822372,0.5571613142217546,1.098305443738323,0.5421433302741552,1.1299228902200666,0.5976059426552045,1.0842951087895931,0.552459325297616,1.1456669603603067,0.5240125299718674,1.181032986282577,0.5058604502412044,1.2082698779814682,0.6178883831238795,1.0873965462601476,0.5657831113230372,1.149679898790318,0.5321480158486316,1.1846589445753963,0.5068006644543173,1.2125657834828434,0.6255696940696984,1.085915185927268,0.5778748175277488,1.1480362398281518,0.5453621982140754,1.181130795216579,0.5227159278864073,1.2066767449917002,0.6218438766891357,1.0819976655327974,0.587037450865514,1.1346671465549947,0.5623091951541347,1.1638998161089689,0.5418107879481656,1.1857407954730272,-1.2712857728643014,-0.09823915708562744,-1.2275433186885196,-0.14782392118865906,-1.2066183225186244,-0.22214376565768842,-1.2258439938703125,-0.2880443897028281,-1.248673522799168,-0.3417866707857372,-1.1280797687546933,-0.2536798909400888,-1.1467991551912922,-0.32270977771589343,-1.2007330271302477,-0.36005641169673047,-1.2588870628729127,-0.38610471890322445,-1.1891696719225198,-0.2631602001086963,-1.2004444430911343,-0.33796611408035415,-1.2267637309993336,-0.3887230901885485,-1.2499726797007813,-0.43415155394601534,-1.2484245965393805,-0.2599468543904036,-1.2549704952179097,-0.328772114079463,-1.26544695526413,-0.3728019905245056,-1.2734218299102262,-0.4156770463264644,-1.3021980830381532,-0.2482701110356979,-1.3017549314567312,-0.30303733664702825,-1.3027542914888344,-0.33726476514873494,-1.3002183601814439,-0.37359625962861487
-0.13760724590699963,-0.3260006139352731,-0.07901415192658975,-0.3968154467755717,-0.0336600062763892,-0.4026135414439135,0.0064428225783004405,-0.406465469525551,-0.20742905888607732,-0.3730598122399472,-0.24670683680767802,-0.36555200218695294,-0.282447655723223,-0.35812231987866083,0.07061322861017887,-0.3822736223940908,-0.29921224653077577,-0.32441342204063983,-0.03630019682195353,-0.2752817252118992,-0.20070112461338657,-0.25273806255549264,0.49632997368107523,-0.060469473503109196,-0.49632997368107523,0.060469473503109196,0.6533484422084341,0.39289705559610194,-0.8512422278344184,0.4176919406868822,0.7285918570995656,0.8113146659459619,-1.2032030899705592,0.07869627302864822,0.7717032638325989,0.9528792781707786,-1.2785312339794075,-0.040988540929551585,0.7112217403756238,0.9608971203558148,-1.2436589198689945,-0.0957698609387763,0.6752437305828989,0.9215495332878313,-1.2071495750611274,-0.06393293749475368,0.7426434960692359,0.8638176422249837,0.6912088480675214,0.9117200009076031,0.6728043126115326,0.9800779868373083,0.6696323226935518,1.0295986808084336,0.6724579951207863,1.0659570715260769,0.7059041882704206,1.0051582463358666,0.6738402232907857,1.0711909390753391,0.6528621004162141,1.110628020436905,0.6404123681562409,1.1406618217125295,0.740329146576507,1.0030403068138245,0.6956599374057812,1.0705244959180398,0.667110500037031,1.1099620515024138,0.6449723183668524,1.1420594996959592,0.7620013079378116,0.9978995671891173,0.7196929187100514,1.0649000220823106,0.6905436588726506,1.102470441412364,0.6696302757987065,1.131685583836321,0.7719406653317356,0.9921527793305501,0.7400067743171401,1.048183691217575,0.7180950625989602,1.0801063465076997,0.7004845818329071,1.104500465262238,-1.2726528811425148,0.0692224112595102,-1.2306622787071548,0.008438858673115305,-1.2138778345358932,-0.06796233816313045,-1.2527892471664228,-0.12997425307495244,-1.2969701985232012,-0.1750290774316583,-1.1623457413998746,-0.1057510862637953,-1.1871839904521553,-0.16736268469880747,-1.2349041644512628,-0.19413424572321308,-1.279953882646063,-0.21158099745779105,-1.224218269123079,-0.10623892683773928,-1.2506791451483759,-0.1768980976040152,-1.2860579814706512,-0.22140377815233278,-1.3172528299773134,-0.2603402253510482,-1.2802084641644098,-0.09429527345546965,-1.299688179081226,-0.16295141048868966,-1.3195711366184524,-0.2040215201936651,-1.3371812809635026,-0.24430749355934026,-1.3332991427020162,-0.0744674759939687,-1.3450971460810446,-0.12975680777108334,-1.351488035348712,-0.16333324654295178,-1.3533311825163752,-0.19973688250248095
-0.1493170681548072,-0.3206969616208325,-0.0933662454018912,-0.39372633107773175,-0.04826322476443647,-0.4012318855407729,-0.008373805869031612,-0.4065904495202481,-0.22068010864500845,-0.3651672797719499,-0.25959557012995893,-0.3562035179525343,-0.2950234817605879,-0.3474462583388598,0.05655212152909733,-0.38479967791781416,-0.31050256414920097,-0.3131569537005242,-0.046281440560894005,-0.27373115717480995,-0.20932786434440448,-0.24513727713781078,0.49370545446253555,-0.07908807896226369,-0.49370545446253555,0.07908807896226369,0.6677304463486358,0.36799729520358504,-0.834654202526247,0.4497692394610718,0.7586469930432497,0.7825477523152665,-1.1993213416712574,0.12505231398054426,0.8071150858968538,0.9228070912347123,-1.2820480828662308,0.009278937499618447,0.7469713240377337,0.9327930999865455,-1.249635476992208,-0.048062643898072493,0.7095199605122938,0.8946532919408717,-1.2107039385087832,-0.018079778776706374,0.7704907635419357,0.836566032986821,0.705527538521135,0.8859287050906777,0.6900849247547999,0.9522179390902125,0.6947429556965138,1.0002846231259759,0.6993905246027381,1.0352568120083303,0.7375502964115205,0.9783454814174348,0.7078045720574029,1.0459547516126015,0.6882329887674937,1.0861260569167688,0.6781727185419868,1.1166707126282207,0.7801301825367332,0.9744296837409885,0.7403919410837263,1.043969785353172,0.7130188682685376,1.0841163659818613,0.6921826511355396,1.1163655005426847,0.8076198668073375,0.9676376122779021,0.7677938207500106,1.0348788165579472,0.7369250537639634,1.0733630601289617,0.7143812382656756,1.1030911867514768,0.8213570443062004,0.9603477519809496,0.7864360167122287,1.0176369017166196,0.7600047750405963,1.0514959235794759,0.7380981861426684,1.0768377467208887,-1.2657377971199173,0.11866412933359305,-1.2246306469021204,0.052665720069220136,-1.2135216640252204,-0.02519211258814767,-1.257915031272721,-0.08451438955138087,-1.3036710524729804,-0.12907504551929055,-1.166027982748007,-0.06132965800312267,-1.1944816437919659,-0.12020075264977599,-1.2410387104194112,-0.1454013078793392,-1.2821078203502374,-0.16363214652952224,-1.2283068278943094,-0.058835352107350546,-1.2626943285879257,-0.12750389592219905,-1.297332808566187,-0.1704418203200916,-1.3239355390862244,-0.2104968868868365,-1.2841432988225405,-0.04429716980707545,-1.3092796637836084,-0.11287052504435217,-1.3287488205683853,-0.15331576222272186,-1.3444292765476804,-0.19499298543224533,-1.335167231452326,-0.022633635442317765,-1.3502279378711504,-0.0779146214846295,-1.3571200570621011,-0.11140887444412974,-1.3581215578597086,-0.14965317221772467
-0.05837172781951448,-0.34863099446528745,0.014420774634553837,-0.40454325875544583,0.059677658744510205,-0.3999623121391993,0.09934534447591559,-0.3946856270378211,-0.11550545672301692,-0.4103665483843979,-0.1554311415526574,-0.4119353607740251,-0.19217855928665462,-0.41282498928545625,0.15571254595885106,-0.3566461603421395,-0.2167566777787946,-0.38387953772997485,0.027990814938173306,-0.2761865986351055,-0.13610216610770354,-0.2913418190670742,0.4971452539316812,0.053353504975814196,-0.4971452539316812,-0.053353504975814196,0.5477338265338612,0.5306597002204578,-0.9221654072010164,0.215054820631833,0.5265371378326675,0.9548520462056306,-1.1997460726855864,-0.1815034673644786,0.5360221744413556,1.103147504539417,-1.26121825520695,-0.315046081918331,0.47469493590266976,1.0969799318218507,-1.2119956437197639,-0.36717964902283606,0.4491669742449072,1.0502814556342546,-1.1803862476554854,-0.3279409457519697,,,,,,,,,,,,,,,,,,,,,,,,,,,,,,,,,,,,,,,,,,,0.5260376807131778,1.0104374388927564,0.49719971644585714,1.0518860464849895,0.4669913739412805,1.1125038489492414,0.43945540332331506,1.1537581361600182,0.4187110911708366,1.1841434189247002,0.4895649691470752,1.1418442749950843,0.43629220104935235,1.1983948436153555,0.40163023150125504,1.2308900470260256,0.37676219378367054,1.2558699616721487,0.5020613833478158,1.146217163177174,0.4413887363336745,1.2016593244253537,0.4009611272453462,1.2333242942039453,0.36890418406881326,1.2591280829308582,0.5020309194569736,1.1450837488264922,0.44756601916128735,1.2033559451433555,0.4114828354964432,1.2343501782991104,0.3852764823788742,1.2588328131750934,0.49077580897709877,1.141097874509176,0.4539365024701092,1.1912408852913765,0.42882065745545894,1.2194601203559672,0.4082864097815799,1.241017697656439
-0.11058739690957484,-0.33560374487396005,-0.048231682249087,-0.4024486827884294,-0.0031330593749049995,-0.4051048685840738,0.0365114613174449,-0.4061827257771912,-0.17650006676841418,-0.38760140024007383,-0.21618523097499076,-0.3828109869819327,-0.25284730334792027,-0.3778424572546234,0.09735662477422051,-0.37752064953707626,-0.27397720500625433,-0.3452885455153444,-0.01543015894009676,-0.2776029591152814,-0.17842479561691602,-0.2664787694741852,0.4992980501954817,-0.026485034849707087,-0.4992980501954817,0.026485034849707087,0.6255941326862443,0.43834047949920346,-0.8693111529420934,0.36253266129635436,0.6716845653476118,0.8602307035879944,-1.218096920694548,0.039498693981718264,0.7043184733596995,1.0049154252726247,-1.314837712071654,-0.09765323475199213,0.6417485248518268,1.0080779973578002,-1.2778188996864885,-0.15222337841505526,0.6093908137035231,0.966007182642386,-1.2372084656642888,-0.11147712225920868,0.6773862492128193,0.9163464423067709,0.6451745792646054,0.9609079809868353,0.6242732650662315,1.0284621818900415,0.6098044266643875,1.0778882639027807,0.603965125331691,1.1138352406563286,0.645369652263854,1.0533483142517952,0.6044828983869668,1.117389727638877,0.5780238087590589,1.1546453343805012,0.5605811616427011,1.1829566314703468,0.668574145283322,1.0536654214338166,0.6196846375401808,1.117586652044027,0.5886387928043018,1.1545160256845741,0.564302290441528,1.1841913243889364,0.679783389748798,1.0509638246596116,0.6347499755314474,1.114682152205147,0.6033649786763132,1.1503192600815004,0.5809521642438966,1.1784353450065261,0.6801878581319373,1.0471756800824132,0.6459850186991305,1.1016870334501048,0.6221636183617825,1.1326801535770483,0.6021554107798153,1.1566040529138062,-1.2917642078234326,0.031227000866737867,-1.2489213226087432,-0.02926226589233877,-1.2343090929731788,-0.10515387668330191,-1.2608319564197037,-0.1699794455475208,-1.2953811037923686,-0.2214137993673085,-1.2115765369642473,-0.1495457254638406,-1.2527605180069736,-0.2135714334738414,-1.2991817572695203,-0.2551624151424905,-1.3367600830665038,-0.28900193862421264,-1.2724092162151959,-0.1491526521162223,-1.3059661401681126,-0.21502400906365982,-1.336515673296475,-0.2617422997674377,-1.3600814862981903,-0.3005490305164242,-1.3276441444853777,-0.1387615019290843,-1.348999404849973,-0.20653409646378998,-1.3656921333614531,-0.24819123568660287,-1.3778071024213001,-0.2870568866606861,-1.3754594788581145,-0.12349732359372068,-1.386168176283892,-0.17987737910902324,-1.3931914772540417,-0.21406701858747243,-1.3925014811363818,-0.24873654046443594
-0.03219104694368168,-0.35289202864314956,0.04321227573702422,-0.40460104912190353,0.08763458748920426,-0.39730016456106404,0.12640267642579106,-0.3896288842227232,-0.08478284589426835,-0.4183568406462549,-0.12442583850058896,-0.42245439820048397,-0.16156200989582126,-0.42575097722155686,0.17887942979667118,-0.34828948842837354,-0.18974184069554956,-0.3986764141861924,0.047017553724724895,-0.27549251903588273,-0.11361129865575031,-0.3003253725277127,0.49293013581363726,0.08378473134616493,-0.4929301358136374,-0.08378473134616493,0.5144125033294407,0.5691414514121564,-0.915331259173408,0.17468679192885905,0.4657203922224686,0.9883639944420721,-1.21353171996228,-0.20483811878964509,0.46565182620251455,1.1363660579887975,-1.2864778391203286,-0.3653662541774347,0.40387621245002353,1.1254950650427367,-1.2364715324315645,-0.40909555102823125,0.38158708603653024,1.0771355398794205,-1.2059130123091792,-0.35568086757958856,0.45467570779981065,1.0418960358226823,0.4383594129957955,1.0837890744547793,0.4056460002269009,1.1404651138464783,0.37302655710727145,1.1772467813485314,0.3457199929424597,1.202813889594342,0.41225676334484623,1.1709302971382636,0.353897008685118,1.2208368407208694,0.31737115001069,1.2502226107584844,0.29173642789363907,1.2735527575412628,0.41856320572382577,1.1752913402520535,0.3596601985208963,1.2246690826316944,0.32206062625347553,1.2532492037123177,0.29284835301476236,1.2769195681743946,0.41595216911846516,1.173971823520732,0.36392679668550465,1.2248967177623635,0.32810895318103206,1.2520416794554472,0.3020113636413204,1.2747647112367573,0.40515577216749366,1.1688318897735595,0.36737109268505236,1.2140164161333602,0.34103466148489187,1.239255475322094,0.318927010578377,1.2590233787320895,,,,,,,,,,,,,,,,,,,,,,,,,,,,,,,,,,,,,,,,,,
-0.15791197048567243,-0.3176244382042023,-0.10690737839396351,-0.39368051006528854,-0.06356340247159058,-0.40328164131518823,-0.025185640203920584,-0.4104385900875142,-0.2294484804831239,-0.3590917681012046,-0.2679426699512778,-0.34812776757742253,-0.3040611838670043,-0.3373289922150174,0.038158190919750874,-0.3913207055523557,-0.3221443757286293,-0.30127643310600144,-0.057639053534184116,-0.27481174054914703,-0.2149170822035962,-0.23836678237527403,0.48849914874341527,-0.10662355123029185,-0.48849914874341527,0.10662355123029185,0.6888794636851117,0.3341455246673184,-0.7764368464420731,0.5113201652193864,0.7991049658731282,0.7393005309453413,-1.2233593582400184,0.3492986116520624,0.8524091341770792,0.8751358775529751,-1.3901675157605828,0.25321032969124757,0.7914825095073482,0.886798279545974,-1.3702749185408964,0.18876305061025075,0.7534459361969739,0.8508443381106059,-1.3159485486314375,0.21220024039312407,0.8140896040521531,0.7969482214252727,0.7561907461875635,0.8478888313086427,0.7397986054510017,0.9134131862763225,0.7421779377133407,0.959730328178945,0.7480979129611952,0.9927509284539233,0.7803222445848024,0.9371918717460583,0.7565282574230057,1.0058943486891587,0.7380955481870235,1.0459988862184064,0.727600177929703,1.07680417265445,0.8198647846760431,0.9315942713969941,0.7885123864983065,0.9999193277457662,0.764044955827243,1.0400885403655538,0.7442469330858105,1.072774810661878,0.8455637296180809,0.9243293811891565,0.8135996612653187,0.9889456459542467,0.7868489437202312,1.0274235813167976,0.7666649055275473,1.0583578591154443,0.8584951308551279,0.9179096555961481,0.8280971983732321,0.9736179379346337,0.8040189494692791,1.0070386103970659,0.7844354401749375,1.0327090118679048,,,,,,,,,,,,,,,,,,,,,,,,,,,,,,,,,,,,,,,,,,
-0.01745989543663762,-0.35396329208050553,0.059232019630876306,-0.40362100532360845,0.1023424187596742,-0.39541455425028904,0.14014814353822208,-0.38683152282693356,-0.06548596444547726,-0.4200115596218192,-0.10516914385933702,-0.425136288054594,-0.14270166203468196,-0.42947337229448673,0.19045769796850248,-0.34430700745566184,-0.17512867731883908,-0.40380176394541434,0.056445113280300274,-0.27535268464045864,-0.10160270205194653,-0.3037948055166831,0.49096088542854266,0.09464358921354059,-0.49096088542854266,-0.09464358921354059,0.5009976485077561,0.5786896378446656,-0.9106865697655785,0.1790915407794434,0.44042391145214954,0.9910569245998889,-1.31430918026632,-0.11018885097065992,0.43403374129407457,1.1365603999873908,-1.4670237881408683,-0.24955652557835217,0.37267890496533246,1.1221423506615757,-1.4367798842481392,-0.29324701015563914,0.3529574914722796,1.074125987445115,-1.382617062434797,-0.26156105466982027,0.43312708187830434,1.054960387439629,0.3739147884795171,1.083331498874112,0.3339719410485469,1.1354334465478755,0.3115959304496107,1.1764149518415048,0.29520564752740436,1.205957491739695,0.35579317438570884,1.1675779622483422,0.3017666047937326,1.218417006689487,0.2665571126485839,1.2472971018477623,0.24390549802352998,1.2713671806141609,0.38769353683264984,1.1783813079334966,0.33060061751212483,1.2269357590746706,0.2921355937293377,1.253470951377214,0.2612198942046447,1.275555232074398,0.4070202165696821,1.1823906995174736,0.35241189084501234,1.2292140683156816,0.3120831598202919,1.2534773503916294,0.2803975498843504,1.274073066377914,0.4141054519755257,1.1826332777840578,0.3637448088390507,1.2217212840202254,0.3276441047034704,1.2434878764664485,0.29732928598617925,1.2603298242631027,,,,,,,,,,,,,,,,,,,,,,,,,,,,,,,,,,,,,,,,,,
-0.12222370465417219,-0.3323089760815742,-0.06387234905387797,-0.40267641512249525,-0.020664331264058863,-0.4078351145976026,0.01769642465802693,-0.41100179064264913,-0.1868454995799948,-0.3808759118400114,-0.22629723683859532,-0.37380928284035303,-0.26337344462950824,-0.36661707096079726,0.07813578670436376,-0.38564579990036374,-0.2875747975904315,-0.3322651174402087,-0.028988160239680226,-0.27969823017565815,-0.1875723436786039,-0.2592029897362607,0.49662020626471676,-0.05803766647264662,-0.49662020626471676,0.05803766647264662,0.6517374655495973,0.39947999634078857,-0.8075755764897267,0.45224254115114876,0.7152789495569108,0.8089986602938283,-1.2931229890945268,0.30705575781937144,0.7533905413094496,0.9492182997940948,-1.488871815288204,0.22201741883460055,0.6905032108488912,0.9538219842653367,-1.4715873375005866,0.17112441253640998,0.6576314447372223,0.913962321697939,-1.4082499793709473,0.1833410641909707,0.7329720635397341,0.8741103357443903,0.6930728670202558,0.9167395819128707,0.6702214821803506,0.9782308848020637,0.6585354639435712,1.023358482028928,0.6518472926281921,1.0563789562958013,0.6979036347849624,1.003123530579984,0.6621019259587777,1.0663588458385336,0.638209299770571,1.1044936143507977,0.6242253929135516,1.133957051482576,0.7272360950338771,1.0034499522412361,0.6882579721934943,1.06532450863466,0.6607397781560385,1.1023029569240193,0.6392971668434705,1.1328533093458006,0.7425586223164673,1.0014291075127566,0.7066102741795272,1.0621054913587007,0.6773261852704098,1.0973409574217086,0.655209443154407,1.1265343119688176,0.7448512878271744,0.999433729333532,0.7121060008968789,1.051674270768944,0.6866681100985832,1.0830776496773078,0.6646926638842412,1.1082519839732243,,,,,,,,,,,,,,,,,,,,,,,,,,,,,,,,,,,,,,,,,,
-0.11608993678814715,-0.3334321203932843,-0.05750780534622152,-0.4030794875388446,-0.014658162623766166,-0.40781199937935836,0.023254205871518854,-0.41058384534986064,-0.18020240949278013,-0.3825267839111488,-0.21985504757597094,-0.3758446112436813,-0.2570873456461644,-0.36901757925466155,0.08285739585796871,-0.38469732478134017,-0.2837030829913456,-0.334810196099056,-0.024323718490607167,-0.2798017403892865,-0.18196900357752893,-0.26099031722461863,0.49708864729875346,-0.05387835118760981,-0.49708864729875346,0.05387835118760981,0.6483535722269806,0.4048333009310537,-0.7854414168097829,0.44793886651230935,0.706595332024645,0.8037145263459581,-1.2744452862993354,0.41481171998378813,0.7449493588032697,0.9508654973268561,-1.462677701625891,0.3474331842481192,0.6819711989832059,0.9527414646192472,-1.4597938308367258,0.2940993135844333,0.6495354379723813,0.9146356506175106,-1.3892983304754012,0.30994084088776513,0.7189369902854893,0.8792809285785003,0.6667014224946542,0.9232692134302231,0.6477945746531669,0.9862774688665704,0.6452448972091931,1.0327095863444495,0.6452100834079991,1.066990783062076,0.6799741627913564,1.0094498680726671,0.6487607610995527,1.0706141593409673,0.6272692581830644,1.1082197249433698,0.6159728407932951,1.137009291689841,0.7174457510845723,1.0078938882150388,0.6808572027998957,1.0676084369276566,0.6551315965420993,1.1030345886752824,0.6357896152330251,1.1319863850920513,0.740593325440173,1.0030781455274917,0.7042784265868547,1.0618553534504738,0.6751723463720499,1.0960414096757214,0.6533037591425234,1.1245430023530367,0.7508093065014604,0.9978112735087492,0.7161492702277934,1.0486200917223858,0.6892847632550891,1.0786242390501906,0.6666688660048103,1.1022745782081864,,,,,,,,,,,,,,,,,,,,,,,,,,,,,,,,,,,,,,,,,,
-0.05220821226466035,-0.3480984960219457,0.016643086610930172,-0.4063473954763946,0.05914682862151125,-0.40351360144498144,0.09658002148734977,-0.39962475285499194,-0.10696700936953409,-0.4077147208496635,-0.1472758291186344,-0.40814001014715023,-0.18510775807187096,-0.4079909608037285,0.14990320619366124,-0.3639437161999779,-0.21961101856966578,-0.37924612342088715,0.02775451868872179,-0.27906276956484183,-0.1294221425252695,-0.28833111835787817,0.49883349099807256,0.034134268099314344,-0.49883349099807256,-0.034134268099314344,0.5658584805518853,0.5138297667897739,-0.8181832753164088,0.3230718834701717,0.5527530535693452,0.9148728899130754,-1.328164530865894,0.27744500590921417,0.5662389958592847,1.0665691138580493,-1.50619089922468,0.207105875224438,0.5041087667433269,1.0577232178728453,-1.4985944066179506,0.15845650796759925,0.47864335618874787,1.014354091958328,-1.428399594464099,0.18100302385324493,0.5519819317805417,0.991396254551031,0.5160342334310052,1.0288081366463568,0.48726058814100354,1.0859961852766078,0.46834270695217417,1.128453580502582,0.4539034035072814,1.1595263277584427,0.5066778400604923,1.1135478749400722,0.4626646559732228,1.1654754953453095,0.43330371261241896,1.1974140436588472,0.41455699515739464,1.2227727312339727,0.5303989183933548,1.1180899540627953,0.48609149966854864,1.1681790123769575,0.45543591243746256,1.1979444825451842,0.4314442211135796,1.2229696709881726,0.5424043741254002,1.1179975221703353,0.5006480038220547,1.167790981125636,0.4684338196549343,1.1957640913682572,0.44311687010218764,1.2199463710605272,0.5434404422000021,1.1152407938962163,0.5066302899847077,1.15826314922006,0.4782096000883534,1.182920122502139,0.4533568948441321,1.202630517676756,,,,,,,,,,,,,,,,,,,,,,,,,,,,,,,,,,,,,,,,,,
-0.05260006520776649,-0.34783275341575026,0.016528150040787042,-0.40626825195574173,0.059274406811796666,-0.4034615613545442,0.09660199023132705,-0.3996618436315371,-0.10734306612922132,-0.4074723166469378,-0.1475416353853775,-0.407797639584269,-0.18549833870442886,-0.4075598333927937,0.15024973182032042,-0.3641043616537398,-0.22112857367198333,-0.3788838488403872,0.027823551277476325,-0.2787020149854679,-0.1298577862513651,-0.2878776390318425,0.49892649990244714,0.032746720371564585,-0.49892649990244714,-0.032746720371564585,0.5670779190854819,0.5136285579225877,-0.7973148165856682,0.33550983123449307,0.5553447109381446,0.9132311777685825,-1.3116753377459864,0.37532936867156036,0.5698890335963711,1.064792461146775,-1.5076810378761716,0.35116467960599146,0.5080027752361727,1.0559276195850926,-1.496061872307285,0.3244975188045166,0.4820626988423906,1.0119994531703254,-1.42960032873803,0.3338623989542369,0.5491222272590391,0.9927945230957376,0.541433631688091,1.0346381133794051,0.5205209903059888,1.091193261024392,0.49607827341744304,1.1307086656814025,0.47499279012783985,1.1593206099177102,0.5338097158081945,1.1156036493544081,0.4895493184925002,1.1658859651503195,0.4593798942646736,1.1965836654809476,0.4381247702055526,1.2211009008544265,0.5368088480771669,1.1183689610592353,0.49647806158243696,1.1660896674355157,0.46741683772454934,1.1950467026495777,0.44287414471413955,1.2195548346259055,0.5308375071035147,1.1179811296284157,0.4964144129655882,1.16603805437187,0.46781723275374165,1.19334188301301,0.4440287131743675,1.2169397797855657,0.5164587760116149,1.1156213556907955,0.4911470599993376,1.1581553581857835,0.46895910957122844,1.1826587528199533,0.44824774017153035,1.2025253646205445,,,,,,,,,,,,,,,,,,,,,,,,,,,,,,,,,,,,,,,,,,
-0.03634496378710081,-0.3491041398643011,0.03541319651217734,-0.40456812002582676,0.07808718242066037,-0.3998422192426144,0.11498725360816063,-0.39444252015032155,-0.08844871679975838,-0.41128536212203687,-0.1284514440117613,-0.4133403828367227,-0.16643381494731174,-0.41477340317408085,0.16712574916733594,-0.3566387828844638,-0.2047105130055244,-0.3879999135567959,0.04065600885793517,-0.27639645457452694,-0.11673537282991527,-0.29261539765778166,0.49701524521165846,0.05455131554046143,-0.49701524521165846,-0.05455131554046143,0.5431124360551846,0.5389445981169597,-0.7993222237027016,0.3055279830641005,0.5131097662868819,0.9359940775113669,-1.294438868393948,0.41364567509174605,0.5221344101351939,1.089657445298482,-1.5253351321521498,0.4221878471376134,0.4604191227551821,1.0765398717912935,-1.5179625469771345,0.4075746149151158,0.4362855171037709,1.0318089557642898,-1.4602943232654273,0.4060906378653104,0.5170925868146634,1.0184221093604686,0.4782704147103881,1.0491562267844297,0.44997955603120354,1.10036898967737,0.43165646811455105,1.1372330025879969,0.4179902727605578,1.1642074083018001,0.4690561066235047,1.135367089553543,0.42572323290560105,1.1833777731347237,0.3981934776545885,1.2139657880704091,0.38067732353906464,1.2380347265202072,0.4892984432458546,1.140574442209162,0.4492925022449588,1.1861697487173921,0.42141552927094506,1.214136188598422,0.4001810224703893,1.2377561839438957,0.4969315648871914,1.14102214440632,0.45984466687751824,1.187387039684967,0.43105362150905224,1.2137438564938248,0.4094596765540958,1.2363794721322727,0.49276852931051934,1.1379715545866487,0.4593142535600701,1.1782354224783897,0.43370013189535883,1.2017439201324929,0.4124513711182933,1.2202330283887646,,,,,,,,,,,,,,,,,,,,,,,,,,,,,,,,,,,,,,,,,,
-0.13003960728941263,-0.3244313120780436,-0.07733089382339499,-0.39782876028937325,-0.035050093106085874,-0.4052436886123562,0.0014096968584109855,-0.41036501953735716,-0.19808420595850643,-0.3695421037659929,-0.2369605272360342,-0.3602769789198319,-0.2738160252926052,-0.3509787942827454,0.06180262320555612,-0.3888812543044865,-0.30500265453850045,-0.314297933620428,-0.0359366370776016,-0.27620919621465356,-0.19156074952985308,-0.24757709187555219,0.4922862921924053,-0.0874883221890431,-0.4922862921924053,0.0874883221890431,0.6698120031352208,0.36563590286505254,-0.6751318886377367,0.5364992679676406,0.7514677737339408,0.7521028043229597,-1.0766129679197978,0.8252737024150809,0.8055464027312437,0.8979645269133905,-1.3019354684850526,0.951724713341113,0.7431967575573045,0.902278766614357,-1.31631523214879,0.9407324262553189,0.7069729419934907,0.8659519727363151,-1.2463553199698574,0.9051503553958683,0.7786820579924072,0.8397096929713198,0.7731249566300985,0.8804269369519468,0.761952265287611,0.9392896946189941,0.7466395441824504,0.981896923190427,0.7332444420492946,1.0131742451968968,0.776947650730336,0.9614499226346552,0.7453434251306167,1.0202109951148726,0.7257152682261608,1.0575546983040442,0.7135726420354476,1.0861962035100232,0.7891731722690257,0.9621161000298979,0.7605632374315934,1.0181730933425839,0.7402604720029222,1.0547885112891238,0.7237627186488989,1.0851042456816813,0.7911621438142891,0.9612575260011527,0.7663997933523916,1.016844431694052,0.7456734369933385,1.0511442150808619,0.7299417893254725,1.079929000787876,0.783574337970275,0.9600754274812786,0.7653452598355893,1.007578655564716,0.7482598891555757,1.036900504363159,0.7327215917434011,1.060950103615284,,,,,,,,,,,,,,,,,,,,,,,,,,,,,,,,,,,,,,,,,,
-0.145627683370086,-0.31660119970767375,-0.09626254914464082,-0.39262183264813205,-0.05443661069083273,-0.40209529992745957,-0.018214412297233674,-0.4090134794197926,-0.21539059474042496,-0.35849364426402763,-0.25367946498529503,-0.3473558673113835,-0.29011289143665253,-0.336298625537856,0.04304533142943315,-0.3905463318545204,-0.3196970322559146,-0.29836908311593363,-0.04878075460042574,-0.27310581613857376,-0.20274765387092594,-0.2369025195558631,0.48772330297039745,-0.11011802640642374,-0.48772330297039745,0.11011802640642374,0.6863924602141183,0.3356143906286021,-0.633959512782598,0.5789078708286335,0.7866518725965962,0.7188521282514487,-0.917032106094902,1.007424043189212,0.8490529564854705,0.8595030465196349,-1.0696523622767542,1.1780697663514252,0.7872844909980086,0.868059666379662,-1.0732683281222906,1.1684900733275945,0.7488210252340911,0.8338350256895645,-1.0187500085950565,1.1182529153881169,,,,,,,,,,,,,,,,,,,,,,,,,,,,,,,,,,,,,,,,,,,0.8133100870188215,0.7971884854205009,0.8365438829994948,0.8338698546533132,0.8331548247125348,0.8895478355449377,0.8141040592679843,0.9313896351610909,0.7898226130837145,0.9634974115195606,0.8474872169654988,0.9114679325235263,0.8183947681502824,0.9683647963315485,0.7997356469481391,1.0038107896923458,0.7874004263507322,1.0310660169334063,0.8405512344020208,0.9169739531751282,0.8174006583872483,0.9697175467039638,0.8012596845172487,1.0026863265362806,0.7883486676136944,1.0302909895219519,0.8244063170483643,0.9217277766813485,0.8091195409222113,0.9741424478852638,0.7949606264643306,1.005815271627817,0.7832803106809244,1.032980067502679,0.799058986651961,0.9269094397938472,0.7928048504500755,0.9719655217643528,0.7851405089164706,0.9990442135092504,0.7766635698043143,1.0224074502358946
-0.13706400882567973,-0.3200290945565595,-0.0858839464948306,-0.3949030718113149,-0.04399613262410677,-0.40335419634430925,-0.0076288880014787775,-0.40940306440303614,-0.20591968928071,-0.3636496233736833,-0.2444522651586845,-0.353409587782553,-0.28129353366075593,-0.3432398386844215,0.05272691949323155,-0.3895570651722657,-0.3122884599675464,-0.30598372391361056,-0.04104140554316614,-0.274171292042354,-0.19612808418681665,-0.24162686030006736,0.4904166558053629,-0.09742434864387925,-0.4904166558053629,0.09742434864387925,0.6784825958667239,0.35606018036837966,-0.6347542109713169,0.5742708282814807,0.7703534211739531,0.744052586362814,-0.8725848032291349,1.0309036125037692,0.8289811921768053,0.8830414619340394,-0.9779430209659243,1.1905080691456655,0.7676659923275412,0.8920776316664984,-0.9764778702826397,1.1885271771248214,0.7296790291839994,0.857792351446185,-0.9306226417900327,1.139930767151754,0.8030858697054563,0.818458805336958,0.7905551008021032,0.8583066702348771,0.7801512115495924,0.9149312455421907,0.7672650292375236,0.9558400842522344,0.7577009600532459,0.9867172891387163,0.8004784848758387,0.9404140869472507,0.771339220198258,0.9972347536472692,0.7564878400641982,1.0321445510733773,0.7500761162528419,1.0582769977295468,0.8163622173730708,0.9399657825622891,0.7915564570048613,0.9936519716871162,0.775815377146203,1.0268963084857874,0.7655153038551022,1.0539097745089214,0.820913092251016,0.9385995993818984,0.8001902808132936,0.9922897173526772,0.7837894698348754,1.0242738941593088,0.7731963942882182,1.0512048896741595,0.8131907513082508,0.9378401355954693,0.795564385794708,0.9847039699685777,0.7805585016474376,1.0130339144719824,0.7678051868170362,1.0363495729514098,,,,,,,,,,,,,,,,,,,,,,,,,,,,,,,,,,,,,,,,,,
-0.04854927194652142,-0.3444097910907698,0.02023904995689354,-0.4034716541162833,0.06277026316934547,-0.4007702278595623,0.099453404019423,-0.3971724072973741,-0.10385857603521714,-0.40449954146759687,-0.14368434827897217,-0.4046101773804099,-0.18199990010601785,-0.40438748553854675,0.15225971218911347,-0.3624796355200624,-0.22200445211430697,-0.37651712921789293,0.032424641846266686,-0.27508863675841005,-0.1259867330073023,-0.28400428220679513,0.49884470115478785,0.03397004753883001,-0.49884470115478785,-0.03397004753883001,0.5623474403669555,0.5223427906408968,-0.7578657905371619,0.3948803457776371,0.5502863549888073,0.921971813887421,-1.0950262867674354,0.7750565696283515,0.5715064167369761,1.070044166142542,-1.229918955831371,0.9015185088571452,0.5103136036174499,1.0640223005456615,-1.2279958797257728,0.9005608510988603,0.4817053716298395,1.0214069833483284,-1.1721704041099237,0.8655284503379593,0.5544068577053796,1.0003812009644566,0.5606877389886012,1.0411401236162332,0.5442519489223206,1.092454792051296,0.5172823830371734,1.1266092749622267,0.4891758980798384,1.150954229313807,0.5516745626349671,1.1168651154161486,0.5074256262182502,1.1636408884855152,0.48178955811246027,1.1928621852271304,0.46597056354991856,1.2160066517038375,0.5484586320867582,1.1208950298943896,0.5105191718094814,1.1658061502893675,0.48740248637682554,1.1937645164395632,0.47042156850245687,1.2174368665981758,0.5358925348030412,1.1213409050668175,0.5036070963032404,1.1682075747947585,0.48208685682820585,1.1950617964051637,0.466486793458235,1.2183239975776523,0.5127442266433733,1.1189866057637134,0.489667869271383,1.1598101509353416,0.4737845153636072,1.1831065074208,0.4598806730388077,1.2023411199191045,,,,,,,,,,,,,,,,,,,,,,,,,,,,,,,,,,,,,,,,,,
-0.06922918269916199,-0.3404007449794367,-0.004762746119952026,-0.4037280452454335,0.03780702901424237,-0.40374046743013947,0.07466487613454394,-0.4025034439957913,-0.12867208289668397,-0.39695771477133457,-0.1683888473967913,-0.3945537257951782,-0.20672879662309074,-0.3919280791576471,0.12887711160454834,-0.3716283090500713,-0.2449881186465963,-0.3616221486570215,0.01582417005633074,-0.2763764738298031,-0.1430180824011381,-0.2752214765521291,0.49999437696641447,0.002371286985375131,-0.49999437696641447,-0.002371286985375131,0.5947500979755328,0.4875951144980661,-0.715748522009291,0.4617410006667111,0.6084152906483229,0.8878285816540902,-1.0023824493195765,0.8822437250357219,0.640102795028926,1.0331287565124316,-1.1020863793586704,1.0251090421617086,0.5801298150507151,1.0311467630416962,-1.093604931823397,1.0304597241969078,0.5476240672015309,0.9908949512503521,-1.0494305037044915,0.9967886570631886,0.626416938629321,0.9648312965842064,0.5928196692214996,1.0000208574725677,0.566759147396525,1.0560221248769615,0.5487278556172019,1.0961978191573831,0.540541771048473,1.1270823851895277,0.5860153956959754,1.0848902010979038,0.5490780584298133,1.1331884799664005,0.528416313633877,1.1639209238465231,0.5172401561846266,1.1882723969586815,0.6082509685464363,1.0870383457152388,0.5747591479300713,1.1332653056014674,0.5532317130105007,1.1622177611359503,0.5377043683054334,1.1872235798491833,0.620684605939665,1.0856096885642004,0.5894203615726069,1.1316492611403934,0.5662155004923158,1.1593492780415766,0.5498063973738505,1.18426316734706,0.6216462743874609,1.0820644024211625,0.5933981452263547,1.1234467271812996,0.5716906607695388,1.147793029668066,0.5537156398258299,1.1683485791314436,-0.9930913707065426,0.894754002299554,-1.086174764500084,0.9134548782685028,-1.1354624328920868,0.9666192697436544,-1.1453956904743918,1.017120436384712,-1.140444496999672,1.0544282104139115,-1.1370021424243146,0.9759952166821146,-1.181298030055988,1.0500998281558473,-1.2002520866301265,1.0955627038287263,-1.2087870816830024,1.1289292478584112,-1.085706387766579,0.9948201653350192,-1.133588502180052,1.074088107450896,-1.1534048049620125,1.1222986219252127,-1.1656825625027043,1.1586512156478435,-1.03198414765044,1.0096027145999904,-1.0768423503412292,1.0830468345111168,-1.098711287735901,1.1243652308621088,-1.1146650828798355,1.1555924472822527,-0.9775706822378848,1.0193960329882734,-1.002432944324977,1.071728487531956,-1.0190196557242623,1.1027867170314087,-1.030853085474783,1.1260717542828202
-0.08741287693435595,-0.3368814645927462,-0.026440503893786677,-0.40303659649101464,0.016092675821288732,-0.40536363667496184,0.05298526156091381,-0.4061115996805267,-0.1498726067931136,-0.38959458653305196,-0.18940918228883505,-0.3848516830766917,-0.2275948958771089,-0.3800728064566003,0.10859470458114853,-0.3783727229565104,-0.2642239335074592,-0.3476856822164518,0.0010522131183198417,-0.2778319954117909,-0.1575630749251699,-0.26785204522186257,0.49938301751500297,-0.024831468293482616,-0.49938301751500297,0.024831468293482616,0.621155103916652,0.4567752039081289,-0.6663254153476219,0.5012699474493074,0.6570145308786317,0.8541311581521709,-0.8870454170181047,0.9302574547144701,0.6971725147324147,0.9964481168087533,-0.9714367120045988,1.0860232295845276,0.6380349504737896,0.997851409494271,-0.9594403985769019,1.09122302846636,0.602948447437226,0.9599341079650083,-0.9161492994354268,1.0521989127380749,0.6757893981369061,0.9320476686328952,0.6582151357603905,0.9705508228610584,0.6375453368101569,1.025656255314727,0.615714053791266,1.064905570976815,0.5980768609772028,1.0936307860168202,0.6515962693843615,1.04997586869974,0.6135025986271362,1.0995914985394046,0.5921206150486236,1.130167747999757,0.580993616164535,1.1548453593365284,0.6652385866783482,1.053034252689607,0.6295513936032799,1.1008475802057196,0.6090260244024884,1.1299521129761527,0.5938875766723248,1.1547814104320013,0.6719550007921944,1.0532211517582457,0.6411288972988897,1.1009549303426773,0.6193700053347304,1.128977741095899,0.6033224871476117,1.153515703680138,0.6704647326217725,1.0520975801397392,0.6450669752765316,1.0938884431694846,0.6269070427492687,1.1185427999440893,0.6105740916001762,1.1395375549081994,,,,,,,,,,,,,,,,,,,,,,,,,,,,,,,,,,,,,,,,,,
-0.027256856079056705,-0.34837490895262824,0.04478666983024995,-0.4024754958632801,0.08724087861375084,-0.39733583512518916,0.1238005757652358,-0.39158089813397734,-0.07975528686304556,-0.4106424509169247,-0.11976219268260661,-0.4125146758364629,-0.158567028246012,-0.4142724778330825,0.1737781761479897,-0.35424479205112896,-0.20012870468621688,-0.3881954481322816,0.0502373582359029,-0.27505265404557566,-0.10857698584787609,-0.29266030914685737,0.49623706172251963,0.061227269847677054,-0.49623706172251963,-0.061227269847677054,0.5360286616177674,0.5593702297764194,-0.7261050957786404,0.38374394373288245,0.5046431312074415,0.9542179113486161,-0.9805073619405781,0.7757526886916579,0.520271242809438,1.098256299612589,-1.0911901607863896,0.9201770934750133,0.46268082571090424,1.0895995663401854,-1.065812023295998,0.9308274970561512,0.4344794952514935,1.0467534319508895,-1.0128567287457777,0.8930378436397619,0.5098642685300664,1.0369462265196545,0.45977530075293366,1.0669622011685131,0.4286665906128377,1.1162329821999812,0.4106014689296561,1.1524788416143008,0.40132891752013666,1.1804998324630813,0.45081463785183934,1.1462920010572901,0.4126177967971995,1.1877257884703667,0.39142859371600636,1.213257362629869,0.38092208696043556,1.2354832224491112,0.47841961462861476,1.1529714464041088,0.44122329909548147,1.193350763787969,0.41901109781077667,1.2176712038941837,0.40280434802033677,1.238970674521343,0.498708921966497,1.1550226315630694,0.462838710262611,1.1956566461846343,0.43710801828329554,1.2189786195036392,0.418241921810497,1.2396761241609122,0.5090951973587854,1.1538280430829502,0.47406413753004795,1.1892621162024473,0.4504147156442287,1.2096059344247985,0.42996164956602545,1.2265737433802033,-1.0010450335277723,0.793397698836076,-0.9577255275969538,0.8503055733077046,-0.969205442373248,0.9156769252053268,-0.9925089310852027,0.9646360055510966,-1.0044747408320933,1.0006411994315731,-1.0164138583817377,0.927144942273342,-1.050066083650395,0.9925003173703508,-1.0659971286151158,1.0279414691178295,-1.0761828996424683,1.0557822914773185,-1.0661918229524228,0.9169008047162753,-1.0972062089323316,0.9886092223859215,-1.1090048602912335,1.0337793626523648,-1.1173610208451061,1.0696080182164756,-1.1056037458193202,0.9029157242491958,-1.133273804942046,0.9731300202905226,-1.144456432200023,1.014793888412132,-1.151141095076795,1.0479803207872003,-1.132259392171329,0.8878615023701802,-1.1639147759559687,0.9400581124859906,-1.1774418068201966,0.9733030079840971,-1.1868716620273716,1.0019480279360233
-0.14248337967692976,-0.31970287135416403,-0.09314592436603747,-0.3950571170275248,-0.051438161022506486,-0.4046919357718686,-0.014992125236932458,-0.41170090947104193,-0.213259935953066,-0.3601983287179116,-0.2514926832416938,-0.34786771216616524,-0.2887814933601243,-0.33595957681520255,0.044431245103943466,-0.3931676203010296,-0.3196435900266651,-0.2965779192926704,-0.044482481102562706,-0.2771061715834269,-0.2000879853834931,-0.2390096229692508,0.487124120349674,-0.1127390410352884,-0.4871241203496738,0.1127390410352884,0.6970465752739572,0.34347222733872695,-0.5415906003893299,0.6091243099179231,0.8046273898610883,0.7215324508303133,-0.612539490151766,1.0617334149910307,0.8675874016371985,0.8498597775085003,-0.6541831499711195,1.2279805547108362,0.8112187424594739,0.8604640613488413,-0.6191356880677122,1.2250448277543589,0.7696225995905166,0.8281843923359875,-0.5864176126221916,1.1717549886404248,0.8429814039723438,0.800643556660942,0.834342049456165,0.8381892701766515,0.8248878766957816,0.8923212497526757,0.8098252490715704,0.9318582460572619,0.7985876173800921,0.9612324683581951,0.8438945388431278,0.9152094517581628,0.8180305702239495,0.9673792939582062,0.8034821980720519,0.9989834237572204,0.7970281062763244,1.0238434968829786,0.8559561034903185,0.9167010550709443,0.8320261894736063,0.9665908132350922,0.8174960953913585,0.9967658044185809,0.8072050027821005,1.0226693278882684,0.8603684371242156,0.9167419703947897,0.8416066053199786,0.9663261042159459,0.826052696558494,0.9962331306105765,0.8158847893810587,1.0219051574180666,0.8560552796280586,0.9170758086774482,0.8421524960484249,0.960919949059042,0.8306690555968003,0.9874475769936538,0.8204305466972402,1.0103093224743258,-0.6200369494141111,1.0822510193141917,-0.5448502101426287,1.1223136041476358,-0.5230480956361293,1.190188025787768,-0.5199366318330749,1.2459957777916777,-0.5131017059159098,1.2877826071725196,-0.582216219015738,1.2196571710257627,-0.5804175622419031,1.2837981647888363,-0.578065752261339,1.3180568356328628,-0.5747192705995531,1.3455182935845285,-0.635056949002676,1.227072843107264,-0.6332282675331088,1.295475601848278,-0.6267609392623698,1.336933474735111,-0.619663054731047,1.3711706407051973,-0.6807051533371767,1.2274155138570197,-0.6779562171011759,1.294640941188494,-0.6718587618615631,1.3355003431942276,-0.6646093534824478,1.3684716497707805,-0.7176679759881113,1.2230298604469292,-0.7232543816183951,1.2781446089193693,-0.7223133290927218,1.3119067381410592,-0.7196504836302308,1.3405930902374539
-0.06034924561964942,-0.34522726602907183,0.008649622069161875,-0.4058340142140788,0.0517425128636676,-0.4047366797555146,0.09043495051436848,-0.4023239488104506,-0.11775788282124333,-0.402379023008931,-0.1589019088234705,-0.4000194319166663,-0.19810928182593465,-0.3977223733531507,0.14220478302035447,-0.36932753249262396,-0.23487165024705745,-0.36734346138518437,0.02415439341396628,-0.27941625922594254,-0.13867788918299495,-0.28185172525581176,0.49988344900530357,0.010795249444183417,-0.49988344900530357,-0.010795249444183417,0.5933312268630078,0.506543875611923,-0.6582245735198866,0.45981382615405514,0.6043269659323159,0.8990952302987661,-0.8151381452525526,0.8776066049765494,0.6330327632432424,1.038332347864831,-0.8599766856561796,1.022856314412598,0.57654368855608,1.0345999306660763,-0.8266366333660996,1.0264285211050133,0.544325874570936,0.9934193344696175,-0.7984779306983085,0.9851862350553502,,,,,,,,,,,,,,,,,,,,,,,,,,,,,,,,,,,,,,,,,,,0.6146091956195564,0.9899083015840081,0.627600521483449,1.0248787332531804,0.6114744811539402,1.077967378509506,0.583194057016049,1.1149144839604441,0.5550562096155718,1.141072657252728,0.6171578668756406,1.0998297505119827,0.575244320018161,1.1456486700113107,0.549998265638847,1.1755188468467366,0.5340963366251589,1.19914210388062,0.6131322781334291,1.1034253577461262,0.5751056009366657,1.147086690240988,0.5522224621506957,1.1759748919779278,0.533787205106263,1.2015342522744135,0.6017054866615911,1.1042377486257489,0.5705435665013973,1.1488573791139847,0.5487891050054555,1.176825360637462,0.5323901491800672,1.2016542032276873,0.5830286164445567,1.1034288693104426,0.564449480344071,1.1433188442988642,0.5498484840294311,1.1668825528311666,0.5363944763325725,1.1869894895934308
0.008480266590747425,-0.34782189483325954,0.08702851949946819,-0.3950087558428084,0.1291025327438911,-0.3860953581752578,0.16671307839861538,-0.3767025151156569,-0.03794888682505318,-0.41483837371453125,-0.07919867358396113,-0.4200796842204223,-0.11891174873162248,-0.4251214582381313,0.2102236797594827,-0.33548025317650276,-0.16286268096611514,-0.40241570983988667,0.07921833551452814,-0.2678544182208552,-0.08052769082902791,-0.29994166262347305,0.4897750541625202,0.10060018051723525,-0.4897750541625204,-0.10060018051723525,0.4958024368593076,0.6041558727624902,-0.7209330829481351,0.3408187813369524,0.43530172912128745,0.9934698899675394,-0.9337673404999268,0.7305317722644662,0.4390660508095911,1.1355882372369073,-0.9931453644536642,0.8576225527465315,0.3838073860139631,1.121597673149975,-0.9588871450294447,0.8669153645949563,0.35924002218168405,1.075490014006379,-0.9308608197251678,0.8321841751139711,0.43024290762866535,1.0863211222524054,0.39571619381909734,1.1107132352814606,0.36287913110189307,1.1545048476178406,0.3379660374644113,1.1867427257812038,0.3203485521029404,1.2113246467448873,0.37888512548006337,1.1855806017098958,0.3359228377839281,1.2236292610541761,0.30876542978611266,1.2487548668423083,0.290912098646113,1.2690677543698827,0.3977262034467526,1.1939080289648514,0.35574393064531334,1.2299523072284162,0.32790606724428356,1.2526759818207505,0.3050977687824497,1.2728085807462828,0.4090745420569546,1.1972400422344869,0.3693113333827398,1.2321889834102144,0.3404395785624102,1.2525177116046742,0.3175225272435047,1.2716345454234113,0.4118043598634351,1.1963524516717485,0.3761631963909121,1.2268891933212764,0.35135648657512614,1.2445663730764187,0.33036929089934924,1.2597282112290904,-0.9479645274670635,0.7403366736202557,-0.8963073681560022,0.8080971497843242,-0.9069178733589139,0.870364954214757,-0.9260679518708302,0.9116313707270122,-0.9286894904716593,0.9447088982037936,-0.9488968445824493,0.8827198462736815,-0.9483432673830542,0.9471323083410066,-0.945274390903106,0.9817731893388172,-0.9427248115235524,1.0085539415965603,-1.0029385303131564,0.8696028970617514,-1.001200114573794,0.9364380650267748,-0.9955446998742933,0.9759994599931722,-0.990081138149716,1.0072026669287062,-1.0429359884240408,0.8535168867321338,-1.0422350007836294,0.9178645356055192,-1.037405564803833,0.9559295934602177,-1.0309205387308191,0.9871184880149545,-1.0686918672071188,0.8375475016102395,-1.0760475554634534,0.8863206758059063,-1.0767497628583746,0.9165665083104795,-1.0757112869698215,0.942171251859494
-0.06778009881709736,-0.33957030987607756,-0.0025522304783286496,-0.4033057676278178,0.04038609567592731,-0.4040830293977068,0.07923247245887678,-0.4034087020129693,-0.12878497640207406,-0.39463703308643894,-0.17022882084766033,-0.39048019825087776,-0.21038523951125288,-0.3864966860191381,0.1301184729316613,-0.3732677691444182,-0.24892615731061263,-0.3546071646908657,0.018797424535466716,-0.2776848361287694,-0.14400430353023463,-0.27307692332744166,0.4998434608687825,-0.01251058059075994,-0.4998434608687825,0.01251058059075994,0.6194349931154732,0.4740698781868106,-0.6195523373579884,0.4954749755310958,0.6489872967919529,0.8665110494399472,-0.7303258645475152,0.9180311084010264,0.6861177545824771,1.003497163681468,-0.760316252355279,1.0551217713398364,0.6278473365432409,1.0026147008391844,-0.7267940328369643,1.0567175847739707,0.5929898072266984,0.9632954248393186,-0.7080942885634842,1.015143204696177,,,,,,,,,,,,,,,,,,,,,,,,,,,,,,,,,,,,,,,,,,,0.6647210288820541,0.9518058099927968,0.689756838464326,0.9894833372743606,0.6749306373838784,1.0402395156505284,0.6462987555290652,1.0735231835225088,0.6128987809235188,1.0973956228704798,0.684955829692647,1.0579384062806314,0.6456289946310783,1.1049367045822034,0.6188815912680629,1.1385657600264218,0.600086705955575,1.164047499674448,0.6672872321568163,1.0624878221308223,0.6347693962823435,1.1074854837677908,0.6110435086296333,1.139313158617636,0.5911607164925295,1.1672559020349633,0.6406463872871228,1.06449366995781,0.6173551495983151,1.110699627117177,0.5972353156294193,1.141565163354816,0.5805006885544635,1.1689768292190812,0.6065869381111498,1.0644759512885202,0.5943533189663421,1.104289398225207,0.5842758494245262,1.129690237159478,0.5737175854003715,1.1519594225313547
-0.006088548085832021,-0.34551325950337264,0.06842937920487807,-0.3974610429462361,0.11057958513435634,-0.39090828723276116,0.14889317615096223,-0.3835771805406498,-0.05736097585850169,-0.4106443764423463,-0.09907043993141211,-0.4136169461853241,-0.1398019217702688,-0.41658978231363225,0.19231913757652264,-0.34552309553102983,-0.184472655184394,-0.3917738323997703,0.06812333999713617,-0.2697066475453719,-0.09316350853653327,-0.2930148890105085,0.494697488796442,0.07262502721854323,-0.494697488796442,-0.07262502721854323,0.5323961390586076,0.5711048359190852,-0.6912629540709604,0.38730473898578494,0.49525462862193004,0.962959377382049,-0.8678915338697064,0.7793606559787998,0.5095966164425003,1.104866868483788,-0.9215261102038617,0.9103206394188311,0.45217126604515917,1.0943326110620353,-0.8882198101783108,0.91510598700846,0.4239180458214019,1.0493539969171681,-0.8628262088293355,0.8764671837667364,,,,,,,,,,,,,,,,,,,,,,,,,,,,,,,,,,,,,,,,,,,0.49048192515023753,1.0443728003275032,0.5126799746877547,1.0824954019285435,0.5009605491825513,1.128709802973259,0.4746239005006684,1.1587810682382158,0.44043622981213576,1.1775606830178882,0.5053625406809001,1.1526257653231562,0.4655477768959424,1.1940398352151704,0.43601214702594715,1.221382258509804,0.4145597410468678,1.2421462054156396,0.4861589700100722,1.1551511791139546,0.4531970975687789,1.1938164813337457,0.4285454029310082,1.219237326033667,0.4080748953891537,1.2422327092171852,0.4594409922942003,1.1544344571717033,0.43376553326923745,1.1941170349069081,0.41194922036282006,1.2184359563953682,0.3936416204159474,1.239910329627323,0.42562324320686107,1.1508500364784637,0.4081220081475965,1.1875066826061786,0.39490289669432654,1.2096059679884525,0.38260124160442843,1.2285276851100648
0.00964799626816759,-0.3454114500829807,0.08569571033202794,-0.3940016993729381,0.12743193013981133,-0.38546659318639703,0.16625287781860956,-0.37614181258698576,-0.039466369225372194,-0.41329835300171863,-0.08114258130196161,-0.4183196748812034,-0.12163216245533631,-0.4231964352009107,0.2079004758940318,-0.3360519191955022,-0.1667767430581347,-0.40024746107283615,0.08017242132917797,-0.2658194048243806,-0.08027859684206493,-0.2970614045913467,0.49078412919854447,0.09555594448712453,-0.49078412919854447,-0.09555594448712453,0.5075000361325769,0.5926750459312291,-0.7068931188120883,0.35693657568221865,0.4541857996299145,0.9816372526447131,-0.9015463097250971,0.7370272846455412,0.46213529160014183,1.1234542436594257,-0.9606321623243128,0.865685389125851,0.4058130930601089,1.1091940509258564,-0.9291280416409778,0.8708181996779565,0.3796456626243068,1.0623598428839696,-0.9023488374618593,0.8336308883384388,,,,,,,,,,,,,,,,,,,,,,,,,,,,,,,,,,,,,,,,,,,0.43924342720426374,1.0703855941696527,0.4595326828332966,1.1084562399407394,0.4436371918484085,1.1554386669321088,0.41291732964261124,1.1843626449179212,0.37702950539520175,1.2022945796898727,0.44852494030816137,1.1773384491233634,0.4059104608302867,1.2156845120685278,0.3737646315793306,1.2419452140703386,0.3488684851986252,1.2616186647330832,0.42962141894606387,1.1789412233910288,0.39147037450360006,1.2148209090939954,0.3633086788554357,1.2390022578463564,0.339868698077904,1.2607474269198022,0.403472837037761,1.1774742650184526,0.3734224298218826,1.215264132856843,0.34927496778851075,1.2398617561316416,0.3297209535916363,1.2617547309210733,0.370897111399839,1.1732068089297834,0.35169439989555845,1.2095145815358816,0.33670442500249514,1.2318418148156902,0.3226089272554558,1.2512833707538027
-0.13426576981013721,-0.3186573670952787,-0.08432377958250696,-0.39409843817233575,-0.042004594341957836,-0.4034331360600519,-0.0017577379491529625,-0.41091480928214746,-0.2077535643456305,-0.3606045698117598,-0.24797179214543394,-0.34829126707999214,-0.28566673222539585,-0.33657381388443347,0.05344365024086737,-0.39139899948301976,-0.3158604726379368,-0.29748700953402374,-0.03660218531128126,-0.27434647516974814,-0.19664045921189643,-0.2376539459303466,0.48715822246511853,-0.11259159064790791,-0.48715822246511853,0.11259159064790791,0.7066441013185775,0.3329177106523366,-0.49737341295351056,0.6131359542939252,0.8173016469060762,0.711382933475275,-0.5240095670179256,1.0411090568379902,0.8827291518535827,0.8377115717930896,-0.5255652718811744,1.1823521265119008,0.8251552181126384,0.8477400427672838,-0.4931082776682026,1.1744311018093478,0.7821325400012751,0.8155684751342005,-0.4840285006010818,1.129747059674788,,,,,,,,,,,,,,,,,,,,,,,,,,,,,,,,,,,,,,,,,,,0.835543587475299,0.801271136048834,0.8678448653213147,0.8294553809305409,0.8718967961479916,0.8793508655045034,0.8563367452930367,0.9178614354627015,0.8345442052563763,0.9487948014121054,0.8839863628009685,0.8980311980345517,0.8609982868594941,0.9498614156925838,0.8441689335763333,0.9866930781458139,0.8313604973740103,1.0147853395958115,0.868837444766999,0.9057298605997858,0.8489336464915056,0.9541862877332429,0.8337542556357357,0.9880382504703641,0.821782972677132,1.017861677450282,0.8461560548675163,0.9133516969045942,0.8342728575149378,0.9601619520587086,0.8227101460469807,0.992663478444837,0.8141337910365254,1.021341790993008,0.8160451756131958,0.9207509854674375,0.813433495860225,0.9610540957624605,0.8094360804431142,0.9871904578449966,0.804713442425833,1.010881357227007
-0.11263445951259035,-0.3280450652903658,-0.055677981925158576,-0.3988754113837266,-0.011474077049529855,-0.4045266616308499,0.030825064015826402,-0.40854519401970907,-0.18219980180482323,-0.3768984715154754,-0.22279821027208765,-0.36846173285562295,-0.25897169127346253,-0.36056531438574513,0.08771537199975553,-0.3844975960053012,-0.28949937256417807,-0.3247490142785839,-0.017543583043814075,-0.27487646090450285,-0.18037427632219583,-0.25285813653144407,0.49539756009555436,-0.06768498689792046,-0.49539756009555436,0.06768498689792046,0.6738627391240346,0.39316930545676293,-0.5486906440793712,0.5642640176692862,0.7498437896251503,0.7838307780495525,-0.618420337325818,0.9875873182322442,0.8032663804539769,0.9151660866957106,-0.6319208682607652,1.1264432283182613,0.7449164293722443,0.9205669801414555,-0.5994897748272544,1.1229809285507453,0.7049883245464856,0.8848897537370227,-0.5867348418635202,1.0790890462230511,,,,,,,,,,,,,,,,,,,,,,,,,,,,,,,,,,,,,,,,,,,0.7594684507618269,0.8747431638872768,0.7873861789049342,0.9058482491735024,0.7855248218526408,0.9551417616833223,0.7660150668427226,0.9919096754785972,0.7403419317779126,1.0203646018679644,0.7964184544135539,0.9753840329519919,0.7681019991325538,1.0249465924656165,0.7464675684703537,1.059781116390935,0.7304070301259469,1.08621905416744,0.7804769708156029,0.9815838537114795,0.7554083256063664,1.02797280471153,0.7362388201072224,1.0598554254376111,0.7209046388969693,1.0879306319896638,0.7568839177165295,0.9868435000882204,0.7403049098545381,1.0320118849248066,0.7248531352165516,1.0631760492050877,0.7125353878176405,1.0908347532554328,0.7264822673676297,0.9907814627128964,0.7199647317773202,1.0306369511929876,0.7130297752647907,1.0564942219636966,0.7056451692692383,1.0797103785636224
-0.04101874960119832,-0.3471533181970914,0.032326353236856266,-0.40160107156524666,0.07818689371175247,-0.39590372444759364,0.12202375155241553,-0.3890728683672437,-0.09531255741162711,-0.41165496931336487,-0.13535547517146196,-0.41336641424563686,-0.1690157036051042,-0.4142282239078242,0.17775716889699697,-0.35074858053627384,-0.2032089903468048,-0.38648721424789867,0.041838994683909655,-0.27140826876640095,-0.1221988873479219,-0.29054147318913837,0.4967115887534122,0.0572503065324644,-0.4967115887534122,-0.0572503065324644,0.5564460092061944,0.5471075221265967,-0.671065910291349,0.41091906020394314,0.5323789341403536,0.9436042893401818,-0.8458313485934197,0.8044854029635427,0.5497787077741945,1.0851299389814337,-0.8950075723828274,0.9353812877392111,0.4916198555985514,1.0762269150451416,-0.8625140373283097,0.9391074040764398,0.46204605701135054,1.0313495879029078,-0.8377955680495593,0.9013493602291913,,,,,,,,,,,,,,,,,,,,,,,,,,,,,,,,,,,,,,,,,,,0.5143609126403086,1.0441955144877075,0.5339662450174648,1.0823634721322921,0.5185703289174398,1.129808079679019,0.48889014307122386,1.1601597639415582,0.45668418824560036,1.1810596882557365,0.5208983267850387,1.1511067489574098,0.47850520246736683,1.1904182365018112,0.4474148721467056,1.2174055246899398,0.4232485463480282,1.2380920083198554,0.5054549734490573,1.1528030132370943,0.4684136440839969,1.1903450993333955,0.44033170422869844,1.2151828983564537,0.41620789627566646,1.2366337778093286,0.48307062698215014,1.1516166667859693,0.45464812050899694,1.1902326513805805,0.43083843851934644,1.2152371041328238,0.4109997325163535,1.2376357210301658,0.45411356237942735,1.1475147651022133,0.43727351251906277,1.1840194462981997,0.42356255104338325,1.2061516328138735,0.4096050152402827,1.2258462880119416
-0.05339671913123594,-0.34723114625292933,0.019705376939881027,-0.40260141547705336,0.06645280819314697,-0.39740623725548485,0.11133215461401455,-0.3910407404743084,-0.10777085226559162,-0.4109876384825639,-0.14708170919786206,-0.4120877857854856,-0.17906735233116516,-0.41229507902739093,0.17140503847043015,-0.35294721121000366,-0.21036912527651333,-0.38377317943975736,0.03265930669160705,-0.27220050147122055,-0.13190616181446527,-0.2892355810800658,0.4974197525506797,0.05073056053722158,-0.49741975255067955,-0.05073056053722158,0.5645366205328262,0.5389810177724911,-0.665089595069469,0.41996503522491657,0.5449760308411087,0.9357320028818752,-0.8357896621083934,0.8170675077531874,0.5629837749790407,1.0773728275715106,-0.8837306355737674,0.9487744866988844,0.504536088861292,1.069509147417485,-0.8510363282638531,0.9517006487630763,0.47464769084891767,1.0248743426344953,-0.8260103922261212,0.9142437302972202,,,,,,,,,,,,,,,,,,,,,,,,,,,,,,,,,,,,,,,,,,,0.5302322537531408,1.039575099004539,0.5482661414743679,1.076461385789411,0.5319178681365112,1.1234703081390185,0.5009426952488292,1.1536078865209762,0.46799744694053924,1.174411522802708,0.5348177993271158,1.144356311864408,0.4929550471439535,1.184829565982944,0.46239161293242237,1.2139032426137244,0.4385518953718099,1.235750445861089,0.5195964074471311,1.1463189679613095,0.4848147464416799,1.1853736184310626,0.4575332615491861,1.2121617189730045,0.4336835548747333,1.2354005717751453,0.4972164391509597,1.1453899029327392,0.4708218984338736,1.1853283601112126,0.44682002484054295,1.211561210561731,0.42615959531661796,1.23512710089234,0.46810186929911135,1.1411497274433524,0.4518731642458256,1.1781650148750782,0.4379374481241037,1.201412391815159,0.4236912804470658,1.2221334214733435
-0.06337326352340408,-0.34670568640371785,0.008689456430914181,-0.4032471061883213,0.05586090914459598,-0.3987804784568776,0.10133229095826338,-0.39310651430454313,-0.11894347798079961,-0.40961044705462113,-0.15804928670360893,-0.41005061933002873,-0.18925327007684056,-0.4096256638114299,0.16416369725863383,-0.35570552742607603,-0.21917494288169098,-0.38036209924442405,0.024467305508861004,-0.27282075642907544,-0.14065561395257375,-0.28716887647777983,0.4981992234117985,0.042397332367507215,-0.4981992234117985,-0.042397332367507215,0.574112854746447,0.529875186115718,-0.6585849799180159,0.43126648539663065,0.5603945863112754,0.9269966930931846,-0.8249045070662201,0.8293399222966498,0.5797070688825534,1.0684944039081365,-0.8719107601691836,0.9625959661821133,0.521058665046992,1.0617169102689499,-0.8382172193474487,0.9655606046948659,0.4905007206749578,1.0178703463141925,-0.8134400995864949,0.9274109542859408,,,,,,,,,,,,,,,,,,,,,,,,,,,,,,,,,,,,,,,,,,,0.5527746899834316,1.0325300561380235,0.5469415719239841,1.064574817878821,0.5252072541072158,1.1103486096136201,0.5012327146005602,1.1420640334906327,0.4801781374781107,1.1650184657544476,0.5304434150954146,1.133747752697046,0.4896011788758748,1.1764027551082723,0.461623964925999,1.206043188914109,0.4414710619455772,1.2289564257875458,0.5355811746995539,1.13771579934271,0.5001555570774899,1.1776767058995137,0.4753969338337755,1.205028561954883,0.4543997187172951,1.22946157568957,0.5333701778843195,1.139007706151141,0.5035558960658085,1.1784733754263987,0.48007531599992487,1.2040651951442864,0.4605320379867022,1.2274462971335922,0.5240792922168954,1.1373792564176408,0.5004795175813594,1.1730820802357107,0.4821419415863971,1.1956135256975708,0.46520417243965834,1.2157396861587302
-0.1494331791458103,-0.32012483927462515,-0.09331738224881339,-0.3926607028792633,-0.046248315359842494,-0.39996746364074925,-0.00046471925184814503,-0.4057091685245722,-0.21880781695309567,-0.36748902154069146,-0.25679528168552956,-0.3583174151348528,-0.286506774879999,-0.3502660230671519,0.07084463334861253,-0.38501985005609907,-0.3077290308597621,-0.3143627734909466,-0.045474149903299434,-0.2700152793897951,-0.20960693500050234,-0.2431481956910117,0.49324379670837337,-0.08191798953043734,-0.49324379670837337,0.08191798953043734,0.6879743452347264,0.3724827659836027,-0.5308944737501156,0.5807268617769953,0.7719382714067144,0.7606692918330745,-0.5956590707113438,1.0082075055915278,0.8248471710588594,0.8929417763416982,-0.6089781810518959,1.1493000736510732,0.7668184747279267,0.9007498066410234,-0.5762478321388848,1.1440375496045168,0.7261913877227588,0.8655194853724094,-0.5615613382895253,1.1007791868663015,,,,,,,,,,,,,,,,,,,,,,,,,,,,,,,,,,,,,,,,,,,0.7892527852502821,0.8687843157217114,0.8110729839682572,0.9002510444850581,0.8047718447328529,0.9498306727255127,0.7842558560337402,0.9869184755028528,0.7609868492615195,1.014824994364405,0.814573931863377,0.9668294676500078,0.7810099139640213,1.0182961686788388,0.7588221054062195,1.0542204898247236,0.7433297620159992,1.081290740516386,0.8082899023758325,0.9722771379181055,0.7820327675332563,1.019843779539137,0.76347766056099,1.052973833508571,0.7483991642208996,1.0820359779087918,0.7925328938925629,0.9770134735172961,0.7747692142202641,1.0233518483466744,0.758915011597498,1.054265982050678,0.7464681922132075,1.0817099049998793,0.768057705544798,0.9808018984518873,0.7583645074753113,1.0210562130055216,0.7494193223781015,1.0465980352131308,0.739969360098334,1.0694609628522835
-0.06309568316289438,-0.34829481663003053,0.010282218299044556,-0.4036604511711531,0.05779972025980959,-0.3984654638208283,0.10369636202837527,-0.39211017119626385,-0.11761751920874955,-0.4120799180859893,-0.15669424981207267,-0.41311993382255824,-0.1873721925029821,-0.4130311153051116,0.16790522397422034,-0.3534991152506629,-0.21705792868515322,-0.38362056144083045,0.02468562147145228,-0.27263105513286695,-0.1414795172081581,-0.28935493012808217,0.49765823506490037,0.048335091518361226,-0.49765823506490037,-0.048335091518361226,0.5688950614442405,0.5387109237255282,-0.6630411909680592,0.42415654757267374,0.5488324851491688,0.9357492663473844,-0.8375217760539675,0.822052251687034,0.565715592601433,1.0772498276449984,-0.8857734894831294,0.9544522545382591,0.5070404631456836,1.0697666220517517,-0.8525214935196442,0.9578341304441617,0.4768540855676267,1.0252325649046292,-0.8278355508483968,0.9202712488901115,0.5425351399576245,1.0454564044323507,0.513886133736887,1.0726036180012493,0.48212151209281395,1.115900453854179,0.45750044834588177,1.1473232784533365,0.44174206712760616,1.1713826974498036,0.4952136539231416,1.144662084949445,0.45747028601478124,1.1848281050370204,0.43210574328484064,1.2120308023918123,0.4153361511723398,1.233326204237779,0.5135036334712811,1.1501718628454018,0.47827343606747263,1.1881588878187597,0.45344698408862577,1.2126742682862603,0.4332079807616613,1.2344674463147791,0.5251313328322154,1.1523099051270287,0.494110064622369,1.188927640933315,0.4694717462315647,1.2119576425109027,0.45003853992317394,1.2335072018543043,0.5296066522004226,1.1509885636214001,0.5034443245251771,1.1840254707286122,0.4838713007792542,1.2044611872908555,0.4669170310560676,1.2229048503288664,-0.8719918257517447,0.8386778293936432,-0.8117107379796571,0.8945061072110152,-0.8199894450689592,0.9557766464608087,-0.8447527815590067,0.9997335149854131,-0.8498790501860582,1.0333577533076603,-0.8867333981244292,0.9749512262835281,-0.8651105188764417,1.050344099625032,-0.8425402990772485,1.0812458907242704,-0.8268144936194377,1.0997294117414538,-0.9405987442057198,0.9664498895985719,-0.9131127463266361,1.0461747590160888,-0.8855129361070784,1.0818203782880873,-0.861981686052394,1.104825249921135,-0.9723079434938715,0.9550897411235699,-0.9537829888224749,1.027106396455735,-0.9263878133390969,1.0635024699355125,-0.9000242559803845,1.087380105852917,-0.9856117577777619,0.9436275987776925,-0.9856379799942914,0.9975705270288013,-0.9729232288722356,1.0295063475543114,-0.958938504081127,1.0511680399782957
-0.1624429446171287,-0.3144518274151189,-0.10816605753585254,-0.38884245117952715,-0.06110770335861347,-0.3977033333878403,-0.015177321582971156,-0.40501350531439984,-0.23306643207707664,-0.3597349778159256,-0.27083578903204536,-0.34939172099540533,-0.300191015897359,-0.3404015522705507,0.05794822743199396,-0.3867413701359982,-0.32012594095084,-0.30355868022070914,-0.05617175279015914,-0.2675626094470194,-0.22025682304416414,-0.2351962259025774,0.49009993663111123,-0.09900531356538725,-0.4900999366311114,0.09900531356538725,0.7017241661954956,0.34902631137104595,-0.5109237832096925,0.5997319789842722,0.797717481879785,0.7368362958017254,-0.5623410967898126,1.0323578317678825,0.8546127660643823,0.8672139733509718,-0.5694341314117668,1.1727220143961834,0.7954011655951138,0.8773287871775657,-0.5362893737616069,1.1659464455913073,0.7539730151059578,0.8433195023408535,-0.5238005165211425,1.123017250697115,,,,,,,,,,,,,,,,,,,,,,,,,,,,,,,,,,,,,,,,,,,0.8184126529464957,0.8501790919113433,0.8381019918230412,0.8818587209987879,0.8264572699176884,0.9341660176453662,0.7992175001773067,0.9733287099521947,0.7735705803417701,1.0013530551853855,0.8258125858610924,0.9526831925099766,0.7935427191566141,1.0050607731002092,0.7730926580822706,1.0406532103220039,0.7595509821267517,1.0681948489665587,0.819922817675043,0.9558603396577985,0.7903041132628156,1.0056287304959446,0.7724532446415174,1.0396548197774984,0.7572350980864495,1.0697601797368312,0.8103715143968341,0.9581884418617247,0.7898720388391529,1.0055544770192304,0.775006892912819,1.0379378944381332,0.762755082811412,1.066843135831188,0.798710434020775,0.9592332105673324,0.7902116480096523,0.999802258315967,0.7830070782141485,1.0255340251320837,0.7742794422001833,1.0491343539256373
-0.16060220955799054,-0.31564597399638267,-0.1052625935430423,-0.3896824454138799,-0.05818854357141104,-0.3980676564610521,-0.012016105610130279,-0.4049853340015081,-0.2303384779705323,-0.361828170858652,-0.26829246061471546,-0.3518502839745016,-0.2977191810163525,-0.34315680099735174,0.06179136028964949,-0.386045631487455,-0.3181333268333844,-0.30641251889691257,-0.05463697901092048,-0.267589090646772,-0.2188741427967826,-0.2368423676363639,0.4909326420496329,-0.09478998349069911,-0.4909326420496329,0.09478998349069911,0.6997415965485003,0.3556667977992991,-0.5169450223891223,0.596374718961874,0.7906211070144982,0.7466868220649725,-0.5725253494298516,1.0296342059294734,0.8465927956692452,0.8778540003832808,-0.5808418260317108,1.1701596598720017,0.7859050601837649,0.8875845398774026,-0.5467195480012056,1.1636654552064245,0.7454615953736397,0.8530053821228957,-0.5335581362405185,1.1210624781992615,0.8160456529143875,0.8586822755424864,0.7915273562297721,0.8931449640844787,0.7689139827142684,0.9437919935162928,0.7509663384980546,0.9800880451049151,0.7414934764713105,1.0063171914395395,0.7914528909864555,0.9644221585979449,0.7621827428015547,1.015282817972159,0.7459662059126578,1.0488011295537605,0.7375842106906163,1.0742337667673845,0.81540768651166,0.9636195817676079,0.7895940716305316,1.011872775946756,0.7731055391072805,1.0434229294869697,0.7603508836711386,1.071098182726712,0.8316693384471837,0.9618239909570495,0.8106432222780997,1.0082574443907095,0.7935206377062644,1.0388460422665935,0.7805542942487801,1.0658891804724184,0.8396271187227741,0.959639700289887,0.8215716932307554,0.9994772214912254,0.8075244402003641,1.0252357494749438,0.7943476079088447,1.0481083117092738,-0.5980970907505755,1.0531232245552051,-0.5242525132677845,1.0909531768790746,-0.5144785153603355,1.1505037499950574,-0.5274294461944471,1.1973223889253992,-0.5256921088340926,1.2299715968461697,-0.5683455548824058,1.1876066269402732,-0.528075990913476,1.2552727938127959,-0.4999237444223346,1.2807024261140902,-0.4806841752483547,1.2954152145044868,-0.6219997874585077,1.1962215065436337,-0.5738114439476717,1.2656365965579341,-0.537583184636273,1.2926433555608166,-0.5082815686783477,1.3074773329860412,-0.6591376711507749,1.1960038756730729,-0.6199748701654345,1.261184218858318,-0.5828170841918459,1.2876898234114926,-0.550243763527118,1.3024136605135048,-0.6805521151105337,1.1898576474475393,-0.6637041773030911,1.2429026112159498,-0.6422405537070999,1.269086863722886,-0.6220722828046359,1.2846602337745001
