pose_0_x,pose_0_y,pose_1_x,pose_1_y,pose_2_x,pose_2_y,pose_3_x,pose_3_y,pose_4_x,pose_4_y,pose_5_x,pose_5_y,pose_6_x,pose_6_y,pose_7_x,pose_7_y,pose_8_x,pose_8_y,pose_9_x,pose_9_y,pose_10_x,pose_10_y,pose_11_x,pose_11_y,pose_12_x,pose_12_y,pose_13_x,pose_13_y,pose_15_x,pose_15_y,pose_17_x,pose_17_y,pose_19_x,pose_19_y,pose_21_x,pose_21_y,pose_14_x,pose_14_y,pose_16_x,pose_16_y,pose_18_x,pose_18_y,pose_20_x,pose_20_y,pose_22_x,pose_22_y,right_hand_0_x,right_hand_0_y,right_hand_1_x,right_hand_1_y,right_hand_2_x,right_hand_2_y,right_hand_3_x,right_hand_3_y,right_hand_4_x,right_hand_4_y,right_hand_5_x,right_hand_5_y,right_hand_6_x,right_hand_6_y,right_hand_7_x,right_hand_7_y,right_hand_8_x,right_hand_8_y,right_hand_9_x,right_hand_9_y,right_hand_10_x,right_hand_10_y,right_hand_11_x,right_hand_11_y,right_hand_12_x,right_hand_12_y,right_hand_13_x,right_hand_13_y,right_hand_14_x,right_hand_14_y,right_hand_15_x,right_hand_15_y,right_hand_16_x,right_hand_16_y,right_hand_17_x,right_hand_17_y,right_hand_18_x,right_hand_18_y,right_hand_19_x,right_hand_19_y,right_hand_20_x,right_hand_20_y,left_hand_0_x,left_hand_0_y,left_hand_1_x,left_hand_1_y,left_hand_2_x,left_hand_2_y,left_hand_3_x,left_hand_3_y,left_hand_4_x,left_hand_4_y,left_hand_5_x,left_hand_5_y,left_hand_6_x,left_hand_6_y,left_hand_7_x,left_hand_7_y,left_hand_8_x,left_hand_8_y,left_hand_9_x,left_hand_9_y,left_hand_10_x,left_hand_10_y,left_hand_11_x,left_hand_11_y,left_hand_12_x,left_hand_12_y,left_hand_13_x,left_hand_13_y,left_hand_14_x,left_hand_14_y,left_hand_15_x,left_hand_15_y,left_hand_16_x,left_hand_16_y,left_hand_17_x,left_hand_17_y,left_hand_18_x,left_hand_18_y,left_hand_19_x,left_hand_19_y,left_hand_20_x,left_hand_20_y
-0.07047360498968527,-0.3593595212198027,0.0037867098269130438,-0.4195171770048095,0.04557474345939607,-0.41778613112425417,0.08349402147670712,-0.41579624059580883,-0.12817812921549732,-0.4170236299236012,-0.17134637603672143,-0.4160637665169213,-0.20984237758656507,-0.4146942897200032,0.1492701250199053,-0.3832655119492547,-0.2500574664416292,-0.3867443954333654,0.023057514721105923,-0.2961788796085694,-0.14346787433724778,-0.2981917933492869,0.49999963721786866,0.0006023138714662212,-0.49999963721786866,-0.0006023138714662212,0.6821418756464417,0.4568404679406669,-0.6046804509775875,0.4726264000311182,0.6870932629541466,0.8103725477501205,-0.5217307368552664,0.8767119360301929,0.7189480183966248,0.9344642369562074,-0.5215931274817726,0.999918658622415,0.6593452106251265,0.926968183479574,-0.44113175962141554,0.9912075123063617,0.6303642646219684,0.8902280838297832,-0.4152074483406796,0.9581811899882019,0.7124186841175962,0.8398194265206503,0.6073700619825376,0.864093503234734,0.5680618414577108,0.9192833777172054,0.5579501516851082,0.9743764024885486,0.5700128932449792,1.0144914006182624,0.6950973616949369,0.9616200206939385,0.64752178971481,1.0282425374026136,0.5916292366692709,1.0160575498762117,0.5799705939111064,0.9939318623337361,0.7454639617093739,0.9638466126774791,0.6952297727100589,1.033951723222656,0.6330185660228855,1.0266786714384435,0.616437372133643,1.0063676316268708,0.7699311633303646,0.9599360915318863,0.726190606677112,1.0273507209074115,0.6655241951663651,1.0252693083533224,0.6467534134981674,1.00860963584342,0.7771470732433604,0.9555080237963748,0.7404523519103464,1.012750389111734,0.6935502125449081,1.01709150140916,0.6729700098345066,1.0055068298721674,-0.560229582789879,0.8805347406397737,-0.44421360147782785,0.9020816132092592,-0.4064417410573528,0.9538573926686005,-0.40347475349628004,1.0120619760373493,-0.3895531574485595,1.0559343243549775,-0.5278694095985675,1.0014777677245454,-0.47824862688708586,1.068953284934179,-0.4237256941490779,1.0649613263104665,-0.4049472620666729,1.0477411051778063,-0.5812635139120997,1.00392412673432,-0.5222774472243711,1.0721087969368313,-0.4613091385991455,1.069219098384957,-0.43739737666603423,1.0533437372881596,-0.6041173608755008,0.9982392960479209,-0.5483491761019432,1.0644572892087405,-0.4914466702988382,1.064603800559563,-0.4698179685131351,1.0509242069802889,-0.6073344581318045,0.9923158611616107,-0.563614694912038,1.047794382032651,-0.5169187244012567,1.0550074973551633,-0.49841727654604095,1.0469984638761691
-0.07068492737685823,-0.2710276041633228,0.004062010441327635,-0.31632099609958225,0.04553354662219171,-0.3150407529918718,0.08298369148500312,-0.3135861394046458,-0.1288630893379791,-0.314603399293019,-0.17209851585275282,-0.3139322587912322,-0.21073328703059485,-0.31304817837423854,0.14853491111731318,-0.2891625649763516,-0.25080258043405124,-0.292013147934338,0.02174182724517158,-0.22302065131924503,-0.14285519994033635,-0.22373037921269887,0.4999999205881439,0.00028180108181613203,-0.499999920588144,-0.00028180108181613203,0.686991330064481,0.34513525547314783,-0.604568555313206,0.35711691890339303,0.6900026395609966,0.6194109160713961,-0.5229522761979712,0.6618443340744053,0.7196367428357426,0.7084215603135049,-0.5228786908297193,0.754949515355427,0.6590730413497202,0.7037509955758117,-0.4421577984753734,0.7485660941887415,0.6312104812871818,0.6803286463496373,-0.4162402468664687,0.7235890447670804,0.720455797041298,0.6336264465200293,0.6110314110360314,0.6517553741252405,0.5680650126275865,0.6929468132046448,0.5574059267517417,0.7354725967463862,0.5680010424141196,0.7665930318522733,0.6976145062806192,0.7258549452460241,0.6468608136346392,0.7772955115773713,0.5927704660506465,0.7691114651727273,0.5851054216382339,0.7532379517566814,0.746024652118513,0.7291118719329195,0.6904374800304528,0.782603441626658,0.6292413368327618,0.7762343852404906,0.618181161643032,0.7605609732170635,0.7675806517803927,0.727334948582816,0.7203849588601274,0.7773633133414173,0.6600738023579457,0.774725508694857,0.6451448028470055,0.7619659923995503,0.7715579899913187,0.7247179728680072,0.7299675398553596,0.7674026308822801,0.6835067194793698,0.7687273509416701,0.6676154195793438,0.7581554470714827,-0.5644360766068773,0.6616695146954987,-0.445690386720585,0.681767422766342,-0.4055952893813283,0.7202565593346592,-0.4004331286277228,0.7644091542700888,-0.3874883831001505,0.7984957729051827,-0.5302326163051629,0.7572704329437554,-0.4797801330998941,0.8079104500568224,-0.42354305503943335,0.8009560288645378,-0.40887032883765834,0.786897792762579,-0.584803034831631,0.7594357799590715,-0.5243282244704569,0.8109810655403966,-0.46046004938080376,0.8036225630721345,-0.4439269869557971,0.7883413095568547,-0.6065818509885772,0.7555447918601019,-0.5483274545859473,0.8053556738416574,-0.4904594304235521,0.8005229307319135,-0.4755459328968569,0.785925584417106,-0.6070730087932025,0.7517119811222311,-0.5572552239175621,0.7936383223729474,-0.5089252370741503,0.79331712588056,-0.4964154301298588,0.7816444488792617
-0.0687997023245258,-0.31976764768919624,0.005110017816227512,-0.37311401285093726,0.046209733916314645,-0.3716621271382451,0.08334014487199433,-0.36997775241517183,-0.12895490999252204,-0.37119210652343665,-0.17223976101495653,-0.3704004192581584,-0.21122432697392143,-0.36938130676391545,0.1479359016320303,-0.3413066432234464,-0.25147225074375396,-0.3445284370716704,0.02134658521582796,-0.26297952140448627,-0.13988470712994033,-0.2626865848276588,0.49999988936357703,0.0003326205207301551,-0.49999988936357687,-0.0003326205207301551,0.6894397600009898,0.4077227341575096,-0.6050207403424095,0.4215237631907734,0.6919511633844763,0.736110357371036,-0.5238933611303708,0.7802550053919307,0.7198744040056844,0.8383070430432014,-0.5237690964276626,0.8906776450696021,0.659390473992214,0.832942909470593,-0.44305033803503513,0.8832478276770621,0.6328007722738455,0.8075690847261974,-0.4171944458881096,0.8536731407193912,0.7192756562280218,0.7457531531793492,0.6094715957486547,0.7688638278159474,0.5677155146667271,0.8170062782965868,0.5572305576814999,0.8671376295684854,0.567660743968377,0.9043534991212445,0.6975803740482356,0.8567444618662823,0.6470574476368512,0.9168487929196808,0.593027822355834,0.9071768432903266,0.584491838464584,0.8889707905470198,0.7464558606726883,0.8607739606314612,0.6900750215775524,0.9235197634703537,0.6291454661689039,0.9162665639936559,0.6173674102946728,0.8978125342725399,0.7689257850592467,0.8580760456924399,0.7211105727781234,0.916624715295167,0.6607088969675515,0.9137984896437729,0.6452003479723645,0.8986313837460848,0.773188280303962,0.8540141726259886,0.7305124833733954,0.9036546549110551,0.683698652211569,0.9056716925295984,0.6672044269568269,0.8933931879004157,-0.5605473259036288,0.7800829639479961,-0.4450582043530449,0.8052150831760857,-0.4052273427647348,0.8496900846691265,-0.3985365817377922,0.9017437236411848,-0.3877425334817686,0.9424197449540233,-0.5304211842374906,0.8944534038923475,-0.4794861034132531,0.952829693053221,-0.4229986675826185,0.944776288988528,-0.40787233561140135,0.9285667644896599,-0.58367744333159,0.8971494543428138,-0.5228582145626288,0.9576034617497464,-0.4585739048023505,0.9496809108818194,-0.4402241503690957,0.93185284081829,-0.6044851064698351,0.892490775439817,-0.5464055904828592,0.9509811374004619,-0.48758107521187394,0.9460219368421982,-0.470539928216618,0.9291071271726781,-0.6043990242073746,0.887612256386295,-0.5550122462429478,0.9368937398750529,-0.5058954937107093,0.9373990162734459,-0.49122980490679863,0.9242492869922201
-0.06344636737379679,-0.3235667384186211,0.008218311682390466,-0.37749117846012586,0.04838607993700189,-0.37606740439266617,0.08551151955889758,-0.3743792868438215,-0.12688287012337718,-0.37564830286047035,-0.1708221639590005,-0.37485546546170095,-0.2104587148378978,-0.3738908605686983,0.14770979111952137,-0.3453983697760821,-0.25186373272681734,-0.34862986373352595,0.021855737500864805,-0.26597692419073254,-0.13550199964644188,-0.26471440736873314,0.4999998644431383,0.0003681804493649332,-0.4999998644431383,-0.0003681804493649332,0.6911957165393844,0.41351829500221876,-0.6053736821674655,0.4270085639436686,0.6926764898819604,0.748283102902844,-0.5243817800648577,0.7896936546644249,0.7195412479868074,0.8504777265398186,-0.5240510943038118,0.9018264263493666,0.6598409348508966,0.8445538929374994,-0.44345377716986084,0.8943240820782641,0.6345735587808556,0.8196429731844176,-0.41765645974514887,0.8643546868381662,0.7162530399146677,0.7539812878988529,0.6092841958866907,0.7784537801316889,0.5684935330522046,0.8264917086787622,0.5583091183313367,0.8768736371970911,0.5687061377890483,0.9140570955990887,0.6984246702139203,0.8679501356959785,0.6486722171286131,0.9270532541512829,0.5948614281940315,0.9208160864386041,0.5813497395260177,0.9047217639419722,0.7466510021318952,0.8719733731283398,0.6925967876445105,0.9341799750009302,0.6309822466332902,0.9300992529426267,0.6115307781659484,0.9137410159543556,0.7681403743602447,0.869101544173806,0.7247022623280943,0.9270843130088816,0.6637343695192398,0.9278348734681987,0.6406130645324607,0.9151958059804394,0.7710738485824526,0.8647356297324699,0.7337800723383564,0.914131568218966,0.6864283056121059,0.9195543417981472,0.6627443735008636,0.9105757580136691,-0.5609167164102761,0.7867276195617052,-0.4423545341191177,0.8143861328389264,-0.40203138576366465,0.8608663138209149,-0.3966978141151891,0.9139513925257143,-0.3877051048929434,0.9549810013929916,-0.5315095354551435,0.9052133861907019,-0.4801401673975272,0.9648251148886712,-0.4221642494679255,0.9573953556825644,-0.40387857345648853,0.9415556814990615,-0.5852815529811133,0.9069322623043231,-0.5244529427768667,0.9680718808810668,-0.4583135329919874,0.9610419401180804,-0.43725496509882067,0.9437692685875824,-0.605797910086504,0.9013382360186036,-0.5480367563139721,0.9607500554950127,-0.4878542053793024,0.9563654371007579,-0.4687410787992642,0.9397259544351159,-0.60574205962701,0.8956127672747596,-0.5573117606530975,0.9457352427948059,-0.5070445803101695,0.9468600539083916,-0.49055564008262864,0.9342230455714123
-0.06085181787928444,-0.32278143226378875,0.00979635357283888,-0.37651565464844156,0.04948608502934203,-0.3751106425636214,0.0865479501600402,-0.37342966124756816,-0.12587477737900404,-0.3747845982702694,-0.17005645466159822,-0.37402174535812627,-0.2100078147544669,-0.3731798209269535,0.14740320277386051,-0.3445533844859168,-0.2521778170870024,-0.3478325734683328,0.021925676977755045,-0.2652570412671151,-0.13324660091056506,-0.2635522635967557,0.49999980197080857,0.000445004665283225,-0.49999980197080873,-0.000445004665283225,0.6935486632349089,0.41300616559926123,-0.6056255435019545,0.42611573126359525,0.6938477795453526,0.7471657861552239,-0.5247230211604439,0.7872422707425349,0.7192673666283296,0.8491723684225065,-0.5242897539325542,0.899745099620322,0.6609057312875956,0.8428471604905154,-0.44376191206127735,0.8922667100868507,0.637083197628554,0.8180729300995692,-0.41806077488162635,0.8622538578126953,0.7163184016910511,0.7516641531030409,0.6078834398506034,0.7769326286370207,0.5685702534345106,0.8249767831938232,0.5606146231671139,0.8747008918859175,0.5690522938928106,0.9118134463861698,0.6978100893060032,0.8654975234604456,0.6497018235019317,0.9245874663351088,0.5967260481840834,0.9191045466274768,0.5825419684445005,0.903434904112113,0.7465742912711648,0.8695252704227417,0.6947258939632815,0.9313793567263687,0.6342070490634375,0.9278179498297544,0.6146361279482446,0.9119221563500861,0.7682435407819945,0.8667710564078049,0.7261513597205158,0.9241844690830475,0.6666625426403616,0.9253528871991554,0.6436201843973389,0.9134158483739749,0.7709793559075,0.8626072079946215,0.734577450484063,0.9114943355629573,0.6883272779286586,0.9173877851815676,0.6649041548285095,0.9090982652401667,-0.5585274821925368,0.7829248588055202,-0.4412855665961433,0.8134655107942487,-0.40305118123015066,0.8605321316597726,-0.3968446159237224,0.9126280007299707,-0.38602049164246016,0.9528693478294887,-0.5293517675563376,0.9041431452471077,-0.4817931574132879,0.9620485775070674,-0.42409089296818026,0.9566024651100528,-0.4025447050890094,0.9422027604093833,-0.5856866151150547,0.9044348645833492,-0.527579444535797,0.9647108588438578,-0.4609111490580937,0.959096802392352,-0.43727850715125316,0.9431125001704086,-0.6081097397888849,0.8972180637504511,-0.5528759699871153,0.9562742808567811,-0.49134328958753687,0.9535717682735021,-0.4690099586880029,0.9380075829829768,-0.6089848120133678,0.8895604311741131,-0.5639942056799254,0.9395498948962393,-0.5123798609968478,0.9427425438995062,-0.4920810705658549,0.9316517308249369
-0.058667749898060874,-0.3160531428540558,0.011149471384966574,-0.36865535164446217,0.05031414985652275,-0.36730266754206015,0.0872977119760736,-0.36566071995255617,-0.12476522493118812,-0.3670340297992559,-0.16923942323924715,-0.36630883785264245,-0.20941382144601745,-0.3655684281312728,0.1471784311438386,-0.3374090888065902,-0.25257968370207023,-0.3406718970966109,0.02202069558060157,-0.2596695266479484,-0.1314485565209793,-0.2576204092586651,0.499999695630617,0.00055169673771903,-0.499999695630617,-0.00055169673771903,0.6962055367623033,0.404884199008787,-0.6059425215681193,0.4174685860540339,0.6958385979746083,0.7325443536996413,-0.5253260306457386,0.7706474817325308,0.7195213652737379,0.8326353893511377,-0.5248468898691898,0.8813461867562553,0.6619600761957691,0.8261882512128145,-0.4443007828715752,0.8740267305542195,0.6393624189445746,0.8020043144902914,-0.4186107484962586,0.8445176626453726,0.7138046592169678,0.7365398789791645,0.6061455256914345,0.7619974134898262,0.5674481100955951,0.8097559051887109,0.559766347684604,0.8585629560672178,0.5694632303293572,0.8947024461673748,0.6968066959746747,0.8464690592827089,0.6508509994900795,0.9058889778917628,0.5961354983883755,0.8999085181792973,0.5812380584684732,0.884296842013673,0.7471097041638877,0.8501603967560855,0.6952095600528456,0.9125728928670646,0.632571204602596,0.9083830160620044,0.6123133956508924,0.8918109851192018,0.7694992527393433,0.8473187393343874,0.727727914939683,0.9051595308373318,0.6658379654063373,0.9054754568719405,0.6415671929337744,0.8923596634553163,0.7725759235483151,0.8431124290094804,0.7372412300261191,0.8918587764779403,0.6892342887829165,0.8967878262981571,0.6648339392103649,0.887427595233495,-0.558269928508675,0.7683915619110919,-0.4405348011564518,0.7962945047883665,-0.40239810101147205,0.8421725322876217,-0.3961979349414869,0.8935463983528353,-0.3866988537031555,0.9330953407543003,-0.530596284694366,0.8847086861437149,-0.4772322138468613,0.9429700416035589,-0.41893891231842667,0.9340275237831697,-0.402514327743583,0.9175141839826775,-0.5847913177777821,0.8870618655724113,-0.522649870873095,0.9472036852318848,-0.4571997905175622,0.9379571472943271,-0.4399862580998335,0.9194786603603001,-0.6058093123827524,0.8820246563613652,-0.5471536857966979,0.9404402856809968,-0.4878157179818398,0.9337017040988572,-0.472553106234697,0.9155827423337268,-0.6049748162259317,0.8769311036537009,-0.5557521080256388,0.9261702890285913,-0.5068774910348607,0.9247508018295665,-0.4947214902599449,0.9101489486896395
-0.05480647293825304,-0.3123380840200765,0.015349365612136099,-0.36421226716534855,0.05297966584193084,-0.36288194218173275,0.09036519298383695,-0.3612609898065846,-0.12009082589844944,-0.3628639035258484,-0.1659170449217492,-0.3622186332601908,-0.20556871295200904,-0.3616757960507948,0.14840776070468298,-0.3333641981263413,-0.2520296125753383,-0.3371854937342952,0.023046403246584104,-0.25650651800184965,-0.12927418939696994,-0.2544492413991804,0.4999995883168615,0.0006416252559726092,-0.49999958831686137,-0.0006416252559726092,0.7015406981671518,0.4001046154027583,-0.6059063493054118,0.41231871149269755,0.6992951925049951,0.7238540442604983,-0.5261844129420393,0.7601919742216179,0.7212322066860377,0.8228312999761922,-0.5257692518435529,0.8705287369383753,0.6638497696775306,0.8163721771321026,-0.4449698618837535,0.8632834517781334,0.6420143594197625,0.7924337417080823,-0.41928372189166874,0.8339210762605653,0.721848119056526,0.7264721553078832,0.611569539740695,0.7509618156056315,0.572142500887036,0.7985099728529879,0.5637347271045755,0.8478012731410692,0.5740808364678038,0.8840313439519643,0.7017820320506742,0.8367734620213412,0.6560229266440056,0.8947528085758933,0.6022048810405868,0.8880133513505751,0.5882607743324638,0.8725371372748137,0.7511065114922503,0.8400080767522674,0.7000486730501296,0.9008928273902864,0.6385798716767332,0.8964368030503662,0.619328384790752,0.8805942655012617,0.7725435636214352,0.8370016064911708,0.7306811750246076,0.8934503803425372,0.6702286094099206,0.894025794825993,0.6477910435991288,0.8819846710138333,0.7748232648012899,0.83292168087784,0.7381945591459028,0.8807819835000396,0.6913677281780143,0.8860622770755464,0.6685182439471382,0.8775694045094817,-0.55777822166835,0.7589790144078028,-0.44042873643867575,0.7852441257866659,-0.3998860196886348,0.8306470291521376,-0.3930220556146526,0.8820819264995196,-0.3834171439238227,0.9216634180335194,-0.5289777347282345,0.8727000029348302,-0.4774627768943603,0.931809965220768,-0.4172466320141012,0.9265633051437183,-0.39579611785639723,0.911912354397094,-0.5824568713071137,0.8753757714081416,-0.5208581662716583,0.9363880973851358,-0.4534151721252961,0.930450542290519,-0.42970401980622425,0.9137302201363616,-0.6029222008083857,0.8708413793599938,-0.5431620944270793,0.9298708200683447,-0.48129503318808153,0.926625933037397,-0.45950354648321823,0.9111820270020254,-0.6021052423769498,0.8658077866672585,-0.5511921453071535,0.9150593232133217,-0.4990393624578295,0.9167759570927012,-0.48013513694984855,0.9050509550295865
-0.0514708089197549,-0.32132643495356344,0.01857011733822938,-0.3746365998870895,0.05505121503409937,-0.37327646097436656,0.09287497731651015,-0.37160929017131983,-0.11644389431340618,-0.3734974744897531,-0.16330379319721006,-0.37288275001296495,-0.20228591348579433,-0.37243364713965493,0.14961622664998825,-0.3429215227463626,-0.25150354003830244,-0.3472282385690419,0.024450520084631246,-0.2637331687561863,-0.1274752430791091,-0.261542939737651,0.4999992635625277,0.0008581590353942259,-0.49999926356252755,-0.0008581590353942259,0.7041010000970558,0.4120051047126214,-0.6064997490205969,0.4239917524724694,0.7011294744731361,0.7451308267882544,-0.5273777405330297,0.7814208623847034,0.722159504398427,0.8471175880580883,-0.5270103075638444,0.8957816524805056,0.665431827267772,0.8403963901591209,-0.44610670158248944,0.8882483524609703,0.6439619792915723,0.8157552374052733,-0.4204065553451636,0.8578314366724317,0.7172207961595061,0.7488065138584202,0.61153700325393,0.7742851735650768,0.5740248115406784,0.821969020668337,0.5658272010354508,0.8718574616029938,0.5754190111582295,0.9089526087285886,0.704423585787347,0.8609908429907439,0.6575821765711571,0.9204627027561277,0.6029552403992277,0.9130097092868313,0.5900824977678779,0.8968697977111298,0.7522164260913037,0.8648905699908754,0.6993678418863999,0.927922857319076,0.6368115920882407,0.9227013970334855,0.6191376335335275,0.9053700158758969,0.7724240592049437,0.8625875963728806,0.7293991927623632,0.9211520432712349,0.6679182941647053,0.9208374666572422,0.646560761084332,0.9070556009197629,0.774127075611371,0.8592525727578679,0.7359978404161419,0.908301460712958,0.68885528565615,0.9127193439894711,0.6673618338489531,0.9028837523608604,-0.5553941110362235,0.78037602472045,-0.43810215074495734,0.8097197994745873,-0.39942019250721694,0.8573610210203959,-0.39239569240253575,0.9095841489877914,-0.3810935880254392,0.9498005099322218,-0.5288560287985072,0.8995852162230262,-0.47745996534357577,0.958637981507546,-0.41840416368225886,0.9538083353460505,-0.3960531060155075,0.9401845251756017,-0.5847870766330162,0.9013582689107827,-0.5225159414434407,0.9637712921403266,-0.4553213421557966,0.9573841081095499,-0.4321862439027645,0.9405006363096627,-0.6070145092349214,0.8954819095605059,-0.5476996555284133,0.956508749661724,-0.48552814817550377,0.952715927559681,-0.4642686693430637,0.9363768693795657,-0.606955499657429,0.8894362414960314,-0.5576349013921971,0.9401453096627462,-0.5041880584208173,0.9424769276553484,-0.4844696147045881,0.9307514893115638
-0.04923479150439973,-0.30954474759508643,0.02067487208383262,-0.3608838132617577,0.056282394606588675,-0.3595740092284337,0.09436937414253115,-0.35796217964954274,-0.11373876633887318,-0.3598769793096655,-0.16136904697499377,-0.35932235207387064,-0.19990959292287594,-0.358956406103846,0.15057056382510714,-0.3303258463610508,-0.25108887324408763,-0.3345626637532034,0.025388104303738075,-0.2538853141966805,-0.1260406725304194,-0.2516562100273462,0.4999991906297846,0.0008996496875019397,-0.49999919062978476,-0.0008996496875019397,0.7056984485592355,0.3971231621872721,-0.6071132100526002,0.40841668766596767,0.7033995125528845,0.7181462767840123,-0.528519639535771,0.752335839582849,0.723302298062226,0.8163055441622881,-0.5282060408837658,0.8628956282391677,0.6671976684165668,0.809790876347135,-0.44718075200604857,0.8555993776946341,0.6459881234269924,0.7860406502517148,-0.42145887085706574,0.8262123270177323,0.7223989055863616,0.7202507022455702,0.6146260927618291,0.7447665771643706,0.5764554475466007,0.7925121158268873,0.5674532173158743,0.8409575964839164,0.5776872032061092,0.8759486183278661,0.7056935270486893,0.8292699942990873,0.6610900738287058,0.8874210306481537,0.6056279965999615,0.8829513236144334,0.5887568615870922,0.8688419319846157,0.7535428149041167,0.8323687283484846,0.7030168158928104,0.8934345196261189,0.6388792967336082,0.8907591018217013,0.6152542743679488,0.8758993382062153,0.7734702079661891,0.8295975428409924,0.7316241786750427,0.885670436460048,0.6687725517913576,0.8873181994609759,0.6425497592989805,0.8757802445788927,0.774382459161037,0.8257499152095764,0.738649733409985,0.8731005558305988,0.6898897692430849,0.8788548313686811,0.6635905949070302,0.8706179875689076,-0.5558279203942229,0.7502432413504873,-0.4390027763616033,0.7788294900505648,-0.3989050644768966,0.8256952142745441,-0.391314914052092,0.8759313702852883,-0.3815671734038239,0.9152892679757804,-0.5288236904573166,0.8677132529317421,-0.47678659084789843,0.9253287786255372,-0.4177733484694224,0.9229434564705702,-0.39228395947864303,0.9102461045931177,-0.5850438771706011,0.8689690746984745,-0.5214561891696231,0.9283048051720242,-0.45393473778905014,0.924211269733571,-0.4263566597224544,0.908511115776868,-0.6075324243209274,0.8629238821755807,-0.5462563698235094,0.9207368568901231,-0.48404995297243397,0.9191774695740221,-0.4577366046860062,0.905278504063653,-0.6084056971522489,0.8562321344566294,-0.5584614206875059,0.9033164981536657,-0.5042310006880588,0.906869102123466,-0.4795101547841774,0.8974873168306742
-0.04668633328806843,-0.3344511791942613,0.022578942269600936,-0.3898884942984747,0.05760936983304558,-0.3884805736141467,0.09609630736886646,-0.38673994065313544,-0.11120827970883129,-0.38887482778957755,-0.159555182142338,-0.38830422301820383,-0.19777108074380303,-0.3879465301438314,0.15126066167503385,-0.3569030570914646,-0.2509619050993768,-0.36150703005315027,0.02671743388632896,-0.2742303236703725,-0.12472771357735685,-0.27169960720535924,0.4999988032125983,0.0010939771337950411,-0.4999988032125985,-0.0010939771337950411,0.7067917562713539,0.4291405118846,-0.607850328282036,0.4411861294680362,0.7044386141746052,0.7759519621410065,-0.5299590982420963,0.8123531743958129,0.7239370624998086,0.8820963409134606,-0.5297187987288668,0.9321492945086384,0.6680805785993665,0.8750497713215943,-0.4485450517220296,0.9242618149924273,0.646879836305497,0.8493619076871395,-0.4227469925416044,0.8924293455135778,0.7211764260255622,0.7791047531701456,0.6146649229649122,0.8060960449355393,0.5763775946188422,0.8567799471970415,0.5691758999821002,0.909228198457681,0.5782077724612976,0.9470050740353234,0.7067259423825318,0.8969867294387205,0.6611673616070426,0.9595298043964652,0.6047088973762063,0.9518888474393328,0.590110628054683,0.9350878647107019,0.7541275090926124,0.9000523767842689,0.7029564223431077,0.9656030624591826,0.6396479933903422,0.9608744083616058,0.6197834306776192,0.9436036306625779,0.7738159112765721,0.8971013828391272,0.7320323678725041,0.9573398534558804,0.6701556865729773,0.9580645126414228,0.6469470295273182,0.9448415679192906,0.7751225337220201,0.8934037219349904,0.7390953410190341,0.9444938805951473,0.6912431265133361,0.9497210817542446,0.6675294365423738,0.9398028526908928,-0.558057293722584,0.8103312989508707,-0.44103665254052205,0.8408837679285858,-0.40092821054027755,0.8908964330997816,-0.3920899372999059,0.9458161218227473,-0.38252524818784883,0.9882960940836344,-0.530409351942571,0.9371086752633803,-0.478965551354354,0.9991406019344822,-0.41946565786013496,0.992695518989641,-0.39862659638343,0.9766658732241175,-0.58497931224984,0.9392494636777845,-0.5224914879078526,1.0032365325452948,-0.4551044698000418,0.9964226419130773,-0.4323515837868544,0.9782209708934102,-0.606182616162137,0.9335388014309042,-0.5452002352650633,0.996008043858356,-0.4829827601909322,0.992391137284227,-0.46105067583609416,0.9753340479661429,-0.6060489193849938,0.9274870186955074,-0.5544610770221391,0.9796612376802524,-0.5013695646425125,0.9814697797083388,-0.48168264031533786,0.9687018989469539
-0.04466740983547237,-0.32658560305972134,0.023881422410031924,-0.3807233065943077,0.05864858768438834,-0.37935236532545724,0.09743801389409176,-0.3776543355872618,-0.10960774449166331,-0.3798170463669794,-0.1584719531849044,-0.37930050534353565,-0.19648729877821977,-0.37899383145963583,0.15161813493750778,-0.3485395609393632,-0.2509366223799465,-0.35306258354984765,0.02782696554671044,-0.2677370713971693,-0.12374433011783119,-0.2652033656193257,0.4999984905332974,0.0012286026306302833,-0.4999984905332976,-0.0012286026306302833,0.7071089364202441,0.41947318044086457,-0.6083459134506862,0.4306418224312975,0.7063038925792,0.7582211086882893,-0.5311480861907344,0.7932317326390194,0.7251561575986057,0.8619608369708631,-0.5309413031267133,0.9105721691933331,0.669186480500895,0.8551561485281046,-0.449611364510184,0.9028501680406804,0.6481399681087672,0.8300234099763952,-0.4237738354520893,0.8717194422443107,0.7222065653186817,0.7608717974090551,0.6149617881914147,0.7880971393265596,0.5772643580002949,0.8372679438822045,0.5707498533071647,0.8880866519168785,0.5807381557014574,0.9249183782499046,0.707388591532101,0.8768545556735972,0.6626447597249467,0.9367747880574137,0.607822299683422,0.9301256145458167,0.5931163457159773,0.9139426996021502,0.7549694041460691,0.8799802844293487,0.7045823767319511,0.9427982610265787,0.6430268944627847,0.9385846212417994,0.6235253878155701,0.9221995542248508,0.775523857649563,0.8770889549901303,0.73443763071159,0.9354250848923171,0.6739185289874225,0.9365303331488991,0.65098365432729,0.9239677780631064,0.7774307584087624,0.8734210911287581,0.7421423459830396,0.9234603174125942,0.694758356924525,0.9288950181340176,0.6710075914338198,0.9193011165223351,-0.5605447097312878,0.7931197341490192,-0.44222949509071613,0.822575857135926,-0.4003453241593911,0.8706349986607939,-0.39085943459828304,0.9240985007588652,-0.3816539890209977,0.9654223027511915,-0.5299356885883785,0.9160174456235646,-0.47867113972136405,0.9765385863144106,-0.41820587850885854,0.9716571165242425,-0.3953940678753824,0.9573551173979342,-0.5846869529349945,0.9183631725116514,-0.5222762348459637,0.981437740076684,-0.4534355199731334,0.975811983107613,-0.42819930857092836,0.9586708395970245,-0.6056162192312137,0.9128473335652741,-0.5446308941752902,0.9744693882058136,-0.4806541666252579,0.9716810418982673,-0.4570554562059501,0.955668205156908,-0.6048110767811741,0.9067234780485702,-0.5526216741433182,0.9583112654975499,-0.4978685362257836,0.960477378708175,-0.4765828970190387,0.9482719705099992
-0.042102581754797655,-0.34115042422584196,0.0252960275781366,-0.39768961950657256,0.05983287226500366,-0.39626202331609406,0.09896678786678687,-0.3944926328790595,-0.1076667440798693,-0.3968160773832934,-0.15713000744900205,-0.3962807514577426,-0.19518397748574767,-0.3959445733890933,0.1520821697814277,-0.3640718126416396,-0.2509198852067792,-0.3687750445962038,0.029640084930483545,-0.2796282298056301,-0.12217278921434077,-0.27690533464778183,0.499997922462953,0.0014413648847014144,-0.499997922462953,-0.0014413648847014144,0.7077321226143267,0.4386944214056002,-0.6083905510070416,0.4499702573060296,0.7091527089040086,0.7926623676590193,-0.5320919626484945,0.828871678293838,0.7273489627693053,0.9010435500696389,-0.5319629888862958,0.9516224859633644,0.6705195904278255,0.894106483352683,-0.4503510170345607,0.9435415306237331,0.6495680149189823,0.8678711423461135,-0.42449932667529044,0.9110117223529524,0.7279556427157461,0.7956356809430465,0.6198476050899294,0.8218895009865992,0.5798323852263272,0.8731083188276305,0.5715206331299164,0.9271163842509723,0.5814722367796709,0.9670227704516661,0.7076085762101392,0.9160443612584476,0.6632423914476299,0.9791330616888143,0.6079899133065618,0.970863330304706,0.5944607926141471,0.9526116579430615,0.754908889392863,0.9203568612226799,0.7054563820605165,0.986188068141811,0.6432805686815978,0.9808401986054233,0.6246657174947656,0.9625046459092367,0.7754288419209432,0.9181966255659203,0.7352257367909087,0.9788462742815138,0.6744113021597291,0.9790194699614754,0.6527283161494184,0.9650326506353708,0.7778545749143418,0.9150564574479553,0.742719240657669,0.9669923343907524,0.6959624527099805,0.9715695193847168,0.673729625993494,0.9605712313730962,-0.5556295262309284,0.8293485099148202,-0.43996690229091373,0.8602818743238628,-0.40016986221937073,0.9107334497960266,-0.3911166343393626,0.9663895916844424,-0.38134058105146884,1.0097155055622025,-0.5308577814366958,0.9574299762529557,-0.4796379289773552,1.0206636103067213,-0.4205225534414622,1.0180439350637873,-0.39515251643589694,1.0044060434360154,-0.5861998603245708,0.959611770786196,-0.524153218066324,1.025691538869456,-0.4567076374167816,1.020543858900388,-0.4298816869548418,1.0034424160074424,-0.6078658735061914,0.9538086285053066,-0.5483873583797155,1.0182472044706041,-0.4857589033426436,1.0158204721138198,-0.4602973906847767,0.9996870046581493,-0.6071062407430647,0.947471768156251,-0.5573745698504574,1.0014763914060372,-0.5040694277638896,1.0052595213108053,-0.4811452543159835,0.9940572392242508
-0.04168253932242693,-0.3293669483036031,0.025620202109092063,-0.3838193310384076,0.060158535107484645,-0.3824613085766704,0.09949625486921997,-0.38076223992434427,-0.10728241581297025,-0.38317095649359045,-0.15671632647142222,-0.3826934437520804,-0.19465150689873023,-0.3823994889013211,0.15204504441964695,-0.35139900859207185,-0.2508872053166682,-0.35590762743150595,0.029972406709019926,-0.26989047683830275,-0.12168847161680847,-0.26720568046051557,0.49999796937304336,0.001424999239731388,-0.49999796937304336,-0.001424999239731388,0.7074972043843207,0.4240094404789218,-0.6083023114078366,0.4341771490901999,0.7119287588980389,0.7653582393619258,-0.5329059774635896,0.7998113561876763,0.7294599577618054,0.8698486560802792,-0.5328515971122232,0.9182654586980321,0.6712321225156768,0.8633111980969334,-0.4509806457619926,0.9104771848019995,0.6503186829235436,0.8380962876871073,-0.4251391225314135,0.8790767231079525,0.7194217988915923,0.7673230080611135,0.6157765995560914,0.7950648987669409,0.5814482872250454,0.8447321676633032,0.5740055811320308,0.8959518118642998,0.5822613277596319,0.9324668956628165,0.7100442971394326,0.8842862708644961,0.6653063420134124,0.9451056431176765,0.609557105940094,0.938730065712269,0.5939940612813202,0.9218495576277186,0.7583249693120088,0.887253790098299,0.7069993922385988,0.9513967838933387,0.6454812989999902,0.9463830312202626,0.6259217426384299,0.9297628257065005,0.7781756727453133,0.8840189756121553,0.7370818920183072,0.9428928090404172,0.6771000683792832,0.9432375482409509,0.6540035192186794,0.9303155971832183,0.7790315464423193,0.8798221429614391,0.7441154131081176,0.9293621450535475,0.6977144653858619,0.9346921417498313,0.6742093233855897,0.925696231749698,-0.5586654860444673,0.7999552306106171,-0.4435924187142674,0.8305816024568126,-0.40263236825241844,0.8794613205933349,-0.39299253805392104,0.9327467777419516,-0.3828848986621799,0.9745273507494311,-0.5287241185741131,0.9254525367975965,-0.4788611854340093,0.9854820856694326,-0.42044780561334544,0.9828084338778695,-0.3972910531599406,0.9695857975133835,-0.583995972143693,0.9270421481314975,-0.5243020386769667,0.9903080848428266,-0.45744598593924946,0.9861995347967096,-0.43153833778051137,0.9703182809059981,-0.6064957191541818,0.9209350896977024,-0.5493471019519602,0.9823921945084625,-0.48761997498523124,0.9810926046419476,-0.46299899949575846,0.9667644253240258,-0.6072984955208154,0.9139191574791332,-0.5598643211225961,0.9653317996909764,-0.5067941315789399,0.9697469788231665,-0.48367863318519233,0.9597140541488111
-0.039642410632180415,-0.2871198371424895,0.026919203733103334,-0.33450026980891734,0.06133208705377785,-0.33333299070844025,0.10089536638829691,-0.3318372019747929,-0.10546493966459768,-0.33405955365176093,-0.15538489164374433,-0.3336429388619894,-0.19343159472951088,-0.3333535130418059,0.1522866767318179,-0.3062152020296942,-0.2509787572757506,-0.31010462206302825,0.03150921391347877,-0.2351975341559862,-0.12036788554030073,-0.23278941538348763,0.499998385536976,0.0012706141890751602,-0.499998385536976,-0.0012706141890751602,0.706928654136843,0.3696484779935029,-0.6081887887543979,0.3782764629186506,0.7136629595809808,0.6667937415089183,-0.5336958784860301,0.6967762994336709,0.7308204810192455,0.7579081803734484,-0.5336941013639366,0.7999679220723162,0.6721006153493368,0.7523530626776281,-0.45138570431557506,0.7931889270412358,0.6511797416911683,0.7304373428336024,-0.42561348480028816,0.7658243944267272,0.7259890784211759,0.6677319053199191,0.620769628427988,0.6924474958622302,0.5837026132607404,0.7358374198216956,0.5756745629325684,0.7804801579872148,0.582936278722441,0.8136064784747398,0.7120341284533253,0.7699020564195412,0.6653562395466696,0.8231335624353165,0.609309560421336,0.8177101836512682,0.5928536072939649,0.8039698913031063,0.7606036650994573,0.7725736910904138,0.7093506740922102,0.8290103362949085,0.645927556072971,0.8255031875546933,0.6232755680377681,0.8109075822255929,0.7807564270972331,0.7698490562561925,0.7393374373811276,0.8216040203648813,0.6773662281122402,0.8227158054006453,0.6513614030607213,0.8116578086757537,0.782125995857255,0.7659635960051777,0.7471727686911652,0.8092578759917033,0.6994183387118974,0.8146386109661605,0.6732875354497535,0.8073448442335895,-0.5545026214141968,0.6976230836526911,-0.4413599712963505,0.7241746424972124,-0.4022331728937848,0.7662389531756791,-0.3931135746842115,0.8122041063364775,-0.38210983213955635,0.848530692434483,-0.5299107071559789,0.8063456083952818,-0.47772038297344,0.8591101646960362,-0.4188031580221527,0.8571435235772938,-0.39319245915935974,0.8461033458728384,-0.5843547183400327,0.8081654329695753,-0.5217534205600106,0.8629654696816974,-0.45475216593460754,0.8591829637709807,-0.426983645934341,0.8454155621438645,-0.6058082349812114,0.8031278283630051,-0.5460517147567879,0.8558625339970458,-0.48458984842568537,0.854345785069488,-0.4580369786663463,0.842116758873365,-0.6052057905915306,0.7973715232655075,-0.5574361563454631,0.8406476796329571,-0.5050374152329641,0.8442649407815088,-0.4803287045616041,0.8361137288775199
-0.03802281877782504,-0.352719890548845,0.0277221728206726,-0.4109221694983734,0.06210636262905423,-0.40950677302565924,0.10189217449194665,-0.407649561773263,-0.10432144825408382,-0.4105156905529616,-0.1546422741771613,-0.40996740086525363,-0.19269925106941327,-0.40952995632433387,0.15249919802694092,-0.37614044411075404,-0.25121654361180484,-0.3807670546335601,0.03299989766823094,-0.2889107588591616,-0.11903165010426024,-0.2858326150738415,0.4999976926432802,0.001518996838666588,-0.4999976926432802,-0.001518996838666588,0.7061468493525461,0.4541729502020386,-0.6074063038922761,0.4650017942281406,0.7151410955171857,0.8186335689816093,-0.5341600521536359,0.8555314714811149,0.7312526685647263,0.9304793368545877,-0.5341540300583179,0.9819870176471127,0.6721849959994178,0.9238216169690647,-0.4516507318642745,0.9736763659585033,0.651395735732891,0.8970017187579399,-0.4260486327641653,0.9400882532689785,0.7259662561042501,0.8196115676539253,0.6207322136023017,0.8500650740081319,0.5842647737053834,0.9028102568484602,0.5772418258900899,0.9573072744354144,0.5854006790943846,0.9975613333422498,0.7128430244546816,0.9448069893597034,0.665491782583504,1.0101932397265654,0.6098608507101748,1.0032272193610865,0.5941759579243465,0.9857986136961483,0.7608403088137462,0.9486943050536039,0.70908109061553,1.0173507092681964,0.6463275008241006,1.0130083278567625,0.6251540111317095,0.9953114315982907,0.7808488685921607,0.9459790546773766,0.7392140760208895,1.00924721157097,0.6775604564923012,1.0102783074757344,0.6524708278314677,0.9966824245755596,0.7820106393741669,0.9419509565326535,0.7469043904648682,0.9951584966118724,0.6991140292498458,1.0010401368780524,0.6737493586618648,0.991242762680887,-0.5564089301132257,0.8574841035081971,-0.44200530962229656,0.8882496495840814,-0.40237024758810264,0.9393316177065884,-0.3936287319810713,0.9961860402370012,-0.3831165229047954,1.0408417475365597,-0.5301829024490207,0.9897728667600787,-0.47919628946324333,1.0544484742377276,-0.41951209254939387,1.0519545869714264,-0.39400210189078816,1.0381522979282123,-0.5849868328063007,0.9921644857652909,-0.5232395252702238,1.0592827528976538,-0.4554557088765191,1.0551413557287626,-0.42724268592599146,1.0382439093503946,-0.6067050753177866,0.9862691972668267,-0.5469113947365983,1.0509094689102054,-0.4845714537875046,1.0495083750370768,-0.45790581316508444,1.0344442788748685,-0.6066627232048125,0.979290276517408,-0.5575439469963605,1.0330330890490913,-0.5042181942324677,1.0374424028873437,-0.47948623854437455,1.0269841177158643
-0.03748264877603851,-0.3558180222946477,0.02789188542935159,-0.4145990737616005,0.062218780248682395,-0.41317830979566655,0.10215299750394646,-0.41128531678489355,-0.10384914368207927,-0.41432646806317747,-0.1543443660999132,-0.41375055082045964,-0.19226583507045725,-0.41324007496990295,0.15231068870805378,-0.37951091690293665,-0.2513806905192635,-0.38401894982971096,0.03350286058681375,-0.2915202638250562,-0.11839911819879832,-0.2882439052960842,0.49999785039627836,0.0014661511180053685,-0.49999785039627836,-0.0014661511180053685,0.7057226809127055,0.45804742149123084,-0.6065767617270131,0.4697999131487975,0.7161560382661651,0.8257797832941342,-0.5344372885275859,0.8629944201327943,0.7315438681238895,0.9383919530543057,-0.5343241528823882,0.9902155028780956,0.672313902585816,0.9318030393891023,-0.4516025479688444,0.9817884802504963,0.6516726693916639,0.9048218621090852,-0.4261512728541311,0.9479165623874506,0.7279156297012869,0.8272485737480855,0.6231050304794349,0.8561579744606548,0.5846517449986993,0.9091603648323278,0.5769492412381333,0.96497440208248,0.5847090038767224,1.0072652360412908,0.712447045081109,0.9526224983791761,0.6655042424335986,1.019616197124614,0.6085184300252214,1.0120492209674197,0.5931309950563111,0.9938655159674233,0.7605652342833511,0.9568326162610452,0.7087200844550178,1.0268881332278441,0.6448452392428188,1.02207605822629,0.6245214966550854,1.0033854122006645,0.7809934249623751,0.9541086330407726,0.7382640859597466,1.0181758737940803,0.6757794468170701,1.0186396428245923,0.6515930992956523,1.004208885015818,0.782939634481944,0.949762023785696,0.7465885396022888,1.0033857892486568,0.6983886084155583,1.0089129357675821,0.6738883242870477,0.9986351730698453,-0.5554706463139935,0.8635924182485604,-0.4418210533250182,0.8941054040723233,-0.4016296647296672,0.9458631590214592,-0.39321004288296235,1.003733616021541,-0.3835530369377349,1.049304956037239,-0.531190117810448,0.9968849162896523,-0.48221926493667727,1.0630711667596089,-0.42280231954519676,1.061771670854194,-0.39523503272091476,1.048157787520708,-0.5849333007230478,0.9993447773913282,-0.5241078856543994,1.0660636081503891,-0.45658900646703954,1.062286529887661,-0.4267922761213807,1.0454219272886784,-0.6052654346980778,0.9935761316333436,-0.5459587620078937,1.0575528808685024,-0.4844081336324202,1.0556893211666272,-0.4566480423447255,1.0403890906876405,-0.6042336889494213,0.9869551688887958,-0.5557932704749934,1.0392191107675761,-0.5026242558978817,1.0430683937208272,-0.4769607280456683,1.0327331312042667
-0.0379897399163874,-0.3531793262363681,0.027610221064538806,-0.4115773910778865,0.062032137116885426,-0.41016267189922345,0.10207334737282807,-0.4082711323366934,-0.10415843218992817,-0.41138104914498586,-0.15472437978954995,-0.4108167941476827,-0.19246934115359618,-0.41028175419376683,0.1522813328709016,-0.37672875637378256,-0.25161403907380775,-0.3811622853999747,0.033177982941326095,-0.2893623035753323,-0.11873151753699906,-0.2860377766604919,0.4999982747567415,0.0013134840243154173,-0.49999827475674136,-0.0013134840243154173,0.7052910208087617,0.45469849103781346,-0.605758009833643,0.4668797372947282,0.7170307166697483,0.8197107285221903,-0.5349630572173657,0.8566205792697942,0.73172572236856,0.9314296158131277,-0.5339476137048099,0.982731138438222,0.6721280928096547,0.924894615267319,-0.4513212534811757,0.9741955740566821,0.6516053930185627,0.8981024790491463,-0.42640033870161537,0.9406102034424241,0.7231926798397569,0.8211542183200418,0.6194401387641463,0.8516550043053416,0.5828808158004304,0.9043478085802967,0.5749015977034213,0.9588475013032753,0.5824152478823658,1.0000726642401785,0.711328990487445,0.9454039967586491,0.6635897193504916,1.0115305750273504,0.6078927512798328,1.0044343836721359,0.5931847144179198,0.9865170712344536,0.7596090548930917,0.9497627221749513,0.7068127052636066,1.0194989605681737,0.6429473697891084,1.0149310283079516,0.6222702704594554,0.9967249804855034,0.780167491661779,0.9471560572949834,0.7365334317853856,1.0113150059001628,0.6737248051732632,1.0117848792320796,0.6492167413337678,0.9974671221160814,0.7820106114731165,0.9428368154601366,0.7450706205933577,0.9961828765259005,0.6967115794416441,1.001624874231516,0.6722988800230243,0.9914238886416694,-0.5590108840691559,0.8558262294912254,-0.44246894745639653,0.8859044850171593,-0.40046328936297126,0.938463307091536,-0.3899094293441798,0.9957253535085624,-0.3790857650166371,1.0404104757872172,-0.5291790964982203,0.9906272933513591,-0.4797855586939621,1.0556857565350026,-0.41953508760788083,1.0539960089494957,-0.3909609059971287,1.0398597640326053,-0.5838580543120762,0.9913905802175033,-0.523103612865155,1.056527823438079,-0.45391712040346377,1.052799712569192,-0.42282407419783874,1.036234946703829,-0.6052134651695115,0.9843495910259349,-0.5455687457257635,1.0473414349034504,-0.48217825793699287,1.0460512012819587,-0.45259208804632556,1.0314873735042838,-0.6055510907589476,0.9766259662649392,-0.5577963204355788,1.0292568318410236,-0.5023700451620643,1.0334677277343411,-0.47342230354241555,1.0230421909703409
-0.03785264965498408,-0.33064314053173754,0.027687621028058353,-0.38545779969738647,0.06231438440313799,-0.3841300400389629,0.10250659631606039,-0.38234796383151876,-0.10373317729129923,-0.3853170178448944,-0.15433378237854925,-0.3848022191872126,-0.192030546641992,-0.384280238005403,0.1527300799944977,-0.3527764827943561,-0.2516461867658343,-0.35690367502745507,0.03329643951359532,-0.2708397804005672,-0.11858827148908824,-0.26764666667110837,0.4999986724244607,0.0011522038781421734,-0.49999867242446067,-0.0011522038781421734,0.7038926247018854,0.42574729287451,-0.6055700948055798,0.4380450880576092,0.7169201684446833,0.7675791198559712,-0.534838441383556,0.8020151186442389,0.7306633163244338,0.871886187808595,-0.5319979069457196,0.9198624708623075,0.6705677483021316,0.8657575677089426,-0.44859306196717075,0.9117656639681322,0.6501475998387516,0.8406548210659177,-0.4248922726649223,0.8803212740708365,0.723162286734617,0.7694306344292968,0.6170287306905448,0.7955893873026185,0.5806703235857159,0.8453409801004964,0.5737277806405232,0.8976574347460479,0.5797832110192462,0.9369509220468687,0.707624214428709,0.8864823031208214,0.6609348886470245,0.9487845685061504,0.6052486643523289,0.9411970200909853,0.5908809892257836,0.9243082781138791,0.7574237568684369,0.8899796668204972,0.7041666439168616,0.9554997030150653,0.6406403158958315,0.950217920028428,0.6202022280449959,0.9327246197399823,0.7779830834366898,0.8867370199520841,0.7337195176839856,0.9469982222005207,0.6715116360728554,0.9466105410811366,0.6473951852491846,0.9325687064113553,0.7799648929101833,0.8817922900489059,0.7433267496427276,0.9317153875082737,0.6956602200850454,0.9363526703420805,0.6713980856643472,0.9266970805286646,-0.5514548482980394,0.8006330958919476,-0.4385427665655082,0.8280945133851245,-0.3961301118987117,0.8766397924965684,-0.3832121758419041,0.9296753754724729,-0.3692978152368248,0.9705535728528003,-0.5251217003068861,0.9251635240356291,-0.4756337315141151,0.9874391615266308,-0.41589685267285537,0.9864847617352146,-0.38538934721614687,0.9737694166433708,-0.5788176382746751,0.9270216955825366,-0.5165530800273541,0.9884319265079002,-0.4472546062404936,0.9849583877663068,-0.41276820378704215,0.969026322966316,-0.5986773287321722,0.921976059974539,-0.5373100355618038,0.9803095428204894,-0.4738934137948272,0.978827840647986,-0.4411221942046136,0.9647054215611615,-0.5976458139534937,0.9167014595120295,-0.548405053862579,0.9638953729863617,-0.4934564143828715,0.9670094351545363,-0.46247627506436056,0.9570689969452243
-0.03869973542514101,-0.3229256310589734,0.026712499494551095,-0.3766125106116845,0.06133904696744545,-0.3753199443943813,0.1014613176796667,-0.373578953425513,-0.10430579821464997,-0.37647849443706466,-0.15468865354429834,-0.3759845277165026,-0.1921448322328748,-0.3754788172002715,0.15167689690248695,-0.344710307851225,-0.2518110689621065,-0.348467809075331,0.032689596362875266,-0.264593149799843,-0.11895273407779501,-0.26133162607369964,0.4999988548448287,0.0010701186195582637,-0.4999988548448287,-0.0010701186195582637,0.7023822927357678,0.4158848115000249,-0.6053829004864735,0.42856922316749185,0.7171621840935813,0.7497759390265046,-0.5343289076310169,0.7831202756168678,0.7289322856068422,0.8516491095965564,-0.5284989271976221,0.897603159613082,0.6681663141905676,0.8456273874544676,-0.4448552684113231,0.8890516228061504,0.6480088057687946,0.8210260821315625,-0.42197286072787854,0.8586491819002434,0.7187871519884844,0.751449419213713,0.6153566277237605,0.7773419003227401,0.5788621145546862,0.825473750611524,0.5706053029841327,0.8758932666271306,0.5752559917813819,0.9138925101172027,0.7059471127666453,0.8649871522666864,0.6563021997683545,0.9268034123284645,0.6001031315861204,0.9203290513587692,0.5862157728241755,0.9040958314918716,0.7546635007792385,0.8684426090557353,0.6994368171615649,0.9341322253458879,0.6348770905135328,0.9293255261436886,0.6149375032279925,0.9125855903718596,0.7747356501999965,0.8654978041614231,0.7294025468313294,0.9260057754379258,0.6660051973630208,0.9258574057352661,0.6419249118093383,0.9123540514933145,0.7765970271253608,0.8606493492412896,0.7390034676482838,0.9105203936340307,0.6899405299587582,0.9155579471948089,0.6655935466968347,0.906386577558542,-0.5434081354751767,0.7795263746646681,-0.4316245249141002,0.8041121071583437,-0.38672146176598565,0.8513614400807882,-0.36917576176352535,0.9038981763516502,-0.3542276109002542,0.9441147511420246,-0.5177010135691961,0.8991679722556665,-0.47022813312323614,0.9614356732351106,-0.41104966211409144,0.9626874891231798,-0.3767533399008851,0.9508861937770225,-0.572933499238782,0.9009952983052636,-0.5104269122488098,0.9618136993864086,-0.4394941724443346,0.9593429245686447,-0.4023139354111137,0.944159758329798,-0.5932106872737296,0.8964702790691288,-0.5339530526749336,0.9544258465219061,-0.46942036948920496,0.953209967932059,-0.43380196615889177,0.9394569350324598,-0.5917279188206104,0.8916466379977677,-0.5475663382389184,0.938691983970304,-0.49176839835753805,0.9422078496463643,-0.457083240326343,0.9322260083701936
-0.040609417115506065,-0.3277399754234082,0.02454831129037582,-0.38237310203489094,0.05938013206282225,-0.38106855649981436,0.09946649761831035,-0.37929812356071047,-0.10614072575617302,-0.3822125365708573,-0.15613613785427014,-0.3817218933338576,-0.19341099093657727,-0.38119787315363096,0.14967140495964731,-0.3499901706487646,-0.2530013047907211,-0.35348430446332607,0.0312602014944389,-0.26858608626086766,-0.12022467118407815,-0.2651766000225576,0.49999874660628757,0.001119549972714897,-0.49999874660628757,-0.001119549972714897,0.6992648157408682,0.4224610475616218,-0.6079382283367208,0.4345553577508146,0.7146068114894842,0.7610191265532068,-0.5340138693963096,0.7908362678612387,0.7251557208443108,0.8644031332742012,-0.526602386696914,0.9062234659335728,0.6641855434240894,0.8581537186810911,-0.44323092999463326,0.8973207472212467,0.6442215098323447,0.8330643334327955,-0.4199357651100985,0.8673597614942589,0.7154655850614917,0.7620943114673578,0.6108319304231203,0.7883585998622691,0.5744050623001075,0.8381430142827379,0.5662916332262417,0.889171127006714,0.5707732229474982,0.9274123742562714,0.7011661616142055,0.8780492433091936,0.651596605483406,0.9402457980691927,0.5956091978841392,0.9329422193043153,0.5820216267193601,0.916348341031592,0.748845748954166,0.8815979268188664,0.6942384991558692,0.9476025367280321,0.6297912499363308,0.9426916743668714,0.609964525960942,0.9254458056299683,0.7687152350672201,0.8788867722268092,0.723532917335581,0.9397513763103184,0.6605034879832128,0.9391445543834918,0.6372638354150048,0.9251919931950717,0.7707719369636341,0.87445834458961,0.7335667194724788,0.9251061729741005,0.6852704157984864,0.9294916905008141,0.6620896102087165,0.9193742855839726,-0.5310460201170777,0.788044157352233,-0.42158612862039707,0.806784583500098,-0.3701659330960143,0.8520422418520522,-0.347937565852266,0.9038208471966671,-0.328384088013425,0.9429140425507644,-0.5002913141674227,0.89838325019991,-0.45777554918541197,0.9647669283725557,-0.39240557934396314,0.9641780001355268,-0.3623459542879604,0.9498680863265851,-0.5565730547371778,0.9035873606035796,-0.503405790501263,0.9730815874735714,-0.42438812749873056,0.9670111097784378,-0.39043920755945155,0.9485231062643201,-0.5788162318038329,0.9023450521012214,-0.5298530937858386,0.9672369524652041,-0.4572884923605387,0.9624011393661073,-0.4249425641139155,0.9446789162852709,-0.579637539466235,0.8989070315080642,-0.5393858139013354,0.9512184518683037,-0.4785940409040789,0.9537053272998877,-0.44490993236777177,0.9412832846271683
-0.04142515726324326,-0.3298761760319233,0.023308244707797535,-0.3850114435655734,0.05851918533069695,-0.3837372891451876,0.09863012156971528,-0.3819776947480927,-0.10745931738714934,-0.38467046989724896,-0.15716316141893857,-0.3840834145283471,-0.19436787985642542,-0.3835199784622062,0.14888736304824846,-0.3523441141858844,-0.2539957693605486,-0.35523003498275735,0.031743639298975064,-0.2704321102591008,-0.12036830174154922,-0.26685210503469636,0.4999977752664273,0.0014915524205677206,-0.4999977752664273,-0.0014915524205677206,0.6973617069932783,0.4250582988363676,-0.6190625283690476,0.4358315823630077,0.7126069646096667,0.7647504999248055,-0.5247202089377856,0.7871822887577201,0.7221809754266375,0.8686361393329806,-0.5105424835864097,0.9002096897994133,0.6612457676796049,0.862297958376174,-0.4240004049535034,0.888217196200862,0.6413937602632686,0.8370741147370263,-0.40273905520729597,0.8594650391200623,0.7123508273625535,0.7660097885917899,0.6072707175580573,0.7921972648567066,0.5700697197686554,0.8418224241053949,0.5618582494451182,0.8933189655972401,0.5685779357101644,0.931805069565995,0.6965635300672595,0.8822434772393399,0.6483948450176887,0.9453154853796937,0.5920256557652522,0.9369304146065338,0.5797716033855995,0.9190681095151687,0.7447355441177486,0.885992703198498,0.6910847778503438,0.9527917587290585,0.6271178293848078,0.9466210521629936,0.6098781085712901,0.927934821966812,0.7652805711958068,0.8833146846562423,0.7207608627996783,0.9448698183878557,0.6582093271950992,0.9431531622241535,0.63744321529136,0.9279252170747465,0.768064399257701,0.8788171502879831,0.7301384625624795,0.9298772804112535,0.6820107046418433,0.9334623500332925,0.6607585586040567,0.922233532671147,-0.525605135711259,0.7766277348185711,-0.416479408585104,0.787993640185651,-0.3446400583307219,0.8307319171889923,-0.3090825099651697,0.8808193336976318,-0.29865441458911357,0.9190791114824437,-0.4730836840494359,0.8831103624068495,-0.4239618277075697,0.9530689035237477,-0.3575789057815933,0.953024197117043,-0.32298118671017256,0.9348433588779066,-0.527736087946032,0.8910708969507154,-0.4727016322381841,0.9591601514372711,-0.39383015919140973,0.9564807358198057,-0.3516840284499108,0.9379239097149064,-0.5520341719121199,0.8926667061087938,-0.5026826145069025,0.9545115583119822,-0.43357617818272537,0.9523288029315026,-0.3943539872770574,0.9359625907551362,-0.5566283890027289,0.8905206239525643,-0.5151263220270974,0.9412012735220476,-0.4563982418887875,0.945511949081033,-0.4154137366441342,0.9349383599921542
-0.04617867209402157,-0.3608120235606883,0.018345318722210707,-0.4210563168623899,0.05465689016800395,-0.41976042438566247,0.09447298980219637,-0.4178173584646684,-0.11405210531885879,-0.4205290810619811,-0.1614152242900065,-0.4198684728895662,-0.1989824335332661,-0.41920803116511063,0.14654213643406416,-0.3852789224552266,-0.25559968809041117,-0.38710371521195636,0.029397257137999466,-0.296053304926979,-0.12249475236332277,-0.2920971698289405,0.49999298718219465,0.0026481632551176326,-0.49999298718219465,-0.0026481632551176326,0.7011061156113328,0.4616428208244655,-0.6918285754605841,0.44335798936675,0.7145056442527062,0.8310054900619314,-0.416557033097981,0.6412203854436613,0.7242309982572097,0.9447706729081173,-0.3116676438648059,0.72140255244403,0.6616306769906021,0.9378719281148556,-0.2445518540241821,0.6750876944040635,0.6412476952958742,0.9103032001628274,-0.26510936829780885,0.6468980680070674,0.7102056540305787,0.8334034820341328,0.6038799378966981,0.8616969719577687,0.5651772896645084,0.9161349659800399,0.5550778535144141,0.9723163834851942,0.5618017553194163,1.0140723745880043,0.6912589992365563,0.9597207432783604,0.6402286439337463,1.028457473027624,0.583682238267812,1.019932864567346,0.5708192067474666,1.0005048685247546,0.7394692755013635,0.964540695728911,0.6822112537998504,1.037380985911645,0.6169565910393692,1.0307559766766887,0.5982311802311403,1.0104978333259356,0.7598245039752589,0.9620633794149351,0.7129172609730722,1.0293983320070392,0.648658782484314,1.0278820386538408,0.6255589168262302,1.0114506765584246,0.7626072529767883,0.9571836959252547,0.7237984779916959,1.0132096985929278,0.674248033873012,1.0174913107863524,0.6510551362915732,1.0056468739983844,,,,,,,,,,,,,,,,,,,,,,,,,,,,,,,,,,,,,,,,,,
-0.04858549611029903,-0.2921108434153674,0.016085470103658635,-0.3408533269836974,0.05273002704370124,-0.3398491445492234,0.0923447417713538,-0.33824345098092834,-0.11664804494880747,-0.3404135831989421,-0.16306727893742848,-0.3398800350862097,-0.20063386115699697,-0.3393213368159558,0.14488604420332468,-0.311872838868883,-0.25644593516007813,-0.3130562017767525,0.027637893016906907,-0.23981652405141804,-0.12389446549645232,-0.23660763273198657,0.4999951684817617,0.0021980661715967735,-0.4999951684817617,-0.0021980661715967735,0.7040445502081195,0.37190403783580667,-0.7245931550523768,0.3453619054891836,0.7130781747900738,0.6687669747169674,-0.3737689716483863,0.44111565865306346,0.7232190877682102,0.7618288546851208,-0.21732704303673914,0.4918632241308483,0.6600740070871733,0.7563466579060569,-0.17047965623483569,0.44554723159990944,0.6400215173679401,0.7337264142453025,-0.210639629566878,0.43035507736382733,0.702063209928935,0.6730379706275466,0.5959795991936297,0.6973229627302877,0.5598780581991964,0.7409403241605782,0.5524142947636432,0.7854967271975029,0.5590888373222419,0.8193100580624888,0.6866563391202067,0.7760289024020579,0.6365586571969287,0.8308883458472629,0.5818652798977395,0.8216458357454608,0.5728716331462214,0.8045360491934432,0.7356841752982479,0.7792192478801414,0.6799113965772786,0.8373224856878116,0.6184518202301977,0.8298821859576555,0.606389046184014,0.8121511329190768,0.7573855067557197,0.7767022354742665,0.711148513169746,0.8307894346934075,0.6510181509312204,0.827588798769193,0.6347346930599984,0.8129235307338891,0.7613850449236126,0.7726230719102177,0.7220595356717503,0.8180248274173605,0.6756599005707334,0.8200399117940435,0.6582274213486304,0.8091219020378789,,,,,,,,,,,,,,,,,,,,,,,,,,,,,,,,,,,,,,,,,,
-0.04840127002571541,-0.31549588071697376,0.0161383374015573,-0.3688012912964625,0.052702474576871855,-0.36779253131044026,0.0918266529908621,-0.36609807065301925,-0.11643918788893523,-0.3682657903385871,-0.16257002578781599,-0.3676905826052335,-0.20000157709585273,-0.3667816300689865,0.14470451090838946,-0.33776901182702745,-0.25545097679898393,-0.3384863116077073,0.027803303165952014,-0.258343153849191,-0.12339331521455207,-0.2551345553461278,0.49999461072803536,0.0023214742988853614,-0.49999461072803536,-0.0023214742988853614,0.705877206912613,0.40189262693553635,-0.76619625981062,0.3570422648663743,0.7181880550879682,0.7224378997934083,-0.3228263462044232,0.3790255157265497,0.725971781188611,0.8241697353238406,-0.1385444086321308,0.40413059227259146,0.6611927089833496,0.8186006417797075,-0.09739145577019188,0.35518232466298144,0.6422787925504747,0.7939554985848065,-0.15911323427552507,0.3390330177760449,0.7042606978333623,0.7293181900616037,0.5963475573643823,0.7543381984792389,0.5578850502478133,0.8018231778624839,0.5478971176274354,0.8516348495554232,0.5566016671804331,0.8884576242228357,0.6846296540759291,0.8401362663102516,0.6327426949772091,0.9009846753195548,0.5779548691092373,0.8923624425744663,0.5678217177183249,0.8747575809273835,0.7353655838592053,0.8439249995130497,0.6781951955318486,0.9080961380188063,0.6158386453134348,0.9011657881090658,0.601392204050865,0.8828594262359437,0.7576438975798969,0.8413365335296271,0.7103185621966744,0.9009800186087135,0.6484173556668086,0.898610584345939,0.6292525713712787,0.8831436519083716,0.7619860362811373,0.8370864533313257,0.7220918085342664,0.8869343808443875,0.6736288936277702,0.890099281105537,0.6532696118478989,0.8789607613950678,,,,,,,,,,,,,,,,,,,,,,,,,,,,,,,,,,,,,,,,,,
-0.048750362348757126,-0.3467329267986974,0.015266203178639491,-0.4066379022437562,0.051927936044755305,-0.4057564206578045,0.08982452026590879,-0.40402888503594925,-0.1169655199458985,-0.40555889080055924,-0.1627420541991082,-0.40477792138125973,-0.20035511966794875,-0.4030609151675305,0.14394112556515498,-0.37312091100092337,-0.2554029802708561,-0.37196699822219276,0.02775262633180858,-0.2830516182122158,-0.12327710154817835,-0.2793863726255194,0.4999931167131707,0.0026235928513699447,-0.49999311671317054,-0.0026235928513699447,0.7061994533128771,0.44446629528461395,-0.78384489878774,0.39106122922959646,0.7237590980590829,0.7990052608704283,-0.268192414699701,0.34577180794255274,0.7287793974511896,0.9117856133678358,-0.046553457503145,0.3621284388171527,0.6614939357558403,0.9057942422043151,-0.02209813769209084,0.2976373313838826,0.6429666821499012,0.8783081648804106,-0.08412061807946601,0.28656232519318564,0.7021496866590077,0.806152200090813,0.5964727255743213,0.833386123379072,0.5551661193160677,0.8855503745533586,0.5448933645786027,0.9409414984886953,0.5545706227273322,0.9823530629088048,0.6792619555767951,0.9301338197165328,0.6328937257769057,0.996859552629812,0.5780768515758483,0.9865289617996366,0.5676157990626981,0.9663715364511989,0.7303089757594738,0.9340923254125193,0.6765969377826239,1.0044543365451615,0.6144272888438592,0.995001594885034,0.6013760698262508,0.9735111188798798,0.7543945224023346,0.9308183691845652,0.7090202163687176,0.9957939213515261,0.6478608649158502,0.9912557004692855,0.6307372679172716,0.9731870522053303,0.7609475189064634,0.9254179323146469,0.7218049725919553,0.9804577694461304,0.6741599825117981,0.9820937360012482,0.656015562064706,0.9681776288144656,,,,,,,,,,,,,,,,,,,,,,,,,,,,,,,,,,,,,,,,,,
-0.05021289339258492,-0.26257817617549095,0.014107404807855866,-0.30897088700420183,0.051172236092273,-0.30820845083280346,0.08837923913888886,-0.30676624088791743,-0.11874543200739149,-0.3081241758520668,-0.16396297095757112,-0.3073410740811908,-0.20236142988931533,-0.3055874253139818,0.14373336163324213,-0.28349947519951474,-0.25538097316587943,-0.2821493928126053,0.02757552390912926,-0.21285071417475204,-0.12439848919754126,-0.21023748864894778,0.4999951394345901,0.002204663644358597,-0.49999513943459023,-0.002204663644358597,0.7061973994081685,0.3394285100755605,-0.7831713255006043,0.2956682705981216,0.7262446897694584,0.6099253969150161,-0.2900130010129759,0.188321296133532,0.729423334651514,0.6960186699565201,-0.07842526689174097,0.1629513718784425,0.6609277275636939,0.6915572842874393,-0.058620906073399016,0.126303604236153,0.642535047567128,0.6706755987110995,-0.11202252987058041,0.1277421683416062,0.7008782850754928,0.615166150875169,0.5926147317728994,0.6358980765855741,0.5489063183067292,0.6764800555374111,0.538107111059368,0.7186812078712218,0.5507084598900747,0.7490959222169475,0.6758999050265407,0.7093522058854828,0.6298177395883635,0.7602463014485907,0.5759014130852649,0.7522959876668498,0.5669357246024886,0.737471443634438,0.7270141128224539,0.7125456807794872,0.6741989110025933,0.7659340914130506,0.6132459105502922,0.7586463388359364,0.6020721260213056,0.7427239764604509,0.7514916273075257,0.7104632053403522,0.7064741422489114,0.7594421134044564,0.6466916470793587,0.755611037283481,0.6317081660356925,0.742076839961117,0.7585475952998508,0.7068734557449139,0.7190478167955439,0.7485162337471216,0.6727949283091336,0.7493251894274374,0.6567933454344524,0.738568841303731,,,,,,,,,,,,,,,,,,,,,,,,,,,,,,,,,,,,,,,,,,
-0.05511521011596464,-0.29513354387686297,0.010364079662469246,-0.3482313122980605,0.04857453576961546,-0.34731245691940504,0.08451323912740678,-0.34550013144133873,-0.12464802524178646,-0.34729907630481505,-0.16966691400285036,-0.34621036090368934,-0.21042594945628793,-0.34395228747043644,0.1420288156881682,-0.3189142262009541,-0.2564594140331748,-0.31738596459000323,0.02592867701461593,-0.23820188040282217,-0.13020386386109956,-0.23478525712389192,0.4999783791385588,0.004649773540674978,-0.49997837913855875,-0.004649773540674978,0.7062478342843154,0.3883943536735734,-0.8044292281841534,0.31732426619724396,0.7264301410944074,0.6971312764408559,-0.2815595614267386,0.15229035821368897,0.7287311463901102,0.7952503062228153,-0.0650735569605926,0.13291147932233457,0.6584768659628686,0.7900328635978879,-0.044816656157314165,0.09157251922587173,0.640956345853433,0.7662797401551134,-0.10027665628622927,0.09267056715699466,0.696437115290255,0.702073210017832,0.5881894326497665,0.7257917153578819,0.5445208414281079,0.7725133916019575,0.5327931055634011,0.820374753218682,0.5455719829268655,0.854060400595736,0.6717085727437937,0.8104152686421886,0.6263041354218682,0.86715306276445,0.572855247854351,0.8611248865079715,0.5600595990309809,0.8465307239574865,0.7241176297971413,0.813011945407391,0.6740458511969674,0.8736459511556608,0.6129121246869582,0.8688718435882069,0.5952966313103809,0.853203881731549,0.7502309878876982,0.8095493374827908,0.7076482511864629,0.8653092100856881,0.6471469647284893,0.8644646560035487,0.6264106146905735,0.8517212059401998,0.7580482433566572,0.8046659515726347,0.720200518824221,0.8519571514421802,0.6728098336052931,0.8561022305347803,0.6516346953721635,0.846966082493595,-0.30082450838336966,0.13167583639766325,-0.281377805605432,0.08494036077162596,-0.21358541947880513,0.04880775593539302,-0.16306939220809902,0.02801519816249774,-0.14111165085168287,0.008243435711304163,-0.03554779183009934,0.06851064112459876,0.10091211910138709,0.06525933125096067,0.1477597795516156,0.06594483349707941,0.16831456878520043,0.06496802869070636,-0.014177539112831044,0.09956307926859806,0.11072342314637432,0.09387135268330038,0.15920103547909145,0.09187754140287406,0.1860876358781036,0.08854199946362028,-0.00895469197944155,0.1274028139023665,0.1022533483514249,0.12182012636413006,0.14917804050703534,0.11682387267665752,0.17731479722845642,0.11240025345798721,-0.01277019910804768,0.15017586216500833,0.07954215890958233,0.14393239959688506,0.12318374028011313,0.1404047830231591,0.14973578905739648,0.13692526487326484
-0.06087977740457896,-0.2887415091626626,0.0056645477050892125,-0.3413064354657277,0.045264631198417386,-0.3404448132421837,0.0796935798439445,-0.3386689130125261,-0.13013174038654876,-0.34030304918452375,-0.17486924030918433,-0.3389700192425046,-0.2166799815065836,-0.3364186590116574,0.14043579587452448,-0.3123030962089142,-0.25780726502130163,-0.3086925318176903,0.023685625238945237,-0.2321260745931197,-0.13403447629171575,-0.22829542042215936,0.49997363078347645,0.005135028840033297,-0.49997363078347645,-0.005135028840033297,0.7075356143894114,0.3835399869111127,-0.8209355913776586,0.28911632563209766,0.7269021056884314,0.6883283114411987,-0.26360859222401883,0.08564039785343916,0.7275731510837252,0.7850160338882388,-0.04639893834344821,0.06324670467317393,0.6563510551162713,0.7796399197326367,-0.024948648781529546,0.029184600061488365,0.6397385278645266,0.7562185647966222,-0.08175577877209814,0.03745664477594895,0.6952191068573782,0.6926037802946031,0.5833922162600361,0.7160736861797081,0.5374972461048828,0.7634644404220532,0.5260769643629521,0.8114904421957024,0.5413606927224138,0.8426592087749373,0.6681169262141236,0.7989680682778518,0.621940871503645,0.8554936285985929,0.5674210231014921,0.847326070554505,0.5575025303988986,0.8315836217154214,0.7222260940524801,0.8012287513054063,0.6709950131352734,0.8619263936688671,0.6089599645254701,0.8551451302002667,0.5956362047586715,0.8381447561235823,0.7492303446802838,0.7977816339199797,0.7061151404926445,0.8539610526845836,0.6447505508708568,0.8511317421982635,0.6277480627791436,0.8369116562903708,0.7584686049402259,0.7929513644153176,0.719668771912477,0.840141629948797,0.6729514632842678,0.8419947364004913,0.6555807114218776,0.8309469600788041,-0.3130042183606224,0.08489162909003836,-0.2976525644914419,0.03649371761898708,-0.2327448043605382,0.005229616773212875,-0.17862390837661896,-0.012627783684747347,-0.1506431918961525,-0.030996304652064995,-0.05187432083406151,0.014138755212025449,0.052286467416053056,0.0015309850455318375,0.10919817337122475,-0.003824506740917732,0.15464776719862453,-0.007161598876827656,-0.020378972332015622,0.04513350827631611,0.08727953986315867,0.03267665457131583,0.14463818589882504,0.026017711212317274,0.19403713501000494,0.020821188431506307,-0.01102548304191748,0.0740749018642657,0.09172636398790052,0.06311071487887672,0.1465626768511603,0.055819980690451104,0.19118915032913325,0.04917839940224382,-0.02001784318322288,0.10002129896001839,0.06378356851142097,0.09518018798128751,0.10999451445494937,0.08984343309023937,0.14651977138530906,0.08282884224494184
-0.06847961710576682,-0.31555983218347616,-0.0006372737304917801,-0.37373205260259773,0.04053592847687408,-0.37280429867716813,0.07390620226866249,-0.37088664256391135,-0.13814062162320145,-0.3724788948668593,-0.18316883091613773,-0.37076575793121447,-0.2256366382626513,-0.36774653574380045,0.13734657354058932,-0.34185191588123554,-0.26225664920482417,-0.336435472392474,0.01907283633400741,-0.2526718802167114,-0.13948566592361486,-0.24798117640920675,0.4999559652831447,0.006635719840308956,-0.4999559652831447,-0.006635719840308956,0.7096444388395035,0.4225986612375007,-0.8385947109854951,0.29261706043651137,0.7267088035034308,0.7583362721303561,-0.2481227703138367,0.04160657732337231,0.7239644411852193,0.8646898723232272,-0.023275018231329037,0.005720684930359586,0.6522792826463951,0.8586028840658873,-0.00337701491696948,-0.026680240409571784,0.637133179261785,0.8325964923457233,-0.05866108867860528,-0.014827500014219687,0.6909009318829987,0.7632003346072589,0.5796464971362709,0.7890522842243417,0.5332505311720591,0.8390856519855833,0.5236027879751474,0.8909491759437387,0.536577156088739,0.9266952671377376,0.6631328462599929,0.8795280614930713,0.6144392929264788,0.9416397000362112,0.5628495681811975,0.9301246073930649,0.5582726813256246,0.9114122363398917,0.717839376876846,0.8821955564748107,0.6658433858267907,0.948673553133582,0.6072220683776822,0.9395583594792527,0.5996640599440004,0.9200957176725211,0.7462255142887695,0.8784752984324716,0.7020545740934433,0.9401740548432136,0.6445356423677436,0.9352965175519481,0.6334211322941092,0.9186815531805504,0.7574318570653708,0.8731363351262961,0.7177023160760582,0.9255065466552981,0.6736631272961231,0.9262918864770057,0.6615543856460431,0.9130128024305474,-0.2981964688845512,0.04146595554271458,-0.28505554338463635,-0.015375475798306042,-0.2287386958414553,-0.048475277567783866,-0.1805083372227983,-0.06124266417651717,-0.14975775351435874,-0.06787732589839059,-0.04542066136348433,-0.04595946062464087,0.074053390230484,-0.05481504815994877,0.13243991485873086,-0.05029282272048643,0.17084407593798695,-0.04094272677346756,-0.010266040790709061,-0.009316041808797549,0.10568316883178148,-0.017936036035294676,0.1642394954707603,-0.016336333714790374,0.20191086304336606,-0.009305849321010319,-0.0013392924662337373,0.027431590875819443,0.10323219921769501,0.020815716154740285,0.15259994617459618,0.02007028251403013,0.181649265151307,0.02261460387217131,-0.012642285721439142,0.06134001107258674,0.06772519276972375,0.056889694498233466,0.10630947966464932,0.05338961146750156,0.12881498114033635,0.05080175609372679
-0.06808329012799397,-0.33277887285913127,0.0001700255267769949,-0.39477043500067477,0.04188318488232137,-0.39394867017058777,0.07460106681803408,-0.3921074843348476,-0.13840669615808152,-0.39327834397536243,-0.18357855343941748,-0.39141502321432703,-0.22682509846220467,-0.388155254469576,0.13952083674740778,-0.3610688197105664,-0.26190805125501454,-0.3548607293272893,0.0204150951820551,-0.2659534875647283,-0.1388326475792818,-0.2609443952156126,0.4999327430007346,0.008200760681881695,-0.4999327430007344,-0.008200760681881695,0.7143457807628381,0.44902962156174486,-0.841756292946556,0.29089010780393776,0.7257536651789244,0.8067794169200929,-0.25408963845874893,0.0024644237582100185,0.7204027922202206,0.9196028267861498,-0.050004862466776524,-0.035487303414600935,0.6499990086934258,0.9125260666120409,-0.026444689530131092,-0.07096230201048183,0.6360431083203753,0.8844664971300867,-0.07402639237225155,-0.060394089624064604,0.6925990819482185,0.8115139995331452,0.5805108382702251,0.8388252893873125,0.5343055137643563,0.8919918217944441,0.5236250703491439,0.9468200775788144,0.5354412527239631,0.9846342290875748,0.6633653425936968,0.933804374881178,0.6166763723898503,1.0000218058920054,0.5628268027676973,0.9898586213932892,0.5549281110974198,0.9711048861358819,0.719020693767639,0.9368614692840691,0.6683686691740004,1.0082404165809318,0.6064957487946523,1.0002762429628942,0.5934564477521492,0.9805432549441844,0.7478309472683442,0.9327983585663092,0.7044413007146096,0.9981404747259162,0.6441246464678245,0.9949121669050061,0.6282215395978582,0.9784395663090834,0.7585488673077884,0.9267290812031549,0.7190688216429678,0.9814845621192666,0.6725609227077769,0.9844162711068206,0.6562175641257852,0.9722610349875359,-0.29789586727762585,0.0026959926557606727,-0.2861619362307253,-0.05420162658970192,-0.23399881469899234,-0.08262960738521438,-0.19115681997251516,-0.08684944987214577,-0.16961515774152042,-0.08833074840282651,-0.04134095730330783,-0.0869214914923614,0.08977249191122667,-0.0950444591396909,0.13853480703933638,-0.08423358747907404,0.16057658495843177,-0.0704686427655945,-0.005693784070422323,-0.04827789896306475,0.11819298851992381,-0.05364481635711921,0.17350562582753776,-0.04651457490388079,0.20132708818470194,-0.035623870862592416,0.0021735455827350874,-0.009051603379670226,0.10783158952415617,-0.011887027733589985,0.15111492081230768,-0.007284246456250279,0.16902805683612454,-0.0007696125630352102,-0.011440824396331747,0.02741538816225885,0.07109266305378806,0.025555871125445998,0.10170376697151522,0.025743949248451713,0.1117797518869508,0.027049680700858846
-0.06359851570660098,-0.2754492962368307,0.003955806027893307,-0.3275755011220497,0.045665764874179095,-0.3271225756536996,0.07729388481023204,-0.32575249989005217,-0.13404417399953908,-0.32576446503577217,-0.17908830446982796,-0.3240701509433542,-0.2225716729010878,-0.3211747188365489,0.14269354888039112,-0.29934546133108386,-0.2577964728311151,-0.2932109368272083,0.02485231971452827,-0.21985614757865318,-0.1341504977725116,-0.21537657963699752,0.499941721685712,0.007633801014311489,-0.499941721685712,-0.007633801014311489,0.7186819450014381,0.37366126673507977,-0.8399951035620321,0.2250093399086,0.7248796651357124,0.6711060389881879,-0.24320508698268417,-0.016360634259256955,0.7199523120831456,0.7645726593253866,-0.052757333891339186,-0.046816400401516356,0.6513475627120549,0.7581947991393971,-0.029230119771851294,-0.07306933777530601,0.6374369840438531,0.7347382437710394,-0.07386846590747752,-0.06373690456352338,0.6908513279039544,0.6753488149840216,0.579237577704097,0.698067754310349,0.5334866257106087,0.7422370612018392,0.5219914393715108,0.787995430752888,0.5351020769933817,0.8194735415558365,0.6634578305997111,0.7763157745511579,0.6157441752604699,0.8315312126633648,0.5621916794729288,0.8225979473653939,0.5547293075292663,0.8066434052060252,0.7190837877689843,0.7789252035325266,0.6672659756694957,0.838666776640002,0.6054125395342174,0.8317225028149704,0.5932376299458475,0.815383706373339,0.7479273876154555,0.7756656619595438,0.7043171007230385,0.8308394027753785,0.6435361650002103,0.8278020438764959,0.6279860914898237,0.8138784948462662,0.7588394190996399,0.7707994048570053,0.7196093957439939,0.8167588040741408,0.6732756830523041,0.818984587492902,0.6575898225547475,0.8088294696672931,-0.29397867941378514,-0.011897083253525308,-0.27883793764846615,-0.06197964505427337,-0.22532830640331886,-0.0862039480875874,-0.1823352689213745,-0.08828877486122162,-0.1588619557322072,-0.09042967993307911,-0.03736876609355863,-0.08585587457982302,0.0962466146732742,-0.08754442485800708,0.15254667835867813,-0.07663696758371084,0.172814512090202,-0.06408299973240877,-0.0024795906035169645,-0.05161501353238526,0.12936888416408443,-0.054189326998652164,0.1856052915405537,-0.0456626483852892,0.19650195091298298,-0.03370971510341128,0.0040906076232838425,-0.01788231926199511,0.12255273214920236,-0.019736669556228693,0.1606586205631699,-0.014398388406162326,0.16004255362283218,-0.00808965594600158,-0.008659770764122,0.013228429229118953,0.08419556883154611,0.010191108375214891,0.10984196651131921,0.009140115845759142,0.104371662588429,0.009296670932047302
-0.06035870218904676,-0.30078153608732106,0.006683423045512255,-0.3580794806691342,0.04847441190188915,-0.3575951913213404,0.07935821593445327,-0.35613594857461955,-0.13011252416275879,-0.356039972713195,-0.17507514000966437,-0.35415268431273383,-0.21830681012902686,-0.3509842895477213,0.14540865351260746,-0.3272480085111525,-0.25374902741778277,-0.3202658899965138,0.02777824028829651,-0.23975062793195862,-0.13035746559483252,-0.234751481069872,0.49990531381877046,0.009730221773251646,-0.49990531381877046,-0.009730221773251646,0.723112184193416,0.4099534096364567,-0.8510080672185726,0.22932734005138133,0.7245382832633418,0.7376551298200406,-0.2415711227027976,-0.02383884060799967,0.7220541869699212,0.841630261604235,-0.05588453065627532,-0.05642950098032071,0.6537762208735355,0.8345190187708069,-0.029938178371128978,-0.08560457440272749,0.6390777643824798,0.8087627091996508,-0.07434410914513959,-0.07570656207731631,0.6943292997731243,0.7440361869621078,0.5817760514702781,0.7684948159400301,0.5341502148233105,0.8170211478261697,0.5235217666492715,0.8674760260288097,0.5373998762523762,0.9021736408084673,0.6647631151175201,0.85534996083328,0.6182201048335817,0.9153905535997009,0.5650577641837627,0.906672969127412,0.5565364429068794,0.8901843495757344,0.7196002403459352,0.8582698675720563,0.6687582419026076,0.9231314917190611,0.6068712174997184,0.9162921247578915,0.5932017909027006,0.8989316965973848,0.7477659432978,0.8548031993927602,0.704925430654436,0.9148034956738094,0.6441787731601638,0.9120227037724986,0.627757450264747,0.8972136617957513,0.7580767361311289,0.8495594729291076,0.7194376685989835,0.9000999602624956,0.6727301160014643,0.9029447918065339,0.6559637468891838,0.8920754418975325,-0.28981818047978314,-0.02197776164356346,-0.2516293874225283,-0.07803155223952694,-0.18210917612276917,-0.09785968031437983,-0.12190511414998936,-0.09044240991932738,-0.08549584128770005,-0.08258555670252363,-0.02936760080349462,-0.10238847857335255,0.10262765198146119,-0.10013103936587281,0.14972114005341064,-0.08560637186006254,0.1656549447646357,-0.07134639039717058,-0.00038056568036402106,-0.06428234126912065,0.13604895466311132,-0.06381717603134503,0.18453996858885577,-0.05102901951651918,0.19367236257761422,-0.036297686218512405,0.0006449171937403884,-0.026564287543924404,0.11373100671326193,-0.024110716480258178,0.15334580031211134,-0.015293477629207942,0.16015903443435622,-0.0071274199494435276,-0.015396381927135711,0.007495104477793128,0.07043273144181501,0.007015810389337408,0.10004246561993593,0.006734362011736469,0.10533057969911183,0.006710535251713814
-0.05774563921522159,-0.3372005760097158,0.009292037441870396,-0.4023921361282696,0.050942942591350744,-0.40186735469958834,0.08175217629459107,-0.40026809997783785,-0.12745792669516048,-0.4000866028757332,-0.17244852206238528,-0.39796002581336576,-0.21565058911465254,-0.3943092815389763,0.1479213166320682,-0.3674147260660057,-0.25180332716628384,-0.35933719076898923,0.030108322626107208,-0.2679181714213905,-0.1278194964625361,-0.2621318737789165,0.49978173314974544,0.014772244576793991,-0.49978173314974544,-0.014772244576793991,0.726043773920097,0.46847719486827943,-0.8451760835657949,0.2430530921798956,0.7233875964523477,0.8410185788407573,-0.23344538124829026,-0.03561779111060295,0.7246785227537521,0.9607136736023368,-0.04810203727625623,-0.07103074197486879,0.6562643574838922,0.9525743965199649,-0.02344264398932736,-0.10100462149876373,0.640725926303152,0.9232350800684813,-0.0692335624048952,-0.08954520365574045,0.695762010180114,0.8499975442039639,0.5833362874191401,0.8777256850197552,0.5360544358706506,0.9321711111440254,0.5234046198652581,0.9897036265360704,0.5365642610715412,1.0306507785838355,0.6657225415568724,0.9772481237205387,0.618257539346501,1.0451903041235204,0.5636029372033841,1.034616310976176,0.5547474351254241,1.0157174354409448,0.7204577773067811,0.980135359578486,0.6678690909719139,1.0541850373888333,0.6045910301620702,1.0448189035377666,0.5914580039604738,1.0235139981209127,0.7484072780434637,0.9752716266902662,0.704161902807471,1.0438401537588389,0.6424647732760274,1.0393506710772356,0.6265673352542884,1.0209749859323705,0.7584764243351445,0.9680979911308542,0.7194763736524761,1.0262131590019308,0.6722083224767871,1.0281493813906792,0.6558935217519218,1.0139280635139805,-0.2790683294120566,-0.03823445546764993,-0.20766135615220443,-0.09895902116257405,-0.10947929388100047,-0.11354637283906883,-0.02936901694036073,-0.09951854421893797,0.02183815350307557,-0.082359932144473,-0.00842133249224386,-0.11825475389659795,0.1184310042721992,-0.11069337992515343,0.1518294836351057,-0.09254552196825029,0.1558491379355538,-0.07760510226688414,0.010031244553525205,-0.07715533710740986,0.14625364015320766,-0.07016730685351269,0.18607816453662035,-0.052173518397912025,0.18863202209746224,-0.03478859893327863,0.0060747762456855176,-0.035149313440797865,0.12451075850950213,-0.02769404035280271,0.15301917434460865,-0.015523927066656638,0.1518538314356897,-0.005938277421810604,-0.013754979431491522,0.004047031549009663,0.08239221787026443,0.005639209712284788,0.10399246280366659,0.007522999077162027,0.10191540812308533,0.009426735788077196
-0.05480773877268226,-0.27940722917802013,0.01201539558272455,-0.3342239616495804,0.05349562367907036,-0.33383784373558456,0.08425824280040438,-0.3326115522353729,-0.12443482487384178,-0.33232525593793977,-0.16946891138344672,-0.3306500165675948,-0.2126905182849815,-0.3275913210211108,0.15023131880336016,-0.3052280466300619,-0.24920432575681287,-0.2984632017178937,0.03266751992539301,-0.22150283034501514,-0.12506517977583875,-0.2163700878183811,0.4997759632831584,0.014966179351829286,-0.4997759632831584,-0.014966179351829286,0.7274787464490329,0.3954403710888095,-0.8364466355182946,0.19367484619639677,0.7233732167092642,0.7098266270510196,-0.2137514171069179,-0.036602190516072323,0.7265955996342992,0.811261191741411,-0.032331514469118285,-0.06407781613011204,0.6580268519383519,0.8043929537416897,-0.00906599247152101,-0.08962748111981385,0.6419939163213632,0.7796845996222622,-0.055170628604561546,-0.08043455469535721,0.7022200385091734,0.7182487542168215,0.5859853913437907,0.7403799029458497,0.5383185070986926,0.7868471747172329,0.5240818022913316,0.8364017936124304,0.5419527232060667,0.8696248538104823,0.6691835723815726,0.8247596760873735,0.6204082246500067,0.8827731344758717,0.5672683511792574,0.8710791408358712,0.5611406830927291,0.8533703910010837,0.7234273793707389,0.8279191709156634,0.6695898908201977,0.8899971628146985,0.6090157489130223,0.8797957647157377,0.6013146062718759,0.8602716700955537,0.7503125427958949,0.824745629631635,0.703303685648929,0.8818878885267105,0.6448806877003888,0.8757537374581454,0.6346880626314145,0.8588877749676729,0.7588249436283632,0.8199661634477671,0.7169302234553879,0.8679107073539296,0.6732014570873187,0.8673748669912658,0.6620794007474416,0.8539252260027578,-0.2687846202676836,-0.0361186253153901,-0.20063883371906904,-0.08534782135107588,-0.1114555801107865,-0.09719983761813533,-0.033712760814284856,-0.08796664734754167,0.01825562352755355,-0.07681571682159347,0.004013600931611461,-0.10005605669752393,0.12112479691478438,-0.09152451083389475,0.158054278194041,-0.07578769184222596,0.16863382162107587,-0.0625575666293371,0.023417128210942748,-0.066873459869128,0.14714877402249565,-0.058900659668145505,0.18406850602268696,-0.04323642733269399,0.18883521414271,-0.02871362914481752,0.01789834691695436,-0.0334080983095855,0.1295941630507719,-0.02673810687835653,0.15524500865970703,-0.015911282356694596,0.1554018834228505,-0.0071982898048741206,-0.006027270207667856,-0.0008904335606554858,0.07623557090523218,0.0027855079442500466,0.09848362268763895,0.005038926567993673,0.10292830916580432,0.006510771663055829
-0.053227376757348316,-0.29473257038200346,0.013249846410099091,-0.3531911837729909,0.054515400919251715,-0.3528183368633256,0.08522319777444876,-0.351678302432205,-0.12311091631012011,-0.35093248155650714,-0.1681755015339916,-0.3491182648647507,-0.21132391676520454,-0.3459839325173724,0.15042451820095024,-0.32270068381218275,-0.24829080150065963,-0.31483640290550585,0.03394377278422097,-0.2333803541074347,-0.12342193423322391,-0.2271825445134755,0.4997011935795237,0.01728343528351252,-0.4997011935795237,-0.01728343528351252,0.7294117784410716,0.4209057688131556,-0.8322307462314236,0.19278664946463286,0.7237911839460449,0.7546145739308754,-0.18712768811947697,-0.04849406955777487,0.7279207451151649,0.8625713198217505,-0.014947830825523345,-0.08116619087227464,0.6584833329825108,0.8552589717743635,0.008817446813317887,-0.10429980952897817,0.6417285727751527,0.8290291165043924,-0.03523623161232829,-0.09059906733677214,0.7034849459462862,0.7636830103820066,0.5905123171412966,0.7883534605047208,0.5466905224840481,0.8365835492834938,0.5346751393229227,0.8868856732992139,0.5454003302631116,0.9217650178254041,0.675738126441399,0.8783198718368834,0.626391723175405,0.9378728852470912,0.5723286089348875,0.9291425881413076,0.5622901014193458,0.9122506982295058,0.7272516032590576,0.8816158834115744,0.6740775903183635,0.9458354230777669,0.6120310914293536,0.9381507151701223,0.5981421110711272,0.9198047921916279,0.7518866667627007,0.8780362820252041,0.7073716845037057,0.9376968698263416,0.6469669975915366,0.934834374576673,0.6304130784891487,0.9197553249126492,0.7579919209997503,0.8725708253320152,0.7191611953328431,0.9228253455621429,0.6719660979164552,0.92642121016352,0.6538009167599645,0.9159393986832127,-0.25564495628888007,-0.0514766330744852,-0.19058978275083346,-0.10115503738342499,-0.09914706417347967,-0.1149281170007129,-0.020798732318741978,-0.10392291799162241,0.03073938153338307,-0.08892658202267177,0.013170909351668687,-0.11717100069947531,0.12045681786112362,-0.10779538430448056,0.1458095089047041,-0.08995213866690932,0.14528661248518912,-0.07584549373349443,0.03344275405131223,-0.08262822849010343,0.1455216497939986,-0.07374398141934753,0.1778464244952946,-0.056728465662221415,0.17990450380647974,-0.04112043798925579,0.03040027739098753,-0.04711182333857269,0.13331971500789347,-0.03700736926896781,0.15479818310756346,-0.02483930803477593,0.15185957618454907,-0.015736693420857165,0.008057147929684736,-0.011788501513124078,0.08587942982449581,-0.0047574139106836034,0.09816601746102753,-0.001473218578145902,0.09144720251762661,0.0005780217666964286
-0.05304583897570468,-0.2895180805050303,0.013478786449275165,-0.3477316178972742,0.05469610362475267,-0.3475888742563226,0.08546085824483805,-0.34657595304014244,-0.1227758486285944,-0.3451433888654871,-0.1678250694848372,-0.34332003062240884,-0.2108919043911312,-0.3402451850167294,0.1505640202609809,-0.31727233861193427,-0.24801650614065218,-0.3090937616604494,0.034165156693719334,-0.22887204389138918,-0.12317110449470184,-0.222687250417857,0.4996803384656614,0.017876223058634032,-0.4996803384656615,-0.017876223058634032,0.7304104824600575,0.4154321878236276,-0.8302904972966234,0.17593870800620895,0.7236880794265248,0.7438184362607039,-0.18234326165428005,-0.05814289513184888,0.7277988192291316,0.8499940246138481,-0.015469544377449988,-0.1012914962808064,0.6583943317884237,0.8427522861844029,0.00659288360569039,-0.12255300318178639,0.6416326464422563,0.8169533741614805,-0.03522002595013906,-0.10495001079569814,0.7061500654641951,0.7519403159716239,0.5948364399649947,0.7775392868432601,0.5514601373459399,0.824020018171534,0.5401376770059819,0.8718851627091306,0.5484107673946097,0.9067059397586457,0.6787945773652772,0.8644668290509848,0.6309718678637015,0.9226001773680621,0.5778143368490819,0.9155537109053861,0.5665436842802609,0.900096375561499,0.7297929259485966,0.867941369358073,0.6789023296497331,0.9301997754394257,0.61731529999446,0.9248767383333323,0.6003507172936499,0.9081742315326863,0.7547164036199228,0.8646304172656736,0.7117750498931505,0.9217630592867806,0.652058221679604,0.9208819174657663,0.6329135758488604,0.9076294377534937,0.760813370633076,0.8596325555098788,0.7233362593533287,0.9081270394177455,0.6764835173995791,0.9129424694641933,0.6561506416239762,0.9038634069272661,-0.2165615065393357,-0.05286821743682555,-0.22413066129998685,-0.09419421074735934,-0.21386031238832712,-0.123867170177615,-0.21272664804272598,-0.1420859529610444,-0.24084595603739856,-0.16072767214559933,0.019799630009565947,-0.134523374852638,0.1289676652303501,-0.13364127418123178,0.11165116396248223,-0.1170803020362607,0.07015806397486889,-0.11083714375626466,0.057764778372932396,-0.09934294552786317,0.15248317315186144,-0.09455865727457864,0.12827673079208837,-0.08205512309667973,0.08571891216190791,-0.07848586504653023,0.06919164220605584,-0.0652019934062096,0.15105747450698093,-0.05829777031471546,0.12469775934759618,-0.05011906829578813,0.08184711846724425,-0.04950815552870148,0.06000019505301575,-0.03160237486450825,0.1119703825675293,-0.02254178061991209,0.08930566462145678,-0.0192426265562478,0.053074008220086934,-0.022012995473349575
-0.06119963747993276,-0.3130026768708242,0.011930114966963393,-0.3752506921504184,0.053782069257737194,-0.3746792154753691,0.08550719505361112,-0.37292398803022575,-0.1263310339373784,-0.37264598020054246,-0.17101252009068663,-0.3705093661402184,-0.21358797393697504,-0.36730270233409185,0.15100157156285093,-0.33994403291826514,-0.24810660917158817,-0.3320637855868377,0.030219171953004983,-0.24686107737012214,-0.13601378271598372,-0.24011846587183885,0.4996439113110136,0.018866952319650215,-0.4996439113110137,-0.018866952319650215,0.7307161461701693,0.446756727872848,-0.8184537788413934,0.1786791600194902,0.7237169695423816,0.7975386646746432,-0.1661303006033649,-0.08274534510849846,0.7278239195427239,0.9107091884510804,-0.007753875932873337,-0.14062495318246096,0.6583811507509945,0.9029180877274192,0.012440629481241009,-0.16105878560302642,0.6415958823255171,0.8752827286898938,-0.0261380084964727,-0.13905574946069166,0.7038855426019843,0.8068971370344002,0.5952180943303786,0.8334595194575474,0.5540135594486887,0.8823039959505985,0.5428121603991556,0.9348508941644947,0.5526179365814329,0.9737890599964278,0.6823136223763577,0.9240757280440243,0.632829835337153,0.9898774533098037,0.5785934504831355,0.9791816477785026,0.5697295721033714,0.9594471358649762,0.7343168137989198,0.9282498447982434,0.6797129214846532,0.9977852712963649,0.6192440667825327,0.9882546722533417,0.6090800348007621,0.9672246523436444,0.7591748451875888,0.9252838321480694,0.7118974808168003,0.9894146952797145,0.6536163486177374,0.9847715645931068,0.6405173748939664,0.9668891572403313,0.7652027942798276,0.920623363675089,0.7243750185191429,0.9744709533470615,0.6794023018958621,0.9765427294485539,0.6652982434950522,0.9634140928830527,-0.20955543091037399,-0.0670726118179007,-0.22933252894930986,-0.12028406559605789,-0.22784891688294778,-0.1666244384537122,-0.2413566368526787,-0.205439541750413,-0.27006119383359634,-0.2373185027426973,0.023298437597798857,-0.1710016486075794,0.08523919215745204,-0.17368569880411658,0.046621677520177825,-0.15758072734964734,-0.0004350248993844538,-0.1455691715097351,0.06476999115641872,-0.13071118012360014,0.11282154237303457,-0.13753829098794162,0.0754211132348074,-0.12997258148712423,0.03229666190237274,-0.1195283525982915,0.0759359583136942,-0.09227232466519124,0.11021424721249347,-0.1009994424278905,0.07275259963819906,-0.09659470630390596,0.03248169511749548,-0.08917324003610595,0.06822125430615009,-0.055955381896702794,0.08764954505019486,-0.062476623823620486,0.05368207258403264,-0.061264095902949296,0.01861926253749739,-0.05683835782124537
-0.05964001993430552,-0.26256393001536893,0.013273305100276874,-0.31453294289695294,0.05489219930966307,-0.31380173559658797,0.0872463693579201,-0.31213213934765616,-0.12544223995673065,-0.31251843117978645,-0.1702408437762628,-0.31072114537307177,-0.212800525883793,-0.30805782303672186,0.15305596849479405,-0.282712682610311,-0.24914040161640566,-0.27747291331035573,0.033389754970021585,-0.20620343825087017,-0.13540050248786814,-0.20039320732514063,0.4997580527513935,0.015552771783045198,-0.49975805275139334,-0.015552771783045198,0.7310232383325838,0.37567596515748836,-0.8112614167278608,0.13940590860807098,0.7244202099472844,0.6690062762343525,-0.1610777546181436,-0.08759629217182024,0.7284688840749376,0.7637551512680131,0.00107474342244039,-0.14361524154122796,0.65884428276796,0.7571716620633943,0.018385653978697056,-0.16370848834366156,0.6420574861139638,0.7340397261016068,-0.02149462247832559,-0.1409377710369699,0.7080055174378999,0.675948660421457,0.599373342942728,0.6987549823891095,0.5572633932638128,0.7412735438083238,0.5468238156942189,0.7849743298858011,0.5570731104992227,0.8167392342942965,0.6849767770656392,0.7759896623459807,0.6389679000882877,0.8291564909794695,0.5846814276866902,0.8212275203764343,0.5740765579534401,0.8062849562643729,0.7369908757697328,0.7785636919404997,0.6869986544246495,0.8364547718618209,0.6243688632861137,0.83087001213645,0.608634229964344,0.8148111856853792,0.7622813639146911,0.7752739711820765,0.7196359856913603,0.8288509655098347,0.6589782874863529,0.8274570617725115,0.6405850084227253,0.8145686242477594,0.7689552317987003,0.7703088075146057,0.7318990900235769,0.8154837015130445,0.6851408885709837,0.8195252427965996,0.666332411334362,0.8105615632674507,-0.2003488113862615,-0.07502447377948648,-0.23432176236823124,-0.1290853916675888,-0.23495705492818897,-0.1774121976472369,-0.2532858897256291,-0.21443763449481631,-0.2853473549007446,-0.24212393129376686,0.027239509047309277,-0.17624721314059694,0.11894055140986359,-0.18935891062886906,0.07551643064168785,-0.1860390196051053,0.020450920530667265,-0.1792875138793416,0.07389410773303962,-0.14019532015945937,0.15712186055616167,-0.1581438920999716,0.11488774497811882,-0.15900739882474912,0.06173952557731883,-0.15109353209367943,0.0921632208975397,-0.10752901817120601,0.16134556727854382,-0.12759265688715635,0.12174038420817775,-0.12922852240465152,0.07486608468825434,-0.12373625984059788,0.09002681968228177,-0.0786346739651481,0.14306031845044878,-0.10034276079581472,0.11717231881151152,-0.10398279393950251,0.0817802165387211,-0.10065908009950927
-0.08185038623320517,-0.2865098263342656,-0.0037534323481056217,-0.3427462108767583,0.04171576397302527,-0.34192599583379174,0.07718818310522745,-0.34000353293119573,-0.14471005112329724,-0.3399615005734733,-0.18906403738772617,-0.3380251020281414,-0.22878349174836127,-0.33555587008408555,0.14590051098389709,-0.307161178266086,-0.2578911311710172,-0.3021346739056313,0.017369565845656656,-0.22448478073522035,-0.15848056616297082,-0.21827419760124747,0.4997080681206125,0.017083519987557118,-0.49970806812061247,-0.017083519987557118,0.7339668789335106,0.4111895626609096,-0.8067448362633602,0.14212517315348833,0.7285333653155837,0.7316640137595511,-0.1642598705464262,-0.1099398225625975,0.7329127844582806,0.8351978057988053,0.00660625593210613,-0.177479324953775,0.6618182428803027,0.8280286553805281,0.019764520252503054,-0.20299405225167158,0.644240446095819,0.8028590811634511,-0.023388256179340827,-0.17771627186746908,0.7130412621698126,0.739315337416489,0.6044044341685648,0.7642924358150731,0.5615325505232269,0.8101379132874964,0.5499777241538666,0.8586446066762543,0.5629326348375406,0.8928516911306418,0.6912032913022471,0.8484409290650595,0.6451111938266321,0.9066619130818764,0.5903020635122327,0.8986117021452168,0.5790233521640513,0.8822973271687177,0.7437125248324483,0.8516462908430448,0.6923222837564995,0.9143809475676368,0.628841708447476,0.9086647108661262,0.6122977006355831,0.8911744955401969,0.7693432450752881,0.8483655126455478,0.7267305551989302,0.9066173190251217,0.6649984429259675,0.9053408141505171,0.6454219476464308,0.8909380814599015,0.7765853419429718,0.8435049244080189,0.7394861932537649,0.8924606733903475,0.6922900338405436,0.8963795400764086,0.6726128073420328,0.8857207407683346,-0.21645416971216772,-0.09015063605709692,-0.26310994395956994,-0.1539583372723499,-0.2706567229036161,-0.2125870618007441,-0.3035384983241274,-0.2608413970944294,-0.342641820031158,-0.3023458398802641,-0.005920049387041088,-0.21890310496047982,0.09149679396483405,-0.25781068170967203,0.1404043887328334,-0.28776723118088504,0.16804157133938266,-0.3099160089118579,0.06037433108914683,-0.1798866252620253,0.13021182270228282,-0.222105925533025,0.11081260242372638,-0.23653616062445165,0.08090130305838812,-0.2395119531819559,0.07790285716869766,-0.14068590816916587,0.12285237197375908,-0.17565146047304472,0.08980138403125613,-0.18417261415980726,0.060014804248303466,-0.18420179703518352,0.07034303890678041,-0.1074207092149842,0.09734885973274587,-0.135292568507282,0.06940998115316334,-0.14170685794830548,0.04192190463952202,-0.1407709155898546
-0.09882399561744867,-0.2805147210009548,-0.019022091108921762,-0.33250316089205895,0.026597075116118724,-0.33162847898874254,0.06574336671832752,-0.3296784929566996,-0.15097620074797213,-0.32994409484505466,-0.1923371395945709,-0.3280836893391755,-0.22966165671810182,-0.325906830887609,0.1253019955908202,-0.29759757631731404,-0.25662026903605195,-0.2929208290163733,-0.00793802531609463,-0.21860682755373892,-0.17050532634893673,-0.21484905563278248,0.49972347882576523,0.01662662654524259,-0.49972347882576523,-0.01662662654524259,0.741249582219582,0.39866507614485586,-0.8078256727467042,0.13078774704219884,0.7355738843418784,0.7099530328434797,-0.17315235423797984,-0.10580610697274785,0.740988268685267,0.8100783076868642,-0.010067540100533278,-0.1840755616061783,0.6681483744175262,0.8034305900957551,-0.010154978857986278,-0.21048210433958195,0.6494599443928073,0.7794123579831523,-0.04662847220341635,-0.18294499495676372,0.718900155595539,0.717907815361152,0.6097513172954191,0.7428027761370967,0.5676429375106838,0.7867813299614929,0.5573199498933941,0.8332190162778629,0.5699819242725529,0.8673265432857793,0.6996798733121838,0.823263098598967,0.6508184538950712,0.8809286347856015,0.5972664264548636,0.8719034961318854,0.5874905327144818,0.8547787517851018,0.752597568665639,0.8261546339856443,0.6991139279600451,0.8871871897714774,0.6383319586736448,0.8799997634202512,0.6263386100223495,0.862127375391927,0.7783274257842433,0.8231392596816971,0.7337130030794774,0.8802110367463766,0.6747500006052316,0.8773791157293735,0.6592721372503886,0.8623047877560773,0.7855864470337172,0.8188193639976261,0.7473494382899765,0.8669437395466447,0.7019478662205245,0.8695744024516276,0.6856974934764404,0.8582840767219446,-0.20747387146678153,-0.0969369195100995,-0.2726737040282578,-0.16150548176170107,-0.29363674503240883,-0.2242816386317651,-0.32150393829219637,-0.27253191972953555,-0.3582793560627308,-0.3095921862103281,-0.05615498499220885,-0.22864843095331314,0.05649501346299224,-0.2683617753420861,0.1071137313025415,-0.2920132995953664,0.1350728756409809,-0.3078875729238641,0.030812585853878086,-0.19748684738012995,0.1425452795462576,-0.24820242112140717,0.17743123802013178,-0.28035388143157386,0.1922262367668837,-0.302273012102122,0.07731355991497608,-0.1682201661614108,0.15956475237023254,-0.21717353913511875,0.18570292442042946,-0.24960073577648514,0.1982605137691883,-0.273468381991291,0.09377089779138026,-0.14334014872079778,0.1425201108213485,-0.18631205429887548,0.16179694753039578,-0.21272968530503852,0.17122428952661822,-0.23539924166104545
-0.12046830537566766,-0.2940865894434596,-0.04119324881038837,-0.34670690298719925,0.0031896593809684964,-0.34590469082552056,0.04537729720689951,-0.3439432686989057,-0.15932789755248847,-0.3440305925000398,-0.19558509980558023,-0.34216799616833654,-0.22906497004953177,-0.340123547916963,0.0999209023924814,-0.3100685890356165,-0.2527047019181905,-0.30533217595898193,-0.039250987171955604,-0.22926471591220066,-0.1803630148003782,-0.22690103542919654,0.49969188188252023,0.017550589183998013,-0.49969188188252023,-0.017550589183998013,0.7511172313188742,0.416175934953848,-0.8062440610579868,0.13553683717405107,0.7458546093483784,0.7429533914555408,-0.18283263075986192,-0.11641321538978525,0.7524554877109717,0.8474260424602928,-0.02509695899109515,-0.20382238872318983,0.6774686358127084,0.8406201840194542,-0.03195883476550696,-0.2331075029668633,0.6578360889258884,0.8156029738423363,-0.06644184112927179,-0.20138027045590504,0.7363830628235611,0.7511823413431071,0.6230541641780342,0.7751516659066158,0.5780299365036272,0.8219553962829923,0.565740912300359,0.8720343297683814,0.5772986179130538,0.9090386936338479,0.7083868685377984,0.8609558751119009,0.6610647310663517,0.9221426618515846,0.6058196384550496,0.9130365707490127,0.5967550092433502,0.8947745604119806,0.7624631862224069,0.8642378880656049,0.7097524280299311,0.9291116243774709,0.6464816397245668,0.9218724272829775,0.634129717268625,0.9030018493618173,0.7889811704477434,0.86112861263578,0.7452254245764552,0.9214997128564536,0.6837261018504144,0.9185993833930134,0.6677934283861472,0.902846385590326,0.796977136099545,0.856522832311579,0.758224531625825,0.9073295887100821,0.711388591580191,0.9099678221997902,0.6950419222213154,0.8980519227400418,-0.2287156926142662,-0.12153637781675891,-0.2895712689150317,-0.18750060279499856,-0.30012877096310214,-0.24954925012257548,-0.32317693566433076,-0.29467551643893514,-0.3708569459914245,-0.32789630567979955,-0.06551818736733896,-0.2638270030338256,0.05489364104029296,-0.3063168628919796,0.09099369878429285,-0.3251731982721084,0.09982938644606702,-0.33220753945937626,0.012852226483439545,-0.2307985088586065,0.1292504991858912,-0.2817744732883133,0.1353212929174301,-0.3027190226289908,0.12095480616925851,-0.3089220437208686,0.05502156112008768,-0.2003719566837037,0.14112239269417662,-0.24477189493090606,0.1402649742304775,-0.26648574910449446,0.12666469336736869,-0.2764758327902066,0.07013190566033053,-0.17549102644730014,0.12653586318423954,-0.21457496739712145,0.13364366910415404,-0.2361580642479465,0.1274432362087439,-0.24987429563625962
-0.12811640465995194,-0.34290735216262336,-0.05033312458834799,-0.40310807384966285,-0.007088482765205719,-0.402352591158713,0.03511869608975418,-0.4002446178571864,-0.16235176729120734,-0.3996995236697009,-0.19627693856348255,-0.39752234012229504,-0.22803097372706674,-0.39513188935095667,0.08507089551906612,-0.3601946733475918,-0.24961663103702736,-0.35449219420022643,-0.05195934092608318,-0.26789912135111066,-0.18392959354062974,-0.26505668727533077,0.49955875959681345,0.021001088307348408,-0.4995587595968136,-0.021001088307348408,0.7577075344943651,0.4848346092699039,-0.8062669238708139,0.15508138885492545,0.7520225913519811,0.8667679523288485,-0.18499054969042672,-0.14096448235168937,0.7599531165292116,0.9883014343838654,-0.029727468568594945,-0.24175879128011074,0.683779882163842,0.9806232337400141,-0.037913062574783475,-0.2762983568040061,0.6635470659873745,0.9515192246605723,-0.07239861233492112,-0.23925546563730352,0.7420104279007814,0.877072126622011,0.6274420122271055,0.9052367535735322,0.5822376729298033,0.9597752981997616,0.5673145192023962,1.0186867885537405,0.5815345047147248,1.0609769823608308,0.7146173781382034,1.0048275154369475,0.6638234922541639,1.0758042796646572,0.6088240217548633,1.0621751106578967,0.6035355133394641,1.0395589150222977,0.7683209606715613,1.0093436714602597,0.7133351182516391,1.084745246766004,0.6504354297964113,1.0732160438635012,0.6432174294260709,1.049646145070425,0.7950623034740266,1.006404957489828,0.7479951887894848,1.077034339987085,0.6870003803846502,1.0703560955556288,0.6763525789027535,1.0502162768687058,0.8038261755350222,1.0017301089768382,0.7616966970729345,1.0608300950441658,0.7160159852099067,1.06106174737361,0.7048834715913218,1.0448675658568656,-0.2222813480586789,-0.14847431413454126,-0.2837750051900046,-0.22573302700622247,-0.2953877560535417,-0.29420646559112484,-0.3153824876492313,-0.3437724197587926,-0.3610026867717369,-0.3800273640087607,-0.0579774600986376,-0.3052879427925677,0.07764979608515743,-0.3534305027387981,0.10089848588759119,-0.37458416323096305,0.09526581761685153,-0.3790344473565021,0.017467078828341,-0.2671860695484069,0.14617218600680318,-0.3267460219265166,0.14599715671867053,-0.3531346960674906,0.12400865745037537,-0.3604602413585187,0.057312023357061107,-0.23204831074939766,0.1559503329606212,-0.28418682499668013,0.1583472476978159,-0.31367943714840574,0.14340009227836983,-0.3273555849379336,0.07362727522273689,-0.20409303209142365,0.1395871794129522,-0.25014452819501226,0.14960320754337816,-0.27774129729551345,0.14355742540372804,-0.29408294671120205
-0.1274575863910433,-0.3168231844518818,-0.04893397550844931,-0.37157796366326074,-0.005379116923169405,-0.3708581884974863,0.03645478363043345,-0.36895712157102645,-0.16333265955019868,-0.36846303444472883,-0.196876332812976,-0.36649008849676923,-0.22857132388071422,-0.3644439427978585,0.08797468848311153,-0.33173283207313303,-0.2481739710760148,-0.32631166299474207,-0.047872874605315634,-0.24728315242537868,-0.18467750108891026,-0.2444546871863335,0.4996048572689315,0.019874269629107575,-0.49960485726893167,-0.019874269629107575,0.754807332845343,0.4486163588017962,-0.8099037184674595,0.14583756509853144,0.7523614814804368,0.8022635621868139,-0.1921219514258669,-0.12599385132876584,0.762310693527831,0.9145062247051761,-0.031993116213235265,-0.21682108725969265,0.6851526387483269,0.9078739243345957,-0.03948422517741524,-0.24803493849141614,0.6646573517766291,0.8810213008333929,-0.07474099495262201,-0.21617616835299486,0.7424273798856226,0.8108129349339857,0.6280273685743899,0.8368030997181717,0.5816064246862362,0.8869976239862756,0.5661039171203925,0.9412934832911564,0.5793655854076855,0.9796942069515835,0.7136221607761539,0.9308130697745511,0.6647594494291966,0.9953090793293986,0.6075290186731152,0.9862529046368038,0.5968636936906129,0.9676457517974786,0.7687881769973212,0.9340567813072181,0.7159863340190062,1.0034506824547582,0.6501155831214452,0.9961308864416059,0.6349132426541502,0.9760692299271123,0.796438671656252,0.9299488202379392,0.7525914053940187,0.9944242353674427,0.6886617350670708,0.9918191301024006,0.670498971065929,0.975397672578937,0.8052200907535796,0.9241820229776874,0.7661861162239869,0.9780685009231205,0.7182945577482513,0.9814762515307017,0.7000533827499381,0.9693131839225082,-0.22265231457076817,-0.12973608226622838,-0.27650566127287574,-0.19863652307432922,-0.28412970138069843,-0.2611463346162131,-0.29892354914007147,-0.30661940779223495,-0.3310863516518737,-0.33933472694300904,-0.05008767898246168,-0.27228962000595736,0.08773384012070493,-0.31009404551169456,0.13533544126314875,-0.32254042077983835,0.1535272009976195,-0.3255028393245996,0.026489440153933497,-0.23399571873438,0.1474406494398101,-0.2766253285572474,0.16524178355555766,-0.29754832452651064,0.15936187764654494,-0.3061673153854433,0.06396428143116847,-0.19636862913905098,0.1356302992837637,-0.2325045927984913,0.12303492027712601,-0.24884752288270837,0.09797270320843293,-0.2546024559631425,0.07771367020477629,-0.16407428690460313,0.11896500155282912,-0.19817287988114893,0.1072259155582747,-0.2104018496504434,0.08362001940580409,-0.21566300899800908
-0.10912652709250517,-0.2836941549708263,-0.03921133959891168,-0.3335268529189853,0.0020839641712792085,-0.3329239416502152,0.042088220735723256,-0.3315018229270407,-0.15116871936660708,-0.33080373887681686,-0.18516421598004495,-0.3290254242838767,-0.2181500527164487,-0.32722054412454327,0.0877928465583095,-0.29826442522392754,-0.24320416266077197,-0.2928614071812242,-0.03024366556393752,-0.2209300526370636,-0.16888108511136668,-0.21630321649023113,0.49965511200525975,0.01856795753472584,-0.4996551120052598,-0.01856795753472584,0.7511957450639699,0.4112422855978642,-0.8126877752235716,0.13358636497912535,0.7514457307533096,0.7348149838926612,-0.1916046206155901,-0.11004377965791033,0.7629915100664371,0.8374804029641778,-0.017272640508069318,-0.18956390801302272,0.6856432374483289,0.8315021666158195,-0.022348761541154408,-0.21854546508330977,0.6649762536093526,0.8069665702619218,-0.0628682300193479,-0.19149532308080203,0.7413896370291936,0.7425663898052831,0.6256431943008196,0.7668253435017396,0.5778008021495922,0.8137655514238507,0.562980455791244,0.8636141969110945,0.5807754681959817,0.8972660461473142,0.7129244089368388,0.8522513498337839,0.6619794939013847,0.9125751917138513,0.6048221685436166,0.9001428346117438,0.598633079308525,0.8809462611629878,0.7688348744120166,0.8550412262600133,0.7127165648612506,0.919408445736127,0.6481279955174332,0.9089729337079158,0.6405944660611135,0.8883997063710626,0.7969028257378429,0.8513149956109091,0.7494280475667654,0.91110031082409,0.6870048616285621,0.9051647105699434,0.6754764708453808,0.8875610871949187,0.8066199454134846,0.8459835160147433,0.7648293753962467,0.8956271802798167,0.7190054847153257,0.8954928765830505,0.7073660119114312,0.8814203417336237,-0.23054715399863235,-0.10312869713174411,-0.26071001404105676,-0.16400766915769358,-0.2622999393909322,-0.21768839759717049,-0.28041858302360406,-0.2641218919380761,-0.31582255056265884,-0.3023861056468431,-0.010842771275962157,-0.2218201630962168,0.09588741181905955,-0.26151444879957847,0.12270942383152812,-0.2853164583555725,0.12546704011000495,-0.2987781491629313,0.05403127681537881,-0.18266137033765334,0.13979958706063592,-0.22571665114845582,0.1341259143102342,-0.2453474568182579,0.1142095012520983,-0.2515098892928585,0.07632132649659826,-0.14301685407503464,0.14952233243714255,-0.17776535284986653,0.13555576289913726,-0.19543063457652013,0.10988425785626481,-0.20071332864180938,0.07715812392887637,-0.10752525737359027,0.1384165852171164,-0.13078250883354398,0.12445748251844084,-0.14236599769839886,0.09753226446647002,-0.14499381597038025
-0.07227768275377638,-0.2707307509947314,-0.007530888861124569,-0.32157397981629077,0.031729914414673266,-0.3209872840299977,0.06968895405982387,-0.3196157839052019,-0.12655841952692634,-0.3206318351786978,-0.1649584564788606,-0.3198495466352788,-0.20152316490316421,-0.3186745878460831,0.12244809193298792,-0.2888465377248451,-0.24061812216564957,-0.28714119984094416,0.012736616615607347,-0.2090698920108459,-0.14439191788274042,-0.20293213561480206,0.49964591725213287,0.01881375489568476,-0.4996459172521327,-0.01881375489568476,0.7459716427233203,0.41381412183043875,-0.8104231796827328,0.13833348785377497,0.7504293794429918,0.7392078003283524,-0.18894979179419918,-0.10355550779890406,0.7622063855108012,0.8423253741912434,-0.009785067874069044,-0.17686095116190673,0.6858449615547587,0.8364263708729017,-0.012768050813822613,-0.20544030082821552,0.6653692555443911,0.8116567598142367,-0.05668570808435235,-0.17960011585505922,0.741375513884232,0.7478990887344019,0.6262561317647554,0.7720883347370256,0.578723133463097,0.819076458154349,0.5628872375802468,0.8689893377054295,0.5766076527468245,0.904716597357721,0.7113903505591498,0.8574340021879718,0.660198125819763,0.9184638915163444,0.6027713156888449,0.9050640245345326,0.5975579335029785,0.8847822619649377,0.7664359181161549,0.8610579018997571,0.7103066871933943,0.9264022560691328,0.6457081851514153,0.9148769451225108,0.6395038092490783,0.8933970042123734,0.7938632766500742,0.8582194251646099,0.7460914600892458,0.9190747760537297,0.6834030958842869,0.9120251058036403,0.6730191963283031,0.8936896612929355,0.8030855396992744,0.8533447216282354,0.7605230229609073,0.9042139332514795,0.7135982968065367,0.9034666183839788,0.7026651152544617,0.8888159475775775,-0.22446084222377122,-0.08313611886546535,-0.23744194137777233,-0.1409909923130615,-0.23254718765563664,-0.19882450212371694,-0.26238906002521684,-0.24680508608030835,-0.30269688745521384,-0.2841161418441761,0.028289808832687655,-0.20025446355230317,0.1199694849918747,-0.20538676800823671,0.1195775781050315,-0.18761168592053046,0.09856065276629689,-0.17117694521686963,0.07331950189463492,-0.15713856119429367,0.1460578283290799,-0.16658132996462183,0.12796693696060454,-0.15910228360605835,0.08862642553933157,-0.14797182875995787,0.07881895569607966,-0.11524314939224149,0.12427107131131962,-0.125602079998478,0.09746882467373214,-0.12262049164135373,0.055027043833056635,-0.11512837139686322,0.06336057636907164,-0.07771730246778086,0.07410474449551292,-0.08948429471261228,0.041272336813880546,-0.09036758624226247,0.0017781244104236864,-0.08655186746597701
-0.05493055928555287,-0.27835409494662605,0.01192803858361175,-0.3311056547200778,0.050005134879508126,-0.330508660972562,0.08641911539763736,-0.32901271943959554,-0.1144422956204945,-0.32992021971734875,-0.15634082258195844,-0.3289839132839298,-0.19519843003422396,-0.3276093873568602,0.14269592410339632,-0.2964271280709679,-0.23764213406317802,-0.29518761238308205,0.03492716173082032,-0.21475018833609444,-0.1304956023503417,-0.20852354844272178,0.4996133545976545,0.01965949917160502,-0.4996133545976545,-0.01965949917160502,0.744238050582556,0.428436548749065,-0.8102668718545998,0.1471543527562149,0.7485632305586183,0.7650105649280706,-0.17992817916326426,-0.10028788633030288,0.759690909306219,0.870792385094783,0.00457059108691315,-0.16688865432318237,0.6836790164792417,0.8646424197841425,0.009645236848622977,-0.18954144070124762,0.6635308762452761,0.8390679999162212,-0.034049646514458735,-0.1700224832315096,0.7430145576118259,0.774614035140416,0.6273140592782535,0.7984260458980345,0.5795656683799483,0.8451395035561857,0.5650834609848118,0.8957324738420765,0.5777526187298115,0.9340078128261,0.7108710968596688,0.8867466552628831,0.6608184269371215,0.9504081741847462,0.6038250300022492,0.9385922890979607,0.5959236268952695,0.9183430509048975,0.7643363146471658,0.8915173290786038,0.7077058940794836,0.9579212620993863,0.6448832961922175,0.9477546038864622,0.637259571024019,0.9266279906124129,0.7907999993787954,0.8895608932772585,0.7411133594664602,0.9512411273654147,0.6802571041090248,0.9454274749859145,0.6693714774649512,0.9273613774647832,0.7990961367403918,0.8857913291077765,0.7551873965776843,0.9382256807712014,0.7077622846872857,0.9387092157091416,0.6953703977286646,0.9242800974519466,-0.25206245429307317,-0.06678024268209382,-0.24742773670270252,-0.11117312409549147,-0.22742851246009957,-0.15132120359549173,-0.22139939967787928,-0.18073781999289715,-0.23741260189604016,-0.20171393493224965,-0.017977916138380002,-0.1708804130936785,0.11462816069242085,-0.1727447287664916,0.15321226351803488,-0.15314675647980927,0.1556284076649751,-0.13470843406980956,0.025252406332986792,-0.14861436105659687,0.14412553797809732,-0.15430406612227973,0.17116412190262906,-0.13637370218545228,0.16301089503445237,-0.11795091042067855,0.05812171803142337,-0.1222256673319913,0.16656849094293738,-0.1295247727402163,0.18731341481146122,-0.1127955871999086,0.18062980454157085,-0.09446512831223186,0.08499459092797279,-0.09360256053135163,0.17421206479077753,-0.09948122887223622,0.18980091241701064,-0.0864086380135339,0.1789998716846406,-0.07208087317258091
-0.054932944763565236,-0.2753943856910518,0.012300717120678937,-0.32813562347896574,0.04988653034807396,-0.3277792432768381,0.08630712665846546,-0.32700716688857134,-0.11614618470721973,-0.3267479200319335,-0.15851788324725682,-0.3257430647287763,-0.197573839398166,-0.3247558547201173,0.14758676015350444,-0.2957970206601263,-0.23976562957632075,-0.2925759753260128,0.03222493756131122,-0.21312068815098376,-0.13099079395666835,-0.20684776490041665,0.4996123318358683,0.019685473769413327,-0.4996123318358683,-0.019685473769413327,0.7379558983172991,0.4245978160847106,-0.8137860620260571,0.15527183246825743,0.7392155595566368,0.7579614792236862,-0.17870999864066398,-0.08987576005949215,0.7488848015658683,0.86262730193338,0.011611858799551303,-0.13189291219281132,0.6736076315628291,0.8561171568596418,0.025897067062866628,-0.15143939241928553,0.6539587728269509,0.8307424653394062,-0.018756733227418786,-0.1383838537956874,0.7294724572440411,0.7670413519114662,0.6178646955625782,0.7917865401807235,0.5728375576733221,0.8378615625812703,0.5583389415662707,0.8875392571864394,0.5704782658519354,0.9251372948133758,0.7031495330632135,0.8788471598488741,0.6530203837268357,0.9396886406333547,0.5985100672155106,0.9294686882017638,0.5897077756523208,0.9105106511734378,0.7548737420656798,0.8828596745500525,0.7004534301863229,0.9468255937340905,0.639854885554271,0.9387611466810167,0.63002319123846,0.9197138303583321,0.7809375497724113,0.8804021356342048,0.7332161252432324,0.9402315598139549,0.6739091268995113,0.9364131012393826,0.6610465366923817,0.9203905000289716,0.7888339426968014,0.8766896330523715,0.746810255340237,0.9282352863276232,0.700219741029778,0.9301276704650303,0.6856676468342254,0.9174176679783252,-0.24877436674153572,-0.04996079840532311,-0.24009083689564018,-0.09248936928896881,-0.20718032032994912,-0.12368953476611053,-0.20466594205190872,-0.14053775888496609,-0.22137148787914537,-0.15132147637013252,0.008707494083667328,-0.13735958445729465,0.14159711333931646,-0.13221145397702327,0.18727708751650238,-0.1110176444310067,0.19134485291242184,-0.09304525923497589,0.038701840393182696,-0.10500434705294973,0.1631703760448074,-0.10312114352222662,0.19763004184211927,-0.08879354340551562,0.19211191032522582,-0.07661113101302092,0.05131378989873329,-0.0716728489873672,0.1650894322055702,-0.0696982184056758,0.19436283334085713,-0.06131712464775153,0.18645372675769134,-0.05290966823026661,0.05188560183748095,-0.03961631820325168,0.1445716049825747,-0.04218271890019243,0.1712720037465777,-0.03917013229583159,0.1665739032207205,-0.03577945630243654
-0.05045690781065234,-0.29060450432062146,0.015869957865287426,-0.3459478580289734,0.051933292402939035,-0.34564294025503256,0.08736181661064174,-0.3448450698577786,-0.11322573167669679,-0.3446212368351211,-0.15610656869787623,-0.34358637853092355,-0.1958122526633755,-0.34305593893161285,0.1492747479371903,-0.3134972472572171,-0.23891287023254193,-0.30968148641291077,0.032671104384916404,-0.2269266425735335,-0.127126275601958,-0.22061127594617397,0.49959092353485157,0.02022150146735103,-0.49959092353485157,-0.02022150146735103,0.7338435449997568,0.44869848152053693,-0.8211298652399285,0.18111364699300075,0.7336242650908313,0.8009920601835163,-0.17915739287750915,-0.07272073363932091,0.7420299949329787,0.9115407301995702,0.009708893319164453,-0.10036861170790509,0.6674263640371271,0.9042186149447392,0.028223026451532657,-0.12466070546042773,0.6480752625217867,0.8773115435186006,-0.018519439906419945,-0.11613651821178365,0.7277994297383942,0.8104358449512369,0.6160027221987684,0.8347446489621769,0.5713483212384116,0.8839814253890335,0.5561735507738869,0.9370745383674706,0.5698339882052651,0.9756665246450329,0.7009353379553264,0.927183843071438,0.6497722286845588,0.9918294332149057,0.5941125796192567,0.9824921319024194,0.5836746556987741,0.9633176436745775,0.7531740201857646,0.9314030055531238,0.6976697694851441,1.0005751202719335,0.6338124561716431,0.9929973736170576,0.6198540383708754,0.9729539519515112,0.7782574389549818,0.9285348852413551,0.7314927442226996,0.9933093576970846,0.6687063979895037,0.9905532316704537,0.6515597103896454,0.9737862650356628,0.7846844429705597,0.9238958330747555,0.7438969781210274,0.978536600412574,0.6949454919682274,0.982042910380922,0.676281868012103,0.9698652206748914,-0.23697649847057295,-0.040060311351637706,-0.2241382105059472,-0.08899079229707754,-0.18993414931479743,-0.11800006756273641,-0.18901627765949114,-0.1301929564931784,-0.20175513870650813,-0.1371118923215131,0.013896438684957088,-0.1254407545448483,0.14043977016373493,-0.11687883588823515,0.18693301839688573,-0.0993531524138118,0.19822743562373812,-0.08409415327466088,0.04350943942676611,-0.08584530836088601,0.17694997512765823,-0.08102968742648774,0.2181120181229852,-0.06858618906196144,0.21818150682471782,-0.05660546708280839,0.046644941868777476,-0.04673863723563255,0.17660763813742236,-0.03671821522598192,0.20517390272950153,-0.0314995926337939,0.19025005256258756,-0.02822087105202961,0.03049082127219735,-0.01031316262719155,0.12015788050530213,-0.00879284020644503,0.14574864689941697,-0.011840906891437283,0.14214404565680447,-0.016536311738018922
-0.048400828694314786,-0.2868692842800619,0.017798548964713768,-0.3410449716629864,0.05279446306604365,-0.34065988124064184,0.0876529608738302,-0.3401747099522127,-0.11119818150811826,-0.33999323232638495,-0.1542520316100173,-0.33903719957685396,-0.1941848677062792,-0.33894045986860927,0.15039989117528232,-0.31120711327500816,-0.23896354639769182,-0.30733963515017243,0.03271364769739952,-0.22553732039280783,-0.12462561682796384,-0.2195990717715172,0.499631393482669,0.01919558924769889,-0.499631393482669,-0.01919558924769889,0.7296327867314157,0.4453034280750161,-0.8257008264600995,0.18946402618620464,0.7299765765883584,0.7938303292252098,-0.19032076936347642,-0.050595526851014594,0.7372657187494164,0.9032558862365715,0.008049964061857371,-0.07613692003256141,0.6632847324154134,0.8959116696037502,0.024873544922128038,-0.10430450723883551,0.6443645316739616,0.8692689252879404,-0.021356126264050822,-0.09697422675121471,0.7219687641524393,0.8009900787751887,0.6107390934864095,0.8281765525668313,0.5698127545281999,0.8775003072524489,0.5562977275317595,0.9298522060434486,0.5669039933907623,0.9686516652343558,0.696773850450995,0.9200480179884327,0.6478482688909817,0.9808569148233373,0.5941030524843322,0.9720183213840388,0.5825413497707298,0.9541811106299541,0.7493884466498556,0.9226407564721584,0.6980503571372089,0.9874252794356622,0.6376565438449879,0.9810194006046017,0.6221710528974786,0.9628197621500993,0.7751170816480489,0.9184140159543321,0.7317023020209771,0.9789299460018054,0.6721618847678456,0.9772182180853252,0.6536723680152937,0.9625864086525475,0.7810497984373085,0.9130736147733594,0.7427055704278236,0.9646269768406344,0.6955615178714111,0.9680977364345907,0.6750594851910865,0.9566315861298671,-0.23461306014424038,-0.03331312414875814,-0.21102010752691572,-0.08139339660410949,-0.17461066904276465,-0.10702930938244161,-0.17714295537454142,-0.12045456517160404,-0.19459163587904452,-0.13208320125759204,0.02831074594691859,-0.11122101170555246,0.15150948539471934,-0.1015737261812002,0.18855279265568575,-0.08260869880575272,0.1968699163136195,-0.06790619750710034,0.04970055365202643,-0.07387952828570943,0.18087601497477068,-0.06476014570005387,0.22045130961981202,-0.047500032037597485,0.22530263292282704,-0.03196193354075986,0.046476601987774493,-0.03570266748069692,0.16908252814312516,-0.026389146039504673,0.20185297590384538,-0.014741298295937517,0.20357092869622034,-0.007686267666676149,0.027354711196915935,0.0009246434508776263,0.13063705651200158,0.003167835276910237,0.17102698364414654,0.006281750421049695,0.18736138641521977,0.006837129986718876
-0.04720931936304096,-0.3091836930544535,0.01863192222892981,-0.36772424923543584,0.05305410325309077,-0.3673675026262044,0.08707373264644924,-0.3667445098912909,-0.1098535532263722,-0.36638880487799874,-0.15289533757350265,-0.36532599825768963,-0.1928236196054293,-0.36531683694795025,0.1498149597334622,-0.3360534120852874,-0.23822339054382843,-0.3318049316297093,0.03255263167893863,-0.24371451170273942,-0.12298701092833732,-0.23765507467077046,0.4995735160811169,0.020647082853274896,-0.4995735160811169,-0.020647082853274896,0.7270353200247961,0.48016777404056593,-0.825116593458236,0.2117809793221568,0.727900325031906,0.8551961911281434,-0.1964450966565213,-0.043743525903229705,0.733584445299906,0.9732419633657674,0.0051079130802782575,-0.07446430919350507,0.6598721738536272,0.9651966763301347,0.023375267732260552,-0.105835616493182,0.6413032277975378,0.9363421962368463,-0.022224836858323917,-0.0970006576997029,0.7174056185594953,0.8642957626354905,0.6077199687356725,0.8926283084726185,0.56761456001919,0.9459173036357822,0.5555225397833632,1.0026193246206156,0.5671432800611773,1.0438449343762473,0.696155970216983,0.9907538424415625,0.646037052493636,1.0570684682791487,0.5931356788565683,1.048144453032854,0.582339876855427,1.0287963350065037,0.7483561760714018,0.9939852518076234,0.6957620468177353,1.0646255308908406,0.6353100779947806,1.0584710245567697,0.619216938519463,1.0388041781729744,0.7733377824989339,0.9895026016467687,0.729790006917422,1.0552144275070843,0.6703738225813116,1.0547335889452587,0.6508020181633909,1.0394164472042395,0.7789493066117855,0.9839971042734605,0.7407246540240384,1.0396287433947895,0.6944918124527887,1.0448763037372957,0.6738112306925738,1.0337730804047758,-0.2395703864170876,-0.03288289973404119,-0.21321143654324232,-0.08322152705369179,-0.17371288011276112,-0.1112128081848688,-0.1761020076776863,-0.13036278625639058,-0.19882361248838504,-0.1482580199831408,0.025363331292513412,-0.11734970207851032,0.15154754829964082,-0.10542484893091358,0.19389966917286136,-0.082602345613011,0.20539544885574765,-0.06335232698604049,0.04531547212436061,-0.07825870116479122,0.17848617648884452,-0.06840790225881424,0.21904253427289538,-0.04686050175177074,0.22347109808709903,-0.027652099617104742,0.04140132942594227,-0.037311008143889234,0.16971612457658514,-0.028569650949142794,0.20248981749845527,-0.012091650533704586,0.20366345534002112,-0.0011428674718300619,0.02377533998617963,0.0033857076008964562,0.13200291785236293,0.00546956231340022,0.17280364302205004,0.010605387818774833,0.18945067529313786,0.012736777182329484
-0.04490957276230687,-0.2556102532867746,0.021175319049873985,-0.30403434561935777,0.054891400390210864,-0.3037723097056951,0.08837917933546838,-0.30324679275557864,-0.10702651160050543,-0.30255823080299016,-0.15007639376175208,-0.30188417866437184,-0.19027610492232555,-0.3021766402713931,0.15076050994692025,-0.27750487906369625,-0.23691475439920515,-0.2746845461786789,0.03326951236356095,-0.201451034928203,-0.12101070070541793,-0.1966481888606541,0.499713453512409,0.01692525860072756,-0.4997134535124088,-0.01692525860072756,0.7257860193955412,0.3963954435468315,-0.8224802903373236,0.17790998466111344,0.728178201355934,0.7060639323549777,-0.19559973314053983,-0.03421111439520839,0.7323873104761259,0.8031299399878734,0.004236744685122697,-0.06372786457563255,0.6588207445059304,0.7963344258208825,0.02242420928471422,-0.08953889028856515,0.640660173908704,0.7724744330480591,-0.02280487806819405,-0.08038130339082794,0.7214337392627572,0.7125716717996751,0.6111614083142811,0.7363074621272091,0.5685290753147582,0.78040198610633,0.5563312609919575,0.8261659784255311,0.566752093658472,0.8602863430151955,0.699496341083358,0.817289799898332,0.6503378620098589,0.8713537963821816,0.5960287859833637,0.8668890699903784,0.5804253208610354,0.8530069861147938,0.7503784093084472,0.8199850710758597,0.6981089269613348,0.8774345606281667,0.6353632419428377,0.8746633619180468,0.6122007824056944,0.8599671661652251,0.7739863996347751,0.8165322430968114,0.7309251468475284,0.8696521447669698,0.6695929789533507,0.8713734812980388,0.6437964891845438,0.8603716443172433,0.778306842014759,0.8119733103219773,0.7409332752277457,0.8570712963213428,0.6928596527496599,0.8630405127108038,0.6668533502123997,0.8556355472996944,-0.23049984271001225,-0.026328203913970654,-0.2143549380400643,-0.0677576871220588,-0.1840599320006118,-0.0934097102705972,-0.18853719014438763,-0.10993898569787582,-0.2088343508045274,-0.12341030318443219,0.0257433444516328,-0.1022827642079778,0.1479778705771865,-0.09405622696143909,0.18352837995386168,-0.07712243432476946,0.18807109335339425,-0.06376981219394731,0.047402508356561096,-0.06896737207033134,0.1755056617482618,-0.06408605974096276,0.21359864309854792,-0.04873971496163488,0.21494452971691896,-0.03514817888180771,0.04672205054671475,-0.035153373512381146,0.16882003028525916,-0.02993038728634823,0.20260552188170053,-0.019058220783024823,0.20268343538855307,-0.011580647716005489,0.032482862794374935,-0.001621017669205368,0.13652270644470232,-0.0014815828485501663,0.1781626309819429,0.00064809851443756,0.19420925389324675,0.0007252368255843453
-0.04137831336038173,-0.2671563636897417,0.02491350087806687,-0.3177300447753437,0.05769165917161701,-0.31741041845757834,0.09134462888443622,-0.31684421453831546,-0.1031215824782667,-0.31607898494186104,-0.14643433172888565,-0.3152066973299563,-0.18679530876912911,-0.31538053168793306,0.15253054412654782,-0.289813114426877,-0.2358089552504241,-0.286727921140086,0.03468394099747726,-0.21050045546538443,-0.11884417863106406,-0.205462924757024,0.49969314228207845,0.017514666889851177,-0.4996931422820786,-0.017514666889851177,0.7262999291408908,0.4133007168394719,-0.818824871693114,0.18551514707129277,0.7294166053786842,0.7363359475442268,-0.19301463106383332,-0.03737475353230124,0.7322706603433337,0.8374296687010317,0.003451967919664853,-0.07075522688230036,0.6587598240202366,0.8303210327670109,0.021697822941368117,-0.09768643740542154,0.6409438655972729,0.8054296470602422,-0.023495958588451667,-0.08687176537330701,0.7192682396122551,0.7435327225482246,0.6094346482408892,0.7674944935908738,0.5680954118983887,0.8131124088401019,0.5567665348559909,0.8618858982970639,0.5674838145768081,0.8979473226651287,0.6993548679514051,0.8513211029721159,0.6477611502490378,0.9083876480280388,0.5938200449592532,0.9028220160344097,0.5800655274895845,0.8876151753844085,0.7507569057177681,0.8547463077913321,0.6967567155817304,0.9151430760069579,0.6348478508077923,0.9116408105960614,0.6144351232724239,0.8965211315032462,0.7745518948867953,0.8515941548783663,0.7299450096558753,0.9076818837930292,0.6691352415871492,0.9091145917068507,0.6451106317112796,0.8978199201647183,0.7790674394410574,0.8472828347142246,0.7401937603784801,0.8945885887156919,0.692419611215316,0.9006035507555253,0.668064402851884,0.8928380262260384,-0.2219612655232029,-0.03396535183653763,-0.22018792970289097,-0.07506882790962073,-0.19155568986020483,-0.10744906129635991,-0.19597410999328513,-0.13023081148162802,-0.22605155727098916,-0.15050010941615694,0.023653353504974703,-0.11870084446479277,0.13923763936874103,-0.11740230018151834,0.16276714194599345,-0.10654795742197426,0.15089098904507614,-0.09873058398487149,0.05827628297643009,-0.08370531633577474,0.17444726753091463,-0.08427610234624484,0.19996283113580732,-0.0756445014840452,0.1920753005733215,-0.06799733746165304,0.06720184931606075,-0.04836118270771193,0.17454537999300349,-0.04748915983885473,0.19931862846428783,-0.04373367788542275,0.19415571950760316,-0.04281632286088884,0.05806583026318827,-0.013611947072294076,0.14217844432504606,-0.014829357793926112,0.17125599420462473,-0.01564513294760855,0.17483556760745947,-0.019188372436322414
-0.04163658169995657,-0.2994286658778779,0.024811305186896306,-0.35846890950809207,0.05810087707521213,-0.3578880397078935,0.09166204899881193,-0.3567999029199903,-0.10328267872664072,-0.3575817800878515,-0.14648071372035606,-0.35682878620344,-0.186781418301313,-0.3569876096854579,0.15352710503575942,-0.32493834493856044,-0.23510350894251741,-0.3246082963731712,0.033989608633803785,-0.23475260902291098,-0.12058458861071154,-0.22841774196424325,0.4995856480289131,0.020351419693253898,-0.4995856480289131,-0.020351419693253898,0.7267625840144092,0.46755560793861956,-0.8134221060360657,0.20940276770160612,0.7295445584849092,0.8332680438432113,-0.16745238451753272,-0.049662258722694766,0.7320201681156088,0.9475991904654437,0.014966050816981002,-0.09714886625478114,0.6586285053448654,0.9395231201357018,0.03207043340266381,-0.12602385123516632,0.6410201318573452,0.9113500012482746,-0.007112958014960237,-0.11060778480322885,0.7213568544394188,0.8417902030008211,0.6109292182754791,0.8677533473065333,0.5670473437747434,0.9201508045641764,0.5549258835818514,0.9756758626984788,0.5678566131162399,1.0156901596455274,0.6984292683336015,0.9632091644635256,0.6477862319363357,1.0291666893899492,0.5928424336712622,1.020771957838812,0.5808406750211936,1.0021837554115998,0.7501383595602691,0.9670474831337372,0.6954185572515682,1.0363826694786098,0.6330801270440335,1.0300679031567084,0.6158458702596604,1.0113120716494914,0.7738653386426634,0.9636211373620195,0.7284899602388144,1.027780107373935,0.6674777283126582,1.0267948024515299,0.6466362280051192,1.0118579265194745,0.7788252491051917,0.9587386868425363,0.7394193431859334,1.012642777305504,0.6915999595191269,1.0174641879729722,0.6699304247767447,1.0068214932917359,-0.19798763575712322,-0.043814281299321856,-0.2167442354301744,-0.09225442905740981,-0.20436648356762346,-0.138202131559088,-0.21872266885083083,-0.1744318654759926,-0.24875728715265621,-0.20451409333014256,0.029268014856780714,-0.15555353934128027,0.1278448032266201,-0.16088092612344979,0.15134344075207742,-0.15073300462335004,0.14770755577064532,-0.14083684946150854,0.07761835190165473,-0.12168467383965946,0.17010122558891896,-0.13010056648753016,0.18126507343922482,-0.12231097775931479,0.16871023835366897,-0.11345130141393933,0.10200181296024215,-0.08717539702056111,0.18437553580694432,-0.09377332555626626,0.1846423951870668,-0.09026528596448016,0.1659907812731091,-0.08730526806521839,0.10956740477945891,-0.05232851080848257,0.17549648621709502,-0.060333122096968256,0.17685181977498582,-0.05977555716474067,0.1579113221871354,-0.06005452404128351
-0.04377020699769067,-0.24003553259606616,0.024508763910085305,-0.2879605821171006,0.057959829236494065,-0.28737676924704264,0.09157533319890492,-0.2862837272847776,-0.10464074823433814,-0.28784519989957463,-0.1477425343981171,-0.28740354148371894,-0.18815681055415415,-0.28747780985753413,0.15350657770922393,-0.2596099152207745,-0.23514468167253522,-0.2610105688837279,0.033725722291406725,-0.1860307548831153,-0.12479282652883046,-0.18058803152421662,0.4997338541457523,0.016311806173197392,-0.49973385414575244,-0.016311806173197392,0.7271835977489353,0.376415384181221,-0.7995393135433269,0.16535353421785706,0.7297960486795833,0.6702000687959024,-0.14745079161688573,-0.05651858498373912,0.7319992301161814,0.7619208982027477,0.031473752454697496,-0.10377705590511542,0.6585794037610664,0.755402943933011,0.04757106039501311,-0.12589838177753773,0.6409962223801186,0.7327361546106347,0.008863489385374375,-0.10929863027293601,0.717992021187105,0.6764492246145188,0.6080930883164966,0.6977408523412968,0.5639652643212305,0.7409494241253713,0.5512002831180607,0.7858628103818738,0.5663462172562092,0.8173436953537934,0.6971730034878544,0.7744030314682677,0.6438129130100174,0.8283188652431546,0.5895242627389714,0.8187629393016739,0.5819683814861306,0.8021042629019343,0.7495156484232927,0.7774126538831571,0.6915026852611715,0.8337991773418358,0.6307186594870693,0.825905319349358,0.6205386733942422,0.8091213718879146,0.7741221866574877,0.7746477849999613,0.7253405023585017,0.8271498665678245,0.6659073424482057,0.8231643469601603,0.6517365837406192,0.8090237079559228,0.7805122819287252,0.7705683120960193,0.7381625679650402,0.8145172299177458,0.6928438724545103,0.8155747610962282,0.6777702320590369,0.8048099100391349,-0.17566036307548305,-0.047211939549523074,-0.21072845770355128,-0.09938819019534226,-0.21021361169185215,-0.1466814297733585,-0.23147162623015943,-0.1838583260980126,-0.2683480520445335,-0.21274451194057933,0.05595170263839697,-0.15092598886021522,0.09211921522200624,-0.17654002481112904,0.042917496377124296,-0.1683309483147491,0.007962780460245433,-0.15294539102847368,0.10940956744034355,-0.11863009986007855,0.14950029946932772,-0.14990593510244402,0.10451216018384246,-0.14778385964397991,0.06487010366438241,-0.1345474654568806,0.1286146174581845,-0.08845762214726301,0.16731181846375112,-0.11998288632232174,0.12875219284554246,-0.11924280002916979,0.09354405378152753,-0.10960768912155285,0.12698771196217043,-0.062248697078685016,0.16566555562680238,-0.0904281181368113,0.14211349866383555,-0.09296882751652585,0.11451111563415191,-0.08758154105519395
-0.042991420999841656,-0.25813135294695433,0.025594579684418396,-0.3087806447368261,0.059150438315523225,-0.3076467383808323,0.09287584696354483,-0.30572948112725007,-0.10410049358842559,-0.3101313308563319,-0.147691278352096,-0.31001804478012124,-0.1886335988118239,-0.3098567016002288,0.15490086576143738,-0.27626259440098805,-0.23594211164636555,-0.28029424357112176,0.03492567034103883,-0.19913090277651865,-0.127121882049967,-0.1912454358274488,0.499718585424788,0.016773055209141605,-0.49971858542478786,-0.016773055209141605,0.7296107902065893,0.40682373153225937,-0.7828788426170525,0.1717755929063414,0.7324629520790161,0.7253310134088371,-0.1474988643223903,-0.07617678289900934,0.7347818182765181,0.8245802329688102,0.030591900644196326,-0.14445703968282958,0.6611739499867152,0.817531643281346,0.04748553572143905,-0.16900380394051234,0.6435656907868004,0.792984637732766,0.008293351513385524,-0.14451454734664965,0.7201254911866553,0.7321346124053979,0.6088369379931377,0.7543433483000233,0.5631425650744603,0.8015741110894123,0.5509389229928824,0.850594126311447,0.5662255445998056,0.8837418654585403,0.6975597993263302,0.8373898841165612,0.645973835510431,0.8965449213217693,0.5900306441144382,0.8875053600116444,0.580222081606326,0.8701875906021929,0.7498985929312939,0.8408043111717924,0.6933627188141706,0.9029796669668911,0.6303142632533375,0.8957983672859958,0.61651508919704,0.8779923859613166,0.7735805633034605,0.8382643223278228,0.726522663803906,0.8958636766888237,0.66464413305332,0.8928724738671888,0.6467702158000462,0.8780486871706509,0.7792613301866528,0.834147256180099,0.7379150788343174,0.8819107892703891,0.6907928433680404,0.8841848755457026,0.6726291173292837,0.8732484460628043,-0.1786763707313774,-0.06862831890295508,-0.2240752930951829,-0.12917033640011477,-0.23717637242333547,-0.18483208464187406,-0.26652277824098797,-0.2306595397886045,-0.301552623358912,-0.268086613211753,0.016303080391934913,-0.18585306685800296,0.11591703110715462,-0.21842617173354004,0.09506079537185344,-0.2271677387856882,0.05655086934629017,-0.22494323778973854,0.07827395799937023,-0.15051283797398166,0.15826118279256227,-0.1902718270574598,0.12676833116822422,-0.2008995650526077,0.08801838249758062,-0.19689071787225443,0.10368557609227051,-0.11967827422753975,0.17648865092757934,-0.15577402512567848,0.1492784961403471,-0.16715089092616942,0.11387520548020102,-0.16674226479185061,0.10933269031594635,-0.095429061861189,0.16660763622309638,-0.1280113760059672,0.14988216546502547,-0.13841813175447779,0.12349570900866279,-0.13930563988933475
-0.060512181918324755,-0.24451594667134285,0.01262827213957277,-0.29293680612381334,0.051534442224274224,-0.29191158805681905,0.08576962554029337,-0.28985789569055537,-0.12137870490891003,-0.2937996124652297,-0.1656434593139642,-0.2936804457893395,-0.2064815177094419,-0.2934033804115508,0.15155255596325842,-0.26192639225029446,-0.24032278886898886,-0.26530598050590876,0.024407764508197795,-0.1886968132362111,-0.14606506583827614,-0.18106336692257452,0.49974122397167753,0.01608443543583695,-0.4997412239716775,-0.01608443543583695,0.7372168933170209,0.38535751371394655,-0.7741454085339532,0.1571568712509706,0.7403438083855985,0.6871975253580171,-0.14979553986806476,-0.07795292483082598,0.743018254087229,0.7811180801932467,0.0244414399005701,-0.14711499367603073,0.6683716006547733,0.7745065957143293,0.03471793055800765,-0.168824199042271,0.6504574910365297,0.7514121015437335,-0.0021712134286736746,-0.1462994883929256,0.7271156745830872,0.6934491866493951,0.6130646151419903,0.7146760126238729,0.5677459308753645,0.7587755281283636,0.555557437376237,0.8052838176554495,0.5683872622351412,0.8375917353579561,0.7005426922650355,0.7952988003704119,0.6494018624162928,0.8505531393653228,0.595397325165169,0.840985986179955,0.5861772625438111,0.8241265484203638,0.7553906132301692,0.7976710131885156,0.6991215307507409,0.8555568448767172,0.6382590048393688,0.8476908540686782,0.6264268509521084,0.8303922248401304,0.7817821281519363,0.7940170254762735,0.7347840710538357,0.8480154870968941,0.6754390362657993,0.8443636321215807,0.6598576220764477,0.8299154057982177,0.7895708367070052,0.7890142339949914,0.7490914162439424,0.8343007699386461,0.7034539649100551,0.8361032373200873,0.6868530956673468,0.8254681922868575,-0.18087263089764236,-0.08043779186026975,-0.23546004222504788,-0.14008286492251876,-0.2517157636776861,-0.19259020066869792,-0.28295473641540303,-0.2363345012207988,-0.33028165320577935,-0.2705293960055455,-0.0034790577472710023,-0.19797025807882884,0.1056486992998033,-0.23630308143568873,0.07190155935573,-0.2386484065346558,0.02948915138510716,-0.22720707268861978,0.06797722698409564,-0.16509906931962204,0.15552655204411836,-0.20870836000721968,0.11419885144500935,-0.21260772672002443,0.07293620331009706,-0.2034706247024903,0.0993141281625389,-0.13402596821423507,0.15612001838031553,-0.17227237764089526,0.1194075452948628,-0.1772037986042425,0.08339885793189485,-0.17244973756726806,0.10954894926917758,-0.10659085929412512,0.1420616912251983,-0.1380417975971811,0.11543904519792128,-0.14392731365940992,0.08691219063342003,-0.14235933308635976
-0.10208479371023936,-0.29638810137492927,-0.01981253317768948,-0.35548507931200174,0.023466540939762946,-0.3540274153594709,0.06197523836797327,-0.35176463263271573,-0.15236994654439845,-0.35627402233142597,-0.1932431342117774,-0.35588077381030786,-0.2301802066057311,-0.35530645375150555,0.12678310190337305,-0.31775560428346056,-0.25439484351490876,-0.3215705902885898,-0.011480855796227705,-0.2292649954241624,-0.17949969440421343,-0.21992357779048605,0.49960667868384495,0.019828429451100485,-0.49960667868384495,-0.019828429451100485,0.7430914230486818,0.4668575740128165,-0.7938894289401627,0.18146723218248118,0.7464352147611341,0.8338875272008117,-0.16362429862861325,-0.1002127930061677,0.750237942243866,0.9470423085624715,0.011578366870804071,-0.18853416793436148,0.6727213397477921,0.939247117715738,0.016003775135838713,-0.21358351261806943,0.6535582671234104,0.9116714478008923,-0.019182493069003454,-0.1860606850405878,0.7332657001985851,0.8402267616639946,0.615240503329695,0.8659137679855724,0.5687577713396682,0.919635918729243,0.5567880314032967,0.9758457667246856,0.569311765075729,1.0152998402728446,0.7055333052782881,0.9639850848883577,0.651816764305144,1.0303231244627908,0.5971670198614775,1.0175028811605447,0.5900959337617201,0.996197589143513,0.7617949466255856,0.9671596863753511,0.7029663313507175,1.036633930209977,0.6412636946975183,1.0263327665083306,0.6316571162330519,1.004821458601348,0.7890226144114422,0.9629234384877238,0.7398001687495753,1.0280730100518491,0.6792983288512178,1.022762378222005,0.6656827573395601,1.0045966133021005,0.7978172138649736,0.9569654072617707,0.7551104295866733,1.0120344145763027,0.7089171644343818,1.0131577180622804,0.6940302692900443,0.9992027259468372,-0.20113325201025337,-0.10657177988890686,-0.2576236457526255,-0.18066868985635673,-0.27362036820068025,-0.24635051528670135,-0.30713412727209743,-0.2986405233115201,-0.3546131280712357,-0.3391653810618831,-0.025476863596744857,-0.25510383693345035,0.09755339070271517,-0.30327717304977764,0.0888647859916732,-0.31260405327186475,0.059727884073735485,-0.3056954137795121,0.054119975156950474,-0.21580865960148793,0.1642505568612416,-0.2712198268192672,0.14284391181868045,-0.28366223587173106,0.10679568251121847,-0.2797881310594721,0.09176691590827359,-0.177172234691828,0.15488203216269492,-0.22751330655342442,0.12452092674350268,-0.24087498767397317,0.08999863331900203,-0.24094864389269216,0.10392063900422259,-0.14396098718523306,0.13597193638273242,-0.18645674874299778,0.1068760218242338,-0.19819093202324264,0.07430568750998284,-0.19858602656488
-0.11161855660206063,-0.26227022074339873,-0.030379151759964567,-0.3152306767877834,0.0142312705559862,-0.31473246851782427,0.053719228630193586,-0.3134909620363492,-0.1617870622407401,-0.31474133234594015,-0.2019326207436569,-0.31447556013877953,-0.23785919454120438,-0.313978003920544,0.11655251696151384,-0.2829305203545821,-0.2595729876444436,-0.28403623706464587,-0.019669762071426324,-0.20371349002915326,-0.18652557009783624,-0.19446438085121548,0.4996894389203787,0.017620006567451618,-0.49968943892037887,-0.017620006567451618,0.7442514915907753,0.41232615030593545,-0.8014490803833527,0.1553876953754512,0.7482417994553343,0.7368856292182338,-0.16952664021873323,-0.09331159699027528,0.7524859180116756,0.8364624040635619,0.003653318547120976,-0.17556796265846708,0.6737910065577342,0.8297356754713784,0.005492725009443057,-0.19833557118018738,0.6540969861998165,0.805586124828242,-0.028927980889090762,-0.17367252980482326,0.7350047066151515,0.7415248142177479,0.6152334601116424,0.7643182602890103,0.5683532656392676,0.8118384857916056,0.5557515235892287,0.8617243549469275,0.5698549102272571,0.8969796505440994,0.7064324624241414,0.8507728202254912,0.6532102968999528,0.9099215731514091,0.5981572745430763,0.8981396505601416,0.5921218540670518,0.8791830398426709,0.7642792565271731,0.8532571372918882,0.7054372031286854,0.9156302859903347,0.6430784707458401,0.9057627872591569,0.6347527796037875,0.8860395267278237,0.7925999561932917,0.8490857994039595,0.7423893204519583,0.9070753673784895,0.6817308312828156,0.9016920283495723,0.6696383587377172,0.8850880202503592,0.8020871608745246,0.8433958330520834,0.7583386030302236,0.8920176999414707,0.7126957356802889,0.892181527936991,0.6995565000467591,0.8791310387177247,-0.21168826319387754,-0.0997316982594999,-0.2620131343480302,-0.16887787122249573,-0.2748814600305094,-0.22420001785603355,-0.31062086904438435,-0.26899336305110316,-0.3599555282747928,-0.3033593416039359,-0.03337028604080143,-0.23632891347064924,0.1056870707802603,-0.2744791557070696,0.08156969866644687,-0.27361526867994546,0.04184441111420907,-0.26187528116514325,0.047343883120531914,-0.1986401608415104,0.15721115625005117,-0.24706490434424808,0.11255705871765745,-0.24836957833643372,0.06260373592602896,-0.23559771896925003,0.08480609400943258,-0.16067722046265503,0.1337564319366588,-0.20213275363854613,0.08725005199369919,-0.20147120641185937,0.0438219507492909,-0.19070880744346025,0.09952495097351642,-0.12933036364915787,0.11360732406401097,-0.161895456848249,0.07076276079401338,-0.16334737227023932,0.03707701402123793,-0.15613523192316975
-0.1142920897114566,-0.3074464073364521,-0.03447027899085948,-0.36976848152800224,0.010528913428035655,-0.3698392401401017,0.05009767945460183,-0.36888649540037094,-0.1663758652166998,-0.3678059048752709,-0.20696307565829544,-0.36714575270291117,-0.24325283381481544,-0.36634448750541354,0.11295149170464701,-0.3326850246840287,-0.2636775372185748,-0.3314160298436476,-0.021557315075277934,-0.23986636910024264,-0.18944883475873683,-0.2279532437389433,0.49956365761570004,0.02088425219210718,-0.4995636576157002,-0.02088425219210718,0.7445590306673129,0.481578263560419,-0.803463018278572,0.1755961505400823,0.7490087059610406,0.8603072676379803,-0.17425635717685725,-0.11351930629651409,0.7536004560628435,0.9763150611184853,0.0006172280565104319,-0.20915960419625956,0.6742317935639207,0.9684857728587347,0.0017508234821663755,-0.23525830959292457,0.6541661086438326,0.9404490042935704,-0.0327747010699962,-0.20726010637346773,0.7363176562682764,0.8653895239731586,0.6166297786654394,0.8917992248826803,0.5691846628014001,0.9471807732204874,0.5563397332509099,1.0055587205271208,0.5714984525329118,1.0467799869355012,0.7079109788985913,0.9923993305785207,0.6546807673873708,1.0614829417690137,0.5983599110351774,1.0485734894986358,0.5911667007814306,1.0266128314305314,0.7652416847612441,0.9959893790859558,0.7052929502559099,1.0688884392014588,0.6415299420766367,1.0577329255390633,0.6320585643464646,1.0344988026644908,0.7930421624760655,0.9918678801424831,0.741953635498819,1.059799571561808,0.6799692548002314,1.05350452783215,0.6669116272498972,1.0336879317951893,0.8022691549678576,0.9858754626274765,0.7576570439138206,1.0427499796383184,0.7110444947093477,1.0427503600609642,0.6973483589472114,1.0270004821064957,-0.21594330119116367,-0.11896001586959973,-0.2604441962511243,-0.19967072214465925,-0.27184290366635266,-0.2628218799396735,-0.30857628316237307,-0.31481814225909166,-0.35811679533938834,-0.35372724737976124,-0.029588994513416452,-0.2752178091911921,0.11198513448237403,-0.3163111584849571,0.07712016297622402,-0.31328851035357796,0.029865481202600356,-0.2986106158618507,0.04580612969435154,-0.23162822160203,0.15926508320437244,-0.28461049186626197,0.11246510294843004,-0.28698618373580403,0.06071290436407401,-0.27347471262861206,0.07733513914354492,-0.1888811750674236,0.14223598842422538,-0.23519853568471957,0.09755594655816409,-0.23677348543790183,0.051505379848898726,-0.22589430127477403,0.08694382824070537,-0.15433741980611793,0.11391142863675903,-0.19146058326373597,0.07282737057916833,-0.19493084619060744,0.03748284481923073,-0.18801376388240554
-0.11748915398910059,-0.2883210595926961,-0.03856724312954318,-0.34712614169382616,0.007059099773683014,-0.34768551005677584,0.04695286908629229,-0.34725966804810315,-0.17136933357016546,-0.34422321776464493,-0.2124799953642057,-0.3433443788627826,-0.24917368798724948,-0.34233662103377027,0.11056506801496419,-0.3131717853841889,-0.26714477362784483,-0.3096050135609735,-0.023628767139013834,-0.2256293789998048,-0.19280906726429373,-0.21358716707297387,0.49958912846986814,0.02026580160560161,-0.49958912846986814,-0.02026580160560161,0.7441904461948091,0.45170207261840184,-0.807525648399141,0.16247869182616675,0.7495751876238821,0.8066890637016751,-0.1781817055067724,-0.10745025319260573,0.7545935819019504,0.914856317136042,-0.001935440499357912,-0.19492040977769276,0.6747093076576421,0.9075691925853752,-0.0006341903974088182,-0.21948418411738715,0.6543750644577999,0.8814933808563252,-0.03557520002941807,-0.19380274144069254,0.7405544351185714,0.8106080922481425,0.6209488514073002,0.836093619110477,0.573808232006538,0.8866382075996156,0.5609222154094267,0.9407976899286303,0.573203894429214,0.9810763075517835,0.7103976779597158,0.9301063222160134,0.653863509861366,0.9942078755097903,0.6005509499290891,0.9776893366770344,0.6007036465837382,0.9545405544017002,0.7665303412304457,0.9336816856666252,0.7056925822673444,1.001524202690364,0.6448086398473875,0.9879579785152675,0.6430166385079485,0.9646859753869115,0.794447824832566,0.9300714215119784,0.7410726467898673,0.9937107185421072,0.6822478208381907,0.9847024194750993,0.6772733216474941,0.9647721587581001,0.8042776199672097,0.9248126332861245,0.7572882409859706,0.9785803730188274,0.7130305510676721,0.9760596874763771,0.7061036566400783,0.9594978788932103,-0.21618288923944848,-0.10937784934748075,-0.25580767112091135,-0.18290326047378497,-0.2687874068500655,-0.2422288037754583,-0.3058299718026007,-0.2908636025913725,-0.35461499271109376,-0.32746362368654486,-0.021389077515099643,-0.25487487801126313,0.11329030803663191,-0.29182653260282954,0.07156033024682784,-0.2786885097952244,0.02236745948623724,-0.2624250488121125,0.05437394730560143,-0.2144576369284605,0.1642793408084505,-0.2593371823128883,0.11287195248826756,-0.25443479081727005,0.06006990698447699,-0.23856605501614644,0.08654280534152388,-0.17318568472643198,0.14300894645612672,-0.20948232789048327,0.09386309128674933,-0.20656402361277637,0.04591915018036329,-0.19461173441828067,0.09945232973424181,-0.13799958730672068,0.11965187118492165,-0.16493629790737008,0.07470402983365525,-0.16528713011208981,0.03939230434526325,-0.15793447770894908
-0.11859420455085497,-0.2771624936965662,-0.039671019285883166,-0.33355008456334845,0.005978046274612835,-0.33420779308497905,0.045850252818664915,-0.3338164584351126,-0.17299183910550792,-0.3304273881244935,-0.2144178495750142,-0.32963560710135725,-0.25147416457769584,-0.3286837840980695,0.10973059691192849,-0.3008263435596301,-0.2691330658824533,-0.297179477627383,-0.02454036076250139,-0.21714372101159166,-0.19475646234135893,-0.20525674163888757,0.49959864995859915,0.02002970193350615,-0.4995986499585992,-0.02002970193350615,0.7447684256329565,0.43382605166387184,-0.8100091043080234,0.15508345282780442,0.7497950824990588,0.7737498400951502,-0.1830409809920271,-0.10220993572760498,0.7549742203249551,0.8768387263777474,-0.009588987307441291,-0.18433251173098789,0.6743495477972732,0.8697511285836882,-0.0055218549489359685,-0.2077214734889436,0.6538547300918561,0.8447644357294839,-0.04197658980381112,-0.1830638696237922,0.7401520697899944,0.7763385084546356,0.6217000208808625,0.8014486256839327,0.5757838529003715,0.8496056416122751,0.5610906123970834,0.9015440867697759,0.5776951840010477,0.9387777894352332,0.7127501357758693,0.8896593266458633,0.6586166833492321,0.9521356186223218,0.6020700267859885,0.940167380601562,0.5958416697702633,0.9202458670466384,0.7693378850191122,0.8935477919513471,0.711945595335478,0.9601343034009874,0.6479392615025211,0.9498084801973347,0.639882175930687,0.9293126933397658,0.797801136575553,0.8904166026180789,0.7477821669559479,0.9523394480882427,0.6855407324401168,0.9466458799580952,0.6737519309028677,0.9293183268174672,0.806938521587571,0.8856660445128456,0.7629735258340494,0.9378412664452479,0.7151917084631348,0.9387987869430291,0.7016619957214504,0.9254243987457275,-0.2106652743811733,-0.1078367556825639,-0.25381415282252673,-0.17771129760602092,-0.2684982152653074,-0.2313714103691997,-0.30307426371199314,-0.2769250340758827,-0.34995840418759394,-0.3121639735007315,-0.01751591129389716,-0.2417801566575017,0.11387042368149855,-0.2775115132468806,0.0820749103840012,-0.26959003271944,0.03771963846662899,-0.25428716000024343,0.05735088411520873,-0.20267916952335938,0.1684402511668082,-0.24541562760076205,0.11974479959083416,-0.24321861397510347,0.0684647853167341,-0.22857537028129934,0.08875966731768763,-0.16333683908314858,0.16164775631830142,-0.20047558350704925,0.11634182506541334,-0.19938093904067428,0.06921988938575602,-0.18831256372697983,0.09976082438957033,-0.12915221354567663,0.1340232543368709,-0.15478120821355562,0.09370820637333434,-0.15698419673980654,0.05844974826869145,-0.1513065474519515
-0.11549222293286356,-0.2601766840578115,-0.037418810641230815,-0.3124451103921476,0.008533090669913656,-0.3129183047379673,0.04784059262303007,-0.3123511284608639,-0.17130002845912815,-0.3096210538884739,-0.21317883979264796,-0.308742986736374,-0.2507237716528293,-0.3076780506181736,0.1127628972153287,-0.2811629428773522,-0.26863277627896487,-0.2777035478147035,-0.02097520950040421,-0.20376781715115752,-0.1935633421114243,-0.19262037761272074,0.49962576920250484,0.01934142571801142,-0.4996257692025049,-0.01934142571801142,0.7442765435818401,0.4052790924982891,-0.8066926840514577,0.14446225233704788,0.7488731929667275,0.721539499026479,-0.1828520024881007,-0.0949410008671951,0.754468180397158,0.817695297477391,-0.011342362647725238,-0.17020979784010032,0.673547972459266,0.810998353283512,-0.0069616828212389105,-0.19238479570744393,0.6530087671397456,0.7876656716136107,-0.04358561708584489,-0.1694494221045964,0.7387634828275211,0.7242121612095822,0.622067583996774,0.7488297337442957,0.5792635015387722,0.7932685156288507,0.5670243232151384,0.8404307628925768,0.579168233113879,0.8756830847182622,0.7154243864473016,0.8299603675149027,0.6627655463307155,0.8876562354504688,0.6065040171134665,0.8781988780984602,0.5986857523274883,0.8606077538725608,0.7711716329419874,0.8337381186557317,0.7137193526459865,0.8952287783025948,0.6496305946552967,0.8870994706434059,0.6387385160289483,0.868763976077629,0.7985732918261839,0.830984394319655,0.7484789859831981,0.8880386131111547,0.6860079150322692,0.8839823203091263,0.6716574049639578,0.86837952806726,0.8065366481301611,0.8266067195437555,0.7629754214288075,0.8746303915332835,0.7142907547305207,0.8762901749483891,0.6981724629486562,0.8642217881307639,-0.21226336651492764,-0.09749433924260625,-0.25258942760158437,-0.16346623096393648,-0.2646087797675599,-0.21410638699420745,-0.2993802955997799,-0.25757345821792316,-0.34651398400221356,-0.2917337900290695,-0.009029236952726966,-0.22311782287602835,0.11681472378083269,-0.25534831008168674,0.07585169842227035,-0.2472315041494298,0.028855596804146195,-0.23307321877005274,0.06290884708282297,-0.18699495882305248,0.16840611976248368,-0.22567446584804893,0.1163419255583872,-0.22354753987850473,0.06491792683097951,-0.21008540958004118,0.09180915959186986,-0.15064387853194128,0.16724559608331502,-0.18526251409695646,0.12091501841808228,-0.18435454631770382,0.07275401535947047,-0.17385743546623536,0.10092824488404742,-0.11868982282338231,0.13760419112241895,-0.1419264721195254,0.09747898589437187,-0.14404280745415263,0.061896854591261256,-0.13852074689096713
-0.11091024925811868,-0.30678312805013763,-0.0331999884736684,-0.3676925946496435,0.012774561190428257,-0.3680731624754127,0.05120149341909825,-0.3672126171011665,-0.16850675520668337,-0.3646653335737366,-0.21121087891635115,-0.3635662142190001,-0.24955648265140815,-0.3622088306964011,0.11673976321579788,-0.33049666145223133,-0.26812343410172756,-0.32638463942425616,-0.015131942033463911,-0.2403540482607601,-0.19167277569722932,-0.22759059753975958,0.4994516604698789,0.02341022968449339,-0.49945166046987904,-0.02341022968449339,0.7430880848291685,0.4763415519289836,-0.8022899694227837,0.16985719090244364,0.7484030737075376,0.8475326392052945,-0.1830310244815318,-0.11088278799021535,0.7540712844173215,0.9605094154830042,-0.012819859391096596,-0.19812210410015124,0.6732388842020082,0.9526043431084779,-0.008066255799625959,-0.22432286829669124,0.6527211943767184,0.925198221408469,-0.04511331111553604,-0.19760080522021709,0.7441569140973419,0.8502153687722265,0.6275664266761586,0.8781522369005048,0.5828630382432191,0.9312715918869124,0.5703819781529801,0.9874599969810968,0.5832901950688275,1.028763181662275,0.720214888569147,0.9745003927070329,0.6675231884818685,1.0416711518107828,0.6111772252731225,1.0326918651284933,0.6009244201205666,1.013913319400465,0.7750842345699139,0.9794488501529824,0.7174461792372882,1.0507853232920792,0.652548540545207,1.0434979896225745,0.6373068935590911,1.0238435345617445,0.8009050420209837,0.9768508679008218,0.7515156328292939,1.042568388282401,0.6880156779288558,1.0398937031625668,0.6696154446837532,1.0235335427282433,0.8071314098700322,0.9723938700484797,0.7645985862525455,1.0275161052819983,0.714949467377026,1.0311392868386768,0.6948907993185047,1.0191032973395044,-0.20979944946381554,-0.11260752680192646,-0.25102497742340574,-0.19051954035252364,-0.26398703151108155,-0.24941971920926517,-0.29690414053161324,-0.3006316516027825,-0.3438448435423695,-0.3409333961604053,-0.012336470316382943,-0.2589642686102775,0.11844578717336683,-0.2959528702147641,0.0746429477964642,-0.28729349061472376,0.02394155692611893,-0.2701035361082856,0.06022187511210279,-0.21634951166191865,0.17150008113357776,-0.2640870847700611,0.11646110118134431,-0.2619425848380011,0.06340055919345494,-0.2448555244223448,0.09058406148116945,-0.174015749121477,0.1718600716616445,-0.21784156951833886,0.12388833995016843,-0.21606449503045277,0.07617965020395019,-0.20214788217203467,0.10146802156303159,-0.13700296740565662,0.14019360951472587,-0.16654222391769816,0.09833651009065088,-0.16769576021544588,0.06412762134762374,-0.15927930420973338
-0.11026462848246134,-0.2965959678364614,-0.03277262111414399,-0.35540033630483614,0.013420905940164242,-0.3556661134011911,0.05182913339946496,-0.3546865601304591,-0.16792839076696842,-0.3525396070537847,-0.21063787836912884,-0.35144552974102317,-0.2490651545338682,-0.3501087834374287,0.11747669736243245,-0.3188444427975547,-0.267859564959654,-0.31541495598156005,-0.014761185345794953,-0.23244411720520286,-0.19118352918660986,-0.22022419862353496,0.49948016487172936,0.022793966300535345,-0.4994801648717295,-0.022793966300535345,0.7426284584041797,0.4599941725819714,-0.7974631756571615,0.16399095137014452,0.7483711746831976,0.8185464047851492,-0.18294543249510545,-0.10689454973923283,0.7540437334350797,0.9277241844345011,-0.01679273498541058,-0.19025879102367413,0.6731920757020433,0.9200634069768943,-0.011465342939731274,-0.21567260208133532,0.6527044123179326,0.893591411841735,-0.04829752422936345,-0.19009398482828013,0.7474270667141799,0.8205835322420312,0.6307026370796515,0.8481077932497555,0.5868481453254306,0.8991731374594208,0.5750131742271569,0.9524534263367881,0.5848718681589734,0.9921681052557876,0.723700082492603,0.9407942915554013,0.6707140785344107,1.005423619346506,0.6132259182503147,0.997259930000981,0.6011198934418627,0.9793124991808662,0.7773772525934942,0.9457814860515452,0.7194912554122005,1.0144684435700366,0.6535569199547852,1.0082573100811256,0.6361978242792511,0.989638547006747,0.8020431402197611,0.9433972174747598,0.7524809068588034,1.0065942493177367,0.688047567753453,1.005140991178089,0.6674891222944881,0.9901712758050162,0.8069731117333887,0.9390123245677038,0.7642532150025731,0.992020827789509,0.7134487562279161,0.996281935341472,0.6919870065842617,0.9852592560646659,-0.20802143979038334,-0.10862307217398322,-0.24604598676745698,-0.18267653142999138,-0.25899192416708927,-0.23885701178748814,-0.29146767693198977,-0.2885669967131581,-0.34014971437387237,-0.3269972444530879,-0.00807040562887092,-0.24916426592442048,0.12302903067834814,-0.28366916259379304,0.07524582149583328,-0.275160771693757,0.022190492740797898,-0.2591345437972509,0.06292495227193987,-0.2086724047194114,0.17335196316142043,-0.2531209247508462,0.1189016029840287,-0.2510510890468519,0.06598992020443363,-0.23446290274450543,0.09259908805932082,-0.16808761414380868,0.1762800510520998,-0.2084799049391006,0.13000637370714707,-0.20644539775615847,0.08216404067387115,-0.19248945733501557,0.10382450058355178,-0.13217685015139186,0.14703612455203402,-0.15780218056399675,0.10576726035573934,-0.15812113115047743,0.07097547646507928,-0.14939259206235073
-0.10215120439673278,-0.3406932310272776,-0.025065713660616367,-0.4080425406971534,0.020096902483780384,-0.40828769526472486,0.05670710157279459,-0.40697138268225697,-0.1626246185157171,-0.4048060234709701,-0.20682280520640806,-0.4035862900721321,-0.24666189540989694,-0.40205419066633663,0.12176937178604569,-0.36542066431789694,-0.2667386471867285,-0.362067764768982,-0.007240647580869645,-0.2670044025719373,-0.18704914499079486,-0.25320073332646936,0.49930917400130653,0.026274488732097683,-0.4993091740013063,-0.026274488732097683,0.742315689622855,0.5276420700023148,-0.7890591495013041,0.18829775934414125,0.7481571095062698,0.9392260547952762,-0.18466616808967284,-0.1223552242403265,0.7537029164413541,1.064648562367551,-0.02320457774769232,-0.2175645697873989,0.6729102149747896,1.0558999295015417,-0.016706494104845346,-0.24683464619338802,0.6525575854780827,1.0255235730211236,-0.05386242419545033,-0.21768359598472267,0.7447493549002192,0.9402267872487334,0.6324480109002416,0.9735493531569842,0.5912032530826438,1.0319373017375415,0.5782920511489299,1.0929324217100005,0.5853381509250833,1.1394053087953955,0.7237105626710213,1.079609989480977,0.6727805856847275,1.1524438614701746,0.6170175551194432,1.1461987186395133,0.6030481294620508,1.1273467523027627,0.7775657159928303,1.0843679269332307,0.7235130026472251,1.1617637786107955,0.6589636406345554,1.1580015969068844,0.6381408972221271,1.139092191098603,0.8031822502665863,1.0804243028553504,0.7583301004266729,1.1514960065085598,0.6947548277426897,1.1533861176385356,0.670461592471649,1.1391915178381815,0.8084222650302428,1.0746411641494928,0.7691377347463376,1.1345907613224633,0.7192931953250656,1.1427397012221656,0.6946245752348873,1.133375823186366,-0.20533082193521474,-0.12352153582020015,-0.24243045468991145,-0.2082733205418653,-0.25569668299656734,-0.27142470168657357,-0.28693318711654914,-0.3266477768583262,-0.3334560798496083,-0.36964189522794993,-0.008839720433836787,-0.2840747603183457,0.12358729793561582,-0.32254536478288387,0.0798703392103551,-0.31274208515800933,0.0287957757082232,-0.2945055713537621,0.06145518979980586,-0.2373917111232162,0.17351607562150348,-0.28732330458188926,0.11917190411250571,-0.28488503011981364,0.06543277316008672,-0.26648459609085484,0.09078059671798537,-0.19098087732971866,0.1802318699950954,-0.23668221960031857,0.1328538186521967,-0.23501429761743764,0.08265913473028468,-0.2200509523989155,0.10083465691954167,-0.1498334794423529,0.14806469404902833,-0.17689571320120717,0.10717080781943454,-0.17871386946973455,0.07041176356002074,-0.17030992527358832
-0.09605149945749765,-0.2755847737375903,-0.018471804190782027,-0.32991519354209226,0.02598149171936607,-0.32992718417095424,0.06170096208153433,-0.32860259700918515,-0.1577059202997006,-0.3274710338169288,-0.20270923023377116,-0.32646566570465363,-0.24307196490658245,-0.3252111356786482,0.126633851247227,-0.2949396611340901,-0.26376595813798087,-0.2928356830962912,-0.0008959705696202887,-0.2159474106044852,-0.18277665167783677,-0.204970367208808,0.4995471861907897,0.021274603847415904,-0.4995471861907897,-0.021274603847415904,0.7417399353739111,0.42660230017522216,-0.7785230799047576,0.15661098710065074,0.7485955633524228,0.7595981629787815,-0.18369806479162495,-0.09707730517445372,0.7534197179466011,0.8610935537108482,-0.027344529481922498,-0.17483724607419607,0.6731997898850953,0.8540182441767548,-0.021026504530178323,-0.19872903525975952,0.6533870808766836,0.8294255482313491,-0.0577873609786337,-0.1749663759234791,0.7461024008739207,0.7612089320727603,0.6320742960121284,0.7880100838431121,0.5900852035871208,0.8358112708300504,0.5787568590838721,0.8850238302995421,0.5880903426443946,0.9219749236257477,0.7266345107364672,0.8726957868183789,0.6716722029852581,0.9332305185534497,0.6150764011584883,0.9254055850891028,0.6032286564242996,0.9074902439604545,0.7792048056359882,0.8767732714358699,0.7217230654622985,0.9405525164100047,0.6569432452615185,0.9360279406520089,0.6395022778094417,0.9187775343966169,0.8030359886732612,0.874419921857962,0.755039146225386,0.9335660884604827,0.6911930467105728,0.9338528573465529,0.6696425912504977,0.9206190602082757,0.8069049101864038,0.8709060806475364,0.7655940787559208,0.9207317553494682,0.7158520432580895,0.9260170233105132,0.6938142493097249,0.9167017301441162,-0.1984427431117611,-0.09762275301184738,-0.23763563787773004,-0.166593311404091,-0.250554141391473,-0.2179740365085415,-0.2819611005171809,-0.26255163096901074,-0.3271308212381059,-0.2969833925506489,-0.0026094121518549303,-0.22872359335804665,0.13173952862687288,-0.2597325754281691,0.09463137110802786,-0.2530966427838439,0.043583078159624616,-0.23919388594583932,0.06644599656884893,-0.19069539777277258,0.1796940702594446,-0.2299177509869847,0.12936758022058512,-0.22898650676222004,0.07599501777996485,-0.2151605570293734,0.09535265689269042,-0.15322032235035285,0.18471576655834107,-0.18875065193223894,0.1396371632415296,-0.18801972667496597,0.09011511266827178,-0.17676643763742972,0.10545469145204137,-0.12041953784560087,0.15323775447392035,-0.1414768849141256,0.11507590329660933,-0.14332570572376327,0.07890539661283036,-0.13697251713903713
-0.08627862583382286,-0.2977424006117575,-0.009488749901053183,-0.3557204183713254,0.03339189650333528,-0.35533079932672823,0.06835570529745542,-0.3535139986443878,-0.14860842784390627,-0.3541091567063986,-0.19446394443319254,-0.35313544935373586,-0.23584637797377703,-0.3518362277201014,0.13205356575154967,-0.31774063699933724,-0.25822246834319984,-0.31684149169835074,0.0069808138294361844,-0.23314172108307396,-0.17371232082059088,-0.22174613528195453,0.499465840984417,0.023105706864953397,-0.4994658409844168,-0.023105706864953397,0.740374897422742,0.46165692016685433,-0.7648752865262602,0.1743054344499977,0.7476697036576575,0.822053719798071,-0.1789987663475596,-0.10381097293451082,0.7519140926627476,0.9319605884645737,-0.02645901809506903,-0.18766199994180988,0.6732014623202233,0.9242711018429076,-0.02059416550537524,-0.21395919853129508,0.6541564218176249,0.8976614095436897,-0.057101761739315325,-0.18831420806769825,0.7479881098171203,0.824089465695738,0.6342538812969241,0.8517039650047068,0.5932189025757406,0.9034612347254904,0.5819176394690798,0.956741049292185,0.5907820997950672,0.9962676926744883,0.7251363604718911,0.9446374529170106,0.6767088570555059,1.0107561858750453,0.6187770016309629,1.0052407263396737,0.6024463171827923,0.987718939086745,0.7778254973275347,0.9486697468950962,0.7254802227008404,1.0175535592115508,0.660121559003642,1.0143360717123853,0.6383588777924881,0.9969309705543219,0.8017312100658537,0.9455605978074931,0.7573551222245811,1.0078680689235946,0.6941789059040754,1.009666631732632,0.6695871110349215,0.9968703591146874,0.8052404524190829,0.9409579392941635,0.7677668599353993,0.9933842939788177,0.7184978691897821,1.000482365385606,0.6934739370120084,0.9918759039002466,-0.19276916554895937,-0.10532621355753152,-0.2294397627439654,-0.17972099399279784,-0.2423591285900761,-0.2357143500470852,-0.27553197972129856,-0.28462560417568544,-0.32305671647989015,-0.3228472415242395,0.003879279169755139,-0.2461838874157037,0.14055240301499486,-0.27946601000894694,0.10177079967056442,-0.27214767771935466,0.04969096615553058,-0.2569989916523586,0.07116695864863827,-0.20485604988940906,0.18585363422030313,-0.24642978113038896,0.13483813128794822,-0.245382691289995,0.08185399143349861,-0.2305280342202084,0.09943007302311402,-0.16449391229130442,0.1910731549194287,-0.20242891560122722,0.14692175794955004,-0.2011495877672034,0.09818693408138146,-0.1887854892315636,0.10960962674531001,-0.12906983767750135,0.1589151592680929,-0.1516437426746429,0.12194227124793591,-0.15358194770762862,0.08589842711859073,-0.14705682680319437
-0.07984226299630114,-0.28671422596745555,-0.003893195987827432,-0.3417654344306055,0.037889282158562104,-0.34108482254983036,0.07274607410755146,-0.33906624821552084,-0.14290849482005563,-0.3411150797399561,-0.189342982733793,-0.3402838814967636,-0.2316792618140079,-0.3390615478572282,0.13553929681710875,-0.30500377918890303,-0.25643717423415363,-0.30531610160085065,0.011827254558633676,-0.22449735408036478,-0.16782564548947987,-0.2137678571368085,0.4995041725579828,0.022261662048575354,-0.4995041725579827,-0.022261662048575354,0.7404763942726531,0.44483970074068885,-0.7587078937648112,0.17016641540470093,0.7484524384911787,0.7923484264516174,-0.1779136701923277,-0.0981236084728215,0.7521084667713992,0.8983131289039671,-0.027404441882753143,-0.17886365231957005,0.6747649642385358,0.8908791296768452,-0.021023033045427165,-0.20516086710115816,0.6562814484560401,0.8652229563178475,-0.05770015883311446,-0.18038359515649047,0.743807597005149,0.7954838059162596,0.6337908634167797,0.8215912136713511,0.5929074925557054,0.8702048988654201,0.5804269003569451,0.9219523894506563,0.5903238391606587,0.9605546175512324,0.7249752931345231,0.9102879803116269,0.6760357981121992,0.9738359499429318,0.6187087995236964,0.9684463223654,0.6028593199135113,0.9517139213288454,0.7770522424857187,0.9145657873248295,0.7241789994841114,0.9806527374709003,0.6596423483539963,0.9771847038119285,0.6381203005248172,0.9605182389642605,0.8005949264144251,0.9119603459300187,0.7557663383239585,0.9715586154190792,0.6929326660269639,0.9730676271902028,0.6679626748838241,0.9606880640024803,0.8039767167322223,0.9080066231555611,0.7659045409960323,0.9580138880659389,0.7165802116709504,0.964682887584334,0.6911371139608224,0.9564716458547928,-0.1924391682430772,-0.1006185149302946,-0.22677953672511364,-0.172480259688315,-0.24004689900053439,-0.22731372132079167,-0.2757824198350924,-0.2760093895083369,-0.3235768331188742,-0.31383529331602067,0.004342340014410057,-0.23506463400749586,0.14350561265384584,-0.2675622991031629,0.10097169381729156,-0.2615360462536226,0.049101805392167255,-0.2475115762847901,0.07215499811087245,-0.1961746565308835,0.1884835058037645,-0.23689917291804963,0.13572649136352757,-0.23673979797873157,0.08323838987673465,-0.223070893718139,0.10059658789632225,-0.15794255431818882,0.19365429433049824,-0.19476450531882664,0.14955256996567742,-0.19417523342385004,0.10069581739056718,-0.1828860221872318,0.11077155361115562,-0.12476624493359009,0.16050488458743897,-0.14635260759936763,0.12372402352867827,-0.1488233782635613,0.08794549300621228,-0.14340331859885105
-0.07765440183239786,-0.30319353823704964,-0.0022453949540788263,-0.36121632052129904,0.039181548470244666,-0.36044769919799274,0.07415400464026892,-0.35829287263620946,-0.14094222565998618,-0.3606966149509903,-0.18751472942225028,-0.3598389481502299,-0.23020035874386333,-0.35855184675916096,0.13704470953708886,-0.32227507533376937,-0.25611858515146363,-0.3227732305574182,0.013762150917964195,-0.23740398326934758,-0.165356905154752,-0.22613782274951294,0.4994506774640351,0.023431192473206495,-0.49945067746403493,-0.023431192473206495,0.7410352827630373,0.47052194480384796,-0.7558897409693164,0.18184783701545296,0.7489868705265021,0.8382367122414447,-0.17789843465423225,-0.10308659194676428,0.752266964431349,0.9502557841425969,-0.029225129165799342,-0.18864322551094195,0.6757391483829651,0.9423718719138879,-0.022600886614889557,-0.21676235830874058,0.657723803577777,0.9152393380337763,-0.05937209405622956,-0.1905452517078834,0.7447805409707113,0.841803340859036,0.6327690587089849,0.8688803802842293,0.5914600947041863,0.9203213352336665,0.579626134750252,0.975389962701105,0.5891715190779135,1.017132521727525,0.7251216702015961,0.9630552102064418,0.6751286841879216,1.0299835576344438,0.6187955066802333,1.0236618143116816,0.6041042550430278,1.0056124278310608,0.7774417056158203,0.9675646896130928,0.7237267912363207,1.0369470018375768,0.6601801903471728,1.0329005311664596,0.6400651597755932,1.015334871351209,0.8007048323028392,0.9648783880320203,0.7554604923440724,1.0277772830884135,0.6935917982384182,1.02894396151231,0.6701976970006694,1.0158097189037922,0.8037463069480745,0.9609081297456574,0.7650584711397617,1.0138907206527217,0.7164184113055818,1.0203967055658123,0.6921868915341025,1.01143879065292,-0.19399561623443107,-0.10463044768258799,-0.2280504319584026,-0.1808388553342823,-0.2404432848780306,-0.24003636273839132,-0.27518223798183117,-0.2911539237517929,-0.3227565947333127,-0.33018747471600307,0.003038200281467172,-0.24671590655923864,0.13860709267388388,-0.2810382095277911,0.10924198445699165,-0.2765046362786297,0.06440417722482683,-0.2628531853502745,0.07054995337010073,-0.2055792544897668,0.18846327167636606,-0.24962705317348802,0.14150920221123298,-0.25094167056512057,0.09019419182612647,-0.2372209903042549,0.09963029426302282,-0.1656527977459231,0.19073179182455835,-0.20474660643909864,0.14954991406351492,-0.20633661506326262,0.1015341321465259,-0.19564486839721018,0.11070296464083863,-0.13087923236812762,0.16006624957233112,-0.15531482822997403,0.12659478221844747,-0.16009461187745574,0.09107878166289345,-0.15592129013147152
-0.07579897279442825,-0.26364744691714526,-0.001461597566019508,-0.3140406401290129,0.039635363349923715,-0.3133675249946628,0.07447068420406255,-0.3114915752983238,-0.13981476012318783,-0.31360236814575204,-0.18658230689930097,-0.31285300993648724,-0.22969943509687696,-0.31172706202060724,0.13744502708317363,-0.28015114639841054,-0.2566535906018424,-0.2805196311302986,0.01609616497607606,-0.2063745178623125,-0.16372936883077335,-0.19657156098562117,0.49958422245166273,0.020386384607567833,-0.49958422245166256,-0.020386384607567833,0.7411210859767159,0.4094873163543412,-0.7550797615573364,0.1583183729958396,0.747021412745886,0.7293480724666431,-0.1784035713998749,-0.08945327869799682,0.7501027399042178,0.826841868214372,-0.029287215807615716,-0.16361138405946615,0.6740769886224705,0.819916720379015,-0.022735769183412635,-0.18811929915278983,0.6564123745949082,0.7963007145144749,-0.05989924702155694,-0.16524227391200777,0.7427042449841361,0.7324467068739927,0.631648980999424,0.7559639245602207,0.5897000684689571,0.8007791655622227,0.5768917829491226,0.8484629642696423,0.5882517507242669,0.884286550331661,0.7220796609346993,0.8375553978844792,0.6725941433423238,0.8954175968140156,0.6170752964625396,0.891686331922752,0.601020196780113,0.8770233667265424,0.7744156410992167,0.8413880252388316,0.7218516566177188,0.9018661801800559,0.6583598093166442,0.8996222083186246,0.6355979912529313,0.8850498257680007,0.7980610780437005,0.8388817981157575,0.7545555661484724,0.8936250901453265,0.6924168304884021,0.8959860310713065,0.6662931745788895,0.885522207024555,0.8016186400254027,0.8351302607318762,0.7640083472757566,0.8810448822263971,0.715254037076278,0.8878667368850824,0.6889007424102368,0.8812535601861214,-0.19498138528032494,-0.08789929560316397,-0.23305820836852376,-0.15422340993344497,-0.24531313394880513,-0.2068591671947565,-0.2790735043425564,-0.25173486366581516,-0.32563889137704577,-0.2849406032257631,-0.003738576161670611,-0.21231604757371023,0.1344551263870718,-0.2418072550934442,0.10524942825192497,-0.2374263855280193,0.0594144313905584,-0.22580529980446926,0.06445984412352389,-0.17722416173631497,0.18518751704981595,-0.21587958172248128,0.13902553012632804,-0.2159239076884829,0.08810977577676513,-0.2035464246957313,0.09599206480312791,-0.14351627575208034,0.1905137469276646,-0.17862481399412594,0.14834081402661606,-0.17881024294445932,0.1002183168650067,-0.16868944234422475,0.11030812080621996,-0.1144078322001061,0.16179500962542342,-0.13895210906590294,0.12711444976600939,-0.1425092477259315,0.09141154796916671,-0.13779223288112785
-0.07503771584137886,-0.28539128414718146,-0.00042181319105452295,-0.3400557409336151,0.040554908214881426,-0.3392165407601267,0.07551996291363254,-0.3371342481010248,-0.13885273244640317,-0.3403460775287369,-0.18580725718643004,-0.33971117694095776,-0.22896918613804432,-0.3386086334630869,0.138503694908067,-0.30340051592961675,-0.25648725670136274,-0.3050048325005499,0.01654200276112417,-0.2224497167773639,-0.16306269825202063,-0.2120166894985794,0.4995072437196665,0.02219264453781329,-0.4995072437196665,-0.02219264453781329,0.7408390599907466,0.44614686072936505,-0.754246660778444,0.1784383931457028,0.746295346979568,0.794281411169708,-0.17804856682155396,-0.09625247033008234,0.749297967392641,0.9002812835722692,-0.028574006014990924,-0.1766940967686161,0.6735943568788407,0.8926228075466407,-0.022036641039955722,-0.20443234103373228,0.6561333001319841,0.8669295732365477,-0.05941527705654589,-0.17947145024497946,0.7421048565573011,0.7976228872054966,0.6298642984448969,0.8239960109212677,0.5887406997580713,0.873084831650395,0.5769709336494594,0.9247012577125324,0.5876772674451864,0.9630719249515296,0.7218837309070626,0.9123107023844786,0.6708395918772686,0.9753078325863289,0.6149113752654518,0.9692471492057291,0.600562892896112,0.952199123768145,0.7748244228263425,0.916274972528096,0.7191815969311429,0.9823713615972516,0.6556486051050486,0.9781641737293488,0.6362202087791664,0.9613285918386704,0.7990179669359714,0.9132879777280344,0.7527557033802479,0.9739002408414978,0.6904585206758602,0.9748794427135087,0.6670269024608454,0.9621858970011624,0.8033065795417214,0.9089156338298499,0.7636717452936898,0.9594990903621858,0.7146928640301808,0.9657294833857796,0.690610905854783,0.9573214126521908,-0.19527563990010466,-0.08646903341854666,-0.23708558388075351,-0.15800589505999266,-0.24651010740638468,-0.21802316737401256,-0.27987175178875884,-0.27016172643220304,-0.323790098736954,-0.3087915117484028,-0.0021813826164883625,-0.223610275032574,0.12386533390519372,-0.25417587494440924,0.1305972092792959,-0.2578595724893929,0.11458289374920086,-0.25105577454199957,0.0669358018305351,-0.18719608500914345,0.1861743483905421,-0.22967463633113352,0.15363378880758508,-0.23623639224899387,0.11071104542797476,-0.22741722661394245,0.09984671655717964,-0.1520024821161925,0.19192112600156722,-0.190845718028263,0.15633510679861112,-0.1973651341048501,0.11268246493146947,-0.19074921646656062,0.1145891156340163,-0.1219261328624617,0.1670319547699476,-0.15060237756149344,0.14053202935790632,-0.1584675613334,0.10829032424231476,-0.15689341244668328
-0.0666417309342939,-0.26265463197940536,0.004436865970542277,-0.31301218005580383,0.04454451975829209,-0.31224747197230357,0.07934178817794359,-0.31031090712973886,-0.13353487886458695,-0.31349903081434044,-0.18100106898219567,-0.3129721170943705,-0.22502602066041355,-0.31185959792050205,0.14116765140145734,-0.2793091178814546,-0.2556787118479131,-0.2808879820361185,0.022282908844285125,-0.20415689562531433,-0.1544946791450134,-0.19450989597498164,0.49960279171910055,0.019926126228671587,-0.4996027917191007,-0.019926126228671587,0.7366771529566485,0.411115413317372,-0.7512894600831405,0.16906198360392918,0.7415777052949636,0.7322686696963611,-0.1752436299156848,-0.08726835166759771,0.7445620524205275,0.829800607146175,-0.01756044777058278,-0.16013078898644034,0.6699610821038119,0.8226329497801333,-0.008734889719413365,-0.18800028031905233,0.6527693927831901,0.7989440940673603,-0.04760959618148242,-0.16521198346731497,0.7411294345719638,0.7352177880463059,0.6293757461655352,0.7585469046031152,0.5879023879533699,0.8039613896384626,0.5766814212581884,0.8517474405278473,0.5847285906670449,0.8871959561181555,0.7185856767911274,0.8416403525808726,0.6673872779390405,0.8994123943045871,0.6116706753064912,0.8929106095952755,0.5978769186336944,0.8767916151253418,0.7705408620991023,0.8452501767774078,0.7160175520744301,0.905484203532601,0.6528902838921982,0.9010380019447318,0.633920115974625,0.8848156712720079,0.7941237560400872,0.8425122517919156,0.7488729563462814,0.8974774239073389,0.6869870532431258,0.8976726324529224,0.6643138851811701,0.8854059793304474,0.7982062650182851,0.8385598034980039,0.7595921032366203,0.8848281039089061,0.7114934660084625,0.8897470686245408,0.6881854167867831,0.8811750076774524,-0.20236208170157852,-0.06728260529380063,-0.23837860592030327,-0.13070899413253795,-0.24137847010935579,-0.18480263032825603,-0.2663003953525503,-0.23070364319650638,-0.3040655810658368,-0.26543510241714,-0.0062034785777671814,-0.19199382089985492,0.11822237692551803,-0.22257374817338865,0.14565593666081453,-0.22786682223568758,0.14505107544091161,-0.22351665065814585,0.05717114985183955,-0.15780875185147492,0.18592788876785374,-0.19465121630543822,0.17821154720931998,-0.20312397762015777,0.14848399754562236,-0.1984439375077714,0.0862271047807624,-0.12480074673800307,0.19491865790675317,-0.15818068145011152,0.1875380122968912,-0.16992548674849556,0.1613647829404906,-0.16976434685726943,0.097197567248385,-0.0967782693864164,0.17732606040332194,-0.1269685061514589,0.1768405690116929,-0.1394836909147854,0.16023457277372333,-0.14238489517382705
-0.06280609598635489,-0.28543994451797067,0.007370557407710737,-0.33986134301786636,0.047228915528941276,-0.33910070196158176,0.0821294003502922,-0.3370600764629372,-0.13025512565212946,-0.3403305003155536,-0.1771875976936482,-0.3397824760583414,-0.2210729581569805,-0.3385370869654725,0.14434412543827968,-0.3036998092163786,-0.25500840976390504,-0.3051923452245939,0.02738650657877695,-0.2222448305232792,-0.1480224301903347,-0.21223444544230594,0.4996572668069204,0.0185098818753086,-0.4996572668069206,-0.0185098818753086,0.7344492010175407,0.4407829356932887,-0.7557074232550621,0.19403472577010314,0.7383897870003697,0.787009366385001,-0.1560583430285617,-0.0944927069152113,0.7412339464739721,0.8918100958066,0.01781389862197662,-0.1703744204685435,0.6673601889795192,0.8836460282148102,0.028175877065231596,-0.20144013104652828,0.6503004878696965,0.8580759987370048,-0.011472858214909835,-0.17827446748615278,0.7391522723972729,0.7897303743384395,0.6273226306185339,0.8145433505869031,0.5854819519658261,0.8633395365617805,0.5744071143623963,0.9147081727102578,0.5809808219730254,0.9533939058490659,0.7152916543485821,0.9053873027344784,0.6633585556504906,0.9675474265059907,0.6074482829905563,0.9578904749954942,0.5962776293536874,0.9384869850229594,0.7669957244266595,0.9090523658063999,0.7107660649885952,0.9737466695974552,0.6485040383144796,0.9665036950317143,0.6341914677836378,0.9472597220194979,0.7913032818212027,0.9057334736734468,0.7429663165300326,0.9653352376462618,0.6822747429440773,0.9628447203933928,0.6641822905371239,0.947841602316407,0.7969331812881038,0.9011083516004368,0.7554785967785788,0.9514148170185922,0.708487907400287,0.9541787919177217,0.6898733182541495,0.9426100722568425,-0.2062119722279948,-0.05406585572206461,-0.23450539575619034,-0.11706361749049499,-0.22359843835480933,-0.173049112837811,-0.22818396327157803,-0.21774186852157093,-0.25952702517209075,-0.25088825779352564,0.009485989453997024,-0.1816633766055053,0.13556260618794325,-0.21865495960631703,0.11329649630753759,-0.2269686721982312,0.07141650073815486,-0.22037881260251876,0.06967311385968407,-0.1457447495602497,0.19112984127668312,-0.1876269538278405,0.1581371870958339,-0.19911843735962334,0.10998275741267166,-0.19297599065588406,0.09532553216239181,-0.11213046416613914,0.2073031430054292,-0.14979803725179056,0.181742700009082,-0.16384009608502484,0.14223324162142897,-0.1618476561894427,0.10157601226781172,-0.08394397383756859,0.19421212582917,-0.11830270070570675,0.18019933415400327,-0.13180388919120875,0.14972003155915528,-0.131713215019381
-0.06300026408601375,-0.23883372471975084,0.007451452885977847,-0.2849949969767265,0.04747887145387133,-0.2845754451485412,0.08236193460820783,-0.28321947709912554,-0.13035115878167777,-0.2848031413452252,-0.17699578039390776,-0.28425411094999326,-0.22049713455313075,-0.28328185416358004,0.1441496814804103,-0.25653118036296535,-0.2543995120062814,-0.25658649792215654,0.02715965795777651,-0.1863924975935191,-0.14738602514227855,-0.18011362880199586,0.4997940776601151,0.01434851685279346,-0.49979407766011497,-0.01434851685279346,0.7342618399974189,0.3658429854331556,-0.7757311818530822,0.17980822374352914,0.7387260619846591,0.6542460762341502,-0.14707233507462805,-0.06405043872132699,0.7409710075912274,0.7415555755541705,0.03822511551812596,-0.11854199959415211,0.6678521165646508,0.7346727389354305,0.04852837897724461,-0.14471180282066792,0.6514106741980075,0.7133113276553928,0.008679432271293912,-0.12954697184259747,0.7406257868209007,0.657092613566668,0.6316425405791349,0.6769962189085433,0.5892495108309699,0.7164917976881592,0.5764811932062163,0.758555877900693,0.5812107986076478,0.790846127380106,0.717337533216074,0.7531464867394679,0.6628563192694721,0.8046251231711085,0.6079282182484014,0.7961490829235156,0.597592211367273,0.7801025016367662,0.7667627181405899,0.7571215312415595,0.705751819061567,0.8099092533671493,0.6443203084936392,0.8030123701430649,0.6314466864067424,0.7871281212747798,0.7893896354687722,0.7553358746384523,0.7364695955444204,0.804127844379845,0.6767296263271158,0.8007004726758193,0.6601319452863141,0.7875857220262046,0.793907621346473,0.7521703200732165,0.7495142110573689,0.7934576374912433,0.7031078887942114,0.7945725324865658,0.6857124405517236,0.7842101924326252,-0.20115850569827717,-0.02309357855480382,-0.21965378931648646,-0.0692879761826302,-0.20151605578182974,-0.11034540714721176,-0.18723891318606378,-0.13825478107837239,-0.2038727736869875,-0.15797864055546737,0.010612709009101393,-0.1221393062607717,0.15510215402283647,-0.14722437125034607,0.1418710829123317,-0.144592877308925,0.09860156026573455,-0.1345500975265688,0.06849014344973117,-0.09610334401352941,0.18827255429815448,-0.12201426251113395,0.17178078407916275,-0.12176413880926737,0.13131547277185887,-0.1150863174638912,0.10154968096596025,-0.07007983545762336,0.20548528616103132,-0.09442535391633503,0.18657313027186248,-0.09483281407909495,0.1471093230143061,-0.08889519091122118,0.11795423645287015,-0.046283039672119386,0.19794762914241645,-0.06858571832059403,0.185348081624936,-0.06982540364741663,0.15388751455019112,-0.06517945272717605
-0.07893546416414489,-0.253494356957606,-0.00811219307629465,-0.30207813262165556,0.032517526569087685,-0.3017942605344201,0.06799675190853449,-0.3006523938906199,-0.14652566471834272,-0.3008449007006142,-0.1929411721185046,-0.29991245473799505,-0.23633331455284276,-0.2987412783106793,0.13282473219001806,-0.274685254507269,-0.2688852688829454,-0.2719226935128057,0.01275740936027779,-0.20073632900316213,-0.16060742903836364,-0.19646416229348457,0.49980319788627975,0.014027237170886301,-0.4998031978862797,-0.014027237170886301,0.7223110324224205,0.38287590409403266,-0.8243916221390358,0.21062291382978263,0.7261626888150124,0.6847451095930379,-0.1784015185769869,-0.006552483053603898,0.7273984429192024,0.7763524583104896,0.019465759852133373,-0.05921069828672348,0.6565394277147698,0.7691806731989768,0.02949001002031808,-0.09088690512678965,0.6407822465307753,0.7467722047201121,-0.011410473839633756,-0.07392644960793951,0.728097934016527,0.6874895987520693,0.6196452213976145,0.7098661757566425,0.5797302828257715,0.7513202326824113,0.5673111768465247,0.794790741968385,0.5714979976184076,0.8268547339494199,0.7071051004471457,0.7890613626798292,0.6503985277309344,0.8413878306482352,0.5957005110955751,0.8331183713644404,0.5846473771636509,0.8171036878885384,0.7548693660141229,0.7931574428921685,0.693045815429905,0.8469518298629648,0.6315566191600135,0.8405671567097998,0.6170811632669764,0.8249319817779669,0.77600416346863,0.7914131311125849,0.72364601948483,0.8411340656313725,0.6631611012553644,0.8387230701749325,0.644633902923367,0.8260413494908224,0.7790315787592791,0.7881808542610563,0.7346132865304584,0.8302365970017921,0.6872461553125991,0.8321863809943112,0.6678062162812267,0.8221238615345157,,,,,,,,,,,,,,,,,,,,,,,,,,,,,,,,,,,,,,,,,,
-0.07538096111925778,-0.27197663732409144,-0.002562193303775483,-0.32225132021719444,0.03661941715041851,-0.32162401415743347,0.07246374290455664,-0.32025632773854107,-0.1439078946948175,-0.32064962527937374,-0.19022972572766644,-0.3191716587526864,-0.23345594168665856,-0.317644663209792,0.136588165435222,-0.29289773465305813,-0.2706497158637916,-0.28949360523012535,0.014168197694368313,-0.21759495516316874,-0.15877062724339966,-0.2137250601373179,0.499793355682211,0.014373643098218102,-0.4997933556822109,-0.014373643098218102,0.7181961906082655,0.40546276748127635,-0.8532212356883365,0.24808971670969848,0.7238846751596959,0.7246177414929001,-0.1932792507347953,0.06598650253084001,0.7250233828170595,0.8219334436443799,0.017913824213681,0.03812909599387628,0.6550143908019542,0.8146632385941528,0.036135269300358874,0.008601486570246567,0.6393174886904196,0.7908610684235192,-0.013273585456189223,0.014633120974889075,0.7247318833599464,0.7279313712721411,0.6192282840794724,0.752202483177124,0.5795018809505764,0.79565083543856,0.5687085172101882,0.841408838313413,0.5737491128850254,0.8740379199775182,0.708569431144576,0.8344498137350534,0.6502125335867914,0.8897561521844106,0.5956503848562793,0.882942184342808,0.5831789788180434,0.8666324680141952,0.75501831308505,0.8390668635269491,0.6924573141336585,0.8954109526662088,0.6314180959819532,0.8902120677594724,0.6152075322057001,0.8750090925199514,0.7742477762319879,0.8379297280661866,0.7219870985966442,0.8894567113375799,0.6621070051932652,0.8883316371354169,0.6419353236208043,0.8758208956320896,0.7758718446359036,0.835412784621639,0.7319995591450574,0.8787217087336645,0.6850210457360422,0.8817624324349937,0.6640866544189991,0.8720370375842488,,,,,,,,,,,,,,,,,,,,,,,,,,,,,,,,,,,,,,,,,,
-0.08238352076321111,-0.29946318149193474,-0.011534345487905776,-0.3524369040423698,0.026698216492000642,-0.3518872619953716,0.061576748785900914,-0.3504267191831585,-0.14784036249658697,-0.3502371070832266,-0.19171424582839275,-0.3481223707476841,-0.23058536972538288,-0.3454426327257634,0.12785301907706828,-0.32155093612018404,-0.27149252677265434,-0.31701596551825906,0.00646830247410904,-0.24361951561978137,-0.16038522135838143,-0.23882557090505546,0.4998753613883927,0.011163470644193457,-0.4998753613883927,-0.011163470644193457,0.7100457545860552,0.41567806883984515,-0.8439079986922047,0.3320896825629482,0.7131777487507994,0.749339180218475,-0.36626862103014257,0.43651599372246497,0.7241142569336805,0.8533120324520763,-0.18526751505788336,0.507772263248303,0.6526899020466048,0.8458368667157655,-0.11730411047465585,0.4583299018698517,0.633486248252598,0.8205738403206337,-0.16329231693822824,0.43729588206019615,0.7076012905991975,0.7586891965017776,0.6136507459321014,0.7839637479228716,0.5838630369613961,0.8329140923841366,0.573832046698041,0.8821667992912371,0.582002045598219,0.916593238240487,0.7095841102563887,0.8693694443597866,0.6638226781780266,0.9289028133966489,0.6083110335252687,0.9245027957641726,0.5884091871094904,0.9108295388595841,0.7515382600573202,0.8727559376502804,0.7001989876587047,0.9324245562565243,0.638511616017502,0.9293178838169692,0.6143722379682869,0.915550223390895,0.7672955750446541,0.8703836466444728,0.7225668204017741,0.9235297784987343,0.6635110978734015,0.9241139956236195,0.6372901738347313,0.9134384318689716,0.7662141268010337,0.8673595137290891,0.731421387689871,0.9102800662982619,0.6872798572712974,0.9146288992566112,0.6622843244686886,0.9071644111178832,,,,,,,,,,,,,,,,,,,,,,,,,,,,,,,,,,,,,,,,,,
-0.08068744992836094,-0.3050888297369294,-0.012345131492136755,-0.3580443395329177,0.025392322771795327,-0.35753022194582323,0.06019140332242638,-0.3560847773623759,-0.14496539234924097,-0.35568655127785326,-0.1866170824504621,-0.3534730235787324,-0.22233141988011862,-0.3504920271795823,0.1275157890034504,-0.3271821993438444,-0.2678327198373498,-0.3223740367521363,0.007199471607925729,-0.25020854640791723,-0.15566378715300358,-0.24521237262903875,0.49994325690588937,0.0075325874924772294,-0.49994325690588953,-0.0075325874924772294,0.7062711655797341,0.4104359005143803,-0.8282017105395146,0.35798929636588267,0.7069331160708325,0.7427071351463851,-0.42080663439474797,0.5273525026218822,0.7228715109621301,0.8473477974268071,-0.31061727691237384,0.6035852974112043,0.656428353001552,0.8400358275241434,-0.22623624131042325,0.5661080617806356,0.6341879933015188,0.8144637636594103,-0.24994063936328736,0.5380073173647241,0.7034825397775304,0.7541434018418517,0.6135657348019483,0.7805212400440271,0.5861527468643629,0.8275532745465919,0.5784615686249754,0.8771431425633222,0.5821202425393308,0.914722159323389,0.7083442964511149,0.8651189012829612,0.6626597097579039,0.9237236451275305,0.6081824592081178,0.9178883066989513,0.5901162122048419,0.9020419763758211,0.7471444019034235,0.8671577442583701,0.6963264136684293,0.9263804631206749,0.6351476744135024,0.9222381999669614,0.6118338761837561,0.9063903441980936,0.7597877543501423,0.8644688919047341,0.7160454774979235,0.9179520364319925,0.6569963555562842,0.9181388187878742,0.6311265458302432,0.9056586387259147,0.7562583323983454,0.8613515587927779,0.7204047401987096,0.9055957564627276,0.674330044016078,0.9095547966339473,0.648718934348632,0.9008417895682003,,,,,,,,,,,,,,,,,,,,,,,,,,,,,,,,,,,,,,,,,,
-0.08036010465518363,-0.2731802395589416,-0.01301618519753986,-0.31981008968579583,0.0247752171956524,-0.31940651785797813,0.05996834602872883,-0.3183798884310627,-0.14340551362967155,-0.31734541753378886,-0.18413684568422858,-0.3153066163909311,-0.21784063642219637,-0.31263701042705894,0.12822040564869325,-0.29263745337623315,-0.26474806708336784,-0.28787621059302626,0.008063692162840447,-0.22518689722446533,-0.1533280582526522,-0.22094224900049106,0.499958527158957,0.006439807531789885,-0.49995852715895683,-0.006439807531789885,0.7019536970375542,0.3660764801216654,-0.7958618933528167,0.3291567265094861,0.7035928223467334,0.6598140390100468,-0.47187877056081373,0.5477858925517726,0.7218654891686287,0.7525210287016221,-0.4138172442140199,0.6220464264153716,0.6574709162502479,0.7461460640977954,-0.33001075843300137,0.5906264086770222,0.6337649070659692,0.7235612722882031,-0.332988747975872,0.5658855895126526,0.7062144419166386,0.6696594574374681,0.6139586624413387,0.6923734827104663,0.5874991973965781,0.7350877813224479,0.5805071655570637,0.7795238858681135,0.5835707898333223,0.813241002028937,0.7091654560280297,0.769021593500674,0.6642830464849125,0.8205209024716179,0.6090760112510517,0.8147568185682076,0.5907711700963371,0.800558479306864,0.7477418925235173,0.7703106105895802,0.696740866565957,0.8212938904919423,0.636061644348382,0.8169417236455546,0.6141642642754523,0.8027390112565111,0.7604727267022423,0.7675611196464325,0.7156093470998781,0.8139958943484344,0.6568476366443518,0.8134341736352646,0.6320112097423605,0.802198552991813,0.7573563286727617,0.765039936128718,0.7212141551139937,0.804103427098863,0.6749364781622733,0.8062806415033585,0.6497651635400225,0.7973412144973396,,,,,,,,,,,,,,,,,,,,,,,,,,,,,,,,,,,,,,,,,,
-0.07443887364699166,-0.27765739543112283,-0.010025651715440906,-0.32455321736392095,0.027348987570608725,-0.32418584046036136,0.06312891479957686,-0.3233086289357593,-0.13918141265686532,-0.3218676128650175,-0.18005720728903488,-0.3197949579641887,-0.21393128069867526,-0.3170817773127445,0.12904587396287295,-0.29715651959166894,-0.26482697971660735,-0.2920545118174215,0.012986754561697579,-0.22948723486410239,-0.147962939425605,-0.22528879424572357,0.49996546482617854,0.005876562017295217,-0.4999654648261787,-0.005876562017295217,0.6988266085159854,0.3697307360489758,-0.7686740534646235,0.3415547735843831,0.7025493062283399,0.664059517625222,-0.5351506171171495,0.5993525905955028,0.7233937411548362,0.7583267833748909,-0.532419603947931,0.6836932805388376,0.6570385112617079,0.7531005112784054,-0.4456888622830896,0.6722928490112255,0.6323196884173288,0.7304866931084653,-0.4204076853347962,0.6425600353787034,0.7073811894461436,0.6767527863126197,0.6164617742627169,0.699741762209243,0.5909389147330767,0.7427480498299257,0.5859392291376553,0.7870944698097726,0.5878178691053435,0.8211581506189333,0.7118375804582936,0.776431080566669,0.663510692194213,0.8285134695132484,0.61054939306538,0.8204307199394598,0.5966801532244356,0.804637937476017,0.7506474802447071,0.7777007278222432,0.6979392601116262,0.8287832047148653,0.6405720678758515,0.8225802104686338,0.6243962330573218,0.8075575769292644,0.7631851080094019,0.774938840743697,0.7162525121007981,0.8221312112048564,0.6613899766653708,0.8195784909596908,0.6424884339050182,0.8074170644175624,0.7600899990489349,0.7725652319955326,0.7221224514789718,0.812547220463698,0.6794301076886307,0.8131336809359916,0.6599666038041709,0.8030370712596338,,,,,,,,,,,,,,,,,,,,,,,,,,,,,,,,,,,,,,,,,,
-0.07486234364924435,-0.28594775189488486,-0.011318995015806832,-0.33365852842203564,0.026363217730219796,-0.33320930721174846,0.06165666975242656,-0.33253296458452714,-0.13963697889484902,-0.33054665943061795,-0.18028472892914033,-0.32825728566902324,-0.21489710624540506,-0.3257101352302603,0.1272718656778603,-0.3056842118069532,-0.26513665838837924,-0.2999388515930276,0.012246307439268697,-0.23669064618689858,-0.1479993568581773,-0.23225332159758902,0.4999775493843371,0.004738154876406554,-0.499977549384337,-0.004738154876406554,0.6960925600473128,0.375942954078268,-0.7393922667733936,0.3694527586271124,0.700367019406453,0.6743459674017402,-0.5792290411385408,0.6501291292904335,0.725038235049847,0.7704961230030907,-0.5810484751651657,0.7485250795247032,0.6564208406473143,0.7663902255701402,-0.5091384354873605,0.7423546330355318,0.6307397758932964,0.7436400129630606,-0.48383917642989477,0.7108428161713818,0.7060246054352595,0.6891699559226996,0.6159121874765423,0.7133860154877145,0.5917103134698855,0.7575121507878378,0.5867626213703292,0.8027318322092251,0.5909978709018391,0.8365243225801605,0.7136969884568598,0.7908082400432116,0.6669208403884889,0.8433935922207249,0.6133268874917245,0.8348412612068524,0.5987500459226673,0.8189693493773202,0.7521708476227466,0.7913029283569316,0.698823720590916,0.8418564304224736,0.6418957560507293,0.834558026065947,0.6269089757337954,0.8190157507363031,0.7642419851570756,0.7878601966552162,0.7168196591293539,0.8344960537811309,0.6622187978590379,0.8312819032706465,0.6435547238577765,0.8185680866185993,0.7610652049224518,0.7849797310853368,0.7238772320537076,0.8240616649618024,0.6814586681790534,0.8239926857603614,0.6618366980887784,0.8134930547617919,,,,,,,,,,,,,,,,,,,,,,,,,,,,,,,,,,,,,,,,,,
-0.07080261908159632,-0.3027954867404493,-0.010324224670253233,-0.35198809934304304,0.027256580441943266,-0.3513403311396109,0.06225768514367636,-0.35087940170670107,-0.13827926064637305,-0.3483858397852904,-0.17986568064537461,-0.34545926339290883,-0.21522607319261644,-0.34305690378397,0.12626876728048048,-0.3216030764543249,-0.26581559974514574,-0.31415951658171143,0.014283133114264518,-0.24960359730914852,-0.1456976703605048,-0.2440683727623809,0.499991053281362,0.002991093210552227,-0.499991053281362,-0.002991093210552227,0.6925691430495539,0.38761791024312137,-0.7193838688172,0.392397435452029,0.6973715034061106,0.6965878036155134,-0.6275486936448399,0.7134867355202283,0.7285157112250813,0.795814468409888,-0.6364807634119427,0.817985518786894,0.6583694740042966,0.7919319305411447,-0.5622727267758876,0.813284357023487,0.6308666099032277,0.7683932284259986,-0.5386607634113308,0.7838704926373413,0.7084342859170704,0.7121092480409862,0.6185873102107118,0.7368754828939846,0.5928133661908044,0.7826952021964896,0.5883660920541491,0.8286302092840416,0.5921766733430114,0.8627076661274181,0.7141518189581619,0.8159395233960355,0.6661788303243245,0.8704893497556176,0.6147984210354482,0.8619022640486619,0.6033785980601185,0.8448190329295289,0.754096966740408,0.8168178067039404,0.7014255835557311,0.8698950130064093,0.645503119273484,0.8630914212720507,0.6320755055313576,0.8471396228629543,0.7679345809719974,0.813454789455368,0.7207673273324665,0.8623463235731653,0.6665323531486516,0.8596148898966626,0.6494663270553255,0.8466815353142563,0.7665408138171605,0.8102580123555838,0.7284998818448875,0.8511763077561803,0.6866675201795426,0.8518918982317598,0.6690705258641623,0.8414953586453641,,,,,,,,,,,,,,,,,,,,,,,,,,,,,,,,,,,,,,,,,,
-0.07006098230594719,-0.2895508960988317,-0.010151750464156005,-0.3362960404940594,0.0276603901290255,-0.33577432655277917,0.06255218151409345,-0.3352683698363736,-0.1378768322000879,-0.3323971607536302,-0.17962453604949044,-0.3293414726807466,-0.2151744809905253,-0.3271605855339721,0.12582950199051657,-0.3065669165578619,-0.26582870877619436,-0.2984688786015321,0.01459784587134641,-0.23789988858868785,-0.14463767803967165,-0.23205890718024194,0.499995941324237,0.002014611448908405,-0.49999594132423697,-0.002014611448908405,0.690394597341252,0.36437162286831015,-0.6991307326346957,0.3792811052524478,0.6968913042203744,0.6559836625819259,-0.6561568643344692,0.6912772675016312,0.7329986808472557,0.7485383021494936,-0.6823424054727455,0.7890620163277471,0.661720748240268,0.7455189827376325,-0.6075346247127039,0.7841900568446915,0.6331644892412833,0.7236795828318032,-0.5790633894027272,0.7576363076280795,0.7076586963959932,0.6704727247615834,0.6204628081407353,0.6949129200510721,0.5960120622717572,0.7382775613769006,0.591943990766268,0.7807980250235186,0.597879463294554,0.8121014682767452,0.7189500763063923,0.7660457735763984,0.6746942711354879,0.8180381686637324,0.622464765001641,0.8117219296328306,0.6084736879567806,0.7966418672306746,0.7580153412701348,0.7669356111803963,0.7080073715243099,0.8178949694311762,0.6518515650361406,0.8126939854402666,0.6365921529607591,0.7984749387626746,0.7711146446227175,0.7644947013805443,0.7261378931713952,0.8111947926273937,0.672245354881908,0.8096892286622248,0.6536608535375513,0.7983689045851781,0.7687310562035815,0.7623370044696565,0.7319536305046106,0.8011611379259199,0.6900117957322556,0.8025012036254969,0.671136536772507,0.7932653082079347,-0.6918715914250722,0.6964281924387872,-0.613796248892058,0.7189514293577128,-0.6064878192939097,0.759524140731004,-0.6345626999068485,0.7999120886877134,-0.6505542712491565,0.8319738507582578,-0.7036409858255642,0.793413361651764,-0.6768323439021905,0.8447742541912896,-0.6176154896012764,0.8497531580164556,-0.5733303356569874,0.839685978918377,-0.7466466405049383,0.7963645704116994,-0.7102159886017889,0.8461803068253602,-0.6504698325855318,0.8507989371576015,-0.6081008317792964,0.8414777896545558,-0.7710959725625739,0.794465056862899,-0.7379831946153421,0.8421296192120702,-0.6820691986188465,0.8444006316173641,-0.6427474000246227,0.8373806836459669,-0.782255965522356,0.7910886495342615,-0.7595796503923798,0.8319718787349281,-0.7155482512080026,0.8375366251831148,-0.6806528521664056,0.833453475031936
-0.0687401443735923,-0.35484972738736914,-0.008697591176978974,-0.41236152465314224,0.029212945036187033,-0.41168993521134856,0.06390630606482642,-0.41105762068343293,-0.13646982564675222,-0.40782813372375054,-0.1783379563015142,-0.40414451753864333,-0.21402908335922635,-0.40175264052691156,0.12640070752400778,-0.3761925265751023,-0.2647133598381078,-0.36622114728988975,0.01566570502097106,-0.29079890025683397,-0.1434176047174552,-0.283735023150626,0.4999964163456409,0.0018930508489201066,-0.49999641634564074,-0.0018930508489201066,0.6889253355380062,0.44581492311072485,-0.6846579520143459,0.46890467973616823,0.696832351593656,0.8022518899527002,-0.6879937304937961,0.8571815296210388,0.7382666413197359,0.9150407302990673,-0.7245309884410092,0.9750157250396498,0.6659542415935912,0.9116542363680354,-0.6452096593809462,0.9725551458924323,0.6358332856879434,0.885071120972147,-0.6157462269101568,0.9404276638931631,0.7123659778838161,0.8209262657587111,0.6236184111531878,0.8498735687727712,0.5985523490822008,0.9022462377648465,0.5950471790223885,0.9542479847384208,0.6015714304944025,0.9925743688969562,0.7228709801421284,0.9356598052035758,0.6802489061466267,1.0009506074027057,0.6277680670420183,0.9926970827281644,0.6144574498432531,0.9732352622771799,0.7632359915981438,0.9364513279517014,0.7137308400833121,1.000327584462085,0.6570727131491365,0.9935588600714983,0.6430386061217821,0.9750422327101373,0.7771657977787729,0.9332689245465914,0.7331202896530584,0.9920636791613389,0.6790136416410092,0.9898618741959442,0.661699311902376,0.9746249686103644,0.7754230396010304,0.9307881402519393,0.7395904447903907,0.9798493894846433,0.6981277447590459,0.9811719924841459,0.6805765976128301,0.9688034763609772,-0.7415945875061248,0.8682580285183444,-0.6494112711020072,0.898481221713985,-0.6466240450235236,0.9506746395357002,-0.6707370970257862,1.002011284958859,-0.678221655733973,1.0417053166198933,-0.7568394892042543,0.9884547432402014,-0.6996722145733318,1.051576179930827,-0.6409791508767907,1.0476877085754568,-0.608832209400847,1.0291569932213893,-0.8011943485819862,0.9906402357929884,-0.7371311534170253,1.0501141799508582,-0.6738772141220608,1.0480795772146927,-0.6397097356275159,1.0330843919250277,-0.8186600215734933,0.9880157910463931,-0.7635250567246549,1.0456703450935245,-0.7048551980205988,1.0423770914300121,-0.6765434045164715,1.027550405947852,-0.8161848223750913,0.9857487364305675,-0.7724169957946689,1.0341943774556543,-0.7239960087714961,1.03496513895137,-0.698511381175685,1.0240148758834493
-0.06712611459982189,-0.3420895273256318,-0.007145116718790101,-0.39747843252097703,0.030701677191786216,-0.3967004460952039,0.06527308209548889,-0.3958977895826157,-0.13462822157660323,-0.3936255388903503,-0.17653256956265376,-0.39023577108244883,-0.21275069395135413,-0.3879666792290723,0.1276030982954467,-0.3621348960446403,-0.263471381451344,-0.35290579209725487,0.017002919696280525,-0.27933679030142344,-0.14186732425928164,-0.27245434772294574,0.49999984496674577,0.0003937425938919921,-0.4999998449667456,-0.0003937425938919921,0.6882619307526259,0.42787780775731044,-0.6686509369495002,0.4541666437854772,0.6966291561304012,0.7686606435594837,-0.6984827223702027,0.8250497439246918,0.7421170040529541,0.8766078673616322,-0.7464956727949291,0.9379872213202076,0.6682932371426938,0.8748358922170525,-0.666753944051113,0.9399739975092292,0.6368389444187077,0.8497404744192314,-0.6341336819351623,0.9080645638119592,0.7159334946460852,0.7892249516700353,0.627474895271123,0.8158052906897478,0.6028982207533222,0.8672795936694123,0.5993598457246236,0.9176240111220167,0.6063529448776616,0.9542410935588234,0.7259337564722982,0.8990521740086244,0.6886768858187966,0.9622056386648311,0.6342152949404595,0.9539499464927861,0.6186663191821824,0.9353800669696911,0.7666901850295058,0.8985469377491625,0.7208877243088879,0.959198424042645,0.6635387215879778,0.9517533522164432,0.6492835206057034,0.9335892277731555,0.7809853676505226,0.8943772704158792,0.7404604832438957,0.9505036977557383,0.6865906594360704,0.9469346547182224,0.6689445885000692,0.9315382070298311,0.7791640681458707,0.8914732741911879,0.746923340469535,0.9386189890979778,0.7061247953317105,0.9386029724500907,0.6886475788894271,0.9255647092189481,-0.7522179963185226,0.8467859367723184,-0.6644886736793586,0.8723844552765498,-0.6629736412908982,0.921386321710704,-0.6908925673133727,0.9705182789182526,-0.7025302325145851,1.0129563450855057,-0.7775347678457133,0.9611569041537326,-0.7298908227154477,1.0244425951363854,-0.6702481646001324,1.0159785085790534,-0.6492566397466459,0.9936806652788511,-0.8214025345352947,0.9623166874235153,-0.768284695481388,1.0230996881924264,-0.7068616899282882,1.017495996984982,-0.6828097744189806,0.9989072534099309,-0.8375027134684664,0.9591980681171364,-0.7893618120954834,1.0176862391693302,-0.7348821227326183,1.0105052640705117,-0.7182786312525117,0.9922647936056287,-0.8351379256925123,0.9577729423806902,-0.7939966738624097,1.0077836796689794,-0.7523836483994284,1.0051852454934238,-0.74186910818847,0.9901513079355445
-0.06906651692298205,-0.2739069672371148,-0.007669610255032387,-0.31810034972095225,0.031037402814224735,-0.31733627259751446,0.06523752651135309,-0.3164051843716526,-0.13543694391299718,-0.3155219351896744,-0.1772066647519006,-0.3130060234863024,-0.214813533575326,-0.3111793273632707,0.12797501592706442,-0.2891482596578284,-0.26331078378362677,-0.2824497650987904,0.015560567361499317,-0.22313023724797557,-0.14307612382155424,-0.21797798286048364,0.4999995692618682,-0.0006563062899592758,-0.49999956926186817,0.0006563062899592758,0.6878050073969082,0.34073772145402914,-0.6582602421508917,0.36285418309399464,0.6971521631853577,0.6115090503670239,-0.7034475137964491,0.6562153283969618,0.7459657339379142,0.697968281315979,-0.756038178621343,0.7486545462191677,0.6714015000556481,0.6974447115280632,-0.6756717304911736,0.7510753649676294,0.6391492092687536,0.6776039556880256,-0.6425207753639339,0.72482921293601,0.720618224443041,0.6298209427082381,0.6309766260894905,0.6492962919447343,0.6021650965168325,0.6897422353742212,0.5982860995485744,0.729705887479158,0.6066278909601511,0.7595009944075173,0.7277759458761494,0.7159168948094955,0.6891482067668192,0.7670007663546587,0.6351700053633753,0.7629717897396021,0.6176725561398965,0.7500168773606318,0.7697925014044585,0.7161422950785278,0.723767668391336,0.7654326102979235,0.6659816033773193,0.7620758626790558,0.6478404651051427,0.7496528892609862,0.784551219445132,0.7131635787478735,0.7430843483920131,0.7581911479101954,0.6886169355586047,0.7576219022968369,0.6678238991942029,0.7473934962558592,0.7830333847747465,0.710804890470045,0.750201560637775,0.7487087330679848,0.7081791903935787,0.7508438651318454,0.687817024476408,0.7425650508451662,-0.7485501328698839,0.6773050769171942,-0.6632959799329489,0.7022541489865534,-0.6684875521007793,0.7409112171531286,-0.7007801097951916,0.7786804437313631,-0.7128250514754083,0.8122326000779665,-0.7826258216470291,0.7697728066677044,-0.7397889066189873,0.8200858631959252,-0.6846559510963391,0.8115287384449027,-0.6717731573127625,0.7930142837473776,-0.8276185910461642,0.7691564667250075,-0.7828051571761792,0.8191849713717438,-0.7270312745948798,0.8107153683110881,-0.7156813368310639,0.7930961314221615,-0.8440116318988276,0.7656651030864345,-0.8035957707422947,0.8139067183757132,-0.7552446637266221,0.8054446333857049,-0.748267150030047,0.7883041415615889,-0.8422296153033064,0.7640055953788139,-0.8106683065876576,0.8053463310657305,-0.7728413992238728,0.8006512250212366,-0.7675375061274907,0.7854515302272654
-0.07173237619724267,-0.3231379494798478,-0.009390907073458264,-0.3757315160310241,0.03068400260507106,-0.3747112698188876,0.06437255154173444,-0.37318032920767646,-0.1374671287583208,-0.3728946411559304,-0.1786497431983966,-0.3699041611721536,-0.21746838308182986,-0.3675096748268688,0.12770180876480633,-0.340290242958916,-0.26335629893626594,-0.3329767368605304,0.013862762975817426,-0.2633416038020578,-0.14473510441263132,-0.2573149819425802,0.499998233606896,-0.001329056049920509,-0.4999982336068959,0.001329056049920509,0.6877072015530347,0.3991422724586832,-0.6536871638607316,0.4227960465440886,0.6981040439204322,0.7167514351919129,-0.6916683228091134,0.7690710719401279,0.7496194290326551,0.8179139233232888,-0.7421703685719788,0.8807114477447924,0.6739921809379427,0.8174236500524041,-0.6671793853180186,0.8835678296792658,0.6411462425433522,0.7941954996438584,-0.6339240462120833,0.8531378142129166,0.7174140140204949,0.7386149639641078,0.628931777159629,0.761990362548248,0.6002299805282459,0.8087481398783513,0.5950587559402651,0.855386589680151,0.6061042516332972,0.8901218692421851,0.7265245832309719,0.8389365087901696,0.6874993072911034,0.8988435814397314,0.6343467064736537,0.8929373673716966,0.6195087858460266,0.8766720945756893,0.7684685087810809,0.8400234197025718,0.721083134816496,0.8984661541183148,0.6631553537871471,0.8935182165519482,0.6475402493032314,0.8780500117583692,0.7832437127039913,0.837123993436858,0.7401608208250157,0.8909486860295246,0.6852242781845143,0.8892436984071495,0.6668289266949028,0.8759759065310329,0.7817317368381214,0.8347587157449149,0.7471597340732886,0.8796291902736054,0.7054389948211377,0.881423922833702,0.6874009736923503,0.870952849127907,-0.7331161766462201,0.7941684099682129,-0.6512331792186158,0.8258246071947615,-0.6574960422518114,0.8720975956668406,-0.687525294073845,0.9178495649171492,-0.7044336886299463,0.9543380284570013,-0.7815883014115935,0.9006835188573468,-0.7479473707136964,0.9617499631468044,-0.6878687841742144,0.9553792359288973,-0.6673188525579826,0.9349858621920402,-0.8225162744163151,0.8996657447858558,-0.7784003474327202,0.9578136504617515,-0.7185197346887596,0.9525035754522467,-0.7007685844130281,0.9354065000390265,-0.8354386255690162,0.8959021080087519,-0.7956622009481198,0.9522770525816651,-0.7436825864004443,0.946410060375301,-0.7309006703380888,0.9293583560139286,-0.8313979470115839,0.8946490027672362,-0.7994475605749306,0.9423163616605776,-0.7580371141550662,0.9403396463101019,-0.7473422706552265,0.9258486641717101
-0.07230950900533611,-0.2808222009231849,-0.01035139806324458,-0.3270575184007232,0.030330077425853964,-0.3262505657915028,0.06339914004959026,-0.32490631348644344,-0.13848486514945568,-0.32431220956092904,-0.17941902721761635,-0.3216493689680356,-0.21892990529395298,-0.3195353226589778,0.12622942100950083,-0.2963813909043135,-0.2637565817824767,-0.28948304766016203,0.013066642520537422,-0.22899885094011138,-0.14505974479370903,-0.22341273419924235,0.4999970650002279,-0.0017131815892990107,-0.49999706500022795,0.0017131815892990107,0.6876156411585131,0.3474525321571634,-0.6531687452479503,0.36739506398736904,0.6989487260978958,0.6244201964988735,-0.6816784252350157,0.6763609864706301,0.7520889167522796,0.7122981290587196,-0.7180021451511037,0.7718520955206104,0.6754300170377251,0.7119428812259162,-0.6430726931135287,0.772026177079705,0.6420670720895456,0.691833280258224,-0.6122613700846502,0.7454191698806264,0.7155335916479582,0.6422502543929078,0.6263442226763986,0.6625329248176067,0.5971426282334631,0.70344223579083,0.592750542872635,0.7450779468910391,0.6043182308127084,0.7759670134374127,0.7222131046173341,0.7295985683888309,0.6862697200688129,0.7825572438888478,0.6318861141700429,0.7764811612979942,0.6163572522339715,0.761079859242556,0.7645919221790308,0.7303515723421234,0.7200105827938673,0.7818481940833665,0.66141630753975,0.7765522976161623,0.6461779433011534,0.7616281294020961,0.7803557739303035,0.7278665725446505,0.7406121302222017,0.7749716833271082,0.6857778854185603,0.772781205237173,0.6681014293195298,0.7599626431236827,0.7798591040986682,0.7259749537426293,0.7482681564236364,0.7655072275324505,0.7072087631576628,0.7663274639815727,0.6895578368163332,0.7556710410995603,-0.7166628482598979,0.688859001394326,-0.6372614820168655,0.7145436944194312,-0.6363298392680385,0.7528825552617723,-0.6613571249196251,0.7914150167749003,-0.6737440859931904,0.8214941124790418,-0.7575820696175858,0.7793779420591723,-0.7290004421315454,0.8289700768432784,-0.6750114837372349,0.8261208648802248,-0.6571598973685214,0.8111413202233569,-0.7943482569820085,0.7795809408207742,-0.7572819982609728,0.8289882946808581,-0.7029420056982753,0.8266779547865298,-0.6825540282316165,0.813468287509127,-0.8042228578091007,0.7772179716178825,-0.7711969250032987,0.8246816557114318,-0.7237016635578253,0.8231509235967029,-0.7061127242418226,0.8109629010838864,-0.7983138309930647,0.7759161191609997,-0.7701028685118254,0.8153995228785833,-0.7309549675018913,0.8180471819401604,-0.7138301088950042,0.8100586601614801
-0.07211633449876897,-0.3133953402894245,-0.010860242699364305,-0.3654461107510151,0.03013487503817596,-0.36467352422348975,0.06274270627628853,-0.3632097823620132,-0.13884919306976037,-0.3620687762330052,-0.17968430082558284,-0.35902116534254747,-0.21972138778490322,-0.356600869507547,0.12457390641578034,-0.33152282877004996,-0.2641946935127191,-0.32323058046092,0.012818045990165535,-0.2556909587807206,-0.14496020230511303,-0.2490720487931148,0.4999937509189781,-0.0024998083868608243,-0.4999937509189779,0.0024998083868608243,0.6878661470741149,0.3886102962810075,-0.6485015658350576,0.41109201085533165,0.7003565880866147,0.699086918010676,-0.6680038452251535,0.7581978860540176,0.7530350433479536,0.7968686550912989,-0.6971455665211272,0.8656784983708652,0.6758211444769043,0.7965474542722012,-0.6243699155306605,0.8619651390019909,0.6425321113238698,0.7741556533074485,-0.5955306285600351,0.8335648792542378,0.7119808881111203,0.7173341297342348,0.6211460429219557,0.7420688547823555,0.5917140619731559,0.7881093084079178,0.5887621870084941,0.8347577492982007,0.60263744870818,0.8693115575349649,0.7170623645232823,0.8177921094544623,0.6807932420851384,0.8757499536316569,0.6273545461618694,0.8663417425169396,0.6146801323201483,0.848335108268047,0.7616332608800443,0.8178232924313666,0.717278030150815,0.8749450127459705,0.6601538869312408,0.8675619178619223,0.6479770886727604,0.8500522724055571,0.7795557315738321,0.8139352760778623,0.7413701610817082,0.8669014204029327,0.6875148208099083,0.8632339468653581,0.6722703915734218,0.848062863106991,0.7810221032420386,0.8109145665638532,0.7499591026728297,0.8553375446361021,0.7103890979910601,0.8550116582919773,0.6953035192436705,0.8423306887307598,-0.6950196851124529,0.7739546604407697,-0.6188532428880291,0.795784198402273,-0.6089502096596113,0.8345620882358631,-0.6229533054207782,0.8750543955198784,-0.6306609359954456,0.9058859580471998,-0.7266759110939544,0.8689855096210117,-0.6883483027557401,0.9203215759461442,-0.633380332689568,0.9244424144225458,-0.6082671718813727,0.915366229305437,-0.7601989685076895,0.872934114660211,-0.7186914516559889,0.9237391009589984,-0.6630413134310438,0.9259146387000197,-0.635541916808535,0.9165878587788765,-0.7678699301282134,0.8731433475881444,-0.7300133656673388,0.9218487339653149,-0.6794774112089104,0.9245711855758763,-0.6546775066571942,0.9174928113884168,-0.7605649816784306,0.8727017772467993,-0.7270002308425269,0.914329274145996,-0.6845667141962652,0.9217290107223816,-0.6591013575043977,0.9184693394319914
-0.07146502360640802,-0.3107902729898976,-0.010456620896549404,-0.362465265894065,0.030575204711811178,-0.3617343343568087,0.06291641264424463,-0.3603254469254922,-0.13829280348438033,-0.3590712555907914,-0.1791423388418076,-0.3560461899638274,-0.21941467003954873,-0.35364093134172264,0.12386405193712553,-0.3290374946778715,-0.264238364715021,-0.3206706114214709,0.013256858047480976,-0.2535762575165378,-0.14436682670520243,-0.24695358026873232,0.4999919215067567,-0.0028422575501207276,-0.49999192150675675,0.0028422575501207276,0.6886050455213322,0.38598268182105283,-0.6455947862409436,0.4079887078610016,0.7015290089187249,0.6952059625550305,-0.6580267495069085,0.7465213547078428,0.7532146225683911,0.7919260927354449,-0.6802571760225709,0.8540228503836701,0.6762040918846993,0.7916258038510745,-0.6094901105841513,0.850816721146539,0.6431033895416466,0.7694843109506286,-0.5843555018672105,0.8212348974107573,0.7073474200547721,0.7106350685075727,0.6176857334292447,0.736291641708877,0.5881305619763666,0.7825006791308342,0.5854515618497707,0.8287012147841635,0.6004354920255971,0.8627549688182762,0.7145269703724051,0.8112233430030008,0.6802480953211465,0.8685443524324904,0.6294945094091623,0.866940726376374,0.6099095617073907,0.8544164983122197,0.7596257909803938,0.810835630271418,0.7205349169998841,0.8677329949660668,0.6638315395908192,0.8670911916400168,0.6404319244651687,0.8554772944619744,0.7777089452317086,0.8063147747007937,0.7448682987209361,0.8583844181005659,0.6899080295725194,0.8615013589724674,0.6638093208532916,0.8528386983834448,0.7778733638894134,0.8023449299837015,0.7513179152091823,0.845847517588834,0.7087987866313614,0.8517971515211498,0.6839288707006199,0.8457528752588241,-0.6519324396126916,0.765226528975286,-0.5827583610517985,0.7868561512400345,-0.5742625920436683,0.8267987435402362,-0.5837362753126354,0.8669673545573597,-0.5875456295601491,0.897766054082048,-0.6845750495498482,0.8568080618683506,-0.6514759894613082,0.9038651908136336,-0.60159849803036,0.9155296173712575,-0.5709418568153497,0.915199331680596,-0.7167260457684036,0.8598107903013249,-0.6842045279507728,0.9066544125665348,-0.6307450379191428,0.9174553481708653,-0.5942277699667825,0.9165931405034023,-0.7238779192673338,0.8593855414591958,-0.6962454414362509,0.9034585496160488,-0.648178632208997,0.9156627582761867,-0.6137404584699857,0.9178971193180638,-0.7157655200847621,0.8583866638507696,-0.6983985337058877,0.8965740419561101,-0.6599737871367779,0.9121123876149857,-0.6271299527201861,0.9176122298636613
-0.07072943648597135,-0.31629952542594797,-0.010583075406276643,-0.36890972842223,0.030622565276415655,-0.368177268582119,0.06264930678905431,-0.36677646569999633,-0.13791236166635812,-0.36548319841647064,-0.17874074368673262,-0.3624193226648435,-0.21925759054160118,-0.3599617572595524,0.1221577349554919,-0.3351173357234672,-0.2639610530964837,-0.3264096288784604,0.013550090769705576,-0.25804310074821185,-0.143799005848524,-0.25128219075563146,0.4999869660152748,-0.0036102375047115725,-0.4999869660152748,0.0036102375047115725,0.6890577351690168,0.3933330591068075,-0.6395383134152773,0.4155209038884975,0.70267379071122,0.7088794062626659,-0.6517260168975405,0.7562491745788497,0.7530583305639664,0.8074777198299814,-0.6666001803757832,0.8697606712554112,0.6762649122667655,0.8072765017841933,-0.5865719307039148,0.8674348129503587,0.6434344331895875,0.7847214463283659,-0.5582063064476163,0.8359300495798339,0.7014110502820136,0.7255764175877413,0.6129283075591393,0.7532783070059824,0.5853018554938599,0.8003195227047543,0.5835942027000368,0.8466289323994697,0.596634091904548,0.8802151828496585,0.7114782300169111,0.829172490497033,0.6757522496895759,0.8867458608215301,0.6261857309219687,0.884798083215022,0.6085239646802586,0.8716780454853827,0.7566570056728212,0.828110987662469,0.7164284350073475,0.885734539904153,0.6609778778349806,0.8854617268103915,0.6392482035306708,0.8737441674177647,0.7750159621362208,0.8229125006517456,0.7412636169187357,0.8762276002119641,0.6873410104094074,0.8799230815922877,0.662086201825275,0.8714196167848214,0.7762213754624813,0.8183202831226049,0.74893309539842,0.862423323051237,0.7073989337419414,0.8690017310550908,0.6831908755930866,0.8634186249852777,-0.6246212993752366,0.7757444407583909,-0.5487138453962959,0.8002042841001397,-0.526784394824143,0.8480833907028189,-0.5268158571735713,0.8925785688051682,-0.5258386906460786,0.922958734161865,-0.6390451459135007,0.8670841933661056,-0.6078730993902426,0.9208625357709737,-0.548056996469272,0.9283592565134448,-0.5151099329807152,0.9215681883328481,-0.670024075377844,0.8668612352715037,-0.6427513334679484,0.9186806848569361,-0.5818296088443645,0.9270014024871553,-0.5476814749918917,0.9234232846786237,-0.676138869848503,0.8649551397134732,-0.6544591878662911,0.9129440907733171,-0.600085202803967,0.9238894697855187,-0.5678900508626396,0.9229876664072789,-0.6689572508055075,0.8634012983298321,-0.651764717517543,0.9060518414632787,-0.609507307865308,0.9203649665334601,-0.5790735649406001,0.9219513362608152
-0.07060334485552974,-0.2645850018663307,-0.011337058325601737,-0.30860961642407286,0.03000072007212452,-0.30799454985578173,0.061926564595186334,-0.3068371256899171,-0.13817111871568746,-0.305759869579766,-0.17901004976451995,-0.30318747751975855,-0.21973960477049723,-0.30114095095196663,0.12033472180123392,-0.2804650345548841,-0.2640149111763273,-0.2730712507686204,0.013133661103607532,-0.21582807690245617,-0.1437329001400142,-0.21015883014566086,0.4999851394490466,-0.0038549098714924573,-0.49998513944904677,0.0038549098714924573,0.6893237502692466,0.32930074182703023,-0.6301919171817701,0.3486306526501965,0.7033317927807037,0.5940229840140895,-0.630295988390095,0.6329572178699066,0.7530116646056987,0.6764706455935215,-0.6344354954511601,0.7261855155235981,0.6762933405359002,0.6763460994036807,-0.5520434097226833,0.7230550265123559,0.6435220018402931,0.657431502221253,-0.5260247395776196,0.6982280437750534,0.7036008925686802,0.6072183106678681,0.6129194724036241,0.6300629560275275,0.5823863880735299,0.6691603317056416,0.579946549995877,0.7086807538373802,0.5936829849793981,0.7376444493086831,0.7073272012456266,0.6944879627533154,0.6713916734301794,0.7426769365619239,0.6206224779473329,0.7414617215953336,0.601183442295598,0.730863935751434,0.7530583471495627,0.6940698434017067,0.7127408331092611,0.7425994715691218,0.6552867745063181,0.7424464576787458,0.6308598440748657,0.732523411083105,0.7722398571977506,0.6899832228715324,0.7382435839833978,0.734693115201289,0.6826597206811228,0.7379923574565683,0.6552101919860125,0.7308971936900399,0.7742962039646527,0.6861738886936849,0.7479103428185762,0.7232206318856608,0.7047731645482735,0.7288659958840745,0.6783720640593653,0.7242090632955848,-0.6039271027145144,0.649177511433425,-0.5202850050676957,0.6725671490215968,-0.49823155405650227,0.7131737234199036,-0.48887006433564134,0.7516356398019396,-0.48295160512782476,0.7803609182812614,-0.6118122087599076,0.7334130267248256,-0.5614202352379128,0.776340539900409,-0.5017435474184366,0.77396540300096,-0.48124769227678843,0.762265451808941,-0.6431497953593608,0.7316136764414871,-0.5920207391923066,0.7726833984292683,-0.5332831035361776,0.772147165493228,-0.5140050454995437,0.7635333593943101,-0.6482882509881934,0.7276711736452715,-0.6030537340478024,0.7663052648699665,-0.5497807531183325,0.7677424731551523,-0.5316799825412113,0.7608578061358494,-0.6403619601365401,0.7250970365699668,-0.6006169824193308,0.7589414371796385,-0.5567016331492455,0.763445629605642,-0.5373525867814466,0.7586089946575247
-0.07022359592747761,-0.2839132930750763,-0.011371331010593523,-0.33137248369764677,0.029962499621054395,-0.3307046173478195,0.06179148367798828,-0.3294745048315927,-0.1380242819375451,-0.32825389040087455,-0.17889223882547142,-0.3254556366043102,-0.21976173866100673,-0.32324810482352895,0.11956908558513617,-0.30128048720624206,-0.2640764476392045,-0.29317131263179513,0.013178797700425187,-0.2315671717940158,-0.1435239258217202,-0.2254262545555301,0.4999772254229146,-0.004772217346687722,-0.4999772254229146,0.004772217346687722,0.6897595884733925,0.3546142437159216,-0.6203329249860134,0.37467788173871286,0.7042480593912644,0.6400929722213939,-0.6077948362802659,0.68382466127466,0.7524786729671247,0.7287778483014822,-0.6066016556073061,0.7810535438554959,0.6760207972250907,0.7286043793909518,-0.5272818049188482,0.7778035787829962,0.6437783996431442,0.7081341644055338,-0.5030756570904324,0.7519251980860865,0.7026856320686026,0.6540432300908177,0.6114983927132265,0.6784131086489559,0.5806998083564925,0.7205644340792918,0.5775082212270755,0.7633502905244625,0.5902404320288926,0.7950264793244286,0.7055331418811909,0.7477859471471244,0.6707961837522369,0.8004121146935509,0.6199107359464744,0.7989957955242124,0.6012142611616926,0.7866016038496733,0.7511521237602036,0.7478158403464773,0.7115051206022008,0.800209047097947,0.6534513310730247,0.7993091587174285,0.6298862779761886,0.7877826061098204,0.7704717565106092,0.7438684654605042,0.7368491922923256,0.7915731521420458,0.680758417858823,0.7941179027726695,0.6547412352742296,0.7856020223855986,0.7727902281617286,0.7399950136586452,0.7462723590779832,0.7797239591414225,0.7031109070033597,0.784895335372326,0.6782094684085946,0.7789641123007293,-0.5830877126500214,0.7066168268383822,-0.5022137279823007,0.7274198429594526,-0.47082631624424537,0.7672156431836398,-0.4593934601977389,0.8074599886552594,-0.4535078865428384,0.8378384002833207,-0.5748172241625848,0.7924281270949652,-0.5282284032770292,0.8410748176989707,-0.4754864037606204,0.8406390838226895,-0.4547535274345075,0.8295937675475205,-0.5987557670150478,0.7953983036020934,-0.553053465965144,0.8410223941572486,-0.5006927673766334,0.8423175207006393,-0.47668585265824215,0.8339213603681195,-0.6017831266583218,0.7955959226835294,-0.5578583976883232,0.8392282131675187,-0.5099846871812921,0.8409552449015594,-0.48897957703639916,0.8343102664739859,-0.5939767760985467,0.7962205874700062,-0.5556507289623821,0.8352569826249193,-0.514024124021908,0.8407490849060224,-0.49275545913853624,0.8358564664405127
-0.07008468400806393,-0.3174339910146099,-0.011223446640141877,-0.3706536547779387,0.030059848722023542,-0.3699545368546269,0.061805615455768056,-0.36863263139854513,-0.13789042805450524,-0.3670988895209544,-0.17876651501107155,-0.36395957024966064,-0.21960605638731037,-0.36147885317574274,0.11915103086394101,-0.33725813983747704,-0.2641007343542775,-0.32807142063243583,0.013308087540130223,-0.2589360456935437,-0.1434654129415823,-0.2519728666415053,0.49996504194956326,-0.005912429988721368,-0.4999650419495631,0.005912429988721368,0.6901208568940825,0.39740246693984266,-0.6119720386306868,0.4214163954356601,0.704939655798296,0.7179059004851882,-0.5882322610732836,0.7665521532286137,0.7519399720365151,0.8173038216497817,-0.5867701485811924,0.8766228032083879,0.6754790967378399,0.8169663349311463,-0.5061378701032079,0.8739436930988695,0.6438381454284117,0.7939214023926228,-0.48116422118467567,0.8445625546351564,0.7000194057144441,0.7329618329046192,0.6087887160888809,0.7603672060135848,0.5788682034185006,0.8075411193383697,0.574903924003157,0.8556052652244813,0.5892432911781166,0.89102339118347,0.7039632427471243,0.8390740242950435,0.6712637231505378,0.8972233488048507,0.619539480843101,0.8944243203940382,0.6007153249055507,0.880275115487969,0.7495617129515754,0.8390699005570348,0.7113113150512412,0.8969295737091081,0.6534628434621516,0.895044695540073,0.6305091333739514,0.8812333072516799,0.7687488176077323,0.8344951905596587,0.7366714407137095,0.8870853863346434,0.6811690218142313,0.8892013587816882,0.6561577666257055,0.8785810839139785,0.770810798319391,0.8303338440602788,0.7453054545989467,0.8744080259986537,0.703197424807918,0.87893094184664,0.6792657588472131,0.870536990655089,-0.5657779429653343,0.7944893235911864,-0.4834838530589583,0.8163243513979457,-0.4579750379905147,0.8580988071236064,-0.4507462450607113,0.9027169925800944,-0.4423808749400963,0.9376544556367843,-0.5515938221870159,0.8910271850224379,-0.5181020638358937,0.9459764888374628,-0.47370496931824385,0.9416269349353639,-0.46042552039910895,0.9267790038610938,-0.5894345045970846,0.8921782027754376,-0.549073623539433,0.9448533475534022,-0.5031320684410389,0.9425438893189874,-0.4859970125842089,0.9299542821278238,-0.6015319595224152,0.8896925784532893,-0.5631510003667692,0.9391583004138117,-0.522863692601439,0.9384693062673113,-0.5074986385189826,0.9269292728741323,-0.5967423671202081,0.8893458545615144,-0.5647001858378461,0.9320438626516127,-0.5326281123921557,0.9353482963927764,-0.5201157349545605,0.9269386749967922
-0.07000089614572469,-0.3038793492970715,-0.011114952262956881,-0.3548636763110878,0.0301384490191378,-0.3542376668622547,0.061830872715128576,-0.353023835646712,-0.13781039339330522,-0.3513672721620003,-0.17867960434293026,-0.34834742422183246,-0.21961574001412507,-0.3459667954302601,0.11909008298383254,-0.3230343419883605,-0.2642496112020242,-0.3140424460473579,0.013369948933255969,-0.24791871710631852,-0.14345588903431228,-0.24117288477918838,0.49996542376952297,-0.005880053993071849,-0.4999654237695228,0.005880053993071849,0.6903141826446629,0.3806562963150102,-0.6070544287461555,0.40381548665133793,0.7051585487687559,0.6888437650788602,-0.5769531547704833,0.7363705667163336,0.7486312663940877,0.7832547727348685,-0.5771459249699328,0.8425365880348105,0.6738456866060484,0.7825453585449343,-0.49676856289811167,0.8402669681103003,0.6433760373617935,0.7604664807548013,-0.4714217407200681,0.8113659616105524,0.7018057552247535,0.7012037790413617,0.6090237899333281,0.7273683834007776,0.5777601087619759,0.7731537951407148,0.5734366174552625,0.8191409263018379,0.5864092129083627,0.8534341756845951,0.7024665163086096,0.8036962006267923,0.6717866424346397,0.8589608455272202,0.6204056213993749,0.8579225512786257,0.5992658955151701,0.8454096286241054,0.7480719531590668,0.8035680922081692,0.7120429232253346,0.858758494251935,0.6538253586584171,0.8582253673556918,0.6275011848188321,0.8454500672864576,0.7675744341977218,0.7990621826628843,0.736724644820285,0.8492843159242384,0.680914055830286,0.8523556007371734,0.6533599714735531,0.8428089171515877,0.7697480411489932,0.794961765485794,0.7447444251439568,0.8373196846643433,0.7019534910654522,0.8426165175783656,0.6758283555908817,0.8353464043123819,-0.569697222745881,0.7610997565257757,-0.48528354778353516,0.7817103633527739,-0.45868714269180133,0.8212064573522899,-0.4520386441270952,0.8641475778644481,-0.442511321768409,0.8985831523830615,-0.5565418861582354,0.8545113289602935,-0.5192733023757169,0.9074523304107253,-0.47382071233172673,0.902532556430431,-0.4619703113813752,0.8882553391672766,-0.5950335336924388,0.8554268855501084,-0.5529300727264285,0.9065691563434969,-0.5036308541252387,0.903047201594271,-0.48695965525558715,0.8903747357796898,-0.6066524946834713,0.8524710720738116,-0.5680312407720493,0.9003269117334699,-0.5244800264271815,0.898358370287253,-0.509497760660661,0.8868919559846175,-0.6017459675459068,0.8517545495252608,-0.5699533496341942,0.8929744994710587,-0.5349501773201439,0.8949127119205116,-0.521932740374926,0.8859149515836503
-0.07019935238050211,-0.3558251001839613,-0.01166722689453994,-0.41552042509591824,0.029684321547421646,-0.4148548168374462,0.06130343359206424,-0.41348583105066106,-0.1381925643443148,-0.41124008505926063,-0.17913371290807484,-0.40767088905927995,-0.22027437212690987,-0.40487254212902374,0.11855344517281813,-0.37839771707614717,-0.2646775946631948,-0.36753107745700303,0.01328230855807282,-0.29038376104235275,-0.14365427700910036,-0.28233955377523623,0.49995157126708956,-0.006958907067087437,-0.4999515712670894,0.006958907067087437,0.6903310219090798,0.44565022445990166,-0.6062745504268114,0.47281173829395223,0.705145917512311,0.8067872234164245,-0.5729414210337127,0.865770341019726,0.746516655234292,0.9170758952715898,-0.5736709993886168,0.9890729071397856,0.6726485342997508,0.9161587076171874,-0.4932095768394089,0.9867039371719329,0.6427689931674092,0.890308254361708,-0.4682420092492907,0.9524652850497196,0.7024437968856758,0.8210350679268483,0.6096866744141607,0.851327409215876,0.5784243479779169,0.9042674436446072,0.5722020069674422,0.9586169144245187,0.5839801749004857,0.9994620914114162,0.7034366251624524,0.9405460986304025,0.6712289132924949,1.0057196781503226,0.6197729071350514,1.0036110711295263,0.6005161271357982,0.9878824123577206,0.7479669405181617,0.9408859758297556,0.710970780069321,1.006286263427155,0.6524799259996816,1.0056660522592387,0.6278119618920754,0.990521545866517,0.7670827419878259,0.9363895373207944,0.7340067875184024,0.9958244068272623,0.6777555827840793,0.9991654847586618,0.6523237117603288,0.9879776445436111,0.7690855628219992,0.9327806997677064,0.7405918927069304,0.982615240352076,0.6979826267810917,0.9886363184196154,0.674011455323834,0.9800813245399237,-0.5757220344941957,0.8873033552923454,-0.49153654162164706,0.9129801716108322,-0.4658745920947506,0.9605030664557493,-0.4595219761229389,1.0113962560968637,-0.4479881581173771,1.052175602679534,-0.568565011618259,0.9998567040030482,-0.5303219336823362,1.0626481844576434,-0.48194257661180384,1.0593228244598374,-0.46502862448867416,1.0430887878937813,-0.6065650896262994,1.000430685954513,-0.5617902314860229,1.0587808331261572,-0.5100171682798186,1.056084005555229,-0.48927857086319687,1.0426194688883634,-0.6174457971114057,0.9966212136020244,-0.5771177412228345,1.0512118159749482,-0.5308176728209247,1.0494972667951863,-0.5109076858726734,1.0369417814406274,-0.6132927162011012,0.9952361862771304,-0.5805661223422802,1.0418254358665884,-0.5428175299738895,1.0442217735305805,-0.5251590530717202,1.034484606127785
-0.07017536345065897,-0.30731481438917596,-0.011731574171840337,-0.35885442046277966,0.029561387523976124,-0.3582913135674347,0.06102646174990692,-0.3571251046307792,-0.13818088472104936,-0.3551011266075583,-0.17912495130072809,-0.3519988171501256,-0.22025754467754588,-0.3495702751466706,0.11822587773446362,-0.32683438247968033,-0.26476963759694017,-0.31734754583721236,0.013245670970755883,-0.25084689980259167,-0.14368172057230313,-0.24386526086271104,0.4999614940353707,-0.006205197975890405,-0.49996149403537066,0.006205197975890405,0.6906717304280109,0.3850022405269643,-0.6077092356078215,0.40892520829513035,0.7047270540784493,0.697508057458239,-0.5727419988797435,0.7464170691659183,0.7437950138354477,0.7924619252383975,-0.5741250430355327,0.8521933878264346,0.6719006331542006,0.7915817524804526,-0.49397376723846204,0.8506758485885985,0.6425255544650441,0.7692478879057596,-0.46875476420306417,0.8214387778914751,0.6997582398843902,0.7099720065710181,0.6076144418269583,0.736230067873783,0.5773895942700839,0.7812215919742315,0.5731478859841723,0.8284379883383202,0.583464303763166,0.8642353012901229,0.7031054343236205,0.8116321198546332,0.6672799426111246,0.869894604460445,0.6159325719894226,0.8660325469706381,0.5999372063416225,0.8505237751828701,0.749635583654129,0.8124177259569151,0.7084150432496945,0.8709816417776528,0.6507364509710283,0.8686991030229748,0.6300989866221139,0.854014434911838,0.7696525971525103,0.808672598858908,0.733539156071085,0.8623821462692665,0.6777992557257604,0.8637851512298891,0.6548481673784012,0.852368783414134,0.7720528181145514,0.8054685144344325,0.7411338447848859,0.8502828857964851,0.6985271743640439,0.8548412541850001,0.6768493892542415,0.8464364829219739,-0.5829174314017463,0.7626568156434063,-0.4936051997608839,0.7860999215304713,-0.46535491726703687,0.8273263509113621,-0.46120752059626696,0.8714450503385962,-0.45329007014843825,0.9072461970737368,-0.5729358294998199,0.8630366050332048,-0.534956889241589,0.9146533859641011,-0.4850626696715947,0.9175772847229803,-0.45883073288829485,0.9083741280798799,-0.6150119247606317,0.8634549666399304,-0.5690248868989145,0.913379132227236,-0.5152989927726429,0.9163461610486642,-0.48519352944843236,0.9084570336445575,-0.6291535560752334,0.8598034477517519,-0.5861707963915567,0.9076712678013032,-0.5375103424699493,0.9117133533670091,-0.5076095102779786,0.905834406359632,-0.6261284483380206,0.8571234734577332,-0.5930910316940071,0.8989083572781478,-0.5519660565355903,0.9076188727623548,-0.5237917633594648,0.9052884117159558
