pose_0_x,pose_0_y,pose_1_x,pose_1_y,pose_2_x,pose_2_y,pose_3_x,pose_3_y,pose_4_x,pose_4_y,pose_5_x,pose_5_y,pose_6_x,pose_6_y,pose_7_x,pose_7_y,pose_8_x,pose_8_y,pose_9_x,pose_9_y,pose_10_x,pose_10_y,pose_11_x,pose_11_y,pose_12_x,pose_12_y,pose_13_x,pose_13_y,pose_15_x,pose_15_y,pose_17_x,pose_17_y,pose_19_x,pose_19_y,pose_21_x,pose_21_y,pose_14_x,pose_14_y,pose_16_x,pose_16_y,pose_18_x,pose_18_y,pose_20_x,pose_20_y,pose_22_x,pose_22_y,right_hand_0_x,right_hand_0_y,right_hand_1_x,right_hand_1_y,right_hand_2_x,right_hand_2_y,right_hand_3_x,right_hand_3_y,right_hand_4_x,right_hand_4_y,right_hand_5_x,right_hand_5_y,right_hand_6_x,right_hand_6_y,right_hand_7_x,right_hand_7_y,right_hand_8_x,right_hand_8_y,right_hand_9_x,right_hand_9_y,right_hand_10_x,right_hand_10_y,right_hand_11_x,right_hand_11_y,right_hand_12_x,right_hand_12_y,right_hand_13_x,right_hand_13_y,right_hand_14_x,right_hand_14_y,right_hand_15_x,right_hand_15_y,right_hand_16_x,right_hand_16_y,right_hand_17_x,right_hand_17_y,right_hand_18_x,right_hand_18_y,right_hand_19_x,right_hand_19_y,right_hand_20_x,right_hand_20_y,left_hand_0_x,left_hand_0_y,left_hand_1_x,left_hand_1_y,left_hand_2_x,left_hand_2_y,left_hand_3_x,left_hand_3_y,left_hand_4_x,left_hand_4_y,left_hand_5_x,left_hand_5_y,left_hand_6_x,left_hand_6_y,left_hand_7_x,left_hand_7_y,left_hand_8_x,left_hand_8_y,left_hand_9_x,left_hand_9_y,left_hand_10_x,left_hand_10_y,left_hand_11_x,left_hand_11_y,left_hand_12_x,left_hand_12_y,left_hand_13_x,left_hand_13_y,left_hand_14_x,left_hand_14_y,left_hand_15_x,left_hand_15_y,left_hand_16_x,left_hand_16_y,left_hand_17_x,left_hand_17_y,left_hand_18_x,left_hand_18_y,left_hand_19_x,left_hand_19_y,left_hand_20_x,left_hand_20_y
-0.00016504980344027545,-0.323706779347977,0.06710709923655438,-0.36978746708157895,0.1052285912751152,-0.36839316009834505,0.14107456509595226,-0.36705814590376695,-0.07829074997082691,-0.3684748420910506,-0.1313554921315782,-0.36638129710409856,-0.17120285282157424,-0.36353478002370904,0.20774958199230206,-0.3295255018680419,-0.22908621077884456,-0.3222202906073798,0.08985298540056644,-0.26373382211398333,-0.09246926629916448,-0.26497796702178034,0.49984125401552504,-0.012598443720849896,-0.49984125401552504,0.012598443720849896,0.7117686648534965,0.42509520902897935,-0.7106597962955407,0.43765601572578017,0.7355075839596872,0.8708793936725524,-0.7914462524051911,0.8887201923174909,0.7993496863943371,0.9934663077685832,-0.8453290892984558,1.0267465471179005,0.7183414930280493,1.0031175987970478,-0.7706115171954273,1.04010518152039,0.6768807272191668,0.9607037994618776,-0.7400859616105033,0.9954456678148818,0.7958589422908745,0.8985627952343527,0.6854192065039351,0.9343614340185034,0.6692742188289209,0.9964284766685123,0.6761428789537594,1.0534797199781702,0.6710306185041842,1.1004178370227242,0.7925564880239155,1.0315776741269174,0.7729799955454032,1.112791655263634,0.718464710771976,1.1427312709604303,0.6715059911020552,1.1540393630885737,0.8539754296778527,1.030531249052125,0.824946167672654,1.1146721939955062,0.7571888031972556,1.1353817445165801,0.7043927340461905,1.137524159731682,0.8811073936112561,1.024584676456521,0.8564729585643672,1.0991291453192835,0.7919542521867351,1.1180762794608854,0.7403619256109543,1.1216343100051445,0.8807432086225498,1.0177596750206492,0.8645167441257378,1.0780043908693153,0.8143370470106552,1.099779976319763,0.7715017471678207,1.1062016632661325,-0.8185177466839384,0.8965615092089159,-0.7303647013488996,0.9367944456613402,-0.7136661452000606,1.00149708364876,-0.7200381977164252,1.057960494545885,-0.725892863300636,1.1017815711618075,-0.8594176530282316,1.0292439470234183,-0.8343133591952375,1.1070220345841748,-0.7819339701663864,1.1335036763175685,-0.7390363323525121,1.1477395042938956,-0.9070381212474513,1.026582719907578,-0.8786660053536313,1.1009213625013872,-0.8188226923726803,1.1295658013459835,-0.7641044902125276,1.1391828137310063,-0.9157303492999745,1.0196754188457857,-0.8830807458304674,1.0851463925528702,-0.8305324792280243,1.109198882851022,-0.7833346606297072,1.1188599016026255,-0.9042361023591176,1.0167087721050467,-0.8805393342932865,1.0661643621346115,-0.8359269921575856,1.088436987914963,-0.794248453568294,1.1009686114423474
-0.0003403220105854979,-0.34937653009003394,0.06805210132153319,-0.3972441233393454,0.10678247734924046,-0.3957112279357765,0.14402582386884724,-0.3941033204268229,-0.07662493577613733,-0.39684471677821803,-0.129103227627448,-0.39481815618109756,-0.17080884719241035,-0.3919099565953601,0.20976801801759531,-0.3556778759428118,-0.2263533173511406,-0.34830736083795516,0.089227875325305,-0.2824688575912635,-0.09178042708020244,-0.2844673708989803,0.4999173614253568,-0.009090200520847346,-0.4999173614253568,0.009090200520847346,0.7113999281104723,0.4601133974145589,-0.7412886745212657,0.4664964998821969,0.7422933306092753,0.9228505735152717,-0.8013903616436997,0.9218533731143022,0.809678728811276,1.053591244693195,-0.847970285346887,1.0797285219135264,0.7270228496459441,1.0637825275109558,-0.7706122221551753,1.0987475451334037,0.6820671776591414,1.022487211995055,-0.739939049455458,1.048726808359135,0.7972824426275723,0.9432601171886948,0.6870623940619036,0.9830211390490622,0.6651715338093837,1.0524667211133487,0.6721607547314641,1.1162934687837194,0.6659270760079847,1.1686599788535714,0.794909209136887,1.092019650181366,0.7703063423721671,1.1833898230475695,0.7117822550599814,1.213336925620335,0.6627031741663421,1.2250786231162776,0.8541875630096152,1.0908992391072974,0.8224230819509201,1.182049475164511,0.7526372973909905,1.2027320892215716,0.6992159445464913,1.2042676988789538,0.8796514854637683,1.0851892715853486,0.8508032952406283,1.1649750091765474,0.7853883933708689,1.1841355025951765,0.7333071894237435,1.1878834758607144,0.8783293777332206,1.079142736590555,0.860044564037844,1.1438155089495083,0.8082791716271817,1.1655474699807993,0.7648797780716508,1.1717172156486917,-0.8246072476579467,0.9448282978918362,-0.7339446439849364,0.9891104441039434,-0.7212807471599771,1.0581054600352282,-0.725221375356443,1.121701084880894,-0.7255370957759021,1.1718016042672494,-0.864335172647338,1.095136600560378,-0.8373979337942126,1.1773312795359052,-0.7841892935959545,1.203314749040152,-0.7401404180346799,1.2160964169971518,-0.9110357808225522,1.0915661230442044,-0.8727024926990301,1.1702414840754323,-0.8087271028196951,1.198276435961812,-0.7506979630741762,1.2076925936905978,-0.9170041723883824,1.0845682832129202,-0.8710529560139875,1.1517100395405557,-0.8129679615449106,1.1738201866031612,-0.7619100015546457,1.1823059310248065,-0.9046183646601584,1.08121379450019,-0.868754438466724,1.129230260458653,-0.8196385463033985,1.1490655338252824,-0.776620477410331,1.159686162246232
-9.498264582190354e-05,-0.3521435853236508,0.06882271720113757,-0.39914870726754936,0.10796919463214893,-0.39764289438699985,0.1461130623268695,-0.3959778089055213,-0.0757300587071091,-0.3993086339654021,-0.12803147359869194,-0.397419356763314,-0.17008675481155808,-0.39461908607069635,0.21129941140462602,-0.35883033641286066,-0.22479648625799098,-0.35172741615592545,0.08906569485973245,-0.2830933529970539,-0.09110879837182338,-0.28545169945557425,0.49996180172296534,-0.006180357427067132,-0.49996180172296534,0.006180357427067132,0.7081216074215751,0.4633018794503861,-0.7725587246675818,0.46880659563629445,0.7433443158683178,0.9156197136658079,-0.8072044510161747,0.9108914105283709,0.8138785830990715,1.0441260481659127,-0.8489210016743328,1.0685021146984501,0.7293424838842143,1.0538500165583626,-0.7681377390208706,1.0870084789616359,0.6830243851608169,1.0185315625886913,-0.7373600003609605,1.0377652826310684,0.7917910070274972,0.9249523685736343,0.6844172822681751,0.9677724966373719,0.6621634524980311,1.039063665024679,0.6708249976464489,1.1035332565943716,0.666385933045631,1.1561923105849052,0.7898828143035892,1.0768277873921892,0.7718374743326408,1.1661908361610922,0.7185885042082282,1.1979174803983135,0.6718428700173621,1.211490318614241,0.848548566134833,1.075359339798408,0.822919695434715,1.1654732918357569,0.7575371124832372,1.1886549773855573,0.7039527277931864,1.1933020089802204,0.8739410476963291,1.0700006507507231,0.8497010767468826,1.1498660486627879,0.7880609281445127,1.171186991988798,0.7359061435641272,1.1774172651873576,0.8730009420827795,1.0640406831058964,0.8576474584444053,1.1293609277249042,0.8078649233596719,1.1525795697508954,0.7640936859399323,1.1601304646384725,-0.8191626343940936,0.9292021998113604,-0.7317339933711761,0.9766860389413162,-0.7212462921599477,1.0456980065978747,-0.7259998760528134,1.1092021511081371,-0.7252153948030066,1.1600787909814976,-0.8642059851549357,1.0827282322169562,-0.8385643501681245,1.1657998497249307,-0.7843363910514802,1.1913488755659527,-0.7389095211712334,1.2047411830309298,-0.9116250830985312,1.0777830959493018,-0.8746968660817104,1.156610278519171,-0.8096848108404048,1.1854703429881308,-0.7505847098655218,1.1956930602849274,-0.9175579780630521,1.068828509063393,-0.8720356712919051,1.135455475811789,-0.8137406288688651,1.157840798356944,-0.7631408614641969,1.1655113929815644,-0.9054275903760411,1.0638887690953593,-0.8724294109255661,1.111564095099738,-0.8220322822502198,1.1311058947931936,-0.7785519433784689,1.1402243329584976
0.0016837783949873453,-0.3283705362239942,0.07110135716426087,-0.3715245719501752,0.11052548577654106,-0.37013996671341975,0.14944313326877393,-0.3685367595648333,-0.07326529774966384,-0.3721043488360832,-0.12517888901009083,-0.3704446132514279,-0.16756430419962112,-0.3679193476396097,0.2134080810085059,-0.3348644015562212,-0.2213090055951345,-0.3285385281131972,0.09035903555127231,-0.2631549315035346,-0.08868737652594326,-0.2652337362860526,0.4999758222759229,-0.004917025474290084,-0.49997582227592263,0.004917025474290084,0.7034839158055831,0.42907803170062153,-0.7750638976282883,0.44126783882990894,0.741757608730898,0.8482680258992898,-0.8016190645246152,0.8436818624994666,0.8120521233823111,0.9684535511491147,-0.8433546011269845,0.989803848251167,0.7287041431783556,0.9781470018399292,-0.7621385898877294,1.0069230867598415,0.6824351031147458,0.9474167782052317,-0.7312145711157059,0.9629949529064477,0.7850566796837717,0.857690291851165,0.6776159352574921,0.900379807999342,0.6614628052502584,0.9669133978668009,0.6698454295592755,1.0259611052568474,0.6622449568085031,1.0721022704745118,0.7887413298321181,0.9989159286370702,0.7666424732477536,1.0810574370271397,0.7113515573471804,1.1095608196662048,0.6643271368702419,1.1221627911776741,0.8475909991454833,0.996488013338643,0.8191643845105805,1.0801534373126118,0.7521988979067947,1.101124652446074,0.6985339672876887,1.1054842468390498,0.8720453547102982,0.9901666925213426,0.8465178018293253,1.063450764057652,0.78470557973591,1.0830891221334178,0.7326959379487884,1.089184480960634,0.8690717678772756,0.9834244055787946,0.8531367865238908,1.0428449730156089,0.804519663810517,1.064107707949576,0.761503498740413,1.0709116070935842,-0.8159929534900388,0.8560202369815362,-0.7273519290308853,0.9020135936173724,-0.7158092243049994,0.966847991810571,-0.7206095800063653,1.0263535415942269,-0.7193771124665636,1.0740031434683301,-0.8588237555145113,1.0016165462163447,-0.833977238853888,1.0802118626760655,-0.7797686550182451,1.103180162960306,-0.733253338510012,1.1144723440510789,-0.9058968795777255,0.9970133863471532,-0.8674851253256689,1.0713363670736016,-0.8025426238027162,1.09679616766221,-0.7435453061985516,1.1050191202442827,-0.9125013481616183,0.9888500731620604,-0.8675753874967059,1.0514835803262514,-0.8099668682566291,1.0722617641290306,-0.758394880423063,1.07925444548638,-0.9009616280566182,0.9845945821439657,-0.8680226736358481,1.0294766428406568,-0.8197137356397174,1.0482348266098485,-0.7765112578718816,1.0574229358453369
0.002250393635663116,-0.33385867513627365,0.07218482886196818,-0.37740705384756634,0.11172963221391215,-0.37606465353914836,0.15108257476464437,-0.37444529145474187,-0.07230124487022914,-0.37810210882325784,-0.12382191640844763,-0.3764507866559634,-0.16664892923361632,-0.37391810374133466,0.21409377705314614,-0.3406873002500558,-0.21938348583161887,-0.3344919611056143,0.09061790497313056,-0.2675544101002414,-0.08737549353063688,-0.26915026308521584,0.4999716050669515,-0.005328613963910539,-0.4999716050669514,0.005328613963910539,0.7007847070691373,0.4348899518709012,-0.7790612066145496,0.4501956048351115,0.7405264249404812,0.8604115660316985,-0.8006527663482962,0.8531314279200012,0.8116051663565165,0.9827924086168716,-0.8414723249907003,1.0039326205590764,0.7275737452244243,0.9932143150690054,-0.7600363942505434,1.0197190576548085,0.6810710548671018,0.9635198640184339,-0.7294654602361849,0.97838360737502,0.7783890620955348,0.8694753226153373,0.672862553100108,0.9130355327034684,0.656576765749075,0.9790274186601193,0.6654915246328533,1.0379880863814122,0.6580957690444645,1.084388595181969,0.7871626778499176,1.0126523452889353,0.7639469794334757,1.0954732123912945,0.7076140852405904,1.123003443405917,0.660079353433287,1.1350872741682265,0.8454237460214917,1.0101623782543203,0.813749386787746,1.0928953551287375,0.7456770662238144,1.112202625586467,0.6918703091652294,1.1152170145580855,0.8685430628124896,1.0038619396065356,0.8385727090578039,1.0756960672534137,0.7759510040496552,1.0940134970670834,0.7238094471340437,1.0993598965098126,0.8650866805517112,0.9970499859782984,0.8467958305095564,1.0549908504778238,0.7977617688098101,1.0746195656153692,0.7549869175759398,1.0802178043650859,-0.8129133574074887,0.8631172636258074,-0.7275860185400238,0.911765887679894,-0.7158134722658521,0.9781502065773908,-0.7194071171224172,1.0389089362696224,-0.7182786940469926,1.0879055871878498,-0.859703117006888,1.0138316416166533,-0.8318905204285787,1.0924204098585126,-0.7763941970857564,1.1151704573219554,-0.7283849572385792,1.1272610488710295,-0.9054544277636039,1.00884202733001,-0.8627157196392751,1.0818536074536704,-0.7972157867555616,1.1070243238873891,-0.7367945247934848,1.1159817517337274,-0.910320346174019,1.000389200023115,-0.8588752096737187,1.0616889463107726,-0.801027102474085,1.0808281190248508,-0.749178209988544,1.0868599700529806,-0.8975110205890653,0.9962004316596075,-0.8601233878212077,1.0400659527318656,-0.8108609161083533,1.05733161924088,-0.7672200741649681,1.0652890652630114
0.0019513313736824692,-0.31136923923027704,0.07184906923053024,-0.3519208160609291,0.11138989980383233,-0.35069311670026426,0.15073986424235472,-0.3492083704694952,-0.07244906296299782,-0.35251913701887494,-0.12373374803035218,-0.3509475873767928,-0.16670962833242983,-0.3485742690452208,0.213622956239297,-0.3179071175987604,-0.21900541728657938,-0.3120195849862646,0.09017600305027512,-0.24946252043703224,-0.08705473796800843,-0.2503424336649837,0.49997316418477694,-0.005180260134579593,-0.4999731641847772,0.005180260134579593,0.6997905421979325,0.40479339647181367,-0.7770981756158877,0.4182432737647116,0.7397266224724365,0.8010239906442129,-0.7996165045228636,0.7952238339304915,0.8116072774349028,0.9167451748439748,-0.8380397589061399,0.9365178899027216,0.7262904756530613,0.9268847865140216,-0.7552659915390415,0.9502634569693585,0.6796174876807821,0.898739156090666,-0.7258274585612295,0.914086543073899,0.776347687811143,0.8125840868275027,0.6736352131334549,0.8518976595231873,0.6572924580462817,0.9122647448503151,0.6643180980839221,0.9671150547570433,0.6540592686300215,1.0105877488587574,0.7854660064993325,0.9447409566743464,0.7605454497572137,1.0217274961236193,0.7033234581317934,1.046221229031619,0.6556802790324878,1.0568905347251936,0.8425695854235721,0.9431056462412669,0.8077220071162496,1.0195142595984013,0.7395078203122636,1.036413660089101,0.6861981338687796,1.038964807338326,0.8648010744311123,0.937917621745494,0.8313065009149079,1.0044170496357374,0.768193071882792,1.0205342891324953,0.7163466924726218,1.0252699054120102,0.8606276124698594,0.9327706732250662,0.8385887919213181,0.986490892883274,0.788747137739815,1.0042939648315672,0.7458501992385246,1.0099801965404986,-0.8138929850092946,0.8037444510601045,-0.7274213439842017,0.8499397524056896,-0.7165913579853359,0.9117885784044149,-0.722363661761163,0.9675794852099878,-0.7216326390579827,1.0111516490080952,-0.8582881956337453,0.9438026497253469,-0.8334213481533495,1.016817557412152,-0.7782960904079703,1.0391036355476806,-0.7292305170351198,1.0513598764838585,-0.903878978028794,0.9389937550507912,-0.8631859215823577,1.0067105775273968,-0.799506607803617,1.0313372706482733,-0.7403534708357654,1.0419745170440173,-0.9094152674481579,0.931220234058118,-0.8603250923497197,0.9884462238071959,-0.8043996477092604,1.0069882339461063,-0.7532248593611528,1.013386210691245,-0.8963508049408224,0.9270874470753064,-0.8613835523053659,0.9685275244458288,-0.81432054137212,0.9856028217089996,-0.7715678338664459,0.9937984090824842
0.002286376302509473,-0.3202454457357861,0.07225484440631913,-0.36177584914146194,0.11173265698960913,-0.3605522096155639,0.15105823942223148,-0.35910142038246806,-0.07196351980356312,-0.36241732109038777,-0.12302036071465855,-0.3607895740782779,-0.16628449342838839,-0.3583798471133075,0.21380639189282988,-0.32717229926239844,-0.2181443213930948,-0.32099016755162,0.0904765775119645,-0.2565522563078004,-0.08638597702126509,-0.2570050859732009,0.4999634468151826,-0.006045812491479838,-0.49996344681518246,0.006045812491479838,0.6992557464971336,0.4146496283166752,-0.7745740427445658,0.42961858090740684,0.7419393892982696,0.8194834644819045,-0.8012756790184988,0.8180713296473806,0.8148045488506025,0.9407631832379977,-0.8383958586330096,0.9617046078453519,0.7263942797046619,0.9514445840601271,-0.7539163573166207,0.9761776671251258,0.6792995613556879,0.921806507673671,-0.724877466400815,0.9397300966693186,0.7759768633764882,0.8338458516623447,0.673685579711852,0.8732792172017647,0.6567232542002068,0.9358628931133245,0.6620684038758418,0.9922928769571617,0.6516771665936139,1.0369917652465455,0.782530857203644,0.9685668659036283,0.7573027584046739,1.0478332217342448,0.699755802748559,1.0734796068248191,0.6516370397335679,1.0843816169711182,0.8393792816010207,0.9672291003682582,0.8062852385865745,1.046447983306332,0.7381814998579075,1.0637751481597546,0.685225200943917,1.066021218574117,0.8628115684571246,0.9621677257537185,0.8318433493197347,1.0315028406493214,0.7687261377013588,1.0483385214387717,0.717364836488928,1.0530715541277986,0.8602274346583769,0.9569893591191662,0.839764715386754,1.0130998195314613,0.7903932025975914,1.0320570829953861,0.7483616662574719,1.0383452570961633,-0.8117833381771831,0.8262481312069039,-0.7255477469105521,0.8744582498456605,-0.7167707610250628,0.9381681944121907,-0.723014986289128,0.9949127045409863,-0.7213920977207201,1.0393626173505945,-0.8601302214918304,0.9694747298579219,-0.8332956087624085,1.0444741104058684,-0.7776843242508225,1.067185112803363,-0.7284070106151757,1.079602140213845,-0.9058318360270097,0.9644672950315036,-0.8630183657392224,1.0342925712169835,-0.7977558516222658,1.0583644142090718,-0.7381124024845545,1.0681017952516274,-0.9113944894787912,0.9564689209999895,-0.8618465894494486,1.0153713166034395,-0.8048846672181076,1.0339902438486845,-0.7534537288090947,1.0404499376571938,-0.8983109288256063,0.9522439805385801,-0.8631458090066108,0.9943706611115813,-0.814916202288533,1.0114357697191718,-0.7713210679646926,1.0195113055729303
0.0025141887506201404,-0.3416895435355819,0.07276181807159318,-0.3857103022992654,0.11225223741499053,-0.38445254174690613,0.15151287328217122,-0.38301351409248696,-0.07155639802962693,-0.3865482616994222,-0.1222322781529334,-0.3848280627179408,-0.16576699447296123,-0.3823589340998521,0.21412985867402354,-0.34936174990796304,-0.21717498379531563,-0.34275688366221235,0.09072337617810193,-0.2738668574240787,-0.08566463635670472,-0.27416367545826736,0.4999461882758609,-0.00733545011825223,-0.499946188275861,0.00733545011825223,0.6972457547572668,0.4400434145623108,-0.7726332398023048,0.4589388474894198,0.7429873985376887,0.8672992839081596,-0.7994744291144448,0.8721374022187277,0.8158602007706836,1.0003781267612153,-0.8366355734233251,1.0249667705433525,0.7259701265539275,1.0117881749990327,-0.7518116050346316,1.0389283273122796,0.6789313469656216,0.9801597647465652,-0.7227955573398961,1.0005677648515876,0.7770420642795164,0.8860737677891811,0.6742043469322099,0.9280194602537555,0.6559695279442896,0.9958072542083668,0.6618977260402374,1.0564747011509465,0.6535811451977513,1.104950077433529,0.7826069924857769,1.0314288605865745,0.7579265583483483,1.1158501994860959,0.7006249552296332,1.1431491658766761,0.6523732997633462,1.1552583089889032,0.8396843815479492,1.0303617551605508,0.8054838329424093,1.114242813262996,0.7370856102705164,1.1333155233818477,0.6830642156809345,1.1364519058253437,0.8630180940765275,1.0250589296483275,0.8293779009536456,1.0978647790454608,0.7655112096504859,1.1150251486193183,0.7135580460055521,1.119971855077344,0.8600089905244159,1.0197565735373175,0.8374003805056186,1.0788144437178,0.7864852848243901,1.0980365798897092,0.7430028491858158,1.1041718102210596,-0.8110143115931077,0.8792558716259039,-0.7258674516073617,0.930644977709573,-0.7158404301195904,0.9981583284211865,-0.7197773810234773,1.0581772193533752,-0.7187892581781364,1.1053567353517453,-0.858516610625228,1.031848192337563,-0.8342412619397146,1.1117836203039326,-0.7790731957027893,1.1352658854251592,-0.7307333278152184,1.1471672402667472,-0.9049535784860463,1.0257713242237945,-0.8659622510088958,1.101050448616405,-0.8007443017147321,1.126010858159867,-0.7417253860054894,1.134766442533683,-0.9109925361700218,1.0165234944437802,-0.8664527192575832,1.0797260208749868,-0.8089684032418294,1.1000775363672828,-0.7579927625789865,1.1073513775762245,-0.8989708988895805,1.011668164755373,-0.8674276821032111,1.0572320017758665,-0.8193244247224244,1.0758029219971732,-0.7768191976632173,1.0848277862006355
0.0027664015368460545,-0.31072475116060594,0.07291859868822774,-0.3504400792687648,0.11238195661247016,-0.3493356047610292,0.1517480810077758,-0.34806433292959754,-0.07135694210262795,-0.3513279651498071,-0.12191191883420985,-0.3497687820144158,-0.16544473316141023,-0.3476057288230445,0.21398579181947744,-0.31770814076646153,-0.2167620602273411,-0.31180046995139005,0.09072453352420055,-0.24921910567705302,-0.08524877890475546,-0.24924998620067573,0.49995785271484927,-0.006491957236231156,-0.4999578527148494,0.006491957236231156,0.6956062441458165,0.39681122262095564,-0.774000956248799,0.4163500948474528,0.7439919444347708,0.7844824831050318,-0.7990279606389847,0.7884058677966763,0.8164052696280714,0.9072385139640269,-0.8352750325573933,0.9277978600078547,0.7256262889156191,0.9172691596440659,-0.7505034514145789,0.9396483317749629,0.6786136982770019,0.8875164834024647,-0.7216203392824831,0.9047667971902065,0.7759195244687531,0.7998751492469554,0.6718118361927946,0.8387782345915697,0.6553492309964514,0.9015516813889913,0.6618113139223443,0.9566489099519392,0.6535645831258541,1.0001016313411157,0.7825163350334496,0.9338117711564905,0.7561323219324512,1.0102073535235403,0.6992770789596646,1.034906814539484,0.6512006602276977,1.0457582022097525,0.8404775645484791,0.9321238247368192,0.8051760528194501,1.0081256096007902,0.7370933870145912,1.0261262634510528,0.6825902266947399,1.0296065551248448,0.864225149713581,0.9265202845832982,0.8319075591779223,0.992726994000187,0.7682418430334947,1.0093973772204452,0.7154553388730469,1.0147224260462495,0.8609373288928698,0.9208962046319547,0.8400862982632183,0.9744577645866735,0.7903648030361392,0.9923497699891444,0.7464843160538105,0.9984775707753613,-0.8107302042140712,0.7949148588997222,-0.7258917974448194,0.8418906514036727,-0.7160092291324427,0.9030627022398333,-0.7217543493306674,0.957524471954288,-0.7217421502901367,0.9996353071036571,-0.8585508467396141,0.931969988733818,-0.8338398064690595,1.0045953141433341,-0.7804370265147366,1.0272441950677067,-0.7328889338763471,1.0398910443752136,-0.9040741228969557,0.9279660030424426,-0.8667452382702974,0.9969505430475954,-0.8020970508690017,1.0204245572293182,-0.743053963796309,1.0299081360183895,-0.9101404097468027,0.9209769472854636,-0.8679034295301059,0.9790928178594215,-0.8111255966453935,0.9980470849437583,-0.7605551917154934,1.005139689612518,-0.8977851587080076,0.9173649175980518,-0.8686152345751966,0.9591315340666723,-0.8214874257927424,0.976414853184708,-0.7797370168654532,0.9850606915301795
0.0031532247776904195,-0.3696525583336263,0.07302063087901298,-0.4165824763510468,0.11241971083247654,-0.4152922791451116,0.15205503897420142,-0.41379112631810205,-0.07112644262316926,-0.41769941850361353,-0.12149353697010927,-0.4158301405777157,-0.16494648203137963,-0.4133025269606336,0.21369846859013783,-0.37791325539222476,-0.21614947647819321,-0.370816165411109,0.09069292533111523,-0.29681690466469607,-0.08470865678342035,-0.2964617653169065,0.49993648734284457,-0.007969229780712166,-0.49993648734284457,0.007969229780712166,0.6934954685352643,0.46694130289083835,-0.7806549543663247,0.49467434316953335,0.7457930557422999,0.9251608726695548,-0.796810995069656,0.9331414963996181,0.8149232816528481,1.0711538915185057,-0.8329236588463321,1.0962401843861678,0.7242071964879859,1.0832090250481436,-0.7476997628271961,1.1095935579095184,0.6783439297330811,1.0472542449641464,-0.7188817760292804,1.0684897180672888,0.7734222903014778,0.9443749251113464,0.6695304952397394,0.9916948345569244,0.6515325323918584,1.0653320860743214,0.6590325628771829,1.1300740143100707,0.6534232332596089,1.1810904225296925,0.782029342955869,1.102677430653391,0.7565873266725697,1.192418018881646,0.6991673922981004,1.221923656074833,0.6502600828388841,1.235576455884808,0.8396361655640496,1.1013006059207715,0.8042760175437371,1.1920239222805604,0.7342737657694781,1.2136229964144665,0.6781103641510453,1.2178429466263467,0.8631871232987685,1.09562842984086,0.8306644573034019,1.1755353695467874,0.765236227984079,1.1952024990333645,0.7112942031607963,1.2007642543394172,0.8600981916502835,1.0896316937625206,0.8387205026390703,1.1543608875842892,0.7872749111692615,1.1755735727887293,0.7425701726229536,1.1823228121984786,-0.8123656401673284,0.9387257044882158,-0.7255742526205139,0.993181242273009,-0.7165533632457316,1.0661596554249855,-0.7230107541114017,1.1306743749060273,-0.722552207287252,1.1810929359008728,-0.857792312759029,1.1026933486708668,-0.8314078074884952,1.1883274235065167,-0.7781385803065743,1.2150266304396766,-0.7307240517916553,1.230342611738757,-0.9031092667561059,1.097741504771256,-0.8658982098603885,1.180115737185936,-0.8026683763428836,1.2089256732363902,-0.7434102754725807,1.2207314803449332,-0.9085760605628967,1.0891152797639891,-0.8698353815973847,1.1595002289739573,-0.8153145397708411,1.1832019894373802,-0.7654428780836521,1.1935089895320155,-0.8965037066065793,1.085064898327746,-0.8707009244960504,1.1362054670836794,-0.8255347329688484,1.1578744129364003,-0.7845041366191239,1.1698613503280102
0.0025164695655717174,-0.366814399739876,0.07220330534647937,-0.41341996817988,0.11158579082797693,-0.41214690145972505,0.15138960628460563,-0.4106636637221079,-0.07177564025312824,-0.41453268711863656,-0.12199144557169149,-0.412650365260149,-0.16539958638736962,-0.4101670921360061,0.21301174734457462,-0.3751090551184919,-0.21649954221918488,-0.367921472045212,0.08988810015186634,-0.2945166492363438,-0.08488737197392536,-0.2937459668131647,0.49994477702444245,-0.007431011100814609,-0.4999447770244426,0.007431011100814609,0.6918479996873563,0.4618858532157768,-0.7797997843393656,0.48956681278551534,0.7469535347744866,0.9150803335357802,-0.7982708030066479,0.9183942430438322,0.8160866276867655,1.0613819482231202,-0.8318090527032781,1.0824883996393428,0.7235890834174243,1.0736255102534202,-0.7461606634998114,1.0971537030972471,0.6785785146001825,1.0373056997825922,-0.7178052097096808,1.0497483886796937,0.7731325631615246,0.9317254463174035,0.6685361922704312,0.9788225209811762,0.6483703510252937,1.0527394436180526,0.6555868537209046,1.1181586811893536,0.6493302552761332,1.170111860594804,0.7795301402934427,1.0905436543686726,0.754753582162465,1.1805950016175193,0.6986542365579664,1.2107461972312974,0.6500080236986442,1.224316718115428,0.837741489394629,1.0884406155744228,0.8043008094412868,1.1796329149291287,0.7353318942406216,1.202367921854821,0.6791427862568384,1.2071660655652114,0.8625856816046304,1.0819901672787058,0.8332801385355506,1.1628609189729964,0.7685464729324262,1.1842608292496346,0.7144388528054544,1.1904591719708693,0.8611728610145776,1.0748591335783582,0.8431631014126156,1.1409564653924864,0.7923327896267228,1.1639752986862886,0.7472950957962576,1.1714718688618904,-0.8128315814864735,0.9311953270856854,-0.7268404266965036,0.9863205858538598,-0.7172056933812379,1.0579971236424042,-0.7238784466341442,1.1223772145868693,-0.7216104743114231,1.1732052192445472,-0.856314137634481,1.092372665364572,-0.8323825147427042,1.1788643084741188,-0.7800307930868485,1.2056786758912557,-0.7329786208894753,1.2202888416345827,-0.903404632835734,1.0879815774928223,-0.870114478860377,1.1724224962059862,-0.8068151821719547,1.2010931113214038,-0.7477771001430725,1.2117517962125168,-0.9104014140015353,1.0798941037375047,-0.87850511987508,1.153185910839235,-0.82376238183981,1.1774868620744103,-0.7731723584111874,1.1873012091916968,-0.8989564875751985,1.0762590004342953,-0.8811296433584587,1.1303406284843882,-0.8382017223492517,1.1533822143893262,-0.7981976368525588,1.1659036239994083
0.0029574626814018934,-0.3288868682645767,0.07247626308508456,-0.37088457309904665,0.11172767360850629,-0.36975145015452177,0.15179629885154944,-0.36842464561844085,-0.0716009175144921,-0.3719211903370522,-0.12168211447591493,-0.37022839386613915,-0.16503428709730725,-0.3680003481525867,0.21330710717263024,-0.336568752289225,-0.21601548850484928,-0.3301341449499149,0.09006792269008128,-0.2639413574197162,-0.08427807212913678,-0.26296930071222935,0.49995700990102054,-0.006556542597354352,-0.49995700990102043,0.006556542597354352,0.6902368223074234,0.4156867516363946,-0.7830579930202125,0.43887239655621624,0.7451812480414965,0.8203801554967778,-0.7963979550635004,0.8236473502338464,0.8142170193527317,0.9523104559509569,-0.8285551762381892,0.9705537576970908,0.7220688489972781,0.963743999316543,-0.7430937896580099,0.9836228345024841,0.677418658094099,0.9298219456178896,-0.7139927556880411,0.9406722847446954,0.7762799179927627,0.8354631932115236,0.6686162407219652,0.8772716098469411,0.6477975622077871,0.9440507291156682,0.6543388408132117,1.0034041214819898,0.6481253383077487,1.0502750666385656,0.7768824135507583,0.9772632871571334,0.7492473808882761,1.0610902586253428,0.6934127430413256,1.0877428114804466,0.6463992170208791,1.0981375781439153,0.8369946986425083,0.9763502061591861,0.7992815746501392,1.0607197243694477,0.7298339912154869,1.0804966924207295,0.6749693284867274,1.0833695243323922,0.8624650915313171,0.9719521968702641,0.8269596935788843,1.0461344059003617,0.7613815061140659,1.064033831602741,0.7086476550986902,1.0683204423291994,0.8604927375740254,0.9672173111798812,0.8373858578449067,1.0276257134612994,0.7856677388503246,1.046956491548489,0.7419672262291634,1.0525006550308873,-0.8141750903622154,0.8352561825138973,-0.7289794766083355,0.8836895371875935,-0.7202497005446127,0.9483214044862662,-0.7258853663676069,1.0067337172854651,-0.7249722758034284,1.052279942905792,-0.8595224063709888,0.9806454547420923,-0.832319571689309,1.0573820864237624,-0.781307746985084,1.082171245143111,-0.7364084747327218,1.0971047585841756,-0.9056967294326258,0.9773542825069533,-0.8703736469209103,1.0530488610581983,-0.8066335249161557,1.0786359789990443,-0.7475372834194384,1.088614341410309,-0.9117862253907649,0.9706575609030229,-0.8768983675810355,1.0361265556343269,-0.8212452439839004,1.0572406042922913,-0.7708081402197492,1.0658261868156418,-0.8986015163399631,0.9675279761548801,-0.8770084423087927,1.0149947844777887,-0.8328692776690109,1.0350276117941943,-0.7926822542149549,1.0459714780563305
0.0035349441512820858,-0.3696611598408543,0.0728923611913091,-0.4168933349431647,0.11207248074519284,-0.4156353491046051,0.15251391244797782,-0.4141484635741779,-0.07149837755880147,-0.4180682975662463,-0.1215126832833353,-0.4161554158999487,-0.16480508565493848,-0.4136689877662404,0.2136986594630325,-0.3784906620683978,-0.2157216996477507,-0.3712282230330033,0.0904412528648084,-0.2966665964203164,-0.08349266166547466,-0.29542267096502317,0.49994684918384874,-0.007290266877276074,-0.4999468491838489,0.007290266877276074,0.687947228883242,0.46945364206864226,-0.7811525450418071,0.4930088012923095,0.7437017756168348,0.9222045112834524,-0.7945157535992217,0.9271551052773638,0.8123932582307761,1.0716037832231877,-0.8270748729948397,1.0918355030450053,0.7207338803175567,1.0848158566992296,-0.7415945827898025,1.105638112618238,0.6765497442969313,1.0452909476386303,-0.7119733858692375,1.0574094915446755,0.7794452327748742,0.9370517738562795,0.6696211471256023,0.9832804727957045,0.6455357189543652,1.0593891600314886,0.6510569142788364,1.126725339807613,0.6458614883173268,1.1808856013789522,0.7740783024842549,1.100635963885683,0.7491005186275687,1.1940072866768523,0.6929972760455689,1.224053823560713,0.6454390367211678,1.2365170142423012,0.8347718184468137,1.0987085196795736,0.7993644386839515,1.1931181348207645,0.7294772243329654,1.21411932585539,0.6743944769403402,1.2158666632472765,0.8614378091658945,1.091819936192103,0.8269745029742546,1.1748734484484236,0.7613837830856737,1.1940749104249435,0.7089549985392577,1.1977885254624372,0.8611275018512571,1.0842177882538602,0.8387471643882857,1.1516092052499598,0.7860389966238797,1.1731190808649037,0.7418870287727554,1.178803995113457,-0.815546849621243,0.9399195898860903,-0.7303679804961744,0.9944941306072443,-0.7211096791817041,1.0688414200678755,-0.724403628648766,1.1351115214984757,-0.7243765256330259,1.1867533006099693,-0.8584782487094226,1.1040173186757494,-0.8333928969820698,1.1912792375521308,-0.7790347775955185,1.2175303078816249,-0.7329808000758664,1.2322863453487352,-0.9041125293656636,1.099360821031828,-0.8703007618999462,1.1841857741942061,-0.8043733425797616,1.211477982427478,-0.7453028973794746,1.2208883960850956,-0.9097779038476372,1.0904803499149436,-0.873488920743275,1.1617526000780987,-0.8157663840487378,1.1840083455482249,-0.7650225184578887,1.1921903169106938,-0.8969720399286549,1.0856479300946764,-0.8706291971333082,1.135265014015801,-0.8237455563137955,1.155000770556446,-0.7825246685370295,1.164844043156052
0.004662814559637678,-0.34771983120844424,0.0738230537295638,-0.39221574916494406,0.11308413422893797,-0.39104272377800114,0.15383774131650607,-0.38965901204060116,-0.07086142665420443,-0.3933168136683602,-0.12081155309970273,-0.3915008642388791,-0.1640968650676365,-0.389177488229168,0.2148902424148949,-0.35616271666345545,-0.21494170884897076,-0.3492644707860289,0.09157790866288722,-0.2790036434495918,-0.08227126888308103,-0.2775843449295287,0.49995305988446126,-0.006851124883125918,-0.4999530598844614,0.006851124883125918,0.6860120277682583,0.442511446645516,-0.7800630316913274,0.4643149644995768,0.7431305411281823,0.8684784641868416,-0.7925669349528519,0.8736788583648639,0.8117306835189957,1.0092767824753757,-0.8254002571447184,1.028842427076301,0.7202240736143494,1.021843325737389,-0.7401359045468294,1.04107939893958,0.6761551408199983,0.9836794931403274,-0.7104198953934017,0.9957522304269795,0.7795435756480877,0.8818691721411508,0.6677776476457197,0.925124906468204,0.642167950049679,0.9960210208606343,0.649756764489364,1.060092818554666,0.6440047693347928,1.110963651980712,0.7710590677850242,1.03571351047581,0.7484365530109189,1.1246451952782905,0.6925214668560533,1.1524635092569833,0.6453538997894238,1.162973734842899,0.8345636782614243,1.0342243768313615,0.7991199874067643,1.1241381623571607,0.7288438139697083,1.1436987681216029,0.6742554969912202,1.1447681037015383,0.8637293515111673,1.0279359089002316,0.8292101042947834,1.1063354806708219,0.7632638551976497,1.1236749043279795,0.7111256954220873,1.1262456557162914,0.8655526830411437,1.0205348028881378,0.8426852590290231,1.0838101494905317,0.7899492012658714,1.102868288779407,0.7466597187420729,1.1068818795019773,-0.8168979578678063,0.8862779966003783,-0.7307333419821339,0.9377090856579087,-0.7213440009668818,1.00786874260558,-0.7260142249183219,1.0707458636621547,-0.7239399501546112,1.1184364039490524,-0.8579606297655215,1.0382870962096438,-0.8344814650697503,1.1225388041646405,-0.781855749566552,1.1486443861299394,-0.7363759265966789,1.1639271771837192,-0.905510512575625,1.0348329738003572,-0.8741594680527527,1.1183422406922712,-0.8075144733778111,1.1445429306961918,-0.7482891637919543,1.1534731661173199,-0.913101456660858,1.027706011985682,-0.881290808008167,1.0985698463318914,-0.8219094575183066,1.120157953926292,-0.7702324103714924,1.127422853889697,-0.9012468734533826,1.0240623033537122,-0.8786433923863621,1.0740011094939919,-0.8323361133858764,1.0935245538393699,-0.7922758833946311,1.1024673863517063
0.005992402960264133,-0.3309521802768642,0.07495762993698796,-0.37337042292221306,0.11430113368586248,-0.3722565717071528,0.1555712276326447,-0.37094273697649494,-0.07034753682675435,-0.37443375356399267,-0.12034561982950864,-0.37270338645095996,-0.16362714415546997,-0.3705256798997389,0.21640013051662257,-0.339084568404587,-0.2144418028214364,-0.3325236399487173,0.09258772102282727,-0.26551282174135316,-0.08112348097944373,-0.263906207545956,0.4999574701657191,-0.006521351508255162,-0.49995747016571884,0.006521351508255162,0.6850095969635689,0.42160400330767095,-0.7790291844313386,0.44202001159491117,0.742630707664541,0.8265769187254413,-0.7913381028939037,0.8323374633808794,0.8112792688862982,0.9608132300984423,-0.8243251089860849,0.9798393979260832,0.7197935393716199,0.9728770033122147,-0.7391326680902247,0.9914499851071331,0.6757702618620633,0.9361302571901712,-0.7091383395521508,0.9481564023211736,0.7721910835512823,0.8428826211426248,0.6606444188854864,0.8869082275467726,0.6372824294085229,0.9522745036506091,0.64706006083258,1.0118360108583018,0.6433031567553245,1.0587823660138653,0.7668543967882768,0.9888536473960122,0.7460322936158434,1.0725395528649622,0.6928111702470335,1.098448811498562,0.6474643149878563,1.108702389097011,0.8330648444621394,0.9870597922628479,0.7966294883688949,1.0710906468093015,0.7287055704509152,1.0887911368045362,0.6760837361368566,1.0898120421577746,0.8645393992350036,0.980843363146441,0.8282852482938169,1.0542197735871683,0.7643712479090486,1.0702024141781803,0.7135299049227449,1.0725812285901015,0.868187083768553,0.9735174302827042,0.8438894586874707,1.0321886060817507,0.7930085768079096,1.0493688990761427,0.751472526180025,1.0523311736400178,-0.8202074346709134,0.8444445613592751,-0.731870100347128,0.891950840375976,-0.7215092259214126,0.9591288112219394,-0.7276396160730555,1.019136158741017,-0.7292794163165074,1.0648251962464177,-0.8624377208887031,0.9919851733760113,-0.8362849593047028,1.0723728499644039,-0.7812596744635193,1.0959208339696844,-0.734184366733856,1.1089191628328088,-0.9097462726276935,0.9885884518644589,-0.8755808124815464,1.0672408891777072,-0.8063349125540324,1.0911120849218394,-0.7448897437138262,1.098362911532717,-0.916477547574174,0.9812116986020807,-0.881868914945083,1.0477090658792185,-0.8196810620728977,1.0663109808214462,-0.7666777128997972,1.071450886980202,-0.9043481941974667,0.9774487404124135,-0.8781141828473896,1.0237891485139698,-0.8283869323982249,1.0400011555059296,-0.7867193661915348,1.0460657230771337
0.0071333661857405865,-0.368060730148173,0.07660988473204376,-0.4157464897436248,0.11618932722908433,-0.4145029629005701,0.15833889099716097,-0.4130232736834532,-0.06966209118511,-0.41701289794824004,-0.11979468789293986,-0.415114162481815,-0.16306069845530846,-0.4127124546041536,0.2183207853978902,-0.37756893797997554,-0.2139597619676596,-0.3703922907860139,0.09320276193938407,-0.2953024263426669,-0.08037535769891178,-0.2933438987051568,0.49994840793586875,-0.007182576305898856,-0.4999484079358689,0.007182576305898856,0.6844819108116591,0.4715245685385514,-0.7776684224149798,0.4923788418854517,0.7430693758300672,0.9214389437125186,-0.7902072614235018,0.9276474754883395,0.8113446978730163,1.0709529418898691,-0.8234473459808257,1.0917684672376304,0.7192983665248328,1.084251021370208,-0.7389301894125836,1.1051465479748122,0.6753751693470567,1.0429521679604061,-0.7084626247261491,1.0569281704084381,0.769172109105613,0.9402432474842857,0.6574682731396599,0.9879966490609929,0.6345720366934735,1.062102865483096,0.6429959983703398,1.1292501416805374,0.6361345485708821,1.1817443275484418,0.7641785180977166,1.1045942219698452,0.7421476673954679,1.1976709243151948,0.6873779243808623,1.2258823069813567,0.6406630345923725,1.236888408909182,0.8309444628770886,1.1018708388924359,0.7946875277829396,1.1954404091061428,0.7224623556631267,1.214159200052224,0.6664857484530254,1.213552760462253,0.8624086558036249,1.0932866539280297,0.8287871975555247,1.1742582809217008,0.7603962191698018,1.1918299974794806,0.7062017469076135,1.1932461366376648,0.8676955498798717,1.0833678342174213,0.8474060975882651,1.1479041299384036,0.7950399873880226,1.1665597883686465,0.7515870315426564,1.1691336910183432,-0.8237046503483053,0.9428056259445833,-0.7344109133908242,0.9967062639708875,-0.7234387927499726,1.0723101239631567,-0.7310599789695327,1.1392671675268946,-0.7328998535311424,1.190873823793833,-0.8673410977267701,1.1101168139505648,-0.8438082200491911,1.197828588587553,-0.7888298351176066,1.2248731888313686,-0.7412243649224539,1.2405379025694585,-0.9152869394023594,1.1043537171476037,-0.8831934998115221,1.1909925730498148,-0.8147023183998818,1.2201126965061264,-0.7516598259636059,1.229907923460861,-0.9219028630070699,1.0945185730730667,-0.8905878897877106,1.1693481411515085,-0.8297485355562735,1.1923093369515867,-0.775754690740144,1.2004031593062006,-0.909660293749504,1.0892936058098708,-0.885552765223336,1.1427751975868667,-0.8379418044514206,1.163324831492261,-0.7965899240734915,1.1730621034655249
0.007658580831717343,-0.35095332247725175,0.07809828277435639,-0.3970545784971373,0.11787321452742458,-0.39583509440267256,0.16081692121779345,-0.3943589104228957,-0.06915292370606174,-0.39840584477774954,-0.1194793750432394,-0.3966332107438529,-0.16276578595564126,-0.39437359723225435,0.21998420329521293,-0.3603148863295363,-0.2137287891432481,-0.35393522369475494,0.09333215810697153,-0.2814837563754265,-0.08024885797760013,-0.2796767200869995,0.4999586832981591,-0.006427674133853214,-0.4999586832981591,0.006427674133853214,0.6842105281846347,0.45222446037829506,-0.7769260045594226,0.4695973594572609,0.7445855948214195,0.8812204147322139,-0.7897333357414028,0.8861294807603439,0.8113283041622197,1.024463739913343,-0.823577413358569,1.0418920338058681,0.7189930595379104,1.0368530214427605,-0.7396953330249911,1.056489764472977,0.6752469364020478,0.9969465658268157,-0.7085943053172383,1.0102753242374904,0.7715485929597735,0.8983303879958134,0.6580407416263065,0.9427935858545126,0.6317787293966562,1.0136079528480477,0.6379741349064368,1.0791713065781674,0.6310996935517602,1.1308929810446848,0.7626326186543186,1.058049439771173,0.736392202455189,1.146956359502248,0.6808909350669767,1.174613537195379,0.6332993023652845,1.1858977959597898,0.8288547220462552,1.0562558929978636,0.7892661888189106,1.145177339899065,0.7176521584625487,1.1638449131508426,0.6612312896107714,1.1642559841736528,0.8594794864743697,1.0484565586714898,0.824617474648112,1.1258515740930948,0.7568066468797566,1.1432433106014552,0.702032386846859,1.1453513466621186,0.8639516349585862,1.0390359283033064,0.8427740717834069,1.1010332608654523,0.7905353981536094,1.118997463660336,0.746510827837345,1.1215378027616867,-0.8239930926919312,0.9026152646262007,-0.7320733503843406,0.9554766035711031,-0.7225430398172296,1.026863277211929,-0.738295750932272,1.090018313485694,-0.7428942893000277,1.1412291424093017,-0.8643658981587993,1.060305461400048,-0.8559777432304347,1.1454766634593636,-0.8051132055508372,1.1737482925570757,-0.76084837939503,1.1911674870133677,-0.9220684117644894,1.0528538213213172,-0.9086856437282871,1.1406097421885237,-0.8399596841666178,1.1675121455920057,-0.7796940138155851,1.1749519723675566,-0.9357550731236131,1.0421069082123544,-0.9262811423574924,1.1204969549680082,-0.8655513343669089,1.1433049313450687,-0.8143739197697268,1.1501609574486134,-0.9275519890961448,1.0357398570769136,-0.9231602061681281,1.0963315661998971,-0.877792787593422,1.1210566501159587,-0.8374872927052874,1.1320230671691403
0.008198967096183563,-0.32975265734947473,0.07954201139456672,-0.37373519797160043,0.1191880877404844,-0.3725287275637507,0.1626811120322565,-0.37103523152769935,-0.06821602745791867,-0.37519988614192823,-0.11892030929725318,-0.3735763410201429,-0.16216546596857204,-0.3714949539175234,0.2213513158487232,-0.33861013585498484,-0.213484505522754,-0.3334310381989437,0.09334578661028903,-0.2641585762076845,-0.08021172298028223,-0.262747442085386,0.49997257371732634,-0.0052369390365671,-0.49997257371732634,0.0052369390365671,0.684190514808477,0.4277154971106454,-0.7761843565521213,0.44166813181489234,0.7444272136685927,0.8312255423247493,-0.7902601136069948,0.834884818218882,0.8106320267945413,0.9668687695869419,-0.8285534044070837,0.982011778398086,0.7184974819032639,0.9780217009544693,-0.7441458073733265,0.9958141308158689,0.6749573795771897,0.9399935130066956,-0.7103113904724772,0.9521113198350645,0.769328839038197,0.8470527191427388,0.6544249851580503,0.8901953186773048,0.628347470841434,0.9584114421144593,0.6351536095148681,1.0197550467757266,0.6285833919682201,1.0677623395832407,0.7610429280158814,0.998518158943188,0.7363221814096496,1.0826348703652933,0.6811948651520764,1.1083003470178678,0.634232225129235,1.1185890424136875,0.8266976714778755,0.9969345537083458,0.7867530212828294,1.0809522804012286,0.7153085645270956,1.0992646057401254,0.6594938381746703,1.1004847655254208,0.8568228348339508,0.9902195379894436,0.821259981530856,1.063383092695097,0.7540704233565668,1.0795780775114896,0.7003363337381985,1.0821793600916063,0.860381651051067,0.9820588638391904,0.8389707026384042,1.0408500765540754,0.7871781394722819,1.0576783831182295,0.7435297222702937,1.060424682839639,-0.8317622768523033,0.8530203851127386,-0.7355258369910644,0.9003809676604839,-0.7271501945274282,0.9675741486071922,-0.7470603978578831,1.0290328342986348,-0.7564593681197771,1.07882651564645,-0.8693809447303916,1.0003663753310734,-0.8709908896139701,1.085574325698134,-0.8144567188651565,1.112908101206451,-0.7680979077277712,1.1238182341652165,-0.9304390313995204,0.994008186022074,-0.9296375544132855,1.0830226859153478,-0.8546406971499978,1.1063132812301761,-0.7935249575873576,1.10924115324364,-0.9489103016909258,0.9862891823353427,-0.9519897980343595,1.0672678672352853,-0.8875585525089539,1.0902612074970077,-0.8336114613331309,1.0957814865601565,-0.9442061264550579,0.9816039552963802,-0.9495647483125114,1.0454226294863695,-0.9044693010035438,1.073104957605034,-0.8621130519535929,1.085740102554674
0.008803494061560361,-0.3128886692443844,0.08102600342766118,-0.35509508074801827,0.12058782541424434,-0.35388896253293867,0.16444387938326102,-0.35235312908338084,-0.06676739797047573,-0.3566293403778411,-0.11786378646045306,-0.35510044604256935,-0.1610965583758984,-0.35320871472112414,0.22251288749084805,-0.3210493537938165,-0.21317648506169573,-0.3171577268127766,0.09341520508187132,-0.25028004560634554,-0.08008059646890156,-0.24936444020689094,0.4999796556588686,-0.004510424285929499,-0.49997965565886876,0.004510424285929499,0.6833843590239834,0.4086783489667753,-0.775685574612946,0.41975331844182506,0.7442941885283306,0.7907992052783805,-0.7929933519617334,0.7936910275041444,0.8102787460089518,0.9198904813693708,-0.8388389983312807,0.9345218542219098,0.7179301981419678,0.9304124678193574,-0.7562170566545956,0.9479714315280008,0.6745855097186775,0.8941842821163032,-0.7172763934044388,0.9057501402741452,0.7724796311388135,0.8054866633432934,0.6549818072354361,0.8446164003395641,0.6296271002652749,0.9104929175827662,0.6353131666361804,0.9700732974389228,0.6259293434574587,1.016764379814641,0.7618596834955784,0.9468173924386968,0.735783225639252,1.0289134097215535,0.6789174305804327,1.0548445221222018,0.6316635383503147,1.065911765573098,0.8257940013297181,0.9470407317665425,0.7858864325347096,1.029726359151931,0.7130794801244792,1.0485588291752155,0.6561947521544513,1.0506082286192013,0.8539431706056425,0.9425875372891577,0.819142533430272,1.015452958751839,0.7502792887304739,1.032531621292271,0.6946581114047475,1.0357748345424995,0.8546858007770659,0.9371388302921377,0.8326079029907479,0.9959941084740329,0.7790309492462592,1.0142731662486901,0.7333244243854757,1.0184576667749574,-0.8358892684592975,0.8145142364176564,-0.7398512358742075,0.8633253970509133,-0.7338932964372095,0.9283012601821432,-0.758158033939663,0.986703564429407,-0.7711681289156566,1.0327090336987597,-0.8817729575943573,0.9579975216869475,-0.8878533416533771,1.0392380964065824,-0.8258856136173651,1.0634380070987532,-0.7755073044443233,1.070176387831328,-0.9437240972151749,0.9512734484065088,-0.9426620405207681,1.037676151856876,-0.8656859548965569,1.061541554318103,-0.8036295341339721,1.0644190690917308,-0.9637629912415699,0.9435203831684363,-0.9651232855232854,1.0217548191197392,-0.9003020404234178,1.0451696799131982,-0.8452175315060612,1.0504441221431995,-0.9598958998914491,0.9384398069148803,-0.9632958172339214,0.9997526761502064,-0.9202567095363993,1.0272377209273647,-0.8801253077257007,1.040414168972176
0.009289797258758262,-0.33238299833027607,0.08202509272422248,-0.3776398420748416,0.12151211548301549,-0.3763193366812784,0.1655812150799303,-0.3746212069357746,-0.06576590210932542,-0.37936012233161626,-0.11708942599842354,-0.37775029015681416,-0.16035097479748395,-0.3757966302864434,0.22335320456788732,-0.3410117261899097,-0.21290121522715644,-0.3374410789967662,0.09350275118345487,-0.2655996635602065,-0.07993368652320688,-0.26486504299568736,0.49997853629454775,-0.004632844133106437,-0.49997853629454764,0.004632844133106437,0.6826843834769551,0.43490127338647244,-0.775255355484068,0.4466034417738845,0.7437803334231127,0.8409393268673809,-0.795111242908226,0.845116563147526,0.808860613406527,0.9772937638466402,-0.8524544255760298,1.0009626888591876,0.7155731943607918,0.9883889625540735,-0.7710974860530115,1.0139990639873406,0.6728273105290359,0.94858213412388,-0.7268793477820127,0.9671798860715229,0.7680769099580798,0.8594433007054509,0.6486520877393764,0.9025395181186647,0.6309618605025206,0.9736741723966337,0.6392646856278876,1.0360218482550647,0.6281008486616222,1.08444743300889,0.7664044925992808,1.010813653005681,0.7335873264193064,1.098334357322406,0.6728110356827265,1.1260888718261979,0.6228132926160865,1.1373941578570248,0.8252828178352734,1.0096945574156324,0.7840423572871413,1.0976343707188085,0.711382598336613,1.1190832207769714,0.6545027180871184,1.12306391884371,0.8482887282977,1.0042099081403384,0.8130043307973143,1.082715126014037,0.745021821155718,1.1035521348021136,0.6885008720275478,1.1095416026023157,0.843101828638578,0.9988896750311788,0.8216011645592718,1.062626515256253,0.7690652530703717,1.084394454466469,0.7226801720834215,1.091283187353111,-0.841398276791187,0.8649929552612442,-0.7501675914478076,0.9188401630933454,-0.7493503995725198,0.9884795436826381,-0.7711166797576267,1.05132366502048,-0.7799245558200965,1.1013098332178626,-0.8901677112127224,1.0215390675765033,-0.8944604672775935,1.1095262266460384,-0.8379006442638092,1.1364767765448722,-0.7928321894982678,1.1467820164689067,-0.9512039572389951,1.0147089460083443,-0.9523910480668161,1.1075882472063268,-0.8799877948461651,1.13576187069657,-0.8174667786700366,1.141889417628887,-0.9699845991785837,1.0054278056672585,-0.9740019211597177,1.0883573407818763,-0.9124470028575834,1.1162838833113455,-0.8568522605398988,1.1250676647498752,-0.9649344878336876,0.9984073876105184,-0.9727390726913314,1.0621793946266824,-0.9327308568245039,1.091896855469488,-0.89250142687822,1.1065799802912277
0.010351273635033444,-0.35508299404798777,0.08319289889635616,-0.4036655056808648,0.12244810503396013,-0.40222671860627307,0.16659351669231562,-0.40037287174748787,-0.06441463336516315,-0.4055495579496021,-0.11597988955253873,-0.40383688678045826,-0.1591577719285824,-0.401806122520525,0.22379708444370966,-0.3642000614653628,-0.21219424150013644,-0.36073417385980777,0.0938377526984455,-0.28365648095799445,-0.07935422889798605,-0.2829217811752242,0.4999772713142075,-0.004767406968073272,-0.49997727131420766,0.004767406968073272,0.6817372710552432,0.46536970332765043,-0.773755551061968,0.47788500148893576,0.7397536941390424,0.8996766027080373,-0.7939927072954367,0.9069340427164746,0.8031574700822991,1.045492038716911,-0.8591554025365477,1.0761159279335768,0.7087533598568251,1.0573652887302658,-0.7777006642982809,1.087050774833433,0.6661121104023596,1.0146942444984726,-0.7286494118883724,1.0368125833709445,0.7666517678651956,0.9191059273489783,0.6495193321325269,0.9633536776970313,0.628978172244801,1.0390135889036807,0.6343710018517715,1.106774988948354,0.6222484862369808,1.1593333792594005,0.7696415419991434,1.080179573274626,0.7320348368627724,1.1738016892102572,0.6669689563841387,1.2048727161936532,0.6136826764583092,1.2200942888207278,0.8261843666635572,1.0793743670632345,0.7811333483036348,1.173741766887549,0.7038327672208435,1.1974040825641492,0.6430465232499656,1.203178119420761,0.8457951861512727,1.0737250598239991,0.8076365662010712,1.1577315969537465,0.7365515635370329,1.1810859965644738,0.6774383775965566,1.1886098303771249,0.838451044406416,1.067616239555735,0.8143770290346417,1.1363297206353944,0.7593169895918922,1.1609677280447872,0.7105099824541095,1.1696913109707916,-0.8517356905094835,0.9212888584854627,-0.7596617596812619,0.9795336818226399,-0.7560666282779189,1.0559348061080058,-0.7778357279587076,1.1253870577804024,-0.7884766067021187,1.1804076367916412,-0.8994311387388418,1.0912422436074332,-0.9038937604477582,1.187994975239771,-0.8514728066288882,1.2216356603064775,-0.8086939318095142,1.238481811775019,-0.9593819578774851,1.083965426543555,-0.9652441094124133,1.1850877655940308,-0.8962428766748881,1.2203784313563957,-0.8337744320386483,1.2313591969926752,-0.9763747595523166,1.0747756544601768,-0.9847505173588441,1.1633984900920376,-0.928698170768021,1.1981080070235721,-0.8765715921279428,1.2124048544586359,-0.9694666817444755,1.0680457914234096,-0.979776128928749,1.1357656692064237,-0.9442544304038131,1.170019743918896,-0.9060424121653656,1.1890515946746991
0.010609071892478441,-0.284562135274897,0.08335212252909242,-0.323659773870406,0.12229933077542272,-0.32248726104334197,0.16637329924082087,-0.3209756800590304,-0.0638126104497343,-0.3251927586952829,-0.11520236205255814,-0.3238261104240673,-0.15817979788145425,-0.32221742908987416,0.22300264548371493,-0.2918530142342809,-0.21107708413559978,-0.28925388322905154,0.09345466980890878,-0.22728434857680488,-0.07889112054484902,-0.2267094466396703,0.49998794944416247,-0.0034713701360703344,-0.4999879494441626,0.0034713701360703344,0.6802224827678502,0.37328353413123067,-0.7712259917473033,0.3859044914362618,0.7361976705762099,0.7206647342364204,-0.7951724173481893,0.7376003925724776,0.7970373928152643,0.8379080557582231,-0.8720833553185376,0.873542579052514,0.7028958742255493,0.84746787232875,-0.7919710921613444,0.8783228136158348,0.6618067452802207,0.8131723941820189,-0.7394297967479162,0.8409557538367627,0.76297616105471,0.7359842720985758,0.6449211269035681,0.7701459762417738,0.6218067672803004,0.8312380186864553,0.6241404361931829,0.8852968113258741,0.6105978451091905,0.9265481461226533,0.7644669111465214,0.8639438701375454,0.7209759205229692,0.9406305681023798,0.6528471298380663,0.9660797345345011,0.5980567034502322,0.977930675624074,0.8205602060123789,0.863607151182311,0.7699991371120887,0.9423815066695983,0.6899626241658801,0.962986227016703,0.6275831163156069,0.968622876225081,0.8392562720070161,0.8597540683468912,0.7933175477677301,0.9298050536915962,0.7189807548730939,0.9512019771620622,0.6578048141801804,0.9592927594069621,0.8310211168193355,0.8556039419680166,0.7996679111628403,0.9124892161630593,0.7417736594246895,0.9341555147977129,0.6913155826906104,0.9432929970507443,-0.8576550491805858,0.7372042910107969,-0.7642611025686494,0.7845686409797545,-0.7610000647734937,0.84680187355799,-0.7808576925880769,0.9031521822501236,-0.7939507474721954,0.9467229625013308,-0.9108552923400318,0.8755405753647939,-0.9111668172796376,0.9537023111715115,-0.8593942283286072,0.9834421645696343,-0.8164951350903059,0.9997589386864196,-0.968395706230701,0.869371440366743,-0.9676067001177956,0.9510668980462996,-0.9018159722095214,0.982767552058159,-0.8400338101355443,0.994430034941779,-0.9817844242063015,0.8614888235224628,-0.9813659086844758,0.9320095187585974,-0.9277526862715242,0.962801423124993,-0.8765944912881253,0.9776459001355774,-0.9707629442626046,0.8564983353789549,-0.9723311142336238,0.9093950560891464,-0.9360723354590444,0.9378204004496258,-0.8982077752397781,0.9551590774421803
0.010468337153651829,-0.3519822263755116,0.08314435876797772,-0.40077634605845586,0.1218236645539387,-0.399290390982273,0.1658633496225489,-0.39738640031100736,-0.06353483235050154,-0.40271947471839614,-0.11480371618435219,-0.401075115478174,-0.15758632425231497,-0.3991266717827347,0.22178709248781564,-0.36119471298130484,-0.21054801929281328,-0.3584040777517922,0.09264058261824072,-0.28121349507603866,-0.07895217755537991,-0.2806382632795302,0.4999923168923354,-0.002771831278163777,-0.49999231689233514,0.002771831278163777,0.6804947524618462,0.4660339492613225,-0.7681418000842996,0.4752532809885918,0.732878384536424,0.8916611867151109,-0.8062004405035524,0.9121140875620993,0.7923742556024169,1.035453512859099,-0.8845375951046491,1.0797842912163136,0.6978870294946029,1.045873076239058,-0.8081207852716953,1.0855069738319494,0.6576161260085878,1.0033461887178772,-0.756713859161782,1.0407413289339051,0.7609450561254091,0.9034138576352352,0.6406813655181682,0.9441547321670607,0.6149384930555016,1.017565519294596,0.6126397129982286,1.084863854536567,0.5946252834513029,1.1365319588693497,0.7555453111746809,1.0619420391694387,0.7065378537530597,1.1572011655549805,0.6377485357670404,1.1886855031110435,0.5827625705946715,1.2033078100155978,0.81192639562376,1.0629557613946172,0.7575620580899853,1.1609282939332537,0.6784710072055498,1.18707794646511,0.6163799763412822,1.195114280139641,0.8308577827991329,1.0589965431328863,0.7811287964212599,1.1466864147210842,0.7072943744142707,1.1747480304774547,0.6462324495928434,1.1861985496825436,0.8220080306979848,1.0542792075349758,0.7882013198275468,1.12572246515778,0.7307216708012838,1.154013271687336,0.6798327094040243,1.1667482578046897,-0.8685432804246305,0.8981980361321886,-0.7734360450445766,0.9565904656796511,-0.7668157019456208,1.0338759136859783,-0.7865170815886136,1.1074509837289381,-0.7977550175532043,1.1641601576400264,-0.9172748719922821,1.0712394858123757,-0.9102749563737847,1.1703919562317966,-0.8628807040300299,1.2102349118876496,-0.8252748562729447,1.2361983771153584,-0.9740606792488417,1.0656459746655345,-0.9733823213085828,1.1689340258882448,-0.9121853285060143,1.2114109842880711,-0.8554020581480642,1.2320006265028984,-0.9864055777998063,1.0566801540254007,-0.9845728435129544,1.1437684602321176,-0.9346755907738603,1.1840371019129385,-0.8892648869653302,1.2061898477495254,-0.9746929356178171,1.05022319120249,-0.972942956713193,1.1128347925660904,-0.9367188876453023,1.147202778472899,-0.9013389934595445,1.169060459308449
0.010770054475891864,-0.30481856726100526,0.08352137075078946,-0.3473829679591256,0.1221741842243406,-0.34608761283048434,0.16623473975669698,-0.34443341403785205,-0.06319865400398658,-0.3490823973867056,-0.11442880125457965,-0.34767975910078863,-0.15715081887070506,-0.34600999482730244,0.22148818146390067,-0.31306743450923086,-0.21016027193508818,-0.3107164186970261,0.09245159019765216,-0.24345546311419416,-0.0788627595562909,-0.24291192769083336,0.49999484004260686,-0.002271548099414696,-0.49999484004260686,0.002271548099414696,0.6807081069879458,0.4063703469653808,-0.7675092709408198,0.41178252747861444,0.7317732935798483,0.7724788326930387,-0.8151810247657622,0.7896825280565595,0.7897109681428011,0.896239621960727,-0.8981034748605019,0.9309433850272563,0.6939360316379393,0.903557771174396,-0.8157946085914731,0.9365683170456143,0.6542679682268817,0.8654614312853384,-0.7617563334295697,0.8962696361166337,0.7568560417779742,0.7725967953057881,0.6373054739133717,0.8059680694507869,0.608624314055728,0.8684462343897116,0.6016919514752271,0.9279467158612456,0.5782715528566877,0.974327241981991,0.7509836168901382,0.907056165346586,0.6982536368570391,0.9914658834075932,0.6290611067712654,1.020801998592211,0.5711501401244814,1.0348402475130178,0.8069042328169344,0.9105633543644602,0.7498706124882224,0.9982980824970246,0.6695766664764413,1.0248801545759374,0.6041935929563833,1.0345431771699045,0.8255821434192814,0.9100553473256494,0.7723780542337979,0.9896741081003283,0.6953548678642207,1.016478843335851,0.6306010887087965,1.0283443465704663,0.8172815674601397,0.9080397920559734,0.7774270723205303,0.9718461182939491,0.7157974211106963,0.9979062232615362,0.6610729008805636,1.0100862469299083,-0.8750990564003323,0.7592681368709046,-0.7749044834541435,0.8104153297518027,-0.7687854031052181,0.8791337867055344,-0.7929961291123511,0.9451698157255618,-0.8027288079750868,0.9956921557607009,-0.9194963847906552,0.9106563284474083,-0.9066667659427432,1.000682044080364,-0.8683759058298213,1.0407660190940682,-0.8411355769529509,1.0689170637229108,-0.9773996707295213,0.9078595675198083,-0.9709774642601557,1.0009415618284128,-0.9222728734221904,1.043059240206062,-0.8786289090136062,1.0688155739957288,-0.9914425795861401,0.9026037398187396,-0.9896807299267089,0.9832876541262922,-0.9498483604627493,1.0246385057207075,-0.9138831837950471,1.0510943787440872,-0.9787830273220685,0.8981014768320159,-0.9851046863423275,0.9585608756845863,-0.9559654769943093,0.9948745143135135,-0.9242170089735132,1.0193805840087615
0.010545816429888747,-0.36894398408473855,0.08343149594459291,-0.42079173112743906,0.12205009388267289,-0.4192206667311393,0.1659647746412751,-0.4172150328129989,-0.06333082227542168,-0.4228391473234676,-0.11449721792257767,-0.4211493332952752,-0.1572333666266508,-0.4191384554475213,0.22076808191076763,-0.37921963332139325,-0.21020194146058838,-0.3763098444424752,0.09170576582403368,-0.2947078716138091,-0.07910330651006532,-0.2938532802458299,0.49999296398045356,-0.0026525402995723566,-0.49999296398045356,0.0026525402995723566,0.6924878094848332,0.4920384654006393,-0.7716068703746526,0.5002758330283341,0.7293010077275636,0.9275436057796593,-0.8234258977311778,0.9522983367357309,0.7838747014401989,1.076571010624469,-0.9060888671783216,1.1092472893182874,0.6881843396295881,1.0801250416302575,-0.8205145579852486,1.1180777284693661,0.6502383927784653,1.0347867028280966,-0.7663573108468299,1.0669896745845426,0.7561321961418237,0.9081990877535321,0.6309155154489741,0.9484010820787886,0.5960861504844435,1.0285460882700033,0.5860529606819658,1.101321343446026,0.5575993322753559,1.1578681588994737,0.7368897444857733,1.0698520143584096,0.6864988821182222,1.1724391785461463,0.6162888359385416,1.2120181602015163,0.5551381674028402,1.2332880461908937,0.7934469233135194,1.0746801511012563,0.7401612589467423,1.1836068878736636,0.6603145807223711,1.2241521058500742,0.5910919250616402,1.244231788976209,0.8138268237796575,1.075955779269493,0.766750474014504,1.1756144625066247,0.6880875502909889,1.2135564923274866,0.6199696161100274,1.2339266214906008,0.8079639314510787,1.0757194641188461,0.7690614065143373,1.1556054878507622,0.706369071822815,1.1905400394587775,0.6492630138860686,1.2088022780762882,-0.8771428491238185,0.8890494409182028,-0.7776699999994978,0.9525197658926361,-0.7750360156739345,1.0363289256115222,-0.7955939580394477,1.1134632395685142,-0.801620095336141,1.1745374270276216,-0.9193453073336268,1.076861118343409,-0.908530708999426,1.1871289478247118,-0.8759875134350601,1.241428316541229,-0.8513645929299155,1.2809971486554115,-0.9763040487635571,1.0724702576667196,-0.9627902290450876,1.187045721586975,-0.9220480103487801,1.2457359509801817,-0.8862395237386519,1.2857292030750176,-0.9928522838797362,1.0660533794100049,-0.9858714398740251,1.1689961158573403,-0.9534821323947706,1.2259380867810172,-0.9229314306654304,1.2660140576365302,-0.9816578396159958,1.059997655660542,-0.9894062526706626,1.14046220324014,-0.967996616349938,1.1893012879568552,-0.9398630368624198,1.223796195272436
0.010304765949624508,-0.32877749322965827,0.08324235088214914,-0.37554455698078926,0.1218266276699639,-0.3741444505500027,0.1656308968153593,-0.37234482147290276,-0.0635741747118409,-0.37726621750813544,-0.11466486078483343,-0.3757696145987012,-0.15742695815158902,-0.3739574319044731,0.22035896333202107,-0.33840505882815536,-0.2103458158522981,-0.33554117039054665,0.09136173976135742,-0.26263876139000003,-0.07923528259445879,-0.2616356820069411,0.4999910225204767,-0.002996230786851221,-0.4999910225204769,0.002996230786851221,0.7129063428594726,0.42735159551207424,-0.7739530270207716,0.4479195628135545,0.7271334968341631,0.7954995764057975,-0.8227342078931318,0.8199538713230344,0.7740941172991248,0.926311291849103,-0.9022452776192302,0.9513984100683182,0.678654285691337,0.9222067127933954,-0.8173609907973762,0.9605891702901153,0.643048214174958,0.885075684551113,-0.7644105574055188,0.9150458573363802,0.7562476758387784,0.7831012913835584,0.6247736306985473,0.8138239249545189,0.5775604047044004,0.8808377044073689,0.5700264273993716,0.9448126010248117,0.5468587426048702,0.9954962420715264,0.712662609838544,0.9253259085287429,0.6623937615891544,1.0186429945782471,0.5868203458214457,1.0532958178007135,0.5216682998986343,1.0714568180783697,0.7747870427968833,0.9327463062386726,0.7171860233126134,1.0315272407069047,0.63396206983729,1.0675346445920182,0.5640705387687509,1.0855450014641368,0.8009402396343258,0.9366633372794536,0.7531776140112755,1.0274350640199261,0.670474007049584,1.0618108001751783,0.598865732618785,1.0802330064381398,0.8015976750990582,0.9374344016182404,0.7678901463788222,1.0127022599570485,0.7039480670231487,1.0452518229411527,0.6453875988519245,1.061102352673633,-0.8868537809066228,0.7614453943471049,-0.7777008788907718,0.8124513457323749,-0.7628269016671068,0.8829468633332972,-0.7775383902101526,0.9521260661165535,-0.7777736856497003,1.0079700000449334,-0.900124008770236,0.9187252771421213,-0.8753384394922349,1.0218176984760767,-0.8439249325758699,1.073917175787088,-0.8202521237083727,1.1110445740677912,-0.9627623513244526,0.9213830140117097,-0.9385227457530397,1.02949083226096,-0.9048884587186073,1.0885220237042978,-0.8756148355215002,1.1321694379748841,-0.9894127565657598,0.9223074442272189,-0.9720712652076589,1.0198449656061677,-0.9471543480133113,1.0754195261356894,-0.9234298698330264,1.1178755567662944,-0.9887060873787412,0.9225821113200469,-0.9946277907569617,0.9997184923817606,-0.9823592864725837,1.0467848767147785,-0.9646182277941272,1.082700170324819
0.010096019798901184,-0.3300122524396419,0.08310029901206101,-0.377768190471579,0.12161626332673715,-0.3763671939987487,0.16541938792924096,-0.3745898775912343,-0.06376188920818578,-0.3793775246175539,-0.11483031121453564,-0.37791557545309323,-0.15757116417381653,-0.3761379539006896,0.22019078930677974,-0.3403755068825814,-0.21041856912380708,-0.337230836226278,0.09108596351843973,-0.263438257945501,-0.07922584511308177,-0.26230884042411506,0.4999893450609444,-0.0032641730235611925,-0.49998934506094467,0.0032641730235611925,0.7277275378348024,0.41129056885760495,-0.7765867673271554,0.4456865007753696,0.7224778059972031,0.764552229984444,-0.8255341712848133,0.776271319456603,0.7570253100727917,0.9025871143742783,-0.9025900367137302,0.9083708306053758,0.6687650204607718,0.8967060569235058,-0.8154740131638053,0.9148057260301613,0.636045591528658,0.8619793479457798,-0.7641403714182798,0.8752296544722621,0.7474509384185838,0.7509020310805821,0.6016284777285155,0.7694478220153406,0.5338408540481024,0.8338787076659626,0.5267691400705534,0.9000556323729496,0.5147304096189899,0.9510786041617848,0.6770582946022827,0.8845196380534401,0.6312730289100151,0.9874247170668314,0.5553197359904972,1.0229692143477833,0.49360126607896027,1.0368035681923156,0.7484070177146475,0.8978340250066678,0.691172650226273,1.0005210779966804,0.6037883604354095,1.0344185557378334,0.5345857672505524,1.0479929261367134,0.7803089396594498,0.9058843574752135,0.7357948485884236,0.9987014990220031,0.6509499485811875,1.030234866733588,0.5820391232222961,1.0449326280422913,0.7869574510206968,0.9089094113349256,0.7557621433990411,0.9862038323648887,0.6904329595982731,1.0192642976747923,0.6323481829035493,1.0336108372159531,-0.8806083514161174,0.7245419372491232,-0.7682657700196034,0.766968062072742,-0.7461040364678111,0.8342136041819291,-0.7564137466046434,0.9026446341859045,-0.7537906215439939,0.957963435725789,-0.8933287148763733,0.8727170914540677,-0.8699823273534024,0.9746380781995847,-0.8457772180264151,1.0322707934347533,-0.8293370323923674,1.0756482074506506,-0.9477694837697447,0.8802167899699377,-0.9141754041815404,0.9863701363295373,-0.8853346507294199,1.0486834690211164,-0.8637361718321095,1.0980266181945568,-0.9723121454920465,0.8855052560457607,-0.9456008097291922,0.9836738760880064,-0.920878404402887,1.0406673127801682,-0.900004166017494,1.088436677187233,-0.9715011232013441,0.889771334170107,-0.9677119278302688,0.968342481416748,-0.9552354585968492,1.018300955259388,-0.9406184737034562,1.0598079836765455
0.009985482003724046,-0.32129554848795294,0.08301487561111118,-0.36830615616855217,0.12143101786855559,-0.36695019684095603,0.1651730521927876,-0.3652513974265801,-0.06387563626829854,-0.3697522895814732,-0.11488338335654068,-0.3683517640186381,-0.15762766135050366,-0.3666406140282193,0.21994192121604517,-0.3319104221904202,-0.2102981616184754,-0.32859749176851627,0.09086517995254578,-0.2563838968491489,-0.079095379655418,-0.25517272198528407,0.49998704433532476,-0.0035993745048255275,-0.49998704433532476,0.0035993745048255275,0.7387336180208275,0.38654520414460436,-0.7824038184142519,0.4337540162503732,0.697365801707677,0.7065471413936595,-0.8208223971950914,0.7627711300001043,0.7052608336571493,0.8392759548858784,-0.8754906291002645,0.8876308409275754,0.6219748948183398,0.8275604662954479,-0.7820437350639421,0.8935915562905213,0.6005582022507062,0.7876591775497798,-0.7463052885083006,0.8573226761205404,0.7209856335365833,0.685969147278697,0.5857465765322561,0.6897432154735744,0.5058414879414508,0.7461874312190967,0.47722103991899506,0.8134989634653597,0.45510193246404834,0.8692277386131226,0.6433266714412343,0.7989581690035363,0.6002350148260928,0.9088899023503466,0.5175696933034772,0.9394309424767437,0.45312991485053405,0.9406170441832203,0.7155554930759652,0.8171639597055455,0.6530842514888291,0.920117319983903,0.5607875270230047,0.9471171672347849,0.4910086296619866,0.9484502854368078,0.7501563877715473,0.8307314394939196,0.693870782934877,0.9214089223941674,0.6107964735566657,0.9499009573144193,0.5435299798907048,0.9588357806697564,0.7632617509639278,0.8401681724033836,0.7280726099058288,0.9157925351392112,0.6606339932657468,0.947025653930371,0.5993684826843853,0.957373204622465,-0.8832059239400061,0.6590130478513886,-0.7748775716843578,0.6802878822989856,-0.7345186936034858,0.7368274802040677,-0.7336418062373493,0.803459730767974,-0.7237189776923549,0.8595134897479969,-0.8558729174757512,0.7883612259566493,-0.8243627962161241,0.8851215907611827,-0.7985061924012247,0.9427623243616515,-0.7831739773538163,0.9849252565443712,-0.9078883845345741,0.8054356741327091,-0.8660987451086573,0.906954135558281,-0.8413568507469888,0.9703991934925267,-0.8257497436494045,1.0182384801849649,-0.9407437277643416,0.8166654726002015,-0.9040978502814329,0.9099100896919102,-0.8822640771197839,0.9642895272064614,-0.867610999459397,1.007301077885234,-0.9556262302079794,0.8240460578017124,-0.9423580550415946,0.8967922899131927,-0.9339925565301482,0.9436743325612494,-0.928952564378161,0.9813083233892679
0.008905693522269094,-0.3129487755673965,0.0819444218178742,-0.3593928778880285,0.12019719341254712,-0.3580541208297995,0.1638124770987701,-0.35644995187893447,-0.06478775402552209,-0.3607607699500755,-0.11563231633351274,-0.35945884941787065,-0.15818342059828866,-0.3578812725153782,0.21875746198444346,-0.3238797058776341,-0.21006488235888532,-0.3206594524132454,0.08961791216156707,-0.24934255756884555,-0.07981093712096252,-0.24822939698656363,0.4999875295559472,-0.0035313295712381355,-0.4999875295559474,0.0035313295712381355,0.7622182282551008,0.36647028617208843,-0.8029138168048342,0.4075166386083207,0.6475808488743523,0.6428179044057186,-0.8155030445911432,0.6990608132722702,0.6405980456398527,0.7671480820450681,-0.8424083048156252,0.8261413062096877,0.543964403147637,0.7456778365631934,-0.7282052329642927,0.8280438728181098,0.5264452766610013,0.7037894025951651,-0.7041999029307229,0.7946260960947731,-0.8107401705408067,0.6141955604055575,-0.8207571318383825,0.6654240517571446,-0.830625617127202,0.7373344724025145,-0.8258466704837586,0.7939463277762672,-0.8110723953842726,0.8363620980478137,-0.8382634871294143,0.7696977218305545,-0.8108448595932064,0.8351564465431869,-0.7942378744851136,0.8736998042623895,-0.7863445371313816,0.9014935807225505,-0.8075526278121609,0.7764314678501282,-0.7808128718572404,0.8452078048927755,-0.7698139619997082,0.8834813187112799,-0.7707267115304228,0.9148238984793828,-0.7762187165950867,0.779120897529245,-0.7563952580907553,0.8465250558135229,-0.751250638234407,0.8800974442279434,-0.756112380452072,0.9085292845373049,-0.7434607301892906,0.7794734238098554,-0.7390454585444738,0.830802470885343,-0.7437865259955138,0.8577931093599584,-0.7497339067183957,0.8798958968449234,0.6382464080710937,0.6460372859996689,0.6675758497305203,0.7263808734608773,0.6177482047323539,0.8098425602334368,0.5401141048702518,0.8621218007750875,0.46608652114359816,0.8892622556533754,0.6388771487519417,0.8242428083299784,0.537750651773587,0.8781223670613909,0.5080869001775347,0.8608276544209588,0.5152017593121568,0.8399312449993193,0.6045619018318403,0.7904672741034007,0.4931703174698906,0.846957212927511,0.47174529022160744,0.8338112957684093,0.4826769123852941,0.8139941166378223,0.5539377512466197,0.7539655463275517,0.4511318854857873,0.8115117561878358,0.44271697076601235,0.8030514160766656,0.46121452721789746,0.7855221702882924,0.5008842933724365,0.714563396226483,0.4200457528392058,0.770656634001102,0.4109052256998108,0.7678249441287792,0.4218229472424323,0.7543286803651632
0.0062266528570984235,-0.3228765953831153,0.07972683978119702,-0.37201605720545466,0.11796082300257692,-0.37057436524812803,0.16165506022821038,-0.3689137337481544,-0.06776296225035446,-0.3734006344994821,-0.11869287295904829,-0.3721531777264706,-0.16135786381263206,-0.37058834171996713,0.21749468361983854,-0.3347140626428563,-0.21264163789792692,-0.33153853269251776,0.08724767884811088,-0.25592211816669563,-0.08227938124547308,-0.2551438175564992,0.4999847151136903,-0.003909559141628445,-0.4999847151136903,0.003909559141628445,0.7910919606003319,0.36154987070436984,-0.8278414873927713,0.38270994687477206,0.5871024086712094,0.593407148561521,-0.8044388171099153,0.6491741777814621,0.545149503567829,0.7253468558864803,-0.800187836053883,0.7647854374765457,0.4323163430982731,0.6999243335476366,-0.6755057448044206,0.7546521176507206,0.42372807284557445,0.6625340227927144,-0.6605540363687087,0.718277783075756,,,,,,,,,,,,,,,,,,,,,,,,,,,,,,,,,,,,,,,,,,,0.5187158483097867,0.6161464905012444,0.6307033633610059,0.6843933758460499,0.6049816194932867,0.7649297351047223,0.5272736055834732,0.8081921282929709,0.45231925725959576,0.8264135190493349,0.49894169431111507,0.8239234406070834,0.5057507963475855,0.8532333863781023,0.521949875365314,0.8218123134229124,0.5253826726841205,0.7930860553352928,0.40311158626628757,0.8046631069278479,0.4117847697805801,0.839654601824203,0.44357737595255603,0.8162356256106176,0.45757428968500774,0.7886883773582459,0.33220325895942104,0.7758525367182151,0.34434777332601535,0.8101021453796519,0.3818250346678941,0.7940307137346226,0.39774269683919056,0.771982791634204,0.2902006612902209,0.7426492747322997,0.31083685053595556,0.7667552889723972,0.3459288687184847,0.7567652090957987,0.3611297374228159,0.7414119414578096
0.0027155872759564927,-0.3082494608956146,0.0764488289799967,-0.3561767204058403,0.11478574993126431,-0.35477407964919305,0.15839585112668197,-0.3531763374547936,-0.07151917924785539,-0.3574955596895967,-0.12260327680291781,-0.3563301024956165,-0.16538423576230032,-0.35478111752180813,0.21460667598427663,-0.31999080907920674,-0.21571455969964076,-0.3168316023843,0.08392326251260146,-0.24281124876518437,-0.08551623334443945,-0.2424691501117811,0.4999739486961262,-0.005103981309078703,-0.4999739486961261,0.005103981309078703,0.801590240856381,0.3353586206550368,-0.8380762152120832,0.3533287037691408,0.5472230776110186,0.4971945739942599,-0.7605894501903308,0.5423520315758177,0.4992685264077859,0.5984238510310013,-0.7145275081657563,0.63885359954453,0.37892897490931443,0.5735255990481442,-0.5790074753678393,0.6155234146024685,0.36862498311006753,0.5419703902360719,-0.5725137082192235,0.586782484171776,,,,,,,,,,,,,,,,,,,,,,,,,,,,,,,,,,,,,,,,,,,,,,,,,,,,,,,,,,,,,,,,,,,,,,,,,,,,,,,,,,,,
0.0028712438863039026,-0.3285730771642616,0.07659564562659617,-0.3798032114379042,0.11486496757189177,-0.37827173801337866,0.15841132139640635,-0.3764983474665037,-0.07142247580623265,-0.38121199116091303,-0.12231864396232549,-0.37998644225801964,-0.16516130611030216,-0.3783604229641921,0.2147918084195518,-0.34022728222668036,-0.21498554438118794,-0.3379101372552962,0.08393977726976883,-0.2577800452667019,-0.0852726736917467,-0.25800276016926643,0.4999554072721676,-0.006677629768184702,-0.49995540727216775,0.006677629768184702,0.8337469073473716,0.3510310371694724,-0.8369346332648682,0.3722588212308779,0.5144887517299848,0.4655956447425662,-0.6820862700726646,0.47226351916616144,0.42171772697434057,0.5499313313334315,-0.6074913678946426,0.5659604806955009,0.3088995763400943,0.5126292071437162,-0.5013036906658276,0.5222733485166109,0.30523905074726937,0.4870961157483859,-0.5046879501761751,0.4924755135126844,-0.8237145143845486,0.4138879998468045,-0.8301255485915565,0.48146577813195957,-0.7522129180705178,0.5601142145031809,-0.6733947292955866,0.610342131715283,-0.6156934980610536,0.6333371369356807,-0.7678426716866731,0.5540151576423683,-0.5876781939263913,0.6159869673932336,-0.5897434577448604,0.6052855471719454,-0.6346168504509964,0.5834607205981941,-0.735081798177659,0.5128196869945938,-0.5255242703353226,0.5768727397476795,-0.5414770629308302,0.5695296258203254,-0.5969382658219347,0.5524388790383449,-0.6949344788533457,0.4646932175300279,-0.49044879412580594,0.5281404363930349,-0.5159602183230786,0.5191460857988829,-0.5709211697825579,0.503352915523326,-0.6451395282842415,0.4153433584483276,-0.4917763575632802,0.4695395801812633,-0.523609641472584,0.4616840985902531,-0.5754653971354083,0.44282921534322156,,,,,,,,,,,,,,,,,,,,,,,,,,,,,,,,,,,,,,,,,,
0.0015223462683023354,-0.318365942649388,0.07529742102399081,-0.36784109407078286,0.11341386078975364,-0.36635981586939126,0.15675019647551267,-0.3646207017315088,-0.07253550405634489,-0.3691881552900001,-0.1231386580436211,-0.36801963007854555,-0.16588427408532586,-0.36646705605338153,0.21325323148978478,-0.3295255177597572,-0.21532175175892537,-0.3275508754223439,0.08213350080870215,-0.2502640532026684,-0.08638488822780951,-0.25045904209284015,0.49998748423707856,-0.0035377402783524255,-0.49998748423707867,0.0035377402783524255,0.835732046759684,0.36090064572916464,-0.83692837813966,0.36248605140706375,0.47529953109896267,0.3895833558380449,-0.6699535413619163,0.39924979481375467,0.35991769343223434,0.4129299959764344,-0.5871563844943145,0.4457502354507668,0.3086284581600016,0.3593617824393414,-0.5263983914424174,0.39279300192529504,0.3176962616065938,0.3444062605537144,-0.5324356977382201,0.37727615512360557,-0.750350110438222,0.3552980687084811,-0.7482835061107251,0.4222132754834298,-0.68951138657252,0.4762672196120033,-0.6198587215280155,0.5048403920623227,-0.5733837250768543,0.5154172238646645,-0.692725727032848,0.4706204717898973,-0.5844921805504971,0.4950761251371538,-0.540933247281043,0.4841183572285853,-0.5153338284500665,0.4749926400098852,-0.6713855335640667,0.4263994223752798,-0.5505372531231009,0.4479334291895268,-0.49592891021793234,0.4469228368267822,-0.4623270385825157,0.4455843726091841,-0.6526902104461528,0.3782977160746228,-0.5349188451967081,0.3952975456556112,-0.4724006243037925,0.4005514994382227,-0.42998376643049485,0.4066137195971977,-0.6377402048886407,0.3316417882876372,-0.535372052483699,0.34197553245799,-0.49186467546211166,0.3470058159743385,-0.46194785631357677,0.3530953093798293,,,,,,,,,,,,,,,,,,,,,,,,,,,,,,,,,,,,,,,,,,
0.001040752793788536,-0.3011387301676665,0.07516583714858936,-0.34888161381337723,0.11315240079932185,-0.34751919593274094,0.15640996635544502,-0.34590146964129576,-0.07302457417118075,-0.3500845078590187,-0.12356827911482626,-0.3490006593536773,-0.1662447975616718,-0.3474996595335654,0.21361144477083124,-0.3126563510542917,-0.21536693769889118,-0.31062126262362444,0.08155874708024737,-0.23717178057926347,-0.08677173125781078,-0.23687381535442736,0.4999912984827795,-0.0029498205884689876,-0.49999129848277934,0.0029498205884689876,0.85845491715424,0.3439002536725085,-0.8468707688200664,0.3459812315587932,0.47033910755997466,0.3057042039404739,-0.6446608078730072,0.29570016206623556,0.3451730358777346,0.32296679113142757,-0.5241567694117191,0.30071609741715605,0.2902075450358658,0.27625638509970085,-0.4895108787069329,0.24519336986090112,0.31103686614006926,0.26612837844795995,-0.5014346090642532,0.2510985627483962,0.5101963297634203,0.25491209597739545,0.399838087091543,0.23546466472036748,0.23553762276844661,0.2413541160488146,0.11384635197264775,0.2708043242333717,0.04591237675706126,0.2988235965905436,0.2708395400148754,0.2087423843890388,0.07500474444703535,0.26060013967980944,0.06618378825663794,0.28762516392354237,0.09537549064703037,0.29600009498595264,0.33154817702997363,0.2328018113478462,0.12460807509451291,0.294347090736284,0.11224551499672762,0.31402628834036606,0.13936527994056397,0.31503838625736835,0.3840309962261832,0.2691818192543584,0.1797243946321134,0.3299959594448728,0.18050567683803148,0.34215153512184293,0.21333240298541753,0.3399017571246959,0.4219072653058729,0.31722983615625744,0.25194315736312234,0.3669144130006054,0.26071418525401,0.36971612941187104,0.3022119087270633,0.36378310769677336,-0.7830045582849245,0.26673990990704577,-0.6191442284487964,0.26179565486964723,-0.4485998562446697,0.2824405690113939,-0.3668369598282733,0.3237742487808066,-0.368910028055132,0.3596852425574706,-0.4288593026055604,0.23373463927107135,-0.31612346387305457,0.31317779019775493,-0.3698990259043069,0.3326035768110919,-0.41526262628226124,0.3203250202040598,-0.5194896041878561,0.23951136979276444,-0.39167872436120027,0.33066427295623874,-0.442114744226809,0.34602831568630266,-0.4895371476031907,0.32701757214322086,-0.6104640109145085,0.25733418782626377,-0.4752626989632012,0.34573161540817576,-0.51949595395417,0.3573414368549389,-0.5596285646528215,0.33608161806288184,-0.6964505457268928,0.27783897398255686,-0.5891587182860583,0.34764477703103863,-0.6158890598903382,0.3606117457471497,-0.6496011000314709,0.3459047725577032
0.00026397541643669996,-0.3560451379860479,0.0743121794547219,-0.412771035071397,0.11219683526205179,-0.41116006299997643,0.1553608259867758,-0.40930288153977806,-0.07372925722621014,-0.4141541183853259,-0.12380360325216573,-0.412893393676729,-0.1664991232345647,-0.4111146344662895,0.2131426992563906,-0.3705057531881468,-0.21529742189520557,-0.3675716336237019,0.08061412106006378,-0.2808666347502515,-0.08713655518765843,-0.2803318546940206,0.4999818809952193,-0.0042566038671965935,-0.49998188099521956,0.0042566038671965935,0.8919915738594326,0.40543424398217076,-0.8486985217428986,0.420265499647982,0.47652799689399866,0.3024122774342641,-0.6416818382846728,0.3134078063597558,0.34666093598555014,0.3096100472625542,-0.5102866766242837,0.29036211017744873,0.27906796917956034,0.25988370901271146,-0.47320058005012294,0.23611414064764089,0.304006774608387,0.2557802191997481,-0.48402907793416455,0.24574681356252412,0.5450256506748951,0.2691159808003904,0.44447516454193,0.2375880810289437,0.3007884334990742,0.22810329954489533,0.17958933855587172,0.24116698733612058,0.0952996340286104,0.25792680031524046,0.2834698427028532,0.1972694283939361,0.1380507323463475,0.2135442834860694,0.051387720182788164,0.22906210688179907,-0.016845307889136144,0.23865051184597277,0.3188415947430053,0.22330627850414908,0.1527128347836286,0.25246443363330545,0.06180176495775819,0.2660495547765214,-0.006271551267532059,0.2714091269661721,0.35907424013059785,0.2607297740032388,0.19273790679399988,0.30135879968591783,0.11572488902944063,0.32184358662979934,0.06602415774134869,0.33157971722723967,0.399144919324101,0.30607308774013203,0.266524086293454,0.34141947130480543,0.2043502239470805,0.35446293179271016,0.15619528136788527,0.3599544788466485,-0.7586576733875714,0.2813999226283685,-0.6444995124866593,0.25215505537104327,-0.48259817423981166,0.24859936072341443,-0.3711406348845586,0.2698980479295924,-0.30189367069182216,0.28191124232869896,-0.49682492750122537,0.20708912096574955,-0.3131707837194486,0.26018546058683645,-0.31085504864892954,0.28261438981543746,-0.33808964684386406,0.2801894345829363,-0.5623229118759633,0.2283012618413268,-0.3667530677970388,0.2929820433501537,-0.3660328037851023,0.30613658820875284,-0.3912886051483989,0.2951015994620294,-0.6200159118324402,0.2594763443876427,-0.4247129478099432,0.3270696917770486,-0.44066505722562727,0.32970487832602796,-0.47630394943922066,0.31033242726720395,-0.6676089149555908,0.29622355160604247,-0.5119731886377877,0.34876446937365757,-0.5303122184801723,0.34685298920987356,-0.5767124116825081,0.3256396877513189
-1.0885425412498981e-05,-0.27650541144268787,0.07442616890215495,-0.32094711985789326,0.11246999345876271,-0.3197375226332611,0.15565607563291797,-0.3184312944760673,-0.07393628139036629,-0.3219990866634768,-0.12391209345524846,-0.32103045354789805,-0.16670777483433277,-0.3196541243935352,0.21386352445750317,-0.28915134731320835,-0.21545557213435923,-0.2857244026173483,0.08033604416830925,-0.21818531933104274,-0.08727313930027711,-0.2174268601075288,0.49998524006270656,-0.0038418380285524037,-0.49998524006270656,0.0038418380285524037,0.892505527208481,0.3169888018575255,-0.8574712408849277,0.3401687358219767,0.48645522006201064,0.17201839051865803,-0.6390653281497372,0.18300255836788973,0.34024010424706647,0.16829283881275756,-0.5067919702990975,0.14315756469522684,0.275810702382351,0.13497304735171822,-0.47289588313868997,0.10537196532613746,0.30738919139916865,0.13375680150580763,-0.482258650040255,0.11711872358103671,0.5340834231690185,0.16770427445531075,0.44063061485162736,0.143600504881759,0.2962536180433808,0.13257631620541419,0.17326982152420162,0.13429514618019966,0.0822236029557645,0.14262993527454573,0.2708807756126892,0.09844500565007554,0.1222517841863636,0.10944595642680627,0.025182586011231686,0.11988351723733875,-0.04918473220452996,0.12931797538119832,0.29978413880822685,0.1180132536167351,0.13203340144104977,0.13294257132322,0.03585221111749259,0.14106731562494357,-0.032700468462416726,0.14627518712733545,0.33253860071541824,0.14718650009053288,0.16383567051813902,0.16508303937884658,0.07379004372307232,0.17331855100206378,0.016901162524941362,0.17872433194950194,0.36401612849574105,0.18460403694962427,0.2286592028455967,0.20229737371575737,0.1517341999719689,0.2093748633415414,0.09539123803715217,0.21150177665343792,-0.7288755521992313,0.18749780094878424,-0.5796321197081906,0.18768912632227322,-0.42897418906873425,0.18130748269048752,-0.31884239366221057,0.18328412425154655,-0.22613092184681297,0.17801015383469698,-0.4539802230207865,0.11386838692224345,-0.3222110641974181,0.13715224593774636,-0.26140846056534006,0.15410687569503748,-0.22255564506991257,0.16240590424386642,-0.5144313705271973,0.1227083421343104,-0.35956342571507743,0.15455730364922304,-0.2981160232581699,0.16954652349693525,-0.25389821092241255,0.17557830764008725,-0.5689001310890092,0.1425094854948796,-0.4142823342202319,0.17573077408144386,-0.3546663720627967,0.1871132137101718,-0.31490455849308685,0.18971121088702195,-0.6176008304926296,0.1679890678250251,-0.4945119093869972,0.19393108435749004,-0.43901003088026397,0.20047965356816994,-0.40113135253867843,0.19985842705182116
0.001557450959060157,-0.3377522934982467,0.07681605927084904,-0.39286170596127623,0.11524505668585666,-0.39139403576113535,0.1585345726594128,-0.3898803784014348,-0.07228344804409821,-0.39416806120344833,-0.12243297700472809,-0.39296855612679243,-0.16540756259002953,-0.39128598593058717,0.2170071125777749,-0.3544038040976541,-0.21429623778109042,-0.3493686500030398,0.08204916416815645,-0.26563307047958773,-0.08603778888909,-0.2646803764888473,0.499964053815066,-0.005995405975056329,-0.49996405381506615,0.005995405975056329,0.9107062645197481,0.389462095193613,-0.8657049677619141,0.42648695718768453,0.49186713779314917,0.17582062772540694,-0.6393614233199552,0.1738336625217505,0.3298295306726798,0.1705067514550261,-0.510398822827004,0.13034868430806282,0.268749234757327,0.13093700003975242,-0.47950072025214685,0.09416230819368601,0.307051423918657,0.13352219820602962,-0.4924933406392641,0.10655980658964447,0.5270520735096763,0.16695910202241493,0.4155935408904536,0.13492036781198366,0.25906669300295404,0.11575867809963304,0.12386226975960773,0.11461691689985043,0.02314760127066245,0.12381130966038623,0.2491087613460197,0.06988636647227829,0.11409106673995721,0.08515154416071401,0.020181716469329227,0.09728687575834749,-0.0546021447333957,0.10675783129759218,0.2828550852945189,0.09289658160726406,0.13019014096785547,0.11027013060059397,0.036959075504673804,0.11755513649620891,-0.03568167395474893,0.12334903873472473,0.32093832119366095,0.1295393102998112,0.16729688363881404,0.14629367218129485,0.07965861956173736,0.15062846183023137,0.014500079630785262,0.15377302381209276,0.3600085015506846,0.17597034592139973,0.24641356339388318,0.1887554161003609,0.1743735854549746,0.1930553354857008,0.11506111504315937,0.19524640370013374,-0.7120863051784528,0.1782473101521234,-0.540571435873609,0.18015237822292907,-0.37922543887845167,0.1662447414846972,-0.2591395032365219,0.1583242330328009,-0.18171583559906362,0.13696283751778698,-0.41151242278668704,0.06807055347985293,-0.25888100948864035,0.13126666799054426,-0.25508390355193605,0.15588283471502531,-0.26362534521037123,0.15541096646910788,-0.4735031079023785,0.08189389375517006,-0.2927617188323487,0.14968824435582367,-0.26578178227153926,0.16798985421790374,-0.2613026465034131,0.16688488274576893,-0.5268567226078914,0.11314772712400238,-0.34630554591837825,0.16848795513918746,-0.30983580569755603,0.18348680719052063,-0.29654009964917616,0.1842104451378191,-0.5723678216410706,0.1509048646536027,-0.44106928421687613,0.18553711470786632,-0.38700394076888067,0.19031610032931562,-0.3503215180236897,0.18564364496270733
0.0017840975459183519,-0.31319110338528255,0.07772741890228449,-0.36433386300849113,0.11628425868447927,-0.3629576268468233,0.15961353975046857,-0.36158183770859476,-0.07198768529357474,-0.36571777307253295,-0.12214059141316738,-0.3647969792915643,-0.16527798613713973,-0.3634485330870371,0.21828831308760632,-0.32872337980580346,-0.21426184415118008,-0.32429784775713144,0.08257864101470828,-0.24603201546074124,-0.08644344330613064,-0.24626156199680116,0.4999821795375457,-0.004221391344743343,-0.4999821795375457,0.004221391344743343,0.9179550012544057,0.3392428098823715,-0.8708545902237181,0.3902593598878958,0.49742730503746246,0.1500872256845981,-0.6299419865426199,0.13502462189092618,0.3311262162101145,0.13616974693449668,-0.4885903145053988,0.10398659244061381,0.2602543888617422,0.09857105248179447,-0.46176858660292786,0.07055013323085957,0.30554864895490497,0.10354329419668118,-0.4833132217495178,0.08148671068016357,0.5337791550196745,0.12141633435297945,0.43142346911315166,0.08487350926380888,0.283474645069596,0.06000648938466493,0.15899167777725015,0.050006128024984026,0.06674282105849678,0.05286275680966721,0.2449151850824578,0.028468687729260127,0.11097921707586952,0.04478593730912121,0.019644113161022707,0.05581653868848286,-0.05025727761650226,0.06255049977749243,0.2734649381450594,0.04813920913482203,0.12144990539010393,0.0662368040654418,0.02873797111769808,0.07242763167575071,-0.042582609997302893,0.0762127281437765,0.30787172265766766,0.08013044156544935,0.15420823163269373,0.09407235759689697,0.06045013686657817,0.09712999792143398,-0.009639471966042997,0.09803030312810321,0.3453132285356488,0.12036135903632633,0.22818692332254564,0.13221135437985118,0.14920870592047683,0.13609628608264498,0.08388507519945622,0.13815900123920277,-0.702819056734128,0.11167494857244305,-0.5326524668940394,0.10623467331665133,-0.3708898350490457,0.09181682633020512,-0.25029062286387865,0.09169493793910029,-0.1710645340741702,0.07700068145937844,-0.40182965172079477,0.016705414932951676,-0.23141379305042997,0.06761959657088544,-0.22674982825128986,0.09610244004238878,-0.24029890801328635,0.10069545687297012,-0.46445333592803595,0.03615443622436035,-0.26167244377707616,0.08799268981515065,-0.22846457770637446,0.11251594866950382,-0.22495018415604107,0.12132543958699663,-0.5129015367114935,0.06819983299504465,-0.3098217665166638,0.10861835130259766,-0.25806049126268593,0.13056183788898254,-0.23798945937622892,0.13990403173825994,-0.5477074657771365,0.1050475280697904,-0.4030299676053376,0.12710485662537344,-0.33292620966602227,0.13338404586884273,-0.2812755944008179,0.1327015900849061
0.002450285632537529,-0.31076338582128066,0.07876356532446235,-0.3615415110342333,0.11750778619045153,-0.3601229117205426,0.1607699184839697,-0.35875281280417465,-0.07159377913366301,-0.3630701689418485,-0.12186058568532655,-0.362330873654659,-0.16508632846633728,-0.3612283476995205,0.21981773361756726,-0.32586961803538844,-0.21439946673359359,-0.32149906069265133,0.08353804473656024,-0.24338961850043844,-0.08639773430619734,-0.24475344967315243,0.49999891669562135,-0.0010408185265448732,-0.4999989166956212,0.0010408185265448732,0.9437310538689229,0.3349999297553782,-0.8868904161186424,0.37620079343301355,0.4971054681806457,0.09480044354283845,-0.6158818015456579,0.0941975462961195,0.3253320625990576,0.07688171059598597,-0.43845846379806186,0.059359039355270156,0.25478375854400703,0.05575016209848692,-0.39652520635285143,0.03885799602296604,0.30136075621300584,0.06633250109832205,-0.423500532760557,0.04992101126826694,0.5450624613866072,0.09813085390299357,0.4435551876883869,0.05976330882095372,0.31480611112822093,0.029599568638048523,0.20954712253328767,0.011792237373046471,0.12641383439849513,0.0022499707397974126,0.2677296564393632,0.007300055957023276,0.12085983024859077,0.01730829948454954,0.026831609754695136,0.02594763795164192,-0.046310784271475905,0.031809619820049574,0.28615432426358417,0.025684765798152952,0.11622897980393113,0.038152949477885924,0.014633845162259553,0.04410738056519021,-0.06331687490691994,0.048635079195252784,0.31170537392031267,0.05406563137547616,0.1413465119911756,0.06481884100587891,0.037540122587074336,0.06930460544625633,-0.04034886683920125,0.07171723905707444,0.3422409976203858,0.08898024663212419,0.2130461276106129,0.09802862998863653,0.13003296870988043,0.10052662429874257,0.06272868008788716,0.10203700128736694,-0.6842015767805345,0.07844954190143875,-0.554342050132677,0.05970689912806765,-0.3899563293890698,0.050145157719893634,-0.2527232352803725,0.06463782259987146,-0.15239200047792897,0.07348996588721661,-0.37546777922012264,-0.009163888918136215,-0.19962444779992045,0.036562136445701776,-0.2228634042860667,0.062895389864057,-0.25264765031704406,0.06550829280781988,-0.4260973409844189,0.012984526371229892,-0.23638495796361605,0.0641338661636908,-0.25462329394668565,0.08399634580324482,-0.2824704779998364,0.08449418372776324,-0.47054392998865535,0.043942031518317784,-0.2894619994221361,0.08655895756578387,-0.29307753862505675,0.09945663091780821,-0.3115523625966373,0.09766644394462987,-0.511409001792026,0.07652952309542738,-0.37147045703537873,0.09937962721005895,-0.3175123509463214,0.10679645720063609,-0.276193593991836,0.10588196355511785
0.002272632401728843,-0.2847110159737906,0.07924289455067086,-0.3313450622592455,0.11786979374238322,-0.3300555102382067,0.16032302845488505,-0.3288143651325432,-0.07136072759652809,-0.33277204069257893,-0.12153664013127649,-0.33211663293722776,-0.16479372463231917,-0.3311694162626362,0.22021567159956218,-0.2987026656577645,-0.21411946710259644,-0.29473781110604175,0.0830799328624899,-0.22246177394150254,-0.08853633854816835,-0.22416962187817235,0.49999891099823374,-0.0010435519058966064,-0.49999891099823385,0.0010435519058966064,0.9577764079831056,0.3099775114019685,-0.9074634207681657,0.342922656338594,0.4992279591329391,0.06161161082778095,-0.6218819443293415,0.06562186395550548,0.3285314259284427,0.0328017018455837,-0.450720892448612,0.024433185421687167,0.26081662164162334,0.014680285915133588,-0.40516586607688987,0.004315941430893224,0.3046761329131461,0.027506545948579545,-0.43102898514373433,0.0176195018545026,0.546709224706559,0.05982944323431303,0.4369471899439907,0.027903920231294024,0.3088593451053077,0.0051154076194308,0.20518790026080452,-0.006354775070009833,0.12872330112410182,-0.011506898104068589,0.2668094827956991,-0.017724178390434442,0.11320179775326873,-0.006016336890478404,0.01896863549634065,0.004931010090098221,-0.05612083044868059,0.013552158650028824,0.2867826454123811,-0.0008143711427068387,0.10970426600934838,0.012324277586149039,0.0054897861117984914,0.021173649710377804,-0.07695942776621964,0.028974889048300145,0.3112446638601288,0.025594336048552272,0.13891411273995385,0.03498972176909174,0.03240853373975959,0.04065880057596608,-0.05009243953749904,0.044796497898972755,0.3380046241785559,0.05741839596906125,0.20822608926841596,0.06352696580988064,0.12646027491596074,0.06704043271286268,0.05975820029834506,0.07068011312683764,-0.6821595370398941,0.05232896946240256,-0.5486375693755446,0.02570749063180975,-0.3912616246128285,0.016584017767835225,-0.2689038961812304,0.026741538920139717,-0.17921538463319306,0.03851973453862865,-0.3712090683413796,-0.031162703857759984,-0.22444871317946732,-0.00016778329142830848,-0.1528173891982668,0.025088319691640736,-0.10149864667385126,0.04205193519134636,-0.41707272109704663,-0.013261170186981195,-0.25877738903934994,0.017322359970008944,-0.1725824614844436,0.040986709567689864,-0.10636964478134202,0.05943658146065897,-0.46437730289088713,0.013807799125436504,-0.3093652713009331,0.03642531499244961,-0.2213861358447562,0.0547784414260173,-0.15272957367514886,0.06888741634556207,-0.5070158187071102,0.046093228911698626,-0.38637641460249544,0.055543516825806535,-0.30898900678679453,0.06106518700337385,-0.2414890478707202,0.0664540800204058
0.0025000860786275237,-0.2862257707105171,0.07958624172890563,-0.33315629189884566,0.11809113958092951,-0.33185392795742813,0.1596242798063425,-0.3306055854529465,-0.07108492215195089,-0.33477776081232946,-0.12109664951055558,-0.3343068452799057,-0.1643728152212485,-0.3335784849123514,0.2203945091984681,-0.30033396789043854,-0.2139387584799621,-0.2965524673049223,0.08328592500880536,-0.22324358813779813,-0.08896210211533358,-0.22528043717019322,0.49999953005976133,-0.0006855217121495914,-0.49999953005976133,0.0006855217121495914,0.9766135632762394,0.3112050078812302,-0.9157473573310067,0.33374220083397005,0.5004239860367398,0.045873042958167805,-0.5911651432441669,0.045878273059068615,0.33985639758428987,0.009408573026404046,-0.4049764230399129,0.011548097197535983,0.2713573128528828,-0.0036729415832659805,-0.3585750290471127,-0.008486905376871398,0.3105064428949443,0.012602444248868,-0.3856904459536021,0.005333154533685987,0.5540627230712453,0.03995077949341154,0.438791328102474,0.011952328943474517,0.30992329866189117,-0.00523564067873282,0.20801910724602735,-0.00825939598768638,0.13737123607368013,-0.0003705457671103222,0.26513792688747945,-0.03621001864122789,0.12407986584668462,-0.022410879134273722,0.03836064776969069,-0.01124447607682083,-0.03117289480800854,-0.002188556367076984,0.28608319682837624,-0.020774614540610033,0.11893970045467393,-0.004444587917486064,0.021082410648925846,0.00511376556432064,-0.05766488102705403,0.013305479917323577,0.3103523186816329,0.004252381709381481,0.14518996794737563,0.016320357818169193,0.044420994398806944,0.024649568771169608,-0.03343911758004795,0.030317208902597207,0.33484771173188077,0.035155533955661636,0.20399853665185286,0.04258110734381376,0.12331293112235926,0.047053531785173186,0.05607246895296009,0.05109006860672079,-0.6784889734326415,0.030054878052151568,-0.5487182289955278,0.0024192313436493308,-0.4044852618225492,-0.007871267447152957,-0.2956525901819747,-0.0014785701697927064,-0.21737276180901108,0.006522727220150659,-0.3637139656583796,-0.0468713040590504,-0.22886475817661153,-0.022029012951397843,-0.15447419639832682,-0.0003056512256700708,-0.09991633136735363,0.014486656915500115,-0.4049981900130914,-0.031643590017888204,-0.26013845689064974,-0.0042552720283003465,-0.17513965540981757,0.0155339158037692,-0.10562787980529693,0.030527238744034797,-0.45177102687077425,-0.007514863597609943,-0.30979111696186434,0.013481858188491513,-0.22536080211521106,0.03012686075665475,-0.15603132491105925,0.042553993399670115,-0.49700393814613986,0.022269253507249294,-0.38220395613277625,0.03252210933498921,-0.3079764711132231,0.039888018282601884,-0.24212295132352055,0.04687006535094232
0.004390550084795831,-0.3403519406081023,0.08151634414916202,-0.39639578314673546,0.11942784059828605,-0.3948433669035663,0.15813752350873483,-0.39335067475409413,-0.06860233414685847,-0.3985007292951915,-0.11793681430059771,-0.3980418874599621,-0.16107787457705106,-0.3971958234787856,0.2213119274448307,-0.3574418915731723,-0.2105366724907031,-0.3528962973649857,0.08496052310100725,-0.2650404327263976,-0.08679084421319654,-0.2677559921020326,0.4999998232236374,-0.00042044777499560085,-0.4999998232236371,0.00042044777499560085,0.9858324050185651,0.36796613008391094,-0.9231056149578227,0.3848027458823104,0.5031172090766399,0.03112486686807922,-0.5844065990030635,0.029387863796863246,0.34346732767147015,-0.013962229712053914,-0.4065928612645341,-0.00687286493620126,0.2762107201619795,-0.028205441595690252,-0.35031004994177417,-0.03336156699246557,0.3109558729904842,-0.0090218658076178,-0.3772720542388059,-0.019501311248083762,0.5603769901371112,0.019516898580229942,0.44487215294288013,-0.01159156056980067,0.32038478933514836,-0.02820905129366095,0.22473320115539785,-0.026169079708677413,0.1625568362820052,-0.012598830380804765,0.27172216711736524,-0.05906762089781124,0.13125236542194446,-0.042189493572748815,0.047722370805784724,-0.02917530180954352,-0.019115123243071592,-0.019117124529975587,0.2878971141412905,-0.04077449196823679,0.12346108640406372,-0.02014933407241357,0.026646751243413206,-0.009576856870611992,-0.04913698801615614,-0.0012424744492309024,0.30911086454800946,-0.01224327513069141,0.14871892326510425,0.0030745602465385626,0.04965200624656854,0.012178218528628677,-0.026306494758476014,0.01779851826899914,0.3331468554086693,0.022530914347169136,0.20884203433448045,0.03356453046472686,0.12976282534220207,0.040593432799570395,0.06354919313212015,0.04713108805603858,-0.6693706190874715,0.007293804942738319,-0.5435353432277461,-0.021204350342939115,-0.39962127515589535,-0.031474269223924344,-0.2925026412806746,-0.02413099501126947,-0.21422966181154374,-0.013501254873478249,-0.35715233508915334,-0.07804216235794442,-0.21624374940146676,-0.04676494982778387,-0.13493468894341107,-0.020416287645064434,-0.07432750794672341,-0.0002685943444557263,-0.39269296421684663,-0.06170565380566657,-0.24068040713531946,-0.027922982729483452,-0.15315834369293124,-0.003605514002591544,-0.08240134322342134,0.01551612264984741,-0.4341834483279321,-0.03426431963950003,-0.2849067562103362,-0.0076369723657249726,-0.1983180376377291,0.012186832580604197,-0.12773798452832003,0.027871298417630336,-0.47476139462047334,0.0001999280444222984,-0.35750395677014424,0.012979325362352002,-0.2837559863975852,0.022697288608182032,-0.21998866892581515,0.03201473945644552
0.010293330946413012,-0.3003300750721498,0.08655240725963904,-0.3497585378957167,0.12347942382112319,-0.348385269711954,0.16021505946801323,-0.3470448603747934,-0.061654838447647485,-0.35170343420825345,-0.11028389975897361,-0.3512976202150861,-0.15296313916185178,-0.35051682453855865,0.22427222066421773,-0.31537291294764314,-0.20222895655769987,-0.31161527947211914,0.08999277283444235,-0.2337896803055546,-0.07975285754492309,-0.23634970291164034,0.49999978247755206,-0.00046639296807035667,-0.49999978247755195,0.00046639296807035667,0.9874101812129357,0.3158569657363543,-0.9142752946945809,0.3276893350709313,0.5089088404142316,0.006122601915106106,-0.5680896746335778,0.0037387432575435157,0.35023022596475817,-0.029461140536604445,-0.39425552264871055,-0.025390479502591243,0.28309024296018476,-0.040387575547572406,-0.3301910205780744,-0.04791760726669716,0.3159175970596766,-0.024130407874083343,-0.35705257557182607,-0.03530603453450292,0.5634603464905371,-0.0014775624523830433,0.44891092368903096,-0.02585926088902695,0.32278468281916345,-0.03727604542803288,0.22733345166543464,-0.03450656576893726,0.16509320007267214,-0.024064907309821443,0.27655513745146454,-0.06544468974741192,0.12906021565373166,-0.049240212030588794,0.03949101127399422,-0.038557974703399445,-0.03247166714247238,-0.030198655177299187,0.293249840447099,-0.05164701397972157,0.12557148667090798,-0.03327964249228786,0.026347564238695106,-0.023566741139860507,-0.05111299731091692,-0.016888216756140433,0.31378373440724544,-0.028086569579187898,0.15354764549306663,-0.014952295106552306,0.053737489465066644,-0.007248270728327438,-0.023899598523818694,-0.0040929529387564775,0.33776766662379953,0.0017258132097513431,0.21601330511249445,0.01335987144369011,0.138475880289422,0.020853063618937177,0.0738513126812668,0.026570864809273342,-0.6529265195385457,-0.012166603153097935,-0.5282659490213739,-0.0390757548544819,-0.3904692723433347,-0.04928783564526761,-0.29078494753941564,-0.043552736515861175,-0.21781147389532846,-0.03293773678447216,-0.3475322387030636,-0.08909147909066875,-0.21278936578858107,-0.06044153228251442,-0.13328769569406237,-0.03863766102522525,-0.071738954472759,-0.022749105919455354,-0.38053421925079955,-0.07484716908865775,-0.23178245338714348,-0.04407355647213589,-0.1429918998765301,-0.024087271590878822,-0.06791746797011129,-0.008810802973465695,-0.4195095125051647,-0.050945904625019904,-0.27218196264447286,-0.02691885012747357,-0.18743700821474318,-0.010902406074686247,-0.1180155678000487,0.0013375142845965535,-0.45763749612366283,-0.020739722311054157,-0.34215362318862486,-0.008857268567118886,-0.2703202305253837,-0.0004800720914355487,-0.20909466050552905,0.006940671393395871
0.0111098665497212,-0.3188186102145769,0.08786232868365855,-0.3706352576117461,0.1242849223372639,-0.36913947350398446,0.16023887010878543,-0.3676446893033242,-0.05962916698051855,-0.3733687728791776,-0.10796902627511464,-0.3730926446873298,-0.15064797363722773,-0.3722196488718778,0.2249496793136462,-0.33375914520774597,-0.20048572770875556,-0.33067650853006453,0.09091437638856509,-0.24746339347642204,-0.08042816671202811,-0.25123773512047876,0.499999392672108,0.0007793122116439997,-0.49999939267210775,-0.0007793122116439997,1.023676413159068,0.3206052903729147,-0.9145399872389899,0.3348502746031646,0.5106199681467019,-0.018864862702435575,-0.5335002614018924,-0.025097360581384773,0.34955219353722666,-0.0543672565809756,-0.327953536661838,-0.054352950217832506,0.2835347156559981,-0.05788269920170092,-0.26792884219126417,-0.06528247324763684,0.31580143194997967,-0.04030040964663642,-0.2971619194108028,-0.04911705205525434,0.5653028909605877,-0.020439716387138582,0.45514736669890843,-0.046116561591749365,0.33435974006318575,-0.056689040870423466,0.24276252391471234,-0.0509343447540811,0.18527959679432388,-0.03745144356695879,0.28248680006577337,-0.08353823869345882,0.1287946927143055,-0.06651205131863377,0.03676255116571903,-0.05647198411348906,-0.03862362929693795,-0.0487487785782161,0.29709809135564413,-0.06961207099669336,0.12490135339288298,-0.053017074330363796,0.022928895480480552,-0.045045199590566055,-0.058744176372060766,-0.039319577696095134,0.3171502512288109,-0.045037200333754863,0.1546249259904761,-0.03383047228907046,0.05357152325505315,-0.02751921249690339,-0.026373373896485603,-0.0254713258373079,0.34198314963771326,-0.013822561937874378,0.22297875155110902,-0.002356934869858575,0.14754586133919131,0.0053048917525746805,0.08472959268260757,0.01161569004915649,-0.6515151525902573,-0.034773307769758593,-0.5372643102018811,-0.0682710417418559,-0.40132070326649444,-0.07948415380880308,-0.30579290042748275,-0.07457860956934088,-0.23878789414568138,-0.06385922086269205,-0.3422402683127402,-0.11384788424664258,-0.21014440923080532,-0.08305936010781971,-0.13858662175312209,-0.058410265571585074,-0.08767918861703637,-0.04085035855240573,-0.37153270046227843,-0.09811526899730398,-0.2302628917866238,-0.06483359187503968,-0.15002448880731903,-0.04323382941841681,-0.0859803472944827,-0.026155031546872005,-0.40746058367758275,-0.07342148630522992,-0.26683447491669193,-0.04844857570000385,-0.1872746106154113,-0.031537762221494035,-0.12353636204616728,-0.018189694661198796,-0.44392352147926034,-0.043761626536093584,-0.3317555210040438,-0.03175681879263124,-0.2616134776393074,-0.022573518141523488,-0.20142594420860419,-0.01396908678619473
0.010662635157768994,-0.2940637442051903,0.08844458737544379,-0.34066136516178,0.12428945163807784,-0.3386572884093485,0.15878666400772448,-0.33695262793084263,-0.05815913025994998,-0.34423074110030155,-0.10639463813644186,-0.34417779379924035,-0.1493006082059929,-0.3433453366372725,0.2249056634631267,-0.30495012317715775,-0.19931331486193332,-0.30505808714818955,0.09092769088244357,-0.22785813925654452,-0.08171945104821332,-0.23174726837034273,0.4999947630305768,0.002288436583602594,-0.4999947630305771,-0.002288436583602594,1.0375342655173447,0.28538902109453185,-0.9299300686363191,0.2996299897837348,0.5115249405172421,-0.026732892504670737,-0.5348219408299796,-0.03997071677565457,0.33624373610990255,-0.05618457896855078,-0.33787151981822217,-0.06972260444649489,0.27479520132334845,-0.05759667349779655,-0.2716422173883813,-0.07464527629421577,0.3064300257746672,-0.041317376432834126,-0.29956242191979876,-0.05897758477830411,0.5798681831554945,-0.03522001662005974,0.4673675548978767,-0.055957519248905525,0.34410046430476193,-0.06432233652599409,0.25349077363828365,-0.059436984676191025,0.1941788229055936,-0.04787349392555802,0.2859196765789912,-0.090160690801415,0.13971076811260344,-0.07393448375261098,0.0506415451140254,-0.06555353966953881,-0.022160305002667628,-0.05929947868003879,0.2987911588201457,-0.07910019941086353,0.1330569084352626,-0.06378487146993875,0.03318965895298131,-0.057770857273929194,-0.04880267616457633,-0.05347420520007628,0.31782519791003666,-0.05737981790760109,0.1591534256863406,-0.047220929143610854,0.05900261350305279,-0.042864764874225525,-0.02283361631631012,-0.042293333625036574,0.34232343706959706,-0.02920800043541098,0.2256690355257277,-0.018064092070546087,0.15227003975736847,-0.009179220979260582,0.0899339348467925,-0.0007625267643397979,-0.6499439372872841,-0.04908885569331354,-0.5354803277909375,-0.08002263844161597,-0.4014092924363305,-0.09062358721918332,-0.3061867759803378,-0.08651853016332145,-0.23767216060263857,-0.07606322214244673,-0.34811074079767323,-0.12423013830784804,-0.21447191126592546,-0.09665194428246149,-0.1397406168179727,-0.07543185055243377,-0.0861296830386421,-0.06060104036650313,-0.37396160663444894,-0.10993265444015393,-0.23235969145192892,-0.07909934312028033,-0.15267977327905913,-0.06018788016010902,-0.08885294854286473,-0.04519865621628633,-0.40453834594371774,-0.08700611629290537,-0.2637199592771369,-0.06378993785588935,-0.1861400862256965,-0.04923485323774918,-0.1251410832346585,-0.03767749923629578,-0.4351663769938219,-0.059846933792898134,-0.32417345144591186,-0.04885201998951008,-0.25553755425961505,-0.04042697694140309,-0.19735951124238416,-0.03239368683511021
0.010404339997505506,-0.2768864692080461,0.088221295749654,-0.3214492138844338,0.12382036576872534,-0.3191168985017191,0.15834459416658844,-0.31703187063303834,-0.05761763276111982,-0.3257304618072313,-0.10646702378701045,-0.3258166810928014,-0.14928783599426854,-0.3249944588282266,0.22443329244571505,-0.2854966088821559,-0.19966040517912212,-0.2876970840951882,0.09061208098942437,-0.21216103767160127,-0.08207713887539024,-0.21640712821581676,0.4999667470882151,0.005766437897775142,-0.4999667470882148,-0.005766437897775142,1.055366633093809,0.2711237284155584,-0.9397359328589803,0.2814512083740125,0.51682656734277,-0.028286203770302117,-0.5272651177588187,-0.04777001839155019,0.33724193324209134,-0.0525128464216431,-0.33144442479432307,-0.07565686503411068,0.2759344624809166,-0.05721158821510146,-0.2626007160674734,-0.07881286757217443,0.30757335502708144,-0.04354611047905905,-0.2928729924202407,-0.06481485963037754,0.5788086435503123,-0.043413084445416555,0.46142283738168266,-0.06403532846836657,0.3375233332262015,-0.07106422318673004,0.24182573204862212,-0.0646786247883724,0.18015026350201147,-0.05134470066423497,0.2846696941631654,-0.09605030706946373,0.13380483504039636,-0.07879131275078191,0.040817144861533185,-0.06975788939961777,-0.03357070943890857,-0.06324435720697574,0.2953138500520649,-0.08471337785414511,0.12472595584555994,-0.07002198827920378,0.01998068497778008,-0.06423964585302251,-0.0648779581281151,-0.06068100762215093,0.31144830654501976,-0.06331341634347605,0.15357759955459727,-0.053399314610174234,0.05242965279812938,-0.04960817728641831,-0.02793173498584491,-0.050074500849554185,0.3328996965585832,-0.035255247237031995,0.21707127896746012,-0.024108405038848042,0.14141961121004581,-0.015964519171170616,0.07791718627665313,-0.008756140454609894,-0.6546615440203123,-0.054225164223332886,-0.543944197255755,-0.08278425621786649,-0.41117596361934744,-0.09503151041432545,-0.3159097223808474,-0.0926283222208185,-0.24772630045400768,-0.08387385592709347,-0.3602492542464061,-0.13268052868988706,-0.22654722194243507,-0.10789834365158811,-0.14818581466709985,-0.08729974715113668,-0.09309632326230868,-0.07142772536885435,-0.38037449753412206,-0.12042818225407001,-0.23643626215185337,-0.09350272249963797,-0.15558032375595135,-0.07510062508011733,-0.09131155115102399,-0.05918075019920954,-0.4046782990868006,-0.09880555734571514,-0.2606566382979082,-0.07906259657083209,-0.18053335159738126,-0.0652518156213249,-0.11756568952227445,-0.05314114505038876,-0.42969631814942366,-0.07182199025723789,-0.3170364369424536,-0.06265414573836055,-0.2470483511321432,-0.0547717777522383,-0.18829182867299307,-0.046525349530363455
0.010488791894111744,-0.27624966232136267,0.08853587887690016,-0.3205583170993697,0.12387584043435587,-0.317782988429291,0.15844652819610866,-0.3149940007401296,-0.055697471576878016,-0.3252878055358188,-0.10536200727710064,-0.3253995547126658,-0.14826423713290152,-0.324597706597608,0.22445851780631543,-0.2810320175311523,-0.19953401253652733,-0.28701643719233266,0.090693514428254,-0.21040781166201364,-0.08199808028353059,-0.21530057137837788,0.4999193996494528,0.008977407985086136,-0.4999193996494528,-0.008977407985086136,1.0599159195827454,0.2542279972705477,-0.940968951970469,0.27617259148311923,0.5269459922847671,-0.03825717853350652,-0.5265730136481386,-0.0707001089674087,0.3390811705911848,-0.06826646809075443,-0.34388771739293156,-0.10413292903814353,0.27637944138825205,-0.07216629496914329,-0.2749966515956858,-0.10489344623535546,0.31033961344095656,-0.057116816052753296,-0.30510556848686154,-0.08662610058503356,0.5789269216229991,-0.05731235941920561,0.46214697617681144,-0.07670434482207682,0.33412298067102947,-0.08356223398334929,0.23257352484264712,-0.08055866522756346,0.16378892640157058,-0.0709219795623519,0.28305911073400497,-0.1108247868068365,0.12881654296267675,-0.09907944583816973,0.028508177619495072,-0.09382178507315253,-0.052254427003173856,-0.08956583288894102,0.2935381731233457,-0.10096700903999735,0.12086046545801807,-0.09147526467572475,0.012256561474565367,-0.08894141047771814,-0.07868601970356769,-0.08778648025798041,0.309254537922123,-0.08035675237034721,0.14931605231824574,-0.07421486474305886,0.041892547283626846,-0.07210755410987603,-0.04380398778915242,-0.07331754503866185,0.32984062701177513,-0.051564743270203835,0.2150931622538116,-0.042233510073182,0.13941287374431988,-0.033980207029774064,0.07749499116361933,-0.025891166075955638,-0.6667800635770242,-0.07174350232665826,-0.5546443922230596,-0.10270708314458044,-0.422316355263248,-0.11697835183385871,-0.32763087217495324,-0.11686582416369615,-0.2617621248772739,-0.11119655275109058,-0.37045586605015135,-0.1534832480721513,-0.24701588171277036,-0.13171027624960754,-0.17057223426069587,-0.11469212928232936,-0.1152206101463501,-0.10295478556317729,-0.3871022343489939,-0.14122395997095585,-0.25537211188940834,-0.11644791479746346,-0.17719841276083714,-0.10099857340533855,-0.11239836798277363,-0.08947899549819291,-0.4085163171530092,-0.11998503456290692,-0.27393480687678945,-0.10204536382632885,-0.1981771109416771,-0.09071290740340324,-0.13748214567427036,-0.08229951782546213,-0.4326448889267971,-0.09372397800386657,-0.3222487844478275,-0.08504731614101682,-0.2519072937984201,-0.07743450077998075,-0.19281696817685354,-0.07038991476720585
0.012810549672986315,-0.31337829915910453,0.09081309477971532,-0.36259713683231454,0.12552801003518851,-0.359185202790206,0.1602624025200925,-0.3553603737760058,-0.05198284596898411,-0.36807043105327375,-0.10278509846983917,-0.36815356909310887,-0.1457275200573675,-0.36721788679271694,0.22545696074718136,-0.3137031844098722,-0.19714612435797302,-0.32441201882240644,0.09266855716233233,-0.23888294173983468,-0.07967135070730097,-0.24550100124705354,0.4999138468613109,0.009281471668103133,-0.4999138468613109,-0.009281471668103133,1.0666429624618199,0.272552250600429,-0.9343143667164935,0.2917556203933477,0.5296847920462694,-0.07050836530239421,-0.5221110542968187,-0.10970862992550488,0.3362089294657714,-0.10409517503220116,-0.34405483586858393,-0.1480208109722791,0.27462107574117317,-0.10471962876272048,-0.27742682189654505,-0.1483282859514963,0.30925688610869523,-0.08715114735929673,-0.3101294318166165,-0.12295145748494374,0.5779310853165578,-0.08919453822118026,0.45932142134576287,-0.11506875738138603,0.3299883466030915,-0.12570986743486148,0.22458902806728331,-0.12529888918991297,0.14824802731331216,-0.11831577302555074,0.2838411519361947,-0.15739041215715266,0.12960250974979756,-0.15260306666255616,0.025884725354847093,-0.1510240029511061,-0.05771043281830885,-0.150021634518858,0.29241147459152067,-0.14517910325526434,0.12380752143546901,-0.1397844747108061,0.014839940297362627,-0.1391146584378984,-0.07726070185946156,-0.13922215488517795,0.3069244024579135,-0.12105030374980978,0.14699926354217502,-0.11474043799448681,0.03701784135632926,-0.11173948219732682,-0.05178756111600718,-0.11181231782876737,0.32362441816591614,-0.08651040144806045,0.20561239760344507,-0.08088951923707693,0.12424866359678723,-0.07582408857945852,0.05503308260957936,-0.07167573199621707,-0.6692791204940606,-0.10012092116446451,-0.5532046571277284,-0.1314330549571118,-0.4215314103542367,-0.15119610907583678,-0.3272914337384863,-0.15574338449575095,-0.25787732169339617,-0.15437563995183565,-0.3919573731247079,-0.20433585171129845,-0.2702147797146819,-0.18931294368126936,-0.17598377287564304,-0.1734259910278244,-0.1041467105746519,-0.15965135154978624,-0.40349472706332373,-0.19385015628368188,-0.27303684232102426,-0.1762576359273375,-0.1813304432072839,-0.16110894267853776,-0.10385207476628878,-0.1473351817004402,-0.4188314221376162,-0.17052949685996732,-0.28401174854660366,-0.15978672040427278,-0.1949064138263221,-0.1492744303875447,-0.12251254195765611,-0.13944273823390468,-0.4387294622358424,-0.13861439265353043,-0.3245704306164274,-0.13426533876567265,-0.24587242882199647,-0.1281181552266264,-0.1822135817943694,-0.12161813416597456
0.021056628938516037,-0.2587762787019603,0.09572823022251414,-0.2970691100291391,0.129643710087734,-0.29426439811728106,0.16559251250512713,-0.2908788891614073,-0.042516349184655106,-0.30184039726228756,-0.09540162247030491,-0.30195727632225705,-0.13860879086515449,-0.3012279227160371,0.2265055814402774,-0.25652023654990425,-0.19394936493974654,-0.26636853425277895,0.0975927614799796,-0.19868373568983336,-0.07442181739223289,-0.2053716724446041,0.49995275359455266,0.00687343969382079,-0.49995275359455255,-0.00687343969382079,1.0651289647060906,0.20322293542182188,-0.9262454200676202,0.2286650458272167,0.5241241093932199,-0.0931742645852714,-0.5205942103968925,-0.1102388001045273,0.30659637016897534,-0.12014319204563917,-0.3423370760607359,-0.14738622949491842,0.2526085085872519,-0.12372531998090087,-0.27848249552552723,-0.15152531602930924,0.28680644162708324,-0.10825860281473026,-0.3075763635781168,-0.13101564331467894,0.6158822560635514,-0.09413274998250361,0.4958052860456637,-0.11432545491108133,0.35455657891298054,-0.12346444643308545,0.24329146733291293,-0.12065459415575322,0.1614780545441144,-0.11348898893929282,0.3420626200543214,-0.15611900363532424,0.20474001204873812,-0.16498690513313297,0.10940134600891877,-0.17560497256576846,0.03198144130544782,-0.18464514056153117,0.34408743498075334,-0.1463127284202011,0.19780017157903618,-0.15624789829958968,0.10278751775762396,-0.16554405649596735,0.016988792766565845,-0.17574960959929864,0.34865449863120374,-0.1288355500625041,0.20611263238584124,-0.13830024799186696,0.11656578779819136,-0.14768218603709526,0.04143817777445899,-0.15880619394152848,0.3542800810763878,-0.10387901143071553,0.24311416841246403,-0.10996726029835292,0.17638971048593918,-0.11537203332162757,0.12198412448031722,-0.12135484044247552,-0.6642889450064601,-0.11007430840935305,-0.5263687613688071,-0.12694922869717956,-0.3943192648739455,-0.1454503036027679,-0.29756212239427754,-0.1516174570804342,-0.22064757065984042,-0.15545396885210017,-0.39401894568527723,-0.19499044735119217,-0.266749458713171,-0.19012207146514984,-0.1545829641858116,-0.18577865540315977,-0.06711419226173414,-0.18206801833104316,-0.41153793368804137,-0.18969670622216014,-0.2682426321070285,-0.18354176111249507,-0.15655758412036974,-0.18062087694092022,-0.0598862835844315,-0.17825014038422116,-0.43021438417291086,-0.17485081669613553,-0.28938578359933353,-0.17224747860172912,-0.18240162421603595,-0.17026130563706832,-0.09314735687762969,-0.16858734562039648,-0.4509638878221656,-0.15241466351091354,-0.33902080354677294,-0.1529520887212407,-0.2583253778566401,-0.15267431622192884,-0.1907281226053141,-0.15199752285268256
0.025379651048742295,-0.3090803318103264,0.09899476252983357,-0.3543746460464358,0.133585618879082,-0.3505406996873536,0.16971150594982365,-0.3460403710805593,-0.03437117730463619,-0.36076004696383585,-0.08675977982982225,-0.36109266156596415,-0.13049607389573314,-0.36029490923388946,0.22793836410680568,-0.3055256525761649,-0.18823609878653713,-0.31907068465654753,0.10136613911055965,-0.23599059829694394,-0.06410978129397586,-0.24490254803402312,0.49993879728410057,0.007822977062928498,-0.4999387972841004,-0.007822977062928498,1.07269515710886,0.2413217331482037,-0.9250478247290896,0.26153396996650924,0.5321883957132709,-0.14042212887957264,-0.5267914550328322,-0.16852740936811886,0.3080259247125435,-0.19650262655488535,-0.3472480781626543,-0.23345228843401877,0.2542872574778654,-0.20039353326066903,-0.28254672893793115,-0.24302839120146266,0.2895817333851866,-0.17593302313494028,-0.30878340051974074,-0.2114693612158925,0.6165706731330831,-0.13690165660125744,0.5119726485892767,-0.16504514126296238,0.37935065668900153,-0.1858834038080376,0.27760692826783395,-0.19469365511234218,0.1989381777891122,-0.20053451204049413,0.3676186726380018,-0.2231319345508352,0.2344793884870516,-0.24269362425155083,0.14899752471070593,-0.2638229149647928,0.08192888279144646,-0.28352373857580476,0.37108555168907187,-0.21469680671738475,0.23183234958853183,-0.2379842104314936,0.14660215529861648,-0.25886036967147275,0.07468662112007186,-0.28034610455158987,0.3756377234950118,-0.1981700042610938,0.24539935983403108,-0.22257101734451903,0.16476813187931075,-0.24331073310893137,0.10168927660530695,-0.26358961583896445,0.3816454604036735,-0.17510729028167896,0.27782762828399393,-0.19660939837886413,0.2138380663897225,-0.21273793962562734,0.16287252803966626,-0.22688124752028416,-0.6729602079095838,-0.1552840134556935,-0.5184941043481975,-0.16609994541604856,-0.39415550985474257,-0.1892888023494945,-0.3051648221129219,-0.20079602229620022,-0.22901702054661777,-0.2084720631881169,-0.42780758286617065,-0.26837689852704943,-0.3204177116260405,-0.2849590470692041,-0.2336754584744482,-0.2826109125068718,-0.16572410157151207,-0.27832935467836667,-0.45121293018515746,-0.262629053770974,-0.33225306904621277,-0.2748177992694406,-0.24916674484388102,-0.2726258636605459,-0.1762207951311382,-0.2716192567238994,-0.4691896867057366,-0.24501285585793206,-0.35113151360505723,-0.2569437039701864,-0.2708901266195135,-0.2599623717366705,-0.20218137899034247,-0.2618507494385154,-0.48205290723123856,-0.21873245881161482,-0.38398705864760063,-0.23147658690781114,-0.31430217713816744,-0.23542037987342015,-0.2552058766276249,-0.23736825461756852
0.02518893259903515,-0.3061992576700548,0.0947748926351809,-0.35026780318676637,0.13068729926356124,-0.3465694735265222,0.1648755296117866,-0.34244129912573806,-0.03434931211853661,-0.35638559872725745,-0.08591850857736265,-0.35652999023517123,-0.12953580130263848,-0.35558826700431223,0.2214379624137535,-0.30786308979426447,-0.18762580276995075,-0.3153263447787802,0.10257061912677162,-0.2343615310842079,-0.06058162981438545,-0.24287283533135345,0.4999783248770014,0.004655604492191368,-0.4999783248770013,-0.004655604492191368,1.0744528103358857,0.22219624383490907,-0.9269525319929673,0.2465053260964797,0.5383124596614196,-0.190646018263732,-0.5525658720140089,-0.19335116440727793,0.31612401911365284,-0.2721175644200394,-0.381912253578531,-0.2882911538748732,0.2791496754768663,-0.2882021578511276,-0.3350421070578668,-0.2966039576370828,0.3096780188245539,-0.2566778137766521,-0.3574175036576418,-0.2578917467842227,0.637326613363773,-0.15356237410390355,0.5238160385910027,-0.17492906316883097,0.3968651796183448,-0.20526111782654474,0.30195632938704325,-0.22422582237303243,0.22396596956677745,-0.23905985518133496,0.4070413509316707,-0.2492341591068899,0.2900319282806011,-0.2890705501746656,0.2107704853037674,-0.3239276288492535,0.1473546778229706,-0.35393851078181743,0.41408237713005847,-0.24678782793035922,0.2964763932390855,-0.29035160858450015,0.21638467758435398,-0.3237105118491463,0.14704317630050467,-0.35540573434336464,0.41993693394796955,-0.23882124594420073,0.30856388057525236,-0.28225039740935914,0.23115438750416295,-0.3148587372696611,0.16512885916318956,-0.34439875758679545,0.42613881666935294,-0.22631571539323508,0.33376155602917595,-0.26485878839484395,0.272587160653351,-0.29219290301796447,0.21842598493256135,-0.3151206549892049,-0.6796173804380661,-0.17480071516179652,-0.5338443916846043,-0.189706868047165,-0.41793383927283567,-0.22408347414117405,-0.3342413468462268,-0.2449765015457072,-0.26277784806076043,-0.26060408223240794,-0.45062836352538155,-0.29044605334439344,-0.351582564953139,-0.32762838017000784,-0.2644342139054385,-0.3529564517680873,-0.1888883563119933,-0.3749298424676818,-0.47467829404877365,-0.29011595074611257,-0.3650615736029718,-0.3242397960243816,-0.27214916494747415,-0.35169643153393415,-0.18305734123017217,-0.3771637486113435,-0.49397842342757825,-0.2804055461620206,-0.38567944312979796,-0.31336881064083183,-0.29579120930426395,-0.33982530035971964,-0.21607761146144117,-0.36091039571345884,-0.5117473164067915,-0.2636821640945068,-0.4279863311755441,-0.29627763888334896,-0.35595458947039876,-0.3203202628119194,-0.29094442644252316,-0.3386648709140436
0.032364409280627136,-0.29198850410027705,0.09921499845270175,-0.3348481140695055,0.136037254598125,-0.33171101788890855,0.17117690918612324,-0.32841150446813594,-0.029321728921546823,-0.33960025566535385,-0.08187991118976311,-0.3396410755735042,-0.12721990136032593,-0.3386036893514086,0.23031794437470804,-0.29520371866143635,-0.18711070829846468,-0.29993056341279717,0.10652829559739696,-0.22428818337067408,-0.05683016134635844,-0.23192301538153443,0.49999090213240277,0.003016253441944092,-0.49999090213240277,-0.003016253441944092,1.078732614663306,0.20718701343484833,-0.9308450753741984,0.21951721287353101,0.5624039936843032,-0.21626448424185327,-0.5867921802192779,-0.21810835111406016,0.3774499647426638,-0.314461300857754,-0.4506284027027067,-0.32482819207326874,0.36520108177260546,-0.33156958553109184,-0.41770758206807834,-0.3351687084537638,0.38094935367142446,-0.2978187799603359,-0.42336935495362105,-0.29915498515794053,0.656368120734922,-0.15427032672904206,0.5233000678427014,-0.1811057511700876,0.4176801659309723,-0.2231535624025795,0.3412553848790608,-0.25482097160488715,0.26961105859099854,-0.2776176685842543,0.4629053829561344,-0.27536143440048627,0.37786205823208463,-0.3412082582091286,0.3021718934253641,-0.39315949659435073,0.23742127818367778,-0.43157383293921314,0.4726398144944609,-0.2744340750787044,0.38756072959157706,-0.345743292511804,0.3135160438709208,-0.39736021009999195,0.24693552919232611,-0.44106834235008513,0.47301716952444306,-0.26690502987206466,0.395245762309581,-0.33385514105733405,0.32427066222541295,-0.3808378492138897,0.263902201469991,-0.4201589193283524,0.4676447986576073,-0.25058245656458555,0.4072015820997656,-0.30426487587838824,0.3551700110365222,-0.3405990498263988,0.3092399779151975,-0.3708463143016659,-0.6847090841803035,-0.19153933406652404,-0.5575080846287898,-0.2106840147211089,-0.4573288384968128,-0.2504660335871145,-0.38294749623541857,-0.28041692253207867,-0.3169165814481903,-0.30848844278331083,-0.4814090617773999,-0.3108881215738889,-0.39290338545266745,-0.36225214258323685,-0.3233513701995291,-0.4005728374838741,-0.2599131535210525,-0.43558999446575214,-0.512319479215291,-0.3126586850899103,-0.4211613341971842,-0.36696418293128963,-0.34303309148352784,-0.41156949076826477,-0.26843046182977726,-0.4528052157998782,-0.5418660715470778,-0.3070356708761642,-0.44744830108496414,-0.3600894061116231,-0.37529490310821434,-0.4035746099196698,-0.31149550862351383,-0.4410920581417922,-0.5674072684196018,-0.2956778907635068,-0.495098143378358,-0.341048715610372,-0.4344537332429331,-0.3769418476986665,-0.37796525189100566,-0.4057055816036032
0.023539603085683848,-0.2559575281081237,0.09374535184938794,-0.2944758236905887,0.13328406837669135,-0.29275667661529686,0.16922589883825073,-0.29132087857126254,-0.03673994374528896,-0.2970846904844676,-0.0878886394072407,-0.29678905735453137,-0.13415991472373318,-0.2956959605940441,0.22909285267926405,-0.26247975776679383,-0.19360254548978206,-0.2619400095126045,0.1010552348223025,-0.1982102935893402,-0.06235054433897959,-0.2037449694578035,0.49999899586910673,0.0010020628149217544,-0.4999989958691066,-0.0010020628149217544,1.0760913506679728,0.1611605118647375,-0.9335165449636049,0.17050319564963015,0.6317892209202849,-0.21343599518379974,-0.6307126881189176,-0.2223546895423581,0.4879528785738728,-0.3176349221164224,-0.5165663809288501,-0.3330503378267007,0.47242564605185766,-0.32757037633653596,-0.48743020978622126,-0.34282522132837107,0.47617604323005874,-0.29310169683583936,-0.48817320017048893,-0.3073933055389336,0.6897768111420146,-0.17252493266584468,0.544062295184943,-0.1931375249007858,0.44323898454333754,-0.2331213259904163,0.38367344288658384,-0.2622481774371109,0.33069391895707223,-0.28499588390515324,0.48403605018958606,-0.2853078749420035,0.42198271050437486,-0.34363290081649667,0.38397825509548245,-0.39011611823867964,0.35374914603260277,-0.4285899779743936,0.5113226079285238,-0.28850963751904907,0.44967217116305064,-0.35099057453326526,0.4077629574573402,-0.3998124085783954,0.37109063170206213,-0.4421358917485115,0.5315342243971113,-0.287845606776697,0.47231735526710117,-0.3463461197751718,0.42930959360048526,-0.3914669930495014,0.392388896045318,-0.43017117963544127,0.5462333809182646,-0.2813184885481445,0.4922705698631141,-0.3310700283065404,0.4560375272912127,-0.36737292429668256,0.42512603328325804,-0.3976337986081358,-0.7254474046379866,-0.1826151289249264,-0.5879869584961183,-0.20882513367515423,-0.5052924942297805,-0.25221006324946804,-0.4505233673314586,-0.28507328626162376,-0.3903912965692085,-0.30886520379132987,-0.5403599233547696,-0.3015806079269051,-0.491588269918655,-0.35311873195538007,-0.4527121331929037,-0.3908939649157284,-0.4163507396908747,-0.424884003285765,-0.5743271895071496,-0.30270936617794436,-0.5194954171548515,-0.35514391604010137,-0.4710414110206485,-0.3972588829025435,-0.4254699457755067,-0.4362832708157771,-0.6104779514827839,-0.29787688950129915,-0.5519015619941713,-0.350144977291565,-0.5048752262059424,-0.38969125137672544,-0.46327099471036265,-0.4240488725975308,-0.6473473086659001,-0.28858503430838833,-0.6008735618821469,-0.33296754550856505,-0.5569101382900854,-0.36527409829386176,-0.5143050245413594,-0.39190057159368186
0.010590176947427803,-0.28690893514513466,0.08543472859263282,-0.3299436874662614,0.1274839593403058,-0.328403148741015,0.16465236353126364,-0.32727899821523326,-0.04610280792637299,-0.33215336174915383,-0.09679973229534311,-0.33150019285220395,-0.14392563100232217,-0.330578100766149,0.22533244146336218,-0.295494884918523,-0.20274984613321034,-0.29257542633044803,0.09035599788584842,-0.22341963545087581,-0.0734707305783107,-0.22915006300238291,0.49999860669531804,-0.001180382455264022,-0.49999860669531804,0.001180382455264022,1.073760898917378,0.17323858230856204,-0.9370808050647885,0.16990719781920827,0.7216557295154831,-0.24310122911013235,-0.7146269348464479,-0.24726099742363875,0.6226447736092392,-0.3679782254999455,-0.6292421224464495,-0.3758704273522566,0.5970377243059755,-0.382421359982682,-0.6026415072594996,-0.3935356200187942,0.5837556839149115,-0.3393739877244985,-0.599680691121763,-0.3510362737565571,0.7459803362457728,-0.211987576115842,0.6082204808032382,-0.24441809513881432,0.5184037902071706,-0.29326150467651835,0.46635942601013675,-0.32912764468552896,0.4177207480523429,-0.359861862887206,0.5926986265054072,-0.35584286613678046,0.5592633587773704,-0.41893781022886717,0.530794900902978,-0.4654868315415573,0.5061032508498281,-0.5069003751530471,0.6158065525914024,-0.35903285155237097,0.583478362293195,-0.42466614607809966,0.552506702942391,-0.4748323481342637,0.5235731535982452,-0.5230935672055361,0.6307127596861214,-0.35676886273374797,0.6011329761952919,-0.4182961456944276,0.5705902137643485,-0.4649376899710644,0.5425496332450305,-0.5069658454342422,0.6380456395524979,-0.3484459793830958,0.6058926444699707,-0.40173216455206023,0.5798648547651323,-0.43987393718902246,0.5579044488454674,-0.47304192071061124,-0.7688394885240515,-0.2172646620610331,-0.6385388540175907,-0.2569869946600958,-0.5744776443648417,-0.309819280435471,-0.5373242787544733,-0.35076093601381,-0.4864721256468771,-0.3804479086100016,-0.6380678150865872,-0.3673628466907568,-0.6124730855244842,-0.4294338327960154,-0.5911902653686636,-0.47338265901114435,-0.5721127638443596,-0.5128267952076846,-0.676299710312785,-0.3652648693093283,-0.647030894081601,-0.4276323193503075,-0.6207587486831179,-0.47664627234680096,-0.5968364452245275,-0.5224532274158705,-0.7137754283229059,-0.35518886055892074,-0.6779048451404399,-0.41614420239431427,-0.6494565236705655,-0.4625088052897934,-0.6248712482100596,-0.5039774303945144,-0.7483659479168978,-0.3394038293436162,-0.7177383916812748,-0.3882832858838526,-0.6866025823999696,-0.42541915889695736,-0.6578676782615752,-0.456762341354181
0.006697789878943396,-0.3157959894175014,0.08297078528218897,-0.36367248819879733,0.1257020018339121,-0.3620616441109417,0.1629539034059199,-0.36064427720197323,-0.04857371281326644,-0.36589384998749525,-0.09802004594680794,-0.3652559461628471,-0.1448653352134905,-0.364676286066293,0.22287745595038952,-0.32626574312046097,-0.2064440125565978,-0.32279457121407956,0.0864413918158748,-0.24658060868678622,-0.07709915637806737,-0.2531506555038117,0.49999717446829584,-0.0016809294215952102,-0.4999971744682961,0.0016809294215952102,1.0718763841181527,0.18666185268800328,-0.9506155814507805,0.18164594911095377,0.7848097791929973,-0.27379716995701425,-0.7810683579920742,-0.26826278148391197,0.7170598229078148,-0.40818705099289204,-0.726263359787806,-0.4049645142330629,0.6820197938665263,-0.4262940617571851,-0.6958478617177407,-0.42743911030831006,0.6627665994494896,-0.3787217418101603,-0.6847008463319547,-0.38290927300009264,0.7853470768517535,-0.253744355810317,0.6553110211242255,-0.29700193409373127,0.5864842612162623,-0.3550793397006256,0.5478222717955873,-0.3967324768490741,0.5039615920339148,-0.4318070813393178,0.6595151247462798,-0.4219824058540034,0.6520187777083692,-0.49100916947850687,0.6408926562878144,-0.5414157603794043,0.6301057645304076,-0.5857655435665999,0.6902290837668459,-0.4235376291101295,0.6849040104166437,-0.4954977937422815,0.6717470974973757,-0.5492478832118178,0.6579910543718375,-0.5993063231923335,0.7174123024025725,-0.4174518923924075,0.7142316633375865,-0.4848573203435974,0.7015677121020714,-0.5339491458697847,0.6858885748270613,-0.5771827323658648,0.7404094235976642,-0.4033059180025713,0.7374192083946651,-0.461093107841135,0.7278730444588059,-0.49990657395496035,0.7154880191656489,-0.5321509961238996,-0.8163141416300015,-0.253911372593527,-0.7002967474853111,-0.29751216458063695,-0.6463571926091958,-0.36297580063798013,-0.6193316979305211,-0.412077114877486,-0.5820173692672733,-0.44796697727302437,-0.7226639920700111,-0.4255297960429767,-0.7099219857367411,-0.4912304185012534,-0.6964966787925492,-0.5350824685312802,-0.6857908148515276,-0.5751600164047723,-0.7657901130580901,-0.4252563976689831,-0.7564561587650386,-0.4932506658540029,-0.7421992550176721,-0.5448946466868578,-0.7311806610767233,-0.5936194981540475,-0.8050512751524445,-0.4172017143656408,-0.7922918571814817,-0.485712075982381,-0.7769533934615256,-0.5366142400081472,-0.7658344490330933,-0.5818930685164503,-0.8427130721561874,-0.40380897409648,-0.8331822814223888,-0.463654829005132,-0.8176209487399639,-0.5067232501742595,-0.8010739899618965,-0.5433749096756632
-0.0003709168291999712,-0.283454345207592,0.0814718371606607,-0.326362154237578,0.12465252320454681,-0.32481337457338716,0.16149757622648392,-0.32320518075541194,-0.052851696842365355,-0.32837393546804666,-0.10139493502530718,-0.32781977225486797,-0.14753881421375736,-0.32730683236608454,0.22119283013889615,-0.2916629742611158,-0.21085288434105443,-0.2897698830049126,0.0800960175991442,-0.22142223365750463,-0.08887724215644689,-0.22759383565270025,0.49999651966284586,-0.0018655629288386651,-0.4999965196628457,0.0018655629288386651,1.0678311791027935,0.16314511045992067,-0.9629414612331951,0.1428189682004043,0.8250075630337231,-0.2644586926595965,-0.8460456934309476,-0.25216660282478925,0.7949136442602016,-0.3821663621380105,-0.8205366143198082,-0.37075365711253344,0.7504638031275005,-0.392773068171579,-0.7833604957356116,-0.38838575828951,0.7252313163197804,-0.3525106069013574,-0.7632736822738001,-0.3508579389263584,0.8261284697191168,-0.2390191290087812,0.7128359241577342,-0.2792147061268381,0.6586016883991931,-0.3331593685971272,0.6267338599956732,-0.3710617945457226,0.5853592012518541,-0.40173326206214716,0.7441920673649508,-0.396745793143539,0.750827916081857,-0.4554591504132046,0.7490626275106664,-0.4972804205121092,0.7460695987410123,-0.5346318649135027,0.7752028610987457,-0.39761300462217536,0.7821688456558832,-0.45777823907704235,0.7773672539806304,-0.5020017361550918,0.7697511401651574,-0.5441451499341486,0.8044306170226284,-0.390871331083917,0.8152634000156537,-0.4465661865080595,0.8089095106338761,-0.4860061179566235,0.7968947973823268,-0.5215772127440356,0.831041120916659,-0.3771861557178277,0.842383053500456,-0.4259273418163438,0.8380892590930246,-0.4575653441232026,0.8275458732113539,-0.4838966042473454,-0.8630547888983455,-0.2363051679305604,-0.7637977074170242,-0.2780103072213113,-0.7222837594093285,-0.3346248024460559,-0.708019118849291,-0.3778444839084211,-0.6771391623609333,-0.41140282913224113,-0.8139045690111996,-0.3879610750482572,-0.8094891500584295,-0.4468058489560955,-0.805129641207634,-0.4853015864427146,-0.8040801963381431,-0.5206564662770068,-0.8579650256544118,-0.3855596780689324,-0.8626737719071109,-0.44803881368876186,-0.8631765402239607,-0.49444728529306126,-0.867339497385955,-0.5384340940890966,-0.8972604456021203,-0.3762587692522386,-0.902149388887941,-0.43786363839496145,-0.9025502681225076,-0.4831099027512527,-0.9062889339588589,-0.5242708388266655,-0.9340126532015036,-0.36200822567540014,-0.9412508350124721,-0.4143843959857725,-0.9374470463740474,-0.45160338624921825,-0.9324108266669253,-0.4838335934276741
-0.0067994470105399,-0.31075347309778617,0.0778863440673663,-0.35781643096833726,0.12182448573298235,-0.356021972038141,0.15907480970508103,-0.353749267358165,-0.059215519372014,-0.35992413746961505,-0.10680979497788787,-0.3592932665184147,-0.15241774272908373,-0.35879253816358125,0.21864661615761566,-0.3191055345402265,-0.21374655250728772,-0.3181313889145509,0.076453276382416,-0.2436221496425306,-0.09602876191263021,-0.2505190282451296,0.49998669996297235,-0.0036468973301362344,-0.4999866999629725,0.0036468973301362344,1.063686274921593,0.17184205720006326,-0.9613759417808679,0.1518274084435404,0.8720041625956944,-0.2953928744773131,-0.8956391219569187,-0.2661688074869793,0.8538902207573391,-0.419224120757865,-0.9094096302563196,-0.38920456186254954,0.8090152353141425,-0.42937788384890807,-0.8594852084993374,-0.4048758429246685,0.7847809739554523,-0.3900453962025553,-0.8314993596032669,-0.36367360225468515,0.872350929591065,-0.26819835298545347,0.7739702011551687,-0.31184840614188697,0.7282901366527491,-0.37233053687504947,0.7032568621297984,-0.4140534233754842,0.6678581525950796,-0.44871556476937247,0.8163140234280745,-0.4399998585069386,0.8289078323532427,-0.502323601284923,0.8316563567596986,-0.5466925696881861,0.8324263884258036,-0.5864059036107478,0.8464242835377668,-0.44034335951636405,0.8591913074635378,-0.5034789657607283,0.8577809868846978,-0.5521470156531386,0.8536853283052639,-0.5991280402717161,0.8765101115705255,-0.43232929159956085,0.8910236077543225,-0.49139637622405147,0.8875505458939822,-0.5351026358931188,0.8794225836380583,-0.5751569056956704,0.9040742122696025,-0.41739473080035405,0.9177059632217305,-0.47104380938687485,0.9172134462501713,-0.506243043617596,0.9109320435191587,-0.5356554967314824,-0.9041067322064861,-0.2662247122196795,-0.8226257556339007,-0.31420658998805656,-0.7945241913665617,-0.37181479496851927,-0.7894382754344583,-0.41635992740802397,-0.7736918439752113,-0.45374374657810856,-0.8993260908632374,-0.4274641463999546,-0.9084681949332463,-0.48889620491912095,-0.9159219582386227,-0.529679348706311,-0.9224933444482712,-0.5663121130666372,-0.9455988017283722,-0.423351036794891,-0.9722993970049386,-0.4914462453580796,-0.9844390641690413,-0.5411274459325841,-0.9945249625212759,-0.5863747448326032,-0.982483360659071,-0.40860969059817454,-1.0114616152456102,-0.4747288441561204,-1.019599982196366,-0.5222013928415563,-1.0253615714284872,-0.5641837346399075,-1.0116541231621365,-0.3851440374109165,-1.0340371913261523,-0.43368926287034987,-1.0393368036828812,-0.46939541194454326,-1.0411970114714584,-0.5011233470439943
-0.012873240485487289,-0.32526733682240655,0.07478204394976806,-0.3747831014409449,0.11966232283655628,-0.3729019809167878,0.15738712662015977,-0.370190564603035,-0.0668376796916223,-0.3769498198842312,-0.11440981378466959,-0.3764426738675289,-0.15957729001244456,-0.37606464664654593,0.21729513034718748,-0.33417543617808265,-0.21600597822074383,-0.33401582120049633,0.07234964973023013,-0.25648425697231797,-0.10508939015671459,-0.26371882935032454,0.49996236823651236,-0.006134357940164455,-0.49996236823651236,0.006134357940164455,1.0605102216653801,0.17523592158138532,-0.9608961559398196,0.1634380542056652,0.9139975529828559,-0.2979290385076099,-0.9387206465309871,-0.2708860592598897,0.9004195149255669,-0.42625681501096585,-0.9701345892235742,-0.397356861316248,0.8576004674085078,-0.436533244336579,-0.9221209428003528,-0.4147628903013077,0.8356504209400318,-0.39555350997566924,-0.8898509553556583,-0.3710362260780958,0.9119366578113607,-0.2800559240429532,0.823195453081826,-0.3203362845261382,0.7826971819707754,-0.3840423380680401,0.7618668437190474,-0.4297905306861641,0.7266114159606696,-0.46715337083984265,0.8751832988235214,-0.45856113039609936,0.890574790152433,-0.5219695129802924,0.8956386079457548,-0.5664113087484662,0.8978375124921112,-0.6057952853152847,0.9059175327374835,-0.45851746362669094,0.9194706921254918,-0.5229856081298485,0.9185868269695601,-0.5722301997584699,0.9145689218807281,-0.6191184713606553,0.9354890250608066,-0.4496861926983402,0.9525399908703872,-0.5104500310590954,0.9555303060584563,-0.5544529640352612,0.9516302384504743,-0.5951135468373527,0.9634422271870675,-0.4335010301405653,0.9807749271163402,-0.48797630493202415,0.9840923631856273,-0.5233401948408618,0.978910539812339,-0.5534839066983532,-0.952391559350287,-0.27981367930781487,-0.8763546134691153,-0.32346986520840887,-0.858240714919473,-0.3855559364827057,-0.8562373516706894,-0.4333508227255086,-0.8442986582248372,-0.4716539487540252,-0.9651688152401036,-0.44275893402963545,-0.9769405862630116,-0.5058694888634108,-0.9887318988082431,-0.5468482040717131,-1.0024470637200302,-0.582844674164315,-1.0091806100401435,-0.44050550921836756,-1.0400289832543865,-0.5105493592401376,-1.0575866418266653,-0.5613849264852308,-1.075482347722751,-0.6075530883739491,-1.044925794575206,-0.42830539014815067,-1.0745445647751182,-0.49486428702716767,-1.0841094465436236,-0.5430280281174871,-1.0941598195737257,-0.5861040025990651,-1.073103619146239,-0.4084664870965701,-1.0918877708991883,-0.4619108498274886,-1.0970464176067531,-0.49946709378750576,-1.10001351410432,-0.532649291549364
-0.01839980634223654,-0.32019198693580986,0.07109419447311269,-0.3687547190663595,0.11706493397439229,-0.3669536657311388,0.15525461433791338,-0.364298333114797,-0.07463555138152349,-0.37075556721647873,-0.12239105361238864,-0.37029500124706954,-0.16682384054312746,-0.36995341163993195,0.21552810315779228,-0.32909872988921096,-0.2184338233046964,-0.329115900948551,0.06950015630596816,-0.2536105556603898,-0.11060477866336836,-0.2606723636824791,0.49991779163600925,-0.009066510121082665,-0.49991779163600925,0.009066510121082665,1.0636093917812683,0.17036220734716565,-0.964207438575796,0.16285242546584985,0.9605762105768638,-0.27633923822432005,-0.9714545108562064,-0.26430263089023803,0.9523677607492922,-0.3989494545471529,-1.007701651071894,-0.38893918484683265,0.9100912931462658,-0.41302834952122813,-0.9599781318830379,-0.40329846414097575,0.8856324399189386,-0.36871389010303984,-0.9240228212066284,-0.35913724688791976,0.9391406141278876,-0.27152210739497845,0.852591568226573,-0.31190782843616843,0.8201586677547884,-0.37439369495362446,0.8032184702012903,-0.41950603626247934,0.7720261596525836,-0.45621860060547,0.9141027965804649,-0.43900243861624283,0.9251896363539048,-0.5019816869054022,0.9276163234679345,-0.5468019675738381,0.9291883968722838,-0.5855287353353236,0.9457504986998,-0.44081219195486243,0.9561552571369673,-0.5062667438426609,0.9560236362301399,-0.5551444313594163,0.9559052612489677,-0.6006010333290839,0.9758942014124569,-0.4351642108009213,0.989092341133376,-0.49780194579876247,0.9912730564380863,-0.5416264576571153,0.9882928908356011,-0.5817935338760423,1.0055838539140458,-0.42261750853071156,1.0216831866933533,-0.477885959070548,1.0241543063428091,-0.5138990126139356,1.0184833734629142,-0.5450747879516892,-0.989964182929906,-0.27126995992804753,-0.9096235778346796,-0.3138396107698312,-0.9023656070078442,-0.3773684092736908,-0.9067985069313225,-0.4257598123899366,-0.8978240150425179,-0.4622613634925931,-1.015486105526039,-0.42837378183222374,-1.0340485936324146,-0.4885455237613791,-1.047513412400861,-0.529098376446812,-1.0634654471334832,-0.5640421690461414,-1.0580636245153185,-0.4266219522004445,-1.0940476486698099,-0.49250547530846656,-1.1138712033912967,-0.5418211393121215,-1.1341301969599569,-0.5876242151013613,-1.0920312708699458,-0.41664449830241856,-1.120308597507287,-0.4788802015642452,-1.1326936427886567,-0.5245775799437696,-1.1460968218935712,-0.565455843282651,-1.1176202404853368,-0.40075752893774813,-1.1375080337545032,-0.4528915361477463,-1.1454525082124107,-0.49068259564892924,-1.1495273280095915,-0.5235113716324828
-0.019431479856313865,-0.3024792779456794,0.07031947863538958,-0.3482799123995327,0.11628859201963034,-0.3465942773065964,0.1544644640155991,-0.3440583007900981,-0.07737484538006516,-0.350136375330488,-0.1253735114607256,-0.3497425541065985,-0.1700053473272652,-0.3494561451852217,0.21467349542822148,-0.31071104439022224,-0.21913588416181803,-0.31121729383468727,0.06896354298802285,-0.2401358590973508,-0.11234093339232801,-0.2468063135609385,0.49990492540908515,-0.009750156498076208,-0.49990492540908527,0.009750156498076208,1.069882673999504,0.15966519899453124,-0.9690990295664661,0.15514327720508914,0.9923858395922969,-0.2526435523783494,-0.9937221967538262,-0.24686542973810532,0.9909363622903726,-0.36674637302700275,-1.036827412737492,-0.3647794165867247,0.9497775322726885,-0.382918481076649,-0.993349243332369,-0.3784998871992973,0.9205471875921509,-0.33827630872734854,-0.9571762755382078,-0.3358407222280753,0.957219364940799,-0.25402665595613616,0.8708206783019525,-0.2911640833560873,0.8390655456357959,-0.3492881119301233,0.823572604513809,-0.3907607256556417,0.7932689571994058,-0.42459939871371155,0.9365346109846511,-0.4091549570630097,0.9449920148540291,-0.4711388062422194,0.9442103814578979,-0.5124199552096895,0.9439911693515113,-0.5474323530944172,0.9682539334288484,-0.41009608660350555,0.9779412678187922,-0.47556915169903213,0.9772205452674892,-0.52099151427499,0.9797058416064616,-0.561669534923414,0.9985542339935357,-0.40306527425510336,1.0149815876361812,-0.46573616089695,1.0172190571586965,-0.5073263620730512,1.0174314084281657,-0.5442894504923393,1.0279822042447926,-0.38862251144151067,1.0479653121230175,-0.4407603284316754,1.0491040437138273,-0.4754059910500517,1.0421362781429635,-0.5049678773999979,-1.012392040043561,-0.2563227282772957,-0.9368470300706238,-0.29488030539272475,-0.9338863697688897,-0.3540623343981162,-0.9421242686912809,-0.39819589265586497,-0.9349423111386044,-0.43154730510213557,-1.046864524307111,-0.40206531516133,-1.0670754203378692,-0.4578091473026988,-1.0825395375779288,-0.4953515742582219,-1.0997610749281397,-0.527081985298592,-1.0889203041658222,-0.39993655953554563,-1.1274428785151647,-0.4610158237201444,-1.150547834528312,-0.5069037351482876,-1.1742312343954682,-0.5490347239475136,-1.1208441966863993,-0.38970867266998915,-1.1553035658745006,-0.4482483775394734,-1.1727459468715846,-0.49085709670617966,-1.1900911257066098,-0.5286327638516155,-1.14429815594335,-0.3735958957654267,-1.1649336290099324,-0.42235355722915074,-1.173079199474538,-0.45638097211832057,-1.177992939241685,-0.48591641741447944
-0.023566972765387564,-0.31897962929694385,0.06640375567330441,-0.36756318162799395,0.11247169770735574,-0.365846346820145,0.15068174725747155,-0.3632428964849314,-0.08337027698857033,-0.36942667691700654,-0.13082896254854506,-0.3690347759199176,-0.17469526879601974,-0.36876708274270087,0.21111387610759877,-0.3278165280725442,-0.22134597717639315,-0.3286186248277744,0.0656193490062099,-0.25327762369027473,-0.11561673701040959,-0.26032526459567834,0.49989529778563574,-0.010231874305843939,-0.49989529778563574,0.010231874305843939,1.0816758469838914,0.16962316561819393,-0.9663174694427249,0.16397824905711605,0.9988467339706288,-0.26558039690887997,-1.0041407710252621,-0.25262740369105374,1.0057956208945018,-0.37928059809110937,-1.053847192296451,-0.3772594805839389,0.9611534033589987,-0.39648833282459145,-1.011365382972645,-0.39263789040855585,0.9238595221395306,-0.35011406188608113,-0.9741366329926832,-0.34817141529615186,0.9637571537546996,-0.2611157192302388,0.8754466889072013,-0.3019938508380476,0.8426333705527815,-0.3623214301937438,0.8289979539997208,-0.40586303709658267,0.8046483652598849,-0.4424989764876393,0.945735956114798,-0.4240184706918523,0.9474336993195185,-0.48805353629354264,0.9415415709210325,-0.5307862426043963,0.9373570137148137,-0.5664587587109428,0.9764514155680947,-0.4266905641801054,0.982518115677584,-0.4988762482233735,0.9778694775678772,-0.548192724969311,0.9761022721460879,-0.5913175590718122,1.0053706853651414,-0.4207446156417112,1.0189672896961948,-0.49253144365476303,1.0168221231939978,-0.539600613120519,1.0120675427100563,-0.5806656234445322,1.0355777546829588,-0.4059505797961639,1.0564504013199565,-0.46354838424756173,1.0572752859696595,-0.5034283930034097,1.0486124979632347,-0.5384820623579945,-1.0294422170166257,-0.26318385880920503,-0.9531203145038339,-0.30679758638164706,-0.9541033214786041,-0.3695744713709627,-0.9623665351608214,-0.41593143032484087,-0.9539666041772623,-0.4523755771175922,-1.0603888423973509,-0.41802353452882196,-1.0850270033393334,-0.47569565199722175,-1.1020793321475675,-0.5156995661801973,-1.1204970432765717,-0.5491185759552963,-1.1006455703541187,-0.4180243661088698,-1.1404651610851224,-0.48287460695199713,-1.162206980781807,-0.5303612296017663,-1.183564717727875,-0.5732115666902957,-1.1334590969286138,-0.4093754044240802,-1.1675442651460481,-0.47356023003256703,-1.1853659879539584,-0.5191999889942804,-1.2028600764736248,-0.5593261454442877,-1.1589487738679107,-0.3941959690254544,-1.1819177385774755,-0.4483606330484575,-1.1900026325873367,-0.485503987465066,-1.1950952791852874,-0.5180202037009607
-0.0246937817877986,-0.30418330696398205,0.06512099167605365,-0.35066053376648865,0.11104243038007083,-0.34900556752338385,0.14919248987979752,-0.34651414922575025,-0.08507960862736309,-0.35254120014626034,-0.1326195583746005,-0.3523219115359782,-0.17649768609429034,-0.3522984266191083,0.2099726194815986,-0.3123088000424776,-0.22218711356286716,-0.314304081461329,0.06439221712920142,-0.24146726870065316,-0.11693362111263028,-0.24840454024892752,0.49990921590540927,-0.00952763626713742,-0.4999092159054093,0.00952763626713742,1.0847561911620727,0.16226741222105867,-0.9690596170610405,0.15732866387463926,1.0042374896488784,-0.24915872305478937,-1.007812099716686,-0.23625995664229824,1.0146430938400806,-0.35759794939400763,-1.0629504589738838,-0.3555619655885565,0.9660955738099944,-0.3738429562623477,-1.0181730799704127,-0.3706141403908483,0.9267736581347019,-0.3308561932395353,-0.9765198751817032,-0.3293760671597533,0.9711662491633497,-0.2441587410294147,0.880448526528905,-0.28324592725748954,0.845045041296289,-0.3401930325670104,0.829899494100246,-0.38270159657699343,0.8036405090083155,-0.4173180038451116,0.9460884272879484,-0.40021968765062443,0.9474670327306256,-0.46078844089204823,0.9417887405600999,-0.5008470814268426,0.937435704543873,-0.5347498641964541,0.9787895466980289,-0.4039449285593953,0.982995996819085,-0.4717193729817844,0.977440690547002,-0.5184040018568935,0.9735382150316909,-0.5596884686047499,1.0094243368171139,-0.3994990753087545,1.020946785923903,-0.46627281733777015,1.0180393328058563,-0.5107409311139437,1.0112420351566633,-0.5496864154049538,1.041834444999934,-0.3869840639642571,1.0613923605983444,-0.441177238592482,1.06198585065691,-0.4785526913550794,1.0525249111234747,-0.5115045511103269,-1.0360102317228777,-0.24700092024802847,-0.9605253928920863,-0.2887919696199005,-0.9615024244467744,-0.34969174492579425,-0.9711266526899661,-0.39343830984500794,-0.9641681022462273,-0.4275939516888934,-1.0674885555278348,-0.396982731301805,-1.0933776480654123,-0.45237320445266094,-1.1118497145185868,-0.4902842718070611,-1.1319174399054739,-0.5220992742827875,-1.1096615419346245,-0.39595501405006894,-1.1509951080352532,-0.457953105437553,-1.1746689794010687,-0.5032662439833091,-1.1988323014032536,-0.5444167170336869,-1.1433729946553397,-0.3866156533358133,-1.1781732049715918,-0.4478389585854577,-1.1957473497182656,-0.49087283552125455,-1.213681394415044,-0.528678436868607,-1.168234136983316,-0.3717695118533005,-1.1874993586082205,-0.4232140867322797,-1.1936989697205567,-0.45819364573641375,-1.1982435479637499,-0.48898121911889325
-0.026230767902680144,-0.27677110392571114,0.0634312600659516,-0.3190635346651345,0.10918075665145205,-0.317538363685607,0.14723246273437457,-0.3152698792731547,-0.08778194287865365,-0.32092005436427834,-0.13537354094516293,-0.32087177622867175,-0.17889389260122565,-0.32106188363681126,0.20826653043186036,-0.28403092040142214,-0.22380211645153802,-0.28640602175204755,0.06275907030983974,-0.219827075642274,-0.11856614605984181,-0.22619208071960467,0.49992630217474,-0.008584427406101634,-0.4999263021747399,0.008584427406101634,1.0780814003319295,0.15370144750675474,-0.9706270132056949,0.14503111245745604,1.0051142661777785,-0.22123707158381178,-1.0059777823132026,-0.21280420747217188,1.0109219061411094,-0.32271359690141305,-1.0649929611326445,-0.3213244409128638,0.9645598669062755,-0.3373651944454268,-1.0200920689058735,-0.33575137200444044,0.928092785626768,-0.2996578800085022,-0.9764045810860252,-0.2971907300880937,0.9719373855827348,-0.21888450874033694,0.8819477955860446,-0.25458269491955626,0.8450814100639364,-0.30642609571230606,0.8285512085387277,-0.34486718554724544,0.8007230165576362,-0.376220012876843,0.9437312629056387,-0.361812027197074,0.9424795020953293,-0.4170028209402225,0.9355634200643648,-0.453047969471548,0.9305815611570999,-0.48354838392781074,0.9770761495181086,-0.36464691409357086,0.9796742780775344,-0.4265460821708133,0.9738719400792499,-0.46860483105493944,0.9698813829493622,-0.5059137692118522,1.008306049136058,-0.35971646866412177,1.0192549383308787,-0.42091903354789634,1.016380279156971,-0.4606680754166368,1.009214507709576,-0.4954263731831747,1.0409547214632968,-0.3472398697246402,1.0596751316121296,-0.39658358675187727,1.0591212419511284,-0.4304391029812743,1.0481569439203902,-0.4602352054213336,-1.0375716949689084,-0.22309849095842313,-0.9599818686178233,-0.26191567988224884,-0.961687071704455,-0.3170203699951816,-0.9747735226668474,-0.3560411241024309,-0.9688075693409417,-0.38756348020320436,-1.0724824009775171,-0.36011393033804645,-1.0972692739693377,-0.41058267818163074,-1.1145341704479703,-0.44482827390724805,-1.132875303698736,-0.47382925701243933,-1.1146258985854431,-0.358799445403622,-1.1567755265904547,-0.4158350649537985,-1.180045250568404,-0.4570438181378205,-1.2031008455751784,-0.49451914927360996,-1.147305616403328,-0.3495692407709022,-1.185018017434045,-0.4065401192759013,-1.2039090845828277,-0.44664742541482627,-1.2220821911053663,-0.4820626063390421,-1.1706410350419372,-0.3350780259371917,-1.190932152335937,-0.38220983347137466,-1.1964070111493665,-0.41400533014721047,-1.1999609017517139,-0.44221851076623186
-0.028510491042328594,-0.28605135732315057,0.061962731087670274,-0.3297522391610215,0.10779300844723244,-0.3281732783777289,0.14575590532277075,-0.3258274688393051,-0.09099459192343436,-0.3317558125532159,-0.13893465396998214,-0.3318343497204081,-0.1818490964584637,-0.33225141845047157,0.20700662541449055,-0.2933973440541231,-0.225460793024141,-0.29650905936282335,0.06151514588800972,-0.22729895536941372,-0.12129662250570479,-0.23393332531532152,0.49992493162741813,-0.00866387542160908,-0.4999249316274184,0.00866387542160908,1.0769166520434303,0.15994781130510963,-0.9710251779843387,0.15293442880363545,1.0026962124664573,-0.22024266705704634,-1.0082303050150139,-0.21598293504369465,1.0096244411462432,-0.3326678136199245,-1.0654722275219266,-0.3305602424694584,0.9629476044138467,-0.3468662018664455,-1.0208504880717177,-0.3459007874433189,0.9258874837444948,-0.3065069889297226,-0.9777804158938456,-0.3057802170309202,0.9727390886911659,-0.22414675906801834,0.881974696433128,-0.2615823148185114,0.8461374572328155,-0.315336156125165,0.8290478705809782,-0.3551421737324287,0.8015087320143446,-0.38730314369762786,0.9426305101530784,-0.37080932824635343,0.9421695321195899,-0.4270585095469769,0.9359254953704266,-0.46360321403393323,0.9320123077382257,-0.49468965275709387,0.9766863371106335,-0.3743038954061003,0.979878791870533,-0.4375577029202606,0.9745666318059978,-0.4807027625422911,0.9712946467612672,-0.5188367332898818,1.0085029153208651,-0.36963093395816543,1.0182676139305287,-0.43200864118616034,1.0153575660864107,-0.47279186052723554,1.0090852555769438,-0.5084986556146458,1.0414532547849105,-0.35716575187475696,1.0581699915567206,-0.4070971367164393,1.057623530867811,-0.44142771276433784,1.0482263911420948,-0.4716530716029489,-1.0386766392481908,-0.2286419005147634,-0.9615807499811561,-0.26868352962360365,-0.9636458092169009,-0.3262223774252809,-0.9757497894685289,-0.3666354078547881,-0.9686734128984971,-0.3996707268485651,-1.0755012279201592,-0.37121952665818914,-1.1001152930405254,-0.4238081754646218,-1.1172156683640575,-0.45950985149139173,-1.1353540503131234,-0.4896747919432348,-1.1170383786594635,-0.3693462198880785,-1.1596409210626073,-0.42859577692847534,-1.1827225194393804,-0.4714927641776338,-1.2052708019456313,-0.510236172565666,-1.1489042912745526,-0.3592962914420434,-1.1869488265661727,-0.41845229091363234,-1.2049793424662438,-0.4599038844485738,-1.2223336856016265,-0.4964880595873094,-1.1709141322578276,-0.34425716484141183,-1.1878747302122565,-0.3935184915877016,-1.1914548951107058,-0.42620679215491414,-1.1936366042756568,-0.45494290848356017
-0.03014062745751241,-0.3006644424476942,0.06120302857864268,-0.34664707008554285,0.10712880284532789,-0.3449843575880268,0.1450156996064886,-0.342526807086782,-0.09309170503437661,-0.34884651585883836,-0.14103095747845495,-0.34905189560123184,-0.18352085717590508,-0.3497114179373326,0.2065670162085956,-0.30835938869535,-0.2262020839754287,-0.3121810655007415,0.06097370041139044,-0.23894613133543868,-0.12312386423410712,-0.2459271317384132,0.4999198737402156,-0.008950968638464792,-0.4999198737402158,0.008950968638464792,1.0839065299789075,0.16968460869905996,-0.9702942910535279,0.16502131373497003,1.0086758212445963,-0.22308737571353973,-1.0090024238776052,-0.22114398228620544,1.0175736880451822,-0.348720966698602,-1.066471641274911,-0.34628903558631186,0.9688136952042545,-0.3633594042991053,-1.020891015813262,-0.36248416953887796,0.9300620263772444,-0.3188579595105166,-0.9773486105268784,-0.321016711503014,0.9752514060895747,-0.23321050216847297,0.8838846189702672,-0.2738429238223589,0.8474381278014023,-0.3308446488106271,0.8294961727103037,-0.3728576158245644,0.8017836480956889,-0.40679785676145364,0.9457503530812225,-0.3881937925292224,0.946307812185192,-0.44720628569146803,0.9395347005941641,-0.4858882367387505,0.9342110818066706,-0.5186247910255268,0.9798500306422675,-0.39149770289927605,0.9849261468400315,-0.4584367076148671,0.9784393650140244,-0.5040450232411655,0.9734883218873048,-0.5442628637334592,1.011750603083622,-0.3862838741598317,1.0235231678539674,-0.4525427619476484,1.019127601166947,-0.4959320280140755,1.01101106931084,-0.5336763235799759,1.044821443110459,-0.3728872692057025,1.0632430377329225,-0.4259215274956327,1.0611612402492188,-0.46280382262653924,1.0492576544150185,-0.4952931002696482,-1.039378120967653,-0.24017119106694476,-0.9635426583254271,-0.282519191747488,-0.9665520535490422,-0.3429550472043639,-0.9783743501481643,-0.3853963958794685,-0.9730846844862978,-0.41994782201804964,-1.0776933558221866,-0.3911403761179719,-1.1024590424014615,-0.44602751071238284,-1.118935127056044,-0.48261397974983494,-1.1365761302331294,-0.5137318415941499,-1.118010379396021,-0.3895627313152722,-1.1610845041650881,-0.45182400362106406,-1.1835875371042626,-0.49645913632604877,-1.2058634930262413,-0.5362536199544563,-1.1490109874807302,-0.3789526241548223,-1.1877653411656064,-0.4409890544752303,-1.2062088690115587,-0.48398907568184896,-1.2244364723268348,-0.5218513478261676,-1.1704255377355681,-0.36279259301143163,-1.1892271430098185,-0.4136727702471822,-1.1942936350247713,-0.4474554024017454,-1.1987143567647194,-0.4771621454715659
-0.031840566552279743,-0.29966228424359015,0.06021529502395684,-0.3455909317244474,0.10633062484832606,-0.3439372142843483,0.14415781905934658,-0.34152203340049747,-0.0953069571711686,-0.34796449101928456,-0.1431476545610356,-0.34833725114868835,-0.18501641459287232,-0.3492731019959008,0.2059944115971369,-0.30735973858873855,-0.2268135387762995,-0.31177896371106456,0.06017254459829301,-0.2381477625784361,-0.1246506677812993,-0.24511119551055527,0.49992091928953736,-0.008892381947704425,-0.4999209192895374,0.008892381947704425,1.0845808575142357,0.1726530882825172,-0.9670527985384912,0.16970345797770436,1.012085048804561,-0.2176488478089392,-1.0088639940492847,-0.21825468883681953,1.0194262377305225,-0.34718179351062917,-1.062466466714261,-0.34455039199910564,0.9719390979150643,-0.36123507613336336,-1.0204068565678535,-0.3604999965443423,0.9336863801621081,-0.3159428862390846,-0.9781685281844287,-0.3192822074891712,0.9748073378639455,-0.23120069610165783,0.8821858171805663,-0.2722890349604898,0.8457429774870843,-0.32970573482458276,0.828843354585192,-0.3720867414750867,0.8017910832965978,-0.4057636862319065,0.9454278918593891,-0.38584669771287367,0.9468965918113452,-0.4441986840636501,0.9404008379442644,-0.48254747582458907,0.9348010273609799,-0.5153218670054074,0.9806757003489868,-0.3891738146665206,0.9864484933496294,-0.45506862057749975,0.9796893044271064,-0.5004649349893787,0.9738083974156154,-0.5405464546644766,1.0132401355952767,-0.3839784527266889,1.0244456989059538,-0.4489517284388789,1.0188807158895228,-0.49177582864971314,1.0094373284258997,-0.5291490526912114,1.046884390473585,-0.3705953482321409,1.0649914240462526,-0.42295671811266,1.0623742396859226,-0.4594615323901612,1.0498782407465206,-0.4915782319194974,-1.0364437544221072,-0.23856045121526653,-0.9622359892360667,-0.28178298995957396,-0.9652290967409888,-0.3417973707935828,-0.977331511163034,-0.384051396325062,-0.9714058730111765,-0.418674773689013,-1.0754402305458786,-0.38892147496499196,-1.1014095460708422,-0.44416877295561313,-1.1174706664153127,-0.4809551325920186,-1.1351830013186035,-0.5124984418238919,-1.1153466387510331,-0.38689845410372925,-1.1580124920235408,-0.4493675210586189,-1.1801058170973562,-0.4942364405561484,-1.2020366204033366,-0.5341741188414176,-1.1459699116914692,-0.3764081911357636,-1.1844136239861096,-0.43757711252197196,-1.2024784435766789,-0.4809940734685195,-1.2197430544274093,-0.5190463643165357,-1.167434504274332,-0.36096686379195664,-1.186691115774949,-0.4117895046901602,-1.1916375999930575,-0.44627256791758885,-1.1947902581937608,-0.4764652213134355
-0.03309809356829057,-0.29596043044486847,0.059817628070402744,-0.3414399353514889,0.10604834033775289,-0.33980528654923015,0.14390599228668777,-0.337427704298329,-0.09649514716819184,-0.34385244718739094,-0.1442042639959024,-0.34431796582821167,-0.1858153539320764,-0.34540712745871943,0.2058851207627029,-0.30363608473929277,-0.22703320376697358,-0.30854428404963197,0.059648813708839066,-0.2352293858838032,-0.12574475184771744,-0.24211218740251794,0.4999250846320447,-0.008655042209195682,-0.49992508463204477,0.008655042209195682,1.0833935584764018,0.1732828475404903,-0.963270465134841,0.17122639436845993,1.021658492992325,-0.21121923536044446,-1.009144035191034,-0.21498082398231028,1.027797527087037,-0.34232921051453635,-1.0649774463058235,-0.3399268080395627,0.9790761841656496,-0.35622023934720864,-1.0218762354655246,-0.3556904391148294,0.9416964270271627,-0.3102789109454862,-0.978847550443317,-0.3142347387366386,0.9747281004776337,-0.22644637310919996,0.8824567777459842,-0.26669452775442476,0.8467357908542597,-0.3237588025271596,0.8303931414921337,-0.36626622504055784,0.8028570933428885,-0.39997125269426254,0.9479762222659742,-0.37905421801634476,0.9481420662868653,-0.4373679400801006,0.940378585882053,-0.47572543507252096,0.9336862433275922,-0.5082311439214634,0.98288317079446,-0.3820845163845685,0.9873867023110126,-0.44726123956356556,0.9799974848309572,-0.49196455471007566,0.9741927790808471,-0.531592622071871,1.0153818331131124,-0.3768795899010478,1.0260587226610387,-0.44105778709924,1.0200604497104262,-0.4832466601637975,1.0105794523211036,-0.5200596539655483,1.0491638476212857,-0.36366735236492037,1.0664522204498057,-0.41542219077805387,1.0625574437522252,-0.4515034760077794,1.048873579329995,-0.48304970192501984,-1.0320702796352155,-0.2367712377247122,-0.9574692660369143,-0.27896966239235377,-0.9610102834113257,-0.33718912338041857,-0.9742527222058113,-0.37850705757106085,-0.9687419564181013,-0.4134130773030607,-1.0737909421384257,-0.3842426209237273,-1.098504403436097,-0.4397791272411224,-1.114149724070581,-0.4768700238888087,-1.131312373104657,-0.5085379107358428,-1.1139455956587978,-0.38216225388412145,-1.1554889040710106,-0.44475732516092453,-1.1764940394304089,-0.4897433538147775,-1.1965772346761598,-0.5296498817803525,-1.144759889169752,-0.37173622593959454,-1.1819803411623007,-0.4326802642774618,-1.1987113625673789,-0.47603540899450525,-1.213982317140277,-0.5139483012652671,-1.1652952362734545,-0.35661164591446454,-1.18334601716866,-0.4072933582351146,-1.1876857261461682,-0.44218773477211415,-1.1895449943883358,-0.47259599524746826
-0.03418817852979261,-0.26077006015930193,0.05959495321886041,-0.30093496443949325,0.10591435168725909,-0.29948980673795267,0.14377032713348756,-0.297391320656828,-0.09727745457201793,-0.3031416313188565,-0.14488272356569593,-0.3036584882991845,-0.18634724074338163,-0.304802351099889,0.2058595275050027,-0.2675701366229985,-0.22720402089852976,-0.2724300928699618,0.05896146742513446,-0.20725131568448907,-0.1266827163254447,-0.21335021575209817,0.49994565145306014,-0.007371946362742288,-0.4999456514530604,0.007371946362742288,1.0828118368658752,0.15549132407336494,-0.9607125256041427,0.15338219826620544,1.0286775212855588,-0.18574633832366677,-1.009032446790469,-0.18670397516810838,1.0336675010968983,-0.30122168353067474,-1.063610598561335,-0.2983662393684129,0.9855303384163308,-0.3133295687557026,-1.0210057491852638,-0.3132600722792901,0.9486584281869326,-0.27273470884135215,-0.9803210401452692,-0.2757259478884979,0.974322195419208,-0.19822341589197268,0.8842158561512838,-0.23463544894458255,0.848158993563735,-0.2846963439593809,0.8312547602222973,-0.3217042016699415,0.8043956558044659,-0.3513272284940355,0.9480373216101241,-0.33235204587724126,0.9498451824487589,-0.3836681825589238,0.9425166860335866,-0.41710939499816574,0.9358862123963374,-0.4455935406273866,0.9838127633330814,-0.3345143088132684,0.990838711686789,-0.3922956473444298,0.9843716437128509,-0.4319226611974497,0.9784556984760807,-0.4669258838206957,1.0170349503027436,-0.32923442164511524,1.0306024069881203,-0.38600000459713607,1.0247574359283436,-0.423267643826605,1.0146238089596615,-0.455789534735392,1.0516049864103856,-0.3165106008348917,1.070855659054483,-0.3618493025294206,1.0675289508281813,-0.393726475241542,1.0536771022661526,-0.4215895191758161,-1.0270974380382065,-0.20811313349331062,-0.9532015595316062,-0.2452503284515663,-0.9568438965252484,-0.29695164781623246,-0.9688282164230998,-0.333097195707519,-0.9633007310132014,-0.36343923430660285,-1.071564864391688,-0.3387293008583397,-1.0966005101575682,-0.38746816378733007,-1.1105437379724763,-0.4199113945250272,-1.1263700922648776,-0.4476144735609394,-1.110485761973246,-0.33629341860942835,-1.151224650719283,-0.3914296474467622,-1.1700474357306263,-0.4309210509188179,-1.188885839187314,-0.4661065019134004,-1.1398797173752213,-0.32657135356977224,-1.1773932217854266,-0.37988714373293797,-1.1923597569347935,-0.41811149728725006,-1.2061168632233465,-0.4515988357064118,-1.160074944902154,-0.3125942591344744,-1.178995649519315,-0.35727403583052236,-1.1833682365189215,-0.38839160590532446,-1.1849487117748096,-0.4154444931282872
-0.03663596103498941,-0.2821856925761346,0.05844324089320699,-0.325717523260144,0.1052998706459912,-0.324147138286666,0.143190779930562,-0.3218760073127242,-0.0992327945838761,-0.328258976227612,-0.1467627367021235,-0.32896724782188425,-0.18763831190883162,-0.33045325290726235,0.2057637553046551,-0.2895556464489081,-0.22769759080978944,-0.29553150071821194,0.05720806438363626,-0.2243409816465756,-0.12871307809682184,-0.23098734634475884,0.49993802246566704,-0.007872337208118368,-0.4999380224656668,0.007872337208118368,1.0831591130629594,0.17319684632989074,-0.960950442104275,0.16589475599774375,1.0287870756958675,-0.20049124269864885,-1.009263163507628,-0.20191497849012527,1.0338506224403552,-0.3256447980527209,-1.0616674793338916,-0.32240346486106797,0.9859430772373079,-0.3385946134444886,-1.019172685302246,-0.3386753304329473,0.9495330258747179,-0.29457461813556,-0.9787319645444192,-0.2975775964578288,0.9744024900845931,-0.21243888874856343,0.8837193013320842,-0.25147108031687865,0.8483666046503244,-0.30574206656188274,0.8329510866724376,-0.34610628823429185,0.8061675198993418,-0.37838602421117745,0.9495559759528933,-0.35763816187583397,0.9512712879109106,-0.41339188989562664,0.9436812512654138,-0.44960018563504384,0.9369705823635306,-0.4803859247455158,0.9863142410915405,-0.3597593137590093,0.9928279355814578,-0.4223779816883065,0.9858454981279432,-0.46553726217971053,0.9795764943995796,-0.5034832375089491,1.0196412218802484,-0.3538982747439157,1.0337532084394667,-0.4149905790936054,1.0278525617212424,-0.45495940739928264,1.0172740616586584,-0.4895463705611204,1.053725720357221,-0.34016659677417377,1.0730168295941844,-0.3890271472581365,1.067866931116706,-0.42319001323968974,1.0513374262506927,-0.4527739216787714,-1.025283927881713,-0.22421064901752147,-0.9505154213074063,-0.263666005391667,-0.9523891548482248,-0.31978555718836027,-0.9637849005902964,-0.35938416623756736,-0.9586222474830405,-0.3926347038157417,-1.0679808559652024,-0.3669161534708359,-1.092616237633112,-0.42000235817732534,-1.1064133416898823,-0.45579148500142996,-1.1217971382018017,-0.4860399100336144,-1.106371631161112,-0.36418895819246755,-1.1459804735007582,-0.424153489041696,-1.1640402656387796,-0.4672502338464971,-1.1817152518347316,-0.5054770536809586,-1.135651122128582,-0.35338200568902167,-1.1727203484433708,-0.41222995153123854,-1.1861888247170589,-0.45419479374871,-1.1985914019462796,-0.49086581361008336,-1.1561181752093217,-0.3375998365000933,-1.1721415606804646,-0.3867141260319335,-1.1744116783952374,-0.4202242632974114,-1.1746551721203395,-0.44931334729404426
-0.038139508307190796,-0.30343900774630284,0.05838644136844619,-0.3503363566548284,0.10546320934718342,-0.3486014033216538,0.14336840315265334,-0.3461462010036716,-0.10049528020725064,-0.3533867682103799,-0.14831085615569972,-0.3543082116596905,-0.18844731433839332,-0.3561586138264629,0.20605157226817183,-0.31129117463254813,-0.22798809262139227,-0.31849574012611337,0.0562698608307345,-0.24136826086666824,-0.1313098632537505,-0.24851900272547495,0.4999309309707613,-0.008310490882490485,-0.4999309309707612,0.008310490882490485,1.082493011133342,0.19146859811875838,-0.9590595202003668,0.17865971822994128,1.03085246942897,-0.21544223194687304,-1.0066230555324327,-0.21705064247917913,1.0364100598343173,-0.34950717206882065,-1.0567173029089463,-0.3463495426876464,0.989602728798445,-0.3637042293461246,-1.0131113081810679,-0.3639669774354845,0.9532228053243738,-0.31584306519071254,-0.9727595807640345,-0.31930431140519233,0.9760232058144804,-0.2225176064022213,0.8859803146236473,-0.2652547175842298,0.8508400649173011,-0.32340557217021865,0.836354119121261,-0.36704852367337637,0.8097936386995995,-0.40258078306589007,0.951934652694224,-0.3793732055713137,0.955225279151888,-0.43927390087881457,0.9455481396990455,-0.47815381857575245,0.9352162058152859,-0.5115850952891404,0.9907714981075211,-0.380643429036819,1.0009363942782314,-0.4470990843736982,0.991361818949295,-0.4933456826343185,0.980022052388183,-0.5340128026715769,1.0244638128106232,-0.3736107842489586,1.0424643112383853,-0.43784650094797706,1.0333522638315649,-0.480049383925414,1.018118193549735,-0.5162743363195145,1.056893368573417,-0.3586751550473548,1.0778845511093496,-0.41043380883992403,1.0697298787883776,-0.4469242291347153,1.048735893052917,-0.47808517912663884,-1.0217097517214315,-0.237936717854881,-0.9459864281899489,-0.2810279771017636,-0.9470189949807833,-0.34144980257505836,-0.9562295666063078,-0.384609772845037,-0.9519023746761297,-0.4212766945804062,-1.0612288876551337,-0.39193866234601665,-1.0829660922772104,-0.44976135022273955,-1.0938396620227064,-0.4885844381776584,-1.1069955514780057,-0.521693846692231,-1.0996210343197832,-0.38914233842795565,-1.136900022207169,-0.4543851010592252,-1.1535144621389146,-0.5012236877282072,-1.1703531580328985,-0.5428232020340822,-1.128604365439349,-0.3774786422574056,-1.1648050902612421,-0.4410905916998805,-1.1786526073647858,-0.4868703844473422,-1.1911834039371076,-0.5267972147847233,-1.1491753359989816,-0.36037102898614354,-1.1657329493050022,-0.41296810040844906,-1.167668434908502,-0.4492651993768004,-1.1670867916182084,-0.48054188449825125
-0.0395865997505969,-0.3245558003377091,0.057380990854928135,-0.374932211530678,0.10433425675807059,-0.37302898214397034,0.1421009784005996,-0.3704361658065303,-0.10215352446229126,-0.3786423652601698,-0.15038666040839524,-0.3797377490798577,-0.18985472781370025,-0.38190189705657623,0.20495696432025115,-0.3329561397448659,-0.2288632872913803,-0.3411414565321105,0.055179065665811676,-0.2581736285325353,-0.13313983452493441,-0.26585783781958605,0.4999268823685919,-0.008550572215946378,-0.4999268823685919,0.008550572215946378,1.079708915403044,0.21813712044309228,-0.9581111166615351,0.19474317955097298,1.0271796185483384,-0.22708706409218046,-1.0019075039589358,-0.23117165244439372,1.033042328560933,-0.36946217682775334,-1.0511578577137177,-0.3672766107316554,0.9886373027240727,-0.38731020167971825,-1.007070684205414,-0.38680381614296305,0.9526714841572055,-0.33483672711965823,-0.96653939891287,-0.3384527176171643,0.9778972700960573,-0.22965884477665857,0.8874882228343591,-0.27494684625807314,0.8518388190935932,-0.3377013240933658,0.8371569083048932,-0.38516295871865264,0.8109465563988418,-0.4238809520804448,0.955038023913172,-0.3983113127257988,0.955622717768881,-0.4621881000165705,0.9435158256636255,-0.5037999872796498,0.9305544820991003,-0.5391992430436082,0.9952632854687896,-0.3990890199391205,1.0059308679730714,-0.4694668949010832,0.9932281105644566,-0.5192062700290828,0.977044625782731,-0.5624167904239817,1.0293296293630787,-0.39096918140255,1.0486601766623538,-0.45780136319454107,1.0360466265489485,-0.5022142050194578,1.015427584191982,-0.5398836284510627,1.0615078343184354,-0.3741333156778274,1.0851706033021837,-0.42593341986325667,1.0753517222473519,-0.4623872120335152,1.0507788088520755,-0.4927956635156624,-1.0163368661020364,-0.24631319193964094,-0.9423738737133495,-0.2929252156651182,-0.9406181903577733,-0.3599626289367338,-0.9502362728553869,-0.4073583263516456,-0.9450188371591062,-0.44732530204638915,-1.0542656148069964,-0.41283731076873953,-1.0732921303370324,-0.47469100369756256,-1.0819585246021683,-0.5161761415898861,-1.0923092199581135,-0.5521395353196404,-1.0946138855012657,-0.40927685439505285,-1.128087773026589,-0.47931372229918257,-1.1419399779339952,-0.5299482983239564,-1.1546696577100175,-0.5757979134928115,-1.1255341936654737,-0.3964816698778159,-1.1572730773348237,-0.46484463525916414,-1.167930166071184,-0.5148918193599588,-1.1758614421165667,-0.5586836887094406,-1.1478533907117536,-0.37820535913154707,-1.1580878331905855,-0.4364875041605763,-1.1563613311348462,-0.47625705069061214,-1.151575823854803,-0.5098597087050587
-0.040510571584581594,-0.26812555657553383,0.05691095474358015,-0.3097274149095597,0.10389299226878777,-0.30811041189889943,0.14163677382426637,-0.30595674477677987,-0.10317774809258276,-0.3129765791498693,-0.15188781357758424,-0.313917399275125,-0.1911204422884658,-0.315747627899565,0.20478855001281776,-0.27487563780986346,-0.2301333431292875,-0.28185031332221455,0.0544055481295705,-0.21328937303836984,-0.1349816541259791,-0.21960131858466916,0.4999545710887268,-0.006739944175380637,-0.4999545710887267,0.006739944175380637,1.0777306880486215,0.19028759679263382,-0.9633696778328273,0.16313745812430674,1.0331061491725944,-0.18094141791944088,-1.0026176554834554,-0.1844653880381734,1.040397470111387,-0.2951258183536064,-1.050542626804422,-0.2991205143311957,0.9958430274628646,-0.3138467872383342,-1.004488051015389,-0.3155052227142313,0.962148903603691,-0.2695670400421497,-0.9637198716907318,-0.2745257987474446,0.9842860145528337,-0.18173375065784933,0.8930729291523706,-0.21981909166414565,0.8562697831556836,-0.2724344698009176,0.8421535192226929,-0.3124095354411861,0.816435262599024,-0.3442645958059868,0.9621850187560355,-0.32000064519242655,0.962004935473663,-0.37257193817563866,0.947195917254791,-0.4069473050843573,0.9313160847689039,-0.43636871339046085,1.0047785727920333,-0.3204495811114865,1.014876697707129,-0.37909818304289616,1.001571218944273,-0.42140249850857436,0.9847292459679708,-0.45803940853121816,1.0405223957065424,-0.3135733077040728,1.0594383633861202,-0.3681751072801182,1.0437205566064331,-0.4042481947156139,1.0201948180496436,-0.4341883930666188,1.0738680083455912,-0.2995331968431734,1.096937382704573,-0.3417516157345802,1.0846767809629572,-0.3710893380400149,1.057548555959801,-0.3949087738817203,-1.009171365475557,-0.19755545752393214,-0.9359322578776674,-0.235570375971175,-0.9369951103951885,-0.29257487957548134,-0.945634265235457,-0.3319215107201608,-0.9395239918582219,-0.3647038119723727,-1.0507770880150402,-0.3363292050059568,-1.0699820179533202,-0.38811984971123115,-1.0781022842382844,-0.4236570309462171,-1.087735713846565,-0.4539074043532861,-1.0908088055114902,-0.33243606909559437,-1.1235184631497088,-0.3909708580660943,-1.135034928593244,-0.43345340892338574,-1.1457682903101178,-0.4717874078803488,-1.1204659940575714,-0.3206876283088609,-1.1529178182360125,-0.3770365389418895,-1.1610810123043311,-0.41878492672614315,-1.1657550927766838,-0.45533328748619234,-1.1415476396794455,-0.30416213796696423,-1.1564941827568476,-0.35140095898755475,-1.1562028812212322,-0.3851705024106764,-1.1509427092822524,-0.4138793481058016
-0.04091219403728074,-0.29427519422778275,0.05666438939758249,-0.3395340423054875,0.10352480659852874,-0.33766643121241263,0.14109363493311813,-0.3353137892300944,-0.10362124944634662,-0.34359086557198004,-0.15284377958892864,-0.3446179409671195,-0.1918372276135709,-0.3467140908657822,0.20432395656634159,-0.30105967622690716,-0.23142611607300156,-0.30917263084706886,0.053385005091809594,-0.2338961827929212,-0.13675346117133608,-0.24079185518277513,0.4999507583249977,-0.00701706849472944,-0.4999507583249977,0.00701706849472944,1.0746882376085019,0.21525480588590978,-0.960811912322499,0.18845107178314188,1.0373537211843162,-0.19314300183028554,-1.0023955630799664,-0.1934805169055678,1.0438008191299675,-0.3151161620005637,-1.050887280759859,-0.3229578176026479,1.0019485529364294,-0.3382129039603789,-1.0034652763648482,-0.3408111058037419,0.9712866044094152,-0.29030229998677554,-0.9627318045149926,-0.2935955974525834,0.9916214724408682,-0.18827373452648988,0.9030466581089696,-0.23007163466126312,0.8642951359037688,-0.29037176803425063,0.8483263944208198,-0.3339577784786836,0.8239106348848341,-0.36914113040377344,0.9759836494561197,-0.34224689410369735,0.978994500195812,-0.399078191727566,0.9592150381742042,-0.43550539533538435,0.9332799353701303,-0.4659838784435319,1.0191053917093071,-0.34176802123858285,1.0336050580978187,-0.4051951854259015,1.0213592725246141,-0.4522206253244564,1.0031607200033177,-0.4926719247222178,1.0548221571378353,-0.33332869133959653,1.075269187055121,-0.39273542687493646,1.0573964770926665,-0.4318104424755597,1.0293784380116935,-0.46390129003620895,1.0885186987015427,-0.3166857662405757,1.1146648623389568,-0.3620428659392113,1.1006534685687703,-0.3930001527211911,1.0689442391340407,-0.41766926657231207,-1.0026466174032551,-0.206129651996313,-0.9307260419777188,-0.24963692276143656,-0.932598777056169,-0.310791706853958,-0.9401850959079225,-0.35526613336370966,-0.936169946005086,-0.3925752490563062,-1.0446919330324085,-0.3575260590276846,-1.0627078745417708,-0.41527165025646917,-1.0666312481862,-0.45522608705570616,-1.0714790977538562,-0.48882571971918554,-1.0848838349006713,-0.35299479113814763,-1.1188148111797667,-0.4180257400589571,-1.1259703096784381,-0.46568684026842183,-1.1321883967955164,-0.5079322004261246,-1.1140813339876636,-0.33952912972444094,-1.148640048412468,-0.40083883309813445,-1.1510212370616943,-0.4467045579132932,-1.1487239242168734,-0.48637842406261844,-1.134996578375808,-0.320323221144771,-1.1542098275489356,-0.3708282906324908,-1.1525990764373935,-0.4085785007500411,-1.144576226800779,-0.4411641351707443
-0.04215890282504071,-0.2675868741049701,0.055601061014705376,-0.3085071912725013,0.10232388210620999,-0.3067316019124657,0.1396923166451068,-0.30455963695417915,-0.10485566219650516,-0.3124670538318339,-0.15455545007524196,-0.31340951342919604,-0.1931038700245285,-0.3153093155479991,0.20298257669830425,-0.2733852487666462,-0.23314758536838315,-0.28098150577590214,0.05179759863893203,-0.21260577312039702,-0.13958854580425947,-0.21889358875367762,0.4999616702673701,-0.006190982431046286,-0.4999616702673701,0.006190982431046286,1.070014873658047,0.2072579051985581,-0.9596031884816001,0.18362545448725084,1.0433167247777853,-0.170395539735554,-0.9989483270092789,-0.1683509901905835,1.0578650377088405,-0.2793799901101554,-1.0473767997163614,-0.2868968715243243,1.0149564476652726,-0.30236914683722904,-0.999980773452945,-0.304648871701504,0.9833717690483186,-0.2595230295316178,-0.9590461544396932,-0.25966878171215335,1.0003887184919835,-0.15908476862424792,0.9126400302068123,-0.1995939528637454,0.8752494056767908,-0.2556156653880232,0.8600494249181505,-0.29578448908529636,0.8354789045986577,-0.3280989594949848,0.9879959347723026,-0.30094779618912837,0.9907554885950236,-0.35288832206411475,0.9686857476429315,-0.3851220353414599,0.9383937991706839,-0.4113900823548254,1.034962682604478,-0.2988726016359281,1.0534115391224765,-0.35589925691983987,1.0415160722627053,-0.3981834653450409,1.0222830606171718,-0.43468738468719326,1.0724518568009647,-0.28952537174865717,1.0960520544938552,-0.34385802938285975,1.0785805365555354,-0.3811819538837511,1.0509791245071434,-0.41240714496402564,1.1059572749437907,-0.2718918697897759,1.1377847381695194,-0.3121090472910182,1.1272112073986555,-0.3392207111907751,1.0989837439094916,-0.36061406679257113,-0.9974928838598005,-0.17388662158497792,-0.9266015320858119,-0.21313948608134992,-0.9262854062931362,-0.2702057035685092,-0.9338020210440398,-0.3114720958187338,-0.9306269351632558,-0.3457256165647328,-1.0388501324650408,-0.31175166872168264,-1.052664054586892,-0.3652110692156321,-1.0534839829170302,-0.4024777227175367,-1.0543071336907326,-0.4332278533731014,-1.0803759882914457,-0.3072680151507831,-1.1159481552859352,-0.3662488548836763,-1.1201008652793714,-0.409795599969656,-1.122352741474268,-0.44754955934013263,-1.109630126379158,-0.2943516465591095,-1.1461597874116307,-0.34929299694899113,-1.147020098262382,-0.3901090080536746,-1.1436836046704213,-0.4251721724289906,-1.1299549549317431,-0.2757960312788219,-1.1493765407114105,-0.32091766603979127,-1.1466082781329814,-0.35432461843344226,-1.1389674157479501,-0.3831481325880028
-0.04302477107010151,-0.27033184494909185,0.05475790032749965,-0.31154481834546216,0.10137373041044781,-0.3096850000217652,0.13862962948320587,-0.30750774600830155,-0.1055188287588702,-0.3157503026713253,-0.15549552959203267,-0.31673124864916324,-0.19404984514603432,-0.318645747012834,0.2024242203268972,-0.2759194734139911,-0.23395305170747974,-0.2839515467713452,0.05021812374840024,-0.21477362959403742,-0.14212466478048227,-0.22088512198767737,0.49996324840486095,-0.006062197989121295,-0.49996324840486095,0.006062197989121295,1.068756287989275,0.2217655149835473,-0.9580443224738513,0.19993442982349274,1.0560759472603574,-0.15940974063828728,-0.9960280723554725,-0.15693032079558264,1.081824305643623,-0.2680732361600473,-1.0447050134337104,-0.27008055753479754,1.0337777669744708,-0.2940017127743598,-0.9979944214983475,-0.29236935834812044,0.9999796985885476,-0.2519971143265035,-0.9574018713068984,-0.2475805130907995,1.009262289598914,-0.14768166406912464,0.925860624821081,-0.18869701632450045,0.8919195995512742,-0.2464758875787451,0.8797055783160274,-0.2878634822846956,0.8573079143672102,-0.3218576132774354,1.0095729521666252,-0.2915143095190982,1.0111495484156539,-0.3427600881641924,0.9851672161802916,-0.3735356366881161,0.949979795755438,-0.3983081024920907,1.0584775577811851,-0.2886890051593404,1.0770394833808727,-0.346064587358622,1.0645224521673713,-0.38829531913517634,1.044336549392447,-0.4248883677173074,1.0971402307454654,-0.278404342252568,1.124599838387978,-0.33239052229848043,1.1048856282014496,-0.3694474324943404,1.074066859429771,-0.40056436694570186,1.1311906717623905,-0.25959960405579013,1.1675479614477287,-0.3007935059666076,1.1555897320855817,-0.32686916882988776,1.1238459769160167,-0.347062070405328,-0.9891435912133101,-0.1560535393434885,-0.9195246878039809,-0.19817693857344312,-0.9220694587350078,-0.2570601185376566,-0.9298228751278161,-0.2995641871536628,-0.9244724532347796,-0.3355914272109203,-1.0366763073467944,-0.2975556619309873,-1.0506345898096339,-0.35262321421587145,-1.0459786404097473,-0.3915613585564146,-1.0390191801730195,-0.42336017781681184,-1.0795403943909472,-0.2911942126918125,-1.1173240779046048,-0.3516021610939971,-1.113777733623235,-0.3958282391264662,-1.1044218731393518,-0.43282996239901544,-1.1080658896994457,-0.27602319441681505,-1.147982244060861,-0.3328797914394741,-1.1416271145122256,-0.37366596906613014,-1.1276485404757484,-0.4075632219810948,-1.1248621023979053,-0.25479916541317865,-1.1432765324768774,-0.30093613026554267,-1.1370759608120997,-0.3353948198365997,-1.1242308451782952,-0.36452382120084936
-0.044057815775997336,-0.3223304388402632,0.053413937695780254,-0.3712239916678074,0.09980887831230255,-0.368910468763141,0.1368939189013807,-0.3663923008377701,-0.10626923922257363,-0.37651064212152074,-0.1560770584055288,-0.37757025191703114,-0.19458792273670283,-0.37973816056683257,0.2012184126471969,-0.3286569970052362,-0.23437151092798017,-0.3383229452203472,0.04851133564836899,-0.25598861451854954,-0.14473096238399788,-0.2626244425654208,0.49995926066566587,-0.006382607197755362,-0.49995926066566576,0.006382607197755362,1.0636100995162616,0.28828757734921184,-0.9545137833943712,0.26204500502247446,1.0663691410336975,-0.1674379365445227,-0.98932028741874,-0.15313920551470311,1.0996654460896922,-0.3005925480371478,-1.0412470965467961,-0.2851788753047074,1.0484272620664465,-0.3347927242545541,-0.9945016804588902,-0.3143855167509512,1.0113652513324987,-0.28546557459966704,-0.9537071708275379,-0.2668208355370114,1.0212230024207174,-0.15575739359958465,0.9377712408967556,-0.20350973527884028,0.9069535645446739,-0.27369542868919006,0.902268124300216,-0.32563827536083495,0.8845169714571423,-0.3678905650837835,1.0270262015493843,-0.32574071110155645,1.0339233187967383,-0.3888084415527371,1.0106441898120118,-0.42560861350903084,0.9758921384204597,-0.4548686242026513,1.0792463980572333,-0.32261140112984715,1.1013558698926686,-0.39090176913265434,1.090695966244772,-0.4411710709466754,1.0696847914441403,-0.4839134971946827,1.121664796293906,-0.3110043069511007,1.149339870513178,-0.3744373185735056,1.1305518876430078,-0.4183793073534254,1.099792272474987,-0.4541346649491251,1.160633419541313,-0.2896139578946926,1.1963598608597847,-0.3392789869714436,1.1829149665619116,-0.37014671793469284,1.1489919899550485,-0.3930866623378444,-0.9785326248385983,-0.15413442497356247,-0.9126104754386403,-0.2054813779552623,-0.9172772241985645,-0.28057560787291863,-0.9259235157067888,-0.33341720172881567,-0.9181058935280577,-0.3772967628318182,-1.0280936434437753,-0.32972211734538376,-1.045975839406182,-0.3934729288708377,-1.039944774457388,-0.43798673101550706,-1.0305931530902803,-0.4746227189363777,-1.0694106226406357,-0.3199318421848281,-1.1027340526492397,-0.39033388108737227,-1.0997544637779642,-0.4398004550702715,-1.0915060657262905,-0.4815808761010682,-1.0995251788646514,-0.30011750889465677,-1.1360203024163746,-0.3676961107963122,-1.127355603242254,-0.4150183280462155,-1.1115700971891709,-0.4548864391140811,-1.1218801335484776,-0.2727428593360843,-1.1419614576754653,-0.32739221378063144,-1.1283609699461445,-0.36669923062537035,-1.1076659488345588,-0.40007093797437693
-0.045545354220801665,-0.29932148094591843,0.05162285984276029,-0.34430619090249387,0.09765779292205064,-0.3421201313178197,0.13452245981658897,-0.33988773277226786,-0.10708305313739754,-0.349283078669204,-0.15680180696998097,-0.35024334421230974,-0.19529445062233075,-0.35215623319103023,0.19951520281113225,-0.3046998572507279,-0.2349016948823154,-0.31374665357236653,0.04631194968829496,-0.2380436588709629,-0.14642804317610242,-0.24361343523157153,0.4999809370260724,-0.004366074957059893,-0.4999809370260724,0.004366074957059893,1.055917454357818,0.2796265888884431,-0.94225287702739,0.2658821890920408,1.0740455051466233,-0.12950315354375153,-0.9855017926003052,-0.11264535915548543,1.1182631318288088,-0.2583135847802894,-1.037779360305233,-0.2367297026984293,1.0654699292477137,-0.2871123805444731,-0.9933222279992459,-0.2612919919643791,1.023170444944362,-0.24336006463139018,-0.950743266688935,-0.22202350893742306,1.0317531196963852,-0.11776383433189387,0.9520576838779632,-0.16446301636723965,0.9249171550486153,-0.23115263159885194,0.9255291084545296,-0.2804305385965042,0.911787664877273,-0.32036548287038635,1.0461389455312797,-0.2761153878648166,1.058055661183176,-0.33656598654071557,1.0360564767214187,-0.3708026281007301,1.000758558976586,-0.39701978100701985,1.0999401852545185,-0.2713879801708378,1.1260136273908223,-0.3356532410114634,1.1161449308622258,-0.3813649932852578,1.0949216187782804,-0.4190769874373953,1.1441800765214696,-0.2580554204945,1.1744063477292823,-0.31686129869091073,1.1605163122493507,-0.35734341786115387,1.1343746243206132,-0.3902252527104098,1.1837905475328696,-0.23526269595496083,1.2210122544715125,-0.27985508790242625,1.2141963874569446,-0.31065632425038486,1.1880040395309865,-0.33545447674299095,-0.9630615112200746,-0.11239657381979873,-0.9051857314815406,-0.16097404692904171,-0.9120668998778759,-0.23178512020429506,-0.9205164711340172,-0.2830994404272053,-0.9121810865435853,-0.32523239376292945,-1.0251811144200296,-0.2759687288746924,-1.0573971215537032,-0.33452276489242005,-1.0438835672951532,-0.3750879746132025,-1.0192924544246522,-0.40635871425593095,-1.065576976725917,-0.26427435914962316,-1.1118986671700468,-0.32721149118200443,-1.0980050822635583,-0.370225648985154,-1.0708314792322033,-0.40378943771743164,-1.093047561890659,-0.24334985199683393,-1.1383713391252102,-0.304514640354626,-1.1214800819866986,-0.34452538044007874,-1.0920085277677314,-0.3758621895757528,-1.1115833933895745,-0.2152379427486889,-1.1360275680675005,-0.26431569600377947,-1.1188620370586873,-0.2974490951369007,-1.0928270134314222,-0.323965888130545
-0.043621292702940094,-0.3168862754821523,0.052710469850193946,-0.36438782981939927,0.09834021039497727,-0.362070278006525,0.1348710972236373,-0.3598627581122528,-0.10466644722935077,-0.36963560623483627,-0.15413098802546601,-0.370408582273943,-0.1924974639884442,-0.37201885847573696,0.19996017784925352,-0.32244104022611847,-0.2321236532805638,-0.33101664835485345,0.047415067501132425,-0.2523577344729539,-0.14406351776271015,-0.2576470897700746,0.4999846747566992,-0.003914716903893383,-0.49998467475669933,0.003914716903893383,1.0471237894282137,0.30233670925003686,-0.9264435803802226,0.30843735979952336,1.086004882917412,-0.1012626137318767,-0.9750450671991863,-0.06932039846763627,1.1370894892684882,-0.23131222856705186,-1.0278138763633473,-0.20682697566527095,1.079650975894372,-0.25722970733756284,-0.9840309209829785,-0.23188368466043702,1.0334868648274125,-0.21872056406495383,-0.9405649332118053,-0.19401850699439338,1.0504864370960483,-0.0913766188964187,0.9680759783081659,-0.14218825786331818,0.94363600426727,-0.21407271151381094,0.948051238707461,-0.2657780791256827,0.936546358123604,-0.3088688674618755,1.0703964973599078,-0.2625010982398097,1.081288475267626,-0.3273821904984068,1.0589357611232881,-0.3621811067329643,1.0237435996075932,-0.3889729010120516,1.1254910418616824,-0.25370767182322973,1.1527133893248407,-0.32172970813877627,1.1466844870611725,-0.3682724853367095,1.1297759225228925,-0.4078198692211184,1.171508484934378,-0.2351553776397544,1.1985302635155224,-0.2988015626249289,1.1855555041232846,-0.3402435382348403,1.1632411763678492,-0.375211015545492,1.21361035639576,-0.20606544468418864,1.2482689471057145,-0.2524032249567473,1.242992737951104,-0.279867525050385,1.2214432589945454,-0.30121784617253305,-0.9505259612170013,-0.08204578181222243,-0.8953987083130164,-0.13278317277611523,-0.8986685089026937,-0.2064045226374319,-0.9115691345813642,-0.2612984254652535,-0.9035489783792153,-0.30649930582835844,-1.0143393741705886,-0.2507515147474218,-1.0437425483532548,-0.3120198078353273,-1.032916547051462,-0.352319305880925,-1.0124522832978267,-0.3831146973562855,-1.0559679334596421,-0.23778607493262666,-1.0946111512951122,-0.3045216287765645,-1.0839549097996575,-0.3473128898030669,-1.0595939677354964,-0.3809741093203335,-1.0851724980655608,-0.2145199380216776,-1.1270438512644207,-0.27902689278219706,-1.110412148556098,-0.3188299071081773,-1.0801411420905784,-0.3498125484252668,-1.1081944349160047,-0.18159257852242153,-1.1285978802347232,-0.23006580379852876,-1.1050797393289855,-0.2565222144152542,-1.0741494066482484,-0.2746687885354705
-0.04269784925307497,-0.28448458032109714,0.053252449989599444,-0.32675502104376136,0.09875652424894361,-0.3246617279619027,0.13518710307986828,-0.32279283937043407,-0.10347455038043567,-0.33161245919794824,-0.15279831727647253,-0.3323368593589061,-0.1913305129697308,-0.33365131057608033,0.20059238795061674,-0.2899533228578086,-0.23067686578004495,-0.2970851222221923,0.04791574742870214,-0.22748284004327796,-0.14279377525858597,-0.232142743528023,0.4999834282330662,-0.004070809785569614,-0.4999834282330663,0.004070809785569614,1.0195369467290671,0.28150873169512164,-0.9102067922970667,0.297503614896677,1.1150084379690512,-0.05288472205907481,-0.9743568118949729,-0.030040332172599847,1.1859979278876736,-0.16272050829660312,-1.0269348535121778,-0.1435767501398779,1.1253604568827416,-0.18818805647518105,-0.985334329115127,-0.17090342186810709,1.072803598989035,-0.1577973954494096,-0.9436892032060774,-0.13621729127116497,1.0745948403922005,-0.04382684797597865,0.9919012435056328,-0.09017033231730795,0.971250982814366,-0.15562336525710052,0.9775513652713625,-0.20253539203312698,0.9715434857535197,-0.24303331810644124,1.0989485425520353,-0.19659990602706878,1.1196953467665907,-0.25422897046189724,1.1001129691461469,-0.2858431337859561,1.0645327712005197,-0.30876041045514596,1.1565318871235428,-0.18770669735500975,1.187888904335559,-0.24762007951326048,1.1763004900194876,-0.2862904748192736,1.149242292598998,-0.31776160900142003,1.2034646459514875,-0.17020187062852568,1.2303943846343781,-0.22735404360937372,1.2185078822166489,-0.26558303349572304,1.195102540650045,-0.2981980178703529,1.2437576040182456,-0.14407023578256742,1.269884994213375,-0.18874383414933268,1.2652054259151269,-0.21834244178325507,1.247274501059169,-0.242782235266511,-0.9545586076377552,-0.03486662431105566,-0.8957643998353148,-0.07865773095750687,-0.8955511264156861,-0.14583624040403917,-0.9117988428689184,-0.19651967950704025,-0.9060346759063526,-0.23643170307131545,-1.0096727518661104,-0.17988719651623655,-1.0435872149888468,-0.23755825701325972,-1.0315823071260262,-0.2713955948577279,-1.0057007837631395,-0.29374560556827517,-1.056665351720887,-0.1680889836392296,-1.0966832006402898,-0.22736617013189198,-1.080844976333668,-0.2615710692562682,-1.0472671389338695,-0.28421064855979045,-1.0902653303006133,-0.14871520449747422,-1.1292708485691023,-0.20670397988447523,-1.1115755178357813,-0.23964484859583202,-1.0781908472705963,-0.2628477367822277,-1.117919145408169,-0.12115780972238488,-1.1369706932265973,-0.16738449650472273,-1.119897449861211,-0.19291727260968825,-1.094675653872136,-0.2102523918447197
-0.042775359629808614,-0.3142184454528968,0.05281907234014454,-0.36014966202903914,0.09827658788395384,-0.3580053110303331,0.13454848287077464,-0.35610169884007026,-0.10374638716028066,-0.3648298226720845,-0.1530229788944878,-0.365185700424646,-0.19153315328372328,-0.36617315623469265,0.2004047035013657,-0.32030470517979104,-0.23030836189686968,-0.32635923803684763,0.04764356948994763,-0.2519180910521109,-0.14220409689267702,-0.25659047482684466,0.4999831564653392,-0.004104052991393524,-0.4999831564653392,0.004104052991393524,0.9924105252771083,0.32615456187438047,-0.8934099171554222,0.3429556255886151,1.125973900495531,-0.011299032616521154,-0.9769992715311693,0.0010270971918829668,1.206441607789348,-0.11857824692357027,-1.0292786675342078,-0.10811278447510637,1.153974080543434,-0.16107518468892787,-0.9881608083396158,-0.14571827853797872,1.0965393144042592,-0.12178465661063992,-0.9477848695582278,-0.10642850749996889,,,,,,,,,,,,,,,,,,,,,,,,,,,,,,,,,,,,,,,,,,,1.1316665549631424,-0.003228707964352553,1.0334128505997249,-0.05244733753732377,1.002130679359096,-0.12327341072849118,1.0097450711506248,-0.1781188454013793,1.0026599504717075,-0.22235972868015919,1.124349888139148,-0.16424030126991807,1.1379187792813577,-0.2293658611668168,1.1229574219278424,-0.2632885607421495,1.1000495029341786,-0.28809670183440766,1.186872928656511,-0.156709539870521,1.2105946079658285,-0.22300362584762481,1.2057074215276842,-0.2615522544533519,1.1924383284245552,-0.29211204346957387,1.2317471137604488,-0.14140968702780496,1.2526422397491768,-0.20715505644695628,1.2492425618794079,-0.24720592825185395,1.2354041714361095,-0.2786694857164682,1.265752982079536,-0.12060030150643769,1.279985096649691,-0.17531641993545363,1.2741219719141128,-0.20990896251323857,1.2576729465251797,-0.23680047845089217
-0.041608588542520454,-0.30373467369128954,0.0526887225949652,-0.3465852215279348,0.09807201465108048,-0.3444810793270914,0.13406069800888193,-0.3424414817647104,-0.10380394822985807,-0.35042237425846273,-0.15302871463471837,-0.35014252900641946,-0.19151142413933103,-0.3500375138385985,0.2002951354711836,-0.30862497109737486,-0.22987844002504415,-0.31103583046123434,0.04934747175823844,-0.24239820306017218,-0.1399761318661204,-0.2462215619768351,0.499980969748259,-0.0043623261673721775,-0.499980969748259,0.0043623261673721775,0.9476575874370695,0.34718225943371234,-0.8765635797475884,0.3555333726863873,1.1345407090688182,0.04849400699930511,-0.9804164109217953,0.050673819980926585,1.234362470187551,-0.04454617843205888,-1.0335009777996063,-0.043304149597775184,1.1867540679376445,-0.09117473476902806,-0.9938002981445143,-0.082507144579376,1.126019061313109,-0.05412181799104738,-0.9556063446143449,-0.05262889790080486,1.1327385339501774,0.04004516587670013,1.0547978464179988,-0.00629612778001536,1.035173595187992,-0.06683925891841855,1.0427767057269852,-0.11000348589017209,1.042527470437786,-0.14592784747245627,1.1563738160172337,-0.11049589901908712,1.1709572675874254,-0.1620785816838469,1.1634422818022216,-0.18417900423221537,1.1477893813664186,-0.19961180947103088,1.2139755334753781,-0.10189461022721048,1.2379113639794097,-0.1518598380859847,1.2349651606375198,-0.17947284122819526,1.2241138641012452,-0.20045017405428542,1.2591687119125583,-0.08392068517473528,1.2940318525289183,-0.12948171743584438,1.296578068290316,-0.15670107636162578,1.2906077357392607,-0.17948032372156542,1.295286156212606,-0.057830922487206234,1.331399935287812,-0.09042850245196589,1.3420421546505388,-0.11171105594239805,1.3433769339231298,-0.12978797914274226,,,,,,,,,,,,,,,,,,,,,,,,,,,,,,,,,,,,,,,,,,
-0.041443830130117904,-0.29709300303500774,0.05100878317110722,-0.33942160404058996,0.09671840750246354,-0.337699895693982,0.13208881174514242,-0.3358498077355288,-0.10450630460245064,-0.34156480762432423,-0.15345568393548661,-0.3406488527454953,-0.19179504081156185,-0.3397693800689546,0.1995911392182041,-0.3041609265255564,-0.22958610450680833,-0.3014611806558808,0.05047482237084017,-0.23679446428888454,-0.13747627397402176,-0.23931941008932064,0.4999796814467865,-0.0045075647937535,-0.4999796814467865,0.0045075647937535,0.9551813432987398,0.36890173950340693,-0.8657726887558516,0.3539936020400777,1.1628510084449921,0.10915487504699367,-0.9893002520331879,0.10965669402950275,1.286740424519348,0.02867337558945756,-1.0357336217707516,0.02794851197020028,1.240499546615164,-0.004262064732493419,-0.9976482665279676,-0.007201398030644476,1.1650202938673708,0.018223992249234097,-0.9636341434202943,0.010013861325320877,-1.066755760905709,0.09452702153779578,-0.9424997742923986,0.07169922696118587,-0.9127686044304696,0.016665699008737753,-0.9255123202314139,-0.03157956040380538,-0.9262582808274923,-0.06840350028688835,-1.0651830011059664,-0.0304466622220592,-1.0309293281820684,-0.09191269434175357,-0.9848228163456523,-0.08304896589374261,-0.9710269047506238,-0.061219525652853934,-1.1281980990981086,-0.03648176198575917,-1.0813682399771674,-0.09017821722434473,-1.032409504784598,-0.08230818848624583,-1.0181626407600568,-0.06477509366793172,-1.1623493154070732,-0.03676902787860436,-1.1156754602673313,-0.08864665663207681,-1.071408250696941,-0.08094104940566989,-1.0617786626008345,-0.06405117355390602,-1.1781739953767218,-0.03551919794848963,-1.1418941617752225,-0.08289234402529844,-1.1032852367080788,-0.08244059372041249,-1.088676878196032,-0.0679611850343183,,,,,,,,,,,,,,,,,,,,,,,,,,,,,,,,,,,,,,,,,,
-0.03722823307437464,-0.2940272576878881,0.05437953961280225,-0.33598472968319065,0.10005606022455522,-0.3344024106831239,0.13534566791652533,-0.33256533240514735,-0.10128429535462248,-0.337109258838514,-0.14981890139220286,-0.3357464323431323,-0.18866149811114657,-0.3342257068858128,0.20266550202133993,-0.30124190233064896,-0.22591104528793415,-0.29620282300258405,0.05461742734760019,-0.2342131456084857,-0.13201883189380786,-0.23573861851604694,0.49997583675347523,-0.00491555313898161,-0.49997583675347546,0.00491555313898161,0.9170230512192445,0.3467701351149504,-0.8525912380773549,0.38078580106292587,1.2010646786603887,0.217988950200382,-0.9881193531139745,0.20584854848337963,1.3254250422275864,0.14794432947072703,-1.0350295371665212,0.12826731966729374,1.275540942177671,0.09305406315442982,-1.0036301123913856,0.07898989595113988,1.1968660399693063,0.11554748240000193,-0.9711367233485759,0.09872584812380884,,,,,,,,,,,,,,,,,,,,,,,,,,,,,,,,,,,,,,,,,,,,,,,,,,,,,,,,,,,,,,,,,,,,,,,,,,,,,,,,,,,,
-0.028786254513326184,-0.3718120901963273,0.060772631452819414,-0.4254830757516257,0.10653272392705306,-0.42338860168192993,0.14198699958962843,-0.42101523263248236,-0.09316028955083612,-0.4261192830443483,-0.14068745543961195,-0.42402543133444004,-0.18174328685195257,-0.42182406697124947,0.20987912375452433,-0.3809028218166629,-0.21939900079461108,-0.3737903385757164,0.06173867569771188,-0.29599699883867847,-0.12148058829301885,-0.29749641915659686,0.4999590034856323,-0.006402720800844383,-0.49995900348563216,0.006402720800844383,0.8704306774283547,0.42607735155366877,-0.8448466433323712,0.49227651742534606,1.2056814368809228,0.3689280749412755,-0.9858989071608205,0.3750474275513957,1.3463025231765806,0.36706379619796353,-1.0418496690079002,0.31843478066573283,1.288295649284387,0.30575902328475435,-1.0173595759266187,0.2488759610714436,1.2077757162270586,0.31980568368754236,-0.9807113012086079,0.26330521715356764,-1.0030589821846423,0.3787153049587431,-0.9161547005927426,0.3157208252226022,-0.9027289288254573,0.24608701127392504,-0.9087200653983382,0.1960670216167395,-0.9158199903080939,0.15763459325217288,-1.0485296123954706,0.20595694099913667,-1.0378155950890036,0.14508875347682496,-0.9894412038787067,0.1553522443216401,-0.9736408692132781,0.18356023491805418,-1.1004230408637812,0.214161821257008,-1.0806954684455299,0.15603310592911243,-1.032913961472566,0.1661676127079782,-1.0223059532394974,0.19231870420686392,-1.138240784278854,0.22613509002790022,-1.118385153706857,0.17130597070312745,-1.0760439597579352,0.17937050882892838,-1.0678607250003058,0.20242598274502865,-1.164950753754983,0.23967188217481833,-1.1511944878583946,0.188699059683044,-1.1173656913789276,0.19128060808139424,-1.1082251271089858,0.21145440059164564,,,,,,,,,,,,,,,,,,,,,,,,,,,,,,,,,,,,,,,,,,
-0.029263717457430494,-0.3387763436300193,0.05934368845430871,-0.3878054621756262,0.10501570127188718,-0.38596167233463663,0.1402063136818844,-0.38393195708685907,-0.09491958167330938,-0.3882130651467838,-0.14201179732051863,-0.38593719913153024,-0.18409699430501864,-0.38344731672853183,0.20943561252527734,-0.3473648773103107,-0.2215256133457144,-0.3398719628241592,0.061281352294252925,-0.26963067775187954,-0.11892962568496865,-0.2704836930195734,0.49996736863377783,-0.005712293883904614,-0.4999673686337777,0.005712293883904614,0.8678896534966779,0.36275873487469473,-0.8516842384269973,0.4313956418755039,1.2136797507264059,0.39201010034294603,-0.9886532386784643,0.383456822262492,1.3863382620550984,0.42569175400484016,-1.0485159792010652,0.39455772531791145,1.2956603593603704,0.3725009140683754,-1.0181275469381055,0.3440643289215155,1.2141048487812363,0.3694326128302189,-0.977221568693996,0.3433026093419316,,,,,,,,,,,,,,,,,,,,,,,,,,,,,,,,,,,,,,,,,,,,,,,,,,,,,,,,,,,,,,,,,,,,,,,,,,,,,,,,,,,,
-0.03927352376721185,-0.36010234345144754,0.04917290476901308,-0.4128150791267452,0.09560144084721907,-0.41081798751250487,0.13072286494062063,-0.40861847458068473,-0.10709137613025795,-0.41286536067345303,-0.1540725888058431,-0.4100287195975156,-0.19729570158011386,-0.40690844488764905,0.20296995454967495,-0.36933837792421775,-0.23505094221803605,-0.3605704189408003,0.05221283638973228,-0.28586384907805007,-0.1255967453295503,-0.28635896994479865,0.49993994237243017,-0.007749452925937512,-0.49993994237242984,0.007749452925937512,0.839268902106055,0.35096176773326054,-0.8539969467728101,0.3831117886982363,1.2357237062829907,0.47414591953943863,-1.0107230815587174,0.544176838847494,1.396125952335086,0.5165221405265201,-1.043263735628324,0.5737239517445619,1.3131006174014683,0.4927232749964187,-1.0076916474774007,0.5431533808195049,1.229847110914785,0.4806334580113334,-0.9744350546796162,0.5386935599948453,,,,,,,,,,,,,,,,,,,,,,,,,,,,,,,,,,,,,,,,,,,,,,,,,,,,,,,,,,,,,,,,,,,,,,,,,,,,,,,,,,,,
-0.0416520235735806,-0.3428829234445974,0.04608861995233759,-0.39409957635463094,0.09319056201623252,-0.3921627259617051,0.12847049852983722,-0.39005573730909243,-0.11170948023016997,-0.3940759480982791,-0.15860604813334897,-0.39113448942667134,-0.20270438237787114,-0.3879322310979642,0.20257961435956562,-0.351823885276028,-0.24083966285954275,-0.34312735368271957,0.05065161362249098,-0.27064778842821213,-0.12635287226725636,-0.2708559985492307,0.49995796902766754,-0.006482993577805292,-0.49995796902766754,0.006482993577805292,0.8343794766989948,0.33788047344700545,-0.8398833755793597,0.35718957342142327,1.2201241157600644,0.5397697766472738,-1.0229561748487757,0.5723698078544663,1.392433979864126,0.6164042856010116,-1.0607646145732157,0.6568225290791938,1.3234443830920444,0.6117004108427742,-0.9954858587689435,0.6455468881248513,1.224667901157984,0.5824997376199381,-0.9520472943751722,0.6222380206175261,,,,,,,,,,,,,,,,,,,,,,,,,,,,,,,,,,,,,,,,,,,-1.0097969219710174,0.48631525380257856,-0.9698495039313794,0.493282700705365,-0.9459981463921299,0.5280583091713826,-0.9332158987325714,0.5731416148487792,-0.9233254821832025,0.6161586702465834,-1.097561961717697,0.5885759770605775,-1.1002579370520726,0.6618172017510273,-1.0775282482849506,0.7067528123087827,-1.0490981188519268,0.7387531746651157,-1.1144522499744747,0.6060106674574444,-1.1088929129333986,0.6772260839622456,-1.0774231172949555,0.7250717476094986,-1.0395124192462342,0.7601492644544816,-1.1162848820729052,0.6183698009945899,-1.1126363822386411,0.6840271701635707,-1.0811234966144947,0.7262805662416661,-1.0447509609907595,0.7586652025602347,-1.105502224128025,0.6273393537569039,-1.1071423018724316,0.6817729308099318,-1.0913695234538379,0.7155545229742528,-1.0684485666009218,0.7411834037902025
-0.042965690633086445,-0.36123062975602305,0.04363837595109337,-0.41628362345756414,0.09103733667246362,-0.41419639001449954,0.12632606118466744,-0.41196626276252635,-0.11447791913947106,-0.41600941967989163,-0.16105759803780562,-0.41269501325382324,-0.20557533705486203,-0.40916448093354774,0.20125596649037325,-0.37100048813891146,-0.24341252561824436,-0.36163376326133384,0.049902892952664854,-0.283874618024591,-0.12690389502210814,-0.28394904023045237,0.49996107424527947,-0.006238929355758574,-0.49996107424527947,0.006238929355758574,0.850041130193829,0.3677006011837094,-0.8280339021815581,0.3709324925840893,1.2056486604916792,0.6479984308688168,-1.0033990858688135,0.6476483767406076,1.3882393155246062,0.7671355291507628,-1.0675071974358907,0.7504030687685536,1.3154115194430414,0.7720911911743236,-0.9861771927982406,0.7444672234494586,1.2035377399278133,0.7338922881765114,-0.9281936534253415,0.7117601714594406,1.2426922237800477,0.6587671177693902,1.1699530594098317,0.7038893487879504,1.1736165034789272,0.7683762695081826,1.2101887464777046,0.8240810525712919,1.2279392767389217,0.8750328114720024,1.3352570753023456,0.7673773616491267,1.3649835984204515,0.844607458625013,1.3478540084527797,0.899519462710546,1.3209144602582064,0.9379951084098981,1.3852667841527528,0.7627565202105712,1.4339902101747122,0.8311782968769525,1.4260931765249194,0.881783651352513,1.4047697343909948,0.917440932876378,1.4045140327676093,0.7632255863950619,1.4513032833342998,0.8284305465215258,1.4419349287218388,0.8730713341017419,1.4200987011702064,0.9075277046363559,1.4059511449995816,0.7661732770050416,1.452345785763696,0.8231035668823667,1.4491605728388783,0.8647511219057328,1.4336754207437608,0.894454944326173,-1.004045380360488,0.5714976397738235,-0.9462372039252488,0.6030340891782568,-0.9116381827107164,0.6521755953615551,-0.908253980363781,0.710817754656433,-0.9067849054288858,0.7662922890613231,-1.0535033438498944,0.6971734191106157,-1.058553494104595,0.7759378195160828,-1.037016852103605,0.8392122454069193,-1.0096845513986523,0.8907877861652864,-1.0964904149396661,0.7091760230107155,-1.1251241159676928,0.782506967657337,-1.1050730053743187,0.8455029053364749,-1.0736610543768013,0.8915247088177813,-1.1141565463880292,0.7195216617218936,-1.1397984088439228,0.7876374980622607,-1.126328461975269,0.8449275217150394,-1.1025336118199158,0.8890398957653657,-1.1112570541116393,0.7246318807358786,-1.1357162965593761,0.7816005718366973,-1.137494113927372,0.8263094343131064,-1.1282500251207355,0.8625900216464029
-0.04294493556382526,-0.3024574161613105,0.042547252306769354,-0.3493101198886566,0.09043426639279253,-0.34759698007098344,0.12600841184672001,-0.345804881278062,-0.11638395203157398,-0.34901614955003996,-0.16288743087874902,-0.3461151833021574,-0.208152447939265,-0.34305697396681456,0.20168600443075296,-0.31123670940066844,-0.2462526039427942,-0.30289924899118276,0.05068974043330116,-0.23670301354038417,-0.12609101096545722,-0.23676476350820655,0.49998537182855946,-0.0038246512856801684,-0.49998537182855957,0.0038246512856801684,0.8351732956566389,0.32233381973823344,-0.8363805640261056,0.3214848420385553,1.152216538073137,0.6049460784812022,-0.9907043737714559,0.6050147795382985,1.3866461369074057,0.7163755488311135,-1.0672460196367706,0.7031070666742208,1.2746608066962537,0.722401265909719,-0.9751169838257355,0.7101620848558066,1.1638540889103033,0.6862836759872611,-0.9105192230292596,0.6780129595320665,1.2414750357603885,0.5991299738616745,1.1393555752887428,0.6443571349934606,1.1158678508829156,0.7095495791640515,1.1532343272141867,0.7638825322721622,1.1849970133331647,0.8105274456706285,1.2895965473445214,0.7039563143191134,1.3227021691355103,0.7807288683023564,1.3054744779404184,0.8325478216276049,1.275835044168132,0.8691984183761404,1.357034527838253,0.6952393784243106,1.3918866309957616,0.7695955178197417,1.3761852735159785,0.8236401694387407,1.3439871920423014,0.8628435031084228,1.393460564203224,0.6936496710559785,1.4203495523204417,0.761602440017685,1.3999729447216267,0.8072546298897391,1.3638519301023317,0.8411044100649805,1.409035048036642,0.6941701254295809,1.4359999853435457,0.751697610206369,1.4197496587207996,0.7945074119420923,1.3879825976484985,0.8250203993206021,-0.995763132298777,0.5330639869768838,-0.92397417322631,0.582995348389573,-0.8977066472286169,0.6431228105000494,-0.9005000986748505,0.7008964853124835,-0.8968575125381667,0.7466354625710071,-1.035491777177706,0.6594932331170378,-1.0425228084125437,0.7294283447616015,-1.0170613675646032,0.777927376866026,-0.983624693055667,0.8161900864356991,-1.0816472284880407,0.6628799657784563,-1.107930023072831,0.7281203252246252,-1.0955451427090397,0.7780867795152024,-1.0701625385199784,0.8140831640363391,-1.0978755053460394,0.6665620185045642,-1.1224101560820472,0.7239136339740899,-1.118988111342373,0.7718024549210829,-1.0992922027310754,0.8092697709161609,-1.0931154248820756,0.6683265153993005,-1.11950597456721,0.7192024151176092,-1.123078998946059,0.7573080165724293,-1.111923830462281,0.7887412471872516
-0.0408955844995859,-0.30481312575403635,0.04376014749190939,-0.35233944177316584,0.0914654954690572,-0.3506975658175841,0.12695342579319116,-0.3490094648018792,-0.1142984456394998,-0.35188605438405285,-0.16047582816692535,-0.34897251202520263,-0.20613673630153795,-0.34589820463424287,0.20271637434418333,-0.3143704637379832,-0.24384795006836374,-0.30580416922593806,0.05261894889673141,-0.23854172971233367,-0.12352483107461457,-0.23856586492071652,0.4999906969869692,-0.003050069914744789,-0.499990696986969,0.003050069914744789,0.8380292740713416,0.3451616717072372,-0.840250937236559,0.34483714178660896,1.1309449627251964,0.6802974483129819,-0.9732885049464413,0.6712583355237188,1.3642125446764561,0.8012391138765848,-1.048531037889142,0.7738782417112151,1.2334319796972486,0.8067351235324006,-0.9585661383178733,0.7794429753502228,1.138953162247197,0.7744974393454894,-0.8988089913203736,0.7495818592249206,1.1675879319322227,0.6550037499277483,1.0688811536819935,0.704259892238092,1.058422744288307,0.7740238711041693,1.093212466394787,0.8322167220145357,1.0925738143221413,0.8819704314174729,1.2231137024094632,0.7737766556646318,1.2603168497098303,0.8458529783937401,1.2460878356766019,0.8982123358022591,1.2193310113757876,0.9361922905847572,1.3084150930788994,0.7640879376056744,1.361772494382448,0.8334631623525453,1.358963721484787,0.8868334713709541,1.3413352777275227,0.9264062135496112,1.3560948669467203,0.7605851961766416,1.4006738676412076,0.8254174111060456,1.3966878098888424,0.8730177690356378,1.3774928643527324,0.9097137852750116,1.372595072086346,0.7596894663242857,1.412880600221147,0.8193597465161676,1.4144203017347385,0.8607778094577918,1.4007160824381109,0.8928311388326488,-0.963559307998839,0.5882659443929746,-0.8872769948303498,0.6453436668617875,-0.8712885784162457,0.7101600643664886,-0.8806331127331487,0.7692167375655861,-0.8731709029287664,0.817024903730068,-1.0026338757822362,0.7227692789968813,-1.0080566379503557,0.7958118282039608,-0.9896425347830986,0.8399041267772492,-0.9663340550695362,0.8750459446824547,-1.045513205405989,0.7238919070794578,-1.0663910937426917,0.7933357194524111,-1.0585227635788939,0.8384917398369689,-1.0423216091115184,0.8703318066925557,-1.0600618520145222,0.725468877050914,-1.0835134416412364,0.7877614408157378,-1.0833036376039322,0.8305924361260805,-1.0718873814751264,0.8645937631673638,-1.0567698860991996,0.7272528371146028,-1.082543815050965,0.7793782057232067,-1.087771881174448,0.8142980342541337,-1.082836253239468,0.8437680781893679
-0.03540713169705335,-0.31630424645859584,0.0466628582294794,-0.3657600656105123,0.09337241218362619,-0.3641378774844406,0.12861381125714108,-0.3625138519055817,-0.10969298370874522,-0.36504755795663696,-0.1557523861299412,-0.3620060788949594,-0.2017394911404995,-0.35880467076953254,0.20384250552959568,-0.32689235613117196,-0.24082578204754426,-0.31768798974989515,0.05729582922112133,-0.24798103805993105,-0.11825655072979568,-0.24773291126239522,0.49998932965684584,-0.0032665316924815856,-0.4999893296568457,0.0032665316924815856,0.8197502736518711,0.3779719181769031,-0.844848722379574,0.38169431483876803,1.0546830727518202,0.7472281264070385,-0.9400275632671315,0.7294811593329286,1.2649589537390322,0.887711285966607,-1.0141882514807459,0.852450708322364,1.1423775561500022,0.8915941063910485,-0.9117983128084269,0.8561863911813058,1.068961898879909,0.8550553683195105,-0.8565892179299386,0.8215386747128619,1.1202183122623977,0.7270066757986307,1.010438807984142,0.7745123215019565,0.9917978046752242,0.8441219588654589,1.0154668915815956,0.905900796477393,1.0081434964870906,0.957639509374909,1.1504076453044216,0.8572061774782133,1.1701261076023841,0.9403578418835322,1.1282501519594477,0.9866974117795834,1.0775061224048927,1.0181742501073727,1.2288197013503572,0.851430215312846,1.290388036206062,0.9297968699751982,1.286262532388871,0.986832252545661,1.268761307386642,1.0292471646307308,1.270928304108881,0.8492762966186571,1.3322372085467529,0.9206603480045263,1.330927802659173,0.972436092642831,1.3153264415737764,1.0129536227113125,1.2831005272354816,0.8479326946036325,1.3403567504295888,0.9098667263048258,1.3515885820551088,0.9536626961732751,1.3409206002108582,0.9888179736385582,-0.9434836595824373,0.6667852914376492,-0.8601466706635477,0.7209812440817677,-0.8394698300389772,0.7859247407633843,-0.8439368647233705,0.8477003274973102,-0.8330904150579446,0.8974128953406102,-0.9816288587713499,0.8126606682151,-0.9722653375317475,0.8902051334264318,-0.943152150571795,0.9332450621442009,-0.9152500327671566,0.9674670549360979,-1.0293344277186591,0.8146322550557877,-1.0251330378784376,0.8912359444400626,-1.0047228486600512,0.9346371446443037,-0.9806918370648334,0.9633931394217854,-1.0393779910066272,0.8157221472436538,-1.040280833368284,0.8831197741363866,-1.0271123764306922,0.926590514861498,-1.0054494113788213,0.960220989198432,-1.02765228754149,0.8171033463695554,-1.0362873204654288,0.8755661470706445,-1.0279801204126084,0.9114038262325969,-1.01353175423076,0.9402574886928455
-0.030598091134410997,-0.36764418912784375,0.04927488042059725,-0.42506634726692877,0.0948366186262696,-0.42325653071630703,0.13005676113529005,-0.4214831413385573,-0.10535429580114404,-0.4240126605945509,-0.1518954981580225,-0.42046064287486307,-0.1982203143884852,-0.41671601136243863,0.20422815497390365,-0.3801711255138492,-0.23892792163467103,-0.3693786955682582,0.06105362971160148,-0.2889220397753172,-0.11399242996766075,-0.28823663591361587,0.49999048285565195,-0.0030849722481797416,-0.49999048285565195,0.0030849722481797416,0.8045734961087476,0.4608427425561426,-0.8453262165837133,0.4670255388865266,0.9845165268290895,0.8900075560652466,-0.9055910642215683,0.8882117373720656,1.1600846235026256,1.0514709588909033,-0.9824043796634271,1.036042373073902,1.0643330194193852,1.0592475463579558,-0.8736610836932917,1.0421100759097737,0.996792920496481,1.0125809816975126,-0.8255675403798173,0.99756823866296,1.0628628177620894,0.8909323969621178,0.9490124157792214,0.9364532656416257,0.9303369379241041,1.013952444291439,0.9478990982302201,1.0801745888082406,0.9376386364023821,1.1377141324886704,1.0827198075818052,1.0471157424740922,1.0949818629361734,1.1393447600922881,1.049823695784859,1.1901180178058588,0.9975399116334894,1.2212792130804155,1.1537528594431183,1.0485656258132126,1.2134817252029966,1.1422487834289319,1.1967417447485227,1.2066261576809179,1.165013156318104,1.2510175384249478,1.1877834465436488,1.0486818653311412,1.2338094313478127,1.1354882275791536,1.2125635485970903,1.1911160404837355,1.1805878865532369,1.231134359589188,1.1934734836666345,1.0472075880650187,1.2339785185269998,1.1225489683397636,1.2250537929574972,1.172023454087521,1.1993660057467026,1.2072219261397095,-0.9289616838762175,0.8248757709701412,-0.8273085525529003,0.8804243445413746,-0.8047542987388195,0.9558485659373473,-0.8048642403767864,1.0289854883122214,-0.7977582511283999,1.0881962615687284,-0.9577058049081199,0.9927323472818694,-0.9405483522299548,1.0943448409142573,-0.8836107363577327,1.146058820134895,-0.8327311451665099,1.1789680285544142,-1.0116379267703497,0.9969495497358443,-0.9965841843846354,1.099294679766444,-0.9342780505732231,1.1543439145634773,-0.8741153197012888,1.1862421666122798,-1.0234901599155972,0.9983820790060908,-1.0122620368161757,1.0906016010016955,-0.9611008376600294,1.145486135862058,-0.9057528511011369,1.1798054442363926,-1.0098104038610696,1.0009902645837248,-1.0078672564458562,1.0784688148120465,-0.9773387585868499,1.1261126100112442,-0.9412482629915795,1.158737113470654
-0.026179485696546507,-0.30312379919606475,0.051562893413361885,-0.3499684843187102,0.09592615207163646,-0.34855336825695743,0.1313629972074252,-0.34722538988373625,-0.10229433924776273,-0.34898396249628577,-0.14957152888861547,-0.3460621017418397,-0.1960987956934257,-0.3429854710467633,0.20382142018924182,-0.3137073417581363,-0.23830808942469964,-0.30426188443727825,0.06495111637959075,-0.2391834369024271,-0.1103765110029234,-0.23804789876287832,0.4999936936280936,-0.002511241154488824,-0.49999369362809376,0.002511241154488824,0.772980627110739,0.3925438919062468,-0.8418852786932706,0.3938665079601737,0.9374564247874397,0.7527339622346667,-0.8745423789926997,0.7387080117726595,1.070760514333901,0.8794202301991475,-0.9342795797839107,0.8616277866648587,0.9995067537021916,0.8905010608467697,-0.8326990077818657,0.8721066969717013,0.9398896785498504,0.8534487751033203,-0.7936797899042037,0.833402950943605,0.9798161048147036,0.7445550847311107,0.8740295634700207,0.7796344391482228,0.8692980717486842,0.8459518505560106,0.8884233310425376,0.9039281743015913,0.8813639083653895,0.9507845224687018,1.0171903306649173,0.8733928492544273,1.03738261653508,0.9518593993712344,0.992578329540714,0.988299174193298,0.9376609571365735,1.008302636030589,1.081924033174667,0.8754451429063195,1.1424483167141992,0.9535268125557818,1.1226710341416808,1.0019355521585778,1.088765823651114,1.03563920356075,1.1063783120860025,0.8767617263510403,1.1518009120743338,0.9489650875321626,1.1303229194390352,0.9922289498880897,1.0977512738379955,1.0247215214776553,1.100219111208543,0.8778864728230095,1.1262488656016778,0.9374272532226878,1.1069795079405869,0.9718554880194956,1.0767373652775467,0.9962081929783709,-0.905425759389948,0.7118942703736879,-0.795605599083078,0.7497427264743513,-0.7754689002497315,0.809792390975054,-0.78154330142138,0.8678618850183724,-0.7721921907110896,0.9155835774615926,-0.9279930920153915,0.8407321689549869,-0.9092335369111189,0.9271143066980023,-0.8426021462371923,0.963870190242462,-0.7847128541742034,0.9831030867971691,-0.9815576864143734,0.8452335678865458,-0.969674374396169,0.9358689632357785,-0.8960134287066674,0.9747310317410376,-0.8259906611267152,0.9929271238602012,-0.9950558171352497,0.8468891839686457,-0.9809337404842339,0.9284361184040352,-0.9176559118114762,0.9654416179116423,-0.8536636172342509,0.9861496885041976,-0.9836759760789396,0.8476346804085289,-0.9712441732756224,0.9126588344605258,-0.9272245237239518,0.9463001489009023,-0.8782805526358776,0.9673622666248606
-0.023756674757247093,-0.36265299667282597,0.05349432626964918,-0.4182033329814974,0.09736821269886214,-0.41660184491841645,0.13286773613675743,-0.4151711673632834,-0.09992132102886668,-0.4169411533737473,-0.14760199013428613,-0.4134668899702561,-0.1944111302640094,-0.4098007637833276,0.20469726803848726,-0.3756444037234082,-0.23712853791314797,-0.3637740303426359,0.06707987363929166,-0.287096140711008,-0.10834598469052487,-0.2851939400309933,0.499978271208519,-0.004661364536342613,-0.49997827120851884,0.004661364536342613,0.7264771247549665,0.4671155040597195,-0.8289061874502233,0.49006583356879885,0.8757303915827834,0.8928776804787222,-0.8460609865527965,0.9094553905050023,0.997853956931283,1.0480372569827734,-0.8864244800195815,1.0490129980543192,0.9377079783019354,1.0629893166752402,-0.7978894056100149,1.0636015870207234,0.8772835994346602,1.0141558523997,-0.7665897261629159,1.0216654542458619,0.9350444879453494,0.8935057400308223,0.8273233318942138,0.9408460876159711,0.8192069344934982,1.0214991093721086,0.8316808021175885,1.0878327561090093,0.8235371585204385,1.1393674506115476,0.9551836188330366,1.0496458422144852,0.9652199998068635,1.1447351429135997,0.91740240109885,1.185942101419238,0.8592312477456937,1.2071495576968927,1.0149119971054927,1.0508225368247937,1.064577272173003,1.145668779434167,1.0408991048856104,1.2018737298697035,1.0037911825825478,1.2394091396326052,1.0368722567766633,1.0502815571394906,1.068522556347752,1.1363694151975363,1.0387655181186564,1.1836793007779995,1.002144534249309,1.2174356676036207,1.029249609358772,1.0501153717526728,1.0500374093077285,1.1211661635816164,1.0331435449325481,1.1600669409995532,1.0067529838590716,1.1846528090324484,-0.8803467006722865,0.8705000685551155,-0.7784562306581521,0.914386726551456,-0.7595885016098595,0.9845638489475899,-0.7633169514713168,1.0508410373093147,-0.7597516294782565,1.1018465541597788,-0.905031099685376,1.0256929778286916,-0.88121194206419,1.1211510123227413,-0.8185859919302025,1.160820197796041,-0.7660520504210964,1.1823367397547446,-0.9558188394511938,1.0309220759837716,-0.9390591538606984,1.1317278669129327,-0.8637815808691508,1.1716625981338826,-0.7957010644675332,1.1897122130881292,-0.967640588575684,1.0311721514986758,-0.9481849704427838,1.1224337657451744,-0.8850943940647894,1.1600278667003494,-0.8250273595430598,1.1797763364918155,-0.9544936001755752,1.0300031122612727,-0.9366036777345841,1.1028902366658588,-0.8913319391697033,1.1373977869578058,-0.8456762213557106,1.157600475541649
-0.02190902658093555,-0.35514709504995834,0.055067714367702476,-0.4091910450209634,0.09847728246557692,-0.4076399629902814,0.1342240897219208,-0.4062839865999963,-0.09760087252378523,-0.40793574564047486,-0.1456024935494182,-0.4045545914480067,-0.1925146465047944,-0.4009769257298224,0.20530328391754532,-0.3679299511045187,-0.23604972774840124,-0.35622525288023854,0.06853061398544746,-0.2819885720708051,-0.1069915775559003,-0.27971135027280086,0.4999826634218169,-0.004163685582034779,-0.499982663421817,0.004163685582034779,0.6935722889967348,0.45658859404111907,-0.804346150210901,0.47764063322848566,0.8232957985146298,0.8755919375420957,-0.8275104391738584,0.876455775965951,0.9253116264886414,1.0307916793655216,-0.8598940963781991,1.0148501895226127,0.8616993297833494,1.0435500886364775,-0.7738922358014093,1.0281651731704577,0.8094664843031546,0.9911391525683627,-0.7463132095960585,0.9845486746113181,0.8494781200203931,0.8857343066531409,0.7601214885724004,0.9346344346604692,0.7569272750249626,1.010943546639756,0.7678334771011307,1.0731788093178365,0.7631790167330395,1.121987867198382,0.8956744639993093,1.0402446960417615,0.9014375947269905,1.1288231254104324,0.8493983432365272,1.1630020720318426,0.7903680618986605,1.1796057338600539,0.948088160131769,1.0410269931171083,0.9906315304144515,1.1287087800711446,0.9618368247280449,1.178154391582289,0.9203279341416198,1.2103749399541737,0.964494072439221,1.038695879048538,0.9956435024966728,1.1162256119037752,0.9658146662465422,1.1599035007885161,0.9266631185251627,1.1902323523587937,0.9540644362710485,1.036432559894245,0.9798311154958822,1.099965923350307,0.9648451252014845,1.1358203728531406,0.9381115234255926,1.159599360931148,-0.863084905883437,0.8727106536853124,-0.7625987584626447,0.9164161916479959,-0.7394175802133875,0.9843804370014642,-0.7402895387153795,1.0479403560691094,-0.7349033838405616,1.0962970312958602,-0.8815432810712036,1.022437283961429,-0.8483875172694032,1.1144581016386896,-0.7892812123224038,1.1511621745027076,-0.7425881400316923,1.1735501171621918,-0.9314794018224526,1.0260602504287848,-0.9069384832805744,1.1220475392197045,-0.8370401862373723,1.157538957891247,-0.7752720948562636,1.1740999745314453,-0.9425964799487522,1.025018176988362,-0.918961647613999,1.1115151150373452,-0.8593216935898044,1.1456656315334133,-0.8050416222172948,1.1638104560903328,-0.9301396930089313,1.023427183435565,-0.9107419767402398,1.0919942411719732,-0.8662562076083752,1.123518720101417,-0.8236965590213261,1.1420881220247088
-0.02041278456154216,-0.3639913154366169,0.05637997230514833,-0.4189901260022623,0.09944066910945941,-0.4175273554299255,0.13544982821416912,-0.4162556389696127,-0.09569561953106544,-0.4176655750225102,-0.14389357603104452,-0.4143050109605716,-0.19071241119579865,-0.4107218844920116,0.20582960542815382,-0.37723658471280486,-0.2350133137285217,-0.36523264603521877,0.06965077568313115,-0.2899899566252297,-0.10568637412758028,-0.28718018641541243,0.4999879402989391,-0.0034726870899141385,-0.4999879402989393,0.0034726870899141385,0.67557552213952,0.46948036418449524,-0.7857095952951558,0.4918235132215528,0.7861940547480608,0.8953060663781608,-0.8231209119914967,0.9064824513233457,0.876272099911535,1.0551802755979238,-0.8503941816639989,1.050001049564876,0.8051092644968352,1.0698701961727106,-0.7628213293846947,1.0635906652158618,0.7597206841758438,1.0156929263061463,-0.7373008221456417,1.0196700267178396,0.797529812587926,0.9111307666011174,0.7017194044382915,0.9667928548288588,0.700833730186312,1.041375633875411,0.7114984697998009,1.1000795152253482,0.70005869977192,1.1471450503235614,0.8321007763210967,1.072057497173231,0.8300798683727382,1.1549979114920594,0.777886517523042,1.1883384976026958,0.7213358238707016,1.2014018525775063,0.8844923785895611,1.0708059845048739,0.9166005570924003,1.1573059542016475,0.8808727195431958,1.2039282886572804,0.8367233851065999,1.2319714725866844,0.9041684828681145,1.0674162371878881,0.9316334595683604,1.1449163796537987,0.8956080703739098,1.186057393282382,0.8530150793814814,1.2118985242361868,0.897348354835139,1.0645625317479455,0.9211734285061173,1.127919378454755,0.9030786236161715,1.162878833482718,0.8732533032197641,1.1828958205364497,-0.854302230208176,0.9071308968365854,-0.7587909443576334,0.9514312383453277,-0.7364249208509256,1.0207940630798105,-0.7326182667383544,1.0863422194760206,-0.7228277705071888,1.1362795792879146,-0.8688228813840135,1.0616866983453845,-0.8357213952114791,1.1538802890322966,-0.7719573865134125,1.1884446476842399,-0.7199690932491501,1.2076845904854592,-0.9108561524267551,1.065218032553614,-0.881219179604032,1.157371215656615,-0.8068130312561479,1.188586394923039,-0.7422231640400658,1.2006530294947095,-0.916581883763344,1.0633005964885,-0.890696984832048,1.1460819460325673,-0.8259959502270968,1.174976735827653,-0.7690721826570879,1.1880577290335357,-0.9024603968107261,1.0618622789183316,-0.8870450401232954,1.1278215664460813,-0.8395660504212656,1.1569961627249958,-0.7938778242499004,1.1728757018118317
-0.018716867893728936,-0.31575666070812686,0.05813866285994294,-0.36293496822840654,0.10074652829737298,-0.36190414813604954,0.13688204819666866,-0.3609824319781844,-0.09362834235632238,-0.36148296105433025,-0.14205844334184867,-0.35862421545146406,-0.18876354399594722,-0.3556431538379087,0.2067134981948198,-0.3274554674200776,-0.23306234020226557,-0.316826838880103,0.0712189351109201,-0.2521017120367601,-0.10387247601116661,-0.2493413616329417,0.49999091474886675,-0.003014161341291603,-0.49999091474886703,0.003014161341291603,0.6650885294365055,0.4105611651317725,-0.7695403187124853,0.43129285972804426,0.759235190955908,0.7712420836236874,-0.8088545462235728,0.7979648289402175,0.8338097165736444,0.9084394815689737,-0.8297196699475375,0.9273548633743411,0.7625539671656071,0.9186935825173782,-0.7467012515875929,0.9368396042646077,0.7225700679847116,0.8738209213680026,-0.7228882829268939,0.8987141418174311,0.7694680842691474,0.7877500860714322,0.6701309989611668,0.8334724923320195,0.6572955744614305,0.8987653212283847,0.6548303671382629,0.9505211959275479,0.6357777267144963,0.9916342564891352,0.7739370349686602,0.9274454008649138,0.7718398834822331,0.998473939724715,0.7204762276066643,1.0255486825660367,0.6652333468609049,1.0355409062567635,0.8247906058848831,0.9258503555816917,0.8534498173315266,0.9986536239609974,0.8165907331168208,1.0374591606461159,0.7731772227299348,1.06016042811718,0.8452766076993644,0.92254219077639,0.8671693077686607,0.9877725752284124,0.831809284305679,1.0216458352573732,0.7917640424853266,1.0423718277997072,0.8398998904972088,0.9194704525977757,0.8580522579794028,0.9735406658232358,0.8391407753339318,1.0028792631523324,0.8108269647719566,1.018867127021365,-0.8349188071792204,0.7908507517431941,-0.7449407004082983,0.8332453836959133,-0.7235631390953491,0.8924833266828145,-0.7222705869452051,0.9474701798473902,-0.7124509722384195,0.9895877754234265,-0.862556323854628,0.9278227099462096,-0.8309612048883036,1.0034770052943927,-0.7691874242667468,1.0312798030714254,-0.7170543713650374,1.0476231413274066,-0.8967951885933345,0.9271181585986812,-0.866555663538016,1.0007574037150564,-0.7929211005951936,1.0274336981531667,-0.7254702503876639,1.0381556456734395,-0.8959282881388527,0.9227514978782515,-0.8667423054893176,0.9866459328150039,-0.8017730003107767,1.0106755007045922,-0.7430507545988996,1.0222954521828183,-0.877756881783475,0.9204101789016149,-0.8598078860633437,0.9700785455616148,-0.8106949561089215,0.9931315324084978,-0.7622499551356863,1.0059334779456746
-0.01579340735558824,-0.35351870483346703,0.06136258830591053,-0.405773595737005,0.10330061458886475,-0.4048223387466329,0.13988241512824146,-0.4040011281999901,-0.08997451685572737,-0.40384862769403423,-0.13922762961633123,-0.4006991336047735,-0.18594220542028844,-0.3974849281556235,0.20892573519200042,-0.366668053162964,-0.23120946621916927,-0.3547366038127804,0.07362276222209725,-0.28239795762640774,-0.10164698893421902,-0.27917385055953975,0.49998600808619753,-0.003740550498080573,-0.4999860080861978,0.003740550498080573,0.6511378262204843,0.4590973155956295,-0.7609366156261567,0.486776157426623,0.7413760979383568,0.8531456807136643,-0.8036750661649772,0.9050549505829985,0.8094500632714542,1.0030794066812694,-0.8228292434698193,1.0503060689904244,0.7407284656920975,1.0176966893288326,-0.7413402443751549,1.056316896703704,0.7051266625469123,0.9673220922402936,-0.7169412403540082,1.013582450218765,0.7479103444057335,0.8856696101940047,0.6529346916580449,0.9382995930884188,0.639431070807836,1.0079650363874144,0.6412609110553487,1.0657649111785232,0.6353742968342313,1.1117160580084153,0.7534433081518597,1.0304025699293535,0.7261312675467506,1.1148653961666883,0.6684844954242365,1.1466272909102124,0.6124981532822317,1.1592452264336792,0.7996471233413439,1.0297454767472491,0.7978448493370716,1.1197252972598655,0.7494976715006868,1.1613546608350813,0.7001321128934467,1.1834008075979312,0.8145332436310349,1.0263856317556013,0.8117171250731495,1.107438871016217,0.7654311345636253,1.144599720277345,0.719261864413139,1.1659705299325314,0.803192002646165,1.0228689201903425,0.800989320235329,1.0874282473666066,0.7700292886180874,1.1192479925065617,0.7355868379180509,1.137081507706115,-0.8241778957498798,0.8920534248298269,-0.7373041450839807,0.937695204580152,-0.7175810214550405,1.0040003350945368,-0.7136307613516788,1.0643777491120778,-0.7013300231851539,1.1096103659507177,-0.8528238023115388,1.041131401537017,-0.8221675663970988,1.1243260410515101,-0.7614231249253738,1.1541751303691028,-0.7092907355052827,1.1711789367831842,-0.8853139785159988,1.0400629624093995,-0.8536009784540393,1.1209442097905988,-0.7800156836416628,1.1490956784452653,-0.712890223886903,1.1603503093434024,-0.8842989999080749,1.0352654337112965,-0.8544424903699256,1.1058460359770153,-0.7889611040431191,1.1302791742993463,-0.7298934491044586,1.1406398528450856,-0.8661495511048884,1.0319879202811464,-0.8473772011629068,1.086457888830243,-0.7972806573175835,1.1098618826338535,-0.7476163626344657,1.120977267159988
-0.012940040765810347,-0.3150340562936477,0.06409239087997158,-0.361208260227722,0.10535328388341701,-0.3605087441041522,0.14235372249981437,-0.3599453496599245,-0.08642715886362787,-0.3593826529177949,-0.13644806866625295,-0.35662386905163934,-0.18271669413221808,-0.3538353630761041,0.2107449053939381,-0.32682968704521514,-0.22931498825950222,-0.3161533099994434,0.07552591136063952,-0.2515610963091257,-0.09927489240426901,-0.24861442126794783,0.4999831767476192,-0.004101581324187263,-0.4999831767476192,0.004101581324187263,0.6482406318331673,0.4107395275770854,-0.7542023399717918,0.43681307360489297,0.742171486075648,0.7469663548711788,-0.7930245145112207,0.804129227310141,0.8013902825232417,0.8768062036027832,-0.8066964633698825,0.9329440121191952,0.7387485210825201,0.8902322246172252,-0.7274225031507487,0.9382201749255586,0.7085665910061124,0.8475002037544099,-0.7050759456917866,0.8989137318240672,0.7575730819557888,0.7990678172095773,0.6655451363570538,0.8383371425594491,0.6466397084161344,0.9009451612529382,0.6469114776542868,0.9544379811153971,0.640400019448919,0.9971102786786139,0.7579842289908854,0.9292361440889741,0.7297668621475982,1.0047545819463986,0.6681173378803618,1.0329544448884207,0.6149955340840644,1.0446614674735275,0.800873641516523,0.9283440621863246,0.7692871046192796,1.0061819408987216,0.7015968278644262,1.0334591625861969,0.6425464025900838,1.0437283606875087,0.8154035148596344,0.926199605017559,0.7872217784306038,0.9968814323904323,0.7239961323091992,1.0252924199873439,0.6660306880807447,1.039192878428504,0.8078297812645228,0.9252482184365698,0.7884602846438026,0.9841500435848732,0.7417668014196078,1.011721276936494,0.6962335772243622,1.0262029212253836,-0.8182249546238443,0.7996834695409538,-0.725501691970428,0.8374930625611499,-0.7025652240989602,0.8973232501212048,-0.7015259163537002,0.9528819658961816,-0.6915462565018105,0.9945993883679184,-0.8394863127133018,0.9309173270645915,-0.8077129781295521,1.0068842478306839,-0.7462040979362373,1.0327297848128276,-0.6964633409986483,1.0474997196086584,-0.8793489739455211,0.9299235201960367,-0.8460888555315849,1.0040843693109494,-0.7716924195699306,1.0279605723509544,-0.7082643437910593,1.0359121436227487,-0.88169905302113,0.9252775219246906,-0.8486944605682584,0.9887734363082405,-0.7821815594139089,1.009412999315091,-0.7267113794662134,1.0171703303227704,-0.8656879849324212,0.9224036869825558,-0.8436753752776668,0.9705969012481547,-0.7918970476895099,0.9901794455763614,-0.7448880431743627,0.999074310084807
-0.010551194009361773,-0.33548298502918833,0.06626846923723026,-0.38422379864860945,0.10695928378517106,-0.38349125513150517,0.14434819547208913,-0.38299966910926236,-0.08305868632139686,-0.38225492521267146,-0.13390151195309272,-0.3793434236762736,-0.1799016689564467,-0.37643765036682986,0.2116536497503147,-0.348013146724773,-0.22784352085974996,-0.3367013119490234,0.07685659552514225,-0.2678979413670489,-0.09762222751935438,-0.2647770247803161,0.4999817656332047,-0.004270132820329515,-0.49998176563320457,0.004270132820329515,0.6558909866364333,0.43737549580780366,-0.7495584917989722,0.46645420760355355,0.7426855082642306,0.8033955099441864,-0.7847978662949505,0.8601007908065427,0.7988257148332274,0.9475182952498195,-0.7931988682857387,0.9964611590563489,0.7296156725543049,0.9585856760804888,-0.7168377153483823,1.0036726248287722,0.6983657262797367,0.9130008923351036,-0.6967292683675212,0.9619503026867234,0.7595112606613287,0.8517256766443007,0.6631803532359648,0.8926331027077102,0.6484837510628051,0.9600930180875537,0.6498290289538264,1.0179753380001408,0.6416845447748127,1.0626394394496306,0.7753748529883947,0.9894560582393888,0.7422721810617322,1.0690550536382233,0.6805961489863549,1.0992984553196017,0.6282026042073052,1.1152227774668855,0.8205050496525655,0.9880497413258782,0.7781693080883447,1.0656371619605713,0.7083648569385711,1.091261529725325,0.6498962579242369,1.1032128429283141,0.8335422312911489,0.9837575883084264,0.7936726579064313,1.0528538423906386,0.7288854087770137,1.078098064184802,0.6711416602981977,1.0897643051061272,0.822048871282176,0.9797536320600679,0.7936061274188302,1.037297168264227,0.7417675272318969,1.0622905383533354,0.6923358988063653,1.0744614583870844,-0.8069144076978353,0.8489533635836316,-0.7096734644820953,0.8914440120631084,-0.6845837873455657,0.9580402298463659,-0.6802805220668295,1.016908995075984,-0.6723522183173439,1.0602069515931998,-0.8196128251738304,0.9894152911176894,-0.7895172527074228,1.0708178596889293,-0.7294502194388136,1.09738909592994,-0.682427308981707,1.112380535401842,-0.8668760137173915,0.9887096033139674,-0.8354796479838902,1.0689384061075216,-0.7605051143888399,1.0922696976692468,-0.6992915652436766,1.098073656247234,-0.8744896073060395,0.9839749633624508,-0.8434660131169124,1.052987451424529,-0.7768765037183839,1.0739005385009295,-0.722594523353606,1.0803539441089076,-0.8618182996940867,0.9807124033455803,-0.8419526627998646,1.032013957591158,-0.7909822330899153,1.052562818704347,-0.7446136700597467,1.0610709467600168
-0.007589039313578515,-0.38855719473198475,0.06908227293351904,-0.4439666084737367,0.10911166631581955,-0.44307930611039015,0.14690287883359415,-0.4426656401053446,-0.07947026042339085,-0.4419758516104898,-0.13116516769776035,-0.43869801879161935,-0.17692697524513698,-0.43547791283077464,0.21282079699569886,-0.40281935277202485,-0.22635096695044882,-0.39012850427555573,0.07866786734590561,-0.3104239355382651,-0.09548320495492867,-0.3068485807366251,0.49997608479764666,-0.004890258726939607,-0.49997608479764666,0.004890258726939607,0.6533716085743652,0.49838439732396106,-0.7498489883290632,0.5403765878444893,0.7444889641627416,0.9246138030792687,-0.7763980558000477,0.9863249360564151,0.8031245890158679,1.0819404592510196,-0.7744908882677483,1.1419042545973415,0.7414094577454741,1.0949107954801425,-0.7008146705464989,1.1502636903997616,0.7115313144698707,1.0434180929680572,-0.6828674105010363,1.1011661779102158,0.7694371736432996,0.9955163634359417,0.6705429251836045,1.0389523294250604,0.6547434982181597,1.1136258601097477,0.6523820602795032,1.181288295625065,0.6435211685791795,1.23460392429956,0.7885284024964693,1.1528212749616202,0.7583028348901011,1.24397137976634,0.7000224906968276,1.2801681043788837,0.6506585562627637,1.299752782274832,0.837054677664699,1.1510860176897248,0.7994373518973977,1.2429566296162908,0.7296766413008875,1.2737054575048972,0.6693545244702794,1.2855102116739128,0.8536172160621907,1.145876104036692,0.8154873084681932,1.2279635235727588,0.7498960390110436,1.2570711484125612,0.6914402368014793,1.2695104665784696,0.845530260069546,1.141486619331505,0.8202227544720463,1.2092919482352986,0.7708417106990806,1.2375123570000324,0.7233582322784181,1.251115531460487,-0.7990869159738158,0.9848012576423362,-0.6992928996022212,1.0330774783012555,-0.671952612499565,1.1089920070010795,-0.6690009023687896,1.1775088690458004,-0.6595673715705218,1.2264798829197023,-0.8088636810606684,1.1474805482790402,-0.7742864491263785,1.2404903380526255,-0.7166834077930058,1.2699909197107377,-0.6723266610566824,1.2870483865187066,-0.858491326274441,1.1488349290915547,-0.8225557350408965,1.243149570206045,-0.7506304311956481,1.2686106524148035,-0.6916022517657758,1.2743103383341357,-0.8677744956632258,1.1443315438593213,-0.8308297589583727,1.224209120594133,-0.7673760220608821,1.2473145328117061,-0.7152079891903452,1.2536332508378794,-0.8540171905052975,1.1397101162626946,-0.8262150821911056,1.196203397065226,-0.7777345046704023,1.2189137815458155,-0.735307097772915,1.2291375618841167
-0.004253179985946896,-0.2926417403487478,0.07266870650673318,-0.3338659029693724,0.11197415452179599,-0.3330716220519196,0.15067398019729353,-0.3327347313259284,-0.07571399959869836,-0.33284188536167364,-0.1283540409840328,-0.3304728437366408,-0.1740241925524454,-0.3281679903736036,0.21440666105588527,-0.303013678131901,-0.22494251870083287,-0.29424560060309457,0.0806307564237263,-0.23384509706179488,-0.09360733140345735,-0.2314275561921508,0.4999867240373049,-0.0036435952634517764,-0.4999867240373051,0.0036435952634517764,0.6591773119923358,0.3676440969991915,-0.7503716168865875,0.4066054606353277,0.7433291640243719,0.6925424245402793,-0.7683874860454779,0.7388656480101232,0.800642108539253,0.816981070267697,-0.7612789240626707,0.8558065058196072,0.7361288516525636,0.8272800964347902,-0.6909867881120989,0.8628215146797727,0.705942101519257,0.7883372211012977,-0.674414592136795,0.8258851409803866,0.7795215527381033,0.7527961934542583,0.6775551242257072,0.7842362030965557,0.6624853844778935,0.8425524760130566,0.6625101535943158,0.8942292348921007,0.6529726483285457,0.9342443015796172,0.8015423438199258,0.8732680566700729,0.7711387767027255,0.9448961678887148,0.707589247761341,0.9713106141947674,0.6546836360960561,0.9847094256389226,0.851068715397538,0.8710350082289233,0.8152461191261681,0.9446943589514061,0.7393207534934928,0.9654196160157542,0.6773588900286993,0.9713056666208204,0.865642375095316,0.8664108493789513,0.828529866035615,0.9310385340606396,0.7588293979928212,0.9498113222063544,0.7004271356465505,0.9564957550072769,0.8554087181137608,0.8624198497948712,0.8312127799771054,0.915084821470156,0.7780776179089206,0.9338201122133257,0.7308383777012337,0.9413100881723959,-0.7955570699883908,0.7413008959865247,-0.6947654738096809,0.7776202551350038,-0.6666533116071405,0.8344351997572423,-0.6635850809179256,0.8871915713512308,-0.6551459638642068,0.9261697306989237,-0.803973075014462,0.8662512250195058,-0.7666466706800222,0.936733321872863,-0.7071371241714354,0.9588192919719295,-0.6613227186644225,0.9713719380718463,-0.8540763315236778,0.8667518413833458,-0.8155695130828371,0.9384240901695668,-0.7438215810360638,0.9594723717329233,-0.6841884505909613,0.9652718397939184,-0.863469757281245,0.8630810019133575,-0.8281609893528399,0.9254275946068852,-0.7658902532619561,0.9461028551345065,-0.7132761147906269,0.9533192823340376,-0.8497832069767401,0.8598153427097591,-0.8245471403807445,0.9061547108945879,-0.7775305169676632,0.9263918507292777,-0.7360734700014084,0.9367541537631657
-9.130513659770631e-05,-0.3247971580177767,0.07661650987073579,-0.37030666617629276,0.11519397556191178,-0.3693276600433748,0.15495335488198436,-0.36884556657070033,-0.07111920881249222,-0.3694535147046323,-0.12483973595625675,-0.3668654339565905,-0.17054884722613003,-0.3643284613334821,0.21624245056249733,-0.33590641619548495,-0.22356428613469917,-0.3267337728225373,0.08278222028773644,-0.2594845887888859,-0.09158628323487729,-0.2569303391617336,0.4999841400656998,-0.003982421720853448,-0.4999841400656997,0.003982421720853448,0.6626869312931889,0.4069381074952468,-0.7497705121715389,0.4506547108240625,0.745801439549421,0.765223267993694,-0.7684998268090222,0.8188243417198127,0.8015393920205287,0.9042406930936508,-0.7583854306038386,0.9521021870411812,0.7389469329397284,0.9166565698826338,-0.6867830364024431,0.9596330812976333,0.7099186951129834,0.8721627182379993,-0.6706469444661328,0.9175542512057214,0.783858953852033,0.8357174926613768,0.6780669679094663,0.8711639772845624,0.66403751547977,0.9353142884757174,0.6687649957489136,0.9943086790123467,0.659997785924655,1.0398491267429582,0.804518657718137,0.9693842512955342,0.7786364394358017,1.0524084243521221,0.7164637400383297,1.081832535724669,0.6629836729871315,1.0936737171908506,0.8564604771626861,0.968549172003836,0.8260778217275943,1.0538365603014632,0.75394763504766,1.0798532705751975,0.6936740476421305,1.0872539005584811,0.8737223753729612,0.9649905429030986,0.8413334463829351,1.0406185678770334,0.7750832059520241,1.0669322402119081,0.7171683926574153,1.0779436917516605,0.8656094609455046,0.9616215994032455,0.8412682782129207,1.022414244134844,0.7907510976936055,1.047666284330013,0.7437641501274747,1.059539995720127,-0.794578333710398,0.8230020514173388,-0.6948293886883341,0.863788648353226,-0.6671608829864742,0.9274842634965293,-0.6646127901142683,0.986666893859646,-0.6530760201876215,1.03051376146163,-0.8057044047687992,0.9651148795012393,-0.7650694370681859,1.0428146991860527,-0.7056441684747283,1.067259274380506,-0.6602915654290512,1.0822908462085132,-0.8562342617169075,0.964845097998762,-0.8139386382828133,1.0439010540679468,-0.7419486764285984,1.0676784043781917,-0.6810777722134184,1.074286316259609,-0.8650729561447712,0.9591370361020278,-0.8246579310179564,1.026377690066737,-0.7616101224176642,1.049157456043063,-0.7080936378596933,1.057554224585869,-0.8519643090478046,0.9544507029716427,-0.820614237356243,1.0032357576039665,-0.7714736908668701,1.0246264235396698,-0.7291451348548809,1.0361488117513165
0.004132712623124021,-0.3233032306782944,0.08021578833615477,-0.36832039536556366,0.11842152725458992,-0.3672593403325251,0.1589370509941991,-0.36667939687571455,-0.06669218539390989,-0.367821766541355,-0.12115522245248052,-0.3653112493472113,-0.16701067616652904,-0.3628229350846646,0.21758277491213052,-0.33407100371586507,-0.22239118448199888,-0.325458068442245,0.08513589990095617,-0.2581969544044986,-0.08940477925835502,-0.25576457999558583,0.4999866615056999,-0.003652165985381632,-0.49998666150569976,0.003652165985381632,0.6650122112603335,0.4059696469597692,-0.7487479619153747,0.4494548093668472,0.7470401315704013,0.7652341297313772,-0.7703962090237382,0.8191801889428818,0.8033281859460263,0.9083729695399427,-0.7635761187875281,0.9543654772937934,0.7393947699312547,0.9202852748663612,-0.6894095637404793,0.9625945469480826,0.7089334704931459,0.8773512930274342,-0.6717567307002836,0.9199032114330367,0.7860327470517378,0.8300492448340036,0.6759457731680856,0.8676526488162101,0.6587931178059012,0.9331711931607952,0.6669679973976443,0.9917658830442562,0.659014258154404,1.038065915818213,0.8023520341399577,0.9665635372333626,0.7798288025818092,1.0524214086695818,0.7123675885665111,1.0804622695277561,0.6555324294861649,1.0918888496817707,0.8558913313963175,0.9649509411949719,0.8258244279340818,1.0533976167854462,0.7478512116832569,1.0786099106630942,0.6847424576295165,1.0857011521604787,0.8727876729057488,0.9605022810822689,0.8384485816871997,1.0374612463693966,0.7675539461035708,1.0635194142709372,0.7075986185942298,1.0741897971767302,0.8641668559655682,0.9563829163966275,0.8394106292663165,1.0185952423815905,0.7847187903038616,1.043653701661745,0.7362096524077785,1.0544202492128316,-0.796006699147994,0.820710172774746,-0.6954890949985928,0.8625650056331319,-0.6695828514239968,0.9268608028161979,-0.6673841591558503,0.9858167949501914,-0.6541674537445001,1.029212424756479,-0.8110826812177904,0.9647222798344992,-0.7681069711010866,1.042504483689281,-0.7089610695051439,1.0672583014469395,-0.6651108537858665,1.083247728219013,-0.8613311227801005,0.9634412860212581,-0.8187738815945302,1.0429750704992324,-0.7466353750821376,1.0674409710205328,-0.6859996492170681,1.0750477818905848,-0.8693774971929497,0.956892142074553,-0.8292794846900514,1.025301969472682,-0.7650483563045295,1.0485167203810046,-0.7111218022489016,1.0571881185686673,-0.8554631549262635,0.9517397643701303,-0.824367078212196,1.0015853458053392,-0.7743056047201261,1.023514777654006,-0.7319516559415458,1.035081351616986
0.0073556139567073735,-0.318518037812112,0.0829425578048298,-0.36253833408050234,0.12088439621327972,-0.3614226879449351,0.16191194459757755,-0.3607671028041775,-0.06325744562917987,-0.3623922062564133,-0.11815408785117926,-0.3600014242784423,-0.16395448260761744,-0.3576114951866041,0.2186859834585917,-0.32868557769678464,-0.22083447269562057,-0.3208553011852488,0.08705874993587027,-0.25430530698008974,-0.0874486574045106,-0.25213350351671915,0.49998866402678843,-0.0033668746200562743,-0.4999886640267887,0.0033668746200562743,0.6669100851978821,0.4024021608544602,-0.7479602532655386,0.4425998214755709,0.7470144277921235,0.7613726945567838,-0.7704608519841339,0.8142331555918081,0.8020205848180653,0.9019942857724029,-0.7674459789648046,0.9464032138219796,0.7343640772725825,0.9130095944730943,-0.6924837040817101,0.9542678190003612,0.7029079489198408,0.8714370814058847,-0.6733098348241473,0.9131099507413889,0.7810031294442917,0.8172013414816952,0.6673959484947385,0.8562433413928409,0.6479254331849089,0.9219302148315904,0.6566348152597175,0.9808079296813178,0.6487302800773757,1.0273759389761172,0.789218825736248,0.954278764372399,0.766920220989369,1.0402090323212163,0.7040199587624131,1.067960952049215,0.6515875734621432,1.078559625874026,0.8450300034876785,0.9523276451958945,0.816720600501553,1.0412552393108034,0.7434073925829047,1.0668192218127526,0.6835610288887465,1.0740597986372908,0.8651629964448494,0.9478838241485474,0.8349332600632424,1.026878422065308,0.7670542462494319,1.0533193136594805,0.7092017473191168,1.0642083952125152,0.859091008981813,0.9445100909025065,0.8392043374170016,1.0086501131917063,0.7882865592385593,1.0348398298197643,0.7422891247515357,1.04664050450109,-0.7940697665935813,0.8098942395387974,-0.6958607582026496,0.8529075615797101,-0.6726133728209793,0.9160507021273372,-0.6717004887052583,0.974455633764107,-0.6592265787031802,1.0179019376651124,-0.8169971253815084,0.9524083850831344,-0.7762870395538773,1.0300126364557167,-0.7178385541071859,1.0546316211225062,-0.6738728799828296,1.0704570654645889,-0.8657246509393552,0.9507328902752181,-0.8264098793221145,1.0298827134681512,-0.7540244182425794,1.0544348887212034,-0.6924366822492237,1.0618854176821029,-0.8721012373154209,0.9439038310097634,-0.8342617865570063,1.0117802052991396,-0.7696587864200214,1.0347153084443732,-0.7151373627762919,1.0429450910352889,-0.8569581212585212,0.9388112479107213,-0.8276753402649728,0.9877728821372678,-0.7777860017037133,1.0088963129887123,-0.7347945747518901,1.019688165522606
0.009763982645319913,-0.3277962427860934,0.08478775613090479,-0.3728848556033387,0.1227492734353599,-0.37167114855287237,0.16404364258442372,-0.3709077030199515,-0.06102438196929385,-0.37299586494804504,-0.11595884583648375,-0.37058251007810405,-0.1617835204440291,-0.3681341535810063,0.218882091592092,-0.33786997469238383,-0.21996583655119253,-0.3303734023421214,0.08820213820853101,-0.2616030400714015,-0.08620733626260513,-0.25949107996584786,0.499990008544711,-0.0031609105428345953,-0.499990008544711,0.0031609105428345953,0.6673311587503875,0.4218046820910187,-0.7458042682326479,0.4558987565971702,0.7453935813673944,0.8061062922861746,-0.770360827480371,0.8450301519889876,0.8000191844263125,0.9455847010489985,-0.7698099780017601,0.9813502130896264,0.7248703400939073,0.9555422978492836,-0.6946865468164548,0.9891040254319425,0.6900342062113182,0.9140577542517611,-0.6748459044087635,0.9469130054770807,0.7680876084621191,0.8437315769764403,0.6562586592322811,0.8852312049572144,0.6395798286484425,0.9533013150093154,0.6476117708807372,1.015522638518493,0.632889492420739,1.0643649927853949,0.7766944255714777,0.9878190702994185,0.7538184299354012,1.0753399799783907,0.693477557541953,1.1035411863944466,0.6431586589407512,1.1147153460264934,0.8324796660936349,0.9851306817232,0.8037400854863687,1.0747515425812537,0.7336050035473808,1.1001253790647239,0.6768660327674992,1.1074801142773238,0.8533312833907437,0.9793398895081179,0.8260941141625521,1.0596172197695193,0.7617376175901184,1.0852776595347708,0.7068041078001234,1.0955573005949624,0.8480946138708847,0.9748311234191033,0.8308462859359895,1.0403925394410998,0.7817305654118297,1.0661223966593736,0.7373059557206346,1.0773942386567488,-0.7934352278058387,0.8348082123559916,-0.6966426652688429,0.8793761210504094,-0.6734319620059421,0.9443394339539619,-0.6734990943467459,1.005311975560355,-0.6635266458343433,1.0510258580309295,-0.8168115068291973,0.9835137237088168,-0.7799173417029486,1.0635371091104282,-0.723156297046149,1.0891587395401294,-0.6784894384817435,1.106175974152509,-0.8672908205005758,0.982197428207207,-0.8280384367514397,1.062669683848297,-0.7569998437088946,1.0884178473569246,-0.6944676294673736,1.0970472861794505,-0.8751317304581671,0.9753874881955402,-0.8339273047682937,1.0432957706409123,-0.7703584856545291,1.0655651531809995,-0.715510495874912,1.073577596793436,-0.8612269660527505,0.9702374161428462,-0.8292196710529993,1.0178561779624908,-0.7788580124466083,1.0380973699816838,-0.734888671045955,1.0488604435575424
0.012909355862617062,-0.300848854654189,0.08719128425406539,-0.3421146553088543,0.12489575912252796,-0.3409855715844685,0.1663066934035969,-0.34024188428235774,-0.05814026561221694,-0.3423278003807897,-0.11316161048267392,-0.3401395154595475,-0.15902633985803408,-0.33791228733961476,0.21979396965252543,-0.3098528719403942,-0.2182282100497088,-0.30329064029367797,0.09017127554370352,-0.2400072025679107,-0.08400859190651644,-0.23814398237770784,0.49999315761817315,-0.0026157857345021776,-0.49999315761817287,0.0026157857345021776,0.6676301362431308,0.3925154273220057,-0.7440344079196882,0.41881708528671757,0.7388503348576844,0.7531989934275901,-0.7695524016722083,0.7760101570239976,0.7922089422590883,0.8785720143424088,-0.7704136863467211,0.9028144581946649,0.7127731598014542,0.8886735706894664,-0.6952959299706472,0.910553325969004,0.6761792546761604,0.8503057089964312,-0.6750283352136465,0.8711670222818871,0.7560017363754126,0.7794189984679316,0.639910225402759,0.816855989919381,0.6245284967690854,0.8789847180853547,0.6295808704252452,0.9352422377882864,0.6149761769447915,0.9786197148956125,0.7645671332359891,0.9113808857560322,0.7352287310780349,0.9918606714880642,0.6701368409105829,1.016238306755464,0.6170792112440342,1.025287522365538,0.8210892971738363,0.9101495004682467,0.7842191783045299,0.9938180548529939,0.7091728565174246,1.014445170871022,0.6500392171816378,1.0187166815142752,0.8403302253594388,0.9061755454571303,0.803425644712666,0.9803291800733686,0.7335530920892774,1.0011730059120894,0.6760278999349272,1.0081835887893267,0.8322039996931044,0.9028058489901184,0.8076471258648925,0.9619291576564523,0.7544405659037664,0.9835071872204006,0.7085388637169034,0.9918462779742131,-0.7926266397829496,0.7686020710305919,-0.693709043046972,0.8089010849184542,-0.6706793108498429,0.8688457655060485,-0.6729936183576722,0.9249298904486618,-0.6650393552291467,0.9672109046457039,-0.8170302539475557,0.9044984993152446,-0.7836793492803765,0.9798843263321946,-0.7232165503591762,1.003284144289466,-0.6760759559311423,1.0172077838986875,-0.8663862298011197,0.9032431696773143,-0.8283506447893639,0.9781315460940642,-0.7541085032992868,1.001413391045285,-0.690195067381369,1.008668798176812,-0.8729165201625093,0.8975296172725293,-0.8318523683406165,0.9600410514843573,-0.766446252569082,0.9803287765169054,-0.7104205806714136,0.9877983376115256,-0.8581871408540372,0.8933949122702721,-0.8261544424686297,0.9376069441433205,-0.7748686070769597,0.9560969596515114,-0.7299503643585916,0.9661013934097792
0.01465109744538613,-0.3480127485163684,0.08885333849247387,-0.3956678696015984,0.12632986012466613,-0.3943508345690007,0.16780576433898678,-0.39346575339868123,-0.05617262002227724,-0.3959760522184229,-0.11113402067927311,-0.39348038798619395,-0.15685917168888897,-0.39093677212679556,0.22097966820960016,-0.35826155254478487,-0.2164002930745708,-0.35100606656758176,0.09145652270503637,-0.27761431078305243,-0.08244231698152912,-0.2755095768619356,0.49999349666862253,-0.002550154717648797,-0.4999934966686228,0.002550154717648797,0.6664920530044208,0.45934942088431113,-0.7417146593203559,0.48479398658176004,0.7356016259391526,0.8669986584200252,-0.7674516236591412,0.8979375776059079,0.7846111262569777,1.0146680295949093,-0.7693660397156286,1.0456260982942396,0.7019815839124012,1.0276851838133059,-0.6944278569784444,1.0551932263500536,0.6690065924442621,0.9803257903768043,-0.6739992975916688,1.0089015350535788,0.7438409242878683,0.9025269219750686,0.6254652477458554,0.9454514126467992,0.6060027954239611,1.0170150126454927,0.6077146935981301,1.0827380110426847,0.594811608863947,1.134491984284746,0.7427813341390841,1.0566174519518272,0.7097710921180502,1.1504544270836359,0.6424473743998359,1.179722667986546,0.5872292840549699,1.1899276460959747,0.7995267756459045,1.0561486780901155,0.7601824931007624,1.153296650803135,0.6824619358404663,1.177257518426152,0.6214840088306587,1.1816502299864977,0.8198492377803394,1.0522896619126818,0.7808106328237816,1.1397839445416202,0.7080586755533975,1.1647331138830523,0.6483889933277458,1.1725553009086218,0.8129634569846936,1.0486201169374083,0.7862260854106856,1.1188317301492847,0.7300918262842061,1.145351626654719,0.681906048445059,1.1553928219336858,-0.788873635208816,0.8896933228489864,-0.6916084175357444,0.9361231086042252,-0.6666492981178253,1.0056837940459864,-0.665594373483395,1.0712764823394743,-0.6578559267403951,1.1205190669520855,-0.8108068229746749,1.0455938710642911,-0.7768930695396724,1.1342377472484872,-0.7168663026691312,1.1613705838713442,-0.6713868687488128,1.176641153192503,-0.8610327697618254,1.0445921802551732,-0.8234307544333587,1.1328960358103495,-0.7500408744735138,1.1598246109564325,-0.6878215750519537,1.1672228620054357,-0.8686150945708028,1.038429617728391,-0.8285127091423837,1.1129965775963253,-0.7633387135610721,1.1365025275096372,-0.7081279670813925,1.1439401673952438,-0.8546454214163051,1.033754178392267,-0.8240375736937947,1.086956508736788,-0.7734093990904614,1.1086964998611935,-0.728467881695447,1.1192980130173775
0.016259688552459375,-0.3096262318288819,0.09006856218050449,-0.3519034471151042,0.12740101381404584,-0.350746835831057,0.16888212914671694,-0.3499808369265672,-0.054723217445402275,-0.3521660931073828,-0.10950540447942417,-0.34996422690334006,-0.15507410016266265,-0.34773876062462883,0.22153821878154448,-0.31869495846872903,-0.2151797700446529,-0.3123183705518445,0.09259230527676834,-0.24704727723647388,-0.08108982759729001,-0.24519179922514633,0.4999952907960213,-0.0021700649304058233,-0.4999952907960212,0.0021700649304058233,0.6630640193054858,0.41198245479497314,-0.7382333778537069,0.43079759702233317,0.7285726321541255,0.7712089497129712,-0.7661966963839124,0.7968099785129035,0.7757935116297014,0.903256696532389,-0.7677687298502404,0.9288308724614376,0.6905689538937235,0.9144578041124456,-0.6934069138762377,0.9379699840747096,0.659315675856823,0.8722510430080782,-0.6732594168568224,0.8956639780815603,0.728393868456072,0.8018800496861161,0.6116672129413088,0.8404764838252127,0.5864774062843289,0.9028328641063775,0.586202703767629,0.9592911635564586,0.5735581055114947,1.0039232648857033,0.7166196216410398,0.9453615828276302,0.683107467570146,1.0230944152775643,0.6227724763032976,1.0485851258398966,0.5723017556219898,1.0583221982893443,0.7728937780912963,0.9448924880883248,0.7362682713138597,1.023800341264716,0.6680302335850955,1.0453215331094916,0.6117569398939996,1.0510831349163925,0.7953931565822058,0.9411047107082444,0.7618200917145813,1.0122945781753026,0.6984392155075406,1.0354370467039034,0.6430533558889244,1.0448618507166816,0.7900576813819064,0.9376015183927884,0.7677695063334847,0.9971168926178177,0.7185247664192327,1.0206923290852048,0.6729450274187401,1.0305539767088558,-0.7848297922489202,0.7910126651560642,-0.6866073363805876,0.8324858169012346,-0.6609130744424695,0.8946968594791622,-0.6603880854933116,0.9530770770334793,-0.6533062994762656,0.9957925200991767,-0.8060349888611376,0.9292369875293403,-0.7688436846262523,1.0067656551104411,-0.7113157234260145,1.0311652255636132,-0.6685130336113055,1.0468495168295247,-0.8578010992839622,0.9293877234901262,-0.8178388714533327,1.006938953019444,-0.74480622224198,1.0295972393709747,-0.6850830134958347,1.036163043135788,-0.8670952586162514,0.9242632544908448,-0.8236281579720494,0.9890744577881151,-0.7579420755640971,1.0076616274466832,-0.7057922530046445,1.012475073761037,-0.8542058955862863,0.9200034756173943,-0.8183994492178608,0.9640140852442249,-0.7665101367869183,0.9806257694736497,-0.7241599641518859,0.9876570691394023
0.016880577622622673,-0.3211136969627267,0.09068002158447802,-0.36469236103013336,0.12793336547023038,-0.36350229615284607,0.1694170751062922,-0.3627387678209548,-0.054036554853294776,-0.3649764562724017,-0.10870681153383883,-0.36271858267146634,-0.1541794520816825,-0.3604688690245795,0.22199007126943104,-0.3303338724092042,-0.21428991982580206,-0.3239787713548342,0.09315347928425788,-0.25635773320452804,-0.08042774363037132,-0.2545454360417686,0.4999966870975577,-0.0018201350133586472,-0.4999966870975579,0.0018201350133586472,0.6619358738458677,0.43338256789642904,-0.735725494977034,0.44472604928058557,0.7156446994313744,0.8019069936626921,-0.7643629238703079,0.822882799751321,0.7637103949509026,0.9369320438170315,-0.7657418252696522,0.9596818525472272,0.677050452991314,0.9484551873473441,-0.691614522792237,0.9691942116114772,0.645723550288271,0.9049677859239011,-0.6717069192613676,0.9249761364079699,0.7157527505689599,0.8263099804517009,0.5962133816662867,0.8666961698654392,0.5717348875878693,0.9329060370151607,0.5715339503846404,0.9919103784258587,0.555173078054159,1.0375296752122949,0.6984890394668527,0.969484677344187,0.6624127119602196,1.0519146721002224,0.5981483069817696,1.0781045456687692,0.54461077777706,1.0876512624342762,0.754439366083575,0.971045232766695,0.7137912863775787,1.0557774798211226,0.6402682603179352,1.0761895332949605,0.5808318627885922,1.0795378344395379,0.7761869408999279,0.9692573438875368,0.7379912945894284,1.0465843610643848,0.6686116074467925,1.0678987336674832,0.6105161124717577,1.0738967293644137,0.7694465834128876,0.9671324632218835,0.7435122424280578,1.0304431130138736,0.6896198850059827,1.0533528282120024,0.6425337152696043,1.0615524367740603,-0.7834968502366008,0.8165781615706721,-0.6841561508478615,0.8596338012149862,-0.6577118843189885,0.92472575466006,-0.6563141989100799,0.9853565037540085,-0.6475135457684925,1.0295906125514356,-0.8034321558733181,0.9604633470937339,-0.7637440855368647,1.0407003184099564,-0.7053258157919777,1.065464776847606,-0.6628719723775482,1.0812236523145453,-0.8553658494724105,0.9603992127180544,-0.8131407315322394,1.0413313548563756,-0.738982021846172,1.0637393044590646,-0.6787576437321259,1.068704564919047,-0.8639840047596075,0.954738495121796,-0.8177102434368838,1.0218061595462327,-0.7501944384175944,1.0399378637562295,-0.6973308070972983,1.043531536150617,-0.8504305232897608,0.9502070006401825,-0.8118140462328765,0.9954247417931782,-0.7584780143050753,1.0115100154220584,-0.7163310912671041,1.0175121626745576
0.01745159550025974,-0.34370474699487863,0.09101455853226813,-0.39025161007492465,0.12824714319352912,-0.38900463738646435,0.16968112637924931,-0.3881888794527078,-0.05362328269011297,-0.39043447083854105,-0.10823801931533852,-0.3879618719691723,-0.1536551253100717,-0.3855426776240731,0.2222875542127282,-0.35355489780220195,-0.21369816802165006,-0.3467000675115391,0.09386462803178891,-0.27448651570070814,-0.07966060492665529,-0.27256594210727764,0.4999960875207351,-0.0019779949336372425,-0.499996087520735,0.0019779949336372425,0.661777570359236,0.4635568942020913,-0.7349682161551137,0.47493343506554314,0.7097088509556763,0.8555038683902352,-0.7632022445267548,0.8799152447575664,0.7529937433245291,0.9999129154678746,-0.7645955065984088,1.026221453130031,0.6655362179058545,1.0113131746730508,-0.6906876937674401,1.0356986903968246,0.6347527119568324,0.9653588110714338,-0.6707000960939287,0.9881943714189143,0.7089480287774959,0.8851481230281858,0.5911840181054893,0.9270273694784484,0.5663615487562198,0.9967753614116481,0.5629015127209106,1.0606142728027468,0.5452942827608204,1.110449110132019,0.6928891356675684,1.0408725023454724,0.6465704261160533,1.127219354925137,0.5779858714926034,1.1516911748084755,0.5233800897685241,1.1601182251123405,0.7465469033375773,1.0412844363836777,0.6968170652877839,1.1298860616427462,0.6189993187437116,1.149562491894109,0.5579212100063403,1.1512220107070128,0.7667162682833997,1.0365540809144946,0.7219810263480834,1.1166795359490949,0.649930063932739,1.1371349989599313,0.5909389637914217,1.1414021581684728,0.7605675231788447,1.0315478275735122,0.7308916696177933,1.0974327902368406,0.6747471947832479,1.1193557300033938,0.6255279583084442,1.1255942659631235,-0.7821142208048582,0.8709230858344249,-0.6845424789604524,0.916958856905702,-0.657698440677354,0.9867002689118427,-0.6537506208440148,1.051253025878063,-0.645776195268211,1.09800019417951,-0.8010867718229286,1.02627822412861,-0.7617486229771807,1.1105696911209144,-0.7044133184997843,1.1365421934383833,-0.6610335386207054,1.152480306990877,-0.852907019609115,1.0268684282836464,-0.8097139580294234,1.111356221936804,-0.7380783222071585,1.1360231443085198,-0.6785657712836933,1.1432348973867434,-0.8630630829767424,1.021225146190417,-0.818471033354952,1.091798077350944,-0.754054554691118,1.112292866902575,-0.7021509143880046,1.118149920114442,-0.8509454657339315,1.0164531688570466,-0.8158257211143395,1.0658105789206427,-0.7649206383938829,1.0842060656973336,-0.7232511585289726,1.092116362194728
0.017996694627861593,-0.3133375672619552,0.09151456439522818,-0.3557608752635844,0.12875917727010305,-0.35462828421131015,0.17018217090536775,-0.35388975310394316,-0.05315478662923099,-0.35591459351465976,-0.10772940636462625,-0.3536525499406459,-0.1530777804166423,-0.3514534862126941,0.2228379320099613,-0.32231801904358515,-0.21317612617065182,-0.3160906165018359,0.09450854531681499,-0.2502471054347134,-0.07908740796529196,-0.24851359040273624,0.49999713895920356,-0.0016914587228127214,-0.4999971389592034,0.0016914587228127214,0.662426976326092,0.4231190411667338,-0.7345495552262108,0.43274721590559456,0.710600721812682,0.780690290587833,-0.7630269914551253,0.8042096014730986,0.7503829160784139,0.9117970332987809,-0.764604497682189,0.9374057685786541,0.6627087384514784,0.9213381661241471,-0.6907274500954499,0.9456488051748849,0.6324430771932935,0.8798066192650993,-0.670666882344381,0.9028501289213104,0.7124344145687871,0.8061704158609082,0.5970373238616642,0.8430128586109281,0.5703587906887766,0.9056277981896074,0.5648923298943012,0.9653070260512888,0.5466949055860372,1.0124829062238692,0.6983602586247495,0.9456146300646187,0.6547933927787215,1.02702071915066,0.5854043026151974,1.0497661381512013,0.5290641056008304,1.0585297523454478,0.7530760177621951,0.9467609609061224,0.7008143102901712,1.0276545628284153,0.620675375028702,1.045376938071041,0.5582536973239213,1.0478824618694214,0.7730406554986917,0.9427058399650958,0.7244485724799726,1.0136631331951471,0.6503682118192615,1.0314980770662827,0.5895744165161626,1.0352382290318753,0.7658142147779797,0.9376986980952223,0.7314600748556467,0.9959888820873863,0.6724222982753102,1.0149585791096087,0.6209144250470614,1.0199612572916108,-0.7831570524932319,0.7939346104636059,-0.6856020833653556,0.8366822332871501,-0.6581874552512083,0.8994361051508303,-0.6542904921637287,0.9581621961616971,-0.6457382538628063,1.001087529558626,-0.8022508282572249,0.935578725336744,-0.7560383951691066,1.0119448923451053,-0.6989702839597852,1.036219682402625,-0.6555983782151859,1.0530592238784124,-0.8534920522124728,0.9365473456048631,-0.8066494433194716,1.0133625317150499,-0.7346139678392271,1.0358097205696755,-0.6737866745328349,1.0433593511531154,-0.8628360575860923,0.9311727864270655,-0.81690021983622,0.9953165391017391,-0.7516943327677502,1.0147379055404608,-0.6978968839313804,1.021260329952468,-0.849483055957167,0.9263858996556021,-0.8133385381775887,0.9704960632019266,-0.7622448259951974,0.988018548922056,-0.7195910175499858,0.9963436057829259
0.018543933945657117,-0.318068868441101,0.09192011553249971,-0.36114204796757277,0.12915076710635467,-0.35998568439497597,0.1705316988125187,-0.3592439825285955,-0.05263119285076496,-0.36127634905998585,-0.10705355062570454,-0.3589663844372628,-0.15227948595906968,-0.35673957882429347,0.22321052925718748,-0.32718413008518155,-0.21246655202611767,-0.3208699245583914,0.09508046322563533,-0.2539998806334754,-0.07834809187308717,-0.2522533997608294,0.4999977736896712,-0.0014920808866747109,-0.4999977736896712,0.0014920808866747109,0.6625940477247215,0.4292411310562331,-0.7336726944077447,0.4396003069850532,0.7122917201248689,0.7916421455143142,-0.7623158412940814,0.8197442240982935,0.7517662874137412,0.9253315162849439,-0.7640990451027435,0.9544723033178395,0.6651459079943695,0.9351250126124925,-0.6901162695469133,0.9620662650875764,0.6352876797155576,0.8928074183986632,-0.6699901392010179,0.9195963779683209,0.724494173717809,0.821311211844265,0.6053328852572335,0.8563409884452189,0.5801213664542492,0.9220310811056744,0.5771486428888652,0.9817461918319381,0.5647139829213043,1.0283530626016648,0.7068275547016176,0.9651557568843532,0.6680824837920215,1.0452830753113955,0.6013335650882621,1.0685343061049568,0.547250479933321,1.07615858478796,0.760687728622212,0.9656486192266581,0.7123345810494655,1.04620434113836,0.633535373641695,1.065042619370036,0.5708945626745572,1.0674416222170011,0.7806910426239324,0.9614374016390304,0.7340328810933593,1.0321666186213563,0.6609620620777379,1.051948546195399,0.6001403444886536,1.057555050132369,0.7741932231757747,0.956400827337902,0.7412885987382967,1.0142408228118667,0.6853488953797521,1.0343660115113489,0.635168908478724,1.0407963138158105,-0.781902552272691,0.8069198864510347,-0.6855677615067576,0.8503297395493628,-0.6573625190066593,0.9131982342587727,-0.6530194507797801,0.9727179850626337,-0.6456437569724183,1.016912677878228,-0.8012215546048006,0.9500827259460893,-0.7553573960056824,1.0280476267838983,-0.6991842813469256,1.0539269372877498,-0.6565605549596921,1.0719664923558974,-0.852337682623972,0.950903265953744,-0.8071781903303427,1.0295473223158444,-0.7352771388983611,1.0532962321575567,-0.674147218556305,1.0613833396052366,-0.8614709325381292,0.9455633808521341,-0.8171120702667056,1.0120179130639197,-0.7520938550422835,1.032243119243617,-0.69807678259651,1.0388274144673328,-0.8475191421522472,0.9408806927628706,-0.8132326401940453,0.9873607708345912,-0.7621820945534732,1.0060136058911946,-0.7192961247179557,1.0149364118031623
0.018832747197853404,-0.33929959064207177,0.0921569618476256,-0.3852474551845554,0.12938248444177397,-0.3840179392953375,0.17064979064515087,-0.3832327092448391,-0.05239860999946585,-0.385397591593556,-0.10677244460716062,-0.38292933693400344,-0.15199949702456295,-0.3805484728529024,0.22359464229337225,-0.3490234556373022,-0.2121312721258275,-0.3422738186074861,0.09544792681995518,-0.27092190601554794,-0.07804317262350088,-0.26907596903922465,0.4999978233122955,-0.00147535858915248,-0.4999978233122955,0.00147535858915248,0.6621448640569915,0.45703337237068936,-0.7335891913652588,0.46876729626769137,0.7136850082393881,0.8425110971936214,-0.7622989224373644,0.875017973261236,0.7545227587218151,0.9869622803622113,-0.7644299147965068,1.0187904430964887,0.668661198518812,0.9973659926515721,-0.6905681959540267,1.0265186126933261,0.6385223984039223,0.9526288202491416,-0.6702077712808543,0.981521838866672,0.7356977159802796,0.8782526342221222,0.6171759754887132,0.9157499961425916,0.5897563749957421,0.9853048832670802,0.5887874212492462,1.0483667108905286,0.5802848004737573,1.0979829385985493,0.7179397619595649,1.0300403925270143,0.6873645194588602,1.1161151228742923,0.6208822063523982,1.1436159400274943,0.5665140532432171,1.1532688190770792,0.7727230087934799,1.0305686670618062,0.7350591499806788,1.1174763294102772,0.6584598096877664,1.140107767723323,0.5969909886029752,1.1442713693658808,0.7949022016574809,1.0266808446841194,0.7571923743567062,1.1033382574372232,0.6859961391501981,1.1260974553329532,0.6261296728128551,1.1331236276015026,0.7907700305719,1.0218414024088998,0.7635885365166336,1.084954787449739,0.7093734395340756,1.1093054615198306,0.6599986349518353,1.1180951696137411,-0.7848239550025512,0.8620282255846172,-0.685949998495603,0.9075741388246554,-0.6586355057251329,0.9751604700123984,-0.6567854892924797,1.0385104748720553,-0.6483899561556407,1.0854606851582145,-0.8005677747585499,1.0151938218504588,-0.7568570798610947,1.098901900425242,-0.7005254525156107,1.1262649791407808,-0.6589324931474331,1.145306146388238,-0.8520035429265875,1.0152530902012427,-0.8088421886770769,1.0998449022207477,-0.7359178310060248,1.124514143676302,-0.6752396851310387,1.1320918744745938,-0.8610581729326559,1.0091015796910707,-0.8188020707796406,1.0807665410592786,-0.753036960777206,1.1014088609465311,-0.6997593971326977,1.1070399590500763,-0.8474681145715093,1.0040261223761229,-0.8147291250118981,1.054600773746435,-0.7625872154452726,1.0741219843962857,-0.7196543693443115,1.082367996088619
0.018726965843696698,-0.2974683850354009,0.09193497912648223,-0.3377284786729324,0.12919381360050106,-0.33663168541888316,0.17021259392909147,-0.3359600751914671,-0.05255184839532763,-0.3378631586277443,-0.10672914832025536,-0.33569694555534335,-0.15191700205188674,-0.3336190830635351,0.22358592465801536,-0.3059902724320277,-0.21190091828946367,-0.30008682317260593,0.0955558525960459,-0.2375200969013251,-0.07790897831673008,-0.23593880046338056,0.4999988303938269,-0.0010814826883201176,-0.4999988303938269,0.0010814826883201176,0.6624284913113148,0.4004544083159939,-0.7333459411043939,0.4099954756659392,0.7201292451885855,0.7363417086106187,-0.7620926161717826,0.7669843146285699,0.7561467553548374,0.863609493783522,-0.7649082295506798,0.8926612591147625,0.6697693789605468,0.8736920646919386,-0.6907879840395019,0.8994906993430216,0.6401118486190728,0.8330462906129451,-0.6702285071622894,0.8601341942015291,0.7481144645241995,0.7717148154823288,0.627311681381134,0.8040914259184838,0.5985710304888383,0.8654317825028132,0.5973887430969841,0.9208619955976833,0.5899757374659226,0.9638739480166307,0.7297142241196625,0.9020187322349691,0.6993497998608285,0.9794025733182499,0.6304406379245195,1.002894946302189,0.5755607470644413,1.0112905712411797,0.7875227246714563,0.9024909074308747,0.7456602155912474,0.9803766169284449,0.6658572796550509,0.9975245831040629,0.6060423845586592,0.9995575080912636,0.8116424890287246,0.8989416399209438,0.7709159672517963,0.9666004217475087,0.6973406514076168,0.9832755499321678,0.6387064946294834,0.9868978574569622,0.8091940921515774,0.8940201215328503,0.7792572122050692,0.9496324707083422,0.7216082662335995,0.9688150851382992,0.6730244989423118,0.9741458131922436,-0.7828769668992583,0.7566803701723818,-0.6858059051778175,0.797069112329741,-0.6594571099764374,0.8559719738263912,-0.6580780902379697,0.9114332057297516,-0.6487045598526625,0.9528918316619998,-0.8009521169978754,0.8926163216101549,-0.7610753051178369,0.9647130465539925,-0.7048734520633877,0.9882002497365167,-0.6617282239865574,1.004691783691437,-0.8519811399892974,0.8920244456276398,-0.8111321553386898,0.9645298500012858,-0.7388728635734323,0.986851329244227,-0.6767360792768495,0.9939530456803441,-0.8602546560025942,0.8858996890999519,-0.8184316052692454,0.9474961496928409,-0.7532715026425179,0.9662433077728401,-0.6987271583351286,0.9717004971229366,-0.8465715168152872,0.881336742835644,-0.8136687203213074,0.9246713438864932,-0.7617483775950308,0.9415858736443712,-0.7180208699656249,0.9491388209527126
