pose_0_x,pose_0_y,pose_1_x,pose_1_y,pose_2_x,pose_2_y,pose_3_x,pose_3_y,pose_4_x,pose_4_y,pose_5_x,pose_5_y,pose_6_x,pose_6_y,pose_7_x,pose_7_y,pose_8_x,pose_8_y,pose_9_x,pose_9_y,pose_10_x,pose_10_y,pose_11_x,pose_11_y,pose_12_x,pose_12_y,pose_13_x,pose_13_y,pose_15_x,pose_15_y,pose_17_x,pose_17_y,pose_19_x,pose_19_y,pose_21_x,pose_21_y,pose_14_x,pose_14_y,pose_16_x,pose_16_y,pose_18_x,pose_18_y,pose_20_x,pose_20_y,pose_22_x,pose_22_y,right_hand_0_x,right_hand_0_y,right_hand_1_x,right_hand_1_y,right_hand_2_x,right_hand_2_y,right_hand_3_x,right_hand_3_y,right_hand_4_x,right_hand_4_y,right_hand_5_x,right_hand_5_y,right_hand_6_x,right_hand_6_y,right_hand_7_x,right_hand_7_y,right_hand_8_x,right_hand_8_y,right_hand_9_x,right_hand_9_y,right_hand_10_x,right_hand_10_y,right_hand_11_x,right_hand_11_y,right_hand_12_x,right_hand_12_y,right_hand_13_x,right_hand_13_y,right_hand_14_x,right_hand_14_y,right_hand_15_x,right_hand_15_y,right_hand_16_x,right_hand_16_y,right_hand_17_x,right_hand_17_y,right_hand_18_x,right_hand_18_y,right_hand_19_x,right_hand_19_y,right_hand_20_x,right_hand_20_y,left_hand_0_x,left_hand_0_y,left_hand_1_x,left_hand_1_y,left_hand_2_x,left_hand_2_y,left_hand_3_x,left_hand_3_y,left_hand_4_x,left_hand_4_y,left_hand_5_x,left_hand_5_y,left_hand_6_x,left_hand_6_y,left_hand_7_x,left_hand_7_y,left_hand_8_x,left_hand_8_y,left_hand_9_x,left_hand_9_y,left_hand_10_x,left_hand_10_y,left_hand_11_x,left_hand_11_y,left_hand_12_x,left_hand_12_y,left_hand_13_x,left_hand_13_y,left_hand_14_x,left_hand_14_y,left_hand_15_x,left_hand_15_y,left_hand_16_x,left_hand_16_y,left_hand_17_x,left_hand_17_y,left_hand_18_x,left_hand_18_y,left_hand_19_x,left_hand_19_y,left_hand_20_x,left_hand_20_y
0.009639711230699339,-1.0356877810102458,0.10110739851255414,-1.1576891229095925,0.14430753515318434,-1.1510117338832682,0.17720814727353457,-1.1407884591969035,-0.05859960358003592,-1.1685396206560672,-0.11086823530173266,-1.1667690990915365,-0.14717243281479292,-1.1620151172506445,0.22557790562982902,-1.0423102880188104,-0.19480910333870977,-1.0508534350522485,0.10015294623195972,-0.8496873190985017,-0.0874717422674665,-0.8717614200735312,0.4979910842722816,0.04477588620359535,-0.4979910842722816,-0.04477588620359535,0.622066970312109,1.5135681081211239,-0.7383493040751005,1.3565635687268054,0.7077983565870404,2.8035911504585203,-0.7297350940391563,2.7794043223964593,0.7670519525817616,3.2180827470570423,-0.7777877859158705,3.2716794187368587,0.6796520296383686,3.25496807492577,-0.6648785635534908,3.3163072618505316,0.6359615698889273,3.1334864980181463,-0.6321961486406056,3.128057329000783,0.7128914509180547,2.821402440591936,0.6180562163071789,2.9393623444944126,0.5940745541437517,3.1372922661740477,0.5884478225466189,3.32472727023908,0.5747855443589961,3.4771189529810314,0.731994192706167,3.2537389944440096,0.7064682866735092,3.517384828666381,0.644407488159522,3.597847862216523,0.5911309034688567,3.626335780174603,0.787697226217077,3.2381322088895113,0.7498279837671462,3.4985326249692394,0.6818848487672499,3.5711968776763974,0.621479233149906,3.59018006030668,0.807883849151098,3.207691597963412,0.7723568240376358,3.4238340480575626,0.7117582635377397,3.491646545917401,0.6545709069285781,3.5166529146984433,0.8020722191749441,3.177149985676899,0.7809343968021816,3.3474046122160392,0.7327757307619363,3.4116188789619226,0.6831977984605014,3.4346222846914527,-0.7597580539337897,2.9007646054328995,-0.6355510270066197,3.0035069710328868,-0.6013194889617239,3.2117279628325908,-0.6040709651639793,3.408453247282073,-0.5913948972655699,3.5647503159600626,-0.7261582948177664,3.3840708732071545,-0.6782671750199422,3.62722818945498,-0.6273101233738748,3.712793867076486,-0.5941559607911819,3.7688828280333873,-0.7961890266780212,3.3812446798892477,-0.7417299055720848,3.630591673114819,-0.67735509528454,3.709008391431353,-0.6312348482718994,3.7401855282596532,-0.8283425123853644,3.347920226466924,-0.7808770440642446,3.5656192043756856,-0.7240039290983171,3.634133638630734,-0.6840033904257639,3.6598036647525847,-0.835436789264875,3.3162164067455007,-0.8014638521473044,3.482594702534476,-0.753978695572863,3.55029005726397,-0.7176517709673816,3.579528798120475
0.009226283275956716,-0.13158705523814462,0.09987851135658361,-0.1474674649912247,0.1431657338625418,-0.14669637509152808,0.17714993694007689,-0.1455502704155421,-0.05942138309732735,-0.14887470039677556,-0.11144550363962569,-0.14867660425274334,-0.14907313581817905,-0.1481381154886019,0.228836777311122,-0.13269762973185778,-0.19660109890148206,-0.13391341808766816,0.09953516407305296,-0.10736885699015672,-0.087581585649968,-0.10897992960793886,0.49996782156955955,0.005672512229071322,-0.4999678215695597,-0.005672512229071322,0.6210354234720294,0.19166876920847165,-0.7356459088656135,0.17521135281022068,0.706408409348446,0.35647380614784424,-0.7326660167622592,0.36083250713983894,0.7652906739759389,0.4088187570231448,-0.776935556017303,0.42132309647236393,0.678916016407749,0.4134348687668406,-0.6651302555291693,0.42775619771873724,0.6346681393071045,0.3985287710112385,-0.6329907963931121,0.4050220363090449,0.713656984926535,0.35841873945610087,0.6154186447397091,0.37397240627162676,0.5913216129149415,0.39933937469155023,0.5859287191708866,0.4228669751592856,0.5729871414217239,0.4415338240792505,0.7279685337183961,0.4139309439251032,0.6986891625812855,0.44627741096989704,0.6349692731615498,0.4561045380038354,0.584276413776574,0.46005017499713974,0.7822416729653336,0.4122826715286842,0.7472506710588895,0.4452501112562348,0.6749809386559865,0.4532686260604801,0.6170844515951459,0.4540880756724045,0.8020720721702208,0.40863574582871715,0.7703571399890117,0.43687693903487557,0.7056832612528657,0.443942436518075,0.6521260412546638,0.44556833046498334,0.7994809879663348,0.40532326664251045,0.7771569201631431,0.42724524264902,0.7258811052858216,0.43446024223470947,0.6793205475277676,0.43667389268407986,-0.7688698856843308,0.36651405569309087,-0.638857523060805,0.38157814998882456,-0.6006541988341815,0.40753732716818064,-0.6036140951027059,0.4329199370698302,-0.5965545399803583,0.45339387507894546,-0.7327683031481194,0.4301568429608773,-0.6787076837354625,0.4612876681056823,-0.6264525856651942,0.47220331338663,-0.5885444136330243,0.4800579734178875,-0.8027829924602486,0.4297474110665579,-0.7465562857861249,0.4610234032215394,-0.6774542696103192,0.47075761868237836,-0.6245736608094774,0.47457747941626016,-0.8307606689308531,0.426047234029928,-0.7817152868860535,0.45191004327879986,-0.7189393888653127,0.4602239301836544,-0.6711756629260465,0.46323090252641075,-0.8341412040752311,0.4229444209976445,-0.7902242836767054,0.4410388034029019,-0.7357452471476206,0.44880787465213046,-0.6942867462795906,0.4517867860595056
0.009367161287052887,-0.1619044849216545,0.09941855308770998,-0.18167856431334825,0.14265393713582883,-0.18078567762687162,0.1776288849723915,-0.17949779444861755,-0.05933758884274025,-0.18346477016421228,-0.11115640438663467,-0.1832782280253948,-0.14953425613901525,-0.18274137877890614,0.23212780349024892,-0.16344590827505945,-0.19680201448021287,-0.1651144080545599,0.09924500592471523,-0.13163232860602642,-0.0869738249487361,-0.13286269222215666,0.49995161006861033,0.0069561188750851405,-0.49995161006861016,-0.0069561188750851405,0.6175360293582122,0.2353770399367492,-0.7307764473464037,0.21634476828139237,0.7008906125267594,0.4379042831304157,-0.730733614067215,0.4441531564621944,0.7601662506525816,0.5002456856399555,-0.7716752887881271,0.5187221511004043,0.6767569975730224,0.5060989858427426,-0.6630311030614983,0.5275911197745383,0.6324743696532107,0.4885166684626765,-0.6311415138165102,0.5002648588273301,0.7129866283828755,0.4407589256596769,0.6148958643722003,0.45990414612937947,0.590269198351859,0.4913216481118583,0.5860560386676918,0.5201749164821147,0.5731806785349667,0.5431986709346727,0.7259471441402303,0.5090569905926622,0.6944799267934042,0.5488817910795972,0.632198465429411,0.561070460196304,0.5815058330212414,0.5663554123447726,0.7795863314718284,0.5071809014160232,0.7446682675925184,0.5474748683564218,0.6735515695507204,0.5578552752488185,0.6141596088416542,0.5595380467993722,0.7989694547499862,0.5025845261810489,0.7648927284420152,0.5367348560812736,0.7006930514776191,0.5456601910431029,0.6463751738177237,0.5481731039432552,0.7964333499372717,0.49834444066484385,0.7732606310518536,0.5250697014754755,0.7217522077597337,0.5336538113657584,0.6740449612398235,0.5361911592678655,-0.7650633377359602,0.44984103386413676,-0.6363485247957279,0.4689429344631169,-0.5993456809142393,0.501441198744448,-0.603322448584435,0.5329016601993903,-0.5946976314550894,0.5583325867029333,-0.72877103238638,0.5294878237315874,-0.6743517769553633,0.5678900602109099,-0.622389985117716,0.581136426137898,-0.5846534403744199,0.5905886633542694,-0.7992672013915031,0.5291424901198895,-0.7407973057859247,0.5672406946279862,-0.6725401761969961,0.5785236108403727,-0.6204702367160694,0.5827197277689894,-0.8281053665613313,0.5246429178572612,-0.7766722208413838,0.5560209201905625,-0.7152070612950886,0.565266793363876,-0.6684503218572925,0.5681718916493861,-0.832067487464091,0.5209704595988568,-0.787245483817876,0.5428165767005648,-0.7341916988277929,0.5515254564680862,-0.6940388206578235,0.5544908133424876
0.009056843191918918,-0.19559711797551926,0.09812659577488352,-0.2196394672245293,0.14130454249924976,-0.2185929721483184,0.17751121691643904,-0.21712545829248694,-0.05997181636214383,-0.22187987925779865,-0.11160809311508885,-0.22174730405780438,-0.15004246991800185,-0.2212645474674804,0.23353571363105652,-0.19756619711999895,-0.19749191147998754,-0.19988785228075248,0.09823127513758798,-0.1584745381242503,-0.08682164874932306,-0.15961146298383982,0.49993213697684297,0.008237622094225221,-0.49993213697684274,-0.008237622094225221,0.614196023566706,0.2842397702428209,-0.7277439508200808,0.2643551447125145,0.6965642610332554,0.529419164012453,-0.7290114702994414,0.5362878219931085,0.7555740706589728,0.6042562752483644,-0.7695925375015441,0.626433036732332,0.673124397059363,0.6113473286712435,-0.6617468361484905,0.637114635834399,0.6288411244873146,0.5902521544182308,-0.6295821932981627,0.6047320656541239,0.7123906948590691,0.5321469477333204,0.6123983209294012,0.5553618448720213,0.5871739876898263,0.5931055906931814,0.5828600781995709,0.6281533360105499,0.5699918119071701,0.6563878045145511,0.7240043357265111,0.6150714509394569,0.6907507390844184,0.6631658150185604,0.6304121632209349,0.6783299797333071,0.5805413539692917,0.6854268673357591,0.7782891530486293,0.6129957020938324,0.7441624931966869,0.6616510181849968,0.6746307958623665,0.6744467672251006,0.6157483998531664,0.6767588438820779,0.7975940973663888,0.6074037715892465,0.7625685861957939,0.6480844608228248,0.6979999121956633,0.6582322760326325,0.6440342227199747,0.6608293567156072,0.7940728329045865,0.602072289310068,0.7696038197991453,0.6334676640602381,0.7184948420077653,0.6429361021203872,0.6718585741661081,0.6454979164940039,-0.7599117323547038,0.5431974063080809,-0.6324255867815437,0.5663563998156513,-0.5969192631086725,0.6057737714784467,-0.599251135881269,0.6439142415105584,-0.5913366465287831,0.6746005457493632,-0.7280141321573693,0.6398411133956605,-0.6716781422337962,0.6865991020433603,-0.6210670276350523,0.7025870180828663,-0.586827205489878,0.7141204074025648,-0.7992245166136988,0.6391600817771677,-0.7384544989036067,0.6860931828893592,-0.6712834314763699,0.7001006126571608,-0.6217197891391131,0.7052639486564123,-0.827643563904435,0.6335627524795443,-0.776046860022399,0.6725962873728325,-0.7145648699531668,0.6852442662228605,-0.6683072801302395,0.6898146057610538,-0.8298824213438019,0.6291167593358284,-0.7864112197111136,0.6560173776503309,-0.7342286846468755,0.6673314192335528,-0.6950685507227159,0.6717968306167423
0.009675410395219497,-0.8651940659997882,0.09700284510582581,-0.9721517772847384,0.1401825872248237,-0.967631154025962,0.1775051568607714,-0.9614395934447061,-0.0599361500453602,-0.9822459801551471,-0.11147533396178508,-0.981969545400967,-0.1501525783957425,-0.9803481159055428,0.23433126160818996,-0.8744618541695472,-0.19764994016602772,-0.8853356608379819,0.09761792334962818,-0.6997034626886222,-0.08575356547668737,-0.7036336521344635,0.4987588520987764,0.03520805949084573,-0.49875885209877624,-0.03520805949084573,0.6107657315124013,1.2578313957769243,-0.7251607877003945,1.183875563479512,0.6922668911647766,2.3442604335711446,-0.7264583107044082,2.3813207985524563,0.7511249658996126,2.673891251603371,-0.7671395823727367,2.7747250180553,0.6694831638708751,2.7048681256181273,-0.6599985830625504,2.821469653393505,0.6250795122845909,2.6121104920123632,-0.6274332038184167,2.683302362042893,0.7112519235898026,2.3511248767979414,0.6114635405658289,2.4497290572952495,0.5848394153214659,2.615440037859923,0.5789403709184425,2.7717622539303592,0.5641607650365489,2.900665995135318,0.7182484175082576,2.720996889540414,0.6879049514369048,2.933274893705763,0.6309410745657031,3.000451043258497,0.5832340999379706,3.0289020549061387,0.7734215944470493,2.712417202375486,0.7415538554179562,2.9281988966516557,0.6750494278131426,2.9830050243891137,0.6187936591369745,2.989474560824224,0.7939609530627,2.6877823387977453,0.761418873515971,2.8708688329216763,0.7003456391438336,2.9172640239086034,0.6494773345581112,2.930746719689137,0.7914663658949315,2.6650480363940394,0.7683859895550896,2.808929340064156,0.7194181298533202,2.855538358630972,0.6747782733636378,2.871756891609321,-0.7577344400254907,2.398286764873118,-0.6298394040905966,2.50271938434079,-0.5948335503817243,2.6795232003651894,-0.5973808151262338,2.8498524713805335,-0.5891866661096695,2.987101267324922,-0.723218175429291,2.827691843330799,-0.6697938265029355,3.0404838042377174,-0.6167845667509937,3.1126554283865477,-0.5798436562888355,3.1609145794302322,-0.7941820891400592,2.823389093038558,-0.738007869404807,3.0368471942799395,-0.6692374195986118,3.102011823482047,-0.61673036962877,3.1244856800406993,-0.822939698452017,2.79724472232928,-0.7743302826458262,2.9725317109986866,-0.7117986222868741,3.0278853143956423,-0.6641723524081226,3.0460991861780307,-0.8264361303985842,2.775046722612429,-0.7820334496330252,2.8962449654430307,-0.7289068894117224,2.9474853738077544,-0.6885715253887386,2.9667834092114154
0.010773468581633331,-2.6216430538583353,0.09522875863300737,-2.9470109304125294,0.13762786381998024,-2.9335688525553905,0.17506289145411866,-2.915418778006105,-0.05800321993266756,-2.9779959007058805,-0.10863075943647671,-2.9777793001636197,-0.14687976814487833,-2.9738267781390877,0.23094518060675143,-2.6512712056605463,-0.19366731100858445,-2.6851724015835186,0.09640037551138012,-2.118538960912348,-0.08286519133287107,-2.128446538276649,0.48885234756885915,0.10499229627175194,-0.48885234756885915,-0.10499229627175194,0.5980126163269545,3.8125642121529113,-0.7109772917543552,3.592993148170291,0.6765683210216789,7.104028387654638,-0.7114784448390783,7.216520550680766,0.7355912907564017,8.097191499378791,-0.7514297784805178,8.412502338356237,0.6562688929393214,8.191238170404466,-0.6476793506261029,8.548746998582672,0.6122464551935193,7.915564646831684,-0.6151575577293745,8.137727911373968,0.6934094456002196,7.114935480189691,0.5975410595477958,7.431202630995228,0.5728666692015739,7.9380619117789974,0.5683807621274655,8.406618510148963,0.5545224160538422,8.790919249066576,0.7047327606296412,8.24348502357661,0.6757591348796022,8.882233600583419,0.62087005805951,9.08829252723431,0.57468361781524,9.182751381502133,0.7584416227619223,8.212989301947447,0.7289291458396259,8.85368903532146,0.6644515273866531,9.030127983775513,0.6086071016640437,9.062835249485758,0.7772888477617581,8.132883298706378,0.746315239262524,8.668863967759526,0.6867439938336595,8.820561412763704,0.6351262181621151,8.871655787578913,0.7732483733535169,8.057961696584636,0.752058906651871,8.478339561940057,0.7042990672805058,8.616549390428615,0.6591938015730238,8.659143215660787,-0.7419968654655832,7.272751452641004,-0.6153158731627701,7.595202519736624,-0.5807680560747998,8.131405043792624,-0.5838111845882701,8.650088028570611,-0.5773045442825736,9.063580215232182,-0.709962171541997,8.573275988292968,-0.6554919485826359,9.212254593907998,-0.60529140605715,9.440953239771199,-0.5710419494909159,9.607365509754155,-0.7788184311292188,8.555589473933857,-0.7210737655140159,9.207569950374047,-0.6545640465333235,9.424066571080271,-0.6036341782880377,9.520274576896913,-0.80674490155962,8.471202836795612,-0.7583741216907122,9.006668568710555,-0.698291141257817,9.185943758227411,-0.6530434743315234,9.253336302147032,-0.8089196926555071,8.400901657022787,-0.7647080617664537,8.768989465863404,-0.7140014058815691,8.926462146889248,-0.6765483972517318,8.988315321684974
0.010984230106359566,-0.32044477167632507,0.09655706602267532,-0.3603689931384414,0.13982853609079285,-0.3587425041908768,0.17857116716768967,-0.3565552677589759,-0.05940522715416438,-0.36419314106822054,-0.11103899896992027,-0.3642099884783164,-0.15023861084071574,-0.36380629312199275,0.23607218123324034,-0.32418889440814846,-0.19814892911164583,-0.32831950814954514,0.09820880586323034,-0.25882229959530073,-0.08451523011660107,-0.25993765525351475,0.4998410571206309,0.012606253072592812,-0.49984105712063076,-0.012606253072592812,0.6095577537970458,0.4653891800419074,-0.7270044732237484,0.43934151351234857,0.6886642398261867,0.8671619327693413,-0.7261291202328164,0.8802894918259399,0.7494714311167333,0.9884477230217621,-0.7663858321138476,1.0270252938735,0.6687582205106312,0.9996602455392383,-0.6614695412295287,1.0421911040023806,0.623790501127843,0.9659057455387713,-0.6293278000411093,0.9936180218506029,0.7095605949408057,0.8708573693414808,0.6101974088909589,0.9089759196554362,0.583998694075875,0.9710392085048601,0.5773239589235244,1.029194326536018,0.5635246731758718,1.076134066556463,0.7215847282151292,1.0089891419431944,0.6868445778787426,1.087763491086482,0.6282721331010631,1.1134622163425287,0.5787774292884754,1.1242541247062545,0.7758016511962484,1.0054459031605654,0.7415087873554209,1.0855399185031451,0.6735080895039922,1.106199126520587,0.614367980334851,1.1091188683550057,0.7941462983914225,0.9965369070370504,0.7605950905226887,1.0637783473217157,0.69856186553606,1.0822343995324628,0.6455259609874289,1.0885668841085978,0.788600148162281,0.9880736534077681,0.765907060223247,1.0403881455727944,0.7183387399380844,1.0586224687337196,0.6730737849383833,1.0662343570545112,-0.7580261014627253,0.888090699348318,-0.6278861314306585,0.9274275458516666,-0.5924112375783855,0.9933723066575939,-0.5954248155900219,1.0571934371434655,-0.5873396021783999,1.1079869508360194,-0.7270450206802814,1.0469883326398604,-0.6692162128834866,1.1283664632909367,-0.6113786802181863,1.1547016779894206,-0.5721246959784435,1.1726772934631107,-0.7959982887163725,1.0447073646424683,-0.7349151471161364,1.1273219238649903,-0.6607208885029814,1.1508673216713208,-0.6057249654265997,1.1593452810907716,-0.8224170641037628,1.0344337283011842,-0.7702748895637858,1.1033828963159953,-0.7021297045179754,1.123680027791037,-0.6517973290306102,1.1299132839772004,-0.8236777443791279,1.026185778861941,-0.777697012968987,1.0738331101064145,-0.7226007749793534,1.0921263992026755,-0.6831082267022127,1.0982861264379966
0.011207470107874184,-0.2653128177770711,0.09605831361003674,-0.29850469866460705,0.13929010202898937,-0.2971677169296649,0.17844436608274297,-0.295370612026238,-0.05927527075012726,-0.3016699961242711,-0.11083805621446406,-0.30170262561926126,-0.1501757575358751,-0.3014138664108789,0.23608035558063917,-0.26850400603167296,-0.19829118455129052,-0.27186046977176864,0.0981422619452654,-0.21420415212410815,-0.08424638404701804,-0.21507805512036715,0.49989360715560544,0.010314141988415316,-0.4998936071556056,-0.010314141988415316,0.6084265384944568,0.38458609447244163,-0.7269732934456083,0.3637975594794544,0.6870559976748289,0.7175809673456299,-0.7251931525667449,0.7284203437140004,0.747818162112175,0.8180152622622728,-0.7645849594675613,0.8499895664508815,0.6676597785495404,0.8271988099826996,-0.6606634979902017,0.8622185337037255,0.6228428565305301,0.7992515293007963,-0.6288163481043767,0.8226469954315684,0.7074766045507864,0.7205250699316464,0.6101247636943915,0.752106165061062,0.5826297050565017,0.8039615259689451,0.5761329965421539,0.851800621645645,0.5634601740041806,0.8910777851260429,0.7192083434183569,0.8351372350899496,0.6858942844100238,0.9012830143526477,0.6263648520695483,0.9222536124698553,0.5766967716308252,0.931030237285368,0.7725800054619723,0.8323302709611382,0.736510348453071,0.8984146925865176,0.6680076361938042,0.915494932762993,0.609746781948375,0.9180689979601717,0.7910563455918347,0.8249380352265498,0.7566662334739597,0.880920199691036,0.6948382816824185,0.8964044319603828,0.6414721732441542,0.9015798718233736,0.7866063930859705,0.8182239255182792,0.7644791464565159,0.8627865942958556,0.7153980652742956,0.8779594276891003,0.6687642728501224,0.8835607061062746,-0.7567136074105154,0.7355346376271324,-0.6259821581735371,0.7679431741892881,-0.5893108605849342,0.8217324237893796,-0.592512177487695,0.8749108161408686,-0.5849620510128883,0.9174847408433549,-0.7233172119955753,0.8671576461736532,-0.6667529421121362,0.935157040841971,-0.6088985108037639,0.9564188217351238,-0.569563249702886,0.9701695529717131,-0.7932049176984217,0.8659563842222209,-0.7318662721965253,0.9354566174372796,-0.6573313347795477,0.9535223629407052,-0.6028602271674881,0.9589232536984287,-0.8205268889695359,0.8576725120701835,-0.7656267653441043,0.9146975199234683,-0.6970152949800458,0.9294906216576247,-0.6479634122986866,0.9325957437080493,-0.821949032667093,0.850868198359458,-0.7732710506732728,0.8901595485768082,-0.7169193324128164,0.9034370339132318,-0.6782823951120701,0.9062979076424619
0.01214906826456054,-0.32584108255664546,0.09583600583599096,-0.36678402971002033,0.13913897524293306,-0.36518956890133963,0.17873352480798899,-0.36304935207687367,-0.05893396155991332,-0.3705364106757716,-0.11051524469243354,-0.3705630382293202,-0.1500482364028744,-0.3702192743363675,0.23650754491094925,-0.33000869373754405,-0.19831883229849903,-0.33381091974222704,0.09883260524715484,-0.26302283833928974,-0.08322445584514596,-0.2638786203395805,0.49984297703939123,0.012529896424095403,-0.49984297703939123,-0.012529896424095598,0.6071001064144236,0.4718937942082965,-0.725823121042699,0.44814941701633865,0.6867319518058341,0.8809786311933907,-0.7241122241898337,0.893747087279797,0.7462089325853144,1.0042150120766296,-0.7620446276995745,1.0426617167781178,0.6663073411788637,1.015221986568881,-0.6588573291177748,1.0567949256771965,0.6219304265538855,0.9809886750272812,-0.6275446204677839,1.0092198312695124,0.7044090497839722,0.8841756789306364,0.6082272953975704,0.9231784424070486,0.5844750334318867,0.9860735945447355,0.580010283387183,1.0450840260499878,0.565809482590417,1.0933620298276436,0.7175592519978763,1.0237618130206163,0.6866834109600394,1.1045200630841683,0.6307972770395511,1.1313250852867462,0.5836666351937874,1.1437713987634626,0.7709249570879217,1.0200993998107244,0.7376660796482242,1.1009479078487032,0.6726614890586768,1.12452540936447,0.6146697909759583,1.1308166223568572,0.7898510160672041,1.0112419291370922,0.7542285857485255,1.0790456930126062,0.6946288251826229,1.0989207311561957,0.6420401095481039,1.1069647191857195,0.7852614706992282,1.0033974663725789,0.7602439554761993,1.056184886248757,0.7125765089828218,1.0745702324864568,0.6669902722480747,1.0820951646083858,-0.7520436598228415,0.9014809767701736,-0.6236844474972622,0.9428030219270686,-0.5879437723500728,1.0096860673978607,-0.591488681765034,1.0750454653903911,-0.5828342184748965,1.1273734692745516,-0.7221431286684625,1.0651613465349774,-0.665993085391728,1.1470470957324432,-0.6102375414629543,1.1725176929626306,-0.572735119147798,1.1890356278291152,-0.7916021816667106,1.0626589369385357,-0.7308485262544039,1.1454519093773443,-0.6572722773469573,1.1696726803475055,-0.6009194626650813,1.1776525300736587,-0.8186158341971763,1.0519079352226326,-0.7658469379663718,1.1200011921190163,-0.6982132055275556,1.1395430593473592,-0.64650292803666,1.144333842346867,-0.8206852026768157,1.0426332753585237,-0.7720231727288553,1.0885800984944378,-0.7164487331840899,1.1056999466694781,-0.6750994488396894,1.1108165000107668
0.012426212100781753,-0.5067696524707924,0.09535787690994996,-0.570724310367767,0.13879018274157834,-0.5682911816361578,0.17866534472643353,-0.5650775707043508,-0.05904069649591462,-0.5764010468907776,-0.11061484233667783,-0.5764428846160012,-0.1502775575033091,-0.5759144436984854,0.2364939382992883,-0.5136211156343838,-0.19856589831600055,-0.5191510254235902,0.09887346964401046,-0.40894098449180544,-0.0828968154888289,-0.4098264557005835,0.4996284227776584,0.019272756749082517,-0.4996284227776586,-0.019272756749082517,0.6050575019485218,0.7332650005634123,-0.724681354341197,0.6974879942195391,0.6854129977695134,1.370270868079545,-0.7229493179886003,1.3886846546048297,0.7436591130072053,1.560979849905937,-0.7593535798172822,1.6199435265550641,0.6638776257029604,1.5777521541445467,-0.657491906612763,1.641031093309606,0.619744647478736,1.5249012961840367,-0.626468555766556,1.5680728667283677,0.7047836908995907,1.375717891809346,0.6045057768914157,1.435275416062323,0.5804540493336149,1.5341351415122544,0.5758879506450882,1.6261032576256034,0.5639889182868467,1.699799677601221,0.7165476821415165,1.591946307240124,0.6810519739276002,1.7177233650595989,0.6216585118356523,1.7582177722702066,0.5717457403241533,1.7757530793359417,0.7705569242410052,1.5865412340056957,0.7353622940494453,1.713980523819234,0.6678154313565193,1.7486377225850165,0.6086861874288766,1.7551141122335292,0.7888233295328232,1.5727266652311505,0.7529404252645574,1.6800845235581956,0.6918678290935574,1.7107591317471564,0.6389184754578571,1.7218766896417808,0.7829103381221353,1.5603474349111808,0.7577132742477908,1.6432165787943382,0.7102850247137679,1.6722068520400601,0.6650537902644199,1.6842599510895526,-0.7522907702664011,1.4034751362475315,-0.6203754536858439,1.4666086019205729,-0.5851476496220378,1.5694010735415345,-0.5898987177800589,1.6705222915565239,-0.5809989050535391,1.7517127390038856,-0.7192160426610246,1.6562428842284151,-0.6634786177395539,1.7847870959603955,-0.6057085810775581,1.824004719545712,-0.5652474311220896,1.848088589155225,-0.7896087795989378,1.6526940076440741,-0.7279762486751745,1.7829166902715525,-0.6525964986015087,1.8195103780334043,-0.5949099830269612,1.8299828906766016,-0.8167902860811267,1.6364733749736438,-0.7641674353925979,1.7450128389203499,-0.6950510966983227,1.7776771636156374,-0.6415134932370832,1.7865733751181951,-0.8184254396477312,1.6228439747835117,-0.7715640779760586,1.6979319783959506,-0.7158458369352555,1.728275718968182,-0.6739041772721892,1.7391907416754704
0.01352118334394579,-0.5677160017882181,0.0954717197790565,-0.6397136812637283,0.13899712215902219,-0.6370444020474287,0.17912820283959704,-0.6335460160931461,-0.0585197511294103,-0.6458483892520666,-0.11020596772973974,-0.6458620267067882,-0.1501481123950005,-0.645239249607834,0.2369372683861602,-0.5758246050747821,-0.19862116162417423,-0.5815274603302688,0.09955585038466881,-0.45799825900726393,-0.08168466212658114,-0.4584649630132928,0.49954561121620283,0.021311553548026822,-0.4995456112162027,-0.021311553548026822,0.6043440176555597,0.8210207375149173,-0.7240476599761991,0.7813392799114088,0.6845256845761726,1.5345821200053262,-0.7221076351829924,1.5533702393389377,0.7425496250949796,1.7483482125849077,-0.7562132635169018,1.810938826302535,0.6623441947428567,1.7669252039157912,-0.6568090723562174,1.8345730404260203,0.6182454577406896,1.7078022918793232,-0.6259522565407284,1.753625907562175,0.6992128240341091,1.5392481498837833,0.6016987460930555,1.6066237423904952,0.578664450295134,1.7166956801760247,0.5732033794468266,1.8191526147722756,0.5595683575515813,1.9036588707730062,0.7134553195658377,1.781206144463907,0.6808512221419406,1.9243021890396736,0.6209908034725096,1.968448397791766,0.5722135153807666,1.9853121207368818,0.7673198228298814,1.7742280609192196,0.7313510243219264,1.9183527231446376,0.6626086047554307,1.9536696901463115,0.6052396647361267,1.9561289778144437,0.7857811641951478,1.7576300157957176,0.7478162374403683,1.8778262484393042,0.6857051540499836,1.9091603210258912,0.6336306061621998,1.9178680884111043,0.7815087669666586,1.742838175786457,0.7565837722307241,1.8352640047985822,0.7072629374802216,1.8650431550014466,0.6618466688141337,1.874234041847446,-0.7508951079538717,1.5711337817502227,-0.6218362461203091,1.6429794288601325,-0.5858352331013285,1.7580111068915496,-0.5879672480128424,1.8708721567131086,-0.5776143409097532,1.9626022229889735,-0.7176078955481223,1.8555542645152343,-0.658961252714893,1.9974305145297888,-0.6035987328511303,2.0416085440095655,-0.5645749109352362,2.0700216758311476,-0.7881417766238615,1.8513602420974202,-0.7260620710039559,1.9943393581262217,-0.6513193013071782,2.0335447675417626,-0.5947041808458737,2.045196709874099,-0.8161842574495028,1.8323705914884783,-0.7645871955543625,1.9522397777642033,-0.6954652304761465,1.9856790692870767,-0.6428958342293872,1.9934574693875569,-0.8188891049388907,1.8162427860074144,-0.7726642938830871,1.8983730943410888,-0.7167265148938669,1.929471542015541,-0.675396677869893,1.9386649543161185
0.01517262787883755,-0.31641946707902097,0.09605776854823601,-0.3567014022430981,0.13981614607598525,-0.35522266898848415,0.18008220924568433,-0.3533021594241498,-0.05756045949191493,-0.3600775640442718,-0.10949064171278171,-0.36008227876436594,-0.14983495722922097,-0.35972114527894306,0.23758990071126795,-0.3210968916261888,-0.19886745923491364,-0.32411529765185776,0.100480239678127,-0.2551782085517818,-0.08010056673943437,-0.25524273688501115,0.49985996389178994,0.011832856717567711,-0.49985996389178994,-0.01183285671756791,0.6045371656642022,0.4574651037855109,-0.7241801915199493,0.43532435600949476,0.6845055403376724,0.8551537140605058,-0.7221960551452492,0.8635005982200792,0.7425070166650395,0.9743139719345885,-0.7530602453157189,1.0054088879658918,0.6618990650570356,0.9846534234700852,-0.6567016027711928,1.0203075442014184,0.6175928374097547,0.9517021743628944,-0.6262943309825717,0.9745765888807303,0.7007177527352628,0.8569803514366964,0.6031217606502224,0.8944015774069114,0.5810378603995813,0.9564259016835245,0.5749442204357762,1.0139501311836758,0.5600894979463428,1.0611527828633152,0.7145378704007359,0.9930646248560182,0.6804630324743061,1.072629537475859,0.6205667613552821,1.097799528096865,0.5715756033702202,1.1076728556636473,0.7678165874483683,0.9887891477891185,0.7314268191360181,1.0686781798231952,0.663126162284742,1.0885208182136026,0.6053014441994236,1.0899972996616045,0.7855225408990282,0.9791288974230106,0.7464626518696718,1.0453611445681592,0.6854246497193853,1.06259225024013,0.6336788417443676,1.067706666007967,0.7805113777830719,0.9704274944599374,0.7544345155399413,1.0207149804603037,0.706042594776976,1.0369434692382162,0.6610236430817382,1.0422694140896822,-0.7515723208809365,0.8762922671562033,-0.6214324750180429,0.9152752617498552,-0.5852953739086969,0.9794266988474671,-0.5877633776017699,1.042411137168334,-0.5780236804339662,1.0933989350250781,-0.7165280326245969,1.0339813583778508,-0.6588184333659535,1.1134763242548016,-0.6038153191501544,1.1382542190494676,-0.5658337223511739,1.1535783259967767,-0.7872595756119628,1.0315926137761033,-0.7258811129840941,1.112135091941442,-0.6519964188848434,1.1341933673002882,-0.5965627912234488,1.1403807689188135,-0.8152418615751307,1.0212165703831595,-0.7638314506905531,1.0887136291547679,-0.6953189266566321,1.1079140804469736,-0.6435480109767779,1.1126399188363028,-0.8177309138940916,1.0124716794048885,-0.7715479690026363,1.0588051337322393,-0.7163410220697402,1.0768287345937722,-0.6756355740654033,1.0825936409966936
0.01813501463113719,-0.23646915448964198,0.097960950224047,-0.26666940991417354,0.14228820690081428,-0.2655487517323866,0.18208807788911707,-0.2641145447892853,-0.05496584345099333,-0.2692220143756251,-0.10759885610513797,-0.2692331073985354,-0.14841827139651548,-0.26896287925749657,0.239032488096631,-0.23998906003416243,-0.19904406666041785,-0.24227984812550232,0.1017488567822865,-0.19051223263197042,-0.07845844293664848,-0.1904560314874625,0.49992206366369213,0.008827811859986724,-0.49992206366369213,-0.008827811859986908,0.6050604368053838,0.3417050878374967,-0.7231035991100934,0.32540770225443755,0.6838658242773952,0.638575515492942,-0.7222722288232452,0.6444283205570072,0.7418383112394865,0.7278028498683851,-0.749475022637278,0.7501445134512417,0.6612760752727939,0.7355923600413198,-0.6551771291296312,0.7619144736269653,0.6168427485126416,0.7109531263768134,-0.6261938134505719,0.7275198989238186,0.6971861521937383,0.6412969336821904,0.6015136138278351,0.6703073441090582,0.5784701391668606,0.7152755148677964,0.5749872259240961,0.7583754313035854,0.5646037343543521,0.7935610279153061,0.7140169983430007,0.7417307447283661,0.6817691834493462,0.8013301395437421,0.6188920425999999,0.8206322097020259,0.5668046049331092,0.8290411416566186,0.7683302347312738,0.7391760898977511,0.7340023420036635,0.7996354831433051,0.6622777181580101,0.8136090118605667,0.6028097099413764,0.8140355937937165,0.7862667862134902,0.7324493018343415,0.7479798359886768,0.7812295820301864,0.6824419086942861,0.7926807360877665,0.6281768555615571,0.7948979737570607,0.7810405760166667,0.7258554197515831,0.7543194474551037,0.7618265706207754,0.7023447719904238,0.77231678499705,0.6549389733509265,0.7745984778610748,-0.7471573745850147,0.6542391792837673,-0.6204431920922799,0.683873322524893,-0.5844262922245826,0.7327225792423415,-0.5855752453754466,0.7797422757831067,-0.5793746626776208,0.8171407990315218,-0.7179045756459984,0.7719856766639249,-0.664186896007458,0.8315814964766572,-0.6066115862976641,0.8490168895190406,-0.5668378982242661,0.8596056267623013,-0.7873317950988359,0.7698729552484018,-0.7272151532650343,0.8294877015457204,-0.6518557469050188,0.843467118502631,-0.5971149677752776,0.8463424720998487,-0.8143543199620052,0.7620488516675287,-0.7626373328978522,0.8114771536661841,-0.6932357944510078,0.8236283773591868,-0.6423355386637722,0.8252432270829515,-0.8165227755902011,0.7554539181134043,-0.7683703037927418,0.7886401419228473,-0.7110546901191224,0.7998874156825772,-0.6696776958523475,0.8022116931369214
0.020459012816911194,-1.6643393346299917,0.09877618360687271,-1.8773156025634816,0.14314552110380824,-1.8693595372648546,0.18227853999597882,-1.8592692247035325,-0.05239539320053897,-1.895549578093712,-0.10508521622402416,-1.8957023943418907,-0.1458974064971876,-1.8938138371246926,0.23820045042179322,-1.6892772442631208,-0.197608231682548,-1.7056311729241151,0.10211726067864892,-1.3398834286427665,-0.07620834934875734,-1.339069025344363,0.49613010621664533,0.06208798358346219,-0.49613010621664533,-0.06208798358346147,0.6009394864379487,2.404617132273838,-0.7158326107984396,2.289902821964472,0.6782550811795115,4.490784629138071,-0.7170374322433661,4.518784413961701,0.7359379259904354,5.120369810907059,-0.740735463641128,5.260170406916187,0.6561784060029787,5.17676233662106,-0.6495635714496178,5.3545930875642815,0.6119129946798036,5.002826364923182,-0.6216868694846076,5.105729792322486,0.6945583751760152,4.506297143396261,0.5968347346069095,4.705083331141754,0.5713980565058708,5.028712623331327,0.5671747690708938,5.329676268793492,0.5563712614711008,5.575449937710131,0.7075298890108553,5.222651612890044,0.675707727808613,5.640338010780494,0.6112243592664508,5.773154941249382,0.5585294727472794,5.8260893055699805,0.7605592982778345,5.205972810945997,0.7270776386204632,5.633194498704627,0.6529299659998261,5.730639462924445,0.5925553336787516,5.729115000593948,0.778745216572174,5.160060593739031,0.7430083921474481,5.510865277045352,0.6760291352725116,5.592591258565129,0.6218017527310012,5.605474445318341,0.7746250252296975,5.113551172114244,0.7485855421175968,5.377304616167653,0.6962236841999647,5.456037915326009,0.6494866229168095,5.475038932218162,-0.743892511697547,4.607929198813142,-0.6162769808883625,4.8119325998741695,-0.5790240130421213,5.153501705566607,-0.580255189567055,5.485173646594936,-0.5743919105865603,5.751768806837234,-0.7124670463294914,5.432385808265327,-0.6592995945489627,5.854329600227305,-0.6015748306344053,5.9804707177430805,-0.5617909450262147,6.054860779320035,-0.7816920880535435,5.420028783025211,-0.7219777438707905,5.846004259830174,-0.6461061169851802,5.944497106894644,-0.591264806343723,5.9594945600935985,-0.8086552440877852,5.36731642778187,-0.7552137409792448,5.719431704674264,-0.6846051198109103,5.803297113668539,-0.633608247517335,5.812950808377923,-0.8109503357637489,5.325391493602436,-0.7609948419149927,5.563340822606286,-0.7028767439953516,5.64133705162815,-0.661904223526806,5.65649731148376
0.023703612328374563,-0.08873587950988983,0.10181256306706588,-0.10010275315486425,0.1468906243420596,-0.09967618861866386,0.18558766129988974,-0.09913969819236505,-0.04970468451452619,-0.1010906854589668,-0.10333717633369058,-0.10110514627688534,-0.14481408534663157,-0.10101005604173198,0.2409495427094296,-0.09008629894691929,-0.19905873122511528,-0.09100417618358835,0.10441844216735542,-0.07140558551186882,-0.0749748189895086,-0.07134886675127423,0.4999890827413847,0.003304109475875183,-0.499989082741385,-0.003304109475875183,0.6063598429724814,0.1281358871412151,-0.720746157490556,0.12205693807093648,0.6831344015884255,0.23910047036845494,-0.7235124363460717,0.24093077984077596,0.7419488720447472,0.2729144790759284,-0.7457604888617672,0.28047143027011134,0.6613998374156013,0.27598218475764535,-0.6536968848940893,0.2856280040594023,0.6163017000304359,0.26669541987078277,-0.6266336191789358,0.27239578354425786,0.698986498180017,0.240021227931749,0.6017284516567831,0.25053694533077814,0.5768387594695549,0.26744047750995326,0.5738934268064452,0.28367340652038714,0.5618584679621702,0.2972276712261214,0.7150746563670444,0.278133709833445,0.6875135031196321,0.3007077765500885,0.6242013147811722,0.307486802816353,0.5713571448880842,0.31007305992987866,0.768060195535925,0.2772092828129438,0.7354574291216393,0.29963116569681286,0.6653640326699257,0.30530521186537213,0.6060006479013256,0.3058443064225922,0.7861266870794574,0.274756546593924,0.7494834361921946,0.29303715109554185,0.6859308364344282,0.29766185087243996,0.6315864792087581,0.2988092467389376,0.7811514923770686,0.27248306138664763,0.7544096117255807,0.2863370773440252,0.7030229674309598,0.2905985797704722,0.655474875401172,0.2916663129046984,-0.7470536413082032,0.24559031973287748,-0.6161313040453538,0.2567688673644134,-0.5789335342650562,0.2750418962124423,-0.5836666445389578,0.29250010827783557,-0.5788414351096435,0.3062679511756383,-0.7139671661144676,0.28959591045274735,-0.6587906122969502,0.3119696169145741,-0.6018777677261856,0.31844502518934265,-0.5633727922223317,0.3226884565254577,-0.7859687550127736,0.2891141856888522,-0.7246229798404041,0.3116640655531519,-0.6483809818719944,0.31641498676667046,-0.5944372266947093,0.3172784534496978,-0.8149824984815687,0.2863605934353743,-0.7592626349325291,0.3050535581227131,-0.6874017461063433,0.3088412665476162,-0.636870929658251,0.30886257307333514,-0.8176235944251178,0.28401466604065323,-0.7674368741403228,0.29659944436964353,-0.7085724643599487,0.30031589430297523,-0.6683398141001297,0.30071030176795155
0.026006591786347937,-0.1279476655013692,0.10345193233431794,-0.14435593095850194,0.14875786898677737,-0.14373930816283617,0.18696161125769117,-0.14296801761758413,-0.04741473523982273,-0.14579701222731695,-0.10144732926973794,-0.1458217328957721,-0.14318610647500207,-0.14568657996616294,0.24149799126769608,-0.1299336540247966,-0.199041097348203,-0.13128893835913438,0.1056581501800364,-0.10290531543646307,-0.07363335717670805,-0.10280336045862278,0.49997734302151087,0.004759880791621052,-0.49997734302151087,-0.004759880791620984,0.6066325661347414,0.18474534991431496,-0.7205315322642418,0.1759018934770481,0.6825479767584549,0.3444835959181724,-0.7246410020096651,0.3473658153503213,0.7417869169665304,0.3934531065833377,-0.7454463507305704,0.4044021722699857,0.6611277866126631,0.3979334930509406,-0.6533097342716983,0.41187008992419194,0.6158507954847988,0.38453881647006016,-0.6269634508592872,0.39277333087171057,0.7005249879988138,0.34615811539796876,0.6021294456205851,0.36137296142698894,0.5777047769479037,0.3860023710738344,0.5729930144154239,0.4094302253763668,0.5598927384662191,0.4287904629458003,0.712859964355548,0.4009858839890718,0.680996295861959,0.43337929036639633,0.617512569763858,0.44367389840232063,0.5649679095502611,0.44778054477537405,0.7667459902956066,0.39955891256094,0.7343296797919763,0.4323205402644824,0.662414105647843,0.44019053148364257,0.6019408814227901,0.44036246671971024,0.7848789392754021,0.3957635361007015,0.7483200724512694,0.4224124166953377,0.6827198094391429,0.4290060362778522,0.6278979897472943,0.43043443006895604,0.7802063284929527,0.3920784781125793,0.7536381851637037,0.41199059251518844,0.7013175599641686,0.41808319896440976,0.6533730630639479,0.4195876038327427,-0.7471621678098851,0.3545755456778316,-0.6160849530667102,0.37058281856586933,-0.5785385084453415,0.39668545488469925,-0.5837748876967086,0.421862986326474,-0.5791421815825591,0.4416476001122639,-0.7134180859374422,0.4174474027158801,-0.6596529870372737,0.44996865107713707,-0.6031443794482908,0.45934048691128043,-0.5647111644202555,0.46530872194222117,-0.785631773887628,0.41678003000936975,-0.7253317208646315,0.4496334285718721,-0.6496187615979118,0.4562835444116386,-0.5961806383708054,0.4571573873271792,-0.8147742702677403,0.4128568684597176,-0.7597978095290308,0.4399494125126117,-0.6883226925727371,0.4452814530333905,-0.6382435050624302,0.4450619539795358,-0.8173742643685699,0.40953713017735,-0.7677483754854825,0.42776402893061255,-0.709152552966204,0.4330556174484648,-0.6692531969228821,0.433435388362016
0.027104124514254188,-0.1939317804136356,0.10441079312667675,-0.2188426130042826,0.149878683798821,-0.217896935446074,0.1878652785656219,-0.21672323470093285,-0.04595460886363022,-0.2210704198035929,-0.10013601773761796,-0.2211216377173906,-0.14201677610724817,-0.22092310363234155,0.24204677105379815,-0.1969673040605884,-0.19893997783762002,-0.1991182408764802,0.10644780198786541,-0.15594917049685003,-0.07285538367135763,-0.15579702570072887,0.49994804646742946,0.007207692654443129,-0.49994804646742974,-0.007207692654443129,0.6070663506331895,0.27987117160663794,-0.7202287064174956,0.2665439082896197,0.6819456993523235,0.5214702098115506,-0.7245153968284215,0.5259626416748036,0.7413724771159315,0.5959432121094612,-0.7450172195943494,0.6127054384432431,0.6611620549639248,0.6028859124178123,-0.6534080931897558,0.6238493872901086,0.6156058677086832,0.5824793676889826,-0.6272811676969573,0.5951111365738595,0.7003286131593887,0.524305992217237,0.6019061846016904,0.5480728287282366,0.5759132090389315,0.5854025826949902,0.5698259288849113,0.6209354846320643,0.5572184143086155,0.650042952699966,0.7121760747618643,0.6080767703783062,0.6821993848003508,0.6562848988240855,0.6217404734934167,0.6722236721666759,0.5708132452231802,0.6796128478245965,0.7657197582198647,0.6062686228154491,0.7349388669929825,0.6549608209044273,0.6649191749117387,0.6673257220398029,0.6049718152102861,0.668747838289407,0.7839309284836709,0.6009075558282944,0.7500109933906556,0.6407543167338825,0.6858769040406755,0.6514504106240727,0.6312166367089248,0.6546967985945814,0.7787468487942494,0.5955487307026863,0.7534182715736218,0.6261009923119916,0.7023790002907433,0.6360275241135553,0.6546169035134645,0.6392039832488958,-0.7491013546335396,0.5362521825960445,-0.618367727970317,0.5603841838628236,-0.5785097640498236,0.6000640985340708,-0.5807023789158833,0.6387959644473965,-0.5773227770293231,0.6695403363461654,-0.7140309301133209,0.6321083190027045,-0.6566528253902023,0.6814298766081963,-0.5977079161951447,0.6954749667473789,-0.557124599189075,0.7042452153435105,-0.7858558107180288,0.631233303195939,-0.7221610721217272,0.6804692389354359,-0.6439513284659887,0.6916763048073853,-0.5874605793187408,0.6934996280484047,-0.8144535354821563,0.6249297921047294,-0.7544647867573769,0.6645755615001117,-0.6810967644960867,0.6725796107999367,-0.6301294850295402,0.672135635988246,-0.817223631741361,0.6196007147573371,-0.7651535647421728,0.6464064808203318,-0.7040933001912657,0.6545767727763888,-0.6624832427570306,0.6549681500671761
0.02806634644796237,-0.4581287419016601,0.10490799843626779,-0.5170228017099461,0.15049620524472782,-0.5147954865856162,0.18830608712924418,-0.5120564386856924,-0.045285365613444255,-0.5223272320800817,-0.09976212018240257,-0.5224829812638213,-0.14174329292292392,-0.5220255062104054,0.24221014945489755,-0.46562129560806026,-0.19912961139446614,-0.4704666221751461,0.10736196423658681,-0.3682699120225861,-0.07210660546038707,-0.36788389835935675,0.4997101879256692,0.01702140074413152,-0.4997101879256692,-0.01702140074413152,0.6062115686891609,0.6607437712002883,-0.7190577063424397,0.6290580758228047,0.6803540420397043,1.2312336898368612,-0.7245444270995754,1.2412238293099627,0.7399724988945876,1.406960912992005,-0.7452428627527469,1.4448955099335703,0.6599307191544267,1.4234483383483545,-0.6555984029746514,1.470052769591058,0.6144018110907157,1.375252415119647,-0.6303935132786028,1.4030537462140336,0.6958328518451885,1.2391274249374562,0.5997277938266472,1.2955334678831398,0.5766062945359135,1.3825964472188077,0.5722599471038595,1.4672120266358686,0.5578331471418448,1.5358825543246617,0.7145777696959822,1.4340832590827683,0.6850915941483865,1.5501367603392588,0.6258720257511413,1.5871156884331452,0.5771865870408693,1.604631261995881,0.7677435208898263,1.4297888570793416,0.7342559328620287,1.545661567126472,0.6628831284880758,1.5719622090269427,0.6041463019847061,1.5733938799551226,0.7838756191198596,1.4174622762564406,0.7439301472307773,1.5109539303970296,0.67740129862862,1.531864428977882,0.6228173887223185,1.5361008067756015,0.7767312061292224,1.4055553020579674,0.7472809439059117,1.4751047437679425,0.6943948155253366,1.495323430941805,0.6464692359414447,1.4999971280162208,-0.7459989635079809,1.2644074515985975,-0.6187702076334932,1.3228805814233777,-0.5791517975534795,1.4164872660068597,-0.5797982373906065,1.5067120555692957,-0.5762381412023144,1.5787923706166147,-0.7149086733955555,1.4933314701395706,-0.6568791723418794,1.605319408716195,-0.6003585320243194,1.640480448624968,-0.5596436798019535,1.6639969466200268,-0.7846292560540089,1.4902073247480863,-0.7204297206091589,1.6006430649236238,-0.6462637783187919,1.631618625460736,-0.5906055589002209,1.6419125267405565,-0.8123218116116532,1.4753229962188823,-0.7567697452981195,1.5674055783324616,-0.6879218981794671,1.5922845253962605,-0.636000251354337,1.5976980819918662,-0.8150851748766541,1.4625458625285095,-0.7658126785933631,1.5258596362651784,-0.7083396670273845,1.5496866146591954,-0.6655046341221516,1.5565640099882498
0.030226778714641234,-0.7481540994072368,0.1065474455313201,-0.8443054994717494,0.15202289561582094,-0.8406710680831385,0.18919543043391548,-0.8362273234406392,-0.04356489674596895,-0.8530342835909446,-0.09870571989223964,-0.853294194459339,-0.14118990423395494,-0.8525259285101142,0.2425090181072026,-0.7604692879067525,-0.1994299684039519,-0.7683016786601419,0.10878188299115926,-0.601382232604761,-0.07073419767344573,-0.6006523550254844,0.4992113201396444,0.028072367987641726,-0.49921132013964425,-0.028072367987642045,0.6058248108292833,1.0784247011304235,-0.7168974970471094,1.0232717478038467,0.6792279755417789,2.009397512905001,-0.7239332881800333,2.0222438236138447,0.7387487233376483,2.296067235537913,-0.7435124859256762,2.3576568050759064,0.6590135677295507,2.3228626501286604,-0.6556734266779449,2.3996300837537414,0.6133206651086267,2.2444546537844037,-0.6318422641693516,2.287783324433227,0.6985967716870414,2.0238548056843157,0.5987650298252075,2.114512181893891,0.5733910056901886,2.2591618864269307,0.5689877169921638,2.395074331486372,0.5557985447695529,2.505365613998592,0.7097899866298202,2.3438150556831223,0.6817741561620467,2.5310309813354497,0.6202936653614055,2.589151970537682,0.5697011548994618,2.6126715775595084,0.7642424047778212,2.335926993484137,0.7328699949815136,2.5261239173188557,0.661105985152171,2.567642518160421,0.602508284155194,2.567605957808089,0.7824762088277544,2.3148895020187936,0.7478610359959598,2.4707047381539367,0.6830746992290814,2.5059445970327903,0.6301696486311312,2.513417533049391,0.7778865084005011,2.2936545846508603,0.7530196510023894,2.410698564238746,0.701882257553936,2.445692804023298,0.6558544146102175,2.455361023013998,-0.7435373936701589,2.0681815739517955,-0.6166262607457738,2.159866628428731,-0.5771337593619944,2.3099066583628214,-0.5780439559342525,2.4547677482057066,-0.5712989220396886,2.5711453322806377,-0.7111175235170899,2.438095895175609,-0.6566571365597152,2.625774807835192,-0.5978220401421226,2.6786227971306737,-0.5594298185531539,2.708692025089306,-0.7820226542376819,2.4291638687341335,-0.7235843711496982,2.6175307807512316,-0.6489942293341249,2.659018803843573,-0.5966462444050777,2.665323470419757,-0.8113115750155893,2.4005085293102204,-0.7577698123765119,2.552769766831882,-0.6865408392561277,2.585468348856843,-0.6382108865551644,2.5874010620278325,-0.8164026846106732,2.3767300085205183,-0.7675858001076004,2.4852504405125257,-0.707846932231067,2.5168299433892964,-0.6681300525393667,2.5197620836462997
0.029969392807951432,-1.6970048700138578,0.1056305274259772,-1.9154999920183535,0.15067750622433776,-1.9072802259225174,0.1874273421061664,-1.8972516817007927,-0.04314174880496464,-1.9349850543794902,-0.09811491543273469,-1.9353814782520806,-0.14043580840036732,-1.933574961098849,0.24011477915119323,-1.7250722077535605,-0.19856813164909076,-1.742235251195587,0.10773155409665908,-1.363957568324169,-0.07056802011910218,-1.3622558095707282,0.4959038895147311,0.06386965135462498,-0.4959038895147311,-0.06386965135462577,0.600699404134321,2.445244755151697,-0.711838317151512,2.318778003219763,0.6731039391338602,4.555986330636752,-0.7135568572898215,4.581031878419891,0.7322454638608566,5.205749174854459,-0.7291106472919636,5.3440506113325705,0.6532224216440029,5.266070418037743,-0.6387778425857416,5.442010266342945,0.6077580192317416,5.088538091324209,-0.6182741635610837,5.1825425514993055,0.6918911477525269,4.589948400922971,0.593927239989716,4.79318497212049,0.5692358301713346,5.119490053345928,0.5628618825247192,5.428299728148707,0.5495339654466828,5.68025875279725,0.7023903202768608,5.3138975263164525,0.6752779859607225,5.735895260634483,0.6180480660026614,5.866486026693443,0.5718837629097336,5.921334208730809,0.7577667535494765,5.297870998463526,0.7286825438593016,5.730922628103395,0.6601041988121713,5.824800473809679,0.6042864986093505,5.821187439503216,0.7768842914461013,5.249333191112853,0.7445535824311516,5.603908720788381,0.6810424388343234,5.684371462060989,0.6298354399217392,5.699868168654541,0.7722605094476148,5.202470010843733,0.7498391820356527,5.471414215751924,0.700575578980409,5.5510954141426385,0.6562301566485691,5.572082516005816,-0.7380788388206484,4.655005628165875,-0.6035917308648334,4.836267806106504,-0.5552042041051671,5.183841857119735,-0.5521150044365634,5.518575844411816,-0.5451426557821581,5.784013280728439,-0.6786737543802734,5.513805192104784,-0.6330309410421975,5.933992640981821,-0.5754085170473447,6.049407004907021,-0.538432335239216,6.099079066874136,-0.749567301998356,5.498887294511516,-0.6990894283867687,5.90163962957009,-0.6297667248087808,5.988959900912475,-0.5798337703218854,5.999332489806895,-0.7812040297670687,5.437926196066197,-0.7347357657859146,5.790185736083035,-0.6685381096402789,5.866865870099879,-0.6221160006898171,5.871377264208867,-0.7906655212964334,5.379995554639295,-0.7421941289832403,5.642222409782466,-0.685913678028754,5.717945398707695,-0.6471805418504931,5.723481013430468
0.03180988388997343,-0.22665436948966067,0.10702799197494817,-0.2558870305519316,0.15220926987676967,-0.25479168087753556,0.18884369942485718,-0.2534545498490037,-0.04202086371320695,-0.2584551446974235,-0.09779046813169175,-0.25848901525610174,-0.14085314591864162,-0.25823589331312286,0.24137142750635587,-0.23043683388847602,-0.2003897904420979,-0.2326353456429157,0.10908073795553158,-0.1821162481142194,-0.07013331757171508,-0.18183086849630892,0.499919766640186,0.008956948276163406,-0.4999197666401862,-0.008956948276163315,0.6048904220421735,0.3273380829411255,-0.7178288017031453,0.3049923850741337,0.6779691471486043,0.6087104911832351,-0.6892711021166783,0.6092990929455026,0.7374879300944464,0.6956680095225166,-0.693129286346672,0.7129607442219417,0.6580524865249257,0.7037153921708429,-0.5957611527137099,0.7278457459034253,0.6120689400061503,0.6797945117148476,-0.5761956306742516,0.689944389132075,0.698178771031283,0.6134590225436346,0.599010123602552,0.6410337903222727,0.5733241734094713,0.6846709649173978,0.5677371720901133,0.725593656167029,0.554340488087531,0.7592863944121472,0.7105635215432338,0.7109746794984968,0.6820723020809243,0.7671831740406367,0.6237876372967844,0.7845647181513578,0.5771193413259192,0.791494775584241,0.7654037396685658,0.7086803523689867,0.7347469291185028,0.766277539816932,0.6666702803972211,0.7792576249884707,0.6109224604262006,0.7794442154769032,0.7838280404429792,0.7023108728432744,0.749890542184011,0.7498683629949303,0.6873027395705247,0.7614095542540513,0.6360086288588327,0.7642967169656637,0.7783959507500325,0.6963033849134349,0.7548530560093978,0.7329506237665849,0.7051696589649943,0.7443553247386518,0.6599017440652123,0.7477439934902163,-0.7306026257854176,0.6067510390416087,-0.5901698946632383,0.6317532572444517,-0.5376082796634623,0.6791707289258578,-0.5215841075146346,0.7225576041245605,-0.5029540647363936,0.7553425912360567,-0.6631754206875773,0.7228730237022511,-0.6233986889244373,0.7774530096865162,-0.5760276149932354,0.8010175436397514,-0.5379644261666399,0.8165533439129801,-0.7259524391723322,0.7231336052325579,-0.6778801731217973,0.7772498871396812,-0.6205551925405016,0.8012553431871379,-0.5684614006366502,0.8151198934832071,-0.7597044357665914,0.7174657301366077,-0.715272342540777,0.7670826712221779,-0.6590856202058101,0.7885802946541712,-0.6108206327407363,0.8014038292970573,-0.770554217385482,0.7099907196078489,-0.7309867749020977,0.7503979936952135,-0.68397831603606,0.7689411165191746,-0.6408219901646091,0.7796127618284208
0.03280023854077471,-0.19235343484898015,0.10738400384816583,-0.2171788419750046,0.1524642569476415,-0.21624572211150508,0.1887495680346703,-0.21510566569497047,-0.04097556573955052,-0.21935478004425546,-0.09699759057490787,-0.21937087939123276,-0.14033925040461617,-0.21914017917444134,0.24074881149523608,-0.19554611518770565,-0.20064400276218386,-0.19738469486644059,0.10924293173898553,-0.1545174860424694,-0.0696489192718564,-0.15424610928411311,0.499937902269065,0.007879966675489156,-0.499937902269065,-0.007879966675489234,0.6040762510659828,0.278248289340337,-0.7178414112719915,0.25615441902392816,0.6772520512371776,0.5169818233689542,-0.676432240337581,0.5147489809589245,0.7365953783734248,0.5908860469378001,-0.6782450204853757,0.6012747500186596,0.6573526103660671,0.5976836536596587,-0.5791558022340696,0.6173621081205295,0.6113352159389782,0.5772785020793773,-0.559751051816217,0.5831472278615413,0.6984049082027447,0.5210952921564731,0.5975401284173673,0.5450532613292723,0.5718225670332406,0.5825144721444396,0.5661216100486274,0.6174832813969808,0.5534357373557461,0.6458842421613872,0.7084467572247368,0.604154477891808,0.6804533527162414,0.6521344710860183,0.6229864779301906,0.6673346524076509,0.5766825168673918,0.673504727136693,0.764228947316055,0.6019588009955452,0.7333914065005511,0.6512293966274924,0.6641702926619991,0.6615783651498548,0.6079912152907054,0.6609753247168015,0.7829876293315586,0.5962308588646079,0.7491403877928413,0.636702561929702,0.6853630386350995,0.6458672008313422,0.6334026827843883,0.6474991436789272,0.778104814250411,0.5907447494776272,0.7547994529745636,0.6215702033889523,0.7042924589548148,0.6307735492311973,0.6582864137014175,0.6331166892949862,-0.7236895319904643,0.5170027182660949,-0.5831900996821656,0.5381260034833522,-0.5352475182178524,0.5783343794635785,-0.5268320224758113,0.6168397356920116,-0.5110317195524897,0.6458201016779511,-0.6617584263529458,0.6135681428626499,-0.6302458600522184,0.6616432763467099,-0.5797251802641945,0.6811186906390536,-0.5410866680821205,0.6929984672814469,-0.7282645841850368,0.6136976227170631,-0.6803445341684935,0.6612122762757704,-0.616506767350806,0.6802937703761167,-0.5645715298918679,0.6907446443394524,-0.7630074090477026,0.6096998465772371,-0.7170318646986013,0.651120297861274,-0.6571282138362403,0.6677929699875572,-0.6102366826854877,0.6772175105810914,-0.7750401618295811,0.6048142942134035,-0.7360759867774262,0.6387989024297221,-0.6886333531041844,0.6535541252040465,-0.6497555903267171,0.661851454604698
0.03338592143159519,-0.04685604684396385,0.107895123537611,-0.05289347857253557,0.15296236588678594,-0.05266125281357531,0.1890939122726584,-0.05237894855207654,-0.04018993344325431,-0.05342247316671825,-0.09623450101163715,-0.05342181616012518,-0.13981438030916038,-0.05335929624702265,0.2410872704517161,-0.04759598226922652,-0.20023173348806875,-0.04804782551776576,0.10924686204748969,-0.037634218874215586,-0.06912511645077578,-0.03755527379628631,0.49999593953740784,0.0020150548639617976,-0.49999593953740784,-0.0020150548639617976,0.6037102383543874,0.06783242148504345,-0.7181473055583241,0.06123115295550412,0.6770493136446157,0.12589918561443145,-0.6727596554455395,0.11997665703891448,0.7364341676196643,0.1438919264575599,-0.66694432547809,0.1388625722736323,0.6570691896118986,0.14550570150895867,-0.5714856803066499,0.14435737912838414,0.6109730368928928,0.14056186246889113,-0.5581114312627193,0.13646597908092786,0.696928449556997,0.127085614377404,0.5981530540532168,0.1326805156651764,0.5731083340550485,0.1416516382619498,0.5694542333240343,0.15015797562316804,0.555948032033616,0.157164752793421,0.7098128644866722,0.14711378250321752,0.6844239502667984,0.15892928478623933,0.6248035686259753,0.16242591558926564,0.5773035975730505,0.16373043868017365,0.7648966260705079,0.14666165768042413,0.7341149462247208,0.1586681507371839,0.6647165776202437,0.16123581593231268,0.6087255921785182,0.16111659530736056,0.7831300729277036,0.1453763233535042,0.7465480026793759,0.15524164235212282,0.6827824342744366,0.1574254905527853,0.6308219598304301,0.15780482321653694,0.7775099588391506,0.1442086244927721,0.7523183470295852,0.1516919713025511,0.7018221168691866,0.15390620866531218,0.6561037097969892,0.1544304164971739,-0.7205635923945488,0.1216057205294473,-0.5686243780508973,0.1263711040644256,-0.5212940002711305,0.13707979009767313,-0.5089889733839088,0.14719902650149944,-0.4893740758095292,0.15494042047221399,-0.6386699052380859,0.1451405727020287,-0.5936832030014101,0.15762169566456355,-0.5436962534280253,0.16319943135150747,-0.501198282398195,0.16707510281535512,-0.713597164777788,0.14574378818387623,-0.664631697522408,0.15836398797062043,-0.5965625328885614,0.16370084209745722,-0.5383639137518,0.1664190973751882,-0.7499535557886057,0.1449818273947315,-0.7020199200470334,0.15620589859987674,-0.6401332314478724,0.1610889384583951,-0.5894780075938876,0.16371081191179018,-0.757774167634766,0.1441168938579681,-0.7225527245201315,0.1534754000564273,-0.6725732864598296,0.15820528437802758,-0.6263157196707999,0.160777830193562
0.03284500619673873,-2.521461645932222,0.10541953083387495,-2.846170922752857,0.14919438535073062,-2.833309768933322,0.1843769769433441,-2.817850072844428,-0.03876504591317269,-2.875149560297624,-0.09329157342913759,-2.8750702884542707,-0.136012664454612,-2.871378806727611,0.2352929942347117,-2.5597516329069205,-0.19465462714640003,-2.584737443277953,0.10639538836563689,-2.024443492243856,-0.0669281316369006,-2.0205439922048507,0.4865776098067894,0.1150748870723403,-0.4865776098067894,-0.1150748870723403,0.5883154741377096,3.6620991400406435,-0.7133270526723863,3.188281774718721,0.6602225122231207,6.793663035263255,-0.5839134621333923,5.991878376580034,0.7165112757985255,7.765656148071168,-0.564820321595704,6.971224093411894,0.6391394355352475,7.852858549029931,-0.48198367915455914,7.0887274537279605,0.5947878492171207,7.589062093969109,-0.4693747866295849,6.797348894873364,0.6818930551451143,6.852302835301944,0.5861080844008639,7.1439017811252965,0.5589958345959217,7.625222423194707,0.5550369432324855,8.088987444125424,0.5441722334026139,8.470305250275274,0.6912102175725334,7.926408202158936,0.6659982876677756,8.57737171342812,0.6069589069961777,8.765773336708262,0.5607574200836741,8.8307964878777,0.7445879981306924,7.904772048828331,0.7115810809051422,8.559470894333261,0.6425949470552166,8.692269784934965,0.5893789962044081,8.681745182753566,0.7635472835436077,7.840648436306876,0.7289806206964577,8.388419122726086,0.6667231871709528,8.507703569565159,0.6166158304875718,8.522456003392078,0.7601106386025857,7.780372600352166,0.7367575546529127,8.207653458144009,0.686636861249931,8.334544628675086,0.6426006395574854,8.362145847665127,,,,,,,,,,,,,,,,,,,,,,,,,,,,,,,,,,,,,,,,,,
0.033765623551550224,-0.013457460744415915,0.10845873316114245,-0.015190564792703852,0.15346071432782782,-0.015120669403888324,0.18980842973712445,-0.015036955947832317,-0.0398153779404732,-0.015345837813499566,-0.09584156791936392,-0.015343852217315662,-0.13982965181021575,-0.015322214926373673,0.24248173169494114,-0.01365565989148694,-0.19997910769905472,-0.01378856266299138,0.10937709655174503,-0.010798444057475515,-0.06881133424128585,-0.010779876780603038,0.49999959345245376,0.0006376106813905499,-0.4999995934524536,-0.0006376106813905446,0.6053935460362487,0.019575163693069112,-0.741721655084536,0.016751447660332867,0.6792614838035288,0.03630804407652951,-0.5822669841799123,0.031312151905011486,0.7366167826865819,0.04151632594938898,-0.5599957935814469,0.03653100760323759,0.6569475455558926,0.041982415365265605,-0.4765710374405261,0.03692857742916742,0.6117089883581793,0.04057399984999696,-0.4630415319602788,0.03518044172686397,0.702748932858541,0.03657630082450975,0.6017438504628103,0.038181527672270045,0.574595328769218,0.04078484553252068,0.5720287967211504,0.04329759497379297,0.5616515748339699,0.04534492787898468,0.7118542657868289,0.042376374470146944,0.6858615200637748,0.04579153982790756,0.6239602471078375,0.0467006665187905,0.5768528396508723,0.04698177406930439,0.7677658485653986,0.04224841916750012,0.7338449615366253,0.04570514686837797,0.662845382663222,0.04630591437700668,0.6103820544811764,0.04616840057654263,0.7871756236259189,0.04187325864192116,0.7526023957591129,0.04477633844346032,0.6882998928192208,0.04538481403046709,0.6373789935127376,0.04542841303653846,0.7831337539246661,0.04150938086863681,0.7599568318241006,0.04378046432958379,0.7080347507851772,0.04444337108580739,0.6628164380710243,0.044553447011016094,-0.6369674951051614,0.03055935561746092,-0.500127920054857,0.03143385303026817,-0.43850730925737014,0.034157418114787556,-0.43243664114576075,0.036959433774100936,-0.4309080153271707,0.03898096294068489,-0.563589524032977,0.03567667856074612,-0.5473632358397714,0.038941461291943084,-0.5301754183323388,0.04131393331930324,-0.5118057245284556,0.043148083486250995,-0.636856903339596,0.03600334968602165,-0.6163206315202987,0.039165332004804786,-0.5839795671032513,0.04147951581983141,-0.5579311908778515,0.04342168722546778,-0.6841628238522995,0.03612446204145677,-0.6684004020282771,0.03905470936476178,-0.6366083646591915,0.04114495638051817,-0.610472150798509,0.0428357110566417,-0.70701708903926,0.03608764590404388,-0.7015036461549055,0.038533816292638357,-0.680741422475705,0.04024338757163023,-0.6591802109349956,0.041654428519674574
0.03377905711079877,-0.19593683740529255,0.10845233344711405,-0.22115429984340132,0.15344272899299033,-0.2201160382049494,0.18978665888636967,-0.21887469071793483,-0.03983183400492672,-0.22345984692023482,-0.095827255636728,-0.22342135552528863,-0.1398000164614253,-0.22311771090742905,0.2424808319943526,-0.1987369551669631,-0.19997153796907602,-0.20068282640215748,0.10938515133389598,-0.15716025621473073,-0.06879745211789487,-0.15694426700081676,0.499911802092307,0.00939095995210686,-0.499911802092307,-0.009390959952106951,0.6076897413310121,0.2839179747806611,-0.7473300779730446,0.23718154807611375,0.6787368052365733,0.5263546261621355,-0.5304767277730001,0.40655234640320276,0.7350389559923727,0.6042639214269544,-0.5128799113009799,0.48253462246830653,0.6567839667873343,0.6110526662497021,-0.4169628619051541,0.4855827910262723,0.6116159075765079,0.5894241764685532,-0.4100978007123768,0.4601916799086904,0.6997427733057571,0.5321682264860988,0.5998091365618878,0.5551705966254975,0.5714684361705974,0.593126436299275,0.5675989817729529,0.629301786515462,0.5579377253562486,0.6589033313574983,0.7089411339023886,0.6167721376169333,0.6832752586889593,0.6666888283484663,0.6179201237252683,0.6798303154657531,0.5705257480802071,0.683300139759266,0.7649075304439178,0.6149816753888343,0.7299808948720623,0.665950580889487,0.6547557235916126,0.6741617577163824,0.6029495342252074,0.6711817364235602,0.7851954830234916,0.6095496647574965,0.7505115875437667,0.6525956414911349,0.6823464558002554,0.6606093749580453,0.6321287000484477,0.6600584231276562,0.7827831383449773,0.6041240401985021,0.759322835409047,0.6384535530661334,0.7051382615562037,0.6478933927157998,0.6612682177656679,0.6487184207742941,,,,,,,,,,,,,,,,,,,,,,,,,,,,,,,,,,,,,,,,,,
0.0335406799564631,-0.5088276392574639,0.10855275017509365,-0.5741010823805257,0.15363709596843977,-0.5712957923254465,0.19012567463973215,-0.5680317170287965,-0.04014924188382533,-0.5804168744585443,-0.0962724240774383,-0.5804236881007458,-0.14027659753530436,-0.579860199890678,0.24320059591362825,-0.5155105730894424,-0.20056871001415727,-0.5209087946843196,0.1094252389838343,-0.4077792813158947,-0.06915358371727225,-0.40774964197231794,0.49942740111178074,0.023922186746458678,-0.49942740111178074,-0.023922186746458376,0.608917619802205,0.7303043976544563,-0.7508959729695105,0.5959718518011545,0.6791673063636694,1.3523651744221608,-0.5140875775214958,0.8845836539313741,0.7346418653183419,1.5622414798496163,-0.489918564306161,1.0599061627835422,0.6576688333220037,1.5822620047304148,-0.3831999187525551,1.038324859595776,0.612355255892765,1.5208824445648326,-0.38146491866421467,0.981299671039794,0.7013185948834112,1.380571836165302,0.6010298380252409,1.4412339198070618,0.5723517362412663,1.5389295115426578,0.5680986257941993,1.6327849345334626,0.5577013696711266,1.7108390670160718,0.7089729527853477,1.6021769181570897,0.6831801176635282,1.7315607156794102,0.6224597260346613,1.7690207577750625,0.5750652887884586,1.7823066787038546,0.764866735653503,1.5977278369208883,0.7309166416231326,1.7295409250094653,0.6588844149815386,1.754755943583315,0.6042092321850955,1.7506857008535195,0.7850406288181283,1.5840980541823244,0.7523856013012894,1.6963746131078195,0.6867970138994934,1.721192623462726,0.6346415345126479,1.7241279405231518,0.7814787347596122,1.5712134567792035,0.759682109670677,1.6612255313255238,0.7077312115536114,1.6892302821380931,0.6619413957586561,1.6961854209760232,,,,,,,,,,,,,,,,,,,,,,,,,,,,,,,,,,,,,,,,,,
0.03243232354342928,-0.14690351393214726,0.10812400068526805,-0.16567892375924048,0.1531305938659162,-0.1648533892965708,0.19021758852278595,-0.16390510486423382,-0.04094451422592647,-0.16760387241690158,-0.09712626645301053,-0.167662399602439,-0.14089063391052642,-0.16760419975015406,0.24358095765760251,-0.1486973983555289,-0.2009544780353355,-0.1504337048598052,0.10876615754112955,-0.11771488047825572,-0.06976210120833676,-0.11782473351777673,0.49995342954023864,0.0068240963470374795,-0.49995342954023864,-0.0068240963470374795,0.6108298250642055,0.2104092091059827,-0.7520230976551665,0.17066231066113385,0.6800204621160801,0.38660045663419956,-0.5319049335174041,0.21425314895611036,0.7338354580506234,0.4468902008027257,-0.45413977187577853,0.24240066626727114,0.6587743446659919,0.45353964849292033,-0.3757247246458558,0.2248341308747875,0.6134722114776361,0.4349846321446991,-0.39014855556212624,0.21548752265108553,0.6973830595331015,0.3975352857987713,0.5978746213266594,0.4157604156951769,0.5716802669425125,0.4440677371001818,0.5684919967968232,0.4712225181233234,0.5585000898847156,0.4938196418727033,0.7087453043092606,0.46162248849557747,0.6873002560069122,0.4986362852158005,0.6245678149847599,0.5073593890602427,0.5791233723100317,0.5089143529426637,0.7653261783602847,0.45998647689985067,0.7356339004852489,0.497891340199883,0.6639677168310036,0.5032222895492239,0.6144004994495447,0.5000312486044257,0.7855102671641402,0.45552682320187143,0.753605891653241,0.48713674072410845,0.6878036317107743,0.4924902760678682,0.639827357099632,0.4914636280548955,0.7822680639073227,0.45139725235565903,0.7618215342324951,0.4765459388078581,0.7099382173591341,0.48295460015755315,0.6677022067407973,0.4829028815036667,,,,,,,,,,,,,,,,,,,,,,,,,,,,,,,,,,,,,,,,,,
0.032317668489336246,-0.9210479182064253,0.10831203549906897,-1.039820851929202,0.15333866515946495,-1.034639993146358,0.19059002106385822,-1.0286813892662954,-0.04100416363274892,-1.05184796291886,-0.09719895199916846,-1.0522031455055185,-0.1410013985665218,-1.0518226954473973,0.24403987797397095,-0.9332327968227772,-0.20108373972665855,-0.9442596857103863,0.10868755591211451,-0.7372414431769392,-0.06988627439785436,-0.7390588522828798,0.4981836178272478,0.04258031151312295,-0.49818361782724796,-0.04258031151312295,0.6110514659683722,1.3197940907862202,-0.7347573158737779,1.0802161434405912,0.6776842251171957,2.428132210971729,-0.45868023254027634,0.7426016393791897,0.7304171794205853,2.8053587149291754,-0.3450895118082537,0.6363192590494845,0.6589342705930147,2.8481005944610422,-0.3337475508868774,0.4663394320016354,0.6139769263827645,2.7303426735553162,-0.34933526365247985,0.4894626606421785,0.6947344999214259,2.498122285217076,0.5919830001758044,2.6167680598761502,0.5651123536563039,2.795056160223498,0.5613117440124054,2.9652434681345765,0.5494787308715517,3.0999679825610262,0.7048569023853883,2.9055296539904587,0.6742739347203541,3.136435722959442,0.614395497949298,3.207481689914695,0.567514641654671,3.237462880078096,0.762583622324865,2.893857314734265,0.7309617092447864,3.132465648540836,0.6599863331563878,3.1785629661123127,0.6050520522937665,3.1743311782087997,0.7834709993523181,2.863964047154491,0.752858770356397,3.062511318523412,0.6891092613113189,3.1105326616048057,0.6376597695213027,3.12155913963922,0.7804918931646336,2.83353790298143,0.759700540389688,2.9884106580669334,0.7099687223564319,3.039404524010649,0.6650589698510145,3.056244574747462,-0.41284252587490167,0.8014596463191318,-0.45866047273349947,0.6440609657937453,-0.44370288759336995,0.45995395165247116,-0.42673123159482657,0.32158681280344487,-0.4142782650268833,0.2294562707588364,-0.31080078157184987,0.4268753392556167,-0.3050177167603805,0.20799699755608222,-0.31581153223333697,0.08215040438332707,-0.31978922337967036,-0.007044591586466355,-0.25792690200821305,0.4744669298955467,-0.2664868503039693,0.2696081317524747,-0.2951289004378062,0.1534402127095257,-0.3159980311755973,0.0732876846978299,-0.22703719487457394,0.5219069157067012,-0.24382798557789537,0.34428891691960933,-0.28038884134079106,0.26938051908271315,-0.30464967984862495,0.2302664732584211,-0.2067483297817507,0.566286866925102,-0.2190265692072158,0.41164624389449944,-0.2513246040162014,0.35107251401425904,-0.2772840291482919,0.33221640665195784
0.03285816747392293,-0.406098004042974,0.10988867208001758,-0.4602716345434721,0.1549766565870865,-0.45809085009599354,0.19259240408941103,-0.45560180193415795,-0.0402291541966727,-0.466019211497657,-0.09664804254883112,-0.46633246183092253,-0.14066647587172773,-0.46622348154131765,0.24636272705163748,-0.4145076195022277,-0.2009629626695459,-0.41948897979463895,0.10883171379402314,-0.32487640858681577,-0.06957711469056971,-0.3263700369486734,0.49970952614241015,0.01704081812965101,-0.49970952614241027,-0.01704081812965101,0.6107668867862154,0.5784846943908649,-0.7374876576029357,0.4919440085434778,0.6787201937405938,1.0662413030379971,-0.4628341396336335,0.259334012300834,0.7294202159980702,1.2315828981916555,-0.3495769940651632,0.1975340281729441,0.6628260968859565,1.25302263952518,-0.3510396296078961,0.11410807516173858,0.6181701586573143,1.2011725014387478,-0.365435594159836,0.13819217516965526,0.696442035669029,1.101476933578574,0.5944887487951989,1.1513991541290984,0.5671462707232081,1.2291938544053893,0.5627345305561758,1.3053743408080303,0.5527014558682692,1.3671433172328882,0.7035709682952581,1.2821129422542532,0.6764739249635943,1.3837547421415994,0.61693757592559,1.4138612271384705,0.5703636294335258,1.4253933726925632,0.7626059678568096,1.2771520724322665,0.7319041440346425,1.3816656208162428,0.6627464827243216,1.4038838186943166,0.6081800181457457,1.4031969346060909,0.7854592890186071,1.264390317321083,0.7562528929840928,1.3531176808928411,0.6928446925948994,1.375867724343979,0.6405310890487453,1.3813778475723109,0.7835843839637138,1.252235116400796,0.763532264259696,1.322933404640994,0.7140337228109269,1.3467939227902035,0.6685764029680356,1.3545110328817345,,,,,,,,,,,,,,,,,,,,,,,,,,,,,,,,,,,,,,,,,,
0.032826780927024776,-1.734056763616639,0.1092182863307435,-1.9692830354223567,0.15387197387997656,-1.9608329293464233,0.19123596126746387,-1.9512231719825714,-0.039533533025619426,-1.995092253090295,-0.0954138314845318,-1.997078621021639,-0.13915111059924012,-1.9966817350193569,0.24451888920866072,-1.7799455448785544,-0.19895650329129344,-1.7983813647853448,0.1079997606208224,-1.3843951570142266,-0.06867129860016698,-1.3893306514996375,0.49565737324368003,0.06575536745525296,-0.4956573732436797,-0.06575536745525408,0.605807069116381,2.4653843369312756,-0.7246533846568903,2.1502421229277457,0.6719510582368994,4.551526463610553,-0.43452090463342324,0.9914466204519686,0.7203298811235458,5.2576525509482455,-0.32193935325518636,0.5955280278003672,0.6567179783716351,5.348638666971431,-0.3357109565141702,0.22371677153152794,0.6131904633457803,5.127739049646532,-0.35431786086567957,0.3619908470082688,0.6875151681265229,4.705463970737908,0.5867658868949396,4.911996624847382,0.5595511962492477,5.246690125471146,0.5554903378035848,5.567152317274799,0.5450760494321626,5.828486246418139,0.695728064933419,5.482341964494155,0.667847291595674,5.915747680330064,0.606843570215439,6.036374669312752,0.5607740798227805,6.071411486533751,0.753027602243605,5.461504674206368,0.7219154730376933,5.907753373022377,0.6524400647960759,6.001357231291085,0.6000397718464117,5.994179175859184,0.7755867536707592,5.407621198052779,0.7466307612918665,5.788200766850553,0.6842234726083467,5.886181998663964,0.6343507405535399,5.91132147120305,0.7740913360113487,5.357301169072024,0.755233016451465,5.667566801356105,0.7070667232209643,5.774350840673257,0.6639620885755954,5.810812416629011,-0.30539304795151334,0.6706898648184976,-0.20691681161884273,0.5327246937790802,-0.1487499756448346,0.27032490867257936,-0.13397338199290884,0.05249379376962139,-0.1530144804092808,-0.12193101530561708,-0.2173557386806855,-0.146171680579771,-0.26623420739144127,-0.5382659820355535,-0.2820971661587526,-0.7918784629977771,-0.2920519513343358,-0.9994692213906788,-0.2699507946117701,-0.10445756643756351,-0.22328209797248608,-0.17428120920820273,-0.1961458488718068,0.09403039444596405,-0.19716500232148718,0.2821950558463034,-0.3243575485344005,0.0019555550044087627,-0.26090110418633466,-0.057813771569744855,-0.22979584699611874,0.17674585577901486,-0.23221521554630525,0.3389613816922516,-0.3825015057244464,0.12913348852867212,-0.321665813508475,0.052103884279098185,-0.28496438900012344,0.21358997712954716,-0.2811599740670025,0.35195009625131396
0.033074550583339773,-0.20969274430702006,0.11010388921353746,-0.23833713096517414,0.15511298480850463,-0.2374451866400257,0.19284638183684064,-0.236418674675011,-0.0399055470367392,-0.24144925379739854,-0.0962925068325784,-0.24172701641013988,-0.14045810566258154,-0.24162662988855324,0.24655811179066722,-0.21611218338079388,-0.20076596848224942,-0.21772619796863943,0.1088328527933239,-0.16747038901100056,-0.06921699621114494,-0.1676658168587227,0.49994109058545455,0.007675020796477285,-0.49994109058545455,-0.007675020796477285,0.6096354057709407,0.29755673891900614,-0.7231967270986611,0.2616851322464454,0.675665215173025,0.5496658831832257,-0.4360739199773746,0.11988384875369161,0.7161863702777292,0.6349650748445759,-0.32537386784531014,0.0682094999436088,0.6568872879932474,0.6462980145052857,-0.3426941697143986,0.025375025993075617,0.6171997379905324,0.6197383009607532,-0.36103491920833597,0.043567023609575185,0.6951898360912173,0.5684065135363369,0.5936066845451674,0.5933220637151723,0.5662635917586433,0.6341494167738047,0.5621315820472214,0.6728641047742158,0.5492680238851674,0.7039003726213937,0.7007004223536569,0.6616372250442998,0.6682087612607498,0.7142708019994641,0.6075774326073888,0.7293248416723923,0.5607979829722947,0.7345313433678732,0.7585975939077952,0.6596643790460374,0.7247476468545883,0.713810458763155,0.655228532202068,0.7260972813734953,0.6017083792422685,0.7266246739913405,0.7820594348665186,0.6538095145198696,0.7523954366783915,0.7003575395662385,0.6891954883284146,0.7131611581788804,0.6380540689537638,0.7169351474934574,0.7812872088014506,0.648328532349205,0.7614999938217191,0.6866912814280706,0.7122009600842434,0.700167644464685,0.667883435456241,0.7049709121173613,-0.28469106436788755,0.09307375500118499,-0.1984640855094443,0.0728275612626711,-0.1530370882898187,0.036134201121017576,-0.14380334771892095,0.00790139451260077,-0.15882176661520425,-0.013444221532388598,-0.2674526857588222,-0.013186433071069837,-0.2891516971048095,-0.06020061542599285,-0.29310920773605825,-0.09139433210058222,-0.2967746184050988,-0.1174669295438705,-0.33122930960582403,-0.007117151187024707,-0.22865648449751405,-0.022783028188390127,-0.18084103111802077,0.008655254621928208,-0.18954307366798445,0.033170899783195824,-0.383461348231556,0.0061865714140540715,-0.280025834841228,-0.006354335530932576,-0.23510246699204346,0.02131033306624386,-0.24264388775294965,0.04317560526197819,-0.43255392520847824,0.024689715671024983,-0.3396653763291288,0.009500217492321994,-0.2915367714995576,0.02839623361495123,-0.29156340289987465,0.04626766016742109
0.030817447574065533,-0.19467128605543801,0.10739276877481294,-0.22133640969605128,0.15205403410061152,-0.22052115917535714,0.19090474355580841,-0.2196103904966414,-0.04325520862363966,-0.22418022601130833,-0.09959910305124582,-0.22426227254558712,-0.14446912123620403,-0.22375904221351692,0.2458037838812048,-0.2009926933977753,-0.20280154107534307,-0.20088874461070172,0.10705057316782415,-0.15478241654887945,-0.07050384541072181,-0.15484395144958854,0.49993614682167953,0.00799056325249727,-0.49993614682167936,-0.007990563252497144,0.6090261431897612,0.2783418463048697,-0.7081487193961115,0.2416853842732722,0.6729673047247574,0.5081963419650765,-0.38264081766079155,0.09806475120594811,0.7129111108295789,0.5872800750711847,-0.289149491565595,0.04693576724429721,0.6533804140392605,0.5976711295756737,-0.3187088794989809,0.008464547123990435,0.6136159983119899,0.5732282154567137,-0.328362704972409,0.022253101679565904,0.694306805551687,0.5254243758895953,0.5911248451084236,0.5485958294683385,0.5629414321417155,0.5862443244896164,0.5590376605955174,0.6220091388568428,0.5436473200912785,0.6507193418953167,0.7000704829934385,0.612119576410393,0.6650687125539433,0.6609143190890713,0.6040585528574443,0.6750676069932707,0.5564463158209307,0.68053247980667,0.7580325293974166,0.6100943133364894,0.719807993901596,0.6598762218375607,0.6497800830090517,0.6714157539945497,0.5954479839711987,0.6725479787848571,0.7811270096726524,0.6044916823061074,0.7485571635024106,0.6475768901014771,0.6846402027447636,0.6592326258774606,0.6322856287651031,0.6628312007771214,0.7801376548168378,0.5992825096027172,0.7578937557091222,0.6346412631562249,0.7072403440645025,0.6466628187021017,0.6613076071287596,0.6509600059349545,-0.2729548559959679,0.06632682245970245,-0.15404255951214463,0.031486943704547014,-0.10400897546920489,-0.004060499495061449,-0.08839820480764503,-0.030568352792690153,-0.10411237879060449,-0.046545524724263376,-0.2542411395113906,-0.048603423893105,-0.26571476189973053,-0.08759708227352828,-0.27775532557561383,-0.11729857953521926,-0.3025320137309038,-0.14226175907175656,-0.3203866026195965,-0.04139932099765798,-0.15952234321961103,-0.051460320720447796,-0.10389981811682703,-0.024511250016816602,-0.12198016810330564,-0.008902679093587114,-0.35939537869048443,-0.025403897188755735,-0.18934040869270152,-0.028836206177319808,-0.14956084632506236,-0.004177615707922476,-0.1693292428406759,0.00829823775604293,-0.37850020004536417,-0.004781579020108246,-0.24596887379941337,-0.008709643762407824,-0.2016366036565952,0.007394074518646137,-0.2081759752450497,0.01757979540318398
0.028754773871825533,-0.22349772928952635,0.10464541369159625,-0.2541584063931673,0.14880937647630743,-0.2532546334749867,0.18881927463739676,-0.2522617055910436,-0.04628780372567326,-0.25735321746623446,-0.10248145712004023,-0.2573148015044901,-0.14780966276773475,-0.25645178941844604,0.24515161712845304,-0.23111900708187216,-0.20456535859792127,-0.2298401546826603,0.10545196237851266,-0.17732608377757736,-0.07159818262471242,-0.17732543519640498,0.49990815315501935,0.009583235838575517,-0.49990815315501924,-0.009583235838575517,0.6089642105351873,0.32059397281667085,-0.7008401031120336,0.2767960845045071,0.6728528636760398,0.5828569497572718,-0.3746339436122786,0.11024941981067775,0.7132063922440762,0.6735747965816489,-0.28863560514833314,0.05124419886056465,0.6526242498335773,0.6854254721986107,-0.31675721288447917,0.008106665963528754,0.6125023498485274,0.6574139498386888,-0.32387695364103175,0.02353521467209442,0.6940700079889792,0.6030834026334104,0.5917128796712553,0.62942408011175,0.5635804275830163,0.6720536242782912,0.5606656690720219,0.713327534012991,0.5456592885343405,0.7467330565286961,0.6986825853745328,0.7008813610981321,0.6663669244664221,0.7570575707563595,0.6049011368033461,0.7723258700245058,0.5576949943705479,0.7774778995121587,0.7573583245756838,0.6989325243479267,0.7207244087755438,0.7564748455184711,0.6519229252505633,0.7692475042172976,0.5997131309848583,0.7701743766033841,0.7813407786723362,0.6931373019007825,0.7498943603616792,0.7430598918956226,0.6872023136970878,0.7559085842641872,0.636654755275637,0.7595836447499181,0.7803537731888726,0.6879451601621653,0.7605020005816413,0.7293121662405212,0.7107706490981891,0.7430176842285632,0.6664075907867709,0.7476014568275562,-0.2844140174886325,0.0770550354119885,-0.16080958400371037,0.03548487375412234,-0.10351810940292952,-0.006331000386329462,-0.08127447938718782,-0.038598063381197555,-0.11215292475697416,-0.055163475103099026,-0.2588694683615851,-0.05700838919315704,-0.27438011127159057,-0.10411469006526028,-0.28660711825643853,-0.1377341944769674,-0.3087348492591864,-0.1656929821984948,-0.32578208602786846,-0.04873528732264225,-0.15666331375815573,-0.057509642657631706,-0.10477088623417222,-0.024151915585239794,-0.12542319230176802,-0.0066494038510729785,-0.36286282302284,-0.030100103407329798,-0.18494851871220455,-0.03298743711386388,-0.14873405906216142,-0.0031591889994495893,-0.17063261840544397,0.011357554362570734,-0.3767340201722871,-0.0069134262790614374,-0.23898821267210096,-0.00994669074936467,-0.2005913271633434,0.009490588512654389,-0.21388701115835543,0.02134530528922837
0.028551408880670263,-0.5247513263547076,0.10448048612322512,-0.597456307169199,0.1484801730508273,-0.5956174300038882,0.18837326772753096,-0.5935273317560634,-0.04630847986767106,-0.6054305771202859,-0.10240354700896027,-0.6059638338562964,-0.14747123604424064,-0.604703376767672,0.24418546642198777,-0.54506965469308,-0.2043054219971751,-0.5427813787654632,0.10462844547258683,-0.4169149119113689,-0.07189078695934555,-0.4160712748210732,0.4995227967943212,0.021839768377416822,-0.4995227967943214,-0.021839768377416822,0.6089140757557547,0.7547379939142241,-0.6805413154204183,0.6520798387503419,0.6729577632014145,1.3736625304160546,-0.3814510665198761,0.2516647182457082,0.7153341343808075,1.5872006857785625,-0.2907549513274791,0.12090414479724758,0.6532773054146066,1.615043885305716,-0.317181202955404,0.023778028414789775,0.6126703450110855,1.5507103530919601,-0.3237877658623852,0.056167435677659645,0.6953494531895275,1.4183711797514111,0.5946484556009718,1.4831074184195334,0.5672502144328526,1.5827008175121862,0.5631897217730494,1.678979886031224,0.5504145420744946,1.7580159674410905,0.7025221766996507,1.6461553111628764,0.6701734834862777,1.7781501140307658,0.6127125464749931,1.8209139170082342,0.5658960389444216,1.8413317458315344,0.7605103777840901,1.642186582600916,0.7281918526854785,1.7782369123261286,0.6606223939399655,1.8136626133465725,0.6042820837533998,1.81982176393135,0.7835576310749881,1.6286949754766982,0.7540905012726667,1.744800515327052,0.6911486279509483,1.7789675234518665,0.6367214507948467,1.7905192239585825,0.7824232760632148,1.6167208095540693,0.7630821248255735,1.7108811998987603,0.712387319710301,1.7442409133089802,0.6643462917912549,1.7563651532490658,-0.28502487384458053,0.21117437197469727,-0.14207478740351667,0.09806019776697338,-0.06335278677249478,0.007754098665288362,-0.0234812165372218,-0.043618966128665775,-0.020885572281236865,-0.06645150471090457,-0.15915934670865345,-0.08511619614845994,-0.18496444024332434,-0.17784006294360818,-0.2109353736672857,-0.23693147209148158,-0.23920111761857554,-0.29069737065123347,-0.19841230110753436,-0.06641104588488159,-0.21403413055623763,-0.17237047659421367,-0.23115555258587173,-0.2395256590844628,-0.2563509281831673,-0.3002193083105601,-0.23139443998899362,-0.028108298927895795,-0.22549920055196782,-0.12664188848190966,-0.21749354895199582,-0.1795042850023959,-0.2251827743145585,-0.22613943308849058,-0.24568624538945397,0.02258519872431433,-0.23657005125031508,-0.042586795613618174,-0.24339473979604617,-0.08822717407616293,-0.25906046554656464,-0.13246090265721655
0.019210439440368404,-8.628016613372722,0.07168256693659884,-9.809844338487796,0.10182761150214566,-9.778314238193866,0.12919905249286504,-9.742199596626167,-0.0318923868168108,-9.9585116957125,-0.07042375249287716,-9.972995514743031,-0.10120424196947003,-9.956977704715955,0.1674988859140943,-8.974286027983455,-0.13994211411621493,-8.949209536276012,0.07154396259356706,-6.86306506583662,-0.04998136195052332,-6.8599990207008466,0.3434656163264971,0.363361212021123,-0.34346561632649725,-0.363361212021123,0.4176342236607452,12.426401059415097,-0.4548682153515308,10.715567242225612,0.46305351349652496,22.64089459739042,-0.2609558392965052,4.527029200973603,0.49316600704211755,26.13789436032962,-0.17984406440487888,2.619736072216231,0.44965987715333716,26.597235568358812,-0.19155764810525716,0.9842769944479985,0.42135764033037215,25.569236925223247,-0.20188162993048375,1.4539997577063506,0.47992754222774453,23.34121959303375,0.4104091806044068,24.412658072116997,0.39166982675837875,26.081524064921144,0.38888723956872534,27.68037653936269,0.38078308563297225,28.98748406957708,0.48520535760293776,27.088624017586085,0.46313424935963776,29.29009865707775,0.4233035846379708,30.010342293388366,0.3909301369142529,30.34832776924628,0.5249725536692097,27.005319784301363,0.5032529731073533,29.277419989068402,0.4566533296196772,29.89437489827818,0.41745058457326034,30.00602697528192,0.5408097332451064,26.765463247646824,0.5196905381624093,28.688150518374584,0.47621987605164384,29.23548315440017,0.43919921604539863,29.410203179421035,0.5400318922055499,26.558641749422957,0.5253213979332376,28.072419702990338,0.4907536147854941,28.585830219933186,0.4588805660746241,28.77186923912554,-0.24936971792336782,3.8813080868639296,-0.12362302777357354,2.399488279057946,-0.03386242354598874,1.103134180677936,0.011051567123401667,0.44550720462914845,0.0042090860542696,0.388921918058285,-0.09120011183315054,-0.5842074940909368,-0.06967636240747169,-1.3984138895120277,-0.056393096189290455,-1.7804686799462481,-0.04538338454405601,-2.0122059107200885,-0.14121562902056145,-0.15531368311441632,-0.11702339598055321,-1.0636009859424256,-0.09472635565789218,-1.699827625474985,-0.08050844348682579,-2.28162276377527,-0.17909025745174045,0.6879145823726556,-0.07730864322420788,1.2579588073193395,-0.06398489240414788,1.799635819973816,-0.07947655282020555,1.9758433514155724,-0.19621629407938157,1.879659016960358,-0.09365678047713129,2.6659727301323572,-0.0832738218039227,2.9559009021944043,-0.10200028357932343,2.911008423257575
0.030056787622254253,-1.631072474416848,0.1064225009228319,-1.8542865509580833,0.14971716547417546,-1.8471349036640252,0.1881739005291181,-1.8392230894669679,-0.04226385523170803,-1.8840187437276772,-0.09844477217971444,-1.8869997257880389,-0.1430287266832887,-1.8845767853269886,0.24250851522418482,-1.6967738170171032,-0.20004692903980825,-1.6992857365520602,0.10478343753645515,-1.2982980613893462,-0.07096420851865541,-1.298441965817515,0.4950531804791833,0.07015945052126048,-0.4950531804791833,-0.07015945052126048,0.5972154628507303,2.347839559491037,-0.6536789247089757,2.0432594293137676,0.6688139249528819,4.2797795763060105,-0.36899675322383213,0.8248854479265402,0.7136197588275998,4.938667787734067,-0.22011922910143553,0.4625406888400055,0.6501917079713786,5.025286536082778,-0.24599598438427442,0.15939337807094106,0.6089229863469949,4.83250806301473,-0.2642107914624493,0.23534818580499448,0.6914274463900406,4.4059577618090335,0.5915112193591476,4.616827914233223,0.5690023691156568,4.945364286925799,0.5654837678481262,5.248807096100798,0.5509974092698036,5.487059368470187,0.7074261522633701,5.119172274969498,0.6751026106560544,5.536889846871663,0.6152512182407013,5.667645877567985,0.5668936316110691,5.727414915738818,0.7629910741881902,5.1005159629715315,0.7288149197656157,5.52411933583651,0.658717193523804,5.631878486871983,0.6008190463574933,5.649647205145059,0.7824313083279254,5.0522190004610765,0.7475746228648468,5.406009318705679,0.6818113273871936,5.497881127936093,0.626124737820859,5.519271990238295,0.7781204369964249,5.006499867910693,0.7534387339351829,5.27794463036824,0.7004803266706899,5.362441795366289,0.651883611799575,5.383988645674596,-0.3842440814770205,0.707452111160229,-0.274039618485869,0.3820699184784567,-0.13810775018676677,0.16699028690355713,-0.027346443176568164,0.11025715614734953,0.03345540406488931,0.16219383880029214,-0.1702761361018605,0.009919885148907964,-0.12646896974936594,-0.13417824643592913,-0.11021489645418592,-0.288242766636284,-0.09797105930161895,-0.43626293468452,-0.19432510011456275,0.13160993687059513,0.019362824575285886,0.29385613784195136,-0.00709828877831202,0.34439039311604885,-0.06503850636008397,0.31194195849363987,-0.20770837239948667,0.32544334290951843,-0.018503410128240288,0.5036614707314984,-0.06345909882283153,0.5188501620303331,-0.11702542359074171,0.46671135407370196,-0.21571361519431587,0.535912174078561,-0.05761509741108616,0.6532078312901868,-0.09841877266295929,0.6462718575538675,-0.1574792412676379,0.5951488024820718
0.03301084110354864,-0.24006500433277853,0.11019117372721178,-0.2729388381826315,0.15380932132670527,-0.2718117214489348,0.19170307557022181,-0.2705645255260889,-0.03938254000405325,-0.277455712816479,-0.09668178212262375,-0.27801159107360846,-0.14204983814850355,-0.2777845293034624,0.24572008181771443,-0.24974248153368617,-0.20066866941494182,-0.25116413721204184,0.10742982383769344,-0.19112184786212472,-0.07045405573522191,-0.1912880616050942,0.4998913708914441,0.010421962784081598,-0.4998913708914439,-0.010421962784081789,0.6010812253530834,0.34532039602326686,-0.6560495218200375,0.30243875941133264,0.676315818170896,0.6299501128020661,-0.36722109118481383,0.11869270028898515,0.7238223868442769,0.7266486765645277,-0.20831798752775912,0.06570436265999259,0.65834401989604,0.7393892509988748,-0.23711004299384308,0.019920453006908298,0.6160255809486247,0.71120976968676,-0.2562703380874945,0.031306309982344516,0.7022938489295584,0.6489076417367421,0.5999002899194392,0.6787261932016417,0.5767566741202907,0.7273050160463312,0.5724016561110383,0.7725303526669461,0.5569713328406449,0.8075369934073733,0.7156696843829455,0.7531763683842533,0.6792676469987046,0.8153370745244293,0.6148026755794251,0.8347662969346141,0.5629421084093968,0.8431541624488246,0.7713622595960737,0.7507478368478706,0.7350030417412251,0.8144051134208534,0.6609524428948705,0.8307911799351145,0.600298579510297,0.833398752345085,0.7908529617329946,0.7440839808051605,0.7562461161266598,0.7975456287748658,0.6887759613865989,0.811839148342132,0.6321433955520435,0.8153571236529588,0.7868741438748339,0.737612639512738,0.7610813245726714,0.7783623854577137,0.7070565020618771,0.79144228600287,0.657701557036384,0.7950376552614608,-0.35988365896961594,0.08604711391042792,-0.26027744742043185,0.04106883429298178,-0.10914116070387285,0.015130220362573972,0.011422151945159713,0.0100068056952056,0.060299455315404774,0.025178444754754996,-0.16976477854784366,0.0012356353366373884,-0.13147341438853916,-0.02001751881465412,-0.11536392580472467,-0.042107077335966234,-0.10270395811852341,-0.06243861832098725,-0.19517952859247262,0.021925527546367944,0.020698697134278164,0.04397110733413169,-0.0029308863397224474,0.048337505712995096,-0.06785693233442554,0.04145795985207359,-0.20922399439570022,0.05054452671643222,-0.01855602147697535,0.07285726653140065,-0.05773334208966421,0.07388440709998442,-0.1146126299745292,0.06476183803708399,-0.2155042769993273,0.08143527539359975,-0.05317374188442528,0.09683052691086,-0.08761355734237534,0.09501629636097733,-0.1502620121784355,0.08682040664198619
0.03509024288750258,-0.3017399513795249,0.1111454560458696,-0.3428960580454117,0.1541249914103764,-0.3414753334568735,0.19104286700334205,-0.3399020492044879,-0.036752043007441504,-0.3486303749078774,-0.09442017633178063,-0.3493595273430472,-0.1407050084928978,-0.34910901474251865,0.24433012202465212,-0.31370214851670836,-0.20042990651618914,-0.31580399875428744,0.10862974945463319,-0.24004988376909012,-0.06925700927166109,-0.24054588922131476,0.4998233107261813,0.013291277392303388,-0.4998233107261814,-0.01329127739230315,0.5983407467285177,0.4343419757160364,-0.6547375533892787,0.38141401536194625,0.6739817597448083,0.7934811269707029,-0.3635860371536675,0.1697735357803423,0.721675109655842,0.9144374018498209,-0.20032991548352747,0.11126646377093766,0.6563880833335017,0.9296479191573032,-0.21556922676646856,0.05342009924302475,0.614475062491944,0.8947426208080997,-0.2436431497350015,0.06555744491380282,0.6997091134959968,0.8177729125920676,0.6027654346619588,0.8555219664894328,0.5778022496671623,0.9154872077002896,0.571624498611938,0.9714770791734323,0.5598935167648083,1.015680309049648,0.7165598056917296,0.9494714499731386,0.6783928895721258,1.0255475072280646,0.6115985408014927,1.0474174675409884,0.5593330585529235,1.054970968514198,0.7687947822015206,0.9465172599506579,0.7278776042547422,1.0234046171520563,0.6550661679864495,1.042190823655061,0.5977262255684649,1.0450893894337199,0.7859590056013619,0.9388050263792255,0.750470493346478,1.0049723707761997,0.6850161938898375,1.0245989103675741,0.628691584144185,1.0311188857567992,0.7797866777885869,0.9317790060401104,0.7566255345739451,0.9854971019942432,0.7038058647375733,1.0048038700180864,0.6538586491598153,1.0115098474518958,-0.3469199046775427,0.1253795554484844,-0.24635121195686666,0.06938235785542379,-0.09958878060059183,0.03972391805636597,0.018802551048553086,0.03415342137539944,0.07140563013960038,0.04842870520779677,-0.16822423544464846,0.01904675860119876,-0.13616702563516123,-0.00797902643844525,-0.10951017897103549,-0.030810472156159747,-0.08715803100115728,-0.05038369387479752,-0.20221610225981193,0.045703795604971245,0.02080830337321511,0.06427062551709882,0.0014610554111457125,0.0749867039237893,-0.057753549392918165,0.07509238998705034,-0.2210469558548982,0.08288453253314358,-0.009733788076958273,0.10107800166722912,-0.04979316159692865,0.10842650695162244,-0.10998115368250458,0.10447501493808535,-0.2274124019417712,0.12382845305918375,-0.051690703287091404,0.134132640723819,-0.0804899849332378,0.13362768112502812,-0.14496666020020235,0.12752977164441076
0.03665816739822923,-0.3107503156909843,0.1119472091803319,-0.35306036658379975,0.15452607750903913,-0.35158714110837347,0.1907487369138037,-0.3499608160048753,-0.0348654664357169,-0.358982573530805,-0.09279712291589362,-0.35975282762123745,-0.1396809943156691,-0.35951482029628135,0.24348864072681844,-0.32294792881832673,-0.2002532748673201,-0.3253572371727458,0.10958852123437333,-0.2471045132490029,-0.06822477815110072,-0.24779167809404953,0.4998099429866169,0.013784806553405114,-0.4998099429866169,-0.013784806553405114,0.5965134419134247,0.44746884308279594,-0.6544215825691512,0.3939487381071225,0.672444685635196,0.8185082046604852,-0.36235216685842647,0.18252381691554656,0.7204888684162191,0.9427091414016885,-0.1984095665589673,0.1238784763322377,0.6550683523308352,0.9579772798244242,-0.20915951272609504,0.06315744330401304,0.6133517872915089,0.9222768804854293,-0.239817296076464,0.07530036300552079,0.698895251141348,0.8454158314814565,0.5996170232051052,0.8827658460912166,0.5750712394794396,0.9438915545182646,0.5692783952707489,1.0017745442811146,0.555721945421545,1.0474333435485697,0.7135176953061082,0.9781693652620173,0.6742865329790239,1.056936431198022,0.6089480685113265,1.0804162769446182,0.5569334333272263,1.0894612546973732,0.7660413888770534,0.9760175776159403,0.7274744217067494,1.0569287377493755,0.6537320106233954,1.077563965829026,0.5939669657290487,1.0811026724448,0.7824836871685295,0.9685037360247898,0.7448262241151007,1.0367770778873993,0.6768676907749993,1.0556555419387668,0.6195440621586707,1.0612425243460966,0.7753568697527032,0.9611689419657837,0.7480500913865242,1.0143330500904355,0.6935371959171011,1.031996648660026,0.6434764043055067,1.0377077054118966,-0.34692384046510716,0.12744627817198528,-0.2441408242034841,0.07180949565224132,-0.09348449553993823,0.04156417104650487,0.023603670434956973,0.03637976582473086,0.06995031521212515,0.05390460255690936,-0.16475639162724934,0.020686809155805654,-0.13522220790341052,-0.0029848132834234993,-0.10934042082749151,-0.02670504433001183,-0.09118172111902198,-0.04903443974213758,-0.19780111574863585,0.04724095698167621,0.020453395851561983,0.06874820249522431,0.007516478010541934,0.08293184442052547,-0.049781858406107715,0.08246967797817753,-0.21545693208891145,0.08449962937386563,-0.010542321738661454,0.10654024069996595,-0.038916701617032,0.11595939981872576,-0.09423471801134509,0.11039955430298638,-0.22101825539285055,0.12423237496999202,-0.0468219097400275,0.13838384429186087,-0.06786062122930511,0.14035042964687586,-0.1260736217099214,0.13369349835409816
0.03866290525823377,-0.6342939512482973,0.11332298265931111,-0.7202915879749464,0.15540826317882472,-0.7171904508663667,0.1909774382775682,-0.7138703427877268,-0.03211991835349654,-0.7324526132835003,-0.09056312960871464,-0.7341195904597485,-0.13811824437365947,-0.7336870728330975,0.24353621685125146,-0.6589700096918393,-0.19950249221799765,-0.664062583569201,0.1110123547898038,-0.5043936342401869,-0.06647293803966774,-0.5059164388742179,0.49916783746799237,0.028835222168866692,-0.49916783746799237,-0.028835222168866692,0.5939177371375602,0.9148128933065649,-0.6538085879321754,0.8037620656051492,0.6697855431537281,1.673669208873659,-0.36445823267571764,0.38482092458792144,0.7173246470034575,1.9247792362411098,-0.2025658016385785,0.26940181160242,0.6520794933568865,1.955306986957568,-0.21174561774334325,0.13663631512165536,0.6106509974331036,1.8830048852709913,-0.2412077241710827,0.16218026372032562,0.696417930987082,1.7276545459342882,0.5982416954614174,1.8035078600023264,0.5733207901966155,1.9284720517531442,0.5671833850546767,2.045845916018963,0.5562492782501529,2.1378417014822064,0.7148264386220053,1.9944062949166497,0.6745048868154306,2.159514688694894,0.6068124226441982,2.20700284017973,0.554223139063631,2.2240751530996894,0.7659395158197123,1.98943219946507,0.7207241856435617,2.156391711587345,0.6436636507118213,2.191501008754297,0.583807939662705,2.1922598416596695,0.7801425459033728,1.9760755412717537,0.737872718519008,2.1182904773066613,0.6678617052886351,2.154424684229176,0.6093493942940664,2.1618328689776716,0.7701845993191397,1.9643136312384861,0.7413619182843185,2.077571298051462,0.6843974414512052,2.1129886391254478,0.6327000501161109,2.1218385492961134,-0.34373833875951326,0.2620335954794896,-0.25256089561437606,0.1449195272798445,-0.10366191215036126,0.08628955043836571,0.01743984726439172,0.08925950480803688,0.0685052287883515,0.13059991070059124,-0.1708682343748694,0.04739593815585307,-0.13433031463761924,0.0020863622544994875,-0.10772927449089771,-0.041139278058907346,-0.08635554535808126,-0.0786248527607968,-0.19905140574879743,0.10710692357377723,0.02469144356937262,0.1398055416387869,0.0024531250149244276,0.1668374650692102,-0.05881415888036664,0.16990876845370717,-0.21208176269489185,0.18521875047642758,-0.0036286632636343187,0.22111828446883833,-0.042660493715620786,0.23851919658898008,-0.10252252486284819,0.2296147577934359,-0.21592842720938007,0.2692930398428464,-0.04047871157961015,0.28908379028159975,-0.07153634784255201,0.2919966466147493,-0.1345554786663326,0.28055819695837636
0.040581745038233204,-0.015384098484689598,0.11504505577473792,-0.01745448379426097,0.15721241543112408,-0.017377947244942356,0.19229386466134046,-0.017297871333428774,-0.029735293994050286,-0.017749045054789907,-0.08866693837351193,-0.017792204555350855,-0.13699283398108997,-0.017782270169950914,0.24482989864686203,-0.015954837040551346,-0.1994850665126169,-0.01609684315788624,0.11218058905580991,-0.012239905215526313,-0.06531772117481432,-0.012283603389748151,0.4999994489864517,0.0007423026638200325,-0.4999994489864517,-0.0007423026638200205,0.59448264181143,0.02223480162337205,-0.6554957323037176,0.019410300812840158,0.670420876180719,0.040527496164346095,-0.3655026461045453,0.00941763506643635,0.7180866755462819,0.0465367530613138,-0.21262093110783734,0.006714764006105172,0.6530435726316619,0.04726347907843966,-0.2209629142399273,0.0034818449695274197,0.611467802296468,0.045524675031438505,-0.24770980473341375,0.004095601451462326,0.6963563140085995,0.041828144436791045,0.5988932388640957,0.043626982972691505,0.57599724725488,0.04664142149726895,0.5703928411755637,0.049490797981217985,0.5625854145093996,0.051716998100239074,0.7193719396248679,0.048284693842332416,0.6854740065095526,0.05224729469509837,0.6202297699751772,0.053431803545040166,0.5686805056275143,0.05389050488550867,0.7701764021289076,0.04815355443019517,0.7283664258673545,0.05211138318681142,0.6500535661366449,0.05285438681699786,0.5894931106569353,0.052747915896100485,0.7838305401411394,0.04780134472884177,0.7372691195853892,0.051073441915140655,0.6654797723323234,0.05172350362060524,0.6086198717308419,0.051704373799570956,0.7734350367469527,0.047478872575998705,0.73958519346522,0.05001179209631801,0.6825310774305693,0.050696473943603874,0.633397103882549,0.050781031896219,-0.3491301669729726,0.0063780446255387434,-0.2574811527085786,0.003626292383517776,-0.11386854221455119,0.0022964521422959485,0.0031585740169423303,0.002066196776554304,0.060775425472635924,0.002591949175658887,-0.17540606499727424,0.0011623265448291184,-0.14055148166618606,-4.7596652190725656e-05,-0.11174297157021017,-0.001240099281138732,-0.08853650524593593,-0.002325174498137666,-0.20860036791596315,0.002571693664794771,0.014978717638974669,0.0033886198958299777,0.0015005715440284484,0.00409561526360747,-0.05808830056105913,0.004164247812863361,-0.22368564250198072,0.0044569133564703045,-0.01458463410798632,0.005339847829182688,-0.04369197611720569,0.005850310183604984,-0.10050910207723726,0.005638908395994614,-0.22707555392889314,0.006456815289335548,-0.053827456937531284,0.006985585642155636,-0.07778606513265955,0.007091973690182098,-0.1367529753900818,0.0067882584304542574
0.04202811899871215,-0.473204878243216,0.11617756316990283,-0.5365857049011284,0.15832290513487507,-0.5342037954580663,0.192955531231315,-0.5317496715937268,-0.02788849357873247,-0.5456443200811482,-0.08703440897457475,-0.5470219082556127,-0.13579604597877803,-0.5467289149428544,0.24540958637000623,-0.4901901130861735,-0.19892737374313788,-0.4949403586302667,0.11294165330286932,-0.3765850577848059,-0.06413840067140572,-0.378097955212647,0.49943878847571865,0.023683254968573514,-0.49943878847571843,-0.023683254968573736,0.5935197593240003,0.6842365195199922,-0.6550784544371626,0.5954935851509823,0.6692893487248792,1.244688083256712,-0.36593442410862026,0.29076548195583435,0.7169584491502645,1.428490009792242,-0.21862285388666047,0.20955045032758665,0.6520810341263503,1.4507229319564008,-0.22647447596666484,0.10957557542749509,0.6105178054900569,1.3974322944729034,-0.2518079469401649,0.12822280237717118,0.6943577938616173,1.2838149383303192,0.5978880523117424,1.3392554659415281,0.5751002109425855,1.4315314988246484,0.5700541055318985,1.518750613467151,0.5609989157056086,1.5873212286591614,0.7162998439399015,1.4820432066106617,0.6826471226537638,1.6026883726735333,0.6190080673883989,1.6400617216234439,0.5685835743791614,1.6556430699417513,0.7675266592852222,1.4778534976757762,0.7270235339959753,1.5983253915442772,0.6514717948220082,1.624698819278457,0.591831546428672,1.6260890264193415,0.7815854964733348,1.4669600423616052,0.7388048001342825,1.5676742402354762,0.669812661025567,1.592411019837512,0.6129525724112537,1.5979693033994191,0.7713940483869555,1.457341420781051,0.7410596258007675,1.536584500312282,0.6855792552902308,1.5612852257245464,0.6354898775952458,1.5684983965969528,-0.3468266172763656,0.19614656298799252,-0.25518310909841496,0.11305119932144096,-0.10900248988043622,0.071733946177497,0.01047201660174298,0.06493836765602941,0.0714697431684988,0.07631919078251946,-0.1759039070512147,0.03317515667625566,-0.13536337824272998,-0.004351740705386655,-0.10798939365891835,-0.04130113480028139,-0.08667343131706569,-0.07421903422834583,-0.2085287897377564,0.0773450385232455,0.015851552483473325,0.10072660475682171,0.0032228102110844403,0.12216124474275175,-0.052551396955086004,0.12514207790295492,-0.2243721286105863,0.1361528153756169,-0.015564118232033141,0.1642530267163692,-0.04431259790567397,0.17916355502146203,-0.09893959533089712,0.17347611262678633,-0.22952749610337125,0.1984415182086653,-0.0552380479360149,0.21575092263435988,-0.07727773467825509,0.21832285886586356,-0.13529210937499306,0.20914727965255683
0.04239742538572635,-0.20235628839090652,0.11665306434430471,-0.22887411741771724,0.1587819060065464,-0.22781802866861392,0.193308411143868,-0.22676923923644227,-0.02665474134707152,-0.2328833919201945,-0.0858257432603691,-0.2336775666698314,-0.13501772950013316,-0.23368781291595908,0.24607802705713652,-0.2090793219839254,-0.1990180928309024,-0.2117456581830975,0.11266412366712168,-0.16096195274631786,-0.06429585603911347,-0.16184449003446266,0.49989217637582856,0.010383255666572543,-0.4998921763758287,-0.010383255666572411,0.5940511851699103,0.2935043550495857,-0.657351240060865,0.25499062002540474,0.6698623152908818,0.5325867258770051,-0.3692506576139713,0.12404794690184477,0.7178497237758207,0.6109899131488062,-0.22143133707236304,0.08655448410269254,0.6527991508478826,0.620310551484672,-0.23077212898588217,0.04527489734725908,0.6112258658448341,0.5977391593624053,-0.25529119108948967,0.05356411046452332,0.6962391939541721,0.5494912184927285,0.6011342373349775,0.5725675782670736,0.5780225404457611,0.611188762863478,0.5713673327045365,0.6485138426621079,0.5620470388578539,0.6782391094258493,0.7207363239698066,0.633746191075093,0.6889958688385331,0.6848291685060699,0.623909698444731,0.7001771384578365,0.5730631892299571,0.706353267329449,0.7718655884110632,0.6323135301121126,0.734510856175438,0.6841665174733192,0.658214689493525,0.6943768564021447,0.5996965046141625,0.6934117144217672,0.7852765540814498,0.6279428260780886,0.7410697314379502,0.6704932193775837,0.6707532641876931,0.6790349616582594,0.6159979507710224,0.679020000325418,0.7748525700846176,0.6241327639892613,0.7413951698817958,0.6569726175515732,0.6853527803178477,0.6658663591903684,0.6374615356032519,0.6671866741449227,-0.35012343063015844,0.08284770054784207,-0.25688978724016837,0.04756443464569282,-0.11699722941711198,0.030109818355133915,-0.003087194444754415,0.026249069084135202,0.05797258201394185,0.03024963881114117,-0.17506783099345638,0.013448651416255912,-0.13744190005462645,-0.003182366170078339,-0.10763070947731693,-0.019085265558138515,-0.08817812840384293,-0.033557544164969214,-0.20926307724820084,0.031746678842711235,0.017265951902565056,0.044246917768948325,0.00777779322870411,0.05396081247167768,-0.05366309543561517,0.054759384946422525,-0.22808823189727778,0.05737834359159731,-0.01589013515318156,0.07106243198192773,-0.04089153448382618,0.07823979138222589,-0.09945282435147436,0.07520300351442993,-0.23524931168301805,0.08475114478422718,-0.06038131575266965,0.09327284794637004,-0.07966501974875131,0.09450158140898698,-0.14049012286613644,0.09027858653374106
0.04188657668589118,-0.37892457405638247,0.11593087597355332,-0.4276075651842909,0.1580754223610343,-0.4256463990121423,0.19254560188600464,-0.4237307246845175,-0.026407130446278793,-0.43514084457448055,-0.08536167702590267,-0.4369458079085162,-0.13463641831798379,-0.43717802889430096,0.2454695904987415,-0.3909355264200015,-0.1991687906734006,-0.3966458158013162,0.11169110473945806,-0.3012190615944944,-0.06480466902507917,-0.30328473146182044,0.4996092721410394,0.019762975249206477,-0.49960927214103956,-0.019762975249206477,0.5926039363746075,0.5512035497721999,-0.658310530177998,0.4790029756551308,0.6685178207194604,1.000244448698833,-0.36602453755586717,0.23041308886440975,0.7164797903546777,1.1471933102892804,-0.2155576622804922,0.15743668747736655,0.6516817791559384,1.164452661007198,-0.22682506418304418,0.08007538246712867,0.6102753244530446,1.122988757932066,-0.24998157412621633,0.09497698016643054,0.6953008233869378,1.0300843776989965,0.5996843239960845,1.0744597588236584,0.5750196899725648,1.1470780075954967,0.5676416385203088,1.2174235348338116,0.56127119430497,1.273694310533853,0.7192108475744458,1.1902983210266767,0.687050175302778,1.286164347885481,0.6220084370942389,1.3153330383423325,0.5714549717635373,1.326950379961463,0.770038379376748,1.187106749265255,0.7307170884623964,1.2836909520471413,0.654511102521428,1.3011269981910785,0.5970820409364045,1.2980515794382916,0.7835283154087739,1.1785978186151267,0.7408422096281486,1.2588682207933122,0.6709323362211069,1.275370451167975,0.615831491224163,1.27570020326716,0.7735501720801898,1.1710111394522993,0.7424084000673319,1.2327722280817244,0.6867612762054083,1.2505480600400867,0.6380812726409054,1.2540948933462202,-0.3462207066942482,0.15177001924790384,-0.24994019447137136,0.08638641929061404,-0.10738306971631129,0.0552121762263959,0.009307051288806873,0.04901882297827705,0.07042522287624117,0.053335531350428164,-0.17722172966440405,0.025456853553898495,-0.13487475164568555,-0.0035875208717495895,-0.10377764606270111,-0.034126068553424475,-0.07926631059755795,-0.06078633020007923,-0.21436051768360248,0.0633422065789574,0.013705599039659677,0.08274060933583427,0.007962676025900796,0.09624445948320343,-0.04747392568163851,0.09730548235417415,-0.23125538409250493,0.11153839245471726,-0.01629262809215672,0.13393415506106693,-0.042160980262623,0.14359866359358806,-0.10109614329720776,0.13705089911560808,-0.23598901434369085,0.16085546336695236,-0.05845773789263613,0.1759596060637422,-0.07901272326267295,0.1761102818553242,-0.1402057321892161,0.1673100333372723
0.04198945446454836,-0.42224091214651566,0.1161039277364009,-0.4756648617952558,0.15844490926535973,-0.47341944794684027,0.19279696906080687,-0.4712707815280879,-0.02535241867398295,-0.48418005975816725,-0.08453827347082148,-0.48651576487803505,-0.13413644373179007,-0.4869741521110225,0.24603322302065309,-0.4350734760260871,-0.1992962764074003,-0.44230133503040786,0.11113944617601203,-0.33547622217367234,-0.06522448666358154,-0.33834569966799244,0.4995045225452724,0.022253807692606504,-0.49950452254527244,-0.022253807692606715,0.5925097692523151,0.6155756967267562,-0.6586990047579341,0.5349056201051812,0.6683233813809107,1.1170363285414258,-0.3543156208554138,0.2562494766862882,0.7167343306624979,1.2811868094764616,-0.19994661202026215,0.17461800215227985,0.6517994584381852,1.300393310493434,-0.21079692610074033,0.08639213166666213,0.6102005849146686,1.2540922123345812,-0.2347943102153431,0.10271899623448241,0.694679940172055,1.151748812598379,0.5990860034573946,1.200268550537772,0.5748235084697405,1.2801720533152832,0.5675945768622842,1.3590376337168586,0.5584659229885668,1.423582125997194,0.7168730014468746,1.3304203326721922,0.6854234122660289,1.4375866724790842,0.6221431422961777,1.4711752153462894,0.5728731764281594,1.4850569049351627,0.7683026551270483,1.327054205713134,0.7314892732585387,1.4363003778990278,0.6556199903770911,1.4577025423687893,0.5973109499376714,1.4547784723601844,0.7821606238051678,1.3175173207133173,0.7404644108137857,1.4081241843697838,0.6698757518892258,1.4271073782674553,0.614308411678141,1.4276396315458575,0.7725120388396629,1.309808098148258,0.7424348180662442,1.3805920875655993,0.6861270568422279,1.4004709784715559,0.6370995117979922,1.404076363058437,-0.35175645321673304,0.17176874762412114,-0.25756676906795134,0.09819417876353981,-0.11877603952367126,0.0622240730644674,-0.007584676153143162,0.05144817534914043,0.05729536881457293,0.05620788304676308,-0.17705015921812003,0.031111941588730572,-0.14512652514177707,-0.0068083036641031335,-0.10901122077418134,-0.03980050638831057,-0.08300985825615785,-0.0682888741557612,-0.2116535808976566,0.06962852698456204,0.01348552290657707,0.09234148145818084,0.01691146729723819,0.1130066944568471,-0.037508127559214836,0.11741985836813912,-0.2294672939644122,0.12235692052956043,-0.014672996934835474,0.14814167710261453,-0.034081930119677,0.1633229533619789,-0.09265447878926268,0.1576244443056613,-0.23497254097409515,0.17826117425339635,-0.059902109642054786,0.19454930187195016,-0.07654960478618668,0.1970520126137782,-0.13696755456319043,0.18849684343606002
0.0026484876781680744,-9.352165040142546,0.007314713505048136,-10.52324777675299,0.009989553911200669,-10.472404775743664,0.012145212904095383,-10.424393056829079,-0.0015437556084895185,-10.71438249084361,-0.005277040145820732,-10.77120404734763,-0.008412953682055163,-10.784618931558418,0.015510552689848408,-9.626036810982336,-0.012545447118568373,-9.802273588336353,0.006966903183277617,-7.427582076765185,-0.004122912316682548,-7.5000789086166435,0.0314270585159872,0.4990113625891025,-0.03142705851598719,-0.4990113625891025,0.037282883831062444,13.663169112340713,-0.04149165966272307,11.869324391583604,0.04205327744149642,24.791127343277708,-0.02188260566014104,5.684097943624773,0.04515773026709202,28.434435467727425,-0.01206684269076472,3.8839418231981435,0.04103012965639752,28.85870224698063,-0.012718295089075859,1.9052674681938317,0.03839679061321537,27.831899033723303,-0.014264305859954128,2.2574587373358663,0.043707817570301226,25.51791155849292,0.03765332546443738,26.614995451247776,0.03613147069681389,28.426215480574385,0.03569599326140574,30.196879079180817,0.035258709571080786,31.626196230240247,0.04515063274777194,29.49627158368973,0.04320460557551359,31.906969251185966,0.03902247731639,32.626578357164064,0.03585367931564114,32.894977158597506,0.048375849652098055,29.420265141741673,0.045981435634291,31.874438999618285,0.04100740271953278,32.27725207585599,0.037357514034212454,32.138949001388866,0.0492315044812663,29.215216277178023,0.046624409259522166,31.25914915653563,0.04206279746741078,31.649617505782885,0.03856689732626091,31.624426678931034,0.04861160841885429,29.0434939622712,0.04672279702734237,30.626787356536486,0.0430871458807779,31.057369748676624,0.0399539204768608,31.119270338759826,-0.022316590278985613,3.8441901170019146,-0.016140691280141464,2.2048145858868065,-0.006961388793266954,1.4181731910287934,0.0004883767981549078,1.234076656609694,0.004324607240714006,1.411659556923929,-0.011376146748129182,0.671283502367004,-0.00863932523575859,-0.09308050547325361,-0.006595452172155058,-0.8466017983271881,-0.005100159976837247,-1.5191155601758326,-0.013711065916485998,1.5607906001164806,0.0008858910052237941,2.086726528518721,0.0005812501759644735,2.4840750617848903,-0.002935730022567177,2.541033547854504,-0.01476940910988992,2.7359833303034358,-0.0011619611317111305,3.3086101339644642,-0.002602417552761104,3.585220496116128,-0.006183896989365394,3.456224418891974,-0.014996343790126217,3.9529964564314404,-0.003677718292324969,4.362656010948841,-0.004952875825916741,4.376113027333661,-0.008758304309630167,4.153099003764105
0.04199971788430497,-0.19470022966708653,0.11614195160986393,-0.21901119114685286,0.15872042928990052,-0.2179692218586564,0.19298520514826342,-0.21695102657345075,-0.02420364597484551,-0.2227987281963388,-0.08356062562359434,-0.22393535405097173,-0.13358836054167667,-0.22412479901750268,0.24663533027125184,-0.2002973594506892,-0.1994127539223966,-0.20406143010905298,0.11045578969993071,-0.1545352600893702,-0.06573989149445525,-0.15619113477827115,0.49989065064382787,0.010456452500267012,-0.49989065064382804,-0.010456452500267093,0.594721615052141,0.2852458271464682,-0.6594028469829928,0.24802382426060438,0.6682114823913844,0.5184856711941945,-0.3503478187714621,0.11833914278542801,0.7176786585696974,0.5947074098993579,-0.1952705145321232,0.08000481538255402,0.6504703937182648,0.6037365213568489,-0.20593025223063438,0.038122580575866434,0.6084794174084007,0.5824132181789934,-0.2301054775310891,0.04632096420981277,0.7003243951230572,0.5324574022679229,0.5999670664747887,0.5556878990313598,0.572822746411964,0.5943425822231484,0.5664058395545422,0.6307839540755036,0.5571720342356489,0.6595043559140451,0.715853316474791,0.6163472017454935,0.6809919176033606,0.6669431140106559,0.6160765635048671,0.682143974222373,0.5653418168027547,0.688488249290355,0.7698857060028116,0.6152521913822326,0.7288124683197869,0.6668183993701978,0.651425801351875,0.6766085425907095,0.591462823668194,0.6755053585406533,0.7851583767569168,0.611174576340617,0.7415562480408695,0.6544275296339744,0.6695878369526741,0.6633567111787093,0.6124897308153203,0.6637926411411279,0.7756814965467993,0.6074471114946216,0.7438057465304001,0.6408733596996514,0.6862258825127324,0.6502524455745519,0.6360375897877645,0.6522230950941792,-0.3548253629977885,0.08020977277617511,-0.26125707045320123,0.045446994946447584,-0.12047946172581879,0.028299039495330736,-0.00625630682070803,0.024198836953646205,0.056053466876718396,0.027595575096298636,-0.1803480135136037,0.014286791544046861,-0.1409260465735697,-0.002212849921630327,-0.10524032145531878,-0.018291634406452366,-0.07811280886412518,-0.03212173218694727,-0.21613078277710035,0.03325528192289371,0.01186603274156591,0.04407170622630104,0.016601685677962358,0.05172930819517443,-0.0340808649564724,0.05283925970634081,-0.23261713879419865,0.05780763083043883,-0.01546764587098928,0.06892586632153687,-0.033568194841902675,0.07399012445954588,-0.09029484741024843,0.07101551768977593,-0.2362700189350787,0.08339012794151407,-0.05978700598949548,0.09025286084181602,-0.07701500224976314,0.09020838895452081,-0.13577983524723536,0.08574538018604927
0.042426763821031964,-0.2379168003457239,0.11667213307619169,-0.2674519501802062,0.15912621857421255,-0.2661738768954686,0.19328971643724985,-0.26491090552372926,-0.022766980298850267,-0.2719670459624431,-0.08226675180389469,-0.2733477692607987,-0.13271658730361466,-0.2735541441572872,0.24680084660716717,-0.24453493156402598,-0.19871731325851055,-0.24923254014534485,0.11048890397048677,-0.1887995749814673,-0.06557046232763523,-0.19089132429038086,0.4998348783383971,0.012848906429718634,-0.4998348783383973,-0.012848906429718634,0.5968088424142264,0.34877419311533947,-0.6589343664311047,0.3039879384303589,0.668141307065554,0.6343310528832797,-0.3506702614333555,0.14377502178319773,0.7176154166479625,0.7274890036189522,-0.1976192098761091,0.09608199817856222,0.6502814604212169,0.7388672470656086,-0.2079707049666655,0.044054564313042395,0.6082675621889304,0.7127103038049472,-0.23131701461112283,0.05441329427366055,0.69933480773235,0.650447857429777,0.5995585770646054,0.6783712408200694,0.5713536540235331,0.7245478388832156,0.5643934251394792,0.7694988710246111,0.5575858936031703,0.8060329245101093,0.7150906741073143,0.7526851212547643,0.6812661846258307,0.8151922078718136,0.6183224460597521,0.8349239052015419,0.5673784555923018,0.8436778553681118,0.7673450915922498,0.7515515641410312,0.7285407091835302,0.8149368189374091,0.6540086945753579,0.8303660296230536,0.5938038802279597,0.8323073509800738,0.7829942049541885,0.7467407718274195,0.7423180976446245,0.8004281262796432,0.6721335657093103,0.8141108894037542,0.61410215487235,0.8170573209988283,0.773816486267925,0.7424921361328884,0.7441212438693802,0.7846973072817347,0.686843184991428,0.7978882102358814,0.6347037972562871,0.801621553610743,-0.3622158869441378,0.09951126104187885,-0.26540061662738645,0.056048385380630845,-0.12447076161238387,0.03424315777581949,-0.010125109448614916,0.02985349923535464,0.04784583053603018,0.03756891073011641,-0.18411106872951216,0.017365023337745315,-0.14018955158488108,-0.004112369145040027,-0.10120105401129204,-0.022794994084285133,-0.07180943272178697,-0.03818212363869286,-0.21596383681693773,0.03986794857438288,0.010212353010683723,0.053545337352231284,0.01467858151923263,0.06464078269854331,-0.03334845043249851,0.06698861960687541,-0.23302244466810113,0.07020720809669358,-0.01855344563126013,0.08528117449437243,-0.036468020086072146,0.09251482959014388,-0.09108629048363896,0.08983915755978576,-0.2388580508294926,0.10216629558258815,-0.060860407910380415,0.11153453352698708,-0.07478466622088228,0.11191772441551896,-0.13077189198880335,0.10716862959700328
0.04288703106071881,-0.2889137272873243,0.11713277859386496,-0.3246226157550511,0.15949162667133318,-0.3230666417369497,0.1935669238930918,-0.32151321517641523,-0.02160044190794761,-0.33001675917425416,-0.0812284963131507,-0.33170010607071077,-0.1320112486108121,-0.3319425064561343,0.2469233278971312,-0.2967828890315298,-0.19821471457966217,-0.30256411536208294,0.11052029414994831,-0.2292414280412596,-0.06534196485706971,-0.23184388456404198,0.4997553044281381,0.015640834246900652,-0.4997553044281381,-0.01564083424690053,0.5981227452972332,0.4233288234687352,-0.6586097251357466,0.36995449252279644,0.6679634915077618,0.7710472447422513,-0.3509646084169812,0.17442366844614574,0.7170650435767002,0.8842947974849318,-0.19917210693414455,0.1157348184598323,0.6501104084278976,0.8986427316971028,-0.20955648248796319,0.05246172060238025,0.6082021774099264,0.8665937559202053,-0.2322526011272533,0.06529502799234661,0.6988788957137295,0.7900243665898219,0.5985123905581998,0.8245418940686667,0.5702579577811591,0.8807503042177198,0.5626126684951043,0.9352694234026594,0.5546697827851989,0.979383158217356,0.7157797377960508,0.914571918544772,0.6828571622501044,0.9892458688063814,0.6200445558745802,1.0132648664152222,0.5686032743734032,1.0245785827066993,0.7679959184984917,0.9133721313500913,0.7312552585271367,0.989685991090667,0.6572682611196088,1.0090599937633071,0.5963956050984262,1.0126737256208047,0.783201879699234,0.9073854754285503,0.7421626234830291,0.9711350131704753,0.6719381434047424,0.9877904213830432,0.6140154414919465,0.9919986906450476,0.7735127684353027,0.9018061514400463,0.7423570238711403,0.9517958910706771,0.6854754027509753,0.9675941777910522,0.6338442810793057,0.9724830754594462,-0.3628010754884257,0.1225192858358505,-0.2635969191347924,0.0697134951633493,-0.11944320440548026,0.042858981324048986,-0.0026497820060661136,0.03511118307111728,0.05328145598299308,0.04314782382050357,-0.18485420589038723,0.022063562648390142,-0.1398072784237039,-0.004767697475682505,-0.10057944198377568,-0.027652227314640038,-0.07063350626413234,-0.046355595452884174,-0.21656959049452115,0.04872949930830006,0.008567508850941928,0.06655765247368264,0.013513824894581703,0.0787470409739952,-0.03332729485959666,0.08072648082305882,-0.23367707799374457,0.08562543768287213,-0.020653690061241757,0.10502426173693537,-0.037457838640354006,0.11191924957971086,-0.0915355170644019,0.10765219283538874,-0.23928884801580205,0.1243561987000059,-0.06235417783214362,0.136336434402117,-0.0768017917326078,0.13536604902732513,-0.1330326529089037,0.12819489065650597
0.04324630136534616,-0.4176339300958931,0.11768620074940019,-0.46937577671649616,0.1599694578815577,-0.46709271502364597,0.19398379177134553,-0.4647184635716709,-0.020234061760439626,-0.47718198030661074,-0.07988259812095914,-0.4797825946949582,-0.13098161536125824,-0.4802914373425488,0.24729109772592336,-0.42884211836920066,-0.19735161782978397,-0.4382432896173554,0.11049896068345728,-0.33133391373060594,-0.0652273532301644,-0.33532427142303783,0.49947662183398667,0.022871472215594726,-0.4994766218339865,-0.022871472215594726,0.5989603999505682,0.6144822866546282,-0.6582909332788915,0.5375734883933085,0.6679402058487439,1.1195611290728877,-0.3519724437237368,0.2542533526381696,0.717092700014649,1.2840621461905446,-0.20016661174489211,0.169064486331574,0.6501126147241338,1.3048325570641413,-0.210480093515819,0.0773071136125076,0.6081791102630741,1.2584194342576787,-0.23328452497886823,0.09605333933397099,0.6991994141584809,1.1477734584593464,0.5986133493763984,1.1993174744902473,0.5720500477651342,1.2814208660988036,0.564508664120586,1.3616832104082717,0.5572685642834917,1.4248604613651994,0.717333186641227,1.3282901272845893,0.6875575984259328,1.4380274284145524,0.6248738472506862,1.4723957300848844,0.573398563013185,1.4877724847274996,0.7689976176636767,1.3264648154325018,0.7319790586333029,1.4367555113792747,0.6558898668369177,1.460719080491831,0.59431617085584,1.4623582211516928,0.7834411701482809,1.317802167483039,0.7374985982515937,1.4087621511649346,0.6633954476971721,1.4271496845282607,0.6035868965342069,1.4273972808388993,0.7739004036581877,1.3092475822418945,0.7395856303662357,1.3779538521907495,0.6799707857767852,1.39655466721523,0.6273128274901796,1.39905660328835,-0.366410845336072,0.18001616786039942,-0.27433351489870517,0.10405926935077595,-0.13470299391459925,0.06502948369424515,-0.019687647097312785,0.056544096503164366,0.03922794547152961,0.06746563422387987,-0.18948657363759755,0.03336910078578404,-0.14195381769887555,-0.007417367423867082,-0.10271709041233076,-0.04143873092538692,-0.0740723297613384,-0.06971210626286066,-0.22232549536377416,0.07281379036714794,0.005161765096938754,0.09573161579710028,0.016756631895365744,0.11205022225537531,-0.024820786854922016,0.11350831048287878,-0.23903652937348233,0.12642426871501497,-0.022016685768054278,0.1505685110925322,-0.037132215982400976,0.1608871726510501,-0.09192356423406686,0.15470636490263381,-0.24237885439216464,0.1823863432628502,-0.06462495449631377,0.19568279597848687,-0.07792315564562884,0.19559008954977125,-0.13300548596021172,0.18593762510885156
0.04257096551427774,-2.030250431264522,0.1156071197040351,-2.28152318172205,0.1568120855118465,-2.2701622850169945,0.19000399947011823,-2.258302484531962,-0.018429788510747763,-2.319520560461993,-0.0765917419874893,-2.332298860327539,-0.12671015254981463,-2.334904963991526,0.2424685738622636,-2.0829299672706845,-0.19153885374937388,-2.1313688211470363,0.10787079487032031,-1.6104436496463168,-0.06358136942126096,-1.6305671779915707,0.4873988479677444,0.11154534055582793,-0.48739884796774463,-0.11154534055582657,0.5848412042006071,2.983188005418374,-0.6421134778492231,2.6134929269498652,0.6517189873681495,5.434807635545515,-0.3448580641671942,1.2384947433806468,0.6997409311995078,6.234578982681826,-0.19625985949165475,0.8257353234751753,0.6346863488950121,6.340657361437924,-0.205852842951497,0.38078692678574844,0.5938205755818807,6.111846808431055,-0.228579728994459,0.46939445136129987,0.680196653063383,5.587077495697734,0.5840291529754912,5.830119255973762,0.5583741358049855,6.22223272795661,0.5491172133250519,6.608338144252666,0.5409841750148091,6.922189198136464,0.6996220984547731,6.468031830750445,0.6704754423144925,6.996817272803179,0.6101077487229297,7.1585257284971195,0.5600470239590194,7.226115663332431,0.7495781646987018,6.460193231619558,0.7138503830421083,6.994023964948184,0.6408351605563473,7.1130719976074355,0.5812383140481749,7.120208811569077,0.7635948248141377,6.418192173099999,0.7204511217298827,6.860694926860587,0.6506582279435816,6.956906814781234,0.5939812717346082,6.964196711972957,0.7540979294127981,6.378997333069293,0.7213813464334656,6.712258602777438,0.6649259036904059,6.804908077940129,0.614824963684172,6.820330752277181,-0.35165122619682415,0.8545915123463051,-0.2592843137333608,0.489356135689205,-0.11788373094262387,0.2985544887739408,-0.0035847603300732055,0.2750479132626098,0.050095995509226686,0.35878628449567973,-0.1833447509010946,0.15496749098841225,-0.13531934592183123,-0.029897108726304012,-0.09982453248255067,-0.2035534338719826,-0.07166232569636344,-0.3393617747552726,-0.21443302860773927,0.3532107350432865,0.002485269012283568,0.47232147649558714,0.007307142493507234,0.5528948980560447,-0.03385563027317776,0.5735307019092056,-0.23084908830410386,0.6131211606489854,-0.02223795769725358,0.7530659764030512,-0.04471061418577256,0.788956616353052,-0.09961002372073044,0.7537945050281575,-0.23626265326049817,0.8837335795386783,-0.06424228385452951,0.9706166123054338,-0.08196871766603184,0.9611844720806435,-0.13797808437077716,0.9136253856832172
0.0438859433809304,-0.3235140859342467,0.11917292704532084,-0.36345631776116416,0.1614218681836239,-0.3616541891318798,0.19564936741003797,-0.35971877654029893,-0.01777600889874251,-0.3691846594453591,-0.07743703518963306,-0.37113176748396265,-0.12898091906860107,-0.3714862351519024,0.2507870457946727,-0.3314494835172857,-0.19483223886871162,-0.33980194515453044,0.11050126231855378,-0.2567432341999554,-0.06504817045803869,-0.26006768340522624,0.49968115597063567,0.017853357327102595,-0.4996811559706358,-0.017853357327102595,0.6017090385790407,0.47526714509885953,-0.658074859303027,0.4168906820760453,0.6698195828049173,0.864332152019778,-0.3662882580242822,0.19772594894782164,0.7172426014631186,0.9926647475182112,-0.22562060167909814,0.1345659745364514,0.6515891865805529,1.0096671323509387,-0.23884475524108073,0.06194607527793838,0.6108940904542657,0.971932029979136,-0.2601892609404945,0.07555104308497654,0.6988795928953717,0.8925486316405126,0.600767406474564,0.9321295550663262,0.5742819341078671,0.994929545089463,0.5647243851407203,1.0563738930457545,0.5542772354089208,1.106393481055089,0.7196402664180592,1.0326892152556406,0.6855651446868437,1.1178152987512227,0.6198571644706315,1.1445356438282983,0.5658756630007865,1.1565534144286957,0.769316512383313,1.030960348671857,0.728924988716973,1.1163724189474657,0.6531339092148075,1.1368401867999012,0.5914899482912748,1.1401568390404904,0.7825079774249842,1.0242732010006121,0.7392603048547354,1.0956682412413763,0.6695283424482401,1.1142741527728142,0.6111069459353637,1.1191148909398838,0.7717439095324387,1.018344271366537,0.7397779153262309,1.0736093041436887,0.6829314804405587,1.091322683887872,0.6312680765196251,1.0969226698798997,-0.3722318250016423,0.14109070996224898,-0.2744171294556075,0.08079075046368839,-0.1319054013392592,0.05090351371293076,-0.01902264939299911,0.04838788925899105,0.030279072285275023,0.06729111523612505,-0.19234056274295286,0.02705737990888727,-0.1507902437015396,-0.007904062611770672,-0.11184258971531491,-0.03467214570845462,-0.0794835730672224,-0.05542207541484671,-0.22589131668581208,0.056426118508305145,-0.0024962795478698603,0.07324049351342217,-0.00321779205562386,0.09263080911435727,-0.05267526988752693,0.0993313440268482,-0.2435411749254198,0.09700152271240114,-0.031938922705536374,0.11907840754011116,-0.05755118080096648,0.1300766882302277,-0.11597536470704774,0.12510840348996724,-0.24833228151226314,0.14037383054914668,-0.07888394566233528,0.15410722760462284,-0.09896187678275462,0.15529030666068055,-0.1595141931675128,0.14758308062899003
0.03923837749169458,-4.075737461020469,0.10674478182121384,-4.578173044571702,0.14447600682701744,-4.55551422675662,0.17514514589893182,-4.5305353523069885,-0.015235927782064378,-4.647714446254647,-0.06849440556632969,-4.671607968340255,-0.11461440284736824,-4.67574529444585,0.22514309139760805,-4.171716005457529,-0.17291439430860625,-4.283209522790569,0.09851664175988677,-3.2362090585837087,-0.05810466872226075,-3.2791546890901047,0.4462160038201838,0.22559095268814527,-0.44621600382018367,-0.22559095268814844,0.5386885757285951,5.976938065261866,-0.5874316291899819,5.249306708601183,0.5984737741479086,10.853168349677963,-0.33174858321925027,2.4954245299832833,0.6402310608305585,12.481621760143362,-0.21055859134499688,1.7214347126048863,0.5822277487728482,12.703766487162834,-0.2245432469706489,0.7956013165447762,0.5466133999381209,12.20746546359732,-0.2423149767210941,0.961396775187956,0.6231657357503833,11.261995538612716,0.5355545130311391,11.758932931171156,0.5115059852545148,12.55602869443255,0.5035279186304262,13.330510167155339,0.49482029518129345,13.958157379799596,0.6420954503104785,13.029830456257013,0.6110739761665558,14.10442577240628,0.5516543857157991,14.43445452440972,0.5030583899150318,14.571973307189504,0.6865878586522876,13.005961980764422,0.6491094219943804,14.08913250824107,0.5807172026486352,14.336874853322827,0.5260036081660829,14.364420539730792,0.6984806756162613,12.921475184263707,0.6599778126702205,13.831234233517145,0.5973179763496217,14.064219497054557,0.5451889768131016,14.118676356180751,0.6886468167293354,12.84686416662402,0.6608847436582278,13.557840466580702,0.6102291864669335,13.784146638647192,0.5643856575878603,13.854201031661168,-0.3339882336833978,1.7458764767820656,-0.2491038370629701,1.0158387918886636,-0.11664824800083318,0.6407206065469849,-0.010343885019629438,0.5935087063635425,0.033608105272948115,0.770554723528842,-0.17830605604622413,0.3283868086835059,-0.1355640863509005,-0.06998760209926583,-0.0982521642133258,-0.40819545819980024,-0.07000103015292619,-0.6656985533450248,-0.20648124802239592,0.7155004567766327,-0.011643045183474598,0.921461374101439,0.003277726719753975,1.1452999929300622,-0.025184265401719027,1.227914788515733,-0.2214472684365842,1.2367868483529305,-0.030554057025706193,1.511900481343138,-0.0481367988287085,1.6276732554755338,-0.09757924344116645,1.5685410323196922,-0.22565854735162674,1.7800882675386447,-0.06955985717106676,1.951015494795311,-0.08798324089352,1.9534626396981276,-0.1408966233675307,1.858953495384668
0.04504870857894436,-0.7079173075545753,0.1210985599024673,-0.7949872025296831,0.1630390656964758,-0.7909714971906319,0.19752517328615912,-0.7865802106958075,-0.014819574369591535,-0.8068198618680154,-0.07475648965586472,-0.8109396536191771,-0.12658771532669402,-0.8117327082947301,0.2530110919943755,-0.7239651443344242,-0.19241151675024185,-0.7441347063591581,0.11040101005280821,-0.562208898309236,-0.064485133991837,-0.5697898049497834,0.4984342685188032,0.03953833539902128,-0.4984342685188034,-0.03953833539902128,0.6027331900550875,1.0394217347862014,-0.6555654373193969,0.9143620717600488,0.668381747435897,1.8871111424818077,-0.3720700082941789,0.42660025465262036,0.7150419685683557,2.169012593861664,-0.23442292859133615,0.2866485007197889,0.6507263101344289,2.206603256583301,-0.25076466715819673,0.13111149838043462,0.6107159309428056,2.120663327565051,-0.27056623345014436,0.1605141374323724,0.6939099454617886,1.9574709790767981,0.5972732560065606,2.043263640323115,0.5703742638779805,2.179655832311143,0.5616150933535264,2.314613694205354,0.5530000928440502,2.425245304818447,0.7145036889329961,2.2645258948024387,0.6843391449114276,2.4478739486104084,0.6168424828876888,2.499968070000318,0.5626864315138906,2.5161440007393434,0.7642441967522801,2.260135252805522,0.7265196533588741,2.4481391594994695,0.6495717710542066,2.4860936412900623,0.5900032808938248,2.485394361060094,0.7781838877097852,2.245646617589129,0.7395104496149968,2.403469976256418,0.6702753262657938,2.4418959082665697,0.6139432508341583,2.449259296863233,0.7684404536718634,2.233165271106592,0.7405765666650055,2.3564657770933923,0.6849154881255082,2.3954053739360632,0.634994262518758,2.4061987803980616,-0.38392816044898953,0.31139367564097886,-0.2913932426582018,0.18448237012570493,-0.15237242145166338,0.11677593141714454,-0.04254097559061898,0.10258086499775622,0.01244220071723791,0.12852351703164694,-0.20694102475500256,0.06071154179068349,-0.16240613238305868,-0.013685268574315483,-0.12665533712694335,-0.07004822185656664,-0.10069168165511251,-0.12052852048533479,-0.2405752492421673,0.12184974119633386,-0.009809161080380657,0.16296355173098262,-0.02808018413505294,0.20097442708850793,-0.09608034646226744,0.2034122404247776,-0.2596931027119174,0.21145621881208232,-0.04720982720883166,0.2621862603801246,-0.07671676395998003,0.2846679586491064,-0.13808038975661996,0.26927831535760266,-0.26610934207007314,0.3065689643031564,-0.09464664640094095,0.3388934346201247,-0.11823183347147323,0.34249392218207314,-0.18147185896071116,0.3236156117156251
0.04602358390216283,-0.42091988259472496,0.12258885757719032,-0.47256909223279786,0.16448603435588946,-0.4701303120467075,0.19922736360992638,-0.4674745022707424,-0.013401437091585812,-0.47948059834637924,-0.07368103245311061,-0.4818904412538195,-0.12582525532108363,-0.4823564080951269,0.25456774017268324,-0.4301299859849102,-0.19225535630121673,-0.4425444618009649,0.11080317265435584,-0.3344054682107809,-0.06437596709403916,-0.338965005974222,0.49943784567705773,0.023703128600659314,-0.4994378456770579,-0.023703128600659314,0.6038609444578228,0.6181236996609939,-0.6566518562910447,0.5438562698246271,0.6685575140395259,1.1221457453196506,-0.3750426461891076,0.25330816988139493,0.7159201195421406,1.2896845399235348,-0.23468726428170927,0.16902460887999643,0.6520523917601247,1.312107864675557,-0.25147527607193615,0.07776678044873928,0.6118952427986846,1.2610492821421149,-0.2717008214825274,0.09556531483215279,0.6960790440095191,1.164791628545441,0.599291684056004,1.215218956801578,0.5714382461422027,1.29640239623529,0.5624900619733468,1.3767395639966946,0.5542728514763653,1.4425703398245404,0.7163939362712778,1.3463295503372785,0.6835507424823637,1.456983404243513,0.6142644951825221,1.4891497765706585,0.5590113562440401,1.499874775243811,0.7662464419359826,1.3441950906710303,0.7275881939734479,1.4576411045105777,0.6482596643310587,1.4803733490850086,0.5869803797915519,1.4793040112382083,0.7797178209913246,1.3358076875274967,0.7387348675169223,1.4299019441792722,0.6676014436736815,1.4521457044935795,0.6103543260000802,1.4559234566394534,0.7697637887019605,1.328201782545119,0.740315775257409,1.4010892299738136,0.6833264894791502,1.4236806209071342,0.63264176725173,1.4295573797619703,-0.3802515085538161,0.18331540850573308,-0.29201512316075645,0.10791942480201726,-0.14629445862229967,0.06681679922502337,-0.026984520803155873,0.05939927401028118,0.029098978578376018,0.07262207725246582,-0.21642920571646693,0.03306366751230325,-0.16356480841830953,-0.009626100725479581,-0.12650991037039783,-0.0436153299699664,-0.09710939671546608,-0.07073425518636689,-0.24852682998341075,0.07397599694559216,-0.020061278820201412,0.09613735308890892,-0.020293715623757945,0.11147372749818373,-0.0662472731930889,0.11231080056535644,-0.2653912801562227,0.1285791086572464,-0.049771764459258884,0.1555919624581977,-0.0726312280441621,0.16363326808357367,-0.12624541331807504,0.15660150937162887,-0.2706875488833576,0.18508978110851548,-0.09274321267885978,0.20135234007219663,-0.11327552404870024,0.20079544118638978,-0.17118417964487348,0.1920420102135746
0.04889198618202944,-0.1486747656223615,0.12494880432370448,-0.16695148272253998,0.16636220525300277,-0.16609148552131073,0.20129725305277113,-0.16516154206152547,-0.010474848904952618,-0.16928211100774754,-0.07113688179465326,-0.17008823571569134,-0.12364254583570869,-0.17025516599796348,0.2560395396358093,-0.15197922720641913,-0.19085740150695998,-0.15632753602689445,0.11271737506108202,-0.11814791053424684,-0.060685209669156165,-0.11975924628347698,0.49993271596637806,0.008202408578018698,-0.49993271596637806,-0.008202408578018811,0.6052993369007598,0.21670624958028112,-0.6569176131382577,0.19202946674198604,0.6700698655584061,0.39592345338319307,-0.37939961583338266,0.08942382127985711,0.716968353192777,0.45482456491440004,-0.23895618457571455,0.060573544508217794,0.6556845578116017,0.4628102145378082,-0.25431035769319693,0.02770611232018087,0.6164716422235319,0.44487453197741045,-0.2752671478509134,0.03397643739293521,0.6986027185349059,0.41110690125521504,0.6016243186764358,0.42915466025893034,0.5752705051323064,0.45842874300161696,0.565956394936146,0.486988609134201,0.5524512137796634,0.50960612268456,0.7180669916418626,0.4754755971018159,0.6862848301751526,0.5150069754944521,0.6181614785223333,0.5267657976972049,0.5641871918880258,0.5309367875071175,0.7695505132709418,0.4747937987383011,0.7281107693354865,0.5149897173464775,0.6475793551864536,0.5228190961319507,0.5863480769521681,0.5222766488534544,0.7838137313161342,0.4718934146933903,0.7393229268983423,0.5051726059883981,0.6662695491894123,0.5123743296196887,0.60861028127076,0.5129897348727599,0.7741946501640797,0.4690919096845223,0.7411367104184209,0.4946892624394872,0.6834316799698418,0.5022402097709698,0.632857836380299,0.5039626406178483,-0.43931070418218515,0.07428734264193065,-0.3628818755112547,0.05253517293472256,-0.22536547308193386,0.03632950127050985,-0.11053419842582175,0.030906043670721643,-0.03941205013941982,0.03168726250237265,-0.29138543701237224,0.023260684117965988,-0.2457000785846157,0.005344831507986097,-0.205837959873658,-0.007435774573381676,-0.17600433653544492,-0.01797315981310737,-0.30762919318392506,0.03513253027019964,-0.12567813409032014,0.0354206398228583,-0.06757458124090503,0.03873738514753311,-0.05076326837900839,0.037585894443061936,-0.31558148816756576,0.052122330963564945,-0.12965466152934474,0.06006723782195071,-0.1399120539844341,0.06458481185060065,-0.18516477919568947,0.06121541225485023,-0.3132985120666722,0.07075240018364731,-0.16336796798587072,0.07566021139355862,-0.18557545990705981,0.07873926802926547,-0.23537488666175682,0.07640007834908219
0.05233276156395769,-0.6463135425533328,0.12723826155710735,-0.7258105653385104,0.16801171851115376,-0.7220586553761904,0.20362496564283816,-0.7182339056511005,-0.007239336572354173,-0.735749293454173,-0.06818137583034384,-0.7392592871134746,-0.12043816525217087,-0.7399785613769495,0.2567458328984982,-0.6614623002460398,-0.18877182227206243,-0.6794131079643378,0.11481521601864993,-0.5136961730168598,-0.05701397629508181,-0.5205119146976351,0.49877606400947916,0.03496338043170286,-0.49877606400947905,-0.034963380431703314,0.6039250462236797,0.9384675035295204,-0.6629132032719744,0.8333142561822234,0.6685478599642055,1.719247074083327,-0.39176054228113766,0.3914968025199721,0.7155697308163644,1.9745938521479955,-0.2504358495592574,0.2733424668489159,0.6554102383128478,2.0082328732566075,-0.2607439721610205,0.13556877786350138,0.616144769421668,1.9305998126431634,-0.28574579770667113,0.16685367669979834,0.6984444981926909,1.7863812025874393,0.6024812386179126,1.8644315835386926,0.5763466532723575,1.992324669067625,0.5665352975157008,2.1158697357878093,0.5520913256155131,2.2140336032319694,0.7186042367328609,2.0690483362792116,0.6812138142143086,2.241205630614886,0.6137687448878507,2.295899904846159,0.5598792282207901,2.3188027863755702,0.7691720357265899,2.0654775692420833,0.7253714847723528,2.239825353898152,0.6462918967307482,2.2746745451259978,0.5849288100908177,2.273053235012461,0.7826760418771356,2.0520974198498476,0.7380568110764358,2.197473814256026,0.6667423845332623,2.2309545008500096,0.6090539238543871,2.236235457226357,0.771896925684692,2.0395619174036734,0.7407544117063223,2.1526772130014002,0.6836826561545868,2.1871129098183686,0.6321142484596255,2.1967713152106443,-0.43266589765489183,0.34484227228608383,-0.39944829978996965,0.22908267257324974,-0.2884731302281007,0.15327399050288404,-0.18015066866667725,0.12463427868790981,-0.09234363340176213,0.133407717750287,-0.31453250146842004,0.1353874877872739,-0.28910575413003264,0.03466172080810962,-0.2374185873215417,-0.02577173812530048,-0.1960720544749716,-0.060441993693492506,-0.2827850740479424,0.19800672820792992,-0.13382602330515778,0.15543387340781128,-0.11451840246114635,0.17570569441534586,-0.14318070394581456,0.19243146975978367,-0.25621983951977806,0.2775686445999385,-0.11589954568360407,0.2540518489487562,-0.12574787679546628,0.26294506895435577,-0.16867836984703338,0.2626510611846292,-0.24142135903175518,0.35831424392472006,-0.13638473473063917,0.3296762979221768,-0.15110008383919105,0.3331858501283705,-0.18775959033844278,0.3376530612761961
0.052920324141882046,-0.019278289490155597,0.1281640580117619,-0.021609285333008113,0.16906590018020712,-0.021482788987060564,0.20668479558476696,-0.02136389260739169,-0.005933127358555127,-0.021933450446794678,-0.06688184738040347,-0.02204155191445261,-0.11872002505873724,-0.022055376366285975,0.2594637597814264,-0.019590040455129586,-0.18909596766174588,-0.020137917061981567,0.1147347783147426,-0.015327382163661503,-0.05714235940673312,-0.015544651531817163,0.49999895594276667,0.0010217906552806271,-0.4999989559427669,-0.0010217906552806271,0.6059727287875576,0.027763930418664467,-0.6827763463052305,0.024438644829436616,0.67108388366492,0.050891315545017426,-0.44416967336054636,0.014063567839980778,0.718671838990226,0.05841694492557279,-0.31775601654437313,0.011420520689844298,0.6591391805457761,0.0594033909495918,-0.31750403076814443,0.007631506574004586,0.619460759885234,0.0571161406171062,-0.33854093764331405,0.008426760777391124,0.7069565380164229,0.05277703867856711,0.6076357669899725,0.05511744524713237,0.581239068317863,0.05896166140898932,0.5700088909038208,0.062606606977354,0.5524023186993873,0.06549389771731219,0.7235213765704769,0.061156223492942294,0.6892827243245324,0.06619125773879307,0.6241892288277145,0.06777602917216678,0.5718257694790548,0.0684000099086959,0.774412824669725,0.061060880044277906,0.7344634004385218,0.066165271599799,0.6578894397687928,0.06727155855828781,0.597872676574998,0.06733521371685555,0.7884870113600845,0.06067252437911018,0.74933973052976,0.06493439916890005,0.6807192831744201,0.06599659239405387,0.6248815105053995,0.06624857523934148,0.7783089255023179,0.06032634722095291,0.7510963294887126,0.06371590606451687,0.69642441553909,0.06479680756863157,0.6468964753799472,0.06513977236990816,,,,,,,,,,,,,,,,,,,,,,,,,,,,,,,,,,,,,,,,,,
0.05258550994928602,-0.3441358923808431,0.12776004604998809,-0.38550470419904154,0.16875475490251018,-0.38307886757877807,0.2072848822295847,-0.3807897678420549,-0.005455230702975531,-0.3915759772110551,-0.06594212594272504,-0.39363122580035986,-0.1184473287251817,-0.39387641989379923,0.25945677170168974,-0.3477497083682744,-0.19153507838195533,-0.3581375161811412,0.11313419971121699,-0.2734071078499661,-0.05839136671362632,-0.2775170611886978,0.49968096257466416,0.01785876928730243,-0.49968096257466404,-0.01785876928730243,0.6073938714314268,0.49497392241910937,-0.6980032393006782,0.43498574239891546,0.6730467373015278,0.9091434165842847,-0.4728791955788904,0.2552653087520172,0.7213232577956242,1.0434151516503494,-0.3714137900506854,0.21603456456735887,0.6628815812560335,1.0612437766701441,-0.37245032673759493,0.14840030663210418,0.622446879904112,1.0201655307294688,-0.38407841024371897,0.16024467302032,0.7082937842309872,0.9451673700842775,0.6077713236861937,0.9876745164579495,0.5808688513318027,1.0546665771890311,0.5705643362113195,1.1190736892899111,0.5563611952586769,1.170231774289843,0.7267860306871601,1.09492269261742,0.6961712588407238,1.1832584485722164,0.6297986282032452,1.2093672688044899,0.5764040471174929,1.219404999118929,0.7782335272307255,1.0935192749672649,0.7380142924929012,1.1820128998694217,0.6602766121753384,1.1990745552788127,0.5996278170016074,1.1981703826364023,0.7920455028584917,1.086233840582542,0.7490515997973662,1.1586750215055288,0.6781701117078508,1.1736318612053316,0.6211009420728547,1.1745139694869893,0.781625283708959,1.0789850765438593,0.7507441354756437,1.1349876871744968,0.6947562414187893,1.1508283443670015,0.6444068189642501,1.1535652573973194,,,,,,,,,,,,,,,,,,,,,,,,,,,,,,,,,,,,,,,,,,
0.05140027367314398,-1.394787382953394,0.12618110339939703,-1.5595266433037525,0.16694407383298854,-1.5490714455198342,0.205695570162703,-1.539538644941518,-0.005731011530355701,-1.5858261280346275,-0.06529884612593037,-1.595416165671048,-0.11837673483125852,-1.5976040679415464,0.25739745345064674,-1.4039547469299687,-0.1922339950047848,-1.4494264447004286,0.11079519628707898,-1.1077969997471246,-0.05911621354432249,-1.1262880288974046,0.49465550703577665,0.07291042010013998,-0.49465550703577643,-0.07291042010013911,0.6039693296666595,1.9972709463444884,-0.7075612752543113,1.756872786392335,0.6692084371044886,3.6834432291602988,-0.49084089375034534,1.0608783365682197,0.7177632537107227,4.224042840103556,-0.40183016270966176,0.8867808172178292,0.6598651862076894,4.296457782263898,-0.4075996420097427,0.6238356592232566,0.6192025664777281,4.127373222837577,-0.41168417295698934,0.673766501207228,0.7002905665818889,3.8362925914021706,0.603689033855152,4.0106762960430835,0.5771307484053354,4.278095379249689,0.56525214126981,4.538773069173212,0.5540054862576584,4.747858784470422,0.7227246954219997,4.445030089614471,0.6887624149805797,4.795085647192966,0.6181822485543217,4.89059291189437,0.5635279961036777,4.919065517897222,0.774313534071153,4.432771295521611,0.7333496906906367,4.79070984265197,0.6521591098672094,4.855376396693793,0.5900926285210742,4.842962873850453,0.7884725895042174,4.397243435884095,0.7439676528330367,4.690843755833405,0.6718050330033788,4.7525723505521,0.6140105754575977,4.754290091273885,0.778572692396683,4.36472461015834,0.7467587747112717,4.591234921286977,0.6901578901498652,4.655195761271735,0.6392047774967006,4.664695854959706,,,,,,,,,,,,,,,,,,,,,,,,,,,,,,,,,,,,,,,,,,
0.05273735016531012,-0.46842448274157716,0.1277647516526371,-0.5233525513941218,0.1686243998931275,-0.519602218766013,0.2076348281933953,-0.5163141158465515,-0.004790758914314508,-0.5326478485294096,-0.06469444304744319,-0.5360430495980126,-0.11924946478129231,-0.5369332502569699,0.2597395641693687,-0.4703908300585918,-0.19521395691324292,-0.4863094520019623,0.11148405843688863,-0.3720472167284003,-0.06014237703317425,-0.3781863862224995,0.4994101170517854,0.024280341561067145,-0.49941011705178523,-0.024280341561067464,0.612356407847668,0.6678428176166341,-0.7157984916598167,0.5935955499623461,0.674549342368925,1.2326622228083772,-0.5732769024808294,0.4879168729431624,0.7251458234986409,1.4129834608472829,-0.4728928439382194,0.4497705361209677,0.6664311836268503,1.4361598798031485,-0.5157509601849742,0.36321014366232324,0.6241787267793397,1.3789093835700064,-0.5071942444079572,0.36717172106491985,0.7046664233657499,1.2880619027987756,0.6075076657996823,1.3442218109895763,0.5821438150222846,1.4336386460126287,0.5710609760554602,1.5200244769210975,0.5545391631418444,1.5885685573104693,0.7297501523374292,1.487593344282129,0.6960519844691139,1.607438070579695,0.6276573681142095,1.6419772236778494,0.5740802592312011,1.6541204250408517,0.7813171792531692,1.484274777420638,0.7385063855639399,1.6047281500894082,0.6577210595589543,1.6266377328677308,0.5963154475881746,1.6234452382369224,0.79479474764202,1.4740707271911084,0.7489421362258476,1.5734207047239124,0.6768079977702282,1.5940820037599772,0.6195369559170146,1.5947170030222102,0.7839103860684798,1.4647846008618988,0.7497941156040061,1.5412663828523119,0.6929872855055653,1.5626046349531275,0.6427395698913847,1.566082162453305,,,,,,,,,,,,,,,,,,,,,,,,,,,,,,,,,,,,,,,,,,
0.052189430130222106,-0.38622765248066304,0.12703137119968572,-0.43185689601262983,0.1685703483685743,-0.4286705637737407,0.20889239894241718,-0.42577043164190476,-0.006069649403664065,-0.43915903768178166,-0.0664279055986837,-0.4418440202945977,-0.12099650974044114,-0.44233972409154837,0.26026146767171743,-0.38592790238371605,-0.19864893452934157,-0.3993162478468642,0.11058991983518146,-0.3066430028637555,-0.06097458043878466,-0.3118070256147825,0.49952591362439225,0.021768362770684523,-0.4995259136243924,-0.021768362770684696,0.6126283395427291,0.5511806259264208,-0.7238093938491872,0.4569390564720062,0.6718922304150514,1.0181011174218177,-0.7957947712878168,0.7385854983317722,0.7248527715979162,1.1676330732025277,-0.8260415643259077,0.8358435039979452,0.6622565344092234,1.1858128166946218,-0.7994813813527878,0.8432655978212216,0.6192841723244566,1.1387483165408196,-0.7620766538782469,0.8154865550784169,0.7000342442391625,1.0631861030263807,0.6053432836164967,1.1082844649030184,0.5823175731686459,1.1803467855149983,0.5745292429603508,1.2513287550096714,0.561846453096263,1.3080398056609932,0.731311602986527,1.2226144155285517,0.700196327395933,1.3235352614115479,0.6300045920504087,1.352500970576981,0.574827872056266,1.3636447949577737,0.7815453947281575,1.2199066758814265,0.7391626470421897,1.3191419377651894,0.6561896211360193,1.338912936480717,0.5926742178353508,1.338370763167143,0.7929285660544096,1.2118468639440427,0.7473831990018729,1.2929932367551282,0.6739220049099149,1.3116906593482955,0.6140427886985985,1.3143080657294612,0.7806931118052031,1.2045472411832683,0.745430557327595,1.26546695343919,0.6868179523660257,1.2838999775116076,0.633640084249485,1.2878850642829585,,,,,,,,,,,,,,,,,,,,,,,,,,,,,,,,,,,,,,,,,,
0.05116597399374078,-0.4711315996474645,0.12652688746801424,-0.5274655879212123,0.16815856893084663,-0.5237495450746692,0.20909041269921824,-0.5204893470658042,-0.0064147313624175716,-0.5357450966404086,-0.06686650353738756,-0.5388213553857328,-0.12085144628394752,-0.5393381574604869,0.2609317560521868,-0.470941575335739,-0.1975682952912395,-0.4862847574447833,0.10959774434813863,-0.3737504384468829,-0.06139997429874645,-0.3798457351335508,0.49909726356073963,0.030032008027796108,-0.49909726356073963,-0.030032008027796108,0.603266718564062,0.6806105577051347,-0.7423985230610092,0.5333846317209936,0.663889292710997,1.2568281104846393,-0.8292326605795829,0.9289057178657986,0.716234553849408,1.4471519773890091,-0.9156683323415516,1.1021162941708333,0.6514403234257374,1.4687363905859174,-0.8662071733651471,1.1214466774139389,0.6093582513674595,1.4096046679653234,-0.8150323214798615,1.0758880284120984,0.7005093394365883,1.3123615412788212,0.6041278307371228,1.3667400939807304,0.579751825575864,1.456262468828694,0.5712226402881948,1.5436416256529515,0.5596159014164178,1.61216332490879,0.7257892438774756,1.5073461280715639,0.6911481441374101,1.6291942004695565,0.6211907052184154,1.6672191327981072,0.5638107701315342,1.6840911565746897,0.7776718152926428,1.5040411996207819,0.7355017438411009,1.6261145255568308,0.6548655439040987,1.6519161974112653,0.5899426057064215,1.6533755414232236,0.7912282257612416,1.494848506652991,0.7456111072101745,1.5959630050475873,0.6739919002211386,1.620580547876372,0.6140189278945578,1.6253698010632376,0.779056593146485,1.4867453575759124,0.7435767275359786,1.563571332764611,0.6852069725020304,1.5877748788063892,0.6324279505747753,1.5949612139570086,,,,,,,,,,,,,,,,,,,,,,,,,,,,,,,,,,,,,,,,,,
0.05159769561814978,-0.1235465169425243,0.1268717943421046,-0.13826441877910242,0.1685812040926901,-0.13727118355835677,0.20991974574348596,-0.1364433145540739,-0.005973470802056853,-0.1404078679054665,-0.06631029816632929,-0.14117458366939506,-0.12045963906423389,-0.1413055020972545,0.2614522233141946,-0.12334072787314847,-0.1969116467459519,-0.12731967187238594,0.10983749859379244,-0.09797548585198071,-0.06058548740969438,-0.09956973399685086,0.49993063157150897,0.008328482245411073,-0.49993063157150897,-0.008328482245411073,0.5991718863697406,0.1792829266948182,-0.7501855310778726,0.14002512716629475,0.6585320886305028,0.33093381783942655,-0.831154299946896,0.24966985751152002,0.7113095120364241,0.38243051271067857,-0.9303572727040004,0.2959849092886028,0.6443528363295222,0.3882691323594799,-0.8840081142131664,0.30132717782050994,0.6029874452833656,0.3722551745546218,-0.8287934585961084,0.28983726941239624,0.6973149142867634,0.345454851125176,0.6008192266915535,0.3597509639149799,0.5777760362614989,0.38362889180606236,0.5694457948234348,0.40684210080566036,0.5560346084516782,0.4247557924377089,0.722047711183586,0.3965862535671188,0.6867244734250385,0.42843463672808835,0.6160883912222763,0.43829108037205877,0.558448455705565,0.4425335443437222,0.7738349981773641,0.3955891752298922,0.7316599679446509,0.42760356980206216,0.6518602737162073,0.4348733435868253,0.5874499600209405,0.435958673343389,0.7874815931187681,0.3929690113482156,0.7432696464986521,0.41967709998211794,0.672494293883825,0.4266946867802824,0.6126658728123519,0.4285511084042126,0.7754457886771052,0.390649171590958,0.7419444989211685,0.4112928224178698,0.6841128067550096,0.4181346918318234,0.6311441463653573,0.42037862302559537,,,,,,,,,,,,,,,,,,,,,,,,,,,,,,,,,,,,,,,,,,
0.032422167061337534,-5.842186012609893,0.07952838512464544,-6.525640081003608,0.10533612347845178,-6.476064393709031,0.13094857982059532,-6.435451982235081,-0.003267975945172222,-6.63271132432375,-0.040744135683347456,-6.670445462384806,-0.07402408754591412,-6.676576633247834,0.16357106083139605,-5.808509422219809,-0.12086703890599902,-6.011919721652346,0.06851293796677368,-4.636859554758737,-0.037641624841807365,-4.714125762439866,0.3101221808963163,0.3922043254683855,-0.3101221808963163,-0.3922043254683886,0.3701084467288548,8.569350071326264,-0.47440033605119203,6.67730873303892,0.4083350075743461,16.31386045631617,-0.5365874590620464,13.663281950340021,0.4416285563752247,18.447262564287623,-0.6187043211694074,16.29489445488144,0.3972904394147352,18.713459324722404,-0.5941683247978029,16.88985810456272,0.37172562588793706,18.065196172052413,-0.5446757637638513,16.021046921855103,0.431691656906767,16.20332789794771,0.3733005153569935,16.843117160423184,0.3595713548495517,17.975766555049425,0.3552502050289813,19.07838270995763,0.3505090489958269,19.949365129162786,0.44914081126137656,18.61185178831161,0.43067509840855533,20.127770593208147,0.38575509672581415,20.572995432285403,0.34944474061976366,20.75068858302052,0.4797022319615853,18.56991500172009,0.4550180075498782,20.060201080237462,0.40438268808830313,20.39755794036607,0.36395684923646515,20.440228145847406,0.4872262637234403,18.448916714085865,0.46009330566548834,19.66887461496902,0.41553164219164807,19.982543100235695,0.3783102912186906,20.064406366965375,0.4794927106365722,18.34426733602057,0.45864121689126586,19.29140396268363,0.42267849274347696,19.594923302377993,0.38985880259589833,19.6808124584093,-0.5760405815120412,13.315385491417176,-0.5069173069619415,14.13281777887631,-0.5034648623182524,15.369029614220354,-0.5328349449785613,16.538745682953977,-0.5541285533440219,17.45811000510968,-0.6236723426536109,15.322985154206402,-0.6706486938966627,16.9555254771753,-0.6895869271214541,18.141680154190986,-0.6946663203779339,19.071256938657697,-0.6622089029863661,15.26482609152333,-0.7084571890374985,16.893688767253387,-0.7187252729866731,18.188737682023966,-0.7162758166685101,19.200132883863784,-0.6813714053964265,15.291580051816778,-0.7221416108000809,16.807140061860743,-0.7300272863257218,17.977083015574664,-0.7292110551597867,18.891785642844404,-0.6828943160186287,15.399978308451933,-0.7180577114936796,16.599885908750313,-0.7324745478625037,17.53175792499449,-0.7354092248424577,18.289421849328882
0.052414649178294026,-0.21745131421188685,0.12968859427353305,-0.24288396521451508,0.1715737417206199,-0.24099355365204223,0.21343861063016206,-0.23935383167004165,-0.0052344834297973685,-0.24706738730111974,-0.0656355682495508,-0.24837929196664008,-0.11883691298078027,-0.24849635212363574,0.26771428822124127,-0.21556833193703961,-0.19369573581001942,-0.2233120446106506,0.1113989000761034,-0.17272064870969636,-0.06106714025949779,-0.17547373742080127,0.4997913237464014,0.014444123643192053,-0.4997913237464014,-0.014444123643192053,0.5964085877313424,0.31625199291504846,-0.7706052208017915,0.2488510517308666,0.6619764892507379,0.601695194377153,-0.8647663758156096,0.5108584676241881,0.714711685396453,0.6820791089484486,-0.9918359883726112,0.6079002136050933,0.6410643333335119,0.691814603859108,-0.9672008734067457,0.6318690505610143,0.5992640807808925,0.6683851722863206,-0.8929108807408437,0.5997644593785544,0.6960004382109066,0.6012117041587809,0.6003517321717572,0.6246376165953249,0.5765978313660283,0.6666144602330264,0.5701779557129196,0.7078206130333548,0.5627080642598139,0.7400147466824603,0.7197050174888782,0.6895669510910064,0.6823507483669834,0.7444806283295151,0.6114944448486823,0.7615659370389511,0.5549388065999006,0.769727205003257,0.7713912289466748,0.6885703512575441,0.7288839772121917,0.7441160067131526,0.6505015866325038,0.7580085790654812,0.5868692543365731,0.7615735618341458,0.7856673193783217,0.6845511066520871,0.7418823479264935,0.7315332373199764,0.6711425600730696,0.7442621486210512,0.6110283821891749,0.7481765034156888,0.773609838435703,0.6810431143398135,0.7399118927443712,0.7180187766062778,0.68211496740502,0.7302362401065997,0.6292960793289284,0.7344463978532783,-0.9242181071520348,0.4892949602908442,-0.8068441273957105,0.5208353166288956,-0.8047580158087766,0.5674902653799047,-0.8570359996736585,0.6120630585200508,-0.8894710908467779,0.6485354843036643,-0.996064235302747,0.5655406639008883,-1.077310281902607,0.6304048943760612,-1.1077095711656255,0.6747726000762265,-1.1155788466971588,0.7093876061996519,-1.060940260617431,0.5617040233649659,-1.1401396356673619,0.6257047946612303,-1.1578937745474893,0.674203868557729,-1.1544944987655101,0.7122776968398005,-1.093062065570682,0.5622291566955555,-1.1659182968913504,0.6216244539404311,-1.1805851573192687,0.6657336008804683,-1.178474857561492,0.7003538857082592,-1.0968600380230367,0.567155067652691,-1.1590351296924453,0.6143223439885137,-1.1848897065432176,0.6493028515123624,-1.1888535161882068,0.6778363014377313
0.0559063220741387,-0.023240314557358838,0.13488950443437056,-0.026020413711101253,0.17711380286839926,-0.025822221822699616,0.21915990359187115,-0.025623165150009397,-0.0013827868452206148,-0.026507099721990175,-0.06169475202847647,-0.026660791686337375,-0.11481675627259044,-0.026683223982401343,0.2733208809428269,-0.02301250120230144,-0.18973802367240591,-0.02396083094651785,0.11465730270161716,-0.01848311013817019,-0.0583440017063949,-0.018797146654433966,0.49999778363524033,0.0014887443861911938,-0.4999977836352402,-0.0014887443861911762,0.5971658626194317,0.033707976158944775,-0.7742080269269584,0.028070113970892922,0.6630697438552781,0.06451566638143841,-0.876544181876,0.06166711903030062,0.7135137326500162,0.07290842915935404,-1.0195009842485798,0.07230600792102503,0.6405786593285738,0.07395994433973835,-0.9503675904701923,0.07419596793599333,0.599690929313397,0.07152762912768988,-0.8672651908598139,0.07052789681374214,0.6950932932309315,0.06412525274195266,0.6009261595529505,0.06668330550574285,0.5781177084985116,0.07113427730544054,0.5721967857219157,0.07542127350111842,0.5663232796271872,0.07882198041096952,0.7202782272975268,0.07361112369880687,0.6910274411453058,0.0794326014714083,0.6234025226549594,0.08114747913474683,0.5701970684743457,0.08175137988354547,0.771642133956367,0.07340209595907847,0.7350063279877909,0.07939258175511399,0.658922923933828,0.08076361910149624,0.5997922674926952,0.08097849194948839,0.7860277047534291,0.07290006263183925,0.7470903923310284,0.07787354126633106,0.6807455530717494,0.0791981824146767,0.6271910641823706,0.07958640804572145,0.7759426729403338,0.07247730814377824,0.7465614481181377,0.07643066430946992,0.6935721934653172,0.07778249927701061,0.6464983838496713,0.07824158512427974,-0.9127038524632959,0.055538694930692974,-0.8161386243793469,0.06109850773192868,-0.8067467405772704,0.0672746095773741,-0.8482249537841517,0.07269297284244428,-0.8809175576763372,0.0770324812407057,-0.9386905906377168,0.06695637937826511,-0.9996690854419898,0.07294133263867128,-1.0339647412169162,0.07657991774240828,-1.0638161101429002,0.07988592556311615,-1.0132955613807784,0.06646681769913947,-1.0787970427433393,0.07198768395012572,-1.1258778279177797,0.07583632828328472,-1.164191105994519,0.07891003212208729,-1.0499406966243068,0.0662347637753417,-1.108317735946588,0.0710406722205178,-1.158296330864693,0.07474356393424404,-1.1989387394639799,0.07777935271249073,-1.0614699258769191,0.06625846720011899,-1.1094635677669886,0.0705224476308153,-1.145886940153624,0.07360921700573687,-1.1798259651358216,0.07608850146565171
0.05818561910599081,-0.25424877819544606,0.13769050186544962,-0.2853097057431482,0.1798931174762616,-0.2833947376603841,0.2216989547594543,-0.28097589331716044,0.0009336711289932513,-0.29072826202948093,-0.05902851783456154,-0.29209243282178904,-0.11181977223728802,-0.2922637768491043,0.27680979704401465,-0.25120027292005503,-0.18625833000859832,-0.2621101783361132,0.1174138021924656,-0.20272426750733175,-0.05566372872349666,-0.20624459295860167,0.49977301482378444,0.015064317241260686,-0.49977301482378444,-0.015064317241260686,0.5988587038771693,0.3684988196248703,-0.7687708131800888,0.3278133505481396,0.6629557585859253,0.7019927353064095,-0.8624628181105309,0.7054039565972401,0.7205464654181075,0.7937896738398456,-0.9998638606578576,0.8117906688472791,0.6414659244893016,0.8052343201358529,-0.9203004054544525,0.8348223698858379,0.5987804371401604,0.7786150609730548,-0.8373781587540684,0.7929823143998794,0.6966409114691932,0.6988228708010755,0.5994400896170815,0.7265303347466252,0.5748371109833852,0.7751583370630498,0.568041346324959,0.8217336152376633,0.5599647295008723,0.8583427985572751,0.7157332312371347,0.8027084141437737,0.6858309139276079,0.866438974057224,0.6192235387018287,0.8843330776251009,0.5694452133837874,0.8896686852465544,0.7684763345820924,0.8008263531920834,0.731906712149882,0.8666827137729017,0.6571092333313533,0.8801550067073849,0.6030299806695876,0.8804587735690557,0.7847728303880085,0.7955944597699451,0.7501244862042883,0.8515589367499766,0.6832950716485165,0.8649102676095471,0.6316463414610408,0.8672594963496196,0.7763688544291278,0.790846301174592,0.7519077767925301,0.8357432021915756,0.6989271509152583,0.8502701119405413,0.6535988000314195,0.8541909398715526,-0.9103495980328913,0.6421978682693866,-0.8097403448565782,0.6956704811170706,-0.7999025137684386,0.7596236747931652,-0.8357273686472304,0.8189678276073425,-0.8575838228559628,0.8671421654064115,-0.9398923987874183,0.7682553287466909,-0.9832681221916928,0.8406316132490227,-1.0025245043534623,0.8803850162063043,-1.0140174642479913,0.9126804150607372,-1.009484756768418,0.761753106592238,-1.0509420943905698,0.8314683389193561,-1.06021087525713,0.8751021734674345,-1.0606787316921094,0.9074447770340285,-1.0415597842190767,0.756339997003462,-1.0920971267410247,0.8195474470057047,-1.106432275132003,0.8603114393055494,-1.1108304616573423,0.8917542030465735,-1.045374139168972,0.753998370945396,-1.0861073818649805,0.8056961546995439,-1.1055200422831473,0.839249967635386,-1.11587588006873,0.866550858302875
0.058505553798184014,-0.6263599704490869,0.1381688587764416,-0.703492851248944,0.1803328059135222,-0.6992499288683135,0.2219930895946809,-0.6931847087467654,0.0009677907666953485,-0.7164536738966586,-0.05867273762563636,-0.719573809998067,-0.11115418250427624,-0.7198741581152126,0.2772747579844642,-0.6185279229117371,-0.1851112728240822,-0.6453726334414371,0.11814211168021245,-0.500470206972148,-0.054934206498772745,-0.5088044142617368,0.49873394066176446,0.03555919616621748,-0.49873394066176463,-0.03555919616621717,0.6027599589453487,0.9065145199170072,-0.7667774733883949,0.8283270060765752,0.6608801198072842,1.7247726166900483,-0.8457203419439588,1.7055547971183769,0.718226622512673,1.9495049246157528,-0.9781189510234402,1.9769814114865292,0.6390948590414026,1.9761596701878332,-0.8923228549659529,2.0189328657589267,0.5956319636825422,1.9107646168023025,-0.8129895669770543,1.9184284415195154,0.6923388953351056,1.7146193172310942,0.5952041623170963,1.7850833548489127,0.5714807856495451,1.9050363998117328,0.5655088002375993,2.0191282662509162,0.5569188123937493,2.1093542343681726,0.7119231417298725,1.972614029306079,0.6878797588276628,2.1293190914841134,0.6227654173480366,2.173348592358199,0.5715982113797917,2.1866494843357676,0.7643739207523398,1.9672208642290208,0.7313580293540809,2.1272770030328765,0.6576449142205718,2.160879476512011,0.6011342461735008,2.1620683254397375,0.7799802226968483,1.9533538404408517,0.7448265071765571,2.0866401118421107,0.6799765847873425,2.119556593009139,0.6278071206438115,2.127106410877245,0.7705870090665332,1.9414070933849474,0.745151244232002,2.047750396519807,0.6935165317952782,2.0828553074480496,0.6474143453109719,2.0931382234958416,-0.9323873736604236,1.6308574538345835,-0.8053945721194247,1.7257560302931014,-0.7884383389112631,1.8745087663142512,-0.8262243338047621,2.0215745354630448,-0.8389418783062573,2.1418615173579667,-0.9510509262990077,1.9192016811269044,-0.9978955982100322,2.1142147170769108,-1.0049883657537648,2.2301727836500054,-1.0024730897160905,2.3186231438728613,-1.0333303329329606,1.9153120684803635,-1.0860412226197664,2.1184906707817936,-1.073495423808625,2.241032981322492,-1.0512414316295966,2.326220627196218,-1.0708464598442489,1.9118935354792763,-1.118344259580432,2.094543100071631,-1.1047910493785045,2.205458941966262,-1.0818657664016536,2.2834393480099067,-1.07475589187204,1.9106642684754602,-1.1151270691282342,2.0552296918137714,-1.113083016632514,2.149643808849924,-1.0941521726194694,2.2196350943501755
0.060115318573762865,-0.49121394925707956,0.13961291670952414,-0.5522522984001559,0.18157337271108795,-0.5490110691886668,0.22286885859748162,-0.5444195843480633,0.002646917752106806,-0.5623748727232011,-0.05683945693551057,-0.5647871036899605,-0.10923455664557948,-0.56499204437009,0.2779437036982542,-0.48593529743642816,-0.1830288155289877,-0.5063213977734662,0.11996498579518695,-0.3920913767724407,-0.05278238167208149,-0.39868279239177506,0.49945181458917365,0.023406941354685927,-0.49945181458917365,-0.023406941354686208,0.6046406593846847,0.712518219142422,-0.7645269576972512,0.6678398315136049,0.6627839627865225,1.3621993058814366,-0.8348758296497547,1.3865909850052103,0.7172719507172995,1.5399160794621276,-0.9576412655375637,1.6069297028235485,0.6407677281809919,1.5610201318599197,-0.8682806454720466,1.629474277104954,0.5991517098643997,1.5094788701679696,-0.7950979065742982,1.5510492840060688,0.6879853200702863,1.3537228538024353,0.5937181464625683,1.4153908677926688,0.5696933654154946,1.5128344439649388,0.5627837367048499,1.604172239166013,0.5589218596309244,1.6741436491029924,0.7123153139828801,1.5615999908443625,0.6824761689262495,1.6829341090051964,0.6154337135679233,1.715360694193272,0.5644136710479075,1.725494702974865,0.765698778135016,1.5564232596301923,0.7316066862379941,1.6826339544683118,0.6562896457908463,1.70554729003789,0.599998999633932,1.703135938644865,0.7811781039881266,1.5434955047745167,0.7479577121560037,1.6483365159470376,0.680287996380178,1.671233799295962,0.6271457732850139,1.6737060611700982,0.7713163446598553,1.5319376860102647,0.7486925462199832,1.6147022760215473,0.6961971117786124,1.6396804109327727,0.6498069447288274,1.644683646227821,-0.9023570390239447,1.3230171546258331,-0.7872228506818885,1.4026733310595303,-0.7680916604684412,1.5184221560065363,-0.7933604406714773,1.6279600909210792,-0.8033233764653731,1.7180530693944576,-0.8970171185655469,1.5694745945955593,-0.9292263770421657,1.7186516193207582,-0.937864675531956,1.8046273131431243,-0.9430411311848269,1.870277817109564,-0.9716842138551903,1.5662518364324938,-1.0010058606500403,1.7176077851913867,-0.9939950554737711,1.8077297895980022,-0.9802549631655598,1.872872559626224,-1.0141007215129556,1.5597161637985806,-1.0443466767678924,1.6989702774384576,-1.0387676616750465,1.781091679156415,-1.0238330641890656,1.8413807414244474,-1.0295723034102946,1.552510915659309,-1.0625441731835514,1.6627230438413165,-1.0669955168038738,1.7314729457545635,-1.0572681403602695,1.784730035909013
0.060908998891531146,-1.1268345829809159,0.14018186839947294,-1.266119327157328,0.18199405457428328,-1.2587415637361328,0.22313430024087608,-1.2484380446353698,0.003306210773606976,-1.289235231599992,-0.056017459947093506,-1.2947943430820827,-0.10824338146079895,-1.2952719713790906,0.2778669089102371,-1.1160614671677516,-0.18146677258706526,-1.1614075428633057,0.12085753736506605,-0.9005805778650573,-0.05134173406298794,-0.915585585804256,0.4977189962527996,0.04770535367341569,-0.4977189962527995,-0.04770535367341625,0.6034261127571001,1.6221926030050149,-0.7651627301004684,1.5565805804666484,0.6631496082182675,3.107494627007109,-0.8234156005220158,3.188506209078418,0.7171223401091049,3.511757410487711,-0.935483664334878,3.699878706831818,0.6442478411697975,3.560980984638583,-0.8488213791356046,3.784074310225164,0.6018615519783508,3.444979302259437,-0.7812715975715129,3.5897722075530982,0.6878014675678283,3.081943646506869,0.5951000247514289,3.219773167947574,0.5717594898602127,3.4433343333374262,0.5657786487582229,3.650775606450029,0.5549920233570754,3.8144306881896743,0.7103208723624636,3.5680839172740595,0.683394249379314,3.8463958929454702,0.6186449611259138,3.922874147481021,0.5680847942287339,3.9460246881322956,0.7623323233543152,3.553867008574274,0.7293904567206783,3.8403034340481716,0.6557387958199435,3.8960832911073084,0.5986802392375212,3.892163375845793,0.777832433534261,3.521158380268433,0.7466840304898651,3.7604494041081282,0.6821816014990992,3.8159832938887224,0.629701268943821,3.8264173262393237,0.7693182223243659,3.4924399435894045,0.7494820484952378,3.6816786341417487,0.7003498390866753,3.741582207921766,0.6562890687785963,3.7580936399485316,-0.8763618778378001,3.062867629120765,-0.7607843764892304,3.2361515768543114,-0.7370233753284492,3.4960571685060993,-0.7619512521982124,3.7409813449984672,-0.7710129673811494,3.9410174971048124,-0.8720016904503418,3.6330002037959748,-0.9010636628370099,3.957339182945274,-0.9022660738613303,4.143017371647199,-0.8965089332332301,4.285005246017395,-0.9421514655943074,3.6219883993278166,-0.9634505029124797,3.950453605068183,-0.9522718982300961,4.147921156022886,-0.9340713138560669,4.295619487047583,-0.9800860650101578,3.6050633406938677,-1.004204894629642,3.9128743226731526,-0.9958811141119797,4.095620481020037,-0.9790798324209289,4.2370978477937475,-0.9917958114778832,3.5915321285297757,-1.0193072777854928,3.847554950998849,-1.021149785983507,4.003490675984547,-1.0118656709108307,4.12614150646896
0.06235339661466859,-0.6557041969583149,0.14210596756339594,-0.7367258901877728,0.18402551186616783,-0.7324354180775143,0.22481990287670117,-0.7265077844559956,0.003472284407331017,-0.7501762955449903,-0.056310922317188185,-0.7534166204719563,-0.10848088951300142,-0.75368568694493,0.27885844025691353,-0.6498314272163178,-0.18141268210439837,-0.6759276649741495,0.12296100228001831,-0.5240381818348044,-0.05004218704085368,-0.5326183964824555,0.49929056551426426,0.02662576174396037,-0.49929056551426443,-0.02662576174396037,0.6031162933908187,0.934230603541393,-0.7660368384439377,0.902024630774694,0.6670058208745867,1.7879090669498736,-0.8189594499349595,1.8291062957169166,0.7188660169872463,2.0252370774493222,-0.922195508835897,2.147743742984167,0.6482166372868228,2.062760760921581,-0.8413021527842878,2.183598455568208,0.6059050758244123,1.9893981236391864,-0.7814075430750217,2.0742605802643124,0.6915687464463991,1.7879189891408507,0.5983905147337837,1.8690416552549605,0.5763568245509202,1.9974864602605935,0.5701185944791834,2.1179158859314176,0.558352012356517,2.2174255392431155,0.7126796963244383,2.0694407300824986,0.6898195004877198,2.233998224637584,0.6240764026162886,2.2805099539895757,0.5715833499110057,2.2962021908493786,0.7647915182407695,2.060542567579853,0.7351261337231033,2.2261553163282923,0.665728984244569,2.270550408881502,0.6091890200873342,2.2800261012648577,0.7823190335322937,2.041174450792094,0.7536429614510327,2.1802187822238395,0.6934334402788327,2.2236604689557855,0.6401538251986427,2.241258350141529,0.775816874452821,2.025020248393553,0.7582902018465065,2.1378749567406206,0.7104489400368309,2.179813139710354,0.6643626544452617,2.1948452590410175,-0.8498553655303601,1.795744971359651,-0.7329167816398271,1.8952508308924456,-0.71196459365533,2.043197994093178,-0.7325539213884505,2.1790482555176602,-0.73882307800739,2.2896430389550666,-0.8407255875636845,2.122539626926856,-0.8710522692998077,2.3060260354043796,-0.8676550681446773,2.405615649902189,-0.8570871635988119,2.4803119463835954,-0.9088890037606868,2.114092340455387,-0.9323581660643288,2.302653657788671,-0.9154334656376957,2.4058345217619834,-0.8919970837887183,2.4798114593975327,-0.9448784879729769,2.1021433960563574,-0.965407774384893,2.2796726961685763,-0.9517777203233474,2.376432735262967,-0.9315266885677351,2.4464553879649023,-0.9551965363541114,2.095152920683678,-0.9755220614822774,2.2439752794944408,-0.9700154507097628,2.329675577598859,-0.954066790427479,2.392682073963232
0.06219743615026051,-0.11164219098766652,0.1419619686585994,-0.12543534417730728,0.1840046501103493,-0.12470080753691487,0.2239086706038827,-0.1236998813886569,0.0001906025507036137,-0.12780336114137067,-0.059547634885754826,-0.12833641297011614,-0.11096006959645127,-0.12837755813290813,0.2767999719975217,-0.11080215011429209,-0.18283843737919134,-0.11511480304541924,0.12347187702457381,-0.0892562710880217,-0.04998504462903827,-0.09068529045807164,0.4999812668422158,0.004328141269984059,-0.4999812668422159,-0.004328141269984059,0.6041714255805711,0.1587343550758846,-0.7555847258957308,0.154327085631164,0.6677818333050043,0.303629166349107,-0.8068898649878602,0.31571860226448795,0.7196243779962979,0.34407860635230436,-0.8623015383536669,0.3669391960956359,0.6489171977513921,0.3502962133575072,-0.7805600682634658,0.37597888012541825,0.6064493811257212,0.33787141584401087,-0.7513024713319998,0.3570780968810005,0.6965242426298348,0.30446575985802815,0.5968232145260581,0.3175418860425575,0.572667745594186,0.3393860240969995,0.5672824752078357,0.3601016587172268,0.5557901658733023,0.3773345623969896,0.7114125742303017,0.3526798054645685,0.6765764483209294,0.3804029647722925,0.6185971844789099,0.39062194505931414,0.570942921096422,0.3956443830500825,0.7659275176130362,0.35114490984378965,0.7325615735546128,0.3797439973368593,0.6677432153141959,0.38891150666442953,0.6113027687915057,0.39185064527332375,0.7855511906191749,0.3479137621048694,0.7582846968207845,0.3725442634802016,0.7008030822838982,0.38162095087519526,0.6484448440734257,0.38629984287741925,0.7803677793376175,0.345263656484027,0.7612862759404263,0.36518118903153174,0.7177224841083647,0.3738590734019952,0.6736134871920958,0.3787355316289336,-0.8080385815768945,0.3080481915546253,-0.6933502316516708,0.32312140820851204,-0.6631560219649663,0.3452464940653097,-0.6713595624927544,0.36669272193781377,-0.6707842556122185,0.3837796458537466,-0.7906904188719467,0.36177296084515215,-0.7926518839618582,0.3907604844682088,-0.7682440068302374,0.4072762867393108,-0.7424102573545888,0.41974314705937443,-0.8528549285475112,0.36270518771617455,-0.8463197611095257,0.3925553460904257,-0.8098272775332551,0.4092430205605323,-0.7725511775867279,0.42070706984242107,-0.8841156861943358,0.36210747920304165,-0.8777701938007244,0.38992661908943066,-0.844127895015501,0.40538539493606274,-0.8075043800905051,0.4158824956905646,-0.8924802755484208,0.36086176537741355,-0.897296858076677,0.3844160442125429,-0.8736559443607612,0.398149352147321,-0.8406952784089325,0.40749265226082826
0.06161130594179307,-0.27787436403175325,0.14140211012793658,-0.3125955803813949,0.18360971911480625,-0.31073844836797837,0.22260922841913616,-0.30824402165035625,-0.0028164992762921065,-0.31869729489599347,-0.062384484074786264,-0.3198798292547357,-0.11313276358431952,-0.319982612756275,0.2747168864762198,-0.27661938179400164,-0.18441187037173726,-0.28719535400068463,0.12345427053879282,-0.22220331743673974,-0.050395253785737996,-0.22566848407531895,0.4998837089885521,0.010783203969534638,-0.4998837089885521,-0.010783203969534638,0.6045097022896995,0.3957709863946303,-0.7424132655900387,0.3819616191044289,0.6676151876071318,0.7547516450151093,-0.7948466607309297,0.7570534528612203,0.7203083722851922,0.8566108965916094,-0.8177295750601253,0.8801245802029138,0.6484381800797631,0.8712616458026303,-0.7332187626222304,0.8982215054595482,0.6058764925666291,0.8402743006504815,-0.7146265236980615,0.8496829063096872,0.6906653290804511,0.7573563158243644,0.5940306960859129,0.7915608400666876,0.5715987602221978,0.8451725171647521,0.5658546699531194,0.8960822274934958,0.5501997499165473,0.9380122236067696,0.7106662177077044,0.8765194504278654,0.6768592986272638,0.9463691943516052,0.6152378436696725,0.9692362112777596,0.5646229752889693,0.9800731808221848,0.7651073913805521,0.8731615683079894,0.7328907935971897,0.9447774373775558,0.6648768904982124,0.9653993716054196,0.6059034443098272,0.9708901192833336,0.7837536180153144,0.8650366774070618,0.7532184721107188,0.9250044073183746,0.6920181381405969,0.9437008927243602,0.6372713990792417,0.9513273422177032,0.7774433726906822,0.8580705826236686,0.7568337115639437,0.9055147563672171,0.7077808651499611,0.9227333050414099,0.659756227738983,0.9299341926105628,-0.7876133182017652,0.7679424615629933,-0.6822707875404392,0.8032802556063325,-0.6476616329788698,0.858019406675092,-0.6453204529611339,0.9121789747117757,-0.6432864385916582,0.9561229602037425,-0.7702851160335835,0.9028877654454499,-0.75666277855513,0.9718944010308276,-0.729455035908824,1.00682685689833,-0.7048318390989122,1.0320180017831073,-0.8341596946104305,0.9038959932901839,-0.8171504915902565,0.9733013080123064,-0.7811929918510085,1.0096399309680548,-0.7446415851831327,1.0318721195007787,-0.8648005839949797,0.9002754490727928,-0.8513999667164286,0.9650320146155149,-0.8190563167311469,0.9991412159463923,-0.7851401588665565,1.0211225806733197,-0.8703018137905849,0.8968269300319435,-0.8644781737669733,0.9514073740023451,-0.8396778113576331,0.9828844051588286,-0.80994410080429,1.0037856490819372
0.06126444469636124,-0.2711061718111269,0.1410608053117406,-0.3052317629628261,0.18339643441027578,-0.3033893406901167,0.22174842283945526,-0.30094704183270937,-0.0048072327509528735,-0.3113590866712084,-0.06429623308257135,-0.31243286635883605,-0.11466908067696173,-0.31254808160909814,0.27333528185598316,-0.2704300860781076,-0.18556381299982916,-0.2807416406200817,0.12350396990134521,-0.21682404225246676,-0.050695349623480955,-0.2201527232230014,0.49988942256212093,0.010514999310955387,-0.4998894225621207,-0.010514999310955387,0.6047098197969474,0.3862302475637393,-0.7342502668743228,0.37123892241852763,0.6677715905197328,0.7356558038215371,-0.7870394390400124,0.7297515180858845,0.7214400688440701,0.8352484190851163,-0.7992374555046063,0.850078671266999,0.6484684301866787,0.849230754339144,-0.7143344200141863,0.8668766580829869,0.6055978786202678,0.8189867811962742,-0.6967188407581999,0.8181722808981253,0.6906153720333296,0.7379226052711376,0.5940583318518129,0.7711512363837595,0.5714783085217157,0.8233160377987148,0.5654531088174751,0.8730628215044659,0.5510894811283097,0.9138985440232803,0.7093723324267183,0.8552193028712849,0.6775828226562975,0.9230078211180751,0.61595312253033,0.9447699805009109,0.5653391558562567,0.9545401375601719,0.7636891812187261,0.8519599794379449,0.7317143506059107,0.9211695458731528,0.6641621262651307,0.9400924937680485,0.6071563578934147,0.9449732449643361,0.782442270241202,0.8439723231049607,0.7541624106840208,0.9026316104420962,0.6935720894879246,0.9205095073346146,0.6395846438644607,0.9276077764618719,0.7766448081389237,0.8367367813477612,0.7574929679124209,0.8837664805288132,0.7086677429205739,0.9009981623087508,0.6613481445728888,0.9079252613615447,-0.7938600371463758,0.7501600635582335,-0.6843345776886014,0.7845508240809062,-0.6458842059420924,0.8363351807727737,-0.6398957842615244,0.889202933448587,-0.6411737574639617,0.931429172415009,-0.7695909599350591,0.8774161188477013,-0.7577075344372555,0.9419040837906881,-0.7382105951579641,0.976730101925462,-0.7197433984613807,1.0038529858945657,-0.8351397077483037,0.8788785171102874,-0.8189837194867111,0.9462320181523844,-0.785174658583443,0.9830660391620963,-0.7521381465778881,1.0085113602384952,-0.8669316160854856,0.8759740350110877,-0.8528925523512231,0.9385101322088937,-0.8216112862534741,0.9731468295099037,-0.7894740684629106,0.9960321723027016,-0.8721669719632609,0.8729915407080074,-0.8654980726845165,0.9254173043642966,-0.8395448228857403,0.9566602904909205,-0.8080996126458544,0.9773410973527777
0.05782294459180129,-0.32244698020594315,0.13784425800913389,-0.36336346638047784,0.18101708436983288,-0.36118525321735323,0.21822610343448062,-0.35838309992812706,-0.010078313767110844,-0.37075936633500106,-0.06840599477395079,-0.3719436799160941,-0.11724238100157727,-0.37207009822264314,0.2690110753262878,-0.3224222399717428,-0.1864919820518491,-0.33431128107272023,0.1225709332504387,-0.2577401847194877,-0.05313812753284311,-0.2616563635833939,0.49983283548649127,0.012928130937386246,-0.49983283548649116,-0.012928130937386385,0.6044037422487835,0.46106336627279754,-0.7281296121634601,0.4417236534849344,0.669578424820958,0.8754964678314504,-0.7805986900209748,0.865288761606149,0.7251641650300061,0.994077840424422,-0.7902075313328433,1.0057472225674136,0.6516992613569235,1.010616901497967,-0.7092759039819081,1.0273268560967677,0.60774995618623,0.9746654800124336,-0.6905323536938154,0.9699502487867141,0.684493400578674,0.878193296366408,0.5876788857354192,0.917420296258623,0.5647759513893356,0.9786412213476947,0.5605916306740603,1.0372587015603798,0.547452111330286,1.0851027393252433,0.7047681623782136,1.0176366926897933,0.6721266657252962,1.099042073707888,0.6078685102605934,1.1239909553167626,0.5568002512250878,1.13496732488788,0.7602108316646592,1.013800526317419,0.7271488542720739,1.0981667270400295,0.6544590860200404,1.1186919689696253,0.5970905007578549,1.1217054152994919,0.7788857851547668,1.004013261066387,0.7499911681920309,1.0758433134061938,0.6839560450008233,1.0960736746252646,0.6286074129405016,1.102162918395468,0.7727864634989263,0.9947376753411838,0.752834282969715,1.0514647442481313,0.7010305184870267,1.0713669040944303,0.6527632254010676,1.0782681423720835,-0.7889240071580615,0.8977765503036522,-0.6899113721541618,0.936818927985737,-0.6525560916181677,0.998409097495069,-0.6348263801742229,1.0595701025949509,-0.6298523986449341,1.1079066569296725,-0.7732867079571816,1.0476228575903925,-0.743347396185476,1.1286186661764097,-0.6979016816731822,1.1648838453141703,-0.6575249514771052,1.1936823359660251,-0.8270675211573151,1.0480195593804007,-0.7889323193771565,1.1268206374793042,-0.7256468614701721,1.1613943282348669,-0.6688797786079429,1.1803494948391207,-0.8429550685300361,1.0422706725893682,-0.8062830272150985,1.1110184921678037,-0.7496810552503448,1.1417508682941644,-0.700356221198633,1.158191683466579,-0.8351392736311036,1.0387129411070966,-0.8134502591201082,1.0929046365334916,-0.768378510505275,1.1203810262305427,-0.7263291351304243,1.135962511534119
0.05345515947494042,-0.017428418630785734,0.13318257654368265,-0.019641103606784362,0.1769134713172962,-0.019523353639625922,0.21378627950517295,-0.01937444910632572,-0.016059549927650206,-0.020046248169332023,-0.07369137290297836,-0.020108398921304085,-0.12073678298749947,-0.020116043668532167,0.2634909202565608,-0.017455408953616778,-0.18843448288287531,-0.018063805673897163,0.12104848368565722,-0.01392683081730531,-0.056300571527866695,-0.014135100926856768,0.499999509431161,0.0007004060238944281,-0.499999509431161,-0.0007004060238944281,0.6047640019058376,0.024913935701853653,-0.7234994818239411,0.02384769626759279,0.6700899237835767,0.04727344227641971,-0.7671099334341079,0.04724403761957272,0.7268182762023067,0.05365453094349618,-0.7757327158298049,0.05477155251371481,0.6531191422456056,0.054536531583266684,-0.699403381742324,0.05575015741759852,0.6084614518025839,0.05259514435490617,-0.6801611705137675,0.05286181817003694,0.6873392642227274,0.04731330775969101,0.5877756006783343,0.04943878699103372,0.5631504903943255,0.05279417046237736,0.5585458781965076,0.05596546965660769,0.5439349604099182,0.05849911426521882,0.702819420026252,0.05496190247046634,0.6683873583550393,0.05933825951047271,0.6050724303759393,0.06067429401088016,0.5539419372249577,0.06123747894664436,0.7577055919527207,0.054764197486568654,0.7219151361218384,0.05925361489134091,0.6516696291200678,0.06041425671709243,0.5950761931811867,0.060654631674654305,0.7766626998239851,0.05426421015800583,0.7471795894260251,0.05814001588102325,0.6834285321793547,0.0593339871049981,0.6281364361673712,0.05974086226216838,0.77096700932769,0.05379409103842105,0.7504734645291947,0.05692163863734804,0.6996416670674299,0.05807765266765779,0.650764648304367,0.05851643566318281,-0.7921358497033383,0.04862002258780883,-0.6897685998928372,0.050602851376686235,-0.656735122054085,0.053953174403932484,-0.6413999511244279,0.057210331178704214,-0.6287909656818607,0.05974600769082315,-0.7831868513414402,0.05657091509498699,-0.7484040319936063,0.06104400773887702,-0.7045777811383086,0.06310281272203541,-0.6658023820940595,0.06470447031940987,-0.8340057276975478,0.05655766522990748,-0.7967780505721589,0.060821834928328156,-0.732862920454628,0.06267405790427902,-0.6734523478693556,0.06366385759212786,-0.8468122214694456,0.05620809284200524,-0.81234328430514,0.059946385825343305,-0.7555082069098134,0.06164167322732333,-0.7048533195212829,0.06257554535055962,-0.8361191675053256,0.05597565235175334,-0.8130205935610963,0.05903651025075828,-0.766133005552816,0.06056851914044079,-0.7211514484355313,0.061450311181752336
0.05134935138956006,-0.4139036922308414,0.13092788542466147,-0.46644194797008054,0.17477783911685268,-0.46364747501568265,0.21125758240359963,-0.46015385652903223,-0.018948977505144148,-0.4761779896822675,-0.07638914945904485,-0.4776434075213801,-0.12262948694708169,-0.4778489144911831,0.26035930949500524,-0.4149278340598282,-0.1896197163547972,-0.4289120285502937,0.12029967540289714,-0.330676303964449,-0.05796630437496877,-0.33557032269021636,0.49972258422748195,0.01665349251680394,-0.49972258422748195,-0.01665349251680394,0.6045487721500094,0.5914620809535782,-0.71992835540449,0.5663843616300005,0.6699533992963981,1.1214741849160421,-0.7575919385281638,1.1266013132880563,0.7275290419708189,1.2727871052061115,-0.7680566537378717,1.3049604547373972,0.6538753622060876,1.2936767373762303,-0.6929618905695114,1.3269338358451024,0.6086169151599164,1.2474539006447514,-0.6720849058341067,1.2599475506072484,0.6852301735722028,1.122919061228499,0.5893552742478574,1.1736142651698354,0.5647713179782181,1.2541728139261095,0.5595714875887271,1.3292482423171625,0.5475031157328614,1.391103731053243,0.7012457114927494,1.3037441029089876,0.6689475480468212,1.405161838358372,0.6055680280472564,1.434359417621873,0.556023780024628,1.4462221492656528,0.7560026918782516,1.2992345041820663,0.7214247329797597,1.4039550236673384,0.652937036869151,1.433571870162405,0.5970349644563948,1.4404912467351463,0.7758677094935799,1.2872325670138947,0.7475477103600705,1.3773922620104322,0.6861824062310975,1.4068042434584036,0.6322509845840035,1.418621306886672,0.7717484612644288,1.2765425364543808,0.7538995026587468,1.3499341098791147,0.7060428997778371,1.3779100185260538,0.6591658415254503,1.3893520156863641,-0.7880777098299896,1.1584030812746562,-0.6868342072240766,1.2050072200946855,-0.6517615330474946,1.2828093527428206,-0.636417735533337,1.3601236241328793,-0.6296219142805747,1.4206749093327982,-0.7782105067901952,1.3427500777441905,-0.7485957443602856,1.4497648289878433,-0.700506780289912,1.4972865504673316,-0.6567278712303746,1.5325457141592018,-0.8302656128796082,1.343073056569557,-0.7969024501762572,1.4475667022291743,-0.7295325341232742,1.491893666094207,-0.6669154872390184,1.5135935881283054,-0.8449093526691728,1.335531198376547,-0.8138318080622174,1.4274963468409478,-0.7541642444502399,1.4661797096637603,-0.7012045759802106,1.485740928641302,-0.8361590500070006,1.3309196256422982,-0.8159393119026911,1.4047099247719421,-0.7682796735634899,1.4402174208485634,-0.7229652621132944,1.4596320980421937
0.04705059087161535,-0.6311841706743563,0.12728457124275844,-0.7111720384874646,0.17162466191847653,-0.706856595813287,0.20863182409380698,-0.7015228147740027,-0.02395641074667003,-0.7262643603419217,-0.08086739114276573,-0.7284449782367123,-0.1253913564041263,-0.7287709749576506,0.2583765410501038,-0.6328060567159585,-0.19048972657364519,-0.6539828595533768,0.11958222274341074,-0.5043324941586113,-0.06113090631365946,-0.5118029149483199,0.49932994172863254,0.02587680995177765,-0.49932994172863254,-0.02587680995177765,0.6044973493294484,0.901892964646821,-0.7162706247678411,0.8647793199699537,0.670724447134867,1.7054540793995185,-0.7530760345014055,1.7303549235792535,0.72929196962942,1.9353908055364564,-0.7663132085279126,2.0121964706684734,0.6561441365110554,1.9673214513832962,-0.6909646865080095,2.0461048764933913,0.6097544415263175,1.8969882521967611,-0.6689123509798598,1.9452304615956828,0.6848898912469562,1.7123336573099928,0.5862345345097619,1.788618565367449,0.5619102910504233,1.9081106739399203,0.5566212860449599,2.0227735634214885,0.5432528267338833,2.116824524897723,0.6987358731075707,1.9822511239101757,0.6677022540361838,2.1402993602947324,0.6033122312595147,2.184173911698864,0.5540856379652596,2.198856189712038,0.7546451087710723,1.9762444074555068,0.7223919525796451,2.1420992531111507,0.651220541518132,2.18364729087172,0.5955375359218359,2.1891664781831275,0.775538307599636,1.959504789964925,0.7470664015196806,2.101590495689196,0.682873035160368,2.141402304232811,0.6302478112922345,2.153848258701664,0.7718055114907412,1.944652463126867,0.7526853949909721,2.058792920175994,0.7028183734488591,2.098630975993072,0.6572550698322157,2.113082333845033,-0.7847974080145469,1.766128840404247,-0.6815356211478509,1.8345959701380778,-0.6459276100676321,1.9550285129342069,-0.6332311576474723,2.075055898349538,-0.6331371735907492,2.1641782361672863,-0.776854000852377,2.0365452844265426,-0.7454969930844785,2.2022096977364227,-0.6966658011595311,2.2707631084011055,-0.6566905807021901,2.3218754850758523,-0.8330161162845021,2.038351320221857,-0.7995969312293288,2.2044197740072806,-0.7289142790334682,2.2656993392069156,-0.6689182824181062,2.2938241304016014,-0.8499238898596991,2.0287665977867992,-0.8219839753114889,2.1749100202979457,-0.7599432615580568,2.229018216089563,-0.7102352610399197,2.253716900418369,-0.8422830695894861,2.022803440637026,-0.8225206869314161,2.1380753227082026,-0.7743480517346013,2.1905983507184352,-0.7334256808389497,2.2170413618272855
0.04476066443304901,-0.5561013937505608,0.1255137866136635,-0.6264613375468366,0.16990544093300977,-0.622664744680417,0.20720007419635955,-0.6179809826474691,-0.02622720330875068,-0.6397373176086613,-0.08282904873043483,-0.6416297814418144,-0.12638656778542473,-0.6418861702611515,0.25753137127579706,-0.557695351252388,-0.19033013615094171,-0.576065585599576,0.11976620735028799,-0.4444823739022526,-0.06214582571813805,-0.4509984318940837,0.4995070568680247,0.022196849754952577,-0.4995070568680247,-0.022196849754952577,0.6043467405703847,0.7950761567750537,-0.7132873880417291,0.7745309151688053,0.6716295985169142,1.4989042326600357,-0.7490121562496398,1.5485773561581588,0.7299082931924463,1.701156454560853,-0.7640028954031912,1.7986772819267036,0.6575286730525044,1.7291826503956906,-0.6868936491901847,1.835396876052456,0.6112855132986454,1.6673624926235717,-0.66449692994288,1.7458547999810914,0.6850505559036202,1.5047451825442444,0.5862138142924457,1.5728537427186113,0.5603465426407013,1.678048552677035,0.5546249494185118,1.7791234595385244,0.5435522306382228,1.8623110713375253,0.6997366670262797,1.7450266935646117,0.669679479387644,1.884288062768233,0.606863222135763,1.9248999044013355,0.557563537575978,1.941215221654842,0.7554129263078946,1.7385781709418588,0.7254058784025732,1.88378510845597,0.6542294452849872,1.9211036799096561,0.5959509171866421,1.925822069168204,0.7748813018947391,1.7215133338831634,0.7464690639786238,1.8426229149606697,0.6814148422181799,1.8767395731705654,0.6267057300848132,1.8863057740131313,0.7704468505971992,1.705800677704995,0.7502733537773999,1.7996050951062592,0.6991393212333726,1.8303690520119493,0.6513451612905127,1.8391813125524417,-0.7842586813534133,1.550855385552959,-0.6766856325880829,1.610547319658052,-0.6424705950710715,1.7190115782293443,-0.6313703077663189,1.8272056953243236,-0.6311727472224293,1.9050698009578355,-0.7714710087877291,1.7855741924097195,-0.7422718185955008,1.933919191545947,-0.6965318052352492,1.9970696732973283,-0.6588536279986233,2.0472157899621597,-0.8326666365864054,1.7888419219404665,-0.8010119320792739,1.9396528215891118,-0.7301265509518318,1.9953722024934413,-0.6716689940216612,2.0250912030521206,-0.8527088705827772,1.781420398836666,-0.8236800055643492,1.912715787070136,-0.7614066233651965,1.9569760121324264,-0.7145503762742504,1.9755231891465996,-0.8465195702635341,1.7759605940172192,-0.821994952384037,1.8763940376640451,-0.7718525121904635,1.91959678163815,-0.733080672431994,1.9393455970555953
0.043395541671109275,-0.3969051173000419,0.12385323061668632,-0.4471919405160139,0.16822471291937732,-0.4445000295258687,0.2057277201454177,-0.44120337963751444,-0.028018702172879377,-0.45657791191862884,-0.084566094905889,-0.45788491130343745,-0.12771769296263388,-0.45805089059570797,0.25620194716032413,-0.39849242559510906,-0.19066320491367145,-0.4111169191170551,0.11996691637340283,-0.3173161207363169,-0.06253988091380079,-0.32184921130190064,0.49976203164599914,0.01542438734806996,-0.4997620316459993,-0.01542438734806996,0.6049846503250401,0.5666372398870989,-0.711467450475152,0.5587404423984142,0.6735087107134206,1.0679685878405418,-0.7462663061776558,1.1102073413014564,0.7303949324857281,1.2120541959753732,-0.7612940138408861,1.2849831858949268,0.6588508235636562,1.231889421736255,-0.6848744392010734,1.306329733650406,0.6138307636541096,1.187389813210902,-0.6621900095029243,1.2476982489904465,0.682993929724265,1.070449172875233,0.587420045394307,1.1195758918817285,0.5622451640963766,1.1946944778235753,0.5574620081046431,1.2667571538843165,0.5474601537415791,1.3281155662627488,0.7006972900487268,1.2440167652577774,0.6722582504286168,1.342069382333812,0.6150843812472737,1.3740575138278948,0.5678756419475405,1.3883175511881787,0.756793021512089,1.2380521908381819,0.7305760622811347,1.3406697637025784,0.6644851234196775,1.3695300259388434,0.6057458939881212,1.3751762982979454,0.7766578086703643,1.2252131323134117,0.7494311754606102,1.3105622056033017,0.6884999431563833,1.3355053215252568,0.6350189615377236,1.344279638225818,0.7726796001363836,1.2142035227600902,0.7535378365926176,1.2809403295259225,0.7045638295712272,1.3036810683197448,0.6576375862826793,1.3119786322641327,-0.7794750832289681,1.1056668972229238,-0.6726894722809845,1.152428586398207,-0.6381512606923299,1.228006241648422,-0.629441243971002,1.3032641941690106,-0.6263731711154095,1.3585519314410166,-0.767945382424235,1.277082711649768,-0.7403368810770087,1.3791179563220848,-0.6986249325454993,1.4220761284664796,-0.664014269038682,1.4562974518096226,-0.830538189796602,1.2783858591944608,-0.8003757167906085,1.3816881841812934,-0.7352588491018355,1.4165014653168062,-0.6828645631685547,1.4323747233511193,-0.851663781578914,1.2721406256973238,-0.8257709865207943,1.3622388427665761,-0.7694340117725864,1.3936905179826877,-0.7259421721964878,1.4061851869843613,-0.8461060879941613,1.26784950072448,-0.8263984184703422,1.3358484854628623,-0.7806866587687029,1.3677539774780934,-0.7434141350529646,1.3833441252638816
0.040681842049861396,-0.5214402358242358,0.12128735539746134,-0.5875836604733604,0.16561250945645953,-0.58405720687853,0.2034544420271327,-0.5797521557437874,-0.0304845614127239,-0.5998453070233564,-0.086512485300111,-0.6014605634968101,-0.12922114177539212,-0.6015580606488842,0.25481885364179074,-0.5239711377211775,-0.19075649024449828,-0.5400570180828339,0.11891608358706232,-0.41695996520590667,-0.06392691659006769,-0.4225171879010725,0.4996034598676174,0.01990936684844821,-0.49960345986761723,-0.01990936684844821,0.6058650009240245,0.7453224402504957,-0.7097480629087308,0.7349107101826602,0.6723215833889642,1.4022341065837403,-0.7434635898578322,1.4610407555662335,0.7295959492711549,1.5914349184052337,-0.7597471127171044,1.6875972332911293,0.6582084402865617,1.6172465995785064,-0.6835133004015918,1.713505721778136,0.6130402851814967,1.5580934218031453,-0.6598502047058772,1.6398056929779863,0.6828624101481573,1.4066619489430292,0.5859348523722583,1.4729940443781837,0.5600228426241087,1.5717844133939254,0.5554923747381706,1.6668342489832777,0.5421274613378196,1.7451810288426557,0.6993595827418839,1.634637194187493,0.6726849287690789,1.7645406520205356,0.6133468008920357,1.805439557585045,0.5646358212256405,1.8235931133982348,0.7544262070873528,1.6281913447371616,0.7287706764310489,1.7634297823467855,0.6606617257600507,1.7997148191462804,0.6024311965451453,1.807307179917936,0.7738419062979165,1.6125115492117386,0.7476432629393708,1.7253513958090232,0.6852606884779172,1.7580359363651783,0.6318800662245824,1.7695583061606501,0.7698056742847021,1.597852944375846,0.7516755185325564,1.687425463544433,0.7013250940251958,1.7182941196432078,0.6537820220580391,1.7295837839719372,-0.7742653121888804,1.4538110198153822,-0.6717419373277091,1.5137754474787553,-0.639004154074186,1.613102970615358,-0.6284190068000904,1.7117208800460628,-0.6252114441524231,1.7843937395577334,-0.7628031571932647,1.6791494729776915,-0.7368852242361141,1.812755523128415,-0.6965629996725908,1.8682727929589755,-0.6634053727377128,1.91137343255912,-0.8248916008357263,1.6804328022364783,-0.7945752502744213,1.8141276115869673,-0.7325031265224938,1.8579762658939443,-0.6821300861262204,1.8769875207100495,-0.8467327091585368,1.6715775774101274,-0.8185171924246428,1.7863694365639136,-0.7642007445701978,1.8262071408151643,-0.7221067763576737,1.8425576891533233,-0.8433852262311125,1.6651057440489831,-0.82185440293366,1.7506859387970273,-0.7774889876218719,1.790574461139335,-0.7411173363567801,1.8096466516754872
0.0380866361960302,-0.7947476507657183,0.11929443971471825,-0.8958988450091152,0.1635064882238146,-0.8905338492068641,0.20159485978117475,-0.8839887017373966,-0.03233300438881852,-0.9144297707493452,-0.08776135426270186,-0.9167614696641858,-0.13024787515616068,-0.916816397169292,0.2535814923204625,-0.7991402717890778,-0.190594156402557,-0.8231242879244127,0.11785954380370187,-0.6353246911452414,-0.06494994694570047,-0.643503449301715,0.49913214558769403,0.029446582841224814,-0.4991321455876938,-0.029446582841225317,0.6064982899748681,1.1370128682141099,-0.7078006686943117,1.1205883157767198,0.6716906916892234,2.135864459439208,-0.7406559755252854,2.221065618733416,0.7287943263364329,2.4259097643574536,-0.757115175330661,2.572444063874034,0.6577752423665049,2.465629194551419,-0.6816027450602544,2.6110909160769165,0.6125903998776524,2.371677539683371,-0.6574014785905588,2.4926026357649733,0.6774626687447791,2.143099096261909,0.5798409914059258,2.243769455476581,0.554636107633806,2.399942917933959,0.5489454446519917,2.546843283826422,0.5408505625020644,2.6648549408033224,0.6957705655020842,2.494953462788622,0.6684953130272111,2.6939349308069542,0.6033990999122814,2.7413459665881454,0.5537327281072435,2.7522949662641247,0.7504220519539756,2.484147660697839,0.7180208726557705,2.686478478116988,0.6471293790617128,2.7309743199211076,0.5927259666437346,2.7315955447392413,0.7693594716927435,2.4584830032960454,0.7389865166078525,2.6290439623464934,0.6753268521290149,2.6752511556835055,0.6230164507473315,2.6873639867136823,0.7644955017939633,2.43409378713103,0.7429867723818951,2.569470257159885,0.6927988005428599,2.614460621997198,0.646935349137786,2.6265425672737055,-0.7692065946232098,2.22454623258733,-0.6669121676768741,2.3199302142818197,-0.6334846461064492,2.4708706473389896,-0.623695307572314,2.619289679778382,-0.6217349277233711,2.729270338852161,-0.7619948874357905,2.57274765679363,-0.7310814086147811,2.768060388640241,-0.6908578402135604,2.8529593589127473,-0.6563020858699782,2.9233613285564433,-0.8216288441744143,2.5732600795249714,-0.7859048611108345,2.7705807363346,-0.7242173521471064,2.8462922478137305,-0.6714379073888431,2.885989566615864,-0.8413246994505762,2.5577656094424133,-0.8094839592256555,2.727611282515825,-0.7553982832035456,2.7929943171881617,-0.7105907165314256,2.823049665253711,-0.8356600255705823,2.5464694960121212,-0.8103433349470686,2.6731754926470987,-0.7649707842077048,2.73473781920068,-0.7264734871484061,2.7670983676083187
0.03552801009535091,-0.8658255182795407,0.11734063662242432,-0.976191942677953,0.1616639513295743,-0.9703721523812668,0.20010224683867728,-0.9633206310918765,-0.03441687397580292,-0.9962830604895444,-0.08922901657833404,-0.9987461400091883,-0.1312459708394942,-0.9987220446660613,0.252687165982864,-0.8711804214401827,-0.19028926037063412,-0.8967773251562822,0.11695724721199567,-0.6921066998139178,-0.06633961251563919,-0.7009158425214017,0.4989825967378194,0.03188052936797924,-0.49898259673781953,-0.03188052936797973,0.6066630332661582,1.239418650175091,-0.7062342803899753,1.2195763263429296,0.6715624598830662,2.3276385441463656,-0.7387588396293931,2.4182687789621036,0.7290807738858547,2.6437120761073647,-0.7559341653385744,2.8014260409831153,0.6579971093876852,2.6866476827650057,-0.6805419085907267,2.841501951123929,0.6126013605914411,2.5840160547432265,-0.6560059765671448,2.713525081858709,0.6736665630227796,2.340440820662054,0.5790382005944567,2.4496634811934634,0.5545517807633535,2.617490988264547,0.5503424191994354,2.7773746814190163,0.5445795300761695,2.9093104538065693,0.6936363156153118,2.7209357385004203,0.670032368094825,2.935170493968246,0.6084189006521032,2.997305117043137,0.5594095870081041,3.020107343422273,0.7487064167406583,2.7084887726794125,0.7203625019935206,2.9290422450329587,0.6507585918879052,2.9832116361084537,0.5941732526320616,2.9879932230889796,0.767712827108192,2.6809978985003817,0.7384087059082461,2.863129625142068,0.6753451913884573,2.9137371125581786,0.622748719399359,2.9290047633880945,0.7635107273325039,2.656275311520603,0.7434107576737521,2.798778230499498,0.6937718139820626,2.8457832728852472,0.6481148058501713,2.859396376820447,-0.7694248762037932,2.4251562224387717,-0.667005110126342,2.5281098866337715,-0.6336801037751811,2.6927931426596703,-0.622466995024154,2.8557824578171673,-0.6197945744351031,2.9776494365037673,-0.7593052029635032,2.808958704203517,-0.7284840694461628,3.0172621806044737,-0.6891293857745955,3.109467409436034,-0.6558078452769082,3.184896924930542,-0.8181400049041464,2.808742993512666,-0.7841633355796418,3.0200652721882424,-0.7239378599327463,3.1025780536305465,-0.6722803041536902,3.1458383737217557,-0.8379599418542695,2.7906190883577966,-0.8096282813747705,2.9742290451770326,-0.7565436191678296,3.044759939167255,-0.7117199837556798,3.07604181399826,-0.8329898254529123,2.776864472089947,-0.8104642122244566,2.913287715285572,-0.7666622196439493,2.980838818509096,-0.7285279702568276,3.01577477124859
0.034230603924599104,-0.19855134110296116,0.1165585313066424,-0.22392181631475047,0.16105239420167755,-0.222594687951539,0.19971226377963747,-0.22100020418508445,-0.035633184065572705,-0.22847983999392563,-0.09033100126458066,-0.22903424282404308,-0.13215962324394884,-0.22902398016584777,0.2526693486029889,-0.19993829111479858,-0.19046048802022306,-0.2056505568383557,0.11674966083059328,-0.15870907053776906,-0.06736944032647328,-0.1607227444197416,0.49994701097652444,0.007279163113922425,-0.49994701097652416,-0.007279163113922425,0.608224777190809,0.2843041832527569,-0.7062136793558218,0.2794911719891895,0.6729545816804505,0.5338407172728434,-0.7386917395296889,0.5549774951189389,0.7309966699664313,0.606326310681781,-0.756377167481216,0.6425687565261405,0.6598799676509292,0.6161405696575247,-0.6808710112800905,0.6514408683935397,0.6141568957777436,0.5925643491868902,-0.6560451528116893,0.6223879847627046,0.6755674560800481,0.5372534458404221,0.5800160748231248,0.5618222495601051,0.5561260406876388,0.6003284448293001,0.5528087788289859,0.6367588639771864,0.5445725335349901,0.6664019820267955,0.6951315534448279,0.6241810553509908,0.6732256651279905,0.6733407669772387,0.6116791501167735,0.6870824663008205,0.5625367264577078,0.6917418885515669,0.7505914934258137,0.6212397073401797,0.7234273130805521,0.6714098083660199,0.6543530700858201,0.6832420392600745,0.5987378476912526,0.6840637536359215,0.7699226671702212,0.614714586458534,0.7405709871221416,0.6561300260385443,0.6780927776294344,0.6668445920546054,0.626340453063797,0.6697300655930193,0.7658621972491167,0.6087427719691645,0.7466858103361202,0.6410670752585808,0.6979418347425426,0.6512747361318131,0.6534534232513882,0.6540431101087673,-0.7694070139212897,0.5562623448389867,-0.6661923629570817,0.5795866477511846,-0.6337245448147488,0.6174653297149987,-0.6232300141645102,0.6549116643091981,-0.6190928116039286,0.6829386329806068,-0.7588045289548003,0.6436087058899366,-0.7267878557821392,0.6917117145821721,-0.6874544074367547,0.7131618982208487,-0.6540807476828524,0.7307600764351746,-0.8182772390729309,0.6438339580800705,-0.7836142397041296,0.6926550019858716,-0.722672954419253,0.7115057507901947,-0.6712764578523975,0.7215344730077132,-0.8384047720676298,0.6399294990693878,-0.8094141236311276,0.6827293449254433,-0.7556972287425966,0.6988906632773919,-0.7114995587917654,0.7060862778278009,-0.833307337752211,0.6369437672547575,-0.8116826923174192,0.669066852271523,-0.7676489774681623,0.6847963495440208,-0.7297833609162672,0.6929541979440286
0.03479196365712554,-0.0814768018572417,0.11690196185085931,-0.09189602279645538,0.16125003324049225,-0.09135309653933793,0.19977471220944484,-0.09070418908867078,-0.03503361463512648,-0.09376257042055822,-0.08970252666783929,-0.09398261871350364,-0.13161205248131233,-0.09396877002398116,0.2525226310167645,-0.08209269936266216,-0.19006319846888553,-0.08437528395080665,0.11717530476040154,-0.06512479512312373,-0.06678183236715719,-0.06592380507986341,0.49999138932558157,0.0029343824349993344,-0.4999913893255813,-0.0029343824349993344,0.6083121004631098,0.11680342215923153,-0.7100280975239688,0.11472993657504717,0.6722102971843122,0.21934254103638112,-0.7378954979359679,0.22747188386435982,0.7309861204080383,0.24913361142576393,-0.7570864067778691,0.263391890798034,0.659961860830101,0.25306988081596243,-0.6809117956691417,0.2670833499341773,0.6141569509624376,0.24341682196653264,-0.6558606442830365,0.2550362146411628,0.6771123127202918,0.2206912485210581,0.580718001695117,0.23021514898133946,0.5546040151673803,0.24589496301699756,0.5488415306776306,0.26098592861311654,0.5401158505887869,0.27336453201972094,0.6927352795350581,0.2560462145152564,0.6686431392023588,0.27645662563611556,0.605316717746044,0.2823092727205192,0.5551589540936366,0.28415480419290196,0.7455066371667469,0.25514909316642526,0.7164515733671373,0.2761030428401674,0.6448241767170579,0.2811830807205491,0.588270915254796,0.2814659613642668,0.7643493061515186,0.2529191119880273,0.7366500627981524,0.2707073845013062,0.6721858679870827,0.27568718596311564,0.6190934644863967,0.2770428448056024,0.7601091898107466,0.2509563438852268,0.7401670418884989,0.2652605454399185,0.6891204185936495,0.2702254717163632,0.6423361950289368,0.2718916005294185,-0.7730867881836185,0.22826026868869606,-0.6696546400173793,0.23769779942862665,-0.634157200759177,0.25346726076785153,-0.6245341603275034,0.2691617699018846,-0.626851797883591,0.2804559254727752,-0.7649306137551898,0.26386656408598347,-0.7313496697789722,0.28382715392349783,-0.6910768176488112,0.2926381980430025,-0.6583377318696904,0.29982536175727986,-0.8232849507956334,0.26425014937444713,-0.7872279096056225,0.2843802010694471,-0.7246474865065997,0.29210935458849435,-0.6722405860876339,0.29594167776812896,-0.8418396276056325,0.2629970320640034,-0.8105034049836363,0.28039656880090774,-0.7545043396679852,0.28671801833739047,-0.7094965148910095,0.2892819168124407,-0.8353279260467936,0.26187433375163716,-0.811430641574429,0.2746936100225,-0.7662780985631894,0.28081213753877565,-0.7277187565441136,0.28386010984264753
0.03541253382761483,-0.3504839054533362,0.11733699579855753,-0.3953050238808981,0.1615781437337759,-0.39298139525716835,0.20000750533206588,-0.39020605973840033,-0.034334341802263045,-0.4033052497223727,-0.08892240788812343,-0.4042195125372056,-0.13087522058531342,-0.40412078641192195,0.2526788588555064,-0.3533041869318094,-0.1896120429907087,-0.362899994342822,0.11762595323938342,-0.2801478181244518,-0.0660271049006163,-0.2834725792541,0.4998439547928025,0.012490830920754455,-0.4998439547928023,-0.012490830920754455,0.6081291485916408,0.5027444659047073,-0.7104032693758789,0.49353844845458744,0.6718667644024972,0.9439541545607181,-0.7363414030070166,0.9775481597190673,0.7311152376329484,1.0722121001618163,-0.7566907733573791,1.1332896297635457,0.6602633017159648,1.089060325636448,-0.6797947148154786,1.148419369716756,0.613972088925327,1.0475212696768144,-0.6545489334323894,1.0965721903778143,0.6717137966300575,0.9491680408726002,0.5794353285621203,0.9922174360644,0.5587841847749115,1.059684266317339,0.5535691046192659,1.1242483625036557,0.5394903002961792,1.1782658117520908,0.6957857811300205,1.100947447076023,0.6715384111668294,1.1893012847482844,0.6066968889205997,1.2116341571955058,0.5575304424503701,1.21681084685108,0.7476032843719566,1.096347150607152,0.7179708883766276,1.185947696209998,0.6480130227157989,1.2075549238870806,0.5931045155204318,1.2085287013520056,0.764568201548106,1.085829951022181,0.7348731678873388,1.160148870325226,0.6721117106415541,1.1809686137910587,0.6198626668519388,1.1871570524982058,0.75930597830742,1.076676318863028,0.7388158792547729,1.1355107351033271,0.6889610778085657,1.1546763122659365,0.6430448668307508,1.159614323376869,-0.7720813422635189,0.9853332648982281,-0.6691796085551825,1.0263869044930447,-0.6346768868180628,1.0925592911064717,-0.6251017306400085,1.158087090663297,-0.6271097623251995,1.205975770840745,-0.7640410561426519,1.1387550584637094,-0.7345028638994234,1.2225552504735528,-0.6953641307400418,1.2588353191755313,-0.6626614177044724,1.288087079668145,-0.823561714754828,1.1393847668577877,-0.7880041252809346,1.224270481287548,-0.7263638410375097,1.2563370987462565,-0.6744676286238714,1.2724127186721612,-0.8437227188099803,1.1331406881522463,-0.8133133273002804,1.2076615543018299,-0.7583129652652667,1.2348513801464462,-0.7135048228308579,1.2459973582090875,-0.8382229669485128,1.1277812699225596,-0.8160257854677126,1.18437024801041,-0.7717548434324204,1.2112178646169942,-0.7337189864836522,1.2243124825119622
0.035507789881053166,-0.5661668486633518,0.11706421272450229,-0.6387201734889536,0.1613496703294034,-0.6349715574541503,0.19987461750961574,-0.6304918007952187,-0.03446148737574847,-0.6515809007046907,-0.08881404508127298,-0.6530019291206135,-0.13095411317171557,-0.6527383623924508,0.25264512234783976,-0.5708951254246711,-0.18986145477251937,-0.586030526291979,0.11779858433966914,-0.45236871637106296,-0.06558515776749169,-0.45751202922668216,0.4996276861700989,0.019291843154894444,-0.49962768617009906,-0.019291843154894107,0.6077754762737416,0.8143946703452867,-0.711220587054785,0.7990235390075,0.6718048087316174,1.5289501512127917,-0.735190433753324,1.581102508481042,0.7327009979719711,1.737232817729375,-0.7564260266830815,1.8355146187451465,0.6608142680285628,1.7635057309955118,-0.6791252206483562,1.8613466658760682,0.6140027301739587,1.6970490481569385,-0.6525742034769082,1.7764616281192767,0.6679114369032833,1.5419629747374068,0.5761487473265987,1.6125461946948374,0.5565595203647747,1.720017220848641,0.5549412347647233,1.8258090435659278,0.5453920980481993,1.9130804761706715,0.6959191746255609,1.7865418642802993,0.6747444362174013,1.9301671736239308,0.612998424699797,1.9703612250573144,0.5646331613871344,1.981543375779276,0.7502705794714067,1.7785247712901575,0.7219332885753351,1.9237046478534678,0.6526189179630076,1.9585285585476697,0.5970607984223137,1.9612151335798382,0.7687250631211658,1.7609733838775399,0.7390300329123705,1.8816538427994212,0.6765880235374677,1.9158540708552392,0.6236613885599347,1.9262986861371183,0.7634713168722721,1.7447947502898156,0.7429828593612642,1.8393658026123174,0.6933639434954172,1.8729370817107316,0.6471136836099739,1.8843970934553422,-0.7732271448597168,1.599227673889889,-0.6697351785674569,1.6638228383429696,-0.6354754004618757,1.7731440979129343,-0.6308723611543415,1.880618384168988,-0.6349122285089573,1.9577436262363956,-0.7700572336531644,1.8424027132479521,-0.7408563273372606,1.9846016024680924,-0.7012305638583771,2.041874577264751,-0.6696054818536323,2.0884975503376992,-0.8316436564524243,1.844296832655958,-0.7958545276362716,1.9873363267027406,-0.7324296642119382,2.0330853415952443,-0.6796798285008061,2.0511859308486584,-0.852230683465939,1.8336892122615143,-0.8163982812382848,1.9548160544147275,-0.7588500788512428,1.9888271965399702,-0.7152488434654964,1.997869717076694,-0.8486200916473027,1.824143131315513,-0.8189286023646624,1.9105957767009873,-0.7708059748407516,1.9445224069447933,-0.7343358353431201,1.9568318007144159
0.03534927181494378,-1.4297748297720927,0.11627023532805354,-1.6133115458763447,0.16045291901148617,-1.6038602395976875,0.1989434215229124,-1.5926050166261434,-0.03464851397030497,-1.6456241917510561,-0.08860809827056487,-1.6490174316381352,-0.13082925051528252,-1.6479894748932686,0.2516267309144148,-1.4425528107462096,-0.18976040989871512,-1.4791440135565386,0.11738665805525664,-1.1421897456703343,-0.0651328745102401,-1.1543746624848308,0.49778170279018746,0.04704653406258013,-0.49778170279018746,-0.04704653406258013,0.6054933670195771,2.0590754948234675,-0.7086754486780552,2.0209786507741265,0.6693208914038398,3.8663394659184456,-0.7320516772700187,3.9963514284185786,0.73041526335192,4.393594107331648,-0.7556153979538414,4.640430516940785,0.6585982465563796,4.459310434269423,-0.6770476816409162,4.70463676496011,0.6117463841164011,4.291415270287337,-0.6498810125304622,4.489297102162689,0.6714740158113139,3.8994293396495907,0.576338428753021,4.077044289516533,0.5510844086286364,4.35020247775463,0.5474267545041617,4.613050668742179,0.5407759523480565,4.825811405829999,0.6936235080874698,4.524162681624559,0.6692697124601302,4.882478670432763,0.6061293310091991,4.977701127975734,0.5558430661831714,4.999788092509283,0.7464200016814065,4.502884008703533,0.7184010063160968,4.870240818442074,0.6483800095675952,4.957904639988102,0.5918812443085134,4.961799020674944,0.7642983486488765,4.458170584607216,0.7370222681427353,4.766581064372784,0.674497510332003,4.858155749415007,0.6211925080024902,4.885211647014397,0.7593367797053393,4.416586992425427,0.7404957108768708,4.660344920410716,0.6916590240173867,4.751060597503944,0.6450179466500582,4.7843222728248875,-0.7738122600301192,4.052993968807312,-0.6688157453873219,4.2186861419238975,-0.6333441444144569,4.494312313885563,-0.6290855477890844,4.764013549838889,-0.6342427285607424,4.9609324052754795,-0.7688406029294085,4.673130508835302,-0.7416198022438769,5.030337077783181,-0.699235804177468,5.175402282902404,-0.6654891140461994,5.293033119761315,-0.8302143676206724,4.671140526582983,-0.7977600278356086,5.030189366453207,-0.7329575199684168,5.144528079120879,-0.6818245470888862,5.193022406101182,-0.8505433166059281,4.642470581575371,-0.8188001919015978,4.947855831870385,-0.7597420693693471,5.0403294639765726,-0.7155430231870842,5.071161192826303,-0.8473901933664363,4.619608925002213,-0.8188600236955659,4.840601557453641,-0.7702402732240812,4.933236213928129,-0.7334427357232018,4.968536685975248
0.03559647679713181,-0.17428334598548567,0.11666169388222995,-0.19668263180933832,0.1610634918463118,-0.19553369467388276,0.199760162432032,-0.19416855844296635,-0.03487886832149667,-0.20061346469270072,-0.0889903684806932,-0.20101423153679943,-0.13157763980349182,-0.2008639633048265,0.25272928655565213,-0.175923226371875,-0.19102953381585067,-0.18024407608171172,0.11799743056742626,-0.1392043370353782,-0.06518633842277562,-0.14063254261429972,0.4999688765078176,0.0055787564484059094,-0.4999688765078176,-0.00557875644840599,0.6081307722256919,0.2512110134735997,-0.7117478691653527,0.24660814981219872,0.6722673797282335,0.4717869128726873,-0.7347794448393525,0.48750227856573897,0.7338970515852294,0.5361810652080643,-0.7601980116162352,0.5660975908742508,0.6617308713482006,0.544131283278242,-0.6802101542835467,0.5738377582403428,0.6144777449631424,0.5236593054702833,-0.6525206292637961,0.5475213284044912,0.6724633756166899,0.47560347848238016,0.5787002601984359,0.49732694395363586,0.5551753184035352,0.5303756689995982,0.552910495326083,0.5627727418980547,0.5466338505250788,0.5898878439066209,0.6961317732257469,0.5512778795273025,0.6712738946869136,0.5958541036881717,0.6081317604402552,0.6077608696119285,0.5583568751911968,0.6109533928316112,0.7497554247953562,0.5489322875522599,0.7197397250439941,0.5942759392303024,0.6501237971908839,0.6056758302223295,0.5935552662216061,0.6067830046993881,0.7684443739206228,0.5437315218314751,0.7392233633808599,0.5819172085367824,0.6761042874740203,0.5930990829843258,0.62254355223163,0.5966680114973757,0.7642994726358323,0.5390772282296407,0.7438939948135108,0.5692171067799949,0.6935365570791824,0.5799889337926849,0.6462610311640147,0.5837305586320318,-0.774646779102533,0.4945489537876717,-0.6698538303589525,0.5150350844965316,-0.6364446841472398,0.5485481484332637,-0.6324627559142375,0.5812608387556427,-0.6365742226062913,0.6052227827169782,-0.7711400585478246,0.5700738599831839,-0.744018098092462,0.6139737610927906,-0.7016998681846164,0.6317951248428959,-0.6674807154355676,0.6461600872428547,-0.8329467031629273,0.5696464887789213,-0.8013436425931001,0.6136855987498512,-0.7367882379936063,0.6281947196595359,-0.684881773930761,0.6344489097692572,-0.8537582548196941,0.5660254342811315,-0.8229466305885279,0.6036182459137138,-0.7644314404556859,0.6154803103253346,-0.7200704886935679,0.6195844195719165,-0.8506500317877762,0.5631687137702633,-0.8230420756451333,0.5903010622099825,-0.7747749999421664,0.6021109232986068,-0.7380342118559379,0.6068113105011905
0.03541523487201322,-0.029548228039730763,0.11642173187164713,-0.03334883330803872,0.16085942541768752,-0.033155483950593936,0.19963036514623675,-0.03292666841455383,-0.03528099844238825,-0.03401096043817603,-0.08932260852219133,-0.03407675219931958,-0.13209239384172916,-0.03404598730562957,0.25269196693613794,-0.029840914170279474,-0.1915903441944269,-0.030540159813455817,0.11796701553145526,-0.023599974850681424,-0.0651755336735608,-0.02383219996573236,0.49999911773381633,0.0009392898408626858,-0.4999991177338165,-0.0009392898408626982,0.6077692293624808,0.04260172915697483,-0.7115704721243185,0.04179988796998613,0.6712747547917748,0.08000452240291547,-0.7343183174897912,0.08245215426466529,0.7336512118467362,0.09095598527557067,-0.7606157281751971,0.0959737053406207,0.661455236434234,0.09227751187263665,-0.680398714324399,0.09729626792515536,0.6138526925872748,0.08880372786628196,-0.651892414365737,0.09280321650104457,0.6724779414401332,0.08066128600299344,0.5766421895878906,0.08440462345768493,0.5557630717947125,0.09016126486320844,0.5523282662690634,0.09562070900287663,0.538988624017105,0.10000698814888681,0.6953920176235191,0.0936137521145109,0.6681237399020081,0.10104022172682185,0.6076091338905841,0.10329307483069541,0.5587179203192236,0.10414297796797137,0.7485563967534034,0.09316343852353852,0.7188224511159543,0.10077879881304937,0.6499700333984108,0.10278439186981077,0.5937157457780127,0.1031620289727908,0.7668996813312319,0.09223230872321234,0.7384008755536102,0.09871286932156172,0.6765971056959579,0.10072083596986528,0.6237395762205419,0.10147958532366329,0.7617076138820597,0.09140948551154163,0.7429484434333061,0.09660501512200631,0.6943446440578912,0.09858865573544416,0.6480831468489798,0.09943394282729007,-0.7777841969328917,0.08384226585491057,-0.673018840133249,0.0872292760754397,-0.6422581093396237,0.09299849358200703,-0.6376302466630662,0.09862322362110779,-0.6378082128743668,0.10282935897145742,-0.7736533384604986,0.09684927211683585,-0.7441431064801519,0.1043629744967623,-0.6997316425677529,0.10733002949328085,-0.6659087564595543,0.1096837405670478,-0.8344054523633574,0.0967789298790894,-0.7989990705074081,0.10438103215175426,-0.7318004785443026,0.10687180830175647,-0.6791891864459294,0.10797952806731267,-0.853626709073845,0.0961208680162342,-0.821590814552418,0.10251931021548434,-0.7619384099520133,0.10458272186401016,-0.7178238309039082,0.10538980855716934,-0.8497848295165163,0.09562131223608625,-0.8215229139780462,0.10024725855902673,-0.7737809042454614,0.10222493240919565,-0.7379171714619518,0.10305234543876556
0.03486832779452932,-0.16386822848889376,0.11556015167620169,-0.18498270975880396,0.16000355372243708,-0.18392390159394256,0.19902311905509673,-0.1826813195162236,-0.03649434208128911,-0.18860283048642837,-0.09031442651450611,-0.18895827453188596,-0.13324103894187658,-0.18874858471715594,0.2522990570659058,-0.16563236354833588,-0.19247046269685236,-0.16918822156276173,0.11773690210892299,-0.130891788132886,-0.06534176302254763,-0.1320790853764561,0.4999731578417482,0.005180872296284519,-0.4999731578417482,-0.005180872296284519,0.6077113488460367,0.23656069759530007,-0.711776263198665,0.2312178054777017,0.668972054886296,0.44360563642678374,-0.7356058979545435,0.4571386077944869,0.7321943568852635,0.5045033533230562,-0.7635408069267682,0.5337170082742311,0.65994825219559,0.511653089034038,-0.6814792678187845,0.542011914257857,0.6115745742791184,0.49242516183830565,-0.6529413167698946,0.5160521043776876,0.6732023279212929,0.44776235807915415,0.5767582641148874,0.46824813338175886,0.5542271755709455,0.500118731664037,0.5502314966944439,0.5308525923373939,0.5344494382706324,0.5556758099993958,0.6940436466030974,0.5197677831782754,0.6653190416345621,0.5609476787337417,0.602908428834264,0.5732453375614183,0.5530037933932883,0.5777268621578739,0.7474475899939278,0.5175369801466859,0.7164722649457866,0.5597291588257839,0.6470826406733499,0.5709132698697771,0.5909947028792885,0.5728785166894725,0.7666841462474318,0.5124012698533138,0.7374468607864553,0.5482563744400354,0.6754721581992033,0.5593274441729158,0.6227288345945842,0.5634542153299945,0.7623538741575147,0.5077145262078089,0.7428477982106837,0.5364600956269864,0.6939316213026926,0.5472750595469724,0.6479180528768107,0.5518220099826573,-0.7828250563044887,0.46601253245529245,-0.6770550921682338,0.48496123670826935,-0.6435546674260386,0.5160140120001807,-0.6390824691650939,0.5469194337630724,-0.6395246396155156,0.5694974547088544,-0.7776034005466804,0.5368282250157168,-0.7501804307229973,0.5782464160167318,-0.7084640210261778,0.5948568007756522,-0.6758359109393416,0.6079237947772888,-0.8388792217653399,0.536932615576976,-0.8044500166740891,0.5792116652314953,-0.7386841637551188,0.5934113985963223,-0.6857646474169953,0.5998833226128881,-0.8591931154482528,0.5340398484431393,-0.8280209224089587,0.5703568594548201,-0.7697013747335953,0.5816322758922268,-0.7248076886398132,0.5854854216505732,-0.8549896543509632,0.5317223198268825,-0.827273194714528,0.557940343685877,-0.7803135479152634,0.5688990263660367,-0.7426931456360436,0.5732557330003181
0.03457454504641937,-0.26487711805141145,0.11500500445056244,-0.2990540413935325,0.15948250398889463,-0.29735462305963617,0.1986516278049053,-0.2953697264117259,-0.03718317841076977,-0.30483298007892373,-0.0909061813758403,-0.30539671163851045,-0.13392890258927811,-0.30503346104306556,0.2520726365831661,-0.2678836863692072,-0.19309200214538524,-0.2733005492670303,0.11758126364267733,-0.2115701519102737,-0.06544130003601506,-0.21340849127557807,0.4999299582363675,0.00836880264935695,-0.4999299582363675,-0.00836880264935695,0.6076123862385614,0.38288921257364544,-0.711761787050085,0.37259566343966044,0.667926869523267,0.7170599061297915,-0.7360867762567999,0.7384726593734368,0.7319150387749594,0.8157731379611417,-0.7665250471321865,0.8625603315699035,0.6595072781851689,0.827066683559689,-0.683600417244918,0.8762779757410284,0.6106196420442574,0.7960276720559677,-0.6547283396255935,0.8337143339294326,0.6718221496971603,0.7238316162113042,0.5759255679293547,0.7570354461892369,0.5541424455053183,0.8084933234729995,0.5512655101588512,0.8579640132334924,0.5363467007731386,0.8979306247530753,0.6929238493407025,0.8398602238550797,0.6649250506014577,0.9064760597666791,0.6020471589410972,0.9263113984744131,0.5520765943823455,0.9341980012308194,0.7471770308617767,0.8361700348338905,0.7161147951833373,0.904554074080561,0.6453382645136801,0.9224137383822157,0.5888218565091322,0.9255112368296605,0.7665931317463159,0.8276376401877167,0.7375341406491216,0.8856558796159913,0.673916173763911,0.9034152153249845,0.6201590667090041,0.9098891116097786,0.7625148098148963,0.819617814218104,0.7431692236668297,0.865828764563394,0.6930984886413127,0.8829238638989569,0.6461592339806054,0.8897106115212902,-0.7831443655190763,0.7532653702324387,-0.6757074622505943,0.7836392055164287,-0.6431375621949059,0.8347183247407753,-0.6401749547387052,0.8852172063548688,-0.6419490264264134,0.9220039653948576,-0.7773661936027078,0.8656012042776965,-0.7499219570199287,0.9339477671531035,-0.7084959909401598,0.961563388504411,-0.6742485650742703,0.9834869482128021,-0.8394434629222047,0.86632700058386,-0.8055629031531395,0.9352803517275312,-0.7390754560425492,0.9581479870455581,-0.6848085587462148,0.968434839774647,-0.8609720403278988,0.8622775553140059,-0.8264995604199022,0.9205016210822609,-0.7658453542692927,0.9371848327762883,-0.7204082859134332,0.9423370701999068,-0.8583480024592018,0.8588575721044348,-0.8274640306706306,0.900090626514993,-0.7782613847723922,0.9166964183699523,-0.7408334230211681,0.922629668069935
0.034212003943988496,-0.40262811442942914,0.11415268750155655,-0.45462601294886695,0.1586817683224662,-0.45206544950570987,0.19819479447058536,-0.4490863976571167,-0.038129545444506405,-0.4633422301833294,-0.09164181782868293,-0.46416911970968433,-0.1347181326919014,-0.4635447792857044,0.2516022739377728,-0.40748795386636,-0.19377289586487392,-0.4152084757778209,0.1175227024876808,-0.3215974935148764,-0.06545759392412395,-0.32413690044094995,0.4998431832481353,0.012521667635385165,-0.4998431832481353,-0.012521667635385165,0.6076630667119373,0.5818424711411523,-0.7118440326101718,0.5659822247687581,0.6673236845323444,1.089867220771211,-0.7385357854181195,1.1218310580964634,0.732070878045151,1.2400333224550233,-0.7700295995011539,1.3113148953222102,0.6596950567592762,1.256939432768989,-0.6849658027836673,1.3319008113206627,0.6106117680365194,1.2099664302269362,-0.655824886270762,1.2671786514294623,0.6744494381188559,1.101497234942924,0.5768733918281986,1.1514514317656794,0.5536961973812632,1.2298305251404154,0.5479739438999592,1.3047713720510379,0.5339138979997999,1.3644215024584387,0.693771703185487,1.27969509688658,0.6666222640172157,1.3793944248653818,0.6012792667499561,1.4063872840880112,0.5515830383240565,1.414299464405289,0.7468621676019095,1.273887677581112,0.7153891967641562,1.3763773448468413,0.6435416240503986,1.4009856771313298,0.5881910268630056,1.402642312760186,0.7664688235092999,1.260695830401399,0.7378186706807527,1.3481970426273886,0.6740984807081853,1.3737459026080532,0.6213836890130442,1.3815354286870485,0.7629251422739519,1.2486512556164517,0.7439035801530828,1.3192849213064513,0.6947440035049083,1.3453006529510299,0.6490308945370133,1.3551035296051528,-0.7850123915229602,1.1446563512576216,-0.6811247963616736,1.1892767848071706,-0.6491601556115071,1.2657075147141077,-0.6438302988783308,1.3424833547267219,-0.6427540294856077,1.4001801226580675,-0.7801359783551196,1.3184895433857102,-0.7517738824717388,1.4213269987972534,-0.7087258666391696,1.4632586800490794,-0.6746609187933141,1.4960439615524082,-0.8408071640342101,1.3187769863604335,-0.8076512453126125,1.4222300339315088,-0.7418468131962531,1.4567419371792787,-0.6893552419481102,1.472282604095303,-0.8612147195819372,1.311479684058651,-0.8303628444998287,1.3990935525064114,-0.7715644614822567,1.4259567945864011,-0.7273072078858794,1.4355947039680745,-0.8582282038321207,1.305792776559356,-0.8300953836468377,1.368420709063286,-0.7824005598820004,1.394722812466533,-0.7455234216105019,1.40523483414898
0.0334494290763111,-0.210341205297698,0.11314397764747872,-0.23753568278401047,0.15768668073023237,-0.23621620358446146,0.1975700521445618,-0.23468498143100824,-0.039378670920176655,-0.24201126899674844,-0.0927823125611168,-0.24243778379804357,-0.1358897015017791,-0.24208731752244642,0.2510045164479471,-0.21294297820445113,-0.1945206689009055,-0.21677415567829364,0.11717828505926414,-0.16802094632055273,-0.06578569852255631,-0.16929816080637133,0.4999589961891578,0.006403290523606129,-0.4999589961891578,-0.006403290523606129,0.607981549472145,0.3037380213303633,-0.712089830658457,0.29553512539119753,0.6665119723574132,0.5690520357690275,-0.7426485637545819,0.5854780513361781,0.7324530203952339,0.6474419427306244,-0.7758864784908793,0.6843492428584259,0.6599539976477914,0.6560712136760013,-0.6900302406977016,0.6950619265390704,0.6104028591583326,0.6316508764350184,-0.661508893830545,0.6612978722767294,0.674637452520789,0.5752823298761791,0.5787507868875378,0.6007684648376059,0.5549960741126111,0.6419950602742291,0.5494906850841323,0.681136845024745,0.5344986739325408,0.7132631532796219,0.6921758771061391,0.668059946883431,0.6655571291299059,0.7208632528165639,0.6015364813067736,0.7353240290927913,0.5547771837611299,0.7401229147364684,0.7454641397967505,0.6651640451199342,0.7146858158340889,0.718872570820352,0.6439748371626003,0.7317897297790112,0.5910915545876434,0.7329399637301932,0.7658417106955506,0.6586307684673852,0.7389800076153389,0.7043057366737273,0.676723998423951,0.7175373413746718,0.6264377311938255,0.7220504858666456,0.7633693046170745,0.652743438299656,0.7463558542557207,0.6903446812244516,0.6972022786636809,0.7035851396140499,0.6529480229567497,0.7082045283698661,-0.7877429430469796,0.5983009884082189,-0.6822402660391751,0.622141362444032,-0.651998042127863,0.6623193083571828,-0.6472839054580327,0.7021243741829344,-0.6459727885146168,0.7321280338823002,-0.7846771183029012,0.6906218482776694,-0.7576212489319932,0.7433388540456108,-0.7137386370654247,0.7647440909148032,-0.67906511973966,0.7812345986140408,-0.8448831732010885,0.6898854077751383,-0.8124150008905566,0.74367054118159,-0.7471951537058276,0.76186263464332,-0.6953492103078632,0.7699515509906616,-0.8644361142591809,0.6851507346733802,-0.8335623142151223,0.7307417326325973,-0.7756804858577744,0.745816116130878,-0.7326576119982279,0.7519442666299844,-0.8603454771955743,0.6814842824068554,-0.8326192561232556,0.7148682804341517,-0.7859317407674239,0.7291530081012574,-0.7499281925917429,0.7353655948311018
0.032634690282922665,-0.5547609575650615,0.11199594148852239,-0.6265647866899874,0.15639651410480954,-0.6231189332757835,0.19648372628638652,-0.619143600762988,-0.04051423107474853,-0.6382082888819685,-0.09372352045762251,-0.6392929284742793,-0.13682548767275785,-0.6382654269141905,0.2501567797729963,-0.5619721458639584,-0.1947780399762708,-0.5715734241945811,0.11653455171175874,-0.4432138792662493,-0.06617787706111929,-0.4462308902450655,0.499721681535469,0.016680557645454144,-0.499721681535469,-0.016680557645454144,0.6078198294997882,0.8030146485961805,-0.7117943162386449,0.7797308390269234,0.6662150544857265,1.5037761191863144,-0.7454179964489516,1.5450926917248713,0.7322766815645448,1.709863785599841,-0.7817566204344237,1.8059456260546887,0.6595513187887363,1.7309404697179716,-0.6942858413175138,1.8344217467843278,0.6097617232509078,1.6672680584044404,-0.6656948543523127,1.7462281495908367,0.6741595996971378,1.5186170165104496,0.580440692987927,1.5857395819502873,0.5552657747797335,1.6919450529400077,0.5503610306646867,1.7940572290278285,0.5405035924064577,1.8786851672556821,0.6897985590453571,1.7621955877309128,0.6681381636897417,1.9002634372824811,0.6035872096622823,1.9366538513010711,0.5544657837604986,1.948625805020213,0.7440804625455764,1.7541606287481082,0.7147436137166127,1.8937732940869807,0.6443327048761649,1.9257836171451626,0.5910191942122062,1.9279472439653074,0.7658197859543769,1.7373821991829441,0.7407648252048864,1.8572533671953537,0.6798384648849688,1.8910028982278841,0.6302615961042634,1.9024354197718534,0.764361511902836,1.722225998222934,0.7498352898054704,1.8230558248392068,0.7018132542394925,1.8595261092254192,0.6581039200013088,1.8721291617262656,-0.7883771022400544,1.5754915993969012,-0.6848414159304923,1.6415711807130804,-0.6546264719127532,1.7480032377918708,-0.6475512063351164,1.852323522350727,-0.6462512003317682,1.9319186443984662,-0.7873030875205128,1.823665297182909,-0.7592922794180774,1.961189290969714,-0.717545477216319,2.017806076884979,-0.6850945953745818,2.062700350383061,-0.8470753104364188,1.8196720245567712,-0.8146196912637234,1.957772313765343,-0.751988344934788,2.007029721130399,-0.7008773224188427,2.0294784552867924,-0.8656465128711558,1.8054344557019057,-0.8363712493446511,1.9234870368823,-0.7815099908653113,1.9651805975560344,-0.7379618494622597,1.9826545137069551,-0.8613476939827789,1.7948760846121905,-0.8361301809901422,1.881179826030249,-0.7907964365634159,1.919679063509045,-0.7533151271565965,1.9373889044381734
0.03214107327055105,-0.6124370935119305,0.11151749897849912,-0.6922614168841674,0.15583477134449913,-0.6884778029922032,0.1960278930983039,-0.6841263485813895,-0.04130055087904904,-0.7049704093662525,-0.0945485384729482,-0.7061322712974397,-0.13773806833948965,-0.7049242875849796,0.24982298207721593,-0.6211625206150033,-0.1953599827615766,-0.6312922203055423,0.11608697808664442,-0.4890587512128766,-0.06673182410121513,-0.49191301121218894,0.4996720460324792,0.018106529587861134,-0.49967204603247894,-0.018106529587861134,0.608314234275147,0.8876227014775506,-0.7141504986423812,0.8643906176411266,0.6663285717723104,1.6595466763687547,-0.7470539208981343,1.7104152028485828,0.7312553898204099,1.887005736377624,-0.7824706390705648,1.9974893781988199,0.6595670612074176,1.9101987523522639,-0.6950086663535298,2.026710239681251,0.6101214241189996,1.8399976029903504,-0.6677517440752436,1.931343961238381,0.6802497844810057,1.679781387031622,0.5826150552535114,1.7513670037455147,0.5565644919412153,1.8683749784846757,0.551392286589662,1.9822854686544586,0.5374175092025123,2.075659828755524,0.6923242518909901,1.9480281086570108,0.6630045950490254,2.101075914587525,0.5951233141517785,2.1440947851992767,0.5423337577982512,2.1593361347778477,0.7467395374392061,1.9404253399710434,0.713116741551811,2.099471961817606,0.6386751884662645,2.1396589550591925,0.5802046447230652,2.1467088049790752,0.7666212627519077,1.9233071051992547,0.7358667317849471,2.058240174577887,0.6706208330676547,2.1014554697169423,0.6156634729734806,2.119188480702641,0.7625379861097329,1.9075049690213224,0.7419482181550625,2.0183035954781534,0.6914227171490045,2.0604092548206983,0.6447359082225789,2.078164784087842,-0.7898274180274808,1.7435553305208396,-0.6819359181515512,1.8178035305371656,-0.6525870891616284,1.9374976920785878,-0.651157571504478,2.0516162728732907,-0.65260332337956,2.137547933999866,-0.7897221428325184,2.016897152453921,-0.7623719356065242,2.1697523321214716,-0.7185961197325003,2.2320129385757412,-0.6858693785084491,2.2812105000505065,-0.8508472696327183,2.012068744563825,-0.818865201049979,2.1666789936611117,-0.7542458442562072,2.2211292834136858,-0.7026027368359985,2.245183420175153,-0.8704089665934542,1.996600041734037,-0.8405804453061733,2.132340784894139,-0.7826934269293362,2.1776912472015404,-0.738062183140396,2.194858859409751,-0.8658146417152262,1.9850883164328812,-0.8401682445036676,2.0851915731170885,-0.7925839387879396,2.1282779985731755,-0.7549146610721081,2.14766081280547
0.030750899942642705,-0.20957985025899586,0.11029341247545543,-0.23694098243664785,0.15455720325562558,-0.23564749464970178,0.1951953067945172,-0.2341626109251153,-0.04331424921300167,-0.24127885750888597,-0.09653796269978364,-0.24167013628908254,-0.13988947793591294,-0.2412539996890228,0.24899919949534502,-0.21265006927127245,-0.19639573444216643,-0.21603240232772628,0.11513403802825607,-0.1672849190332607,-0.06800735922356879,-0.16819858304282023,0.4999637694759003,0.006019070646601944,-0.49996376947590043,-0.006019070646601944,0.6089594668981965,0.3039366098432637,-0.7170827106551481,0.29591884990068756,0.6670113564477524,0.5675195636131273,-0.7482331897594896,0.5859118459792602,0.7312101610864651,0.64521295785458,-0.7826006665550138,0.6843052186995141,0.6597702053874684,0.6528352187527663,-0.6953845686891209,0.693658900953616,0.6106186293969119,0.6289016831244532,-0.6689215699208555,0.6616139247929441,0.6770125017341829,0.5742051113665451,0.5834413102207322,0.5995531311475188,0.5552259838959326,0.639557154564299,0.5475455554656855,0.6785429348972821,0.5376919902265959,0.710231275545365,0.6943065747678973,0.6651964189511319,0.6620689913539352,0.7177598558537688,0.5950811711613302,0.7328361236007691,0.5410970494194471,0.7391413838115044,0.7478510893520013,0.6633074101476509,0.7125656069491451,0.7170804396951955,0.6413134654109556,0.7310770618332144,0.5838776195003584,0.7342759293385888,0.7676660604457789,0.6578831184931103,0.7397073090412737,0.7040273016752662,0.6758034996033361,0.7184640370791457,0.6201470238501267,0.7241505416320188,0.7638664101319355,0.6528581287583863,0.7466729223818838,0.6907787329596216,0.6965994245536887,0.7049028905540279,0.6482991958082983,0.7104571292444949,-0.7934550965900259,0.5966084070243273,-0.686038217109945,0.6212144950848334,-0.6549678352212417,0.6617609383917618,-0.6514038183014218,0.7011552959504805,-0.6519207607018861,0.730969932049849,-0.7905430289575539,0.6896729309879481,-0.7627772446484694,0.7426386379082957,-0.7190414853840525,0.7640324092698447,-0.6866800666454497,0.7805760304132444,-0.8518006621890956,0.6886228736048485,-0.8191544304485144,0.7420268387298727,-0.7546206026129457,0.7593313132178152,-0.7039254959764092,0.7664175541869377,-0.8716093260909058,0.6834801802380114,-0.8396628216474125,0.7285752335676594,-0.7816921835708486,0.743346807515218,-0.7382787094489222,0.748985636995667,-0.8678638434257238,0.6793538748937876,-0.8352871969141683,0.7109418567318263,-0.7874843294177094,0.724216303550985,-0.751878952834024,0.7298439099112719
0.029698723687261595,-0.4025827457738375,0.10930188630667127,-0.4551888429888149,0.15352555416318248,-0.45270538810181815,0.19442723778487067,-0.44985751272034336,-0.04477705715168301,-0.46348397228494037,-0.09799375438227761,-0.46422260713033253,-0.14145492531152737,-0.46341808634164355,0.24832573964007962,-0.4085582446906232,-0.19716879791832365,-0.4149269224257852,0.11437173670077502,-0.321286703585328,-0.0688922691270706,-0.32289610130294005,0.4998709290670835,0.011360205702833394,-0.4998709290670835,-0.011360205702833394,0.6091452860284184,0.5844302641845212,-0.7180108239691921,0.5683416291119111,0.6670085081511802,1.0897277264796017,-0.7487626275387537,1.1260420996535097,0.730531401013034,1.2389113091152544,-0.7821913714610985,1.3151454411223409,0.6594878866366363,1.2531782868907664,-0.6953379353891292,1.3323260021525076,0.610555381956598,1.2073038633444932,-0.6697083621506809,1.271017351213667,0.675740585706897,1.1030322352726294,0.5824525360669407,1.1516742245776022,0.5548760446662564,1.228014486374432,0.5466385062483162,1.302506024216377,0.536441109227368,1.3634834647375633,0.6932996923327837,1.2779558533232878,0.6626143630656584,1.3787380193820595,0.5953723710413473,1.406867755767452,0.5406540881420845,1.4180653389359181,0.7462074674486476,1.2740749931929893,0.7107051621332013,1.376087801830475,0.6388847267713571,1.4024081677568438,0.5801976024450599,1.4074931380184204,0.7655434531965645,1.2635042168364277,0.7371732264797495,1.3511074135346695,0.6729179211548489,1.3777210609437676,0.616592386057813,1.3875394910559267,0.7621019553367788,1.2540340918731565,0.7446857705217098,1.3258020472753058,0.6943029473969526,1.352012543939474,0.6453950048274238,1.3619011336777382,-0.7927260029624151,1.1454688371397461,-0.6847804314526903,1.1924788138222453,-0.6540219928163636,1.2700555945116505,-0.6515746010466982,1.346091712548613,-0.651129186129941,1.4036689041853339,-0.7902968267176578,1.323740885670818,-0.7624673785480011,1.4262458801117421,-0.718295513666172,1.466812211539815,-0.6849676969395283,1.4983179792737586,-0.8523257580558838,1.3216927231848727,-0.8197622515666735,1.4241450088711594,-0.7540674664464907,1.4581328959662225,-0.7012877357557163,1.4726073254280607,-0.8724530888474327,1.311870375530139,-0.840209466757174,1.3984199313459833,-0.7817814809390715,1.4268855079720721,-0.7374085446861415,1.437949360482658,-0.8692036370194836,1.3037437895997714,-0.8364403367186116,1.3645420915832378,-0.7882119321359824,1.390208227899681,-0.7520129860217886,1.401258903221607
0.028727367937716266,-0.08982008577528905,0.10849028591740634,-0.10157377220921662,0.1526091679660733,-0.1010262233907245,0.19389606354178773,-0.10040052709538043,-0.04603936772078446,-0.10340944332981006,-0.09917049538205033,-0.10356665205675629,-0.14271700903062715,-0.10337428292461738,0.24781613588824958,-0.09118997091794015,-0.19753786057965142,-0.0925614650960831,0.11383426039179138,-0.07167284715283313,-0.0694437920114967,-0.07198100724647946,0.4999935705322859,0.002535631356509781,-0.4999935705322857,-0.0025356313565097323,0.6096590260941995,0.1304171835193642,-0.7191933482618565,0.1268051570803838,0.667021061381491,0.24311498287234173,-0.7499509745432351,0.2519609037968347,0.7304665315286437,0.2763900752198091,-0.7836655351543581,0.2936095757610708,0.6593991596433469,0.27955467060423583,-0.6970533303028129,0.2973702294043742,0.6106539904138949,0.26931806626351185,-0.6714094115544577,0.2837979157072856,0.6778116077783461,0.24664886183447027,0.584378487053452,0.25742785018840386,0.5597861096741379,0.2743765957450463,0.5523997532026592,0.290980332308815,0.540284677049976,0.3049350402431686,0.6972647107364485,0.2856176355254103,0.6677016354503009,0.30788315082771417,0.6015069825583933,0.31438544203207575,0.5485632354453991,0.3168998678899736,0.7493817401487939,0.2844428012407179,0.7156913443707008,0.30724648925346254,0.6452250417793314,0.3137978858372797,0.5863250344567552,0.3152433956480486,0.7682410315102611,0.2819565037069743,0.73756620895708,0.3011882123863138,0.6756920302736901,0.30786729884842395,0.6208853642239188,0.3108729771472341,0.7643598129355875,0.27988986646707276,0.742771792339916,0.2954584171351347,0.6939180875464123,0.3015571781298443,0.6464893656371671,0.30426448960040925,-0.7906209246121954,0.25617304088037496,-0.6808955518107044,0.2668967658177854,-0.6504645219074753,0.2841808264250789,-0.6522737503790564,0.3009423279255935,-0.654625739144729,0.31367889666942417,-0.7899371340639034,0.29579154707585853,-0.7617198667824633,0.31860548524062554,-0.7180308383506939,0.3279324084540085,-0.6858328478152272,0.33548494294793907,-0.8532686666109519,0.2953394676965507,-0.8209469240892697,0.3183634147899599,-0.7571106929219978,0.32572028262222497,-0.7076449498147955,0.3287670807169385,-0.8741420514448395,0.2931025905286823,-0.8398595347836848,0.3124316756522335,-0.7811890109010581,0.3184102556009454,-0.7387316466893095,0.3205029155136167,-0.8706266043189265,0.2913261358871168,-0.8352890823877499,0.3046494662403155,-0.7858266794707787,0.3098279781214906,-0.7502803337947854,0.31175826450193295
0.002133237416184975,-17.67054844861352,0.008181810248729193,-19.984865643467074,0.011519281052097294,-19.87780235913645,0.014658827662253127,-19.755706751808756,-0.0035204358276314327,-20.344300759206295,-0.007538556620789289,-20.37437322232106,-0.010827520141911497,-20.33515863661395,0.018739781334459627,-17.94560947268929,-0.014951200920921915,-18.209609271054788,0.008577646150973528,-14.098601158985018,-0.005290012195044777,-14.15478280504841,0.03783861705518962,0.49856618322881735,-0.037838617055189615,-0.49856618322881735,0.046126452325484575,25.656460269403155,-0.054442923184159796,24.950386664417803,0.05045385619941957,47.836695845735186,-0.05673128902376193,49.57457465579154,0.05529183807600351,54.38433173080389,-0.0592859143380571,57.76912151799051,0.04985849812889478,55.00694975580139,-0.05273210673199824,58.50937939154902,0.0461450537540128,52.99415062984084,-0.05078747718953616,55.82802102257032,0.05162982852362905,48.57620327571194,0.04440993996609752,50.65676902052923,0.04238041175604744,54.072373897291754,0.041940044782957375,57.35736250522538,0.041142405540323425,60.089751037763534,0.05281962083534239,56.29971389930764,0.05073704734353636,60.67061000428452,0.04561803408601375,61.84285759883303,0.04166916304053779,62.21364708230664,0.05684540691515548,56.087963735321935,0.05428392778591938,60.55417399230259,0.04888903911388913,61.730400501258536,0.04465453002497319,61.96962784430542,0.05836207251757633,55.6144260181128,0.05604125093044655,59.45806515281981,0.05128782440649454,60.68640840510463,0.04725710707549444,61.21886376060232,0.05812040375687221,55.20303441001791,0.0566072836616339,58.401065367915464,0.05280826023134193,59.61295358124615,0.04924953230192986,60.12977469545723,-0.060021613320528154,50.30323192231538,-0.051748440719901916,52.32028356190588,-0.049453124312962136,55.7739109134774,-0.04931009306017842,59.165446875779196,-0.04941929218456518,61.73645876975709,-0.059556143782060166,58.224758028926495,-0.05746309918409438,62.76136145730005,-0.054111583677978456,64.63818958679103,-0.05164347373260982,66.13541833784342,-0.06427015462801167,58.14173239057401,-0.06198603965177454,62.61158542577443,-0.057135083590896696,64.09322683826407,-0.05333371313472331,64.72057422125077,-0.06577594963050572,57.705216556731536,-0.06328459726261197,61.46142901416388,-0.05881919326052202,62.76045467130543,-0.05554271391962008,63.30013304627751,-0.06552259567711541,57.35533005385812,-0.06314395673034044,60.03533606096553,-0.05934683713753205,61.1583983324264,-0.05651027533923225,61.61005592895494
0.02707936659096686,-0.016014901442587545,0.10737503475066347,-0.01811698959251091,0.15141173908744496,-0.01802134223673163,0.1932189289167003,-0.017912627586104946,-0.04747101418395137,-0.018437040904884988,-0.10046881673474707,-0.018463444704232397,-0.14380220159115878,-0.01842780984758698,0.24735408069518883,-0.016270395571824175,-0.19760102978694766,-0.016501012603822172,0.11261505346302657,-0.012776181801572629,-0.07082270507649885,-0.012825967876140354,0.4999997953424488,0.00045239088113164025,-0.4999997953424488,-0.00045239088113164025,0.6088767840971471,0.02325174219001772,-0.719144127451814,0.022611299510971558,0.6659201990305712,0.04335777136064184,-0.7501329361883835,0.044921163911268824,0.7303472317209835,0.0492950414747506,-0.7854386671258881,0.05235027348413206,0.6587051141010012,0.049860665123770485,-0.6994713416278334,0.05302598971213201,0.6093043825526215,0.0480490683579204,-0.673479605431422,0.05058775788862779,0.6825384922625194,0.044096036326081625,0.5862112625733727,0.04593982489880979,0.5600044079098704,0.048966796979133885,0.5556596580038211,0.05193944538535121,0.5450231258107783,0.0544223660111853,0.6957435834769545,0.05097374785472499,0.6721943364912105,0.05500262616394862,0.6048570617868322,0.056066344345975634,0.5533353231677575,0.05638023571643059,0.7507642746715241,0.05079439755038396,0.7192001538981107,0.054923351005725506,0.6457442470718947,0.05586423874152624,0.5899506465210548,0.055908977135107917,0.7715879731528017,0.05037216346369076,0.7409138442282873,0.053890875312327974,0.6756063841742892,0.054815582131115155,0.6230188650624523,0.055069404326719924,0.7696044967847157,0.049997260684601544,0.7482303456831627,0.052881261186006924,0.6959643911637576,0.053847858443629965,0.6496721173422172,0.0541359694476172,-0.7896139360012342,0.045637998371469576,-0.683323027415593,0.047576074082784976,-0.6530847421925131,0.0506854243168015,-0.6490113433310001,0.05369121384814551,-0.6466641691636279,0.05595333296760433,-0.7898978198196296,0.05283682742440056,-0.7585438291395014,0.05686499728717,-0.7132531053446961,0.05853620121919459,-0.6784510764828748,0.05988979443687975,-0.8511732309206032,0.05277031847128184,-0.8156990496081401,0.056786657278266414,-0.749419310150564,0.05815509953363126,-0.697038087092641,0.05881107135895314,-0.8708862123186378,0.0523818135202723,-0.8371495104610506,0.0557945772016864,-0.778200165697792,0.05689227247565605,-0.7336556366623476,0.057318721818751646,-0.8661900500297822,0.05206707909853686,-0.8374161617153901,0.05451821173197176,-0.7885583383872325,0.05554056372553902,-0.7506573338314257,0.05597049862518918
0.02586819786399251,-0.07552300887873091,0.10660811332595625,-0.0854498656287921,0.15055849408134123,-0.08500358000908718,0.19264127950967602,-0.08449782972862369,-0.048481001208121564,-0.08694072485108191,-0.10134329435725922,-0.08706262740563712,-0.14460315436225354,-0.08689410522518941,0.24710382709622697,-0.07674402214749382,-0.19763216471846135,-0.07780558326693035,0.11185224716416624,-0.06024533487377558,-0.07177723796709644,-0.060475376252418306,0.49999545259568723,0.0021324595268966246,-0.49999545259568723,-0.002132459526896657,0.6085378316493462,0.10962833032170692,-0.7184767454489316,0.10661878375217672,0.6651961346808677,0.20446310581339322,-0.7497977002898877,0.21181267062625908,0.7299911933836007,0.23247590528340578,-0.7854288264837717,0.2468514536146946,0.6583477906830797,0.23514523381632585,-0.7009213328924833,0.2500341158426806,0.6086373839904933,0.22663513931239576,-0.6749452591886219,0.23842504392829278,0.6829451303907556,0.20793296898999836,0.5870805112317269,0.21678211228159106,0.5609948310595496,0.2311216477452969,0.5559194747003704,0.24510773595572938,0.5447450540501163,0.25665978192859196,0.6970987042963651,0.24037949365471054,0.6735174907197689,0.25924836546990887,0.6057182258546371,0.2641933865257945,0.5534611581967117,0.2657424409385571,0.7517295348966766,0.23945321463849992,0.7193765074196641,0.2587245419414282,0.6460235734569272,0.2629461987841639,0.5906843389456052,0.26315282177674376,0.7725733887352398,0.23740061481471764,0.74291618591353,0.254008827307704,0.6781868910917869,0.2583794798734642,0.6256740200672056,0.2596189505720412,0.7703374167815937,0.23556482715291494,0.7492705591059906,0.24919078668751699,0.6969167410767849,0.2538283954915481,0.6503735492641386,0.2552729858626297,-0.7887363458842438,0.21552430107809467,-0.6830544072155578,0.22433582796069063,-0.6528656542279546,0.238839158498385,-0.6487195629339867,0.25315300389235856,-0.6490162420963457,0.26383656515412984,-0.7875393278750035,0.24927978323597824,-0.757586105177962,0.2683613247311707,-0.7121076619146708,0.27625499118997804,-0.6783255061893112,0.2826228879936345,-0.848741231072615,0.2490531827899525,-0.813750643431352,0.26801636288454495,-0.7472594864395882,0.274093684621191,-0.6949895626846275,0.27679551827485155,-0.8684621130762101,0.24732089036356,-0.8346441910296105,0.26337541336923526,-0.7757089578378614,0.2685073472211572,-0.7310658312383678,0.2704629327894097,-0.8643931995698947,0.24589367169112702,-0.8333880844205336,0.25732291311738914,-0.7842298306134489,0.26204921780586643,-0.7466099238957787,0.2639698261270322
0.02489314733590169,-0.6609637916184797,0.10607144368276276,-0.7479653863997746,0.14995929547889505,-0.7441053052584573,0.19217220051265943,-0.7397495022784656,-0.04899964084770267,-0.7607958253897381,-0.10168351441147916,-0.7618248392565713,-0.14485528367128256,-0.7603264173024528,0.24689025544069704,-0.6718262543795316,-0.19725810656714018,-0.6807719065393735,0.11123454608468411,-0.527143308490088,-0.07249078564968532,-0.5290734221545004,0.4996500257014944,0.01870432614386197,-0.49965002570149436,-0.018704326143862384,0.6080420919929375,0.9576735590351323,-0.7169433825911882,0.9315703176568481,0.6652946231637954,1.7892904341955616,-0.749363502998011,1.8485753160758787,0.7292321275861079,2.0349018201641553,-0.7870972093049365,2.157984099913057,0.6575476651923335,2.058681557294756,-0.7048101824754389,2.185619971122266,0.6081240616752942,1.9845603976310646,-0.6774165071838377,2.0813894476187618,0.687319942652073,1.8225071596994475,0.589058539030658,1.899452369637252,0.5617389327291382,2.025733524430058,0.5576144421659098,2.1475252608608164,0.5484121108382314,2.2482809073058427,0.6977746983031452,2.1097647352420124,0.6690849802828799,2.273607308268109,0.6087417970525705,2.324849245848749,0.5589093327102838,2.345649973947054,0.7519125461422141,2.101685244065405,0.717737443314297,2.268731954885684,0.6511346074333545,2.3165612912861335,0.5948026715103271,2.3285741035454253,0.7720956875482963,2.08353577260709,0.7400145973688503,2.227533391460348,0.6797352780677663,2.275064797720067,0.626286765629719,2.296183629835168,0.768982485596309,2.0670955254890244,0.7451240409024015,2.1834932352599714,0.6967489250893997,2.2288432315295084,0.650224546441891,2.2501927475317904,-0.787033427674589,1.8839158536919038,-0.6784849935151969,1.9645984934520502,-0.6470602368867474,2.093639960765604,-0.6432925942579544,2.2197448134241005,-0.6450923884180478,2.3143333936684978,-0.7856436876734724,2.1825009144575755,-0.7555855862108976,2.3479047700661098,-0.71264133219896,2.4173406201074106,-0.6799146073226403,2.4728196564117746,-0.8473416750312434,2.1802373470880565,-0.8120640552859688,2.3450970927928605,-0.7485974650428165,2.4058385870000887,-0.6975387474202975,2.4362239528544745,-0.8676705677500296,2.1652273985455115,-0.8358699932957965,2.306368221122927,-0.7802573084158956,2.359811157819782,-0.7359976714389952,2.38458438525284,-0.8634913484330192,2.1533584347938155,-0.8346271567916742,2.2552119494218106,-0.7892599415164273,2.3034871577208027,-0.7525572755514309,2.3285518830442524
0.024691543607435244,-0.31639457745817917,0.10627563923419299,-0.35797570647580396,0.15014201706253,-0.35615255625545345,0.19233400137735332,-0.35408212224582597,-0.049068346332513314,-0.3638764888212879,-0.10184770534081755,-0.3643152271408333,-0.14511842504221018,-0.36356093821592605,0.2470642683101321,-0.32141872165156615,-0.19717687147908108,-0.32553876724380654,0.11139691655386123,-0.25219023085879433,-0.072961331134366,-0.2530607201062695,0.49991562936906264,0.009184961215704716,-0.49991562936906264,-0.009184961215704716,0.6082533172158264,0.4567354296972128,-0.7159649385800352,0.44498305624321866,0.6669370818576984,0.8544307891272793,-0.749490953025754,0.8851032023545813,0.7291969349560843,0.9713393537093791,-0.7874883947774056,1.0327005306603638,0.6581496843060425,0.9838315521876362,-0.705381966720181,1.045514708144269,0.6099214562367113,0.9483956943481262,-0.6780709016966492,0.9954011354769654,0.6850979887570996,0.8712308542844048,0.5917977471092605,0.9086955711534295,0.5659301531477082,0.9691263070368765,0.5581502226850347,1.0275881357108716,0.5450684575760122,1.0758573164873133,0.7027919484041826,1.0083757434723652,0.6724239178123331,1.085801772234679,0.6117823323857126,1.1093509589533423,0.5629373784247921,1.1184573469503292,0.7559342325768725,1.004649507271582,0.7215508177172865,1.0840975474196268,0.6544911353019743,1.106432185727661,0.5976550794562006,1.1112185489843682,0.7746843785186784,0.9955312407088484,0.7413535289317672,1.062550108651009,0.6805626586416101,1.0832741531916408,0.6272699374620045,1.0911756353784283,0.7707410855080852,0.9873691288147977,0.7455797554378615,1.0409150479915317,0.6970473615164736,1.0605626149798593,0.6508251796618978,1.0685109126904715,-0.783599293653603,0.9015752793492693,-0.6780714777683388,0.9418760387272458,-0.6495315695351445,1.0047428588235667,-0.6458982030935029,1.0648732766153741,-0.645902317891285,1.1096806240897676,-0.788611611128,1.046350260433666,-0.7576900579384953,1.123864050834672,-0.7116371588646775,1.1573834069018467,-0.6759029793371438,1.1845109766147068,-0.847550575528321,1.0433174529768179,-0.8136131224523647,1.1213312611218382,-0.7481475949938143,1.149971321623818,-0.695755150420966,1.163278948703619,-0.8655912891845058,1.0345984459710016,-0.8348172926434692,1.1010183547038703,-0.77743602609156,1.1261774364507753,-0.7319654120518948,1.1373849331065822,-0.8598924177001568,1.0283135667084062,-0.832431903221177,1.0770634800280037,-0.7850216969509379,1.1000304772772524,-0.746276843330136,1.111928747468181
0.02538397603526588,-0.10040434598248955,0.10707856186455474,-0.11358859173900206,0.15106379436358278,-0.11300991230253096,0.19290167384774018,-0.1123508471966166,-0.04831433332503079,-0.11542340792361501,-0.10107685483516361,-0.11554845721666411,-0.14428912900960272,-0.11530322780657844,0.24742658964947165,-0.10194061527967961,-0.19640082043229062,-0.10323076986205447,0.11200511304043509,-0.080001502522163,-0.07223930429307032,-0.08027588059046914,0.4999909071271394,0.0030154253730149475,-0.4999909071271394,-0.0030154253730149895,0.6081818961477254,0.1445696536886979,-0.7142224912753962,0.1409015706027487,0.668560584371271,0.27067400864923746,-0.7479269260349803,0.2802949692671614,0.7289341770694449,0.30774862305243383,-0.7855334237200289,0.32700302708496837,0.658609187691365,0.3119863997318491,-0.7037618708018534,0.33105263224411763,0.6115873508141436,0.3009986614072077,-0.6764740174600204,0.3152092630693071,0.6896149664651756,0.27628259117188986,0.5934024069918704,0.2879334670042015,0.5656957343388089,0.30690944269929227,0.5588611554687603,0.3254541421953822,0.5475005994657918,0.3407157776324047,0.7037529125395056,0.3198227630759439,0.6732180589331478,0.34443365910939117,0.611273071958936,0.35168957240755566,0.5622766368141363,0.3542454471617698,0.7568423695323833,0.31860538054233817,0.7210068545647618,0.34370881586207114,0.6522572043855888,0.35030438036246353,0.5960602987746674,0.35132181682290015,0.7751496059635863,0.3157732021820311,0.7409201677188905,0.3369675302031946,0.6791346213772893,0.3432494755031435,0.6263324862666833,0.34540492692818164,0.7708373121527223,0.3134425046857784,0.7469148067614756,0.3305231757506096,0.6980988518379199,0.33659490544252657,0.6526114255848422,0.3388379135053173,-0.7794446407369,0.28585021217985834,-0.6741517728646369,0.2984329597704955,-0.6469336953460443,0.31838679880461196,-0.6453009082078618,0.33733873847629536,-0.644040998466666,0.35122797452156773,-0.7838166836920465,0.3310972958677235,-0.7538584874046124,0.3565199278076961,-0.7069451769992272,0.36725783313765825,-0.670971671917094,0.3758418805910954,-0.8438728333781284,0.3304604961757573,-0.80983073787675,0.3557432057032244,-0.7424086775217393,0.36422163630242615,-0.6889142495406203,0.36784771167895813,-0.8625012933725058,0.3278534508081752,-0.8281210851069215,0.3490397225562997,-0.7662851177199046,0.3563602630997216,-0.7184171770732367,0.35921784970576665,-0.8572237673401497,0.3258092821876416,-0.8233862736196393,0.34060577851975793,-0.7720311033429206,0.34695403314395024,-0.7324175439625202,0.34964097726337434
