pose_0_x,pose_0_y,pose_1_x,pose_1_y,pose_2_x,pose_2_y,pose_3_x,pose_3_y,pose_4_x,pose_4_y,pose_5_x,pose_5_y,pose_6_x,pose_6_y,pose_7_x,pose_7_y,pose_8_x,pose_8_y,pose_9_x,pose_9_y,pose_10_x,pose_10_y,pose_11_x,pose_11_y,pose_12_x,pose_12_y,pose_13_x,pose_13_y,pose_15_x,pose_15_y,pose_17_x,pose_17_y,pose_19_x,pose_19_y,pose_21_x,pose_21_y,pose_14_x,pose_14_y,pose_16_x,pose_16_y,pose_18_x,pose_18_y,pose_20_x,pose_20_y,pose_22_x,pose_22_y,left_hand_0_x,left_hand_0_y,left_hand_1_x,left_hand_1_y,left_hand_2_x,left_hand_2_y,left_hand_3_x,left_hand_3_y,left_hand_4_x,left_hand_4_y,left_hand_5_x,left_hand_5_y,left_hand_6_x,left_hand_6_y,left_hand_7_x,left_hand_7_y,left_hand_8_x,left_hand_8_y,left_hand_9_x,left_hand_9_y,left_hand_10_x,left_hand_10_y,left_hand_11_x,left_hand_11_y,left_hand_12_x,left_hand_12_y,left_hand_13_x,left_hand_13_y,left_hand_14_x,left_hand_14_y,left_hand_15_x,left_hand_15_y,left_hand_16_x,left_hand_16_y,left_hand_17_x,left_hand_17_y,left_hand_18_x,left_hand_18_y,left_hand_19_x,left_hand_19_y,left_hand_20_x,left_hand_20_y,right_hand_0_x,right_hand_0_y,right_hand_1_x,right_hand_1_y,right_hand_2_x,right_hand_2_y,right_hand_3_x,right_hand_3_y,right_hand_4_x,right_hand_4_y,right_hand_5_x,right_hand_5_y,right_hand_6_x,right_hand_6_y,right_hand_7_x,right_hand_7_y,right_hand_8_x,right_hand_8_y,right_hand_9_x,right_hand_9_y,right_hand_10_x,right_hand_10_y,right_hand_11_x,right_hand_11_y,right_hand_12_x,right_hand_12_y,right_hand_13_x,right_hand_13_y,right_hand_14_x,right_hand_14_y,right_hand_15_x,right_hand_15_y,right_hand_16_x,right_hand_16_y,right_hand_17_x,right_hand_17_y,right_hand_18_x,right_hand_18_y,right_hand_19_x,right_hand_19_y,right_hand_20_x,right_hand_20_y
0.22615704665381764,0.19328248363964928,0.23801140999562728,0.1771076425751565,0.24422773928960279,0.1772802027619694,0.2491380798511391,0.17797208848052837,0.2162813617428947,0.17774381500320827,0.20926539665889804,0.1788757170631059,0.2023702013375261,0.18011098264793773,0.25826634943568677,0.18902777883661862,0.19609213526191036,0.19210743479136275,0.23969749478299962,0.2152164231845804,0.2123412482372643,0.2153535625548003,0.3055131452674166,0.3066989675677698,0.1543089783357171,0.31219867294976256,0.3303629288434727,0.4579207483824837,0.12270700928669998,0.45957844799238573,0.3372775544185768,0.5874354338922212,0.12015083084515892,0.5959453828331374,0.3456593894671833,0.636942112823145,0.11162845117815125,0.6488110392401379,0.3344389348399054,0.6386171790153735,0.12383436162091097,0.6491506044647587,0.3282556078186401,0.6238486805516745,0.1287986986720141,0.6365590232757369,0.11607987459406861,0.6097771105874276,0.13470277875202177,0.6196775726511474,0.13971319969959614,0.6404888866956845,0.13762518964317272,0.6623075703821317,0.1379250066756939,0.6788204935003944,0.12304290350248108,0.6502642770065621,0.1254554491611464,0.681641376591776,0.12933036661076813,0.696261557970388,0.1330777680500505,0.7057049876780984,0.10996361905916881,0.6510898908023839,0.11173196433070819,0.684813312740187,0.11751975447466789,0.6985515198306441,0.1228006615192182,0.7058253132842179,0.10168975710880887,0.6500724895321733,0.10339766448333677,0.6804200528129424,0.1094606790023824,0.6928594876394079,0.11477599323566995,0.6986062623184126,0.09797959919816734,0.6482971070569405,0.09881922870622183,0.6704635538578024,0.10390409032234116,0.6813549358503591,0.10885721455307769,0.6867749814742888,0.33517794717796806,0.6082484198748084,0.31763886946523784,0.6178537579059481,0.31318313852376595,0.638819591386403,0.3139842057376636,0.6612198937803327,0.3138058874336302,0.6793839366232681,0.3325391967850276,0.6522439595248163,0.3305340105045745,0.6824748107429933,0.32351921176595877,0.6946069325691587,0.31709983234430433,0.700320699955046,0.34446383243603784,0.652072073506572,0.34051069032234554,0.6841195123828933,0.3310590779887864,0.6944761438668549,0.3234799536407509,0.6982561261306365,0.3513469931937066,0.6501545762970832,0.34844843936716546,0.6784947891815436,0.3388900003998536,0.6883635922892831,0.3309322644364606,0.6923518117405267,0.35450508537535275,0.6472754450413766,0.3534723925719435,0.6699312842895397,0.34646522809400293,0.6786187283311907,0.3397825992183042,0.6817410456729545
0.24352199527111934,0.003334855380057343,0.25628531123802056,0.0030506651545407345,0.2629228018377083,0.003055573232431835,0.2682761057546868,0.0030675989305313017,0.2328051975181623,0.0030593553696179904,0.22526809691264488,0.0030768046589561113,0.21785366066819842,0.0030967093830340446,0.2781445428003139,0.003261929782498228,0.21085845253386928,0.003313652334683067,0.25811886870782275,0.0037206608236657174,0.2286291146775838,0.0037265057121392176,0.3291089517159668,0.005302453046214889,0.16564298469838382,0.005390530455756333,0.3555342374587181,0.007910929182655742,0.13178309694711476,0.007938155545536719,0.36111120581626716,0.010204213572484164,0.12891820264743575,0.010310627996514568,0.3712002817242744,0.010996756720988297,0.11936649511492642,0.011197826467653745,0.3592972289751316,0.01102378674214304,0.1328812962006818,0.011210763619406513,0.35277625167896726,0.010776146785179762,0.13846839739084987,0.010982364221084676,0.12521774926135534,0.010444693104881698,0.14537417970941743,0.010665454717000073,0.15082194731527654,0.011035924569048247,0.14848243325109545,0.011423988873037824,0.1477519844636222,0.011718377701964511,0.13144073564894945,0.011213678968355761,0.13418841733693845,0.011769779221469014,0.13941905689284606,0.01201131304379936,0.1434213259750205,0.012167382383447342,0.1177761969859566,0.011225056552652754,0.12000687586485242,0.011829163753624528,0.12727489981375187,0.012066809823669537,0.1332055753876805,0.012191704563733167,0.10964556927767966,0.011209068194642537,0.11109505671223337,0.011763368803686895,0.11861981238786988,0.011978677512887108,0.12532888217347396,0.012077633742909138,0.10634641174230001,0.011180243182066441,0.10809877097099538,0.011580034018918592,0.11409798588105467,0.011777850634423305,0.11978055690756761,0.011883248920230734,0.3596423732343683,0.010445477541257128,0.34125858908763246,0.010670489812169047,0.336629368826651,0.011047162573919007,0.3381775229348829,0.0114333267366528,0.33816933103921626,0.011734039444117344,0.35757735903299565,0.011263921978622533,0.3551876660399576,0.011790363464720325,0.34822475452565216,0.011985185636267591,0.34233381107286626,0.012084504772797827,0.3702907815029447,0.011255688653533812,0.3660009112335333,0.011811727491699522,0.35628092732157224,0.011986965739216813,0.34867813456317415,0.012046000392277236,0.37775982087077187,0.011214603914686932,0.37547331151130486,0.011707095962206865,0.36596694483686676,0.011873928736676415,0.3580513187108509,0.011940812406138665,0.38142585116913813,0.011159074566283969,0.3814291621792334,0.011546469819557136,0.37495385398783077,0.0116925061900475,0.3684011081206665,0.01174753584410455
0.3199640662938236,0.06876459258541479,0.3367211520080133,0.062873589382055,0.34536072701256987,0.06298684949867625,0.3525283988817551,0.06323478824821407,0.30574755090258726,0.06304288486464012,0.2959652239073493,0.06340482230032662,0.28629063786531483,0.06381936123326507,0.365627207410732,0.06725104301204364,0.276934828469081,0.06832311504834941,0.33925827041813533,0.07678524663338691,0.3004070290240513,0.07701828450291365,0.4331458719726839,0.1093358377431137,0.21771433722852415,0.11113435046051438,0.4673408956862208,0.16313558252290036,0.17249966337373124,0.16365286894645928,0.4737422053860935,0.21056881960903406,0.16926447063508732,0.21255668428800487,0.48752359215664365,0.2267292196433226,0.15598374254782835,0.23055673632155288,0.4719543771850863,0.22728142026272347,0.1744910981505903,0.23099151397790518,0.4633887181400668,0.2222303528564749,0.18198443173084275,0.22586304064845766,0.16600068705321128,0.21491312393659695,0.19134551279830242,0.2201647944999438,0.1986328009512462,0.22774491580433695,0.19584536257967647,0.2357438156225922,0.19431530221725812,0.24183125913662298,0.17367233819574807,0.2310514628031832,0.17692974324304475,0.2426253268885375,0.1828452149723254,0.2475518350235764,0.18745753332664997,0.2508071617461051,0.1558302731298097,0.2312975887002446,0.15850395784131513,0.24399975682001548,0.167399255801316,0.24880043956465486,0.17495879481842289,0.25116345919630945,0.1448514362296636,0.23103613508753612,0.14626332485880167,0.24252213817456295,0.15584790790188202,0.24693368110455768,0.1644738347184784,0.2490108839209108,0.1403743897094107,0.23047441939058713,0.14231555600566578,0.2388307101256198,0.1500124961617701,0.24273852945428648,0.15752147591213775,0.24476153853258828,0.4724397461457828,0.21479497199583303,0.4485843645061563,0.2196728304601823,0.4424053279759779,0.22755524731296936,0.4444433823364537,0.23562368776854709,0.44409406376625543,0.2419050777221173,0.47077487357899045,0.2322269777364827,0.46737916689369685,0.24311230318603588,0.45775876087479517,0.24706040812528937,0.4496537070679877,0.24902204879013057,0.48736502929115944,0.23196287678364994,0.48197366673994696,0.2435333070002923,0.46854651376330037,0.24705263875753336,0.45811618393598835,0.24807848305569075,0.4968573018065996,0.23102683102985297,0.49443338362486505,0.2413053208985999,0.48128324665292027,0.24473059534693278,0.4702689057036818,0.24604540257474225,0.501121652339225,0.22981331333723323,0.501345013611877,0.2379681184684595,0.4924114632047959,0.24101286654936363,0.48335810890999803,0.242097566206226
0.20421932833534426,0.1769338551409776,0.21498661978856493,0.16178575310177945,0.22046091259542724,0.16213756007716967,0.22508821538051949,0.16278674792609105,0.19512005100062657,0.16208314628055634,0.1888757433000231,0.1629892430498064,0.18273257928803918,0.16400422893851177,0.2335286627861567,0.173030618890514,0.17678267988377291,0.1754310277853486,0.2165955725113558,0.19779018840038795,0.1916553793989696,0.1983763856964229,0.2765536373985147,0.28046431079676953,0.13906381269580312,0.2848260528083389,0.2984695491459261,0.41829718938292676,0.11013094221952557,0.4192847591841481,0.30242717790311063,0.5401243395235621,0.10795093086479177,0.5451314424526311,0.3111184654909018,0.5813279134160854,0.09939255837781949,0.5902747622596958,0.3013334936198432,0.5825765020897088,0.11143079618723652,0.5916188396401758,0.2958957472233931,0.569899687160744,0.11623005882014052,0.5775230329947332,0.1059830085147453,0.5509444897559624,0.12219365414148914,0.5646773408733844,0.12681609206014618,0.584071195677911,0.12498419425141108,0.604641776521004,0.1240412369506274,0.620431966282338,0.11102287833488785,0.5929947629966023,0.11308376037410743,0.622645778430939,0.11678926682916617,0.635271108211774,0.11974292375382306,0.6437515882422578,0.09954493893559402,0.5936003287494145,0.1012429750315684,0.6261444551175724,0.10684438943451703,0.6386259611863276,0.11170528968550644,0.6449373709416808,0.09250607033412499,0.5928052622123766,0.09343746459030282,0.6223669907837043,0.09952707313299577,0.633798564065884,0.10504654569082833,0.6392885740583393,0.08967153074255266,0.5912891574966062,0.09091971048242665,0.6128526240070754,0.09581943380546053,0.6228442866550382,0.10057774648505836,0.6280266655042702,0.3018178953206054,0.5506528554321867,0.2865198794652179,0.56360565241236,0.28257425710253603,0.5837351640275452,0.2837869988067398,0.6046038763641589,0.2832670572196554,0.6209799927061218,0.3004122844288622,0.5957127456732092,0.2984187676090976,0.6238972711425546,0.2923878909453015,0.6341237671000082,0.2872876176973268,0.6390379900343153,0.311175573750582,0.5951832263390017,0.3077274858315514,0.6250240378834615,0.2991303561758977,0.6337375300470685,0.29247979618066605,0.6358939997505726,0.31731946869077415,0.59283080790251,0.31581552998137763,0.6191769296599525,0.3074434303544261,0.6277345881916482,0.3004757194113941,0.6308844357723578,0.32011096739506756,0.5897567114145076,0.32022453686322727,0.6106206000947956,0.31449969145252243,0.6185638330967541,0.3088110809090591,0.6214219479117221
0.008852552189010335,0.04606722522617814,0.009326557510807134,0.04215949649659889,0.009561363213411136,0.04226242808965124,0.009761067502357135,0.04242172015958747,0.008465618174309488,0.04221952559532536,0.008194384043238655,0.042406048902567155,0.007928702886753828,0.04261601699627178,0.010131826704109921,0.045061223514846996,0.007671004618727131,0.04544251497477371,0.009387861227057972,0.051456430712948156,0.008304293836783903,0.05152497216079377,0.011981518950776952,0.07257727580576034,0.0060338474174355125,0.07361084631855966,0.012943544368323363,0.1081991098430734,0.004776173292288424,0.10818090685483359,0.013115977254971607,0.139755856113387,0.004674619220123693,0.14092892342409688,0.013494526948834849,0.15034855584441603,0.004299400323030811,0.15240903475465467,0.01306878711079806,0.1506173843005483,0.00483271909886027,0.15276235615759917,0.012834311081935751,0.147415339822019,0.005042026045515772,0.1489441360687576,0.004604612949076393,0.14260250285091505,0.00530372667756424,0.14614059563788,0.005502185590151639,0.1511843774492833,0.005418138545645086,0.1565157766654919,0.005370134616919887,0.1605892079995292,0.004797621325133169,0.15348642491724052,0.004897765704058583,0.1611615384835144,0.005061229800964393,0.16444570659058258,0.005193775804798813,0.1666487649601412,0.004304294210128498,0.15364165347895525,0.0043791187097097384,0.16209220924893705,0.004614104848888452,0.16537249218356778,0.004820289774810329,0.1670954833608284,0.004004111188604234,0.15349544361260356,0.004042860593011196,0.16114448193960038,0.004301997413729361,0.16417612657650338,0.004540655203207895,0.16569191704927919,0.003890478265736408,0.15315979019054682,0.0039448052744284435,0.15877875585847953,0.004153499932707224,0.16136745262270022,0.004356405800876562,0.16270185012659222,0.013098439027905699,0.14237341779807755,0.012436445834746184,0.1457991335645725,0.012264304142570098,0.15095410773730913,0.012320211401263714,0.15636806368324635,0.012295581548820525,0.16062914247687826,0.013044634609293159,0.1541254529844473,0.012955308624998503,0.1612908701417361,0.01270455482514262,0.16403622215394364,0.012489733383170646,0.16551931348689325,0.013510663282513373,0.15399478380784545,0.013372892937854382,0.16163845932305154,0.0130134612010685,0.16406087070694858,0.01272669392486861,0.16482749802761806,0.013777442138160206,0.15336556420875952,0.013723530601581123,0.1600941223865631,0.01336973763775251,0.1624447154025832,0.01306575348838634,0.1634119959568101,0.013898644557333728,0.15255422555938342,0.013908491090413661,0.15791885892277024,0.013667260389777568,0.1600451309990401,0.013420711230103582,0.16087681266606418
0.1530863517754664,0.20266912205622373,0.16135397950520453,0.18553157338390192,0.16537867177889445,0.18597228290355733,0.16880067087995887,0.1866586392986936,0.14648289805903122,0.18576944237425935,0.14178851870552095,0.18652647120760346,0.13721226066204997,0.18739321578379475,0.1752793884929926,0.1982402459835235,0.13275478090809503,0.19961074851147684,0.1623202973186549,0.2263470467662276,0.14354480484135737,0.22647762011108744,0.2071086581867553,0.3187438315628805,0.10443122570023372,0.3228078324958787,0.22373554878366542,0.47523851738673795,0.08259791674526598,0.47429101430188203,0.22689921995456855,0.6136792769829135,0.08085287125828587,0.6187158772703925,0.23352054711265996,0.6600604846541455,0.07425622132930895,0.6687634904591945,0.2259862884733965,0.6610263413096523,0.0836150649708384,0.6702702738448321,0.2219294852028136,0.6471066128271077,0.08725680120759187,0.6531029705652125,0.07980980384239628,0.6267906090166946,0.09164376816427766,0.6425111697073488,0.09493051949031199,0.6644258926246784,0.09349165343867252,0.6876462370785901,0.0925288905141719,0.7056269168916925,0.08281583593774527,0.6740860819039817,0.08393380801370778,0.7076363530979325,0.0869171968164047,0.7223925119892899,0.08936254642676732,0.7321253321670839,0.07424111530120221,0.6749817137693453,0.0749286938221165,0.7119864291222509,0.07920649868888828,0.7267340267443717,0.08308862641611482,0.7343703431673498,0.06908484787649269,0.6745684786496583,0.06943563891822302,0.7082778327745868,0.07397962396986157,0.7218674208094465,0.07826474110820722,0.7287605854890848,0.06725615000270764,0.6733065027993804,0.06813922041670177,0.6979687776255623,0.07174712671026,0.7094540840204828,0.07535879938616119,0.7155972703237954,0.2265185678456603,0.6252688853768991,0.21500565949439535,0.6404501980176651,0.2120904165629074,0.6634029608409276,0.21305461044270677,0.6872944976117854,0.2125395925312167,0.7060694729596146,0.22577969092724323,0.6772978448558838,0.22403019957914624,0.7088195988448387,0.21952994416144908,0.720531471116484,0.2157547240945621,0.7266098603624374,0.23389803132052944,0.6769041943390256,0.23103104488156953,0.710699273068336,0.22454311155642304,0.720933794814595,0.2195508415086423,0.7237646652194817,0.23848644798418048,0.6742061634973261,0.23703221941244676,0.7045141197589617,0.23062009971897804,0.7145376313987427,0.22533301688077703,0.718309681859572,0.24059733204282507,0.6705684634119021,0.24046822207605756,0.6946576927593142,0.23604534624111984,0.7037918396066367,0.23170744575165952,0.7070399739637924
0.4584493034480325,0.11441838239309628,0.4831593996484816,0.10479113526472875,0.4951508071413636,0.10503153167573077,0.5054312278987494,0.1054063034759916,0.4386530990537996,0.10493778544282015,0.42458695640882665,0.10534624778889291,0.41091364372620304,0.10583405815898198,0.5248995304527118,0.1119741285581875,0.39748241671917606,0.1126832403462329,0.48611337315609626,0.1277853195753629,0.42988246601517355,0.12783276893592418,0.6201230226557137,0.17999346183882248,0.3127475788439963,0.18216553900559734,0.6693059268927337,0.26851361854609757,0.2473544754608103,0.2676036580589803,0.6794834976236135,0.346258326221967,0.2420130391130677,0.3488758637639197,0.6993249279991034,0.37235425889241935,0.22223153720559036,0.3770873227412133,0.6764189657279674,0.37280429764542544,0.2503312506252447,0.37792257673218155,0.6643752168431895,0.36501297213242667,0.26130413020888626,0.36817890461314384,0.23956447537931058,0.35370475779691163,0.2743893164689765,0.3627234043180734,0.2840029370021069,0.3751362707109741,0.2798175123123488,0.388151777926149,0.277578152432297,0.398287864387596,0.24777180507569996,0.3805344307706233,0.2515441047114004,0.3994329324699482,0.26006259886167127,0.40763388071098655,0.2669984531910741,0.4130175794117025,0.2222783938017855,0.38101064521479916,0.2249491254518133,0.40189733116730125,0.23736516663641496,0.4100735245930476,0.2482775921819399,0.4142082102472005,0.20687530862148662,0.3807283961154431,0.20795651413466834,0.3996572729835319,0.22134631543657485,0.4072438029200206,0.23361343161555312,0.41101439702426035,0.20126844589506712,0.379952661036242,0.20341134344679998,0.3938606046027089,0.2138884487084906,0.40045154259918253,0.224452946845167,0.4039832085308272,0.6780875295227613,0.35246117565370355,0.6439641762842148,0.3612349263235838,0.6354800732853647,0.3740904744899459,0.6383925402309198,0.3876123187179045,0.6367799833425933,0.3982605204207046,0.6762995669812636,0.38214807214243113,0.6710699557802646,0.3998400923464664,0.6580393749063643,0.40656999200378197,0.6470629376174034,0.4101807533592869,0.7005763238928858,0.3817487428707502,0.6924891206556519,0.4007700082459109,0.6736010474965064,0.4066739369679927,0.6587825579857345,0.40849079516533526,0.7144266324151491,0.38003365096127256,0.7107386396145929,0.39703462028841935,0.691981285173622,0.4028455921530782,0.6761066423246258,0.4051731131408766,0.7207836588700124,0.3778532695643679,0.7206067977919379,0.39143134890206505,0.7076830019822454,0.3966765595672316,0.6947951605581292,0.39866638572142304
0.21329941242986708,0.006806935623098982,0.2247999974753694,0.006235128043006081,0.23037093586899632,0.00625004423977486,0.23516473991904668,0.0062727101714179665,0.2040641670986192,0.006243364777944927,0.19750458640855534,0.006267503450381021,0.1911539804917908,0.006296601821641973,0.24423572987459397,0.00666968097135705,0.18487019032107396,0.006705542867139882,0.2261750625193127,0.007602595107486319,0.19999495272699147,0.007605046544648116,0.28849047713126125,0.010718797219455026,0.14549029631991994,0.010843738800134664,0.3110379572709684,0.015994028880712854,0.11510232446672485,0.015920359906632982,0.3161169070480519,0.020597110285132048,0.1125413677138851,0.0207411214170362,0.32536564594963524,0.022151869966517516,0.10331925227867925,0.022423677053635672,0.31457939245938227,0.022175959798059964,0.11637309023141161,0.02247522298139026,0.3090255592980394,0.021712919948866562,0.12154487727726222,0.021894482214000092,0.11126013063764617,0.02103827692795612,0.12745098542400787,0.021571315170222382,0.13206490864423315,0.022310090041480546,0.13027961899730334,0.02308711672494231,0.12927905069214052,0.023693512110967475,0.11511443858284384,0.022637808680846794,0.11703945440140719,0.023766824170824555,0.12105148412551663,0.0242542713173691,0.1242716318864264,0.024574487244073108,0.10331273749262974,0.02266920398298099,0.10454271530423466,0.02391124669333287,0.11037225120147447,0.024398366981589176,0.11542087806678182,0.024647239512149182,0.09625306702762407,0.022652145361627515,0.09663215985704389,0.023779094506104912,0.10292274070465353,0.02422777701106259,0.10864560089923665,0.024448385692169405,0.0937474953615748,0.02260420426752311,0.09463481047556706,0.02343085517742412,0.09956574481522545,0.02382506130100851,0.10452055625332132,0.02403713597519881,0.31583615049352565,0.020962519066424972,0.2997544732381495,0.021478861237048272,0.29563963655343595,0.022256836560944293,0.29693200958734944,0.0230682378410526,0.296084623402677,0.02370249883539816,0.3148918513799011,0.022741961886544794,0.31229293455512325,0.023792401771127267,0.3059938951450682,0.02418972807641721,0.3006593701231551,0.024396852913886182,0.32616379815927327,0.022722882003592775,0.32209847134043734,0.02384823442654716,0.31306720966632384,0.024195023556385878,0.30596643146566793,0.024296539353827046,0.33252024794571844,0.022627600934074985,0.3304083035403332,0.02363785979115489,0.3214368600172421,0.023982458594763216,0.31386852208016686,0.02411681050070111,0.3353252050684625,0.022504933272693706,0.33482428762099076,0.023313270725973743,0.32856898945009005,0.02362628637785693,0.32237850054637673,0.023742989814725786
0.45749647930094134,0.12451892476256651,0.48216211187070984,0.11408938503599529,0.49410506815045346,0.11436672492078899,0.5043803392802144,0.11478210763202146,0.4376557173557532,0.11424921369900443,0.4235835008326572,0.1146791832992339,0.4099370825584656,0.11520757574236024,0.5238678519611021,0.12208744156184416,0.39641136405954935,0.12270176607248352,0.4851105004530215,0.13907599568437187,0.42894862870854816,0.13911368277626227,0.6188180369790542,0.1960760512911631,0.3120255701144515,0.19841256508207272,0.6661404726516836,0.29258065815047934,0.24696131657178147,0.29122677493143945,0.6780298443643783,0.3767487601516957,0.24122755269848165,0.379197776827355,0.6979298398520573,0.4052154262451856,0.2214428635595252,0.41005133216350864,0.6746633239998334,0.40562760465159126,0.24941673789719623,0.411014238649903,0.6627526475797578,0.3971422274825541,0.26064932206517877,0.4003916159332864,0.23917366592745412,0.3849383791261573,0.2735777824605873,0.3946627999782438,0.2833364413362445,0.407987381867356,0.27943899797980976,0.42209907159949683,0.27741553497651933,0.4331673418152943,0.2470471271987323,0.41423902353756853,0.2508476233766308,0.4347435505274101,0.2593909724356698,0.44362107275471335,0.26635683165261526,0.44952936414257444,0.22185002018947128,0.414782982201462,0.22432901926238524,0.4374436541239203,0.23681825836724413,0.44632663999162525,0.2476570820470428,0.4509307707243538,0.20665563469484083,0.41441712446965695,0.2073760942627482,0.4349216170969803,0.22080654682581918,0.4431135039976464,0.23308129971312555,0.44718195743337963,0.201194944984391,0.41350273785903124,0.20290439220281914,0.4286425197746862,0.21353116410448192,0.4357865560438446,0.22434654453619668,0.4395766387192367,0.6770575749911772,0.38355518467905036,0.6428344677711325,0.39305157586003153,0.6339292076854488,0.4070345435988088,0.6366412000954583,0.4217837954945554,0.6349733535461773,0.43342478580202143,0.6749216704767099,0.4157936525882235,0.669788634791832,0.4350348759571314,0.656932535081846,0.4423545734195825,0.6459408662665193,0.44607617159610286,0.6993355739408338,0.4155617743150742,0.6908803488986885,0.4360275060218118,0.6722414737284734,0.44224083348417587,0.6575718915023374,0.4440131490879429,0.7130878163549704,0.413935705588978,0.7085261879859829,0.4320788746872154,0.6900970243040777,0.4382003511382979,0.6745520122837448,0.4406451068616942,0.7190678755575374,0.41181172397344307,0.7175142997114813,0.426218690824904,0.7046317843163336,0.431865002373629,0.6920039570139666,0.43411588476906027
0.30954046921626227,0.044763462845567405,0.3262261086819336,0.04101964096620439,0.3343017250697402,0.041121220305870745,0.341259495599295,0.04127344725500226,0.29609082770255507,0.04107546451429538,0.2865553393506602,0.04122897309500788,0.27729018485093593,0.041417820736397805,0.35444471846327935,0.04392414548520128,0.2681240599404973,0.04411413269780417,0.3282251558992839,0.04999770798765992,0.29019912225905614,0.05000969664741259,0.4186958294562461,0.07051757460939566,0.21110520307128083,0.07137899779833201,0.45028574062031307,0.10519145305495485,0.1671152803170694,0.10470653307701461,0.4587505955298002,0.13545569738242955,0.16315979354061497,0.1362862193530544,0.47223867675910586,0.14568453800231598,0.14983715597361524,0.1473691639646557,0.4564654345202111,0.14582045889181483,0.16875300876829236,0.14774120153886602,0.44840022888871245,0.1427675074647831,0.1763670755595734,0.14393282248704814,0.1618188444466595,0.13825980845700608,0.1850734345345322,0.14179215803723882,0.1916407471006712,0.1466618268627105,0.18930267688026545,0.15174404270487918,0.18783799995172737,0.1556772248782645,0.16695455061609868,0.14893917809269838,0.1696875925544034,0.15628440324422346,0.17581319420299524,0.15943444984452257,0.18083632951969927,0.16146889019828534,0.1501401963451658,0.14910170750677965,0.1519128551143761,0.15717181112743053,0.16052731004392082,0.16034991156214315,0.16796630504337337,0.1619752798214086,0.14014363161294116,0.14891550960008004,0.14079222901117394,0.1561996117341335,0.1499192134820318,0.15917602350549542,0.15822696971481987,0.16066009728742858,0.1367090193634068,0.14853074835812602,0.1377477744147773,0.15386795638433856,0.14490694393720857,0.15648048361130654,0.15224185867451626,0.15787386111307058,0.4576153862772866,0.13788458378932208,0.43456320531686216,0.14145741439790052,0.42893961324953805,0.1464533563609217,0.4309850356540782,0.15164805930840494,0.429937662607757,0.15578106483074358,0.45674146516735437,0.14951795673813043,0.4532155312923392,0.15632561310402243,0.44440854107327815,0.15893946211006668,0.4370633520843344,0.16034773742085878,0.4731957019132723,0.14934086304805905,0.4675699621724441,0.15672171446926647,0.45484455984580835,0.15896678711302692,0.44500319182518805,0.15963972089976222,0.4824775827854563,0.14866637277381334,0.4797210256423442,0.15527605875207395,0.4671534227163897,0.15747438735822072,0.4567162755052387,0.1583300354843705,0.4866418853086255,0.14781485057487367,0.48618403043855185,0.15310021274329955,0.4775165297935186,0.15512885950466254,0.4690151644344621,0.1559114886016541
0.1778119922582034,0.10761743801135057,0.18739687458838494,0.09863034225485334,0.19203363690260172,0.09888349726751741,0.19603250277292852,0.09926863114944023,0.17008358806614035,0.0987537903117371,0.16460401662849838,0.09912053357377053,0.1592688741798405,0.09957381743549344,0.2036083019611396,0.10567971855083594,0.15398787953297416,0.10605750954899994,0.18854582423783026,0.12020229437484249,0.16668956955658648,0.12022671373245906,0.24048507739936922,0.1696888167806008,0.1212444978209609,0.17162282396418985,0.2583070960590097,0.25303461609880756,0.09596960248820169,0.2517760651263845,0.26349424427434853,0.3256982494689671,0.09359250457981672,0.3275398952026473,0.27126231573036164,0.3503165554305307,0.08602833164292678,0.3542364525800209,0.26217445564415903,0.3505829484227114,0.09691427722909259,0.3551118371772917,0.2575418127031622,0.3432297593831381,0.10130366804487569,0.3459774976688177,0.09288062670216016,0.33211009417485565,0.10627577243182125,0.34074933473431684,0.11008593127868103,0.3524129227577376,0.10881795892686168,0.3646773056787967,0.1078043944647882,0.37416627157741905,0.09606455717749901,0.357830352419013,0.0977694235616535,0.37543806795391266,0.10113400005347323,0.38311621486644487,0.10392180156293482,0.38831818397495876,0.08628705755587016,0.35821399396561177,0.08744360818077455,0.37755819385344336,0.09232877706436102,0.3852303120282484,0.09658149669554879,0.38934497007436303,0.08042825808334071,0.3577593142877648,0.08095703818558221,0.37516861604554524,0.08620609723473231,0.38225633273761533,0.09099314871227267,0.3858774361419182,0.07837534648315243,0.35685449875902786,0.07906165601763826,0.36969968967875794,0.08325867524063052,0.37584282493166415,0.08748984134924766,0.3790672195745902,0.2628258393760025,0.3316144903561809,0.24941083910384249,0.34013532413082337,0.246252659938759,0.35238506583168794,0.24727474543934572,0.36491694057889773,0.2465561343729744,0.37486471420730827,0.2621174117347992,0.35943170989185325,0.26049640700698184,0.3762112906901911,0.2553582521492787,0.38242772113871626,0.2509773510062229,0.3854529001527071,0.2716890158822668,0.3590564432419987,0.26838866606478684,0.37707268742800626,0.2608538515035352,0.38219966854262305,0.255072760765668,0.3833581959255629,0.27709697923061155,0.3575874507152174,0.27528248942460254,0.3736610158387378,0.2679126379868626,0.37866724400951884,0.2619166288837459,0.3803807122455121,0.279565884794438,0.3556829338595253,0.2790283170445028,0.3683682592857316,0.27392171616745364,0.37305606319094275,0.26905253337943374,0.37471830200536277
0.4225204382518081,0.06252096050570291,0.44529957486283456,0.057306469398739665,0.45630917619848366,0.05745837508408314,0.4658210209795865,0.05769325134592918,0.40414866011167866,0.05737204444940344,0.3911292884067893,0.057584344916000244,0.3784323942269972,0.057847343872730696,0.48382535361923923,0.06143735684011345,0.3658437958508952,0.06161525876503797,0.44802796329166156,0.06983333132499889,0.3960798649891078,0.06984453726998505,0.5713236426057099,0.09868838517983529,0.28802934794030777,0.09973014986683904,0.6131343692298651,0.14710643531573564,0.2280430625514636,0.1463377023137294,0.6260206009457717,0.18923095414705685,0.22213851894228204,0.19027946483019545,0.644425074033746,0.2035558785277629,0.2043156606540987,0.20579560100409475,0.6228255890287802,0.20367775504105343,0.23023747490579802,0.20629677158139695,0.611880532886521,0.1993991199324142,0.24069558501632324,0.20100366632766017,0.22101931323903828,0.19298053752812813,0.2528652607400223,0.19795599435516734,0.26176221193513477,0.20469864337173194,0.25842822164561674,0.21180033121071665,0.256215101619757,0.21730257959782087,0.22802631757057643,0.2078500932643044,0.23238624849175002,0.21799017086115138,0.2402469984066811,0.2224560375556101,0.24658087438190307,0.22556024822205156,0.204889822198302,0.20807823215660912,0.20814326763910163,0.21921707949834207,0.219376839305163,0.2237448161215465,0.22921322367874236,0.22625342951798488,0.19106325049116532,0.20783265029220124,0.19292530975674874,0.21787564420554234,0.20506717241501282,0.22200062243035298,0.21616364144453729,0.22415501064355697,0.1862654532263033,0.2073515279182461,0.18820507603837003,0.21473804862216753,0.19797656739996528,0.21826140821469614,0.20781861624779133,0.2201314466522007,0.6239878497051359,0.1925844906194951,0.592502167735079,0.19767832156285453,0.5851091344524653,0.20473768733401626,0.5878184425469877,0.21194284253571377,0.5864690057786379,0.21767714628858206,0.6227054425487054,0.2088022103914189,0.6185887610457311,0.21846842920605697,0.6064575441208648,0.22209984550905254,0.5962448448726594,0.22394377987455702,0.6452346466556889,0.20851970670673337,0.6378193529830531,0.21896678751387075,0.620393243911899,0.22205843786014298,0.607028761629111,0.22289361288546203,0.6581821441325268,0.20759183030741798,0.6545214528064119,0.2169458527024649,0.6374217466416312,0.21997523629668933,0.6233430934084238,0.22110813231766824,0.6642113807076917,0.2063994625506927,0.6636308714741461,0.21386084483320525,0.651708743212702,0.21665839735309722,0.6401773146091684,0.2176845306526376
0.2769932988816064,0.1734859134747753,0.29193302481624656,0.15904041849812173,0.2991392497766549,0.1594705610187304,0.3053852245602853,0.16014429018836737,0.26494445400428457,0.1592025103803834,0.25640349139610785,0.15978901178379995,0.2480803514051201,0.16051709074575402,0.317178721524321,0.17055341842637625,0.23980770117884645,0.17097529058660368,0.293710329682265,0.1937758961931864,0.2596521005799358,0.19379449552753142,0.3742363251285542,0.2740366797099003,0.18877082285953534,0.2768007514424028,0.40160438352691546,0.4084344403802646,0.14956418502335503,0.4060785725712958,0.41035347797486027,0.5251632403580976,0.14560225318624265,0.5277974039985918,0.4224085444941565,0.564975965300162,0.13402320742607474,0.5708950059721867,0.4082857429525898,0.5652844700891436,0.15108106042557418,0.5722632180088573,0.4011223854311258,0.5533864974522612,0.15794260316319422,0.5576250870693444,0.14492122769535434,0.5358246564781263,0.16620176773618298,0.5498393147505212,0.17203260264471765,0.5688323709119008,0.16975341323042056,0.5888959540109615,0.16804202193788526,0.6042072037172467,0.1496652622749084,0.5771291102718166,0.15239162813436333,0.6051973011010033,0.15759818153273994,0.6174514138876738,0.16184067359145377,0.6258503179309673,0.13404358248919,0.5776732066291685,0.1362692527528902,0.608589273913563,0.14378527313737147,0.620880345995251,0.15037666305972952,0.6275717018838882,0.12477473663106614,0.5767636824235397,0.1259102514394854,0.6047922329725779,0.13410681684773915,0.6158455995437848,0.141623610865712,0.6211770735995509,0.1215933032648392,0.5751864971708691,0.12315361615173333,0.5954752351461837,0.13008154478644193,0.6050844603518367,0.13684856579841098,0.6099493472453721,0.4091234170102587,0.5347527890478797,0.3887210242739746,0.5483912955314745,0.3837926369051307,0.5679750301668539,0.38526234509489443,0.5881775457453722,0.3842397156281633,0.6040832560296809,0.4080322191856417,0.5795554018152037,0.4056371801918572,0.6064923605433902,0.3977351085515638,0.6164683540898854,0.39106713705704915,0.6216236012480348,0.4228255573766529,0.5788535103330096,0.4179791262968545,0.6078831215800002,0.40634263621405875,0.6161916859993323,0.3973527544494905,0.6182941528387046,0.43138982671170245,0.5763520075817562,0.4291406542768789,0.6024905114883047,0.41764716423737,0.6106867617805495,0.40808766020470194,0.6135684377982993,0.4354636992432922,0.5730270115227325,0.4348861289090051,0.5937800386730229,0.4267104027439615,0.6012946006210236,0.418940614287219,0.6037545959774837
0.17985544404271647,0.1207145609336255,0.18955214428869135,0.11069397574914598,0.19421976740474536,0.11099597675436683,0.198285538181754,0.11148996720542435,0.17202663687998687,0.11078073276487165,0.16647343979812307,0.11118265420634237,0.16106617995940997,0.11168433788988842,0.20592388989296653,0.11869605322245126,0.15568630780707904,0.11894078793648583,0.1906948769977938,0.1348063897642201,0.16857965862487462,0.13481102735133713,0.24282658724411352,0.19068169622572748,0.12252449348143271,0.19265126365490215,0.2606279912263304,0.2842955801650993,0.09740315400898389,0.2825157458332717,0.2664074909631227,0.3653557072769492,0.09452722487653427,0.36683670448704697,0.2742029570543608,0.3931672089795103,0.08714779254559608,0.39703493998307426,0.2650767243392528,0.39341219347382045,0.0981110252451982,0.398000523920477,0.2604303134621496,0.3851019704005145,0.10256021305716091,0.38784555694772377,0.09417758246331946,0.3728594064923556,0.10783260704563534,0.3828640723472701,0.11164118735616248,0.39604304585664146,0.11031667020049794,0.4097802949340011,0.1097662305761978,0.42034583407177006,0.09697938507780035,0.40148186148970355,0.09914808801220913,0.42104158870344943,0.10268459968067961,0.4294560201077364,0.10550538333649485,0.43513512436592733,0.08698650656623545,0.40195021615847515,0.0888125884865637,0.42333044193291663,0.09393446651829536,0.4317982930121456,0.09828682458346212,0.43623042752645924,0.08100837208239846,0.40157594539351354,0.0824069998944373,0.42084133153049036,0.08802752944465571,0.42846562466295723,0.09290296588373115,0.43217179778426207,0.0788499844715672,0.400822707994409,0.08043527152685624,0.4148083052737902,0.08494961348153854,0.4215068460968036,0.0891888149320429,0.4250768057078136,0.26567878816622387,0.37209677735488844,0.25243112105205484,0.3817552144437822,0.2492202479172287,0.39533197136805853,0.25016134803793916,0.4093532039667589,0.2494850519490365,0.4204357549709867,0.2652784203740225,0.40336360617397665,0.26335954812627976,0.4218894761749887,0.2581799550396161,0.428821977856149,0.2538009917933924,0.43234421278250074,0.27478805954968827,0.4029050095879719,0.2713444651013877,0.422676816907722,0.26380009862437004,0.4284191322276586,0.2579913289586566,0.4298571006222793,0.28015962022653795,0.40116760459895984,0.2785218577296769,0.4188852855402349,0.27116347373454713,0.42467922211712916,0.2649973740695185,0.42681151306984916,0.2826011425851398,0.39898688957680983,0.28225787653288575,0.41306503877431067,0.27706284482764376,0.4184009782378616,0.27199665156675706,0.4203061356599678
0.3518828341747473,0.05641650441990702,0.37085930261101824,0.05174119144135642,0.3799886236580718,0.05188235672101842,0.38794289095456225,0.052119324676418194,0.3365698744869966,0.05177406075072703,0.32570325480020995,0.05195995443717462,0.3151186885640435,0.0521927008962833,0.4028653039550572,0.05548061620068265,0.3045753141726791,0.055581418528709854,0.3730863104252676,0.06299796498735383,0.32980926037275016,0.06299653318031684,0.47497544540559894,0.08914738761997344,0.2396356570711257,0.0900703039787052,0.5098276770224117,0.1330824954914682,0.19087585041023422,0.13207850305926758,0.5212423075505414,0.17076901069615347,0.18501229164443952,0.1714277975643628,0.5364708767134567,0.1837695695819898,0.17082891123468796,0.18554538382272115,0.5186273391769117,0.18388377175630874,0.19196740326395115,0.18600213026751697,0.5095762640148612,0.17999991735290738,0.20066980632130704,0.18125883369016987,0.18501338816265875,0.17419079606773022,0.21156197695150422,0.17879825773400404,0.2190655959489109,0.1849085720799054,0.21648023356720072,0.1914382191302016,0.21560924638773468,0.19648273989451281,0.19016582382974312,0.18756129031518565,0.1943965842110004,0.1967340064663824,0.20145406511633826,0.2006665734352809,0.20716829051408656,0.20335108712465402,0.17066904715393227,0.18775361935173965,0.17413396197063233,0.19775754617726174,0.18411546387524086,0.20179328106842248,0.1927120839579748,0.20396190845712459,0.15922671402399968,0.18749892889347727,0.161612499745297,0.1964999527051965,0.17255128274432333,0.20006372042023352,0.18213978631245004,0.20178705582043563,0.1551269358473838,0.18708888737170287,0.1577451730866481,0.19362079107439428,0.16657024136139761,0.19677833023204883,0.17488393905454513,0.1984440353990126,0.5199617811607014,0.17395524824702746,0.4940293321659527,0.17838354727623948,0.48754377861255094,0.18464398347734395,0.48946272687426345,0.19122903523472318,0.48823950907814595,0.19646462442287105,0.5186799306733891,0.18844082447700897,0.5152206846489923,0.19711755955797275,0.5051903980281393,0.2003824998065206,0.4967053331574455,0.20204915432380233,0.5373924485541688,0.18825380246436377,0.5308707719666013,0.19753759260276607,0.516108078223701,0.2001841945318992,0.5047282880103109,0.2008194499627182,0.5480156411962845,0.18745217728109598,0.5447427205130662,0.19575379448149158,0.5303254506982489,0.1984311024463199,0.5182793084319302,0.199393183396449,0.5528764857731436,0.1864282173659775,0.5522110854152732,0.1930345439083518,0.5419722534425349,0.19552073675998358,0.5320945276773168,0.19639659802549467
0.4675080733950349,0.0659136998410104,0.4927317221443637,0.06045754026666448,0.50485985290725,0.0606217948862502,0.5154256280143609,0.0609040157573365,0.44717856503753345,0.060489620323807544,0.4327399148866733,0.060704894869920735,0.41866065381744455,0.060975507287345465,0.5352333157403333,0.06482666860463536,0.40463340163168277,0.06493048563285932,0.4956883666940134,0.07359723259797198,0.4381617585215846,0.07359148745880666,0.6309370283283658,0.10421058843760553,0.3182364203449721,0.10526089441729086,0.6773170222247321,0.15568583542474815,0.2539011840968161,0.15434821794433634,0.6925695344331007,0.199560808720776,0.2459281562881205,0.2002737695827002,0.7127840019992124,0.2147464296496678,0.22735749380786469,0.21676855500847936,0.6890886777229254,0.21487913145589463,0.25507028442126056,0.21731196154174603,0.6771095914453233,0.2103377989347303,0.26662472311334606,0.2117879193301896,0.24567407694885787,0.20333696506456422,0.28101359097670175,0.20879106566102892,0.2910438560104408,0.21593445534193956,0.2879154062167804,0.22349427670823524,0.28645583133018204,0.2293722813071639,0.2532166845158382,0.21915653301103694,0.2586091425818139,0.229958212778746,0.26792651206384493,0.23453176171320447,0.2751203412410639,0.23761448339590252,0.2270163573153569,0.21929948879982464,0.2309771141775226,0.231080096647336,0.2445160546265472,0.2356816258639952,0.2559404161322873,0.2381024566085519,0.2115269188032878,0.21888063906536054,0.21392867364804122,0.2294699304921542,0.22870535405259748,0.23352816226046758,0.24140126678589055,0.2354244945247068,0.20586828630887102,0.2182377107226288,0.20891660613672483,0.2259070351686483,0.22090844723564224,0.22950076516311743,0.2319517309657469,0.2313090477154021,0.6909746319918999,0.20320395418439496,0.6565613543955668,0.20834238120070947,0.6478649302986493,0.2156818873885072,0.6504659792264552,0.22338684624200777,0.6489497498425919,0.22951296449343367,0.6892866523417038,0.22016629576180244,0.6846307577178511,0.23028664929463688,0.6713187926127939,0.23408082283118722,0.660075032779558,0.2360303521751661,0.7141180903355854,0.2199404172523406,0.7054143542074827,0.23077089543915685,0.6858524167025433,0.23386770725746608,0.6707585150954456,0.23463428335799322,0.7281857236258994,0.21899194204627856,0.7238837203158698,0.2286808828979298,0.7047727647042489,0.2317990571799075,0.6887764045114114,0.23293092231875623,0.7346531877202799,0.21779368055226606,0.7337336860543342,0.22549933027693211,0.7201797641880319,0.2283948076929731,0.7070687424963698,0.22943504149829896
0.3627023832574708,0.07922971308075008,0.38228429381470114,0.07267465569302362,0.39169174253496714,0.07287307012724337,0.3998931780830871,0.07321562007936341,0.34693393378236376,0.07271080703567946,0.33572106960864806,0.0729690512044351,0.3247766514948779,0.07329432041047379,0.415258094714766,0.07793019332666593,0.31389657768577567,0.07804778216571406,0.3845767169569454,0.08846470113266156,0.33989440665927234,0.08845282915629898,0.489492099815683,0.12532657037382156,0.246782482102479,0.1266079789444534,0.5254934314129459,0.18730261400221973,0.19727430630021367,0.18568570873371731,0.53738123897739,0.23999382148283338,0.1910097900115039,0.24084165433136046,0.553007968895149,0.25825142415583907,0.17702976883748728,0.26062586313558345,0.5346531854847486,0.25841991552768523,0.19791111657302807,0.2612882462070046,0.5254440801630282,0.2529457816463472,0.20686034938815936,0.2547642646598443,0.19128139250402845,0.2445258241668096,0.21850519695300857,0.25103697764194993,0.22648374144110703,0.25967888043568593,0.22366312769581106,0.26872433208448177,0.22254816054177165,0.2757201768872714,0.1965343361329084,0.26319945410905465,0.20113411149040578,0.2761119029366024,0.20825240013724228,0.281668927579732,0.21385238073183563,0.2854264818544366,0.176284648139994,0.2634182743563044,0.17962854722149593,0.27759882290293353,0.18989770203583045,0.28327313589790465,0.19849526987261565,0.2863564187346142,0.16436195986282723,0.26310360415355305,0.16719498606596767,0.2756776278988169,0.17870083329748132,0.2804927004582176,0.1881871075232338,0.2828445646536407,0.16014620291761078,0.26252157682458044,0.16370805580141776,0.2716687351977047,0.17332002215828088,0.2758236974616469,0.18183408315882893,0.27790643438803164,0.5361129075890558,0.24420660841213296,0.5093654258780453,0.2503772388579469,0.5027682258609577,0.2592124150229679,0.5047888119109588,0.268415343821637,0.5036612403538505,0.27576556684567927,0.5350923561581735,0.26461261812467485,0.5313865336924437,0.276767708069901,0.5209307654654991,0.2813031636250512,0.5121069155363946,0.2835922860917362,0.5543633581063718,0.2643342686300958,0.5473865757444116,0.2773882196149334,0.5319293121325497,0.2809704423362888,0.5202202268992683,0.28172017430696666,0.5651849312765266,0.2631432466112092,0.5617300025463334,0.27482994802559496,0.5467360947061707,0.2784156236181245,0.5345122976900397,0.2796093554852742,0.5701592130940736,0.26158899565698474,0.5694729449351057,0.2708368117809161,0.5589794701351902,0.2742135886674174,0.5491116941123212,0.27535080708611137
0.4023077537072901,0.022356406819810434,0.42411379329524534,0.020508615493306914,0.4345632580664117,0.020564380335406883,0.4436685265867506,0.020662388467380242,0.38485752707943427,0.020518063007396822,0.37241623453749345,0.02059057102098392,0.36025119694605984,0.020682077339540535,0.4607080739065977,0.02199114147778276,0.34823970268429133,0.02202114878024455,0.4266409996107885,0.024959643199799104,0.3769973342970599,0.024955741803460132,0.5429958461535103,0.03539211728167336,0.27360799033255606,0.03572193402172263,0.5829342432227022,0.05288424588187257,0.21908470427805346,0.05239320328300129,0.5962550084841676,0.06772586045407337,0.2119428690153748,0.06792468831301113,0.6135454686515673,0.07289778327428709,0.1969687030863151,0.07349186219748959,0.5932979565642635,0.0729447480090385,0.21965914894044852,0.07369267543710083,0.583159601008452,0.07139657035665542,0.22951164273548255,0.07187853076381227,0.21167979385137148,0.06888146915583446,0.24168709164839142,0.07072688049184118,0.250293705194256,0.07317690190070979,0.24699565883394434,0.07570194850223366,0.24602335971863046,0.07766101363312983,0.21889798669223318,0.07425772587517668,0.22350083191642628,0.07790758311490861,0.23044504136782995,0.07944662924934935,0.23619310829220258,0.08048323226049246,0.19625517263384884,0.07426822003016512,0.19920956256814842,0.0782327231119739,0.2088243233021336,0.07983650992055011,0.21715155850104842,0.08075452034823402,0.18279627989712985,0.07408954193532971,0.18652109578954829,0.07751288697070789,0.19871175942906752,0.07884388124159118,0.20885435049975187,0.07948353759938506,0.17760011949036786,0.07382906245727953,0.18297251517519214,0.07631684925939383,0.19406381425321131,0.07737816471072123,0.20351824063647816,0.07782118206094098,0.5951788091129498,0.06887722710023396,0.5655205508683866,0.07066905782117049,0.5583456833221183,0.07318103913807597,0.5604226946322355,0.07577686271087614,0.5590662414165803,0.07782669426691022,0.5946747118567953,0.07466490155503934,0.5907046383573528,0.07807542793693868,0.5792953443945484,0.07935443236360196,0.5696497756138343,0.08003038049358262,0.6159301818354657,0.07456660054858774,0.6084336991039903,0.07822516386754627,0.5916068266873687,0.07926901783419257,0.5787200715588543,0.07954312984848214,0.627822655763097,0.07422552817990664,0.6240207251054791,0.07751941653012784,0.6076105894929974,0.07856249977446299,0.5940561847127904,0.0789343147146907,0.6330402421962131,0.07380185287680717,0.6319889353481588,0.07642331992234347,0.6203305268569658,0.07738327614108868,0.6093614898199976,0.07771441544062385
0.4269643569275731,0.09054512126878184,0.4501802101300388,0.08306403403250516,0.4612948504654369,0.08328998769928189,0.4709678630704762,0.08368746213087569,0.4084732808642483,0.08310171690854927,0.39527266106760267,0.08339536365434294,0.38234588824468807,0.08376579956106149,0.4890650737377175,0.08906887150057545,0.36966573343572423,0.08918636515981172,0.4528657290857839,0.10108461465333547,0.4001453386820075,0.10106628514305292,0.576394225591208,0.14341646881838574,0.2904400606790534,0.14468194170438517,0.6187910723932759,0.21429415041441097,0.23263888202269925,0.21219706964465884,0.6329814297113809,0.27430042216005074,0.22499382406609159,0.27489468286331226,0.6512728602282727,0.29529078300001255,0.20925995648915102,0.2973915096941533,0.6298724552169129,0.29544458607062596,0.23332884979690985,0.2981919149578814,0.6191696152197415,0.28917019991864573,0.243703736566322,0.29103199370490707,0.2248822707354789,0.2785044976172419,0.2565981059223394,0.28611401628592076,0.2653505837588664,0.29622346539721023,0.25859084377961616,0.3060828440507756,0.25516117543873235,0.31353985819725344,0.2331232008174624,0.2993616823286794,0.23560766756464546,0.3143301997107855,0.2405827049678922,0.3211770958801198,0.24586944362751653,0.3260855089906072,0.2072098092337398,0.2994577249670264,0.2068432230353697,0.3156077965439814,0.21500787937531193,0.3227111310526774,0.2234076618019914,0.3269109362833586,0.19132166096402212,0.29896737310884075,0.19676311989833883,0.3123995329144979,0.21043105294936826,0.31689680561995537,0.22127913081134556,0.31876311935357526,0.1851740199625629,0.2983568306062547,0.1931341702360374,0.30809049978466696,0.20645734547066083,0.3115615946072348,0.21719965992382373,0.3126255802265928,0.6316117929392604,0.2789323443470389,0.6002734707012353,0.28621662658258423,0.5927571725673524,0.2964308835340044,0.5949958753454486,0.3069967224680786,0.5934891392536964,0.31531220197556914,0.6308447099376278,0.30239918684193384,0.626705757337228,0.3162536495745505,0.6143027652055847,0.3213710540631778,0.6037083386682026,0.324030056686306,0.6534446963173144,0.3018961741367274,0.6460850902970009,0.3167016987209941,0.6285380854738805,0.3211488774242352,0.6146660357003654,0.32242130503586636,0.666305908637437,0.3004374547720883,0.663133986012702,0.3137087693792033,0.6459228720107824,0.3181469081877274,0.6312117482773965,0.3198266055312362,0.6720673455276217,0.2987023194002045,0.6713247283994448,0.3092526756416694,0.6592171855527974,0.3132293303220987,0.6474065488912077,0.31469848801820666
0.316926933301909,0.12008308713966169,0.33420282005972807,0.11018145409683656,0.34249054049791167,0.1104872789905447,0.34964915336740593,0.11099262551996102,0.30324397016907567,0.11023769670769139,0.2934494423430912,0.11062764934346496,0.28385100205654284,0.11110489528449043,0.3631842673908814,0.11815393326876436,0.27450867686859187,0.11832760832965951,0.33622454377540106,0.1341174540773783,0.2971118695993497,0.13409937224786816,0.4280535770979891,0.1903803676280267,0.21567441260681086,0.19204265292076453,0.4593156612962016,0.2845068973509438,0.17299405324192832,0.28145396854885124,0.470164980408806,0.3638706822779308,0.16698941330357278,0.36215110194888084,0.483647789498817,0.39193325076328356,0.1541718319372459,0.3922273663879276,0.467846812327007,0.3920362724426923,0.17029167520486255,0.3935041656379743,0.4598995216447887,0.38372187929936774,0.17848500799563877,0.3843502850259542,0.16875791324186334,0.36248370154063997,0.18751471607234466,0.37461771957509316,0.18776540294853192,0.38879463629797617,0.17996782674419737,0.40144820446211166,0.17625662010098828,0.4104962790250093,0.1544674928485911,0.389230456452695,0.16019139482380812,0.40865259536014653,0.16493534409766178,0.4192316092039875,0.1692371450698362,0.427902600554223,0.14115383537650303,0.3886852171976775,0.13702923508744053,0.4092581626256286,0.1397457153105616,0.4208628189418844,0.143856157452513,0.42946058799809994,0.13773041778946013,0.3878577290365579,0.141510195379679,0.4052142965307676,0.15042660097212554,0.41166820034917145,0.15735000952419698,0.4150148801560646,0.14260663101863827,0.3876817833884557,0.14672273455406562,0.40117367886723937,0.15472895222801508,0.40638389754683496,0.16151664589298922,0.4088152489575914,0.4697150908277446,0.37021483552345097,0.44605162262690085,0.3793748815255515,0.440406719008753,0.3929365851307298,0.44212800646965467,0.4071087617956478,0.4409183522880197,0.4182129608031156,0.46901986797816503,0.4013597012819246,0.46561956230715723,0.419771246572319,0.4564699669952958,0.42660375837727577,0.44870231130211563,0.4302700771978557,0.48574964944635995,0.40086905556165175,0.480019759638175,0.4203893435015129,0.4669315506061196,0.4262584302382538,0.45664415510823847,0.42802338916418614,0.49514995028809394,0.39901002471610486,0.49216502488041963,0.4164527750824068,0.47931450110592644,0.42228238343427776,0.46843052344611197,0.4245497553572494,0.49923719657242654,0.3967509396077574,0.4984520256525311,0.41066254567363036,0.4894920637050063,0.4160345561219499,0.4807820984473142,0.41810751937383656
0.26745543791173043,0.14810326411988994,0.2821841471067074,0.13591710589223793,0.28927361131745233,0.13630240790486892,0.2952806621230023,0.13690515839829018,0.2560247829112879,0.13599539593850665,0.24777053747463124,0.13646432804760267,0.23964581724858516,0.13703469042048466,0.30686568192178015,0.14580607068726592,0.2319333931997552,0.14598914643116045,0.283890229602175,0.16550852347588837,0.2508317014385163,0.16548179253496323,0.36171858413997776,0.23510055890312634,0.18266938245847414,0.23704458269412815,0.3880455525079007,0.35133912970283177,0.14695218306679825,0.3453899045849068,0.39735251732483257,0.44904473916686644,0.14112198823450958,0.44020210708089513,0.4086811345772229,0.48385053162754016,0.1288365897810831,0.47615725839148165,0.39537518527051757,0.48394456561490484,0.14083069048049343,0.4774876879089701,0.3886420808811289,0.47366728096278626,0.14892666235120322,0.4669851799903349,0.15052490699184023,0.4432417209405229,0.15154908291185556,0.45514565444630617,0.1464528380044273,0.4729763071113327,0.1406065510280606,0.48904457953188135,0.1379148916927414,0.5011902679538311,0.11906967492051004,0.4749105101203643,0.11296519650612713,0.4952645308727849,0.11291969403800439,0.5084901370321332,0.11278770220589703,0.5199958787489496,0.12572162509848067,0.4784506974209983,0.12600030604413787,0.49645689656374226,0.13190803790168798,0.5073710589266285,0.13516762698591644,0.5161180611481649,0.13384334282359936,0.48035040493335956,0.14014818498097167,0.49367024967969697,0.14603997442546113,0.48878195545402814,0.14622559360352888,0.4846583318645143,0.14081853862634636,0.48071508330385315,0.14732594320848955,0.4901405378798312,0.15227140110083975,0.48623514024968023,0.1529488787904096,0.48180711333901494,0.3966945204286814,0.4571348538343709,0.37678691480468424,0.4689134496102595,0.3719578215545752,0.4858835971750718,0.3733822206034582,0.5032232925814379,0.3722287243679087,0.5166293146895639,0.3958771466854027,0.49552514987431917,0.3929486601640729,0.5180935114414714,0.3852539674199323,0.5264681423466376,0.37878063846511206,0.5310311231695435,0.4099822813570654,0.49495488980124935,0.4051919920821965,0.518955857938305,0.3944244090713362,0.5265058295974483,0.3858142136034762,0.5290207272603931,0.4180223956777139,0.49274329062148436,0.41563738546598183,0.5141849220571801,0.40503053476198536,0.5217365714332434,0.3958263957510919,0.5249414199495198,0.4216286435894885,0.48999212131230646,0.42108734231993267,0.5070680878028477,0.41380155710366756,0.5138974595849273,0.40640238610434903,0.5167745395029482
0.05796377281140698,0.12671695129673127,0.06118118209104815,0.1163053465942126,0.06273148795865582,0.1166401297806961,0.06402858205581971,0.11714265489862404,0.05550327069532611,0.11637448583851201,0.05371460402709625,0.11676673324869052,0.05194776937849826,0.1172436398855473,0.06656167751747889,0.12478636008011837,0.05030656627663249,0.12492485753009387,0.06154864786964996,0.14165783338499152,0.054372713267803206,0.14163167187970618,0.07846853829644318,0.20132440564044002,0.039699493555287756,0.20291781385388105,0.08416220320711412,0.3008670852170776,0.0320061578655697,0.29462745672583956,0.08620127828592274,0.38438196719008727,0.03061867250641605,0.3747062566407585,0.0886488028970674,0.41427096585049317,0.027756847203899947,0.4053934308283361,0.08577917433980502,0.41433087368315186,0.03019873945482797,0.4064371233679479,0.08431458974689975,0.4055271198864798,0.032065424995594456,0.39752595587833334,0.03235530608056557,0.37962262270664404,0.03323418674810736,0.38988476437344327,0.03224773569257359,0.4048221343212216,0.030838657624996064,0.41797344507790374,0.030048503297182727,0.4281246346359134,0.02581543673843825,0.40460033520510325,0.02477125698207395,0.4229467761355455,0.024846633175128044,0.4346712294603419,0.02497926286532823,0.44453433591428565,0.026676519489568593,0.4073621913921313,0.025580566462721197,0.4240507618798389,0.025664650165014628,0.4355188377079122,0.02551761735882492,0.44472453452452204,0.02824440618413476,0.40920871895701055,0.029454789283814623,0.42232730812556213,0.03105852650670362,0.4216045604134279,0.03140046461687587,0.4202951363470814,0.030001218821215234,0.41028138446598417,0.031269451986695396,0.4194222336812774,0.03242750285328493,0.41817643103253804,0.032655918563849314,0.4161913096746776,0.08609068915797853,0.39130594632644555,0.08175368632287199,0.4012068542724587,0.08069364707088096,0.41562831618296664,0.08100782166219471,0.43057542553277955,0.08079841751773946,0.44219183455586863,0.08587154846608958,0.42429620882463837,0.08526059378955149,0.4436199882391043,0.0836147890750292,0.45079568537409,0.08222161494658846,0.4546291910893039,0.08894232834986307,0.42378895414097423,0.08790468862694001,0.4442777482146409,0.08556827962839714,0.4505514295791797,0.08372156289857173,0.45253248701388904,0.09069358725755239,0.4218107694795269,0.09018891410721468,0.4400499368523077,0.08789255212996332,0.4464362169151887,0.08591868593660072,0.44910726544008145,0.09146833336230265,0.4193469460015209,0.09138001385162776,0.4339412998150527,0.08978807467129274,0.43976234422172555,0.08819755768327947,0.44216485851426207
0.43336298683313584,0.20158143424207164,0.4575414935002539,0.185075642587349,0.46915798559393806,0.1856215776531354,0.4788537205446225,0.1863922709389984,0.4150432522667293,0.18515610072857694,0.4016503960594993,0.18575534437033556,0.3884584422840773,0.18646268402011118,0.49784159569180303,0.1986460863072819,0.3762525903646656,0.198677449217197,0.46023665958429166,0.22546632705738845,0.4065004114035283,0.22536799708003896,0.5869028685088136,0.320878758550837,0.29720693151347466,0.3232334601565535,0.6292483553669251,0.4792571844715453,0.23970759182364373,0.4574914924081342,0.6447349488560349,0.6120891530221109,0.22902532032923859,0.5701640856194813,0.6628101332305347,0.659874396884144,0.20765525424951944,0.6088173653308253,0.6413975188949256,0.6599690436727845,0.22494495793129834,0.6081260977772339,0.6305694480284739,0.6459677924371628,0.23901953231778653,0.5977097052731536,,,,,,,,,,,,,,,,,,,,,,,,,,,,,,,,,,,,,,,,,,,0.2396615149263397,0.5914024678327362,0.24849536642673128,0.5894357566739675,0.24649429433676592,0.5976482629887825,0.2360283439029558,0.6066197294011871,0.22081376264110483,0.6201454586521352,0.22816497107086492,0.6374272032978089,0.20000632309292268,0.6522667148000404,0.1825156402697399,0.6346395875040739,0.1774061035776602,0.6162344144962989,0.21609412804033523,0.638528867362994,0.19061284952016905,0.6473007719144441,0.17888725081117057,0.6209632939631775,0.1788410844193379,0.6008113408072663,0.20561540545879847,0.6367088698877962,0.18528120019299965,0.6401849629406462,0.17980958142307643,0.6192155651149193,0.18391092389551056,0.6013617542956874,0.1969378753300319,0.6319806042857024,0.18126840616416373,0.633276361234668,0.17605165502680328,0.6193717099938205,0.18081188178876612,0.6064900365139225
0.01123223657769783,0.20193692532021082,0.011862332049195278,0.18542327870031652,0.012164073287525166,0.18597582184939598,0.012415414260743694,0.18673159636634004,0.010760051505614116,0.18548110103168283,0.010412341523286345,0.18605784172146467,0.010070753723179077,0.18673335873057617,0.012908692153399546,0.19906502691428013,0.009755814720144688,0.19893816466331438,0.011930930457861803,0.22591352709027404,0.010535499886391873,0.22575709628379104,0.01521806096911042,0.3218390963848405,0.007713161285656596,0.32405922773779416,0.016311295481262453,0.4804809706332957,0.006222665171640722,0.454363683771082,0.016717644220825473,0.6134257839807296,0.005939222190523711,0.565681714329957,0.017179646872014395,0.6615167876197,0.005384913089415077,0.6038990583490011,0.0166279052552732,0.6616012692068922,0.00582340726366188,0.6030400316670484,0.016349812056302305,0.6475975789346882,0.006187422512109303,0.5927245501305284,,,,,,,,,,,,,,,,,,,,,,,,,,,,,,,,,,,,,,,,,,,0.006065334901038224,0.5778284321779916,0.006076358674460395,0.5817671204274898,0.006002812927291659,0.5970598542552619,0.005772914840945077,0.6125268663241622,0.005492319132033605,0.6281109777056408,0.0060033194626194115,0.6317292513525895,0.005254473943977464,0.64689168212303,0.00474041484279665,0.6354543298670547,0.004586485784538877,0.6214980835590488,0.0056957829032163775,0.6314752471103031,0.004829048248585801,0.6412484799428055,0.00449175970022305,0.6247098385221972,0.004540432175983464,0.6099704870645695,0.0053771294182791965,0.6285073697885921,0.004606849631821927,0.6351200960909712,0.004421369853787431,0.6211799628274098,0.004557628519957173,0.6077702732248875,0.005155304735971935,0.624582836401054,0.004600740378186358,0.6296694671710881,0.0044526248736215124,0.6197643647352665,0.004562140927602046,0.608820698257691
0.006534936171172584,0.09106155162770115,0.006903641261466182,0.08362529654802937,0.007080154469972536,0.08387450109424285,0.00722626747817884,0.08421647604488665,0.00626283454085897,0.08365019555430481,0.006060034159355502,0.08390803621391861,0.005860744343334581,0.08421247655920674,0.007514379309450292,0.08978220826041719,0.005678997706074562,0.08971691697210944,0.00694304867122442,0.1018709312947884,0.006128986512915403,0.10179130746473812,0.008858966027657377,0.14533636387185928,0.004499208031427295,0.14617676053160408,0.009496081945965821,0.2166903930367482,0.003624099238923426,0.20263202423841162,0.009747044923899864,0.2765766981732856,0.003464104136407346,0.24383716073098655,0.0100026631833698,0.2983585784864999,0.003136807393288901,0.2597129740456555,0.009681621661234027,0.2984209553230977,0.003409112224210097,0.2584977864660131,0.009523416190659743,0.29208503823901705,0.003632918878590001,0.2542328711970322,0.0031889307612965032,0.2884684433837525,0.0028463820082811776,0.28133156936306714,0.0026573844091694276,0.2703043691265134,0.002667165054558467,0.26019452726152614,0.0028463762190900784,0.25377998306464666,0.0027944863484568104,0.276596657751663,0.0026834019988343566,0.26665290178412177,0.002677315436285708,0.2589128750428875,0.0027114101053722223,0.25169220107303497,0.0032083313055350617,0.2761700375346894,0.0033405076080622194,0.2637065551221057,0.003397803618316945,0.2527199553427064,0.0034079127038143453,0.24552123438573417,0.0035737054882432244,0.27553816926395913,0.0037168540446606713,0.26206207259058706,0.003723720025304307,0.2526044118415813,0.0037028943751901654,0.2463589310772282,0.003822969531562693,0.2747313834239345,0.003984107034455679,0.2641738514962782,0.003971334149160507,0.25700841332550034,0.003953220928049371,0.25206868262725785,0.00971035920585039,0.28190090939711077,0.009215082328932757,0.2890973845860987,0.00908947772316836,0.29978915792585054,0.009127738101196813,0.31041469372673947,0.009095116395298967,0.31862325327620494,0.009675926640976721,0.30560032230204787,0.009619417188819339,0.31960853982095966,0.009431039226128238,0.32477870145440074,0.009266738895164729,0.32757281532709864,0.010021963574602343,0.3052568207338417,0.009919388371030511,0.32015597730881923,0.009651430643705695,0.32473905986447554,0.009436531238751,0.326178370042282,0.010221838870816428,0.30398384878696266,0.010177773091953711,0.3173232311801217,0.009911363008382745,0.32184471913297247,0.009684049262034953,0.3236586183638914,0.010314389511080909,0.30233585882005276,0.010311099706752277,0.3130247555581169,0.010126065580840067,0.31707490980109304,0.009940953493821056,0.3185664277761976
0.05106682243955654,0.06620999499316754,0.053961333412991544,0.06081122290564265,0.055348279169869896,0.06099149871544901,0.056489085672110764,0.061239661850136254,0.04895679057120547,0.06083239295950859,0.047368650445162905,0.06101867475122013,0.04580934505061296,0.06124138243318778,0.05874979379800514,0.06529749868351217,0.04440032666283585,0.06524550954602736,0.05426992176798181,0.07406319027424346,0.04789292295381169,0.07400482809713581,0.06926865315338827,0.10579647702116336,0.03524211902391388,0.10632331496331819,0.07426039296401872,0.15760441646365603,0.02834369918929721,0.14667924632017648,0.07629391140766717,0.20114267399751043,0.027129230750555944,0.17596510232306675,0.07821734731947032,0.21701195559831604,0.024539344714382492,0.18753742275210653,0.0757093714134489,0.21707360294199674,0.026778081293880523,0.18663185465687196,0.07449614012831918,0.21245098816312455,0.028583824670403424,0.18350006315115447,,,,,,,,,,,,,,,,,,,,,,,,,,,,,,,,,,,,,,,,,,,0.07584285123579165,0.20510520888271785,0.07198687878952088,0.2104177453477004,0.0710529062664442,0.21800200202726966,0.07136401117292722,0.22566690128740838,0.07111129991690936,0.23167910482090515,0.07561824448889082,0.22229386109676003,0.07519231362256894,0.2324755833624517,0.07372288894662202,0.23619259334031756,0.07245792653584252,0.23820568468704223,0.07832516676544082,0.22203361717494036,0.07753834310339061,0.2329100879357296,0.07544164533701378,0.23617326775148284,0.07379501198472756,0.23716179089090816,0.07987946621403574,0.22103131101821696,0.07959996002126041,0.2307151745485629,0.07752062464971494,0.23389602331824544,0.0757818746499814,0.23511445305912598,0.0805861947408055,0.21972954082254212,0.08063655594513909,0.22749956541301816,0.07921487332880668,0.23039319151863313,0.07781847692531522,0.23143135921437172
0.20781865247372794,0.022701320817036887,0.21958760928112986,0.02084772102425504,0.22527770514647263,0.02090787186261122,0.22991829498701916,0.02099356573371633,0.19923350353741007,0.02085522100721155,0.19278860154365587,0.02091802648411472,0.18646147141579603,0.020993878691696694,0.23914174336130123,0.0223816130092795,0.18076366166520277,0.02236613810210985,0.22090432527366352,0.025385055020280458,0.19493132970408672,0.025364841709116685,0.2824807582168597,0.03636734029611549,0.1434584036328503,0.03671199038311177,0.30241965303204094,0.054151978010639715,0.1174322706944939,0.05308785168067006,0.31043017893348146,0.06918625921577931,0.12618065183000557,0.055013603228130405,0.3178588960948351,0.07458824106868364,0.12414655679243349,0.05432598893833357,0.30815598307585956,0.07459434296297411,0.12532787444561025,0.05325623880063641,0.30324272950157055,0.07298461921485887,0.13435148651552903,0.05236511690033332,,,,,,,,,,,,,,,,,,,,,,,,,,,,,,,,,,,,,,,,,,,0.3083882348948344,0.07030076706262772,0.2924734578295127,0.07210538657250319,0.28820362581126024,0.07475335707006128,0.2894473301255632,0.07739684236078526,0.2890180794345385,0.0794165567897062,0.30679684071444824,0.07622796474862494,0.3049052437386451,0.07975780994586036,0.29921932418060354,0.08105845702163152,0.29438534674549705,0.08176123168796448,0.3180950785559758,0.07611327429841475,0.3146471438146032,0.07989083124139265,0.3064375800204893,0.08103728281938231,0.29987075442005307,0.0813792782678316,0.32474823088497956,0.07577119078138807,0.3230753004461655,0.07914322966916908,0.31488185228493165,0.08028174249396845,0.30788457223430743,0.08072989203123394,0.3280243965637044,0.07533820791127137,0.32778165484344945,0.07802640058624521,0.32207212686589926,0.07904848675173731,0.31630553087740354,0.07944543699247687
0.3887552897572447,0.07712844116817917,0.41077549718021233,0.07082065042000235,0.42141849479690524,0.07102413719068959,0.43010155580561793,0.07131880919686974,0.3726894806899962,0.07084530836066054,0.36063640135655056,0.07105745959836415,0.3487999412742061,0.07131696091968869,0.4473686860193153,0.07603852386656469,0.3381704320950221,0.07598715137624629,0.41325599096592114,0.08622756849075155,0.3646483038607958,0.08615307651014531,0.529109444552827,0.12408064840390698,0.26834621406075176,0.12535067123568422,0.5669984425367376,0.18465504841841648,0.2228506564657726,0.181961200452559,0.5806531531867217,0.2359398043309831,0.24474314883648382,0.17671198642154226,0.5944569949430649,0.25381170450763324,0.24013205638933882,0.17946730830011515,0.5764591912440045,0.2538443111085383,0.24615472416216003,0.173326327238449,0.567271152547565,0.2484269359050952,0.2598087914113771,0.17237327860138046,,,,,,,,,,,,,,,,,,,,,,,,,,,,,,,,,,,,,,,,,,,0.5768001476933352,0.23884044566745577,0.5474078083244879,0.2449203160616328,0.5392415360032968,0.25376926891825097,0.5414507444513054,0.26278268639293323,0.5400290585421471,0.2697400504171014,0.5738950553585812,0.2588753643300922,0.5702613116551605,0.27077335488182347,0.5595725866268104,0.2751655665870876,0.550469155131236,0.27761706588488166,0.5950113306610628,0.25862699006474493,0.5883910584686606,0.2713885854584016,0.5728352364236823,0.2752234080475397,0.5604856642296279,0.2764397881063339,0.6073291004743467,0.25751182721990024,0.6041105340944539,0.2689080906445996,0.5883678960410473,0.2725786836567023,0.5752736793735457,0.2739756393277169,0.613293057927176,0.25604141054370116,0.6130564243165003,0.2651141224597409,0.6021372239419589,0.26844063677304053,0.5914405483184163,0.26964641861817235
0.148555440197758,0.19529448836039057,0.15690688373205852,0.17908520232432787,0.16106333047731314,0.1795177942769088,0.16436072973350707,0.18023201219874374,0.14236810545725695,0.17922040923458968,0.1377923435251031,0.17978374212724013,0.13323072598002858,0.18052534953393998,0.17102148853048582,0.19209352109053351,0.12923154549136184,0.19240514056956817,0.1579492811331347,0.21799933240191993,0.13939535063320044,0.21791603058933073,0.2023951798670733,0.313447720403209,0.10191875161190819,0.318083856202917,0.21759689941454796,0.4663816719485752,0.08630808357117008,0.4757984736769927,0.22206234391281687,0.5958106152160009,0.0964462179682598,0.4313014895807186,0.22731079005259472,0.6411412111018783,0.09832967928053872,0.40463454742194294,0.22039710150157066,0.6411871930547943,0.09591416938073853,0.3858328938666647,0.216905739650385,0.627618145420854,0.09874183442056239,0.38977187957623927,0.09513621930604366,0.42415879765280046,0.10463471992047356,0.41789316290427136,0.10783266920043293,0.4001437782773752,0.10345366359935233,0.3859085590051487,0.10015337396840743,0.37328322079455434,0.1047732997725163,0.3743016778761032,0.10737390786571631,0.3518181219829825,0.1089224986175595,0.33550750834527665,0.10995291282361942,0.32293735387512446,0.096259257284139,0.3735940847015927,0.09373881535994433,0.35133865758191846,0.09201411381096353,0.3356104820144831,0.09081175305588746,0.3220935958329998,0.08876072907605362,0.37869192896045234,0.08629949151491943,0.3678199225519256,0.08909976388461084,0.3776015846004009,0.09156942658065748,0.38574114583854574,0.08260963383660978,0.3880651233907991,0.08104299800957351,0.3801243855265309,0.0837770641053335,0.3873033449102702,0.08618734673164787,0.39484403438722554,0.22046214811146825,0.6030307532735372,0.2091668447152875,0.6183069618636299,0.20602134387685817,0.6407246750542182,0.20664647307376152,0.6638310381499817,0.206161891643625,0.6813779024971622,0.2191275153738668,0.6535011816334956,0.21786472909436128,0.6837535287923039,0.21386910666579834,0.694709052891133,0.21047939112424463,0.7007147708729439,0.227198091793307,0.6529318581343032,0.22475399441800617,0.6854202666466557,0.2189380684403401,0.695088619880404,0.21437519459256227,0.6983050358991134,0.23199748439198473,0.6501605279908274,0.23068423515634043,0.679171524329186,0.22480545890217418,0.6883857787931739,0.21995265147527154,0.6918537463172142,0.23439213790984315,0.6464815400021134,0.23425371619380503,0.6695514197643426,0.23011670260645065,0.6778624958456416,0.22607421920852064,0.6807330217983426
0.3239014421235912,0.07736273761770607,0.34211194148880797,0.07092239501857657,0.3511749910332993,0.07108881445893601,0.3583684767648298,0.07136821365032589,0.3104075504786397,0.07097561569278538,0.3004308861418847,0.07119849295766684,0.2904829554443379,0.07148681300883075,0.3729098436492362,0.07605938397922303,0.28177166311103324,0.0761810068147531,0.3443743516170232,0.08634576029305219,0.3039837623184588,0.08631946779496369,0.4414157433959925,0.1240418094561987,0.22199172900933725,0.1261370256163484,0.47557938911871156,0.18442581654324575,0.18871307937423049,0.18805104028212535,0.4844237182015501,0.23585781029086775,0.22146483068929687,0.1581607113702658,0.4957720115395474,0.25388029744058543,0.2280451788716435,0.14519549701927367,0.4806106493440661,0.2538897204325863,0.22229260852336596,0.13740129375820995,0.47307818329291684,0.24857408457767452,0.2248909532054439,0.1408528011139449,0.2155604701029622,0.16326180856036032,0.23723046131732647,0.158217067699976,0.24126092888905967,0.14961110893413276,0.2342403238867651,0.14195010960080873,0.22471290042115044,0.13670628933799406,0.2371726492352396,0.14231983917470098,0.2451831855755348,0.13308078782384006,0.24931458484392663,0.12658737412180335,0.25171669792597207,0.1210386848116691,0.22017191270372558,0.14213040712122382,0.2176342917791743,0.1333765437054264,0.21416970449800724,0.12780738449430168,0.21103827418557947,0.12299004543067224,0.20545425536489717,0.14368120511087623,0.20468114806836155,0.13776413236856416,0.20881118727783085,0.13972360188884694,0.2116199005104317,0.14176481212545441,0.19361963560542148,0.14669207541209586,0.19011861406973846,0.14169587043908097,0.19354789728619837,0.14260243278174645,0.1964782687472067,0.14430677639615624,0.4813975296316622,0.23874180139367251,0.4565826990732397,0.24465097890799295,0.44993231743426293,0.2533554731105978,0.45143060431713494,0.26260361625986317,0.4492782248713276,0.26969521901532256,0.47753622657182737,0.2587601038899619,0.474073937981797,0.27069935526495364,0.46556406845934184,0.27515713560319965,0.45840276440372446,0.2776719419989966,0.49526415404442237,0.25862414357680696,0.4894480057304568,0.2713344350115497,0.4771039960150983,0.27535595859768447,0.4673790000462881,0.2767895354215396,0.5059600788378369,0.2575106707057059,0.502814243394286,0.26886599571924896,0.4902662631520683,0.27270042697441016,0.4798625403136416,0.2742295798599881,0.5113884762685675,0.2559991031317304,0.5110111078069666,0.265096627980284,0.5022244375601391,0.26852268684741804,0.49363733201549237,0.26978588059142133
0.03854848031436126,0.15264175652674056,0.0407155410158586,0.13991424342226455,0.041793675042530634,0.14023852341916548,0.04264991003454862,0.1407881462465476,0.03694287669749549,0.14001599381801696,0.0357551747218912,0.14045547924384583,0.03457117060756797,0.14101891534334468,0.044382747893236284,0.15004224833180904,0.03353263926173035,0.15026896089941855,0.04098362000002517,0.17036321530009693,0.03618442300655334,0.1703079727480694,0.05254284254821625,0.2446023038572683,0.026390564449538828,0.24901068690380834,0.056664020033148736,0.36356034891334527,0.022545800955458235,0.3704881842878885,0.05767602572176982,0.4651869625751243,0.02677759510460614,0.30876235033901156,0.05902080700826534,0.5008914156218233,0.02756194522359493,0.28341700846471657,0.05720597329332929,0.5008938600757753,0.026937168534018625,0.2682399839172953,0.05631548634823686,0.49048179275870407,0.027153532175830247,0.274808084176194,0.025388667464321106,0.31609333095972636,0.028047568794174606,0.30973252461053385,0.028739039216128442,0.2950221589662787,0.027611971222417663,0.2827457951261008,0.026264077987310147,0.2747315474800414,0.02850175370441771,0.2747818062962099,0.029488464836372057,0.25434515975921895,0.030057734849863186,0.2410200619549921,0.03047394258796077,0.23029976163829977,0.02626268046020454,0.273282492035593,0.02573322059078863,0.2512214004830969,0.025362791554616963,0.236845124260869,0.025101998861852538,0.2256309178085973,0.02431624437631064,0.27613495906879976,0.024214021993992196,0.2643481182053908,0.024706906777999863,0.2721591811531288,0.02497729065597357,0.2791596968869865,0.02278410326503047,0.28163930040099616,0.022828288375689145,0.271952203336606,0.023368602448285796,0.27787075317639476,0.023653146262398044,0.28425119944871885,0.0572882199293193,0.4706920414580821,0.0543259731441791,0.48266350181350454,0.053489221458269634,0.5002392943114878,0.05366711548771582,0.5183848131633207,0.05348192604760415,0.532147341787684,0.0568348785509344,0.510148815612632,0.05643012460758162,0.5338056930653339,0.05542235481677819,0.5425727693099757,0.054571431795651014,0.5475259916403883,0.05894282362788297,0.5097585458954663,0.05828358296235975,0.5350001459869531,0.05683838946731716,0.543249377305589,0.0556856507473272,0.5463011516274001,0.06021399422076375,0.5075107861950775,0.059871967130239144,0.5299928506492917,0.058402361367257176,0.5378991419367637,0.05716767238733549,0.5412111663129483,0.060861876843807144,0.5045237899029946,0.0608391060432675,0.5225612048860877,0.05982068495289245,0.5294293197218378,0.0587954791305985,0.5321063339653511
0.07260121085554612,0.032555118981244295,0.07668375643131725,0.02981023176666339,0.07871282181580994,0.029878459179470008,0.0803259938911828,0.029998322211289726,0.06957920223510655,0.02983504989478841,0.06734276986522668,0.029934611877318155,0.06511236176089734,0.03006329364725101,0.08360013713252633,0.03196956823425411,0.0631539043754875,0.03200622546219718,0.0771688493581225,0.03631865571813416,0.06814905103986671,0.03635029546556298,0.0989557109209048,0.05199706161432545,0.049738826815856035,0.053027597359480545,0.10681644569984976,0.0773279556035268,0.0438472797427848,0.07865690577787121,0.10872857248989934,0.09906418383686691,0.05269351222919148,0.06318164949971015,0.11125998347331569,0.10668062052352646,0.05432225808300471,0.05768832064785846,0.10778633957195104,0.1066907003636293,0.0529296093363169,0.05432049617338584,0.1061045518419112,0.10447559491427628,0.053017577353661235,0.05558509873090268,0.05280548284413209,0.06499068010837457,0.05765873508272124,0.06120925008453453,0.05843404474815521,0.05744337514787014,0.057541264051408386,0.05439214561561296,0.056647199494790135,0.05189022697779451,0.05715031798594408,0.05484508767366316,0.05898772327270738,0.05123903160872754,0.06039156607519725,0.048459024274500634,0.061720464094423194,0.0460724942247875,0.05361513468766534,0.05477220854479839,0.053124382472196065,0.05074639849730705,0.053418996108846,0.04750764175280684,0.05402122085315192,0.0447637890008901,0.05030617694519292,0.055609728366915356,0.049086677527319,0.05214685898874804,0.05038735639244786,0.05112229216048377,0.051814093980337254,0.05083501671755237,0.047465802292717574,0.05727555433718171,0.046402203825384895,0.05456741635264633,0.04744840792369029,0.05324741506573072,0.04884103090730377,0.05251944955205134,0.10809914623293289,0.10021972126785675,0.10245000822020112,0.10275773165728125,0.10095005626887452,0.10644397316438861,0.10138158776412057,0.11028116095022236,0.10091818734591215,0.1131965953792595,0.10715954973625902,0.10866610667678753,0.10642201303165769,0.11358803066588956,0.10467983665535774,0.1154487619682249,0.10324072849793796,0.1165314606615169,0.11115987675411004,0.10861428032170838,0.10990415015986409,0.11386494353054959,0.10726978993137293,0.11562658183668231,0.10516613185896567,0.11629815230551196,0.11357583481370373,0.10814638904398649,0.11293510715479213,0.11284766955186998,0.11024174948605539,0.11456436595293147,0.10796845874448205,0.11533359328758398,0.11482854712825157,0.10751030894716636,0.11481065896696603,0.11129646922544469,0.11296414213957674,0.11280420865625286,0.11108901971197521,0.113446598750929
0.15724914176358668,0.15741547156861482,0.16609249115795183,0.14402827225550419,0.1704871389812097,0.14435338225832525,0.17398089720722448,0.14494109027995938,0.15070576445962086,0.1441632127397073,0.1458630713330864,0.14466743778408525,0.1410316595548213,0.14532021549226307,0.18108820241911297,0.15446139016622304,0.1367870545935823,0.15459664494438183,0.16711082582192613,0.1755480435900801,0.147606127994207,0.17584036948200932,0.21432502609887305,0.25076222865369374,0.10781990037100994,0.25609378126479465,0.23149175982656367,0.3729925352373525,0.09651743096243294,0.3791204437057536,0.23565281956809675,0.47842519544417167,0.11551144549792756,0.3034112564997022,0.24114589683793025,0.5152559385546143,0.11874802990502792,0.2771932665522206,0.2335406498401066,0.5153402126856209,0.11585344798754643,0.26109166207221346,0.22989399353861975,0.5046564290886814,0.11601830633826526,0.26702316933149656,0.11545863799959848,0.3028562133740112,0.12503085735593109,0.29013593499708296,0.12646169131074558,0.2742499795215473,0.12267229293733992,0.26168994771111387,0.11849381360363173,0.252529817860311,0.12591163025382834,0.25319889550329255,0.131277301761138,0.23317017720962352,0.13400337958303538,0.21945993789871013,0.13615228577076485,0.20792630344567292,0.1168886907233704,0.2522171278875997,0.11515612487910701,0.23051235579246798,0.11410369506034677,0.21556269284855828,0.11360936181779865,0.20273212980636213,0.10884906066514542,0.2565952860407978,0.10738979548060357,0.2436155092337226,0.11080342172253883,0.2496543749731692,0.11309269838795076,0.2565488138862509,0.1018266585269178,0.26522881095003537,0.10102293919077764,0.25459980120316106,0.10476473827280458,0.2553483193528657,0.10791038366640336,0.258318874093623,0.23394858264949564,0.4840129518177464,0.22191874063844938,0.49659684829336453,0.21853418735174074,0.514480477826504,0.21939906591806974,0.5328599981953351,0.21858638102567926,0.5468211091091988,0.2322492749267583,0.5247840741143242,0.23066175764606317,0.5486318758026898,0.22673690869046925,0.5575035054776444,0.22348382542777964,0.5626362942560985,0.24084160734685392,0.5242711897295818,0.23813964538321072,0.5498132309179476,0.23239955029801604,0.5583757253932067,0.22784908408324606,0.5616608992212997,0.24606106774440104,0.521849869095197,0.24455139455687508,0.544766797113241,0.23874351837836894,0.5530087984555104,0.2338895997057825,0.556653567919766,0.24877199526429453,0.5187011205193046,0.24861470741439284,0.5371656953351702,0.2446435054169405,0.5443363227712166,0.2406372596270077,0.5473424469175762
0.39036482109293263,0.18624471747444715,0.41233973812137165,0.17036255004580989,0.4232482192837037,0.1707415524113882,0.43191923973715485,0.17145141297539992,0.3741800062263178,0.1705245256307744,0.3621506008942151,0.17112407877110142,0.35010745535030735,0.17191030108438557,0.4496480849259618,0.1827666634085343,0.33963625931526775,0.18279584207997135,0.41472550074657455,0.20766486090787836,0.3664922538038652,0.20804119785243827,0.5321118019505678,0.29650732876825625,0.26787852275161933,0.302926380193922,0.5749369708052173,0.4410799185807285,0.24175854175990963,0.4476483873577143,0.5857625026552746,0.5658980993219819,0.29102225840240636,0.3541832465073572,0.599905960810736,0.609390901757388,0.2964758985709557,0.3243703330131811,0.5804806728662698,0.6096774345168663,0.2906889370289727,0.30600304492060676,0.5711966773167662,0.5970718383912941,0.29245918435089857,0.31326741924483004,0.3013374164354859,0.3525298140883067,0.32598359228836293,0.3378691527284974,0.3306655175021246,0.31585231379361944,0.322705431772418,0.2972770459744649,0.30918450912929035,0.2856578093999913,0.325153868237686,0.2928854060399703,0.33984864373202467,0.2680540106549,0.3476561091931277,0.2520617408349641,0.3529708231192926,0.23808955259839865,0.3038575098372763,0.29148075479232016,0.2995130396068863,0.2622749421931818,0.2986066474836168,0.2426790487854132,0.29658625902846153,0.2274850213023925,0.2846346533158058,0.29720841138324106,0.278942787895189,0.27652343719897227,0.2931858914522276,0.282301352353519,0.30258528168810017,0.2919344658335585,0.2668455590301934,0.3071063241898396,0.26426861117216127,0.2909417502784929,0.27591513799716066,0.29209995259813376,0.2851087714478528,0.2977311414514271,0.5828025608261743,0.5724312512704739,0.5523126844390372,0.5863665849356502,0.5441413458394283,0.6075880007289208,0.5461113920059536,0.6297199653485552,0.5436516862577262,0.646362341606499,0.577810222289585,0.6205813130964778,0.5733543755187994,0.6486610622024855,0.5637354421003555,0.6592042888150684,0.5559829605792653,0.6654105166240339,0.5991744273156805,0.6203754605809026,0.5919126214591821,0.6501926541261371,0.5778782074720284,0.6605036303034434,0.5667036973349177,0.6648343756192868,0.6120536474283262,0.6179308081841585,0.6079355558472207,0.644636891561855,0.5934761882842096,0.654509303465441,0.5813675746722898,0.6591827091564387,0.6185581020472515,0.6145952388120131,0.61809107340264,0.6359256805765557,0.6084503403876518,0.6444774276236194,0.5986936815520569,0.6483016404297732
0.1707205469814332,0.04125245134169101,0.18033210554612822,0.037730631657844516,0.1849869814457238,0.037816375908864275,0.188813251048374,0.037975264977672146,0.16371053286551218,0.03777399754492699,0.1583632713967876,0.037916183851572346,0.15307150128166422,0.03811343876211265,0.19657120263405586,0.040497779343637005,0.14841443559779302,0.04052367344909621,0.18129567117441803,0.04601427375921698,0.1601988656341789,0.04610382337959793,0.23252273777083576,0.06565125379479486,0.11755839728507562,0.06711296966311907,0.2517724955937168,0.09778247598309638,0.10831203822698694,0.09891288351163174,0.25610925739421714,0.12531445100821312,0.1372616523676109,0.07687175283971191,0.2622586156516293,0.13497014584912134,0.14226548098725197,0.0689498932478298,0.25369294649458013,0.1350110769808631,0.13819707371781492,0.06590685770220664,0.249623863116634,0.13222017766080282,0.13862213405540183,0.06761125454574961,0.1411322928525641,0.07753673616958578,0.1527042129025001,0.07395556293946151,0.15557263857125794,0.0690413753488483,0.15328833028963462,0.06488678034575389,0.14685599539325447,0.062440032841790206,0.15207339357238203,0.0641876707131674,0.15875339609768285,0.05839766927660391,0.16227185468762198,0.05481717709692459,0.16451128752835337,0.05174003795027034,0.14270838251654047,0.06399259516405097,0.1404570017284252,0.05707636898376819,0.14019821362820642,0.05277088725459412,0.13960205747314203,0.04963208466556962,0.134520153457463,0.0653124822772134,0.13215246182344711,0.06046912393287545,0.13980708990130522,0.061127688362305636,0.1457289225086634,0.06275785638276894,0.12714678651937084,0.06749449412238254,0.12595036710232888,0.06401622761449088,0.13233518267081157,0.06385001157797937,0.1384553471682731,0.06467251620035085,0.2554616867189494,0.1268288574792953,0.2419949574356352,0.1297871930512476,0.23830463609916355,0.13447665669670736,0.2393537143170909,0.13940115085072088,0.23825246474107695,0.14312209265841094,0.25289869054636327,0.13734844210794672,0.25128656530797155,0.14368729642267863,0.24704879790260267,0.14610807887842842,0.2434100020892239,0.14749946493747032,0.26239496756467884,0.13736938440912907,0.259487055140758,0.14407849179826046,0.2531835643256254,0.1463787964302978,0.24798913365346203,0.14726365122090485,0.2681558964380542,0.13688987949251816,0.26657039171081004,0.14286845812186916,0.2600165187415488,0.1450142437587871,0.2544096820612068,0.14595388905769072,0.2711206625237662,0.13618372098782638,0.270876819448949,0.14093867898440926,0.26639805467920397,0.14282064838063335,0.2619463947968517,0.1436176022604783
0.059858092479414524,0.08516401321814396,0.06319684519726243,0.0777640927087857,0.06473788613868449,0.07795783826506247,0.06613333846651324,0.07829720540603013,0.05742718382063232,0.07787596736570145,0.0554965296600116,0.07819588286859694,0.05366273115367057,0.07865736728826916,0.06879962925892698,0.08346383143446588,0.05189577599485279,0.08355665154469011,0.06350112370645344,0.09500248941474003,0.056148863444595715,0.09514321743212245,0.08128177868127918,0.13504099142050313,0.04123152645794936,0.1381193255573198,0.08811266859304265,0.20127473587011246,0.039426251636661525,0.203306185298509,0.08956427229592419,0.2578690169797751,0.04980355699387573,0.15820571420142487,0.09167903227482481,0.2777574789289484,0.05188026540331447,0.14152195488137723,0.08867988284753357,0.2778271100704592,0.05030502849319272,0.1354271043923827,0.08726113464831088,0.27208829872084,0.05031811919257837,0.13881851004535797,0.05084741945165107,0.16028256051795498,0.05500336904394781,0.1535018397813319,0.055993704616118745,0.1438658101139119,0.055181742610408334,0.1356436243072549,0.05411378000221457,0.12991483367541773,0.055006667293456185,0.13195536948893594,0.05705675336167596,0.12037946667298956,0.0582577535976333,0.1131807488624533,0.058897469373135634,0.10703260637434545,0.05174571798861017,0.13157099671163622,0.050740901866458604,0.11767252976865235,0.05030500732795523,0.10909490045969099,0.0496689778313152,0.10258232151742312,0.04898219056764198,0.13471399834770564,0.04796585350121837,0.1255384428527689,0.05063768605831409,0.12715970856412423,0.052790067246847705,0.13033910245731334,0.04655288341182961,0.13983777354450722,0.0461151616078232,0.1334786237042231,0.0484258234973631,0.13341717965264843,0.05072089718949389,0.13516222108318038,0.089125234719654,0.26076063641358393,0.08451691345147033,0.26715983408752125,0.083282225212513,0.2768893904542399,0.08363358932003323,0.28694304346250893,0.08337803318753709,0.2946239820381975,0.08851511147369796,0.2826027178805487,0.08786978338272201,0.2957106576387893,0.08629059562826938,0.3006468305165557,0.08496806459866219,0.3034361638823754,0.09179005805560199,0.2824832400916095,0.09075936743062267,0.2964334573848172,0.08849285975402005,0.3010499483428532,0.08669715867515547,0.302773792101154,0.09373139713361402,0.28138502548266275,0.09319959232143869,0.29373314256321004,0.09094672916793597,0.2982353879952047,0.08905745657414176,0.3002935593376866,0.09468529322191165,0.27981807953634713,0.09468013595904401,0.28965358922674667,0.09316512825973085,0.29355181195215735,0.09161627029059695,0.2951903044219374
0.3076010392897828,0.12167980294632276,0.3246557132763539,0.11099850969235539,0.3323696631541575,0.1112724547833313,0.33972807509992575,0.11174059596871584,0.295078370118775,0.11127457864694745,0.28505753133291317,0.11180648571407811,0.27563487136521564,0.11257219268540096,0.3532480346846278,0.11907060734281069,0.26621166853626194,0.1194208865908142,0.32626424736911086,0.13570136730486637,0.288450812282177,0.13592987004333354,0.41707646688933275,0.19260188073396578,0.21150839023550277,0.19699769539801576,0.45234884081767546,0.2870994193534047,0.20569208426011248,0.2897545986864257,0.459520580872825,0.36763289618059775,0.26034733743507654,0.22707353650217593,0.47029369869210025,0.3961621647861068,0.27285869699658094,0.20480460160714445,0.45488107143316636,0.3962129376198482,0.2643704098229886,0.19541870691036825,0.4476146563749423,0.3880448080184351,0.2638867928252495,0.20006841905863304,0.26619393506856065,0.23096247237425813,0.2869841640264055,0.22165576863929515,0.2933030871435005,0.20869840154335148,0.2893902879720901,0.19763692004433903,0.28361639755618123,0.18951476584355795,0.2867070695458855,0.1908092065799026,0.2986511933808267,0.17357204607548937,0.3046863448239509,0.16302317363576985,0.3074777735938837,0.1539523603531075,0.26961564385227216,0.19017276377847264,0.265291681565445,0.16935067140977936,0.2626104717258882,0.15669619225212975,0.2590116273142912,0.1469057306875458,0.2553674177970543,0.19442270649203913,0.25400613891110374,0.1807853532260959,0.2669181119842801,0.18433280514420852,0.27653068291475813,0.1899850808658202,0.2435095184249667,0.20159861698524753,0.2458309379193149,0.19303526551593778,0.25853148462859155,0.19346535206264703,0.2700634862932302,0.19625829102002548,0.45698259592801876,0.3718218215418037,0.4332731305651655,0.3814058935361592,0.4268974422560512,0.3954842941508464,0.42895452450939914,0.40964541717116354,0.42787828397368377,0.42046416188104213,0.4537527885983603,0.4032675963227666,0.45050774496277896,0.4219630932036761,0.4423515079242054,0.42891010950120173,0.4355919443254841,0.4327566513897302,0.470644604208083,0.40295223172683725,0.46509044593329313,0.4229115523925111,0.453375319071576,0.4295094221692952,0.4440873972676578,0.43180362797633964,0.4807856867621847,0.4013388949507466,0.47762475043055796,0.4192767305554438,0.46570822204280493,0.4257205494246031,0.4556249723078597,0.42849979570831503,0.48594399060898164,0.39914576839407717,0.48529509045411656,0.4134331571885938,0.47698511510779806,0.41898548638709243,0.46865965012030375,0.42121665925356017
0.16056039548668188,0.11311849556088194,0.16946746902903523,0.10297024833366832,0.1733754746525877,0.10322775308167688,0.1773287557785752,0.10363233946773233,0.1539813992165609,0.10331404838331976,0.14867588723692216,0.10384215958017642,0.14374977680205347,0.10456547686038996,0.18418907867128195,0.1103287437653891,0.1386913566783737,0.11077883117020243,0.1701864462705359,0.12603813831368418,0.1504956003816467,0.12624399242245835,0.2173188665842864,0.17835004307437005,0.11006057903680504,0.18245535069421082,0.23584791781239878,0.26560021025452374,0.10784403111032533,0.2682297478472883,0.23944819710349088,0.34043255760148783,0.13519660079903775,0.21289455231625046,0.2450499892556658,0.367021140026132,0.14261363700219415,0.19405446082817662,0.23697705226067353,0.3670522507786556,0.13925421734983703,0.18391754063089968,0.23319661380662252,0.35947199864367874,0.13843585462912608,0.1880563509510027,0.14101607741606484,0.21636761413703745,0.15223494526673853,0.20849182528500715,0.155845558158553,0.19701141748656298,0.1534780604623971,0.18700100817678036,0.15050698997076403,0.17906435582874156,0.1527535015679515,0.17794802610314356,0.15901976498920373,0.16223970407335064,0.16192337479363922,0.1527395512279496,0.16310649664860766,0.14440498679964228,0.14356318742404653,0.17744127268480508,0.14144702439436518,0.15858869677272747,0.139637644850363,0.14722262407619174,0.1375719901227526,0.13808203498763602,0.13592588335585737,0.1815988636526369,0.13575935775735515,0.16932110393348712,0.14213383170369004,0.17366211871307274,0.14695507871954944,0.17939554028306162,0.1297260152049399,0.18863705413426834,0.13175865143827137,0.18168384724100373,0.1385208805518581,0.18257372895939367,0.14475372005471546,0.18517589032449114,0.2381103163778501,0.34459275656395083,0.2258019419291171,0.35348015412638806,0.22240616610487546,0.3664216407632167,0.22343716906015898,0.3794884654615516,0.22301688567895442,0.38959236134811404,0.23645103804142095,0.3735450154481866,0.2348171599972784,0.3909014820614489,0.23065726342765042,0.3973370868959861,0.2272096876012476,0.40091602712603125,0.24530112592431627,0.3733454807110188,0.242353032608742,0.39183107011230073,0.23621868288065273,0.39774871795392996,0.23139937812916267,0.399672738987233,0.2505759199558223,0.37190484916781974,0.24886800958241695,0.3885130219369005,0.24261542686796045,0.39423459179164233,0.23737974212094018,0.39663011973596046,0.25322743138789044,0.3699035142108345,0.2527501812041635,0.38310135591756506,0.24836560424656656,0.3881073167365802,0.24404615914461755,0.39005210913540744
0.5060494208938842,0.0509585669228302,0.5340783671249751,0.046327152845684894,0.5461201476253463,0.04644368581965578,0.5588310840708683,0.046616009102306795,0.48526704306934154,0.046511378430778266,0.4683955423000762,0.04676050485733616,0.45290279593411553,0.04709213934840634,0.5800211212396124,0.049593554557822384,0.43646512493932926,0.049833719577180094,0.5361017389860842,0.05674048488218404,0.47420635698748825,0.05683601889307553,0.6839120918211172,0.08013917339470514,0.34624117198748317,0.08197392441391237,0.7425469705300336,0.11927462356039585,0.34119137679640094,0.12048796480214784,0.753598903463438,0.1530012402341406,0.4247373599306011,0.09593620606015497,0.7712091106184109,0.16497290341334114,0.44861443564301834,0.08768661342182264,0.745720476425638,0.1649771760347307,0.4389381415855046,0.08297362071403877,0.7338441452667959,0.161568428750406,0.4359380073725677,0.08481238078383554,0.445472530096899,0.09728043101233078,0.4807073055046389,0.0937450726389718,0.4908729747396701,0.08834017883687856,0.48327319453944156,0.08362613184589467,0.47291528242712083,0.07985100727741484,0.48064858523080717,0.08003900261855566,0.5025049595341846,0.07281959726026616,0.512260417659704,0.06854629613548105,0.5156785369648429,0.06477248942100125,0.45192811060056365,0.07984239267389887,0.4436505993368733,0.07110526341629306,0.438447134465056,0.06594657942177345,0.4313577666703119,0.0616944055774309,0.42784695300668363,0.08178739952039263,0.4262959544449185,0.07616948502330541,0.4497670620994449,0.07831734428077189,0.4664127316387287,0.08080375329477182,0.408001933530104,0.08500143734425007,0.4123406466785496,0.08154295841160851,0.43443178339049543,0.08200761292379728,0.45398409164860604,0.08314540645097925,0.7495105600323205,0.15489317918087536,0.7107731603472978,0.15884030450457987,0.6999320150972187,0.16465201290040804,0.703245690054764,0.1705407394584273,0.7019437556559821,0.17509703238953417,0.7440592178651064,0.16786319306190753,0.738747807386316,0.17570495150367335,0.7252433312725998,0.17860855841371368,0.7139561611835925,0.18017153325774674,0.7719542854324638,0.16778044570285314,0.7625969026953865,0.17613035477488234,0.7430267617517918,0.1787759813603067,0.7276367684471143,0.17961535725329286,0.7886335729961292,0.16715299460521882,0.7831310174925666,0.17466716228687246,0.7631740764025998,0.17720769348383145,0.7464973999476241,0.17824010030745327,0.7970948707055568,0.16626120973947364,0.7955513494095853,0.17223709499941053,0.7814289306870666,0.17446387983933132,0.7676838171702299,0.17529648612440155
0.09373689829563699,0.03600406506337864,0.09885722356785136,0.032718185793257845,0.10104559295310259,0.0328061504497551,0.10349807021484085,0.03292423030118703,0.08979981314246176,0.03284437988751121,0.08662673672873947,0.03301959223031674,0.08375138321675002,0.03324883427200563,0.10726441099063835,0.035018084233687914,0.080607394515237,0.03518256894062819,0.09920133224467882,0.040097800893678495,0.08770982237911451,0.040143341959163935,0.12634523766882244,0.05653361816501931,0.06337745508477592,0.05784052512868888,0.13728580203908522,0.08410944172214921,0.06343599225575673,0.08499640970284003,0.13923240413857207,0.10795486204498929,0.08015179664412858,0.0676039266286483,0.1424907540828299,0.11643493095261256,0.08425054962457441,0.06154783360310274,0.13775109581426342,0.11643301250678265,0.0821319151107079,0.05827449029980167,0.13555724542049338,0.1140162993124896,0.08151105387074054,0.05958929617053625,0.08324688926864535,0.06933911194186339,0.09000062633257365,0.06707037845818054,0.09211108866273862,0.06349946560948042,0.09050340472501194,0.06035230416544655,0.08853573910978733,0.057754346780171016,0.09079567402326857,0.05689681128218713,0.09450369138741749,0.051904016857872964,0.09612433791029114,0.04888201932225778,0.09668161397043189,0.04621390652633975,0.08510768617977034,0.05665597781461008,0.0839042704683735,0.050740288596244326,0.08264536502673231,0.04717202339854927,0.08132724825006248,0.04424707866715113,0.08043340538081614,0.0579702061939979,0.07993562566814699,0.05413619220290919,0.0834896705409857,0.05573437503509701,0.08634751223075758,0.05762191039597872,0.07666812792067129,0.06031700867737165,0.07788411158460175,0.05835626405330187,0.08190703481218994,0.0588512377594038,0.08575583736115283,0.05975162017892064,0.13848128673115537,0.10923478841717842,0.1312864326206253,0.11200614002631608,0.12939471734044575,0.11610779678665605,0.13002346575167167,0.12026929731130269,0.12984198955961412,0.12346247209128777,0.1374303471957431,0.11843534140181367,0.13667828705486115,0.12396262853752715,0.13430356337997063,0.12598660846406723,0.13230949574671094,0.1271032124530013,0.1425881954522772,0.11835327890264008,0.1410397447736132,0.12421840826419749,0.13750976700918055,0.1260750331560441,0.13471266585581404,0.12671094900871688,0.14569150958957217,0.11788305412654297,0.14478000691087822,0.1231546594154754,0.14119483539066124,0.12497988443884053,0.13817450372234094,0.12576573270591465,0.14725609635731549,0.11723583314665818,0.14703740411741525,0.12144138940947043,0.14448508480449848,0.12302288372053577,0.1419497785420241,0.12363670808219772
0.19908775869268586,0.13828923519989178,0.20943938629244035,0.1256167857623321,0.2140087474597616,0.12597544016885454,0.2194622390867792,0.12642585669682166,0.19038122006174865,0.12606245127899757,0.1833593890711901,0.12674245620290917,0.1772539712779611,0.12761123401658292,0.22683855536412295,0.13448739333002932,0.17016748224514652,0.13509269658217035,0.21026158943607476,0.15422110373479173,0.185821948696297,0.15438835623344047,0.26667445850835414,0.2169135240545105,0.13325535375185,0.221857693072557,0.28983795915822935,0.3225482980407915,0.13420973098580127,0.3260830504492178,0.29401099475945297,0.4142242628062155,0.17180878753826273,0.2597520408950155,0.30094280435259707,0.4468737382747647,0.18091924222844716,0.23554791053591406,0.29080632557848834,0.4468929301069793,0.17569550186968935,0.22297795524730457,0.2861720518096896,0.4375935296852827,0.174249038518869,0.22799124866298492,0.17714296031564822,0.2685315717638472,0.1920032829918957,0.2599979855393542,0.19724991053883933,0.2465421450406449,0.1940179225250604,0.23503788102226675,0.1892747089803417,0.22527017736009386,0.1935878678621166,0.2202499546038194,0.20174211712030457,0.20138246810942234,0.20549450517890547,0.1899682104039644,0.20694225289670692,0.17990224463703228,0.18146707681482047,0.2195059612569419,0.17821819532543418,0.1965378637630017,0.17559325005877013,0.18286285704729024,0.172678396551461,0.17169441253526538,0.17172108031558903,0.2249230718545616,0.17163155646574382,0.21076654169301273,0.17980371743642506,0.2174635334221547,0.1857348547299296,0.2249155603742428,0.16415838040462674,0.23421167452329988,0.1679157207971728,0.22717446907181815,0.1766241570513974,0.22977961945468917,0.1841193062016777,0.23367948614271208,0.2927807331837854,0.4192704001695899,0.2776464006473617,0.42971901952266306,0.27350057974108904,0.4454355526955235,0.27479503652406445,0.4614565261657053,0.27412367129003096,0.4736416495388813,0.29038806163584857,0.45438818562830213,0.2888764426952029,0.47566760845306955,0.2837585758308336,0.48373122013271524,0.27937969438642196,0.4884891419962568,0.30127130145704384,0.4541954034859198,0.2978706679590341,0.47665506765578053,0.29019172705084495,0.4839223121920258,0.28402905657453026,0.48658783609795925,0.30778051960078306,0.45254051169948084,0.3057960453353638,0.4726653448844438,0.2980439070801253,0.4797637313431222,0.2914078027353518,0.48288572790802986,0.3110446167890896,0.45015144782668126,0.31048886772510303,0.46623570551854915,0.3049780539897575,0.4724484884476397,0.29951711072007475,0.47488555067967647
0.21331622740767697,0.16900280413972954,0.22430299744159835,0.15347874112701043,0.22922764275100954,0.1539258476165014,0.23521451986580932,0.15444869214180734,0.2038329610700471,0.1540655447621377,0.19630304988419353,0.15493155935895014,0.1898205636361383,0.15602985254306076,0.24311863872706704,0.16425338764057568,0.1821168079396639,0.16521641796344638,0.22539917609559273,0.18843372378388434,0.19921527351568025,0.1887113191535801,0.28550354481068324,0.2648125996298691,0.14254915602157717,0.270741386823183,0.3102423788239247,0.3938684022788795,0.14380851972716627,0.3978944116840579,0.31473435656766313,0.5056841884347453,0.1845827704096467,0.3182295019383358,0.32209334499937686,0.5455995770297287,0.1950925141767449,0.29012106584764574,0.3111841748367396,0.5455383907799175,0.18999241491458352,0.27433263011172565,0.3062229085287231,0.5342994162537402,0.18851622221319514,0.2801399156209576,0.19154945113216287,0.33187543353433224,0.20795911261777822,0.3213259845027499,0.21436389995195676,0.3053954683365567,0.21137140229918636,0.2919836715399313,0.20667802144344252,0.27971000773838917,0.20996851349662907,0.27197904486805263,0.2187844184651509,0.24938507110304123,0.222613281290938,0.2354667346562937,0.22409146722450196,0.22287678148400478,0.1973544984273153,0.2716561327159593,0.19420899234933747,0.2441023602920968,0.19198946023001037,0.22762636985464688,0.18921359348785408,0.21342391837974994,0.18702755014514208,0.27895466692189996,0.186929522739139,0.261987559435872,0.1959152362326341,0.2714255957597419,0.20215260444438526,0.2807977480131222,0.17904912457880345,0.29079331252862356,0.18324459356101444,0.2818663761783637,0.19252666725214818,0.28508362710850993,0.20026297082060818,0.28934122761503367,0.31433528920152215,0.5124512043342738,0.2979042221355861,0.5249090456226072,0.2937019192144873,0.5434891784838071,0.2952929889429409,0.5629349478245452,0.2941572675338602,0.5779072919019351,0.3117471329329474,0.5549288072434475,0.30992613582582623,0.5805907787382231,0.304699732497481,0.590270122631573,0.30022330444077716,0.5958331214655288,0.323425145981112,0.5550350925717711,0.31958216958588265,0.5821335888814019,0.3116600497334241,0.5911413048311316,0.30523443869415623,0.5944944029855778,0.33040148335640446,0.5532389209387375,0.32804310590260843,0.5775164332214935,0.31992639211638413,0.5863415529021238,0.3129711508133106,0.5903332338420524,0.3338585898109537,0.5505291721390475,0.3332766402976192,0.5698347401777839,0.32763297052674695,0.5776104812998549,0.3220790828660458,0.5808995974282812
0.39603732245312745,0.1873728287970409,0.41633176933955424,0.17010966246402637,0.4255221703228986,0.17060519548466518,0.4367952401628242,0.17115974137200682,0.3782583926789369,0.17080735134102287,0.3642843846308413,0.1717942946003404,0.3523176965892206,0.1730388165910424,0.45155125950132546,0.181976462404785,0.33788351168698577,0.18321758468605526,0.4186515310118922,0.20885199001890858,0.37002867231054165,0.20920847746088672,0.529858533737008,0.29325162874182176,0.2643929833123677,0.2997378176601535,0.5756586926930767,0.4361734343159098,0.26688284828636294,0.44040668146158063,0.5840352985370221,0.5600432682346497,0.3427528249110168,0.3530325253246073,0.5976547237610879,0.6042615635873252,0.3627408470162888,0.32258056681573105,0.5773096156240257,0.6041241036940338,0.3535512957456704,0.3047044379463709,0.5680919779030325,0.5917661091678067,0.35090963074143955,0.3109856802020951,0.35589110604529967,0.36654791794460717,0.385561558732675,0.35463363624115113,0.39780610283569057,0.337921755626359,0.3929654961226724,0.32321062938309886,0.384480218910637,0.3093451681754957,0.3902585410297941,0.3014165383614109,0.40568597121307093,0.2758606688535269,0.4128429866779408,0.2605238692200011,0.41530517857531973,0.246337008616271,0.3670936267637603,0.30111378662522664,0.35966596631306197,0.26980538042018243,0.3544291867828587,0.2515726118830487,0.34811203196938734,0.23572243075436755,0.3479260367432334,0.30907836709800357,0.3474206873233645,0.2900680545686768,0.36433865141925986,0.3000428020413377,0.3757546567188203,0.30991880571468333,0.3328606990072673,0.3219138685735916,0.3386953547836359,0.30955282953145546,0.3557597909813228,0.31272843722130517,0.37032767932925076,0.31765476841366014,0.5829403633113683,0.5668231007124046,0.5525566571687652,0.5808151376689246,0.5445510313079401,0.6022478700231799,0.5468810813938251,0.623868398267089,0.5455139625133526,0.6403842881702391,0.5791334665773158,0.614252700703963,0.574905112331178,0.6429981065619803,0.5639640734802306,0.6536949117243928,0.5548728821989464,0.6596518115519446,0.6004639199635893,0.6140582576212413,0.5929060238137281,0.6447156702120435,0.5772657980056158,0.6545163221166412,0.5651719056723954,0.6580977384061949,0.6130290583815955,0.6119186225823271,0.6086542779640838,0.639592105130717,0.5927792558610958,0.6490616151882791,0.5797308835193049,0.6530556648673661,0.6191771203625971,0.6088760348667348,0.6178779325697854,0.6309741461729025,0.6065733544633721,0.6393051595062936,0.595614127167047,0.6425031697590404
0.49578956144090597,0.15285715816962758,0.5211909554314834,0.13869477911393546,0.5327189213601343,0.13910516136580112,0.5468717079645498,0.13955071599470706,0.47351356299590064,0.1392708855127421,0.4560323285719744,0.140083669902751,0.44111179456575783,0.1411037101311694,0.5654672725746264,0.14832115003535182,0.42293339963101323,0.14933605945326564,0.5241560072210323,0.17033123280229642,0.4634327720353511,0.1706688029686718,0.6634091129852568,0.23878841641316081,0.3308713955061869,0.24403270351543813,0.7206468042821633,0.3550523346809659,0.3337739365107652,0.35838279849435567,0.7313763565986391,0.45591135057173554,0.4313056486908075,0.28801999882669854,0.7481618388006956,0.4918842992277503,0.4575214648026308,0.26340790345526294,0.7227276805366165,0.4917014895850647,0.4458500833259325,0.24881959486275573,0.7111911499119098,0.48168354594244533,0.4422590902095455,0.2539909150261071,0.4456392423518894,0.29860796828988073,0.48358182305886527,0.2894871215712556,0.4990988680269499,0.27556034685627784,0.4922193477716609,0.2632614121050422,0.47917364872451645,0.2522351661244344,0.48877794943034125,0.24531815220917183,0.5086657484835648,0.22470730444055095,0.5175558455082321,0.21226966230513172,0.5208129591813996,0.20070706596445578,0.4596899711184058,0.24494815573335013,0.45119827616328395,0.21990864423211626,0.4442365578183325,0.20519335582229303,0.4356561119188479,0.1923702112203522,0.43576498127676433,0.25149279875344277,0.43535493926794855,0.23657395034054332,0.4568316044018733,0.24562449359933738,0.4710336523789046,0.2543206289615087,0.41745627650337314,0.2620820896326101,0.4250835981904544,0.2522722070662661,0.44618945222199313,0.25565691087641834,0.4638416644205353,0.2604961220378951,0.729277718659077,0.4613049576803266,0.6918593088469482,0.4730794761096094,0.6817330215311765,0.4902005674972643,0.6857822258865451,0.5078233014282544,0.6839843869702021,0.5213363903514038,0.7244369409521415,0.5000940915660388,0.7204104416634978,0.5231514377954068,0.7074599889342349,0.5318274422109305,0.6965980574565755,0.53693161792454,0.7514429796077644,0.49961260061647617,0.7433341093219793,0.524242473162336,0.7248836846953974,0.5328211470317088,0.7098418366554519,0.5363513511300929,0.7675667959286296,0.4975508200315094,0.7631391929549062,0.5198698250792154,0.7442380009023576,0.5283092547391607,0.7277394072775771,0.5322813486018046,0.7757142360872564,0.4948555443644466,0.7750176791288447,0.51276932016615,0.761913981569484,0.5199741343535375,0.7484354492250265,0.523083591343423
0.19655301856709964,0.1506817288911906,0.2066364618633795,0.1366919541365645,0.21122316533896346,0.1371262837665252,0.2168539853211641,0.137592972980837,0.1877224102752351,0.13721420836400536,0.1807963212527988,0.13801277381782376,0.17489419684184732,0.1390202897305949,0.22426582728894653,0.14623988063924265,0.1676513619493482,0.1471410315634513,0.2078088032041421,0.16794884374091412,0.1837404003538563,0.16830549004844203,0.2629972229313659,0.23511012982210602,0.1311193024480429,0.240311234506882,0.2856792346333552,0.3495306533690051,0.13207867619158112,0.35266814113173417,0.29018808731677914,0.44893222513898196,0.1710617939519929,0.28393073501274474,0.296667291831512,0.48434980545124573,0.18178425395682063,0.25988346936186285,0.28660952539878626,0.48403773104216313,0.1771159290405246,0.2453319992788693,0.28205132392524856,0.4741569732604402,0.17553149340558746,0.25045588800098645,0.17689778961718947,0.29396389272076795,0.19168646689716345,0.2847007610403646,0.19796135010546057,0.27117683222045813,0.19545784451724893,0.2592615151026363,0.19026698289677083,0.24833761030537327,0.1939610679173822,0.24153205951649812,0.2016682052077242,0.22103654526800984,0.20504337993765376,0.20882305261438397,0.20621756673178626,0.19745769603060445,0.1824794316845884,0.2412872849148697,0.17897350316589494,0.21676022365601413,0.17602090308261095,0.20209280770909135,0.17245777690113792,0.1893372386776105,0.17302626767256807,0.24772634436097793,0.17243268101364473,0.23314918981040525,0.18103326835214445,0.2414630934698497,0.18689294733558814,0.24964503911310829,0.16581087535518066,0.25805922192405834,0.16894710944045754,0.248658137830368,0.17727748595220344,0.2516272744745108,0.18432323325980932,0.25599952676011495,0.2893649239803023,0.45454676034382535,0.27457473160589496,0.46601865463608383,0.27049673532590623,0.4829280563787953,0.2717102690085551,0.500093571277652,0.27094620574666506,0.5131423780873248,0.28739350133037134,0.4923529961409492,0.28596842401143163,0.5151280068870862,0.2810777447474371,0.5236969873831769,0.27701904598602006,0.5288270533823068,0.2980168194791603,0.49192843026626676,0.2948445079196706,0.5161171433687455,0.28755836183141603,0.5242484312765019,0.28179476034008205,0.5274847961114146,0.3044098800532561,0.4900369236609884,0.3025510756256391,0.5120394496606945,0.2950396475260067,0.5197627934457303,0.28871575727821996,0.5231004737516475,0.3076742820142415,0.4875372803898014,0.3072190701829986,0.5051417070764028,0.301917378835139,0.5117745582687945,0.29675972398363176,0.5142819231362474
0.048454664463633966,0.09683914507037784,0.050940722674703426,0.08785503672513062,0.05207812542074803,0.08813453265982532,0.05346794860072277,0.08843460462202692,0.04627547421890688,0.08820636929502856,0.04457004967603492,0.08873616447965241,0.043116138529444466,0.08940798841868788,0.055308280250955424,0.09396811380695512,0.04133234649536468,0.09464474730268979,0.05123807376615049,0.10792194296275617,0.04530396669307918,0.10818881136391907,0.06487884728199367,0.15101592990972182,0.03232560866917425,0.15440714377022713,0.0704432901785105,0.22450838389233355,0.032544617542908355,0.22647702615872975,0.07157418359554735,0.28841458869301545,0.04222393080596805,0.1825811353627081,0.07315640546734178,0.31119296246156425,0.04488303101996569,0.16719436502583046,0.07066661801169842,0.3109362352423695,0.043717170318716296,0.15778554084734406,0.06954265514858357,0.3045776488897437,0.04332710762364913,0.16111137867119726,0.0436952076516888,0.188765898985022,0.04733889582918377,0.18273060359423923,0.048878652613292516,0.17400431881218328,0.04820287305890907,0.16646490471669004,0.046981989151198,0.15940679868740135,0.04776815209843617,0.15466385793770757,0.04958255875928155,0.1415382187834515,0.05042518831035413,0.13372323079339413,0.05071849564262467,0.12654654994019165,0.04494611647128556,0.15475623797113208,0.04399157307683659,0.13885438173158446,0.043271702506598564,0.1293391208234319,0.04239737437664779,0.12105570680912962,0.042616711805814986,0.15906996004617222,0.042477808678101386,0.14966869281023354,0.04461483992524711,0.15521156007427525,0.046045457334081136,0.160530211939306,0.040816986237313266,0.165858796158877,0.04158678600071698,0.1596376313055344,0.043649201466557555,0.16143493066732523,0.04536684153194194,0.16405955209166373,0.07132400969449305,0.29195669342190456,0.06769798207356834,0.2993697277683656,0.06669237217868527,0.3102067749332291,0.06701195832927104,0.3212394933980503,0.06679440408557405,0.32965727481050255,0.07090271738428552,0.3163760331190203,0.07048610347879194,0.33089013973806386,0.06925944598158995,0.33642816481612076,0.0682327355266705,0.339765253217653,0.07349027956701792,0.3160249159024074,0.07272584059268919,0.3314446809728958,0.07094060516123668,0.3367199750432054,0.06951086670839034,0.33881581931663113,0.07503538309937119,0.3146778745786328,0.07463732555543211,0.32862360514574496,0.07282969780753959,0.3337626654227676,0.07127426022395743,0.3361271139753508,0.07581441892106074,0.31296272270629855,0.07577076878728303,0.3241472587112149,0.07451900066886126,0.32857565314760967,0.07325241666612328,0.3304394901486203
0.512430561007166,0.06673048111887597,0.5387372469143983,0.060544065436589585,0.5508351188695239,0.06073868783993691,0.5655607551849011,0.06094711101887153,0.48936081516462876,0.06078759742898895,0.4713471623386345,0.06115697271513121,0.4559760919813308,0.061627147607460395,0.5851331898709737,0.0647516701726235,0.43712947734829555,0.06524273952909918,0.5419387304230289,0.07436366312400818,0.479154345575844,0.07456102320563975,0.6863756737619102,0.10403700740844624,0.34185978989576843,0.10637089387955656,0.7449990803073343,0.1546645277944694,0.3438752011215105,0.15595980475688645,0.7570432626030257,0.19871998398482416,0.44688291073999586,0.1258706974979396,0.7738629144187703,0.21441897308986704,0.475148467435159,0.11529594985455872,0.74734740899542,0.21421776047902427,0.462682429330882,0.10876917198242987,0.7354311553793981,0.20982726175120892,0.4586222379229927,0.11107183363685312,0.46165365468406816,0.13015230945498119,0.5004924514235869,0.1260485072300503,0.5166957411977292,0.11997955547808832,0.50957241811932,0.11474943914130191,0.49528574228279043,0.11008230454114425,0.5059186111081991,0.10676990262259506,0.5252241416687214,0.09759782625068025,0.5337441679782311,0.09217405850974093,0.5364601282945224,0.08715232039822274,0.4760502933573703,0.10670512438930095,0.4663470752389572,0.09585971072047678,0.4581775758873909,0.08935762140193926,0.44858250917365666,0.08375487513356264,0.4512927085419776,0.10961181047778357,0.4489028653937764,0.10309089456375434,0.47083592274968555,0.10667974354924692,0.48599312533749517,0.11026176856817876,0.43202800944258474,0.11422825532369942,0.43966230484947016,0.11013083651939846,0.4611773965214541,0.11129362603617751,0.47975146486340126,0.11303102230771846,0.7538369090146676,0.20116877202727365,0.7159016605426297,0.20628068719360654,0.7055159779589967,0.21370034377866678,0.7088445586702704,0.22126804177794226,0.7062932308052531,0.22706167030462107,0.7499304517698817,0.2179771097304696,0.745001515347198,0.22794821055058892,0.7318015799844821,0.2317377686658605,0.7208100476045123,0.23401992245766834,0.7771764097611321,0.2177451308303371,0.7686901176624173,0.22834579875776892,0.7497207413855208,0.2319652881622853,0.7346361445595014,0.23343543488702995,0.7934532258609155,0.2168242639647,0.789119805162952,0.22640459155346682,0.7699081127240072,0.22990236441081655,0.7534810962384835,0.2315175856077935,0.801644224832742,0.21563329748981636,0.8011867342944434,0.22331435065430655,0.7879362570067514,0.22633191046561815,0.7745998406292348,0.22759503656582014
0.28063613735764437,0.08800075638620562,0.2948800437677546,0.07986775709961903,0.30148663221016725,0.08012669974861354,0.3096425304892248,0.0804023003593858,0.2678419237345147,0.08016033590354534,0.25790696628695675,0.08063923006636568,0.24950733591116578,0.0812518682704725,0.3202807024570822,0.08542099613965606,0.23911221395395024,0.08604740429294333,0.2966914370650261,0.09809119961141821,0.2623392266707841,0.09833439162086778,0.37564053110709167,0.13720245712743476,0.18701358506920804,0.1403238828167682,0.4075048324822056,0.20405881015406532,0.1881750477620505,0.20571101428898023,0.4141964543240383,0.2622074434570395,0.2447156648774979,0.16613451988532102,0.42355711152261016,0.28296920590321206,0.26041988512944364,0.15214613732495713,0.4088348029199645,0.2826904622807836,0.2534926350232516,0.14367422649846362,0.40225864850935344,0.27690108225178606,0.25118906789045226,0.14666594661997825,0.2542838061690779,0.17150503727413124,0.2750972734909137,0.16607375894677534,0.28375986429516326,0.1582226818755374,0.27924633822556477,0.15150087110173277,0.2711453641170264,0.14537460766487814,0.276407041188245,0.14027814903206545,0.2863029735672762,0.12836319347065125,0.2907387743027218,0.12118620344650376,0.2923308282011073,0.1147083496793254,0.2601155448114277,0.14048988127389986,0.2538903561752373,0.12612820381215256,0.24956092838979188,0.11756209751934443,0.24463599072594047,0.11021642858284152,0.24685556382860224,0.14453893423739603,0.24635340230387584,0.1363233389765693,0.2583954211292709,0.14147490112694658,0.26634342931169436,0.146330711810688,0.23687844696452506,0.15083863261556504,0.240932230768237,0.14541397240331913,0.25286518077955544,0.14721651923919152,0.26284863130019753,0.1496987631014501,0.41276108534498146,0.26560794486059897,0.3916005011630991,0.2722031693573983,0.3858225174008258,0.28205891856505433,0.3876731144082195,0.29212350607173687,0.3863936833018195,0.29981299676258316,0.41029605869021224,0.28771830837612083,0.4074747557335948,0.30089058720422035,0.40020037252721113,0.3059320727841032,0.3941235051356547,0.3089690522734669,0.4253326790599274,0.2874083006830294,0.4205324169895343,0.30144556003975226,0.4102406473153419,0.30636863117293595,0.40207325101359725,0.30845993182685116,0.4343059113584678,0.28618814797683645,0.4316400590701561,0.2988962573552143,0.4213057402159636,0.3035782298433156,0.41256844474453824,0.30578635564747,0.4388957011491657,0.2845891022503857,0.4384833963469357,0.29481911891397533,0.43132616954685765,0.29878941867974684,0.424212044091711,0.3004441609448294
0.19048900093219573,0.17182367371824256,0.20009738578582964,0.15593899380385706,0.20456918734506913,0.1564439726803876,0.2101214079175769,0.15698413740595574,0.1817304608184566,0.15651067412043557,0.17498068368623315,0.15744770141509315,0.1692952336109678,0.15864789894621842,0.21729745116969287,0.1667798592530702,0.16219157662638842,0.1680043823744647,0.20134321821447604,0.19153148890594873,0.17805929191095707,0.1920012008867344,0.2549389711493501,0.26777278634631846,0.12686064569174438,0.27392059590113743,0.27652563112871825,0.3983728165881226,0.1275652993515011,0.40159342748371435,0.2810145049208673,0.5119455125465473,0.1659295034717363,0.3245426934220647,0.2874651655181712,0.5525926592163777,0.17662166671350138,0.29730106578304544,0.2773515306851644,0.5520581677603155,0.17201208672750976,0.2806377469961263,0.2728427209307145,0.5407350628249996,0.17046242362479203,0.2865308151720292,0.1725222821472545,0.3346371302758165,0.18667753131321096,0.32385750140296404,0.19240446140727466,0.3085579671366578,0.1890421787576565,0.2955051865319014,0.18321880706916943,0.283926830781224,0.1877153909019873,0.27399221803412416,0.19422268725517572,0.250432959116073,0.19704024451719654,0.23648093056032793,0.19773042532918345,0.2236732120420245,0.1766989543640346,0.2742566155493013,0.17238643123066955,0.24634730197994245,0.1690748145625895,0.2297336995588567,0.16535016000153585,0.21546253222625306,0.16766164120839783,0.2821894904089,0.16652765944116868,0.2663515049759784,0.17487229152877307,0.27594467952363116,0.18066471291114666,0.28510687083845176,0.1607466819620164,0.29439366567658365,0.16312912858606315,0.2843708046434145,0.17117621918991321,0.28768343828601217,0.17816904984704993,0.2921951000715309,0.2797947544583692,0.5190005589420674,0.2654718119078655,0.5317984823868974,0.26163190325315655,0.5509067024564358,0.26292005279073105,0.5703933874925231,0.26252040833983364,0.5855275401636818,0.27780739234688145,0.5621228257382118,0.2760546798159779,0.5885034363158516,0.27056259756068707,0.5984596306432759,0.26584588105243,0.6040717214633232,0.2882304861836479,0.5615473014920905,0.28490816357338195,0.5899191138852918,0.27705546512348095,0.5985973174207538,0.27094362777054115,0.6013342878800179,0.2944975596982829,0.5592202421217796,0.29259377442764534,0.5846616834560707,0.2848301820191885,0.5931124930872552,0.27844309621437113,0.5964461062489237,0.29783116099661294,0.55588269240576,0.2973198751568307,0.5764453998393996,0.29172782671709646,0.5837568317041824,0.2864441578754282,0.586100934039213
0.40061309702622644,0.09693292587108349,0.42073911914823137,0.08797070581545993,0.4301242160537351,0.08825606992565484,0.44182663855662097,0.08856076049672422,0.38211116128221534,0.08829306386765992,0.3678986692515182,0.08882099171694109,0.35596741252423997,0.08949808405201182,0.45685987804221,0.09408690040055712,0.340938363124095,0.09477614116997272,0.42336313122055036,0.10805501998773451,0.37445071280536424,0.10831626357748013,0.5360596230260152,0.15101556755006107,0.2667229215480257,0.15448401086968983,0.5814468600530356,0.22471873406023998,0.26801728755596194,0.2265378118808118,0.5907913524841251,0.2887992694169918,0.34873597323772154,0.18315443348911997,0.6045696961036685,0.3117802928503929,0.3711731400023376,0.16782310934587089,0.5830542323885397,0.3114817548734917,0.36158025189823545,0.15833953204577852,0.5734882904692825,0.3050817767809478,0.35836171068571976,0.16168560274933963,0.3628315595695637,0.1887325765296486,0.3924753029037536,0.1827053855546685,0.40443501054269376,0.1740427419711401,0.39727408506978173,0.16667509536311156,0.3850988079520817,0.1601243068678668,0.3944793675274912,0.1545047285222393,0.408014593592703,0.14124247869041412,0.41400109135981095,0.1333759102529569,0.4156275390014253,0.1262015282536731,0.37138421845029,0.15464178376218182,0.3622038106911775,0.1389926800895692,0.35540126484677514,0.1295681859814574,0.3477099115960683,0.12147069278878626,0.35235613761250156,0.15910421720504242,0.3499656591421725,0.15032939001489692,0.3674946153767034,0.15580002594288958,0.3795250914753267,0.16095886511886273,0.33776163016744704,0.16599362044769386,0.3426137954110118,0.16041616973729458,0.35933793114526713,0.16233010984841753,0.3737056646841863,0.1648952844174223,0.5874706750452038,0.2922566615802165,0.5575782813919246,0.29977646406270664,0.5497972232732844,0.31075493886601907,0.5526513428003793,0.3218280147032301,0.5515864592068489,0.3303707937345556,0.5837484901922348,0.3169385180732325,0.5795641458596738,0.33205788469424485,0.5678583435088606,0.33756956404235755,0.5579314986499699,0.34044283858174784,0.6056254587377239,0.31660473657389854,0.5982630850684879,0.33276594247406244,0.5817021080204762,0.33740149763775396,0.5690274004974103,0.33865148009201457,0.6186229185882028,0.31527885906206393,0.6149268928322055,0.3297534442645132,0.5985169440573282,0.33429695870950143,0.5849593091373656,0.335931589333353,0.6254545172349939,0.31341267666703226,0.6244506098020148,0.3250583748353643,0.6125332197110958,0.32908143990275146,0.6012381846316652,0.3303110182124457
0.2160451728180384,0.1031588033948816,0.22684136069211375,0.09363533270676674,0.23188191788938597,0.09394291509249275,0.23823589571561168,0.0942678445713354,0.20611645113224641,0.09391627913508603,0.1983426396669375,0.09445265542589774,0.19193588557692778,0.09512087657713854,0.24627846456769023,0.10015733912114139,0.18370721554704947,0.1007848589164284,0.22815079067730284,0.11502510503772348,0.2018134646687268,0.11529553196628908,0.2888913318710316,0.16069731050236233,0.14357309920567107,0.16443582808039128,0.31340186587188945,0.23918355541612016,0.14462750211279238,0.24184512095591548,0.31830886121067237,0.30742917508717366,0.18893055669949232,0.1951061978903447,0.3257822894373789,0.3319441566070168,0.20071632446104126,0.17872650939746515,0.31410297209824495,0.33162755651396725,0.1949995402071321,0.16859765644692232,0.30894578833695857,0.3247900902563511,0.19358783750471883,0.17218548027897543,0.19591455741002045,0.20151073076351753,0.21159922154165964,0.19520530228524824,0.2180758867221167,0.18576052969211818,0.21475684336175346,0.17799530334981412,0.20758368613679345,0.17142040046873352,0.2124376557965571,0.16460081666542437,0.21944101112934253,0.15043239237655204,0.222491409339792,0.1419633816039324,0.22327794028422893,0.13432942304441065,0.1998497811091284,0.16488496135540043,0.19457362628061622,0.14851229513268033,0.19085771339788482,0.13862249138275307,0.18671486398617296,0.1301840865836402,0.1897390985384422,0.16979498827281977,0.189087426411718,0.16097569832135622,0.1983852772014076,0.16703417928326625,0.204549699448825,0.1726051756412568,0.18234023299632085,0.17727549980024376,0.18600719813912972,0.1724594739645626,0.19528741527168547,0.17488160095014937,0.20287369142159176,0.17774846707733857,0.3168157618462274,0.3112204500770539,0.3006280396558021,0.3190152255759695,0.29631622389295376,0.3305649549367327,0.2977526311744209,0.34254119334765476,0.29705451793088866,0.3517877571509777,0.314683086993969,0.3377131253615616,0.3127763574033455,0.3534754102998294,0.30697580704266947,0.35938663217067324,0.3019847088865521,0.3625775239201499,0.32652227949891366,0.337400808158035,0.3228881249303051,0.3541771645292672,0.31453196630291647,0.3594052655211953,0.3080063907948221,0.3609860689197398,0.33360454981213983,0.3359220154008561,0.3318068645623781,0.351026904608317,0.3234097270118339,0.35617541060144786,0.3163623997730696,0.3581743241369308,0.33718595305848786,0.3338664787285628,0.3369582868317297,0.3460418436913326,0.3309553110661052,0.3505463310306732,0.3251161512270088,0.35204119852904875
0.48013309897388884,0.14203920493904285,0.5036079944747355,0.1290011546645756,0.5147825990295481,0.12942149209112808,0.5289481914363711,0.12985970255524287,0.45802035094241356,0.12931024800532473,0.44052120775775433,0.130022965326241,0.4263364749759075,0.13088941952038757,0.5465639194197673,0.1380050255679751,0.407665813606075,0.1387566131518151,0.5066052886930831,0.15849603667194317,0.44829344469504906,0.1588394864950842,0.6408162707050262,0.22149029069025655,0.3183579024648309,0.22677865896149416,0.6952938163104352,0.32978727072566383,0.3233531807725655,0.33447646577734613,0.7060198943892528,0.4237600030365905,0.42261289756770565,0.268772419679633,0.7226830291416878,0.4576770291226049,0.4468064975550012,0.24579861844840364,0.6968261526924112,0.457296108212671,0.4334950582133733,0.23177482942293295,0.6853330766375612,0.44781617242243765,0.43096014788126213,0.23693809601463256,0.4359173667149606,0.2781699957461074,0.47059704328673435,0.2695489624322731,0.48462312116809353,0.25705899628178763,0.4771883578083527,0.24658127540906777,0.4619484427045564,0.23747620382113316,0.472286706913127,0.22782627771439562,0.48757544103703504,0.20826090787159013,0.493695714248454,0.19669966883647366,0.49465854149496274,0.18616958427622543,0.44389326056165046,0.22828217913150775,0.4315059251644598,0.2056189375009455,0.422453606498684,0.1922228802215372,0.41252221355687996,0.18074423091173547,0.42134523495538895,0.23520894431841682,0.41988401115171725,0.22317012621955773,0.4414487138208735,0.2313710808585898,0.4560351455427102,0.23888375584200522,0.40518544781088184,0.24562943313734467,0.41378769106857977,0.23922005645012132,0.4342244116078919,0.24254831312956593,0.45083499330751536,0.24641272260228714,0.7031616168253423,0.4288570675138234,0.6672376775795037,0.4394027155126782,0.657500150083571,0.45558681331743606,0.660188764265405,0.47227461452931185,0.6585028070122105,0.48503490917500247,0.6986218628474771,0.4655603324463339,0.6936574248838924,0.48712876667147087,0.6807075228861059,0.4952585166621984,0.6698886748393252,0.5000313172794001,0.7245666411924562,0.46516844812890873,0.7162560673778618,0.48818700382953,0.6977146865179455,0.4956894245769178,0.6832535799973134,0.49847470508359815,0.7400156344679377,0.46315980620885,0.7359740281117221,0.4838828313821926,0.717364272964148,0.4911545989027441,0.7016997568531366,0.49426437327101147,0.7476425760439595,0.4603885174634784,0.747152449677739,0.47710338219174886,0.7343577174832536,0.4834477451058769,0.721627431927216,0.4858379212733515
0.11019180271360424,0.119989140794656,0.1154971034714133,0.10901703335984937,0.11805957706080694,0.10936881081302013,0.12131660271606297,0.10973080408693725,0.10511250488029085,0.10923923758778838,0.10106420277539963,0.10982832021249149,0.097817046049733,0.11053378704087594,0.12530775757035814,0.11662536510241513,0.09345904844083516,0.1172054390096956,0.11619634597266178,0.1339533900239258,0.10285705197904849,0.13423064302424506,0.1468515738181914,0.1872329539998377,0.07292816340676138,0.19178658521058628,0.15935389130928596,0.27890571110081147,0.07452484465802588,0.2834088708101724,0.16179459105457453,0.35824888801513055,0.09727968061514078,0.22705151741336554,0.16562439493158782,0.38700857027774216,0.10257338839143475,0.2072814819611523,0.15970885585319464,0.3867178285053827,0.09945507919350956,0.1955302419897561,0.15706661950853248,0.37866455361687607,0.09894093141407855,0.19999932735965698,0.09995665787379107,0.23542119919724863,0.10784423980286076,0.2280002682203488,0.11108524191668967,0.21748592839162695,0.10944902790123179,0.20876207115065487,0.10625872685855614,0.20079157600551562,0.10824117740504885,0.19290533505209892,0.11173676874552387,0.17626714132531648,0.11317068555046447,0.16635701747034948,0.11341309232195912,0.15739287375567637,0.1017814780991798,0.19329693881358775,0.09895052145291526,0.17398892418386835,0.09679235071695111,0.16233862721524747,0.09448479595236584,0.15234881833818592,0.09660257823659994,0.19903657739466443,0.09627251103079479,0.18868961175834523,0.10102562077513584,0.19558680571731446,0.10424391864632554,0.20194508070111383,0.09285086377033902,0.20775827967265592,0.09462726475800555,0.20187297855627434,0.09936272198538676,0.20458597973246911,0.10333303609434476,0.2078914985119526,0.16112989297610206,0.3625784192786264,0.15287021373711202,0.37154753723115697,0.15061236491076704,0.38510572176314706,0.15125315444562276,0.3992274048104692,0.15090007875272093,0.4100409442361811,0.16006537964994788,0.3935576486003347,0.15897260961980555,0.41176028064011283,0.15603760136908393,0.41852735048105827,0.15360667547699183,0.42246898840804686,0.16600264685334587,0.39323203855478545,0.1641373874688175,0.4126854888816013,0.15993744485557887,0.4190456109765269,0.15666198705694073,0.4214910564858151,0.16957068640525755,0.3915175953750653,0.16863267538915175,0.4091027414058923,0.16438868071384097,0.4152647689338949,0.1608235188074229,0.4179299558562871,0.1713652850145369,0.38915290426799737,0.17125574433299287,0.40333003305456455,0.16831636256819504,0.4086961501199144,0.1653930423753815,0.4107090151656241
0.19076249003547244,0.1351416584246154,0.19981084947811623,0.12284242280041045,0.20424616809546117,0.12323735406011381,0.2098939821759501,0.1236472238770962,0.18194115433078534,0.12304241319254064,0.1748863234581729,0.12368594907356338,0.16927788266003557,0.1244482355275773,0.2167559354691941,0.13144011038333284,0.16165810600441316,0.13202816541226065,0.20107653667867595,0.15093738391112071,0.17805088116782514,0.15121923504041862,0.2540200459864661,0.21101093838574364,0.12605539896908105,0.21625309363003078,0.27563072895707563,0.3144709483625305,0.12955452547457993,0.31953179554243366,0.27976657831193663,0.40379300180914607,0.16947499015506995,0.2558899073371294,0.28653858562646034,0.4362862996942712,0.17826634386685028,0.23352818371338524,0.2762423791457028,0.4359771555651524,0.17263231536643328,0.22024064747271513,0.271617459489881,0.4268653661167513,0.17184322788645143,0.22537423337345247,0.17303772977051904,0.26556368238839984,0.1867550284835704,0.2572234931644434,0.19223443493723505,0.24521707517766111,0.1894550077614674,0.2354728807170167,0.1835310656629724,0.2267670072987387,0.18725003819979277,0.21752214050694865,0.1934583708976724,0.1988438852524745,0.19602941445607344,0.1877315527024478,0.19643921219245553,0.1777722284071496,0.17589889513528215,0.21804856942152676,0.17081883217047286,0.19631108756417784,0.16716278236876606,0.1833793921408447,0.16308785037449303,0.1723656029344336,0.1669687651230006,0.22464299282087416,0.16680361212040634,0.21314806519139098,0.17532619085410767,0.2211817400567032,0.18095437856423985,0.22847928007438725,0.1607008410225526,0.23460662701778343,0.16434615166013347,0.22815932466665087,0.17271104001447501,0.23128004041666314,0.17955646814496193,0.23503999127723457,0.2788147815371157,0.4084931321389575,0.26433459671288373,0.41869941744902844,0.26037528606625665,0.43419723924896414,0.2614627031423254,0.4500466102269207,0.2609533599294941,0.4622453484419491,0.27674799652608223,0.4435932995807456,0.27505675350953523,0.46408224311841917,0.2699472783850177,0.47202740064004994,0.26552256743182984,0.47666211542930703,0.2870797956650858,0.4432506624026663,0.2839600465698326,0.46520084520943905,0.27657728764980244,0.4723721562443449,0.27072567053419655,0.4749968863254809,0.29332854268673747,0.4413810416936241,0.2916986005723543,0.4613093327759605,0.28427520816193735,0.46813939456720416,0.27804129872010874,0.47097746477808766,0.2964882458558715,0.43871558669472255,0.2963761421323934,0.45493440389976286,0.29117402527979336,0.4609439407783584,0.2860434224936076,0.46307241125619364
0.20103052864297244,0.18510374229258025,0.21044859132651186,0.1682925859070338,0.21512141452313735,0.16883457618776562,0.2210927017154917,0.16939770864314516,0.19165121178916839,0.1685486564235212,0.18416361191386207,0.1694304602486053,0.1782502762096264,0.17047195629817333,0.2283064854234093,0.18009956469574587,0.17018111977053058,0.18088541557435198,0.2118298299796331,0.20678321591006527,0.1875823459903146,0.20715694450499145,0.2674553917513168,0.28907963113272134,0.13260403220854225,0.2968927280288586,0.2902268661029633,0.4309115469620752,0.136307932823464,0.4379904974812743,0.2945002346750766,0.553263838701118,0.17995210517112387,0.3505805158007664,0.30168280486252264,0.5978255379804541,0.18909986984091234,0.31964868862046164,0.29079943695631405,0.5973653641625601,0.18313093577426984,0.30164333714170827,0.28591690873301706,0.5848838749416114,0.18234561467273824,0.3088054051806466,0.18219398801841502,0.3646020310474432,0.1970064299072931,0.3534628322235355,0.20290100981541392,0.33696963412843034,0.2001226835154065,0.32353086727195407,0.19335436726761124,0.31221309838832967,0.19735273157454997,0.2986197559638375,0.20393177115663283,0.2727443112885357,0.20653926514393378,0.2574478103191402,0.2068700638653245,0.24370557194041317,0.18534860680357512,0.29947560120170624,0.17985248951598995,0.26984295439842115,0.17585342157832365,0.2522484616769338,0.1714278611403191,0.2372589851159429,0.17588263955591213,0.3086741485555557,0.1759175673238308,0.2926943425096767,0.1850897975800643,0.3038758256828798,0.1910838316542996,0.31401944075364374,0.16924658281503738,0.32240485256444534,0.17340564023124783,0.3134531056966608,0.18222492470056753,0.31810168192405097,0.1892737935148481,0.3235947191414226,0.29328092336873274,0.5599433147109383,0.2780658201448136,0.5746145827782375,0.27392671815743386,0.5959057784817933,0.2752461295859699,0.617578934467209,0.2744095472556964,0.6339766049613615,0.29122595252651223,0.6081905078667307,0.2893276952427272,0.6361249501494678,0.28416941298380827,0.6466595077987763,0.27983262536677533,0.6528457331210172,0.30213448964989337,0.6074644680751012,0.2989708274796447,0.6374620863595531,0.2916526987953096,0.6479534088872154,0.2856517437630983,0.6521565232478274,0.3087816775981795,0.6047066778099909,0.3071439482424693,0.6318152992448914,0.2997760578702871,0.6421287773022627,0.293370365215642,0.6470411678367362,0.31213162888728097,0.601088688770457,0.3120719702295282,0.6229009077223719,0.3071114889495621,0.6315741033116326,0.30196702553673516,0.635390253325379
0.1872316183464904,0.06966256153289194,0.19591197083789402,0.06334579334896992,0.2002662174830788,0.06354940116272496,0.2058389113536657,0.06376157053552724,0.17843079275501333,0.06343264278348526,0.17141148794994093,0.06376295036875101,0.16589789834323862,0.06415057519008044,0.212524959122624,0.0677972106781462,0.15835239708824184,0.0680874701346234,0.19722623844970646,0.07783820053566917,0.17465960371647357,0.07797488408340657,0.24895656121334353,0.10880054667583976,0.12321765438053124,0.11187749941561977,0.2702068354835823,0.1622133444863576,0.12680893334543794,0.16496069133080477,0.2740643573165088,0.20828884851877835,0.16803618049441313,0.13197740283458967,0.2808791315319955,0.22506392840649878,0.17652030940553676,0.12023715071664298,0.27063392738062664,0.22489454328229055,0.1709720643297799,0.11350964903688948,0.26606007088477795,0.22019708238106742,0.17024761584381484,0.11624564639987141,0.16993445017904485,0.13719315358317316,0.18327104237486413,0.132863095647092,0.1884993709992188,0.12686247880723886,0.18618068507618374,0.1219823713130083,0.18062512038757614,0.11749501238941595,0.18394307298815582,0.11248780012143153,0.19004046074884434,0.10282776196688269,0.19255467263509882,0.09702630262543825,0.19290279428088788,0.09181911343590198,0.17281618819794212,0.11276703504010371,0.16775585649434022,0.10155083698748978,0.1637134661403656,0.09488648740169847,0.15931500130611156,0.08916209151033586,0.16395714914590392,0.11616091616314005,0.16398020270661287,0.11018427922354457,0.1720694910940303,0.11440136978975511,0.17739186923071845,0.1181854564460889,0.15775818834119804,0.12132621116715152,0.16110110489997556,0.11773574383901768,0.16928960516597463,0.11940159341438086,0.17608233468234769,0.12142396740626167,0.2728553547528496,0.21080504268760733,0.2586802268502385,0.21632292510958667,0.25490579657550966,0.22435869705862216,0.2561205517967759,0.2325019170446331,0.25535145581893504,0.23866578746310618,0.27108338595388953,0.2290001546264077,0.26936046500057187,0.23947230704639955,0.26456843681846093,0.24339303015718666,0.2605491966183267,0.24568856403409228,0.28119230792933564,0.2287031843769479,0.2782905000042346,0.23995938346506632,0.27148939908313485,0.24388093541765335,0.26594458842983004,0.2454767196049502,0.28733118780627215,0.2276487092342737,0.2858282630761443,0.23781396414052003,0.27899741147055424,0.24166376476547038,0.2730849888240453,0.24349923493146222,0.29038797404451894,0.22628724239128575,0.29037867963875824,0.2344967132093519,0.2857931675717131,0.23773243624710666,0.2810038654624234,0.23913675797861478
0.25634494527339147,0.07792388624967292,0.2681758030131202,0.0708652751706344,0.27413473848368314,0.07109097133159542,0.281784820469449,0.0713268837792336,0.2442387856373449,0.07096180564418392,0.23459954720336687,0.07133358574759531,0.22705140168243831,0.07176719572421797,0.29100904235962616,0.07585238791548134,0.2167241214873113,0.07618147458364512,0.2700222924753144,0.08708414398284461,0.23912156041426064,0.0872358655873603,0.3409615821927614,0.12170864115205479,0.16846869159945443,0.12528240255482245,0.36991280139617877,0.18147305412325837,0.17348289342709652,0.18470241233111107,0.37509945798371347,0.233090518525829,0.23006757535801206,0.14771652508300684,0.3846288136088374,0.2518536484215704,0.24183301162592735,0.1345402129170957,0.37043255986083773,0.25167870175688295,0.23426481664181395,0.12700183679630195,0.364137704080357,0.24642286220987208,0.23326359198394145,0.13006514214653844,0.23273459460914092,0.1533761266107527,0.2509193402117972,0.1485851886992483,0.2579819802703724,0.1418997328916577,0.2547743011728175,0.13647383616631137,0.24677690079403394,0.13153229364501826,0.25174288109227244,0.12577804262069234,0.25999979349710006,0.11497296273249573,0.2634557921731188,0.108507175529415,0.2639498168212943,0.10272251274299488,0.2363230372481911,0.12605504677529042,0.22914547631052554,0.11352489498354905,0.22389520490610174,0.10608893463399352,0.2181498659876518,0.09971803929427324,0.22407854366029473,0.12985631682102888,0.22445924844878437,0.12337083468262104,0.23553082640798934,0.1281845866845391,0.24259282018350214,0.13245133793851974,0.21562884795561268,0.13563379290552652,0.2207285500947559,0.1318943580018424,0.2318985687149608,0.13385812957099968,0.240879465032156,0.1361389906526921,0.3734857185534807,0.23590863299581333,0.3541244587005357,0.241901604761124,0.34901371099632655,0.2509066476468368,0.35056625917115414,0.2600917585126832,0.3491528381137529,0.26708416657877754,0.37102684651318896,0.2561889789367114,0.3685820164412523,0.2679499007182823,0.36180503349624427,0.2724549512058035,0.35608105129535533,0.2751421033128957,0.38484652287134724,0.2559694578598069,0.38068275611252583,0.26849033648777737,0.37116685492570034,0.2728901997926152,0.36348178552505805,0.2746984245772013,0.39319520747103126,0.25487688948924203,0.3910618564586537,0.2662416364240723,0.3814667268436824,0.2704836873418267,0.37317611959010305,0.2724579439086568,0.39734875120686614,0.25340513302193507,0.3973604136784916,0.26259302583691274,0.39085301889999996,0.2661554592271193,0.38418234951875163,0.2676071730154577
0.17309577576161145,0.1538485726987281,0.18108292846748633,0.1399139570579224,0.18510759608588317,0.14035845440078454,0.190284138064104,0.1408246517941325,0.16491881261566396,0.14010005111503726,0.1584061396202124,0.14083258906092097,0.15330905640398865,0.14168198063437307,0.19661340730448673,0.14976477091575338,0.1463441666549747,0.1504113720845212,0.18234750494554974,0.17194323157505448,0.16148374844952457,0.17223434097716203,0.23037754968143465,0.24023949046848622,0.11371035789508271,0.24751493692524656,0.2498478621066119,0.3583126483909429,0.11747208365666131,0.36513840655316687,0.2532766683497832,0.46051922040599114,0.1553770073795974,0.2915173963453563,0.2597525177826667,0.49757416836047974,0.1633449201955229,0.26534110188832266,0.2501221396305498,0.4971570197389634,0.15821840193117043,0.2505014089740405,0.24587143305765508,0.48681393929961686,0.15755474473754605,0.25653849617387947,0.156675213995196,0.30286677241447246,0.1690204298763892,0.2936418167241299,0.1739301125975186,0.28045265919349527,0.17169011336889875,0.26939254084432634,0.16625602463702074,0.25965529335809373,0.16952314638233412,0.2485763461060584,0.1750374575213257,0.2268969553998058,0.17737286280216868,0.21396139510346857,0.17772094613074738,0.20247372542401731,0.15918953041762993,0.24899832158444213,0.15424460101151083,0.22409402874447906,0.15078305720301846,0.20907867568997432,0.14702435626949892,0.19630140301022045,0.15093637135700153,0.2563630440878322,0.15048755629532198,0.2437419784829085,0.15798569843747362,0.25284586744863236,0.16289617455612668,0.2611127128562094,0.1450702875909461,0.2675618721556869,0.1482000028026263,0.26081715109475,0.15561493737948145,0.2645976827090697,0.1615823380093115,0.26889870345378714,0.2524758128893756,0.46582368643827626,0.23916006356986566,0.47779166998687095,0.23558055146707035,0.49569806063995037,0.23670715611576496,0.5137055240114002,0.23578504967880015,0.5273532121390223,0.25033106103347413,0.5058775272758254,0.2483900338267169,0.5293045938601824,0.24355614040403753,0.5385161924724694,0.23936739817774264,0.5439169875879276,0.25971661654472,0.5054996176717744,0.25671630446915283,0.5305076047127169,0.2501535581724877,0.5393126238555938,0.2447469904172125,0.5426969162930169,0.26538048311692625,0.5034571082218242,0.26380600556611145,0.5259260437179981,0.25734772988837756,0.5345974504694846,0.25171438928589507,0.5386839257486122,0.2682679542296873,0.5005660290124144,0.26818200944293413,0.5186844684809799,0.26379830961013173,0.5260087660581053,0.25923946727397584,0.5291477626228263
0.25923603729713457,0.10347679794054143,0.2711981104968671,0.09410524934812697,0.277228337308001,0.09440324816739656,0.2849939745737792,0.0947173049178759,0.24698509042313996,0.09422565234606055,0.23723273003216794,0.09471575859857422,0.22959845974062362,0.09527919956873909,0.29457157010485185,0.10073324266876457,0.21918308599784003,0.10116462377241396,0.2731137365383235,0.11565017215380241,0.2418720115365836,0.11584323116815523,0.34522183357930586,0.1615458106395928,0.1702558463125118,0.1665537021380239,0.3742522565957739,0.24100543607246777,0.17615449821977486,0.24581786161609454,0.37931118466400837,0.3099428974202397,0.23263834647722756,0.19603267732990393,0.3890430639857358,0.33484779014854926,0.24465954595445297,0.1783824990361271,0.3745876471002565,0.33454003762291523,0.236979204396196,0.1683890222199607,0.36820955400641986,0.32760636986185904,0.23599066234554242,0.1724398330306104,0.23480082955415496,0.2036330116206621,0.253273387618026,0.19733993986569667,0.26052157713001023,0.18833817849090131,0.2568007356843449,0.18089919317343162,0.24830627533664434,0.1744506638517479,0.25374538789401824,0.16702224388335304,0.26201201676803343,0.152475633381848,0.2654338553956913,0.14374735361893268,0.26586242808178423,0.1360442765561117,0.2382652343489303,0.16741076885251016,0.23101673294249056,0.1507385640493872,0.22591356041792562,0.14067889637080494,0.22027933560046012,0.13215722165920196,0.22597850872525457,0.17244394721952164,0.22570683380239584,0.16381989357569157,0.23717797027705204,0.16998864405756983,0.2446504861631265,0.17559247721918075,0.21730652102390594,0.1800592829065821,0.22214945475564718,0.1752973191493975,0.23342114215206863,0.1778511109561025,0.24245929394417604,0.1808606541385282,0.37799297017388966,0.31336962495580295,0.3580165461582919,0.32141501932864847,0.3525343327575911,0.3334127498612303,0.35433735004849454,0.3455653922007769,0.3530119768380163,0.3548005428363273,0.37465994720546514,0.34025870423420573,0.37180801400859315,0.3559529075589951,0.3646079453554577,0.3621553971887137,0.3583747198101431,0.365826233266345,0.38882289620438554,0.34014829283791376,0.3842775543395435,0.3569019138011922,0.37431938816429133,0.36274851209624703,0.36610331589630124,0.3649480638413887,0.39736185349440434,0.33886525363887404,0.3949104818910979,0.3539274671690707,0.3850234276517,0.3596337912136274,0.3763847532486223,0.3622601830613923,0.4016552737519027,0.33697860415242537,0.4012706930361524,0.34907378778561265,0.39445449219715467,0.3538758578877621,0.3874524616711458,0.35586922439678653
0.022462060673942782,0.055738877120443044,0.023499275035550403,0.050695642455557424,0.024021908911413745,0.05085547235144731,0.02469439401115434,0.05102446629547295,0.02140019583490937,0.050754841226402364,0.020555159966978626,0.05101639544929497,0.019894040725584393,0.051311605213839616,0.025528742214505542,0.05426538789816581,0.01899237246088639,0.05449326773109676,0.02366517641627728,0.06229448507034569,0.020958196238061704,0.062391482241296474,0.02992637709210513,0.08698874870148023,0.01475000792282263,0.08973377127815092,0.032432873155066905,0.129842612255493,0.01522847298186488,0.13249959060828098,0.0328672002827727,0.1669906853649649,0.020152086375934943,0.10561740011816226,0.033715583365100964,0.18042532317914947,0.021191165448677513,0.09611310229719192,0.032457892971413146,0.18024674675451458,0.02052797687981261,0.09070168475224864,0.031903676113718235,0.17651809875284946,0.02043980010806958,0.09289755051924349,0.02032937420533127,0.10974555689046842,0.021928658059102726,0.10633411840033286,0.02254965190837291,0.10150754128483225,0.02224404775926237,0.09749390684175872,0.021514297110319464,0.09404403287865228,0.021965236768074308,0.09002668908824614,0.022669199324240635,0.08215910308117397,0.022945526607705817,0.07744868432818075,0.022966742361860953,0.0732745678377046,0.02062789785708881,0.09022173893548627,0.019975180754410994,0.08121569994890214,0.019513108166339756,0.07575865441603813,0.019018486138146853,0.07113309075294046,0.019561862190734226,0.09292543847815274,0.019484568691640107,0.08834686742059206,0.020462628341901795,0.09156324852416364,0.0211094218660053,0.09451459977654925,0.018797337059880605,0.09699635670381411,0.019162610678414356,0.09452129469612519,0.02011634028815336,0.09581343679225383,0.020896614442381393,0.09732487520111385,0.0327572453836751,0.16884134811098708,0.03102241028541326,0.17320649598909302,0.030538040951224598,0.17966914407596482,0.030706570171935992,0.18625255705221438,0.03059160152916568,0.1912171264120827,0.032471194320130084,0.1833768026000405,0.03221603646259308,0.1918112251312092,0.03159172757130521,0.19513391070102043,0.03105507683299751,0.1971183813666753,0.03369558244000821,0.18324893566759903,0.033293844646175075,0.19227631094066958,0.03243949294394074,0.1954861931470852,0.03172924519165081,0.19680251385479047,0.034437096597912185,0.18250221087651824,0.03420270665500308,0.19065604993140509,0.033346411741027,0.1937998725822752,0.03259282393242041,0.1952977854441541,0.03481722484766107,0.18145896447854346,0.03477385390585976,0.18802610759393168,0.034186625612668824,0.19064532901289494,0.033585707328412595,0.19177012073759653
0.23376110453386895,0.10304767537529788,0.2446574586565657,0.09372307127198991,0.2500981729572131,0.09401922629664033,0.2571002254185964,0.09433109717719011,0.22274593575785723,0.09383363981027952,0.21394939080590186,0.09431704699293597,0.20707190079736804,0.09486251612538563,0.2658681519560862,0.10032136117498895,0.19774043534094715,0.10073926355516294,0.24631309288518963,0.11516893520157204,0.21818967248441787,0.11534688329411215,0.3116457979467268,0.1605799879394441,0.1537752621368584,0.16558256440633423,0.3376673860585061,0.23962226839883194,0.1583477103563064,0.24489078084328625,0.3421984742379469,0.30867552297124706,0.20749513445586673,0.19610961439088892,0.35105338146209897,0.33357551597804475,0.21949854960406065,0.178983959100656,0.3379442986943556,0.3332457826856679,0.21266835500894607,0.16821039489945308,0.33218444083913423,0.3263518534889881,0.21165715763302814,0.17229641986255853,0.21039012288622055,0.20312373678084594,0.22747603982141404,0.19711818902606829,0.23459741606520862,0.18840545790222057,0.2316964252707721,0.18099648073096278,0.2238006234771063,0.17431075352059647,0.22813533520485144,0.16644708283688414,0.23556658349441378,0.1517785232114676,0.23858089570717886,0.1430409394303529,0.23904808864370264,0.13521275661282214,0.21397413715960875,0.1666869256151192,0.20704329578103656,0.14998823981305365,0.2022956803561939,0.13976664713612036,0.1972602730106019,0.13103926646499975,0.20259492768161,0.17166349251472934,0.20160552906989407,0.16283146027279516,0.21179564074722113,0.1690296683914227,0.21848941554079612,0.17465786834051786,0.1942886070587188,0.17928203766243647,0.19826876396342902,0.1747557596540266,0.2080213461731587,0.177258797191166,0.21587593530629262,0.1799789017118269,0.340947034919247,0.312359542612851,0.322907545982956,0.32031356378697534,0.3180868169402582,0.3323406051405651,0.3195416935273314,0.3443248826396989,0.31846448354463824,0.3534136792111424,0.3377931945378281,0.3389576564999194,0.3354779701668163,0.3546471125490874,0.32936836741870656,0.3608482896054591,0.3240731568545274,0.36464094727888513,0.3506653714981836,0.3387562426482604,0.3469958101384833,0.35565055775192,0.3380769134258071,0.36136580472548646,0.3307921067421009,0.3635654391270507,0.35840528600144356,0.3374479586263425,0.35649798122163917,0.3526458812454134,0.3476262727373093,0.3581021197628188,0.34003108487873906,0.36063801075659213,0.36229465714940334,0.3355111797551994,0.362114907782142,0.3476781096496369,0.3561185460635562,0.35239936184192266,0.3500687525861273,0.3543970805995331
0.3141340158790055,0.02391490018247564,0.3288061518042535,0.021750031006220614,0.3361201623885404,0.021818937292472806,0.34552798536674173,0.021890997591639687,0.2993527994656222,0.021774093698595946,0.2875250390025347,0.021885834715114714,0.278280098509588,0.022009135593326463,0.35741574189890607,0.023278041894740736,0.2657567653729004,0.023371182322275415,0.33100911671039573,0.026727736241695374,0.29324436415413413,0.026767358731116523,0.41888027418620194,0.037219364491878223,0.20692235487851388,0.0382903702311569,0.4538018756898761,0.05556468869740538,0.2127812627214348,0.05673014661010274,0.4598969505322001,0.07162164875536331,0.27857991680076366,0.04551401086200691,0.47180274909954295,0.07741738525016305,0.29474210515827737,0.041552476829485735,0.45418093848885693,0.07734089315849038,0.2853404222339642,0.0390384309270513,0.4464357196625981,0.07574091254758451,0.28411441012491023,0.03997918725505078,0.28261142936803546,0.047165034723970156,0.30531189282125115,0.0456850618783046,0.31413034265028655,0.04363381156933448,0.3104496954497704,0.04192476680928103,0.29994716028319574,0.0404119792897625,0.30579564263872305,0.03864019069945942,0.31564911468944834,0.035223530998540524,0.31966042449876575,0.03319407734497471,0.3204243480361759,0.03138413975538653,0.2868198691186051,0.038719199531693754,0.2776749700901814,0.03486108800880915,0.27123246903152004,0.03250673544129447,0.2644102209449989,0.030483796846200648,0.2716788923630387,0.03988059766366502,0.270240301144885,0.03786361772681619,0.2839128687079906,0.039327587596185355,0.2929400263511523,0.04063928172203311,0.2608299393174221,0.04165419455470586,0.2657978551176882,0.04062128929143668,0.27890213458471586,0.04117530540816401,0.2896660271770556,0.04177891554745049,0.4582051406107371,0.07252875580916932,0.43398062935358184,0.07443246624631764,0.42768874867842205,0.07720002685450757,0.4295732230474005,0.07996078773434194,0.427819004249761,0.08205885006473619,0.4540369623278912,0.07870001716880505,0.4507201088187397,0.08235589014871446,0.44255131630431704,0.08378402072671758,0.43577485753462125,0.0846648281651426,0.47121470839608887,0.07865152624204479,0.465948738894914,0.08259831243366536,0.45387912152911364,0.08389018965375372,0.44440575662671084,0.0844038829284486,0.4815571520109944,0.07834498206581691,0.4788960778643206,0.08189508077466515,0.46692913084242055,0.08310404789116008,0.45703388481802837,0.0836485437412126,0.48686673210019565,0.07789584415699448,0.4867203071200839,0.08072374184096376,0.4787568913055081,0.08179586685046653,0.47083625780189453,0.08224143344620402
0.012435380634317896,0.0038086661932540174,0.013017255876580251,0.003463843267210613,0.013306525726945082,0.0034747919280814425,0.013679269642333168,0.003486127757794209,0.011852012951036429,0.0034673669415877647,0.011382647377750393,0.003485066456643989,0.011016660072133654,0.0035044315962723793,0.014152742635673244,0.0037069100815161383,0.010521674974075367,0.00372109648368724,0.013103124689370568,0.004256624149738488,0.011612061362944601,0.004262825548741013,0.016582661835117484,0.00592014492421209,0.008193636612223464,0.006088626997004311,0.01796363874923618,0.008844003833332628,0.008423962169558766,0.009028043756675508,0.018204345110508162,0.011404027069978825,0.011020856582506408,0.007248494688369862,0.018675602962163706,0.012329825823052733,0.01165711326803498,0.006617589794168819,0.017979518207643954,0.012317708442929828,0.011276942070956256,0.006214713695208359,0.01767350650458619,0.012062829243783404,0.011234832997273674,0.006362899156294715,0.011179985433459938,0.007513241927434404,0.012071500136558133,0.007277423387829098,0.012424612822036721,0.006951098013483515,0.012263503315117517,0.006685237438600707,0.011860181464178774,0.006441891903944566,0.012082381984447265,0.006156167996126444,0.012473899011794987,0.005605817920006062,0.012630454221621477,0.005280930454160608,0.012651730415175732,0.004991921149529401,0.011325943171694636,0.006170845894072938,0.010952945527078846,0.005556984672032863,0.010697810810510326,0.005181235121355196,0.010429599060599535,0.004857382681728573,0.01072329349255303,0.006354873452742223,0.010681474496948184,0.006027501202698947,0.011221579921461623,0.00626024454494228,0.011575393925929135,0.006468083888981485,0.010293161870184003,0.006635474264134232,0.010519103471115976,0.00647389992232364,0.011044329386958901,0.006564012633093082,0.011468948813128389,0.006659478217139606,0.01813139083031878,0.011547185260859428,0.01717031725725807,0.011850558709844661,0.01691920942309547,0.012295909523382194,0.01699749771884696,0.012737970303354045,0.01694548750350366,0.013074522293151994,0.017970459504037008,0.012538669281626783,0.017854847353801755,0.013126474530039482,0.017525861752076304,0.0133531519694951,0.01724811947623065,0.013491578611946758,0.01864870338769216,0.012525544180605901,0.01845173395840632,0.013156352733391852,0.01797427684601331,0.0133655135519215,0.017592083655061028,0.01344655265305129,0.019058366331155763,0.012471923743172582,0.01895225334706319,0.013040439070387926,0.018478917196452657,0.013241469085639527,0.01808022447847435,0.01333202486387945,0.019270794712545038,0.012398943318058204,0.01926499885277071,0.012854611421321131,0.018951576260640954,0.013030972882361639,0.01863319882134554,0.013105805947736306
0.319334482985426,0.18550020821401744,0.3342663260186325,0.16869214110339903,0.34167918327729085,0.16922436250143863,0.3512601363274567,0.16977508820275253,0.3043717528944916,0.16886137707029406,0.2922772008395373,0.1697222599850657,0.282882430142678,0.17066261731423918,0.36343728564460515,0.18051933903890285,0.27016964288662604,0.18118403870309602,0.33645074364396294,0.20730793734470288,0.29826725895853384,0.20760230003760316,0.4257939002684995,0.28803966583648105,0.21047246248676868,0.29624875185231175,0.46130757575256237,0.4304673006839693,0.21646338061270437,0.43938133165545346,0.46744348738882746,0.5553751364631034,0.2820754874615164,0.3531982479643603,0.47950879920785217,0.6004847388058084,0.29837089894370616,0.32231886883416483,0.46169263928504234,0.5999236632399513,0.2886306799276258,0.3026618039196948,0.45384685087363374,0.5874978040486855,0.2876519188388427,0.30987183319277894,0.28651557520198334,0.36585985825198575,0.30934647218276307,0.35446632591348914,0.31855842736199225,0.33846952509428657,0.3144854344983839,0.32543396479174586,0.3039476413873722,0.3136015981966156,0.3093847516405633,0.29970116557697013,0.3194061014356316,0.27290480173644005,0.3236366036552363,0.25715963435118716,0.3245212031331972,0.2432976405011908,0.2899642579218603,0.30059837965261116,0.28018513731530037,0.2707043327175135,0.27378710654280763,0.2524550501055706,0.2671292987806448,0.23689640609732254,0.2745504816383945,0.3096696532934105,0.27368783978441075,0.2938283388028734,0.28756057512309763,0.3046314395960812,0.2965930999183932,0.3145415164406266,0.26362660030578394,0.32336547222735856,0.2697428964646294,0.31549495850764075,0.28329153727341294,0.31981219436824243,0.2941082105069549,0.32457295642407064,0.46585748820895523,0.5624493755133801,0.44096698439713533,0.5774203730307983,0.4347971848278655,0.5989423204471866,0.4367808731740045,0.6204439946743605,0.4350258734815879,0.6367127773884692,0.4613107230119991,0.6104644169212459,0.45798725364285203,0.6390845899830705,0.44935973722181566,0.6502675119870799,0.4420285257283124,0.6569326742094461,0.47885252242321397,0.6100031015042953,0.47350441373921043,0.6408518199448621,0.46106516358385424,0.6510832569471526,0.4510692114405196,0.6548522636192211,0.4894992985412325,0.607571924595732,0.4866610926619812,0.6354409860333952,0.47418747882510076,0.6452937058104354,0.4635815804837198,0.649616411417632,0.4950233243893333,0.6040468485493349,0.49478596247413986,0.6263054554153952,0.48632181077549375,0.634910019164391,0.4777788312067695,0.6383750785417277
0.3502099481948805,0.10258187750295611,0.3665784083613655,0.09328270097764953,0.3746874227120122,0.09357647405049382,0.38519784327693546,0.09388010500079134,0.3338246953988456,0.09337440490590722,0.32052543436726966,0.09384860280408824,0.3102257141554329,0.09436602690523271,0.39857015325019746,0.09981956288238243,0.29628291622368547,0.10016656571856142,0.3689476337180577,0.11463981676054923,0.32717760283722497,0.11479832671264546,0.46691158118205356,0.15914969435027046,0.23082161485699118,0.1636929063336361,0.5059638945015558,0.23792545684545865,0.23750128953377195,0.24286740991274863,0.5126486049609136,0.30710161688923937,0.30858587475726845,0.19539450826510207,0.5258471704038262,0.3320600976531721,0.3265106124317441,0.17824102452092663,0.5063605376152979,0.3317640144654848,0.3158231770872282,0.16736329726868712,0.4977651990827033,0.32488553305525814,0.314801093789986,0.17134611562737184,0.31408109725873345,0.2022499024014622,0.33917042939042225,0.195835552893509,0.3489417736263606,0.18684903965941768,0.34430752950542814,0.1796148421870576,0.3326755940159634,0.17319147421275027,0.33892265283732587,0.16561736380622188,0.3503603395343145,0.15083794276879378,0.3549552202870547,0.14211683606222217,0.3556068625902587,0.13444392488814355,0.3175805247664846,0.16618104570248113,0.3070616577295894,0.1496735755150962,0.30015749950199117,0.13963327529937228,0.2927604765939585,0.13105008175520047,0.3006960874831953,0.17127280243319473,0.30023510271716336,0.16243718895305312,0.3156385986023305,0.16857159139081107,0.3255635041125522,0.17412598157092699,0.28878266980426165,0.1789125395256538,0.29550953237196415,0.1742817929203988,0.3104807735335312,0.17666377800297414,0.3223863265639779,0.17935771877402004,0.5105481018027779,0.31096188122745355,0.48339700793190304,0.31917961876582945,0.4766399507316168,0.33113216683815205,0.4788111153488623,0.3430110687267706,0.47724320137117154,0.3520621125562665,0.5057688030681704,0.337506585352002,0.5023756085036294,0.35337026191277593,0.4929406384935383,0.3595919769794053,0.4848843493883602,0.3632666551546154,0.5249975877384483,0.33723586486661516,0.5195548096021487,0.3543683702705946,0.5058346093106122,0.3600097955883095,0.4947982604410032,0.36201711195484415,0.5366555247188289,0.3359236641375282,0.5339357206181039,0.3513664141871467,0.5201633167159473,0.3567430018344504,0.5084617229113125,0.3590619408999287,0.5426302500234521,0.33399892917366997,0.5426666842113407,0.34635655900549206,0.5333202316224852,0.35106949852564207,0.5238356260502597,0.35291156883944214
0.5151050199182353,0.152416543499948,0.5391615446997285,0.13859263510136613,0.5510660592921678,0.1390255399000402,0.5665260953895271,0.139466102808412,0.49100264294824203,0.13872701791999217,0.471432079126086,0.139431471249079,0.45630932511800926,0.14019996204189678,0.5861913731917897,0.14826451843926214,0.43581271822244433,0.14879358765715547,0.5426375772755501,0.17033034629265043,0.48138194501879455,0.170559656689091,0.6867225620316003,0.2363751314743873,0.3394664120077009,0.24307029829646074,0.744289837163984,0.3534117647494029,0.3492734692824295,0.3607825561888208,0.7540807251984951,0.4560829592307905,0.45283043046864563,0.2904355315577913,0.7734641035098114,0.49336057583705356,0.47946432623963514,0.26498185079862996,0.7448338671842967,0.49292372345289603,0.46388157505091654,0.24875745998768667,0.7321513406829951,0.4827025073120922,0.46248933855517654,0.25465739962857636,0.46173673123723996,0.3007145700342671,0.4989147714907589,0.2911322030930399,0.5132269095563229,0.27773084094636735,0.5057257983791903,0.2669771027387486,0.4886985262172399,0.25750893748722653,0.4980819375959034,0.24605768256939925,0.514263511285015,0.22416596075775286,0.520891542502225,0.21125587201704685,0.5218277061037263,0.19983442497707402,0.46706691537377565,0.24696634872142195,0.4513527448494202,0.22254666737663129,0.44108489373440385,0.20761166311611606,0.4301326234659451,0.1947493576816802,0.4423802328124897,0.2545980724691952,0.440300420030637,0.24145098430131573,0.46302097609211085,0.2504749173482985,0.47783099693035924,0.25869906751492344,0.4245360304426862,0.2660060791659031,0.4332699281627564,0.2590744488812649,0.45525319047503976,0.2626694727223335,0.4729078468609791,0.2667440818180937,0.7520223337093395,0.46209689442115126,0.711637000733834,0.47421934194128934,0.7006661122343947,0.49203064150257314,0.7036049601616744,0.5097716060159736,0.701689318278673,0.5231812756140813,0.7442821656266545,0.5016489386866084,0.7385253259909476,0.5251975744721041,0.7244599163682653,0.5343538701634185,0.7124802207099971,0.5396827601277353,0.7725903744198072,0.5011967906970788,0.7640575594955082,0.5265773947432428,0.7441655582592461,0.5351911705663872,0.7279943706514422,0.5383973520838259,0.789830384213087,0.49911415591171454,0.7854787931806674,0.5219911868144312,0.7655102536065872,0.5303081619284826,0.7483031134001729,0.5340179852659354,0.7987399896439156,0.4961842847640969,0.7982349664403322,0.5144772928244838,0.7846307342348041,0.5215718151221276,0.7707283742862866,0.5244344020973268
0.4817439752966116,0.0985212905086636,0.5041908133472656,0.08957161820711493,0.5153108217464386,0.08984724423653889,0.5297678369734723,0.0901214713519504,0.4591886774883772,0.08965914359382707,0.44088643138498845,0.09011504300898843,0.42675562315715926,0.09061270999966431,0.5481620710778209,0.09577379674223538,0.4075763732749735,0.09616388724535403,0.5074837851272763,0.11010037491099929,0.45037882605752033,0.11025269000097365,0.6424663265909148,0.15269855228964832,0.3174816586456352,0.1570758474955309,0.6963498846288574,0.22832794728366695,0.3262001290749388,0.23317133399251588,0.705224215951209,0.2947085754987803,0.42328394523371216,0.18771398287877827,0.7233207996193385,0.3188651026036685,0.4482803187458818,0.17125773132494065,0.6965836897638705,0.31858412073202547,0.43368499042682296,0.16076221240917035,0.6847139819159631,0.31197738292600047,0.4323752788438709,0.1645812743091334,0.43128924654219697,0.19449499872477302,0.46632464528329204,0.1884297871944618,0.4802562749331581,0.1799299456858586,0.47277859406329203,0.1730170455559665,0.4571736325951261,0.1667249035268551,0.4653559294123563,0.15931470945002377,0.4800160687134951,0.14500236689671034,0.4864023094687934,0.13660284750728552,0.48785844586311133,0.12915816020780443,0.43617230844917715,0.15981697287245483,0.4211902663264432,0.1439607488460325,0.4114957960333265,0.1342787717049487,0.4015007782613689,0.12598518341374265,0.41281372969914776,0.16468208937896378,0.41130483953823255,0.15618721734585242,0.43220907137003106,0.1620320266427549,0.44585116230301874,0.16737481233105703,0.395716791280801,0.17201064016943055,0.4042087957497332,0.16778851783500487,0.4244755126594627,0.17009141008229606,0.44059614771429306,0.17261611679999903,0.7023529432133908,0.2989446470043587,0.6650244662600068,0.3065597220305559,0.6552526035425672,0.3179362503453845,0.6585401675096841,0.3294005505222512,0.656363853910491,0.33806283925517605,0.6965455039830282,0.32447272269901284,0.6907599167312979,0.3395534687348778,0.677777578971361,0.3452650081568611,0.6668696892738615,0.3484897314463929,0.7230998518353894,0.3242648840457349,0.7140665970320754,0.34050139951569347,0.6950359516409423,0.3457884418113472,0.6799985897995747,0.34755722868868594,0.7389901030245885,0.3229455082871379,0.7340915074509795,0.337638128960997,0.7150281392736622,0.3428543462386491,0.6989987748568567,0.3450801649853497,0.7469458786996831,0.321084579606846,0.7462733233573325,0.3328526439692728,0.7332699613452267,0.3373440905585711,0.7202359182722129,0.3390697109463829
0.388473646695305,0.14937173860886002,0.4065817383299801,0.13578649781551905,0.41554124937822523,0.13619191674784523,0.4271873366649858,0.13658105509328208,0.37028735084472963,0.1359314778557149,0.3555312276206688,0.13662254433083865,0.3441393540951816,0.1373763496432802,0.4420528567964666,0.1450979431557469,0.32867747953895277,0.14579242330231518,0.4092342740420867,0.16692622082451603,0.36325571277286256,0.16716437995567998,0.5183603256656852,0.231466537400373,0.25613551585444155,0.23808504035413325,0.5618082741539928,0.34603939010067214,0.2622938253098845,0.35334492978131243,0.5687265550480473,0.44673421403373426,0.34152210483724793,0.284413167282942,0.5833623794967532,0.4834231427651619,0.3615261870467691,0.25931229975665265,0.561797683767999,0.48301802682142553,0.34978705565449086,0.24348942763028258,0.5522269116592582,0.47299564905420594,0.3487108632996377,0.24931450446368153,0.34768014730817,0.2950761437258525,0.3757050674880331,0.285927787043868,0.38713908007039516,0.2732160219563005,0.3811396264048605,0.26282407890654197,0.3682553761539285,0.25326624324512864,0.37513848183736037,0.24156783359560308,0.3869531698490404,0.2198259985714899,0.3920335293015345,0.20709031758457144,0.3930935023467458,0.19578197544549134,0.351552112570568,0.24235253364457954,0.3393100045897105,0.21823377333310906,0.33131079236555777,0.20361600802361463,0.32303471719327925,0.19104917247814476,0.33266576105760287,0.24980815367334316,0.3311474645849252,0.23671943038164683,0.3483001743604337,0.2456018640780266,0.35968588499323123,0.25375975106011506,0.3188657094027209,0.2611094462779017,0.32551567085331684,0.2546841490482061,0.34189537144611215,0.2580363138090146,0.3549977702992921,0.26169698155190757,0.5658882871042664,0.4532526297566801,0.536206994957024,0.4649358293790002,0.5284001005827266,0.48223748781574827,0.5309764567115494,0.49966094766557634,0.529507018406188,0.5128738356813526,0.5621559769949853,0.49223328338402705,0.5567841149431385,0.5151405135205191,0.545785331627189,0.5239323132300847,0.536649922277121,0.5288103487281186,0.5833466719074429,0.4917379576375021,0.5757214160021666,0.5164567363528761,0.5601783781515982,0.5244761171509699,0.5481197107852775,0.5271844715570361,0.5959450039852501,0.48957869935302195,0.5919092659680182,0.5119637791531765,0.5764418737316916,0.5197817735352823,0.5635824752899092,0.5229972096451558,0.6022934954143815,0.48662419701664195,0.6017336288741503,0.5046700358282972,0.5910708900751158,0.5113205141778958,0.5804937198150152,0.5136908545132358
0.40677341581724075,0.14126374518966614,0.4257480435316195,0.1283854637947089,0.4351108100102383,0.1287500668325903,0.44726706282908957,0.12908403392993442,0.38774678852393013,0.12855674611894746,0.37230869131217237,0.1292176303217067,0.360390909680573,0.12993640470209478,0.46290407240864295,0.13710455564222707,0.344235977771614,0.13789654294692996,0.42853016078828615,0.1578879222962645,0.3804674299060352,0.1581239250748654,0.5429809544495907,0.2189362383828253,0.26824807516483307,0.22519603894008683,0.5883455548502867,0.3273505366261968,0.27474210501650365,0.3342078287758635,0.5955499660463968,0.42258385280488725,0.3580673765241277,0.2689770428839624,0.6108999994551249,0.45730217809946616,0.37871302654964606,0.24513767667969966,0.5883045981926871,0.4569634727961643,0.36643604710981603,0.23025124616093812,0.5782650916742782,0.44746466903639426,0.36528413529050385,0.23579448859543692,0.3634590013240623,0.2794432239915486,0.39319411717387637,0.2706544824270185,0.40545613974557276,0.25871733674325254,0.39877163114957126,0.24887969394049633,0.3852730110643794,0.23986317458794928,0.3921801253847059,0.22872277352051312,0.4043461630705604,0.20824867988639895,0.40962617049475025,0.19617299899537655,0.41079723269662605,0.18539359954718054,0.3674743146880757,0.22947299583237882,0.3550141485595625,0.2067335430030647,0.3464969576711454,0.19288407267928906,0.33779084895765754,0.1810428756661674,0.3478535828865481,0.23652069508113777,0.34631614730730587,0.22431087328677138,0.363996586576684,0.2326796340312889,0.3759134829107926,0.24040233657233437,0.3335024679123449,0.24721931576002193,0.34015109866266763,0.24121658198163715,0.35707407273947844,0.24422580130086435,0.37089988013941877,0.24755324464602768,0.5920157652740147,0.4286171938653055,0.5613179815921926,0.43958610244614205,0.5530786110347621,0.45605251448944983,0.555753607295045,0.472570550050894,0.5543330309845851,0.48508801133046836,0.5886718568675443,0.4656363384770907,0.5828439434857745,0.4873676233548799,0.5711601133647636,0.49556743266679937,0.5616488032861137,0.5001985704544326,0.610763384073917,0.46511628216189005,0.6026863025249268,0.48864388205640097,0.5862254537383004,0.4961048369296195,0.5736883832146017,0.49863056818446505,0.6238308875784039,0.4630833243266497,0.6195941333551849,0.48447108927250254,0.603144280895286,0.49158821852307777,0.5896905081171926,0.4944089030987929,0.6303730962514146,0.4603012714140256,0.6298054807760136,0.47763202393123777,0.6184851817614777,0.4836338406375017,0.6074922564401092,0.48552266530441457
0.12326246841106706,0.05602118016008191,0.12910477237835924,0.05092032472222086,0.13193486829093462,0.051064529580629694,0.1355675977074136,0.05119530645627171,0.11753157613734684,0.05100202235876091,0.11290795198052557,0.05126713213710177,0.10929330938278987,0.05155339610624975,0.14040578991558664,0.054384478900905475,0.10443962428415755,0.05471822606716084,0.12994039895373363,0.0626377674889358,0.11537249483901593,0.06274687837883182,0.1647368230837886,0.0870056324495058,0.08128915360970802,0.08937450754824677,0.17849053763807854,0.13005168875113782,0.0832696920677597,0.13264555648715856,0.1806781168079112,0.16779540542515503,0.10819708843185256,0.10738546614087796,0.18534225430784956,0.18159743067974607,0.11465003280248444,0.09801009558240108,0.1784856324984897,0.18152191249320884,0.11091115022824631,0.09191908374504275,0.1754375617949634,0.17770742520117547,0.11059064812479427,0.0942922503391231,0.10974266681742954,0.11115229205534376,0.11884044973210195,0.10763573007491763,0.12263222158522094,0.10287612812908221,0.12063229581032171,0.09891717060348651,0.11640784682433492,0.09535202980567643,0.11881934490960586,0.09108830787166057,0.12234129167779156,0.08288011789542979,0.12379796264133963,0.07800139283426438,0.12409902795247275,0.0736931636959339,0.11127540985215156,0.09131373269133315,0.10750665822906263,0.08221798414101965,0.10491668798275726,0.07665318090445165,0.10244442695073516,0.07195944507171355,0.10523436291641745,0.0940321599422569,0.10477005682150344,0.08914027985562542,0.10990173752576746,0.09237897888604847,0.11343650550895917,0.09541644014650313,0.10080252689035017,0.09820535862034223,0.10272661383558328,0.09601655193646802,0.10794056518078989,0.09721992968965076,0.11234354287120694,0.09855325028227883,0.17962445889819006,0.17014267140425435,0.17029754093981342,0.17444602522190777,0.16792212460901085,0.18086742154321933,0.168749863380666,0.18748806152977443,0.16815143635082705,0.19251526778039357,0.17864334616532754,0.18476695019872677,0.17683025390612211,0.19346632683763387,0.17328102494944514,0.19671894669039452,0.1703851549316626,0.19851832670973663,0.18535231903230853,0.1846039643615978,0.182825111955382,0.19393086983489938,0.17786012118204492,0.19691988875662045,0.17403962528384082,0.19796190325218413,0.18928351276371216,0.18381965188651883,0.18785850610183272,0.1922500897627275,0.1828855427096826,0.19516826110061283,0.1787632464361995,0.1963843768611633,0.19122750298427982,0.18273050676369454,0.1910468751062791,0.18951898516161397,0.1876407009410693,0.19202678036213564,0.18428210804345616,0.19291102553787332
0.2070317388595113,0.04481752873315671,0.2169563247628421,0.040738921297682015,0.2217005536996371,0.04085421096220793,0.2277505766659814,0.04095779353527645,0.19744963488342546,0.040812577656143774,0.18974114205570156,0.04102670697410422,0.1836648620623951,0.0412564123678684,0.23599407126931904,0.043516694264483596,0.17556813354686907,0.043794966791160087,0.2183510362538325,0.050126300224408886,0.19387335652513224,0.05022175034410627,0.2769288951134145,0.06971111112357799,0.13656026657559708,0.07154074926921643,0.30003909462071593,0.10418896277823829,0.1399541595850685,0.10618617194628743,0.3037144368210049,0.13435536393321726,0.18136403364004874,0.08626170366997743,0.3115664284594297,0.14541579182972042,0.1924296715205047,0.07878931420081806,0.3000396886710997,0.14538261870276026,0.18615920833775493,0.07384765925482448,0.29490961212904526,0.1423104084409583,0.18563461432486467,0.0758071253426385,0.18489527109824533,0.08896142936039635,0.19987221987242715,0.08614841373932151,0.20600044363128955,0.08230890043295812,0.20299647341271015,0.07915309583329498,0.19611660958428462,0.07629504826892626,0.19982647799287767,0.07288294393917633,0.20565727260559938,0.06636205151443948,0.2081603870646235,0.06250368790944122,0.20858986173006624,0.05906404248014038,0.18712004919046282,0.07307561632512659,0.18080406986730943,0.06581897963010436,0.17654958794789338,0.061394136026851204,0.17224056032224055,0.05761804371879255,0.17692506343345238,0.07527783614606892,0.17620701097258698,0.07138682741668011,0.1850281126450616,0.07405649944359616,0.19096059680247526,0.07651023662652347,0.16950106133451087,0.07864759102833845,0.17323688974487422,0.07694745916813775,0.18207204664942858,0.07797791383820092,0.18928966376404438,0.0790632018785687,0.30194364391306405,0.1362275518031729,0.286290701445187,0.13971440794499165,0.2822131396110622,0.1448364212859728,0.28362467460892066,0.1500916005164087,0.2826986213466858,0.1540936657862739,0.30035771948454915,0.14794260578208193,0.2972496241147044,0.15488927462376292,0.29120808418784017,0.1574735012693266,0.2862575059097425,0.1588971782668692,0.3116034496793456,0.1478093306507162,0.30733424719142,0.1552709779986316,0.29898189879576226,0.1576380074492355,0.2925436044985928,0.15843432029015067,0.3182060107886322,0.14717814302720533,0.3157412957464143,0.1538885580294599,0.3074620630719897,0.1562062829642525,0.30060643649922153,0.1571663615676801,0.32148041650391423,0.14630090620625233,0.32117053606172996,0.15170965528751149,0.3154850936969065,0.1537079447366801,0.3098800619920288,0.15441505548830503
0.25579680740056066,0.16529789600981035,0.2680731577481105,0.15020589000003567,0.27391941639578854,0.15061951006383542,0.28135726096752534,0.1509850009325727,0.24395585797329092,0.15052809817172488,0.23445028479993932,0.15132377450163223,0.22694393534912152,0.15217434049958295,0.2915944092844107,0.16044749169559389,0.2169629682656448,0.16156166017561818,0.26980515958805673,0.18489870097721844,0.23957686049269386,0.18530137444735048,0.34222374325901916,0.2574970586303651,0.16851463231873565,0.26407996845996207,0.3707605033191395,0.385004459126083,0.17309817544342976,0.3923549736527462,0.3752571306949781,0.49633046607104103,0.2237755039421951,0.3197293614437909,0.3849484128729367,0.5369078994144805,0.23765010571211118,0.29193788528930564,0.3707348396824842,0.5368070295758984,0.22973328489195188,0.27353818355960796,0.3643933374469019,0.5254552552427897,0.2290592180234632,0.2807581448464551,0.2271106315336663,0.32944828008097055,0.2461161401020654,0.3188926745625559,0.25341875140307446,0.30453448207777917,0.24902739191900844,0.29287226324368143,0.24015981264202763,0.2828942080660165,0.24507870080381772,0.2699861370356363,0.25227824647020425,0.24603908666870924,0.2556264701508611,0.23182984844623292,0.2566330191221507,0.21904062294914883,0.22901046005016099,0.270706149793771,0.22152434200169505,0.24395305542634074,0.21674987786380553,0.2277466794654927,0.2120431111107087,0.2138462515899405,0.21639569618721943,0.2788971343802578,0.2158230799647766,0.26523007713657837,0.22687385952660677,0.2753171281518057,0.23460988971646093,0.28432848046455056,0.20754582305772504,0.29149623836400906,0.21162077691618558,0.2855846748413534,0.22267258419801914,0.28924235935206916,0.23213552167294568,0.29300843528720005,0.3730661784649606,0.502090433822086,0.35369259931821573,0.5148790549060227,0.3487132371750851,0.5341322103853748,0.35044929116818746,0.5537213748032794,0.34918751527492087,0.5686124134415781,0.3710654718892791,0.5457197506172734,0.3673180230324603,0.5712969927851469,0.3598972973396366,0.5809093108516812,0.3537788690716405,0.586182435005415,0.38489235808761063,0.5451401855660326,0.37967459426712946,0.5726063307475676,0.369394017439245,0.5813602926022527,0.3614384075298161,0.584215137367982,0.39301437054729765,0.5426567638721529,0.39010653956979435,0.5673373703288485,0.37992703166338304,0.5760892727016984,0.37144047223679033,0.5797679102015204,0.39712721791045347,0.53928234765647,0.39697699460939107,0.5592659028458214,0.38994398362869165,0.5667858769104488,0.3829151716182917,0.5695081984972155
0.2932987323623703,0.18171052174558663,0.3075090526000578,0.1651321077241577,0.3142126624846208,0.16558605190201028,0.3227133524226651,0.1659803456046134,0.2798509684674876,0.16550225572169802,0.2689847890353058,0.16637807287078046,0.2604041057224304,0.1673140081489311,0.3345313502653716,0.17629840102123598,0.24925172552550756,0.17760924698187053,0.3094023807360375,0.20318725262471365,0.27487345693888243,0.2036822395785012,0.3928656387485559,0.28317329728878937,0.19487005977505564,0.29026659657150644,0.42525192256705374,0.4235550481758552,0.19347062208831226,0.43136782055203904,0.43053461833764456,0.5469487572163058,0.2506894502076165,0.36391587045812807,0.4416239336376696,0.5909015705718689,0.27022988279836474,0.3316400529830767,0.4253492823704911,0.590636780057021,0.26207775106318004,0.3157116408496714,0.4180793685773531,0.5782049662996886,0.2604356213266227,0.3236679829482114,0.24906295194123038,0.37207923551822086,0.2707763778611192,0.3598961889791043,0.2804439705228528,0.3437031832377223,0.2773274461574593,0.3316220606177343,0.27100839065221705,0.31998771968816436,0.27073034250769457,0.3087113800635266,0.27720731291903106,0.28184631727140796,0.2803463412113091,0.2652872124300217,0.2826285695448253,0.2505498653462538,0.2514868573174302,0.3100667146703396,0.24478011440113026,0.2811433597417507,0.24076626279547492,0.2632896168365534,0.23711129492200567,0.24799578632183236,0.23535007629093238,0.318928803762362,0.2381004907380369,0.3040901727067965,0.25066837804254727,0.31613243083311054,0.2585824162099834,0.32687047629900856,0.22315624939384981,0.33247146763273683,0.23215305322300825,0.32550145666465746,0.24492677734378232,0.32991701940793217,0.2537549870081303,0.33417636116238564,0.4279270600311892,0.5516791494330345,0.40559315907333887,0.5664753716712471,0.4001365295085796,0.5877794152244611,0.40220119742320365,0.6090185779636633,0.40053081986824407,0.6251596249044464,0.4255651246752049,0.5999196591324826,0.4221148818970605,0.6277467350564869,0.41398826921070064,0.6382702258730144,0.4073056472699236,0.6443356466754787,0.44148860687974306,0.5991115041069656,0.43614752891560316,0.629206356464881,0.4245048797846237,0.6386816627800785,0.4154459711811965,0.6418995148668177,0.450978762141925,0.5962035834352628,0.4483974471873304,0.6235954459475235,0.43659295843845725,0.6326852086092003,0.42681372204364704,0.6362792512730853,0.4558947584452441,0.5924130769407853,0.4553879147626439,0.6146735956201366,0.44715083744117295,0.622597029657852,0.439155542579657,0.6253810466809449
0.47519052763482594,0.12033239832129482,0.4982153279774634,0.10938214050101285,0.5090723729377816,0.1096701146294495,0.5227705005112132,0.10989778836486915,0.45343309490984696,0.10965611384854211,0.43588127890396433,0.11023726449226395,0.42205658925009426,0.11085743303734977,0.5419727821207441,0.11666956734884307,0.4045049643019134,0.11764861904436365,0.5012922303824656,0.13441758347049615,0.44546931860918043,0.13481861573945764,0.6376923631759364,0.18764911512101576,0.3207156811997078,0.19232674585159612,0.6892883143554427,0.28098649116952973,0.3115707315988348,0.2858136212112087,0.6980730928945372,0.36281211040342065,0.39624884242359387,0.24575687331982088,0.7158730109731363,0.3918091709580575,0.42684635124534875,0.22412264160547246,0.6895944433815799,0.3915516283464213,0.4161576008263253,0.21345257879598845,0.6778922137365821,0.3833028607501473,0.412965026629885,0.21871147432924973,0.3893195889900529,0.2513331796845332,0.42329669020431554,0.24447387339580678,0.44077702333578184,0.2339710371529209,0.44064893279372924,0.2260818865861042,0.4316580575823485,0.2186915128198372,0.4212884554071395,0.21069360138188312,0.4312379216961742,0.19345367417015438,0.4365868549965708,0.18268409736521674,0.44179304089979393,0.17305043481975751,0.3906852148543317,0.21136011031013535,0.3746259416146126,0.19478338141684615,0.3692955409112869,0.18391234991415084,0.36836042263699226,0.17437236294881056,0.3661684449186361,0.216500851320771,0.37507383545545714,0.2099490892677484,0.393755894237048,0.2167360187764317,0.40474681605838647,0.22205106420912707,0.3491294550782396,0.22430834561501534,0.3657466441010607,0.22158524673089985,0.38193226106955924,0.22644326492521552,0.39130997353909297,0.23036265184972873,0.6933069674663864,0.3656137017261003,0.6573575503028789,0.37563026972866476,0.6484738038742717,0.3898758400611321,0.6514473167686634,0.4038694452625343,0.6484483113180652,0.4144482624468851,0.6891809945149673,0.3975235118126944,0.6841794314103311,0.41585254811068756,0.6713966885799979,0.4227896292673783,0.6609205035011633,0.42687100775479564,0.7149287492231144,0.3969870951725008,0.7066117891137624,0.4167924351290397,0.6882582949912872,0.4231931648792277,0.6739484006568143,0.42547122321566466,0.7304025670767206,0.39509329589225506,0.7264643219642611,0.4131297264697583,0.7078946051113063,0.4192745444505825,0.6923052792300064,0.4218000015597221,0.7384100137092183,0.39264911996196517,0.7377813792825071,0.4071795658225518,0.7248149481189086,0.4125192369735584,0.71200774990275,0.4145235095093274
0.3160024802237056,0.013246731104580727,0.33125908775056695,0.01206563696306761,0.33849647522866505,0.01209667084086146,0.347563874394547,0.01212211610123062,0.30147855258604583,0.012097994437099057,0.2898864154092568,0.012162294580358739,0.280727081852085,0.012232469475375917,0.3603960640251428,0.012870223312284306,0.2694080615135464,0.012982187316793506,0.3333749400689594,0.014787400724318804,0.2963306259939738,0.014838873411451226,0.42530762517267257,0.020756731576122872,0.21625255846832164,0.02121784155240564,0.4589422170084946,0.0310453087704675,0.20179199567962394,0.031558147875030015,0.4646553631355647,0.04003465613517751,0.251878795901984,0.028247609636216052,0.4762457033716356,0.04324015967922105,0.26932505737309853,0.026466664559162714,0.458785465694935,0.04320835017943073,0.2635253676768931,0.025185234444532974,0.45104682251104017,0.04229833502589088,0.26224004683772073,0.025512827662615728,0.2466449791737652,0.028548219846839192,0.2686187507653469,0.02790667428012439,0.2812394640696015,0.026908799690130412,0.2781266182181846,0.02611924889028847,0.2739377678948914,0.025233754909193908,0.26620594945554243,0.024259163375790066,0.2715688373498939,0.022492051723996303,0.27587810085222303,0.021424882237027546,0.27932372560391794,0.020484272304921548,0.24643593507021433,0.024364468008610304,0.23684669705939987,0.022732274993288597,0.23370568098581476,0.021717926983907846,0.23252957421029313,0.020848141597725578,0.23178576780937177,0.02499893579965893,0.23379694379319985,0.024680468287246956,0.24583361506220597,0.02533278798132342,0.2548550198060685,0.02572912002399833,0.2224997771579412,0.025935170935770913,0.22856232842466184,0.02598092723480173,0.2398087269469022,0.02652961051320582,0.2480014697559282,0.026898432269430478,0.46125333688493164,0.04036520787428625,0.437323822208041,0.041432640100956826,0.43158726139888515,0.042964941641150604,0.4337703084095885,0.04451258286092193,0.4320750128229208,0.04569539740760588,0.45830519244843365,0.043838266814959455,0.4553238318350234,0.04584541817817164,0.4469152383288169,0.04661302121497654,0.43987801915617675,0.047072081461667706,0.4753615359346146,0.0437864099160028,0.4702498022697355,0.04595006776132433,0.4583546718463914,0.04669264574132428,0.448730656679859,0.04699708547308081,0.4857709049495832,0.04359091358197802,0.4832165627941166,0.045555065613441505,0.4710703325940492,0.04626036334917487,0.46064480926353313,0.04658338201710674,0.49115653594211556,0.04332794353302123,0.4907300620116622,0.044909287418105584,0.48230433404042555,0.04550476715682578,0.4738738868309392,0.045737266598719344
0.08281254445268062,0.1427177621327649,0.08680941937046821,0.13027573464708841,0.08870784695305393,0.13060361626637276,0.09107339638846022,0.13087747038916198,0.07900467221780172,0.1305990628955174,0.07597855050911155,0.13128300254860978,0.07358612912777374,0.13203415306894295,0.0944398532665026,0.1390203763511015,0.07070207338921011,0.1403308617797741,0.08737218422999779,0.1593867966447856,0.0776760830623859,0.15987294681899278,0.11160482842579905,0.22511020994736217,0.05680482960505946,0.229414643737097,0.12028911449065431,0.33595844299233313,0.05251662549897588,0.34301846396239294,0.12197281386659305,0.43173618603710595,0.06028012048044071,0.31551065551817203,0.12486885709033058,0.46699597215060035,0.06266069708476145,0.300474004457792,0.12032539090412107,0.46663870766810417,0.061497673175963885,0.2858266276878441,0.11833655294724353,0.4568472479503326,0.062076069335605166,0.2876735254997809,0.05639437240437843,0.31790316001990787,0.06256506359192957,0.31766066383358615,0.06801594435029576,0.30929034229392693,0.06947378428335459,0.3001265472355996,0.06880778434317253,0.29107553567076616,0.06645570180083263,0.2796903961536244,0.06740477288396866,0.26232025928297964,0.06823806959640522,0.2517331077376617,0.06894855642601046,0.24295883993481415,0.0625273696107716,0.27667380742080916,0.06359147773913014,0.2596848110413765,0.06512033876490583,0.2556404836970406,0.06626142842999827,0.2542613571756662,0.058763698849002226,0.2777247993578517,0.06004436660535376,0.2668898393602141,0.06190271698056242,0.27249566156633576,0.06296000841596293,0.2799354414492711,0.05559110624507795,0.28195371335147723,0.05765782004313887,0.2777498623564059,0.059387904326986665,0.2843028051592888,0.060405384943569534,0.29304346752851596,0.12109504453554899,0.4373415801485318,0.11486071502392776,0.44847324868805943,0.11322218753656502,0.4647431043550951,0.11374437571016861,0.4815629060354371,0.11331182728680994,0.4943861713065747,0.12016177124537429,0.47370783537987465,0.11941943195516408,0.4955810225202564,0.11721994724492496,0.504096798962239,0.11534676949222143,0.5092900546347069,0.12466513643951392,0.473352555700059,0.12338633816001689,0.4968261554018449,0.12028277824849096,0.5050650324110432,0.1177178845457442,0.5084794378693569,0.12739863507261948,0.4715240854188915,0.12673033277417386,0.49270722282734075,0.12358432194292888,0.5006617671231276,0.12081927529328627,0.5044686575820921,0.1288033019464426,0.4689517033095198,0.12866383802170897,0.4858354856880344,0.12645424006008898,0.49241152614564077,0.12421370297006777,0.49508863578468537
0.07311450773750897,0.023207741346977204,0.07664315018632428,0.02120592001667072,0.07831816064692106,0.021258681656104762,0.08039967892925574,0.021303551319610002,0.06975260531380797,0.021254490777543655,0.06709354269219786,0.02136385146828634,0.06499135672734667,0.021484315451132115,0.08337341447199295,0.022634251950958622,0.06250585056017915,0.022854751761243377,0.07714451683295913,0.02592283150476592,0.06860185512662871,0.025993929030431014,0.09860766783228873,0.03674363873818482,0.05025066240917483,0.0373705269647046,0.10620305165684062,0.054738003237658865,0.04633888035352136,0.055998202323046996,0.10781660085632247,0.0702291959159036,0.05228860678252583,0.05168302078216599,0.11027431211942695,0.0760445122650582,0.054077509991442556,0.04933785332496296,0.10629481095934429,0.07598144619993363,0.05304400826856184,0.04692509923317383,0.10456743620985995,0.07437739218582669,0.053664097542584714,0.04721387676089364,,,,,,,,,,,,,,,,,,,,,,,,,,,,,,,,,,,,,,,,,,,0.10696911247598512,0.07129343814245939,0.10147424725803222,0.07310033448304977,0.09992693879999526,0.07577360144805731,0.10035528607491055,0.07849011498290649,0.10009569057473883,0.08054898393435249,0.10609099006267168,0.07717145916479005,0.10550617150553025,0.08073109377536718,0.1035743122759883,0.08210769276923244,0.10189939421307806,0.08293715069322183,0.11003936160218691,0.07710476649976085,0.1089769226038462,0.08092713305692462,0.10625897745655404,0.08227118775479265,0.10398665795155633,0.08283630965916067,0.11244638853434055,0.07681977407718625,0.11189746227851716,0.08026633104912893,0.10913559463096945,0.08155436365476407,0.10669637970474824,0.08217111388609594,0.1137046938285235,0.0764166508689073,0.11360921341919,0.07915215967178837,0.11168734153958185,0.08021968612692913,0.10971490292607843,0.08066409678027606
0.20359186141923394,0.2161100460804272,0.21341755611528143,0.1975989108421486,0.21808072809431153,0.19808390603792472,0.22386097777700623,0.19849902290715415,0.1942306197469446,0.1980260879301729,0.1868565479502136,0.19903208162195096,0.18102564746312003,0.20014054283444566,0.23214155980263812,0.21093559147087682,0.17424236917500543,0.21305889940340708,0.2148279664155594,0.24142190322589532,0.19108222375243525,0.24205095596161447,0.274744605129923,0.3430659001787283,0.14009331850960885,0.34842560329609085,0.2957275341169471,0.5104212702878245,0.12906223758437935,0.5227168407053425,0.30048973888555225,0.6541949221393984,0.14495829845001207,0.4834037494043177,0.30713960124741835,0.7087691857477254,0.14999388424000445,0.4621599400314107,0.29608996044535185,0.7081036863213835,0.1469958852310803,0.43918865211293906,0.2913437309708609,0.6930898371774555,0.14868247164446824,0.44188174626480686,,,,,,,,,,,,,,,,,,,,,,,,,,,,,,,,,,,,,,,,,,,0.29785402586569953,0.6651065824502064,0.28250572111311917,0.6821253838500603,0.2782713325772847,0.706882884762002,0.2795457540635359,0.7319515274951071,0.27874748054548965,0.7510336313271149,0.29525162004763106,0.7195707670026704,0.2936424424715362,0.7527243084697394,0.2883929327577239,0.7657084346142364,0.2838314366257138,0.7735530157530968,0.3063184758079232,0.7190127454085299,0.30326784954898867,0.7545054372533253,0.29584127914663616,0.7671417679705177,0.28960020187296176,0.7725245273885175,0.3130937313641473,0.7164889672695468,0.31139504068325696,0.7485105034940471,0.3038330194343223,0.760766582606884,0.2971090812943305,0.7668675162303739,0.3166926166187454,0.7128777002838409,0.3162763467661079,0.738237443592171,0.3109955179910671,0.7484043853923963,0.3055558017007729,0.7529416880016447
0.017502574241610315,0.11029898484656908,0.018348311135885278,0.10103187685159574,0.018748627336472652,0.10129768730565723,0.019245106533517218,0.1015006845695571,0.01669830428401729,0.10116407009986426,0.016064339932198506,0.10164214869021894,0.015563747622023165,0.10215100142643478,0.019957108434831162,0.10792648982899945,0.014987131589192296,0.10888203349609456,0.018469780184041724,0.12334956313252911,0.0164277497145985,0.12363496057679414,0.023634032503494645,0.17562098366175866,0.012050102381409404,0.17856604594052178,0.025455193523220076,0.2606711792769163,0.010598065867876523,0.2656443660795932,0.02591646342624366,0.33427705856492074,0.011572393096131764,0.2620379361246535,0.026458636283901178,0.3626625005303151,0.01166995662218836,0.26035260665202814,0.02548214843963077,0.3624108236121082,0.011713401191118702,0.25029808801723663,0.025074299742447015,0.35482009990977936,0.01195873014126318,0.2503802079506422,,,,,,,,,,,,,,,,,,,,,,,,,,,,,,,,,,,,,,,,,,,0.02570068937064632,0.340912064392585,0.024373190402281652,0.3493903983841529,0.024022595515986497,0.3619326162596369,0.024133883829955155,0.37482327957105427,0.02402189575388945,0.3845733894137807,0.025492262817067977,0.369076974723499,0.025334876669551008,0.3859536284125474,0.024895854375268034,0.39242372784009116,0.024512081113681836,0.39619533686786873,0.02643916962625314,0.3688973439966362,0.026166863640781107,0.38677791803740075,0.02552860218665948,0.39304069530877617,0.024977925610874335,0.39545321262187383,0.027004679952009315,0.3676308095210465,0.02685623185771469,0.38358328447974877,0.02620966575571718,0.38965731163671113,0.025631089182528204,0.3925297975271795,0.02728976463899496,0.3659238177158681,0.02724762206994346,0.3785409599947139,0.026797759495588123,0.38369095990617313,0.026327545506910324,0.38602009996166814
0.05716523529149502,0.19898724736978834,0.05993128828384414,0.18247600027689442,0.061238152824727214,0.18298529206260042,0.06285444665482147,0.18334934599493308,0.0545411682554663,0.1826079998054556,0.05247182376013819,0.18342114266542023,0.05083767824028176,0.1842814282141567,0.06518386229051498,0.19504136320677376,0.048968580707173776,0.19657957158346556,0.060328524504781086,0.22269978684944358,0.05365662293890567,0.223148080929416,0.07720222014910268,0.3172440928703872,0.039357238820755015,0.3230634466711734,0.08320042074894933,0.46979920416312226,0.033992211647688585,0.47900715798770577,0.0847726370624895,0.6043264030986988,0.03733484860434885,0.47829771533876925,0.08653279528277906,0.6556592546461767,0.03757544248717572,0.4763210662522292,0.0832812393812244,0.6554126326034039,0.03776373249530753,0.4588942505854518,0.08195959038351475,0.6416999207812695,0.0385833404841718,0.4570782429517558,,,,,,,,,,,,,,,,,,,,,,,,,,,,,,,,,,,,,,,,,,,0.0838236076068247,0.6168379630645903,0.07953099869358687,0.6326445777073149,0.07844237401562427,0.6554387803505483,0.07873577093739267,0.6787695325725014,0.07844932290737129,0.696375243779752,0.0832856136363317,0.6679250696425748,0.08277092932255908,0.6981791642473152,0.0812793543066275,0.7097144868360694,0.08001686940802664,0.7167133671550515,0.08632945809979618,0.6671723215004641,0.08553482145915701,0.6997706137129253,0.08342578683828332,0.7109744026020374,0.08167221627245715,0.7155081040178111,0.08816180466525726,0.6643649195670199,0.08785793843021406,0.6935188353768171,0.08572447760101604,0.7044055622753985,0.08384137391322893,0.7094429778389915,0.08908644732030138,0.6608453889477209,0.08906722292886138,0.6839960122449016,0.0875850991938598,0.6930955378853098,0.08602894808751549,0.6969692416582774
0.3575318861556819,0.20512525742106974,0.37483178698010183,0.1883517465195501,0.3830044729700201,0.18884884811274769,0.39311312156317724,0.18930440671565818,0.3411426242511343,0.18867071897041987,0.32822255590418264,0.18967885077288443,0.31803658135569673,0.1906684682302967,0.4078353262384882,0.20179440388862868,0.3064466837452176,0.20374325299178178,0.3773811405479749,0.23027193801552145,0.3355913189540128,0.23089056856964474,0.4830800735041738,0.3299850575934543,0.2465558931829734,0.3330104387182929,0.520350526753336,0.48650773067308745,0.2032909840023929,0.4570957221226572,0.531268910569545,0.627102009845493,0.20501230289802486,0.5305230145980608,0.5426878079399,0.6817401278163709,0.1891899542325047,0.5624336882995045,0.5212837370476855,0.6820275001659631,0.20755027835719875,0.5587248764128596,0.512868167459436,0.667934654998764,0.2200225339206213,0.5493387891878391,,,,,,,,,,,,,,,,,,,,,,,,,,,,,,,,,,,,,,,,,,,0.5256172355662637,0.6430129179823935,0.4987330239015529,0.6597758288499402,0.49163406990222824,0.6836441910617008,0.4939947193857559,0.7074031243513159,0.4923233286169245,0.7256374685061964,0.5230735094384332,0.6965765182237559,0.5197153243240117,0.7283038770519659,0.5103409539658909,0.7406139165053195,0.5024034292478222,0.7482389695148429,0.5422315745344095,0.6957104583051994,0.5365026762663112,0.7297900532436931,0.5228725646450902,0.741430833409231,0.511433416705823,0.745976162262605,0.5533544356975646,0.6928913064127487,0.5501410442046749,0.7232824323869389,0.5365146705180807,0.734474811115362,0.5245786648068846,0.7396652848935514,0.5586618921055446,0.6893730094224134,0.5575719350140985,0.7134816009755313,0.5481321713381114,0.7231031175265251,0.5384428286424285,0.7274511314617957
0.27576212347822315,0.09473740446498062,0.28912485286573253,0.08709722306496301,0.29543168092856903,0.08729073068526405,0.30322518590502906,0.08749560114860404,0.2631366967444471,0.08730138834015187,0.2531775266130492,0.08780296339172047,0.24532719637243627,0.08830665400774246,0.3146726488343391,0.09328773055509178,0.23647473271677288,0.09440460887939466,0.29111280243291804,0.10650978884906598,0.25886293627285734,0.10675331825906836,0.37262640221689514,0.15337932764041018,0.19077448336754171,0.15398185104108483,0.4013700687845057,0.22625381711950915,0.15169120097055935,0.21234934292951205,0.4100187567577606,0.2911428890295837,0.14627786186736189,0.2578490138209764,0.41943942552894486,0.31660435919252494,0.12810957973624781,0.2764038978426271,0.40263483092247987,0.31695485100907317,0.14383895384760392,0.275661800409776,0.3959134176455697,0.31050203348487937,0.15440056366263927,0.2700249254927497,0.13956551021607078,0.25951772848441185,0.15983487757758427,0.2658651137272934,0.1646667993349003,0.2773255920615904,0.1568696031717808,0.28859370039043397,0.14902955439100485,0.2968969582340657,0.13845538186772494,0.2728785425261985,0.12910478227505995,0.28675752349926037,0.128468416942361,0.29620268054112325,0.12984935640809248,0.3032200211384516,0.12048860209161313,0.27266882223113986,0.10776660250858248,0.2873825330881503,0.10762362051203599,0.29839347393425736,0.11140183521408693,0.3060837236930052,0.11001245196084682,0.27383403255466876,0.09875826938706998,0.28722736508402813,0.09994051053230017,0.2973812761340868,0.10473460950785844,0.3049475192217303,0.10621932993413238,0.2758006825592381,0.09726623787648978,0.2864503275741041,0.09730872612808113,0.29448894027951,0.10148578701439363,0.30082485623585803,0.40525807648717327,0.299477254984486,0.38487638932559165,0.30726718907584255,0.3798850811777982,0.31857667731317696,0.3817354904764095,0.3295898534726687,0.38036724837594665,0.3379946317991895,0.40401761598154107,0.3245329093246073,0.4014956008149344,0.3392307867118094,0.3941397153246636,0.34493373642805286,0.38787572403748066,0.3484324010382331,0.4183895443173633,0.3240333700048712,0.4144787558146255,0.33982766860727504,0.4039115062465825,0.3450953442635929,0.395179140814377,0.34708509250647096,0.4267080532676254,0.32260085345575373,0.4251997044941298,0.3367398226641567,0.4146642339837648,0.34174918657017206,0.40546788797266015,0.3439451158619163,0.4305892489090759,0.32082053278832434,0.43038339792429664,0.33206556948973287,0.42304116824046567,0.33636085721282694,0.41559013568119496,0.3381223107708544
0.4038804205891521,0.06404428834984512,0.42351644036882674,0.05892095777532686,0.4327773654956841,0.05903953817350058,0.4442151672003136,0.059182546278374486,0.38543801465982075,0.05905508636586444,0.37086195332227206,0.05938543685136685,0.35947278342369027,0.05975664033663659,0.46116998743644627,0.06309519757182845,0.3465998561945041,0.06393333511087984,0.4264834909860845,0.07206813669646782,0.37913629780745206,0.07219841779886883,0.5459719776585547,0.1041874649856554,0.2804848230638182,0.10416902778633588,0.5877859107674048,0.1538021220731684,0.21034959156944963,0.1455615077821184,0.6006609493965672,0.19788768100359136,0.19360659579577538,0.18194227957071954,0.6152469644768613,0.21507382728287194,0.16688844164831282,0.19535890021099886,0.590721127969635,0.21530348299072735,0.19066926719356875,0.19518138226247464,0.5804865922295264,0.21093430982348998,0.20702469345950378,0.19086915734502363,0.19957727529471564,0.1798788323491821,0.22317397980137815,0.18606304335114676,0.22813133812597408,0.19501044709036272,0.2184189678415448,0.20298303929949513,0.20748618516861134,0.2088112378386799,0.1990368033051756,0.1910089328364808,0.18310938797729523,0.20117273961702062,0.17837956200289357,0.20793352226067727,0.1767640161902515,0.21323470082676788,0.1763124782238894,0.19031224360981552,0.15749440551415786,0.20051853099967515,0.15356775841096393,0.20810501805385728,0.15481326397610964,0.21353696600521466,0.16204008724776855,0.1906098610587624,0.14316349859583644,0.1994226434034374,0.13967888815911123,0.20602350436628727,0.14160880054624791,0.21075829289266418,0.1553917991707171,0.191359248665827,0.1400167005542219,0.1979554799837276,0.13478474422171813,0.20321090463684283,0.13518484291612992,0.20737595748164817,0.5935604736916225,0.20346329262478127,0.5637077374595512,0.20882275769740136,0.5564897658262544,0.21647684480166332,0.5592696211137445,0.22397122723972548,0.5572435588199943,0.22970990725352364,0.592221567680272,0.22061882175992456,0.5880519471644198,0.23057769441325612,0.5771006491378479,0.23441888912621842,0.5679371732406664,0.2367966820059922,0.6131373742719605,0.22029418599240644,0.6067549601765412,0.2309844882940735,0.5911126418509565,0.23447753732375956,0.5783782085388977,0.23582434805933852,0.6251320751219898,0.21931403951990086,0.6224305040490059,0.22890311928290816,0.6068837323728985,0.23224671758657506,0.5934167592800482,0.233692486982945,0.6305360525470689,0.21811476254797924,0.629756273092082,0.22574506846822437,0.618877458730631,0.2286579108615512,0.607972054650797,0.2298753628068089
0.04052707041400652,0.124280381197085,0.042501729055056184,0.11406600388664745,0.04343342507344506,0.114300522094958,0.044581750624161476,0.11461622171321267,0.03867559281527094,0.11440436532891772,0.03721630462196029,0.11509136345043428,0.0360786271055551,0.11585149345977759,0.046293504781847586,0.12220221451868499,0.03477801650619337,0.1240831107228125,0.04281464251810359,0.1399163711736659,0.03804215815499836,0.14025907847815033,0.05479533396134661,0.20228454359261383,0.028136464569001512,0.20253185306339283,0.05895183396264821,0.29933274926441206,0.020677323314295178,0.28653309417947376,0.06024407326087676,0.3853483415032217,0.018267459444033317,0.3711604209677373,0.06173241890155795,0.41852873558967285,0.015504015186503906,0.4007782285244309,0.05928829694801578,0.4189536799791332,0.017991910710918674,0.40180462616866564,0.0582499017593993,0.4104491619230905,0.019690482862857656,0.39314305885706136,0.019695406472951284,0.36285897959864194,0.021409116106986637,0.3779055862049785,0.021775223182629515,0.39494611662217877,0.021142344901937254,0.40957703359016695,0.02036187005994179,0.4201303705587261,0.019475687753581543,0.39061320402172917,0.01843945406471538,0.40661083307503115,0.017944355388463517,0.41741573740366417,0.017660765922836632,0.4263167318124768,0.01763415398487667,0.3898972100260063,0.016282202819555166,0.4049516638167458,0.015644435847989798,0.41507481320985345,0.015240027043330143,0.422018797244747,0.01629194993797693,0.38985139372962696,0.015139787928899136,0.4035939249692021,0.014559345513717018,0.4124388982229948,0.014200824056745576,0.4185394330966616,0.015575152622551717,0.38986779188178733,0.014641678051864246,0.4025787878586397,0.014138506051827654,0.40970934486081706,0.013830078544643331,0.41419237445078616,0.059514941312789095,0.3957190818804502,0.05653001840717562,0.40618507933471315,0.05577870111431619,0.4210069679159508,0.05605115484051854,0.4357779729606566,0.055899144489741336,0.44716163353088073,0.059329608713841575,0.4293766058920994,0.05898834084373015,0.44875718077391735,0.05792463154818311,0.45601086467396823,0.05702771041753826,0.46027491207317783,0.06144507096382886,0.42862211494688424,0.06085801368430582,0.4494385838177654,0.05930381970551191,0.4561103444511299,0.05805237536864542,0.4585355467016447,0.06267195544892808,0.42653634740825536,0.06244644246689968,0.4452827431093136,0.06087908626991695,0.4518198347977903,0.059528606367753444,0.4545808472759152,0.06325012927875026,0.42403415125875593,0.06321055881805451,0.439061544579514,0.06209444275634777,0.44465831132801403,0.060976599357199186,0.44684834437061527
0.11208602857402171,0.06809978189855127,0.11750737118701304,0.06245076497202254,0.12007859978542655,0.0625762695679627,0.12325146651950923,0.06275335185867909,0.10692735591213287,0.06269612280715027,0.1029001702294146,0.06309875659542777,0.0997544536254493,0.06353117482250144,0.12794481772603636,0.06692156345113615,0.0961019410247821,0.06807926007698177,0.11848422270583014,0.07669642854905868,0.10520060506380494,0.07694516076144331,0.15151478413248468,0.11089544715224843,0.07771961771046397,0.11124159637910823,0.16286761650840095,0.1644455476191012,0.05700482099314268,0.15832446594990598,0.16637087736321557,0.2117906130708516,0.05010696412554213,0.2059163153704385,0.17056581367219809,0.2299950206297947,0.04257601587984786,0.2235487224751757,0.16385775686133855,0.23019893357061963,0.04977001242185481,0.22419867201088614,0.1609717514167548,0.22552376772165222,0.05421093688557414,0.21910674639893546,0.051738091327959125,0.20582175545762355,0.05771712437133011,0.21331451664739493,0.059408627005243624,0.22229911999541774,0.05751837075355538,0.23050173800308787,0.055433329524291974,0.23634474778142842,0.051869059670623205,0.22203392681661518,0.050140388823754635,0.23061058825855524,0.049593581601183226,0.23583427895147144,0.049427493687223024,0.24015638245111864,0.04607182186595695,0.22165617060049236,0.04395986849634503,0.2299273203731965,0.042996177168530096,0.23483082230611466,0.042295844032500564,0.23835168040954746,0.042288083636389064,0.22166968744692542,0.04054659028670386,0.22923981759603682,0.039671077384328214,0.23401650482379333,0.03910784243554979,0.23759324802907383,0.04042770796500413,0.22186228800554245,0.03903072731828438,0.22887238755444228,0.03845993137022783,0.23271612231723532,0.03807174432859926,0.23548916427580502,0.1644775336766881,0.21739614017244763,0.15602164141041114,0.22293800853519155,0.15395739534122105,0.23108147341948723,0.15475854608906292,0.2392454166161901,0.15432034903519493,0.2456115998998904,0.16384300149566944,0.23583712155007752,0.16284532265599944,0.24678466492874412,0.15970351037067457,0.2509379335411137,0.1569999723250887,0.2532679942148643,0.16976754453020615,0.2355138581426076,0.16806057899347288,0.24723920998204243,0.16349185723995557,0.2508693437638633,0.1598778861175313,0.252017579564076,0.1731766000294891,0.23445368488696733,0.1724855677909127,0.2449587497533574,0.16798349603698706,0.24851689037456265,0.1641796090790153,0.2499285983244899,0.17474960948713575,0.23310331518723415,0.1746421538904191,0.24147254428055126,0.17146587811370145,0.2445814382975607,0.16837670659238527,0.24571151627402432
0.22166518789786493,0.11610105182210678,0.23233048355335276,0.10641625008188847,0.23741434313825927,0.10662845032070775,0.24366344405881826,0.10692593654307861,0.21141166170378223,0.10687582752159551,0.2034771246930893,0.10758128070649227,0.19726850526093964,0.1083239072945505,0.2529294075606281,0.11404145059270523,0.18998397330518654,0.11611444117704045,0.2344314016032007,0.13075949980990786,0.20806178039580203,0.13122539656315724,0.29962757610051777,0.1891128495358411,0.15359890892881622,0.1898190451988303,0.3218900299150975,0.2806783003054471,0.11247645514362085,0.27117614817596897,0.32866762785519177,0.36147859421179546,0.09876915490206765,0.35212198428794866,0.3371280555081825,0.39250180384090316,0.0839788604192464,0.3822006297873677,0.32393594704821843,0.3928244683203643,0.09830265787569456,0.3832880797010681,0.31821254605942767,0.3848431258178739,0.10689894770994861,0.37470117206638387,0.09833570801046847,0.3585243563795435,0.11387838096050093,0.36927824407530924,0.11813876519277375,0.38408263025705763,0.11358304663441394,0.39881118467629817,0.10992692235805554,0.4104293828697165,0.10000728580212054,0.38420588162040265,0.09707218082489494,0.4032023321110922,0.09747421133525684,0.4143853721442881,0.09882082474154492,0.4226964409178744,0.08613527523319824,0.3836852889810102,0.08336421309648825,0.4032017051295919,0.08476341175279553,0.41417807226087894,0.08713563460200503,0.4211180314904265,0.07758143120580807,0.38414513041292786,0.07578020839615655,0.40223262272333954,0.0780961843531792,0.4119187279250979,0.08127776361881679,0.41820157754332316,0.07394003613934988,0.3850633283205784,0.07317590990351734,0.4002377325845724,0.07516365396810275,0.4084686797222279,0.0780966484154678,0.41390490632091376,0.32505839294103617,0.37087899384358297,0.30839031808497763,0.38049434913288843,0.30429667842572267,0.39429302398915744,0.3058449936450981,0.4081968667423423,0.3049933312761945,0.4190955541656469,0.3238588999942735,0.4025431105620847,0.3218937169853358,0.4213204805169651,0.3157559910140437,0.42836758758500826,0.3104526363236413,0.43221761698603217,0.3356345886371104,0.40197004947082654,0.3322269983228833,0.4219402352304811,0.3232053222954131,0.42787144722412684,0.3161356575363051,0.4296148187842017,0.3423818254608976,0.4001066274529607,0.34102149996753367,0.41792161380393383,0.332111809163025,0.42371007200967314,0.3246571634148984,0.4258548437260341,0.34551708113890345,0.39776600651532734,0.3453100966441471,0.41193004659112936,0.3389699378027376,0.4171276902294446,0.3328709387829829,0.41892184729104237
0.13071456275779655,0.0841567119195567,0.1370085735126126,0.07712351148590323,0.14001132058699786,0.07727465947290917,0.14368654828498567,0.07748276896593591,0.12464439980114815,0.07746479024770304,0.11999348661906198,0.07797489676698258,0.11632065072973653,0.07851205805846155,0.14916371514351717,0.08264122614952514,0.112044831629008,0.08416243975862125,0.13828663909559902,0.09476396435038267,0.1226958180267521,0.09511822342388306,0.17678781556681183,0.13702416425307237,0.09056809184884422,0.1375945924511851,0.18979652547904283,0.20344373164494314,0.06663013596809046,0.19840172657143756,0.19357141437057426,0.26237202693083156,0.05779398125438524,0.26143416802095204,0.19858630984581227,0.2845028425478863,0.04936062886314061,0.2832853359462251,0.19101868722069149,0.28469976541576714,0.05788666946342722,0.2840391147839551,0.18765773868224125,0.2789257449013948,0.06266503455632072,0.27760334351001714,0.057685573838883425,0.2651249770549225,0.06742719308362255,0.2717486310165058,0.06997169511092652,0.28203248176152673,0.06752412506602788,0.29217255059232616,0.06599015095183199,0.30026339232397925,0.05824187179437325,0.282825123807941,0.057450179378207726,0.2982338957769342,0.05961720676224087,0.30569608624491035,0.06178972630879813,0.31073828264498177,0.050185975301817454,0.2831032408871961,0.04918236788838143,0.2994951683305291,0.05165301251371419,0.3077957518099737,0.054318499571037675,0.3132041233412236,0.04568312182398237,0.2834476526215114,0.04544825221160249,0.2986131767778721,0.04892845003177965,0.3052988205467844,0.05257286538588638,0.30919035506413156,0.04434390016778363,0.2840263437356859,0.04504031762259205,0.2951681506335314,0.04783957726377111,0.3006945706558986,0.05085709131985091,0.3041019772142329,0.19158306409102055,0.26858968591972293,0.18170690373456413,0.2757880131375984,0.17919769400623772,0.28614038270900727,0.1802169643923876,0.2961801485876701,0.17972270725438022,0.30394044976103063,0.19092093047667844,0.2916660135092904,0.18968470280070177,0.30544784002574554,0.1859008165098134,0.3105313151323948,0.18262862731601928,0.3132576947796561,0.19789360006932216,0.2912746550188845,0.19576234109664922,0.30598518068587993,0.1903204140522657,0.3102040271257213,0.18602553546056608,0.31128066954329,0.20187178519932344,0.28998831868516584,0.20100712012545682,0.3030862723078812,0.195628204867903,0.3072944283758568,0.19112104763404217,0.30880471245487984,0.20372730387303764,0.2883088301744866,0.2036327412057963,0.2986625151160356,0.19986343070186618,0.30243253334825976,0.19621921404032858,0.30376801669357606
0.23565891783431284,0.07582498899109223,0.2471805379604562,0.06948954807688161,0.2526296896142689,0.06962611001805794,0.2591952699853958,0.06981257912178548,0.2247843717834446,0.06979445848553915,0.21648746103235292,0.07025439621618529,0.2098371338182152,0.07073809438871091,0.2691549451840801,0.07445852387781567,0.20218429366233023,0.07582375006530843,0.24950014455814098,0.08538535910713296,0.2211227237043893,0.08570503966578678,0.31900543561544514,0.12344665128262876,0.163361486177753,0.12399227419780834,0.34234372043228817,0.18331111422448523,0.12126251781046596,0.18035077109036735,0.348948941328642,0.23665357018899438,0.10529883183830717,0.23696582257957932,0.3581725745019172,0.25632583708694684,0.09077154667966757,0.25611043637285097,0.34468083380118236,0.25649915741746476,0.10603185685445839,0.25673683724913343,0.33862836147092873,0.2512967464523299,0.11405647913772814,0.2507901874057765,0.10469490234833884,0.2406703184057778,0.12241052365606674,0.24633479482192655,0.1277146018109003,0.2553267026952953,0.12417509525462629,0.264522548525943,0.12225557384875459,0.27165867485441175,0.1070662513312559,0.25694323151144455,0.1063719536200406,0.2705925091912235,0.11027998176903056,0.27718596447985844,0.11368799813258067,0.2817976125382131,0.09300142092801175,0.25755108082077327,0.09194438535259057,0.2719330484358159,0.09742541854145359,0.27917585166090253,0.10292234176338115,0.28388784193447625,0.08483321335660755,0.25780272280736183,0.0846463820142451,0.271272280835618,0.0917868311763002,0.27672973813992985,0.09910506065294408,0.27955537233491323,0.0820275570970441,0.2580077165448739,0.08389443642658195,0.2675660397400545,0.08961476715467781,0.2720477837366622,0.09553854306983878,0.27457450284645485,0.3451597400510065,0.241739565223524,0.32741967149785706,0.24855234269569218,0.32292936056209437,0.25793631132665706,0.32474719657970463,0.26696137931796055,0.32383386805512343,0.2738697587675663,0.34413122400704554,0.26280959896401207,0.3411833759658659,0.2751917895382757,0.3343583057401815,0.27981502963265953,0.32860255559398177,0.2823128548385207,0.35693143371581726,0.2624770712836438,0.3523279646390995,0.2756682265283816,0.34252509274668846,0.2794383961943884,0.3348850512040679,0.28040195725614375,0.36425951920700994,0.26134372352317126,0.3622333607295208,0.2731203487208554,0.35250522407989265,0.27692813863761867,0.3443460404778831,0.27836137107737363,0.3677383067608202,0.25984970830713694,0.36741084625822845,0.26915733756328525,0.36062679653509977,0.27259181220822437,0.35395647317888507,0.2738903141623095
0.44867019283327064,0.1430173351173383,0.47119161199307574,0.13105711972304024,0.4816771895802558,0.1313158852984367,0.4940466420601225,0.1316641872371019,0.4282012082373489,0.13163127393814675,0.41264444561121627,0.13249717813658407,0.3999267035505679,0.13340428490926898,0.5131998602847985,0.14042568710211156,0.38551464528470675,0.14293093770758103,0.47540746117983984,0.16103968241632038,0.4207358257750065,0.16163631722728727,0.607848463217652,0.23278127759486364,0.31062905756271675,0.23384555552848496,0.652336865593987,0.34595550488560584,0.23155607509493759,0.3418943694978621,0.6642665254086314,0.4468441932020998,0.2048970113157441,0.4484042023051691,0.6820227673072212,0.4834073332091612,0.17896989482012352,0.4846055804596407,0.6572206589201184,0.48372724234826475,0.20747616260547072,0.4857672167442454,0.6457011248558086,0.47392350833319324,0.22172954157265862,0.474130699581801,0.2028541733538939,0.4554622764144401,0.2350213513350427,0.46686108641776397,0.24481071092310153,0.48341440347338116,0.24025335685000399,0.5004882788906211,0.23807147134794102,0.5138862264189998,0.2063126520008922,0.48752247078741284,0.20662565085161613,0.5123942381337712,0.2144382523060725,0.5243692746710247,0.2215262587123846,0.5331268940174538,0.18095111588961776,0.4883756160032922,0.1791098968610762,0.5149224264642532,0.19030421704492353,0.5280178967118639,0.20155690365914777,0.5363388662921547,0.16614104371389138,0.48831718473922126,0.1656529326733781,0.5130247106604232,0.18019433868814969,0.523071921820358,0.194496422990388,0.5282004233031066,0.16101996666329285,0.48798935202814697,0.16488697162695345,0.5058716349549088,0.17651756314221248,0.5140698094865053,0.1879969049861788,0.5186256195674341,0.6580886354577808,0.45553216638259175,0.6237235131445538,0.4683340581302629,0.6155073255596968,0.4863334067536788,0.6185755036947006,0.5036023239425048,0.6158359317873834,0.5167187205468585,0.6557755963945969,0.49553917520402935,0.6505792427721355,0.5188263500573581,0.6375919445430857,0.5274965256761929,0.6265292293734119,0.5321266141651342,0.6803848440376123,0.49483921904624983,0.6721874884943797,0.51964300620847,0.6538384758390162,0.5269817779340153,0.6392651069481178,0.5291481231445028,0.694581107744312,0.49262557620615277,0.6909876446345747,0.5147251904727368,0.6727987817249702,0.5221862290088451,0.657350109858298,0.5252471251779717,0.7010895645189635,0.48979365095012783,0.6999328128115159,0.5073623635953626,0.6870902375324835,0.5139587575778084,0.6745262732802227,0.5165838979222497
0.23000696022810366,0.18292049548917044,0.24191155878191278,0.16760156884603936,0.2473810794730195,0.16793720933739903,0.25362537273676716,0.16841152009136665,0.21966615139825935,0.168327057885514,0.21185696859656483,0.16939721559737994,0.20528123380110058,0.1705217372482636,0.26356315937066693,0.17967928756749954,0.19796568196654465,0.18266499147088136,0.24389294654977667,0.20596089411883747,0.21564358838437594,0.2066982821710099,0.3118783586227582,0.2975790570903448,0.15866802981312542,0.2993715991866256,0.3350692217586009,0.44266353705183764,0.11980699055980057,0.44234195194447257,0.34084263562879,0.5731891073307993,0.10749671965587339,0.5829162124663393,0.34983972353724213,0.6189947464165912,0.09506181862654899,0.6294199442839863,0.33744113624548094,0.6190673355901232,0.10861058608040708,0.6309019689135335,0.33161400375019373,0.6065064468061148,0.1155577598594524,0.6153293308981311,0.10656646253786951,0.5851398729397098,0.12374329105533449,0.5986269621662427,0.12851616571883687,0.6198951223643087,0.12635809217222155,0.6423082897405775,0.12645869202465,0.6592695789103397,0.10779961240175526,0.6298391636483782,0.10951548122296996,0.6613677022017108,0.11486061030255508,0.6743893269926682,0.11909284026387985,0.6833235110200498,0.09579915777148838,0.6303361163009619,0.09710887721483377,0.6629355659970954,0.10419108297440752,0.6772594312082797,0.1107200624248647,0.6858745242444949,0.08988945972292384,0.6293750501924104,0.09112914884223285,0.6590055663185604,0.09897112067643975,0.6711262435935048,0.10644957086265912,0.677194428304852,0.0884781996224184,0.628388575275085,0.09081721907061911,0.649326992527386,0.09692839509022874,0.6593574445455884,0.10234187164595004,0.6650186206697662,0.3373972496923668,0.5822213932619951,0.31987413877981324,0.5985189877191422,0.3154695825433526,0.6214214175563821,0.31704676879666477,0.6437474467479603,0.3161186848050832,0.6608447691720578,0.3362689730545143,0.6336462241826208,0.3338613079878329,0.6632265462202728,0.32719995996179174,0.6743149711534956,0.32145832144014364,0.680315502962954,0.3487983719562825,0.632371730805104,0.34518001045695085,0.6642089681987753,0.33586416200450264,0.6738189018337323,0.3284238011591428,0.676745227585322,0.35604211786350576,0.6291552562024032,0.35471441712409274,0.6575352848194486,0.34540325944453176,0.6670884253501318,0.3374583622476091,0.6709258829255456,0.3594294124204445,0.6252733721822007,0.35936787584053437,0.6480661128674536,0.352804583518915,0.6566155275104374,0.34623463931032,0.6599725559530837
0.4504328548029141,0.11845181982413912,0.47441275167307606,0.10848700238081095,0.4854582005537904,0.10870971495261876,0.4970382786965946,0.10902533302929561,0.43063499828624124,0.10895165602122615,0.41574751952493016,0.10963871955488126,0.4027258313215549,0.11035578189771036,0.5168253895501741,0.11630269269146112,0.38856328153145014,0.11815286588417272,0.4779343630524738,0.13331390082643374,0.4225393249896058,0.13377768846983523,0.6115431279518624,0.19225446472248536,0.31019300105126607,0.1938827408939749,0.6579311928395327,0.2864353225528525,0.23848412103957345,0.2872790222453954,0.6690716614820318,0.3711008742441737,0.21403252078187707,0.37841658159934444,0.6866108212461601,0.4006426051496997,0.190595917352522,0.4071380535858637,0.6623849969969212,0.40068420663730986,0.21607938747128622,0.40841589523763,0.6510855549851712,0.39255708530350547,0.22962649436838561,0.39897605695484695,0.21140251323512949,0.3788707676059531,0.2456929518990698,0.3878962389292822,0.2557761825896631,0.40146932121148826,0.2524001190052883,0.4158701284840426,0.2519575694083014,0.42699383490195264,0.21443069573381363,0.4089239243983727,0.21868972499067638,0.4286268530376726,0.22888559000459005,0.4369566008572095,0.23721340084630851,0.44289232935942396,0.191755421233698,0.4087488080313671,0.19540880358340204,0.4294501387423583,0.2101382066155995,0.43825045084212244,0.22367542646191077,0.4433944394726167,0.18071789500289145,0.4075937529853119,0.18470810055253636,0.4266572227034968,0.19987034826081554,0.43444557945791806,0.21378453793697835,0.4385321436959806,0.1783231732463463,0.4064725643079094,0.18447414170862397,0.42044575402592615,0.1966667356570292,0.42708325960329085,0.20735360982606885,0.4308780417018986,0.6616602241370432,0.3767525893568428,0.6272835209549765,0.38717973149716095,0.6187576568748393,0.4019306369799186,0.6222359213420976,0.4164009930611857,0.6201853990457523,0.4274856203128848,0.6592581911666258,0.4099188961129613,0.6551512143434622,0.4292670854706833,0.6422703125395988,0.43637623151873883,0.6312076393756693,0.44010930082044714,0.6840433623049247,0.40925764433495754,0.6766312484775138,0.4298096199881666,0.6580466631853159,0.4359120234884375,0.6432393996281621,0.43763853567068633,0.6984465577075012,0.40734865060721753,0.6953387454221407,0.42575207926167036,0.6767519745713476,0.43184523425014437,0.660903812714643,0.43423911904365886,0.7052311560325234,0.40496815093259464,0.7045249604207051,0.419638981118667,0.6913970904955764,0.42506183760305233,0.6784626425061289,0.42711719323384756
0.4106641305559782,0.17455654670841014,0.4330240978963531,0.15978029637426341,0.4435685261399609,0.16008758088223693,0.45349802970148884,0.16056614825738705,0.39286517584766184,0.16047141736018045,0.3797286742140827,0.16141763732911737,0.3675847802806923,0.1624736733636077,0.4717032934782409,0.17121037421827603,0.3550608475694404,0.17389199492383897,0.43621903162300474,0.1962345771246311,0.3854816060987291,0.19690970956460552,0.55840729292265,0.28237190313785554,0.2829457351349523,0.28539777258260773,0.6016363410222129,0.4215205402276165,0.2197679230862053,0.4228731811143927,0.6116753993100118,0.5463362378820723,0.19741781900257224,0.5557805680200938,0.6275495555271605,0.5897047975004291,0.17650520427906782,0.5983308407871261,0.6056160044975538,0.589755881647218,0.1991652335434821,0.6001613065469188,0.5954118526626505,0.5777974887851068,0.21156324018796024,0.5865116918251283,0.19664203638183209,0.5579496642529319,0.22803111924941566,0.5714057334185745,0.23769839581626365,0.5921426300054734,0.23481780134548516,0.6133667069922718,0.23356979597434355,0.629393764045577,0.19945725257058852,0.6019091070691752,0.20419147303334345,0.6314300513967924,0.21520576826760016,0.6433574571698631,0.22398387640339493,0.6513052000074824,0.17831898461745158,0.6015532010464891,0.18340261898128463,0.6326199853160347,0.19850421687513228,0.6451849529211217,0.21179924448317222,0.651628237935723,0.16806275621468464,0.6000754238001371,0.17320270275482533,0.6283880201555998,0.18827636466938494,0.6401063868280024,0.20173015620741624,0.6460206143223716,0.16590441626804625,0.5986528887125219,0.17253460690944128,0.6191731726769903,0.18423024021435785,0.6291559653622691,0.19432522994961557,0.6348841713221105,0.6047334274346972,0.5546881988812014,0.5735576835980395,0.5695695751424245,0.5659713281459614,0.5908760203659057,0.5689618580718598,0.6123111164590616,0.566729977968501,0.6287800612821192,0.6024134561939242,0.6029999912038007,0.5984642510264953,0.6317068561921834,0.586775113907563,0.6423409222488782,0.5767658000610844,0.6480653661979096,0.6252693228599915,0.6023307987808947,0.6177514510096093,0.6326546354156007,0.6007715154419362,0.6416895993773198,0.5873014715411675,0.6443718140845897,0.6385703231518486,0.5997612958974993,0.6348841540279034,0.6270871069174616,0.6178742360633795,0.636155928976471,0.6034009240546528,0.6397381552698992,0.6449050801042736,0.5963733576623524,0.6438670228977473,0.6180526379571648,0.6317727426924793,0.6261059645981762,0.6200491020216155,0.6290496390567434
0.26238266891985107,0.12680665062425076,0.2767309752067283,0.11606807270423139,0.28363564363129307,0.11629061909397288,0.2896498262452513,0.11663652870581681,0.2509173785887983,0.11656767397823704,0.24268774743669708,0.11723778508611483,0.23480827739159163,0.11799543877779149,0.3012186192962106,0.1243361591786509,0.22692839619841534,0.12617114665751947,0.27882980996981693,0.14254549301881037,0.24623915310634475,0.14301940410855715,0.3567538815393157,0.20453904475034357,0.1802338225069124,0.20716032445379598,0.3849827903409342,0.30594780213095785,0.14113129590358756,0.3070879141710762,0.39129784197650674,0.3968775711056227,0.12702202653678277,0.4015342361073514,0.4013137744470356,0.4283566941135948,0.11354124267937053,0.43348322521454663,0.38741133540142103,0.42838420004915534,0.12767230289392967,0.4348544590243166,0.38098436012434295,0.41969825706477853,0.13596538789829662,0.4246297656892852,0.12725443179074966,0.40484638221450164,0.14734353006603837,0.414523941142441,0.15350673101411536,0.42894136603274596,0.15243299498556637,0.4440273469567941,0.15297732457594124,0.4554681262428452,0.12850483205425456,0.43689601068592443,0.13301197425612116,0.45882363464840864,0.13975894455396065,0.4674546376726069,0.14506548042718398,0.4734200099194783,0.11556773822355146,0.43685207309997015,0.11880389230295865,0.4597241034721724,0.12828133500848912,0.46893474464953694,0.1371284344244551,0.4736845702774584,0.10987898692151346,0.4356568053668453,0.11349532353094062,0.4552921242107288,0.12249528627687298,0.46337372763314183,0.13066928300390745,0.46731969678873914,0.10934324575750717,0.4344072448720257,0.11438545910430163,0.4478674272493509,0.121929873927088,0.45454813359815416,0.1283248557931725,0.4582375245104046,0.38677722325454056,0.40265647827822326,0.3667687480704016,0.41374334786006156,0.3620024455345511,0.42931555462278387,0.36397382439568043,0.4447791399066454,0.3624762708446307,0.4567047427679893,0.3855363174659307,0.438245131880832,0.38279706628554205,0.4589129839946414,0.3752065724234093,0.4666214055802135,0.3687382996067717,0.4708767715665282,0.4000432659973255,0.43760278738568187,0.39531914420800157,0.4595254135376524,0.38450049842613665,0.46622377402287424,0.37598059673602485,0.46829175295590303,0.40840144944624157,0.43556731219872724,0.4063162282526095,0.4552489416896723,0.39562114007988414,0.46206534398724103,0.3865087892474033,0.4648834619184404,0.41232849217557055,0.43298455878279535,0.4120637737287771,0.44876146004374823,0.40452505406815714,0.45470838713383194,0.3970431946629633,0.4569552085812115
0.12022437931814832,0.00801639376711927,0.1268250682850812,0.007337010676086265,0.1300576526970744,0.007350934647324032,0.13271078998106015,0.00737269220182529,0.11493301504018753,0.007368539328823706,0.11121560864433633,0.0074100476041360315,0.10754208768970222,0.007458021270320575,0.1380225842908819,0.007857333447026818,0.10397871003953332,0.007970596822301406,0.127834314653819,0.009010183265088937,0.11282637412146768,0.009038726099298079,0.16350529002336972,0.012911794097702158,0.08236463066854888,0.013090810253827126,0.1765875533255098,0.019332240304415063,0.06485239723276384,0.019409445446494058,0.17947960460041687,0.025088125693729164,0.05849033578913729,0.025353986839155032,0.1840287103268325,0.027076741061313716,0.052326415610397636,0.027398418547166962,0.1776911383707821,0.02707830243701605,0.05871251587913282,0.027482439651009126,0.17478244402614423,0.026529425468142173,0.06256911060080561,0.026835248286019468,0.05828215767720243,0.025557331592376983,0.06776265666876177,0.02618858874332143,0.07070359608762616,0.027140662009826278,0.07014828909644485,0.02809957623828749,0.07026451110396036,0.02881920679943505,0.059150371148158576,0.027645209090673934,0.06114160055310296,0.029011840106244927,0.06418770852175233,0.0295481101595135,0.0665457562142141,0.029910231139723402,0.05316725046307499,0.027635922655274026,0.055001254562974417,0.02907724288439056,0.05934027821586758,0.029646876831851646,0.06316822617603901,0.02993523360566426,0.05042492742611751,0.0275554833972934,0.05231848534837226,0.028817315875731497,0.056581961901574336,0.02933994036900471,0.060276552199941956,0.02960537423840141,0.05006304895820536,0.027468284996170506,0.05227038673710998,0.028369210140141123,0.05575461897486263,0.0288263750366478,0.05869266576951688,0.029091761178402942,0.17743773331075008,0.02546510133418718,0.1682852467253963,0.02616198853776086,0.1661295849094341,0.027138134717568645,0.16703810646992717,0.02811273315814311,0.1663021781539723,0.02886784808441517,0.1768853399048239,0.027701086795211882,0.17553672024348999,0.029009726453547442,0.17206568298356548,0.02949920750887724,0.16913858484141672,0.029774243725206043,0.1835460613046396,0.027664238783185777,0.1813160297010139,0.029055694990600425,0.17635060967281857,0.029481109641748153,0.17244421150822342,0.029612681113049155,0.18740560454664254,0.02753629915813271,0.18640180804960496,0.028786326999892607,0.1814699117193812,0.029212953024037924,0.17728932911214307,0.02938713846101397,0.18923929073735946,0.027370541059008557,0.18907805837921182,0.02836815331379238,0.1855986786233769,0.02874281757275218,0.18221630658380658,0.028881641372824868
0.2018189151450579,0.11609683209854882,0.21296752971768806,0.10622997594614254,0.21844233836087848,0.10642716677030256,0.22278888522217313,0.10673706039932465,0.19292658933116175,0.10667820348443975,0.18672751274779392,0.10724256502199399,0.18050955783780134,0.10793060589516053,0.23175569120031506,0.11371598637437288,0.17453174980038874,0.11525528436055735,0.21464838172195452,0.13046020679339396,0.18936957447578256,0.13083101440828113,0.2744474067072115,0.186723031748027,0.1379142767680289,0.18954240386375762,0.2966190386272037,0.2795504497127467,0.10914451706941139,0.2810666591342496,0.30155621413018746,0.36331717764219246,0.09852089138464032,0.36674652890153375,0.3092099432656586,0.3920889522014969,0.08807268268821698,0.39634267877028717,0.2985593032590197,0.3921070215129868,0.09883751426445496,0.3976181615174056,0.2936837640836352,0.3841836777943703,0.10542961929335488,0.3883022959411824,0.09888834955940833,0.3697054527125598,0.11444642700849597,0.3789908736382763,0.11903614972761259,0.39253795319848267,0.11821551779182841,0.4065048398043241,0.11837343593326438,0.4172236607021655,0.09977597137810335,0.40000535124848435,0.10312452630341508,0.41991111697007916,0.10842392382838417,0.4277244649892435,0.11265850389799978,0.43300959049092796,0.09012765546075863,0.39990104952150535,0.09272996469250894,0.4209268492503883,0.09999478621120747,0.42936992429457305,0.10663762087278489,0.43356091842675176,0.08595207016184525,0.39865976352236143,0.08931551172780385,0.4164262741639765,0.09647899725380261,0.42382435715023004,0.1026954435413006,0.42749683774286074,0.08561290599650857,0.39744599290464844,0.08938052337810506,0.4097074195588104,0.09550843054853818,0.41594182571986027,0.10063930261359778,0.41946346541165636,0.29811808107543136,0.3686175090125624,0.28260913658463005,0.37878997185806806,0.2786386065424501,0.39308539738429593,0.2801932038672873,0.4072530541178029,0.2795602398737271,0.41814216757966743,0.29686210882274977,0.4010277319822015,0.2949077793679882,0.4200676189302512,0.2890477495474283,0.4271388744791738,0.28399422813844266,0.43094099991325935,0.3081117834921371,0.4004862450739468,0.3047533432739037,0.42066614430264426,0.2965029275262594,0.4266964561093246,0.2899160586501422,0.4284372647687275,0.31459792099857764,0.3987389854399501,0.313212547678696,0.41682633332820185,0.3049931966401618,0.423038391470123,0.29789360744044097,0.425570761042699,0.31767407857665886,0.39650260369657025,0.31751790973290145,0.4109327097740124,0.31171860050021655,0.41637519297739667,0.30587484267014287,0.4184691595826768
0.4261991593383071,0.03349124830476442,0.44973532309138875,0.03063813813839333,0.46130177611097395,0.03069518348757489,0.47033524491453205,0.03078507543059879,0.4073687105392802,0.03075917227008657,0.39429713406338784,0.030911317730745458,0.38114567486323303,0.031105572444000234,0.48920547387180696,0.03279921944952933,0.36833232220758927,0.03320382577224795,0.4532185669978353,0.03763365077922223,0.39984153082010765,0.037725940283840464,0.5789691529525851,0.053818639573208794,0.2900364641704909,0.05468385071172551,0.6260680666991735,0.0806382668179516,0.2308017500895412,0.08123843583059674,0.6367985907824063,0.10482574174856285,0.2085343352988376,0.10603059953353197,0.6529405060184411,0.11311725037464916,0.18657225306316583,0.11451540384823532,0.6305304381914265,0.11312055473676728,0.2093283016243697,0.11487199959348329,0.6203127904626636,0.11083584470500477,0.22310900158204935,0.11217282949823179,0.2099809293452536,0.10673496040112603,0.24317241208138948,0.1094303418742938,0.25226064060403214,0.11345742875753437,0.2504469729153284,0.11754706113868328,0.25082431400494454,0.12062091551319147,0.21188777287843236,0.1154867913580305,0.2198748796766014,0.12124236347844215,0.23128067442615488,0.12350245221430722,0.24002171938563382,0.1250138560527868,0.19169802813587802,0.11548452198289766,0.19757653854092566,0.12156407351558092,0.21334515518472233,0.12398005597919147,0.22770408107105136,0.12514149178724623,0.1830912908116811,0.11516035266475717,0.19004222864999726,0.12034660598091963,0.20585856164321367,0.12247713143775639,0.21946475219720726,0.12350052466973832,0.1827861938623247,0.11484143424389061,0.1908757767289981,0.11840007082512587,0.20417031057561993,0.12019057931906596,0.2151425288809267,0.12117868804061409,0.629374184738907,0.1063619947699825,0.5965863565262409,0.10921999263865333,0.5885163413309251,0.11337093612956302,0.5917354092737444,0.11746687338555802,0.5898843918853389,0.1206091698352026,0.6271102870047948,0.11573070645599162,0.6221370232058646,0.12123358033200747,0.6096858832754161,0.12324995337107372,0.5991456789767191,0.12432218089723247,0.650681022790668,0.11558510562633825,0.6427573311200802,0.12142405591847197,0.6247672257637449,0.12312352353888156,0.610749779303175,0.12357552799264376,0.6643095958838255,0.11505246714065898,0.6606080075177679,0.120338231132103,0.6426487045034178,0.12206567188699537,0.6275992059821652,0.12270705996847613,0.6707649433840674,0.11435333817975196,0.6702271176286014,0.11858935949991001,0.6574872987442828,0.1201307779609626,0.6452982019260842,0.12064682816899713
0.42110694412926825,0.1070009130099581,0.44444237802541103,0.0978905879328589,0.4559442997396966,0.09807806682762758,0.4647754466346998,0.09837136552368257,0.4024300865173653,0.09821721671624249,0.3895166734569833,0.09866739681628464,0.3764494828646727,0.09926261706860989,0.4834565962829803,0.10486799236566818,0.36358225211571366,0.10595282560431939,0.4478407879032673,0.12029298371690027,0.39475619525937206,0.12050325702119931,0.5720360845103513,0.17207631070914095,0.28517285445169993,0.17486267868384717,0.6181485461069509,0.25833670206845,0.22848425112450058,0.2598642842626444,0.6294504344001184,0.3353946494848388,0.20648918340019692,0.33936760196684573,0.645349952060964,0.36176663513902496,0.18672209949654092,0.366192530679805,0.6232822140293072,0.3617171751415225,0.2080781933708706,0.36735977447598905,0.6132716155377412,0.35441731672560994,0.22086448857670934,0.3586773132937974,0.20824832969287843,0.3415302092364014,0.24003676981619737,0.350311802948885,0.24883083351689814,0.3630777349623217,0.24728187437710794,0.37595825385763326,0.24703838102192652,0.3858197697255292,0.20958675831686713,0.3698076041006939,0.21697600172229836,0.38788801132765854,0.22778678295018057,0.3951333999857324,0.2360395840747836,0.40010690787455044,0.18998470934341014,0.36980080297151,0.1959566364962325,0.3891062332305379,0.21123973189252807,0.3967460570190931,0.2248365352479115,0.40044905932443076,0.18134782001485683,0.36877365029164044,0.18666148367992821,0.3856000689631427,0.201328806748611,0.39280571352254817,0.2142791067959181,0.39646223132440134,0.18076811305577692,0.3677226632974434,0.18624435905883155,0.37959567384584064,0.1978502093682602,0.3859547296327719,0.2078803672827468,0.38976457646310103,0.6201779190099657,0.3404957392702224,0.588543501677797,0.3499735074963545,0.5807076657557966,0.36289386157688597,0.5838779845575864,0.3759603488483194,0.5819407800700402,0.38589424816252954,0.6184608101478625,0.37013032375290594,0.6153279669551295,0.3873433137492707,0.6039986096291454,0.3935944319725917,0.5942572567110265,0.39687773781047925,0.64167410495166,0.3693841123602617,0.6359050194380428,0.3879627630243136,0.6196455593436112,0.39376743569620676,0.6065904600309243,0.3955655449485637,0.6555821177333022,0.3674753025855635,0.653777892795695,0.38414966744031176,0.6374205742718543,0.38992998964075193,0.6233169427350824,0.3922565223409496,0.6623930153683333,0.3651943131611508,0.6624927868196707,0.37865793779742885,0.6508165348506885,0.38366529952124706,0.6390704330554011,0.38552385988166255
0.4406709749953826,0.09512091424384349,0.46521008325046226,0.08702681620707074,0.4773020805915724,0.0872000682692205,0.48649624431526944,0.08746934556882673,0.4210078196197267,0.08726864228516437,0.4074748174331942,0.08764546839110021,0.39372873169003053,0.08815983430324657,0.5060524597456263,0.09330333806592696,0.380133050313844,0.09411633733296836,0.46866206255607873,0.10700295662232895,0.4128034990169057,0.10710906667123185,0.5982790304135972,0.15302184933145418,0.2975423775274758,0.15560900537388186,0.6463483688522521,0.23000159952167068,0.23949741486165502,0.2312290690032822,0.659014291789776,0.2984653512578711,0.21654059651064403,0.3018100232175605,0.6757058627474054,0.3219355512349281,0.1956590886978961,0.32581341453844587,0.6525576673624098,0.32187686614326927,0.2181186735511458,0.3268112772479963,0.6421353511561892,0.3153880026014726,0.23171055307484514,0.3189453404711282,0.21776707926065636,0.3041632899892954,0.25094404774306134,0.3118915653748184,0.2599396674270716,0.32312124946805687,0.25838604554581185,0.3345136955282165,0.2579733647336022,0.3431984136207517,0.2181887252520419,0.32926735100580945,0.22627634439642105,0.345251311072058,0.2378783908423383,0.3516662778709049,0.2465632604619041,0.3560332646616693,0.1980614484587329,0.3292110165600872,0.20404651473672272,0.34639769677831583,0.22055969404166673,0.35314669847043073,0.23531067618650037,0.3563399564090999,0.18955485489498627,0.3282373898207108,0.19562010686580597,0.3430534030834898,0.21152960080334682,0.3493459741801201,0.2253008352869495,0.35251613094320533,0.18941658819895651,0.3272294490544436,0.19581725089900254,0.3376818258723909,0.2086711600291035,0.3431499416804037,0.21955821416959675,0.34636476071628447,0.6491255193413888,0.3030635389369064,0.6156574522617875,0.3115150837600974,0.6075908974352429,0.3230991209735502,0.6109269202399994,0.3345605733523547,0.6087530312630899,0.34326620408805003,0.6472350225039313,0.32967006799069654,0.6435499999161259,0.34479793361439914,0.6318254464802661,0.3503744763436029,0.6217258767243786,0.35329008787256394,0.6716679357712939,0.32909280879028646,0.6648645721218173,0.3453306926555265,0.6480335656554003,0.3504242451920539,0.6345468022153338,0.35205402637477035,0.6861477019799116,0.32749655808581524,0.6832420077755993,0.3419776718499243,0.6664481978118949,0.3470798974593902,0.6519166955836202,0.3492122305320026,0.6930720056395896,0.32553830790710603,0.6922425852807583,0.3371034859152283,0.6799537650088576,0.34150735353017053,0.667682669589769,0.343239968717884
0.16043806383592824,0.1008665972621861,0.1694294394261256,0.09226853142346235,0.17387237117565643,0.09245101880750758,0.17722047920353404,0.09274383006489234,0.1532410773575739,0.09251101888181405,0.1483104565123268,0.09289396285146781,0.1432763087164588,0.09343849345057623,0.1843421146171591,0.09899870341862932,0.1383400508212593,0.09976206835875442,0.17066106929363375,0.11349998526482032,0.15022953492178817,0.11355155622822194,0.21777806104083433,0.1623429844709225,0.10817340609257224,0.16511634831650857,0.23526924648318676,0.24424994530327615,0.08735304636819564,0.2453291295331028,0.24002760956942312,0.31673003506548747,0.07894907572910183,0.31961061204110297,0.24608438564652405,0.34167057007420437,0.0715485983021749,0.3451112528683128,0.23778074887826084,0.3415590993830547,0.07966267756095054,0.34606216552607055,0.2340008353329327,0.33467417865962623,0.0845775577401345,0.33769466740808396,0.07900987533930277,0.3229719923836373,0.091118183726107,0.3310295916588674,0.09440951860803536,0.34291658762496724,0.09362653049687217,0.35505195565830727,0.09338464299791778,0.3644111644776489,0.07910785887867482,0.3495916980300228,0.081986134711599,0.36650651529863265,0.08630411497514164,0.3729391597481705,0.08964246585011157,0.37712670764116,0.07174121779726786,0.34948455657610655,0.07387359580949641,0.3677999824362918,0.08009192674179476,0.374653451681276,0.0857218226972507,0.377657082207924,0.06865693681658135,0.34840026900702464,0.0712090784089867,0.3638221875207846,0.07726956257874734,0.36983888115056934,0.08237915507804812,0.3726186815111151,0.068544083451089,0.3472718576226959,0.07121911179606977,0.35810839714511417,0.07624645205819126,0.3633337004745375,0.08040935258288544,0.3662010030340001,0.2366804004730994,0.32153543105371263,0.22438917824282295,0.3303014770311828,0.2213670827251496,0.34267948304271206,0.2225616503938012,0.3549053636717207,0.2219389530153378,0.36430737746582736,0.23577382800101954,0.349797379804279,0.23422504384466095,0.36600197280304303,0.2297205727391713,0.37198836177219374,0.22585198334160184,0.37507665612367846,0.24461360253020453,0.3492100657332395,0.2421683214262657,0.36650367692455244,0.23591308748090686,0.3721151424811094,0.2309190919611118,0.3738644123574254,0.24987390652283417,0.347462888799427,0.24916167181605697,0.3629445278506522,0.24295224592446418,0.36852259233848755,0.2375879280599553,0.37085286878788715,0.2524060281604252,0.34528029381353365,0.2524853963255358,0.3577077850135723,0.24811911721871324,0.3625067874925057,0.24369811565354876,0.3643943635967297
0.082614103118292,0.10045656082285435,0.08724049173516628,0.0918842538817578,0.08953543218400338,0.09206895514482687,0.09126613348326933,0.09236422290778272,0.07888876244519454,0.09211270036876631,0.07634005765062285,0.0924801816760898,0.07372895012672083,0.0930149518618351,0.0949152073698244,0.09864198750761398,0.07115135946764466,0.09932026345411281,0.08787606758552105,0.11304077974734378,0.07733075404228733,0.11305792073305065,0.11205772337190224,0.16170835912600431,0.055521434297614,0.16451005323979467,0.12107569924144045,0.24349407269932452,0.04502116205646417,0.24443896953641656,0.12352912602835879,0.31559382949017184,0.04069855258879517,0.31803839116675925,0.12663867872955797,0.34047251325993055,0.03695682251612289,0.3434296189774633,0.12244891625964933,0.34034289883967694,0.041098232036321965,0.34437074479769986,0.12051555080881983,0.3334834191794957,0.04360742860940204,0.3360329408252283,0.04036676071160433,0.32149515661764777,0.04674149666855241,0.32955007718933677,0.048563930365850654,0.34161901665724503,0.04834508665691434,0.35383134047059145,0.048295404706591744,0.36313078230952883,0.040510326545525194,0.348370508107473,0.04242279943136323,0.3650142052506919,0.044635790470346916,0.3711236525129589,0.04620276661241809,0.37502339817113234,0.03677544408218225,0.3482730044671103,0.03820219498171021,0.36616759361059864,0.04139297108698325,0.37277212967669954,0.04420731681353033,0.3756290177644661,0.0352767004234918,0.3472499733035044,0.03664343162927145,0.3625765285366967,0.039764335105216625,0.36871257289511894,0.042396822413935595,0.37164185307918757,0.03529283897721588,0.346217143209736,0.03658133039735787,0.3571420647232573,0.03909386273785692,0.362525048442957,0.04120753811578209,0.3655687447066191,0.12191355332666534,0.3204458997459103,0.11554841704746675,0.3289370012672205,0.11405507381050523,0.3412417435618365,0.11464106901366944,0.3535876813587681,0.1143050899403547,0.36299062618306555,0.12148018817575931,0.34852826231259537,0.12046758136382439,0.3647042390924924,0.11815734896600946,0.3706631885002529,0.11622612535282859,0.37380450267751575,0.12607076372348172,0.3480683982343891,0.12459272208341536,0.3653040307506858,0.12133510279485801,0.37078346108329624,0.11876769551253016,0.37262426010666816,0.12877668615500495,0.3464119505122948,0.12811393212151417,0.3618283816472102,0.12486658786491985,0.3672672164120049,0.12212553736637564,0.36955859481299175,0.13003937663221068,0.34433489156926295,0.12984399665823596,0.3566474330123756,0.12755833750587622,0.36136728913169497,0.12530343591398424,0.3632476838320498
0.07710512447728217,0.16602472195422333,0.08141873742865964,0.1518431561275827,0.08355858422492114,0.15215328261476108,0.08517910276001733,0.15264650734548318,0.07362531439516432,0.1521989273019896,0.07123987198625184,0.15278391367501384,0.06879114826684772,0.15364989941587018,0.0885579428547645,0.16306131206642296,0.06633820939610428,0.16408007645516784,0.08200658891928984,0.18679238166152243,0.07216001340409853,0.18678403432736038,0.10448301878980129,0.2672048491179002,0.051607556938180005,0.2719314237785818,0.1128963617890201,0.40262718143131987,0.04204302278327764,0.40410759944534214,0.11525299165704692,0.5217051264813052,0.038012126697211455,0.5255796118824724,0.11817956762924543,0.5628574130601384,0.03465404937516722,0.5677095873542232,0.11429795364974679,0.5626371945639701,0.038388770284193956,0.5695951167257688,0.11249638175519959,0.5513073472797647,0.04074505339297597,0.5557887913154492,0.03772163251740977,0.5316568489667362,0.0436057180884626,0.545146896601195,0.04530454116574698,0.5647637222168682,0.045194082584496004,0.584915438393897,0.04519628473086879,0.6002723135932357,0.03795108806339395,0.5757635487309206,0.039921819925632374,0.603204955230928,0.04198658208697877,0.6130710083292585,0.04343847205166797,0.6195321519448008,0.03442709319776566,0.5757170775749632,0.035920096649797104,0.6050772138760264,0.03891741150793375,0.615748058609185,0.041569984629609015,0.6203094575910443,0.03299073759690659,0.5740098293149413,0.034442451930289976,0.5990906522180212,0.03739810389033288,0.6090014763080668,0.03990488276303922,0.6135677396487305,0.03298631303901035,0.572293182924802,0.034258964501075184,0.5898462452841904,0.03665108315129167,0.5984613553144308,0.03866933454016742,0.6032570936010266,0.11377382479955614,0.5298380982684872,0.1077980191565717,0.5441894207720475,0.10636207561377625,0.564639610227177,0.10695145824912373,0.5849088738708502,0.10673388258479889,0.6002598929489097,0.11337638466461959,0.5765979043328516,0.11243819825594313,0.6030518932223324,0.11027923917091657,0.6127990765040523,0.10850060742692762,0.6180563621556605,0.11762091596904703,0.5756817991669345,0.11630268142807555,0.6040824288871163,0.11330375436461894,0.6132788061811008,0.11092037449770796,0.6165325899534584,0.12011805988845158,0.5728921602327371,0.11956717203264314,0.5982264020614955,0.11658066525486373,0.6074736898291814,0.11402858026030989,0.6115357127916361,0.12128406261759136,0.5694938624997803,0.12117752196546988,0.5898447812538705,0.1190861494096106,0.5977408162631679,0.11697265631595351,0.6009659333773282
0.3570712502463956,0.12104284086964677,0.37702921447595295,0.11068502362877747,0.38690696567851796,0.11091129045059853,0.394448439231757,0.11127037485515578,0.34095034217970405,0.11094964294807647,0.3298847023226726,0.11137357793927825,0.3185194990492757,0.11200147418081619,0.40998815589721826,0.1188735099752646,0.30695652636085563,0.11960887068953364,0.37975469098884135,0.13614361806741887,0.3341732934011418,0.13614437564761595,0.4837260537152225,0.19476207452693192,0.23846259417601984,0.19824188142043483,0.5222134042001636,0.29372785764746473,0.19473480257875173,0.29464373767028934,0.5333031317588034,0.38040825541314405,0.17607269413026375,0.3830670175503132,0.5470892637471784,0.4104298156409511,0.16083770253151247,0.41388761827327475,0.5292126437778039,0.41026073751514486,0.1779531615576402,0.4153449959597049,0.5208760883751138,0.4020166120685006,0.18882030206929673,0.40528457199052487,0.17478330344659573,0.3878379132769839,0.20195258330371121,0.39761679289655255,0.20989326619390838,0.41190179396390714,0.2092434404844591,0.4265438907878016,0.20921954047922695,0.4377148240195327,0.1759574277001432,0.4200142037626473,0.1849993460844756,0.4398010277050154,0.19440520774219933,0.447021800047238,0.2008819214637386,0.45191848852209004,0.15950373395850437,0.420055285270608,0.1665161331376294,0.4412231434768172,0.18012989728722267,0.4490208475745913,0.19213704302226975,0.452383470585789,0.1526941719965591,0.41881154519975866,0.15938961456179374,0.436897739341502,0.1729208027334492,0.44401441327755103,0.18435285719949154,0.4472417737881037,0.15247610009018034,0.4175090582281709,0.15852850529823712,0.43005310556713716,0.1696267521868397,0.4362302078814706,0.1789410075854166,0.43963949094571664,0.5262646844936967,0.38641424790932444,0.4988224315401731,0.3969848677057846,0.4925644258071763,0.4118308913445517,0.4952300480312197,0.4265763978653496,0.49391938509158595,0.4377954374395963,0.5242783145998553,0.4203111751999086,0.5202129779332624,0.43959465597223396,0.5107582943625818,0.44673942924650256,0.5030980298583808,0.4506077026037978,0.5440246407377058,0.41957876732663507,0.5381185448548726,0.4404120850048997,0.5244187949098411,0.44702607004471256,0.5138370154554199,0.4492842444349359,0.5557198350955603,0.41742276295662906,0.5536129224179127,0.43605816830580296,0.539943495865209,0.44272508065302196,0.5285045696262836,0.4455661785694466,0.5613985681013944,0.4147704746865987,0.5615216135035496,0.42973784889875505,0.5520957934644932,0.43553922587079275,0.5426959589459598,0.4378708166692073
0.021551997522220416,0.07185102298297562,0.022756288279459577,0.06568760550056271,0.0233511780451834,0.06582188761027735,0.023807853672122656,0.06603438893390258,0.020578696829729747,0.06585166447516516,0.01990940933864541,0.06610247808495569,0.01922167944913364,0.06647374846640361,0.02474326128428699,0.07054867613798275,0.018511937258666258,0.07099314670118888,0.02291996755510764,0.08079942576349605,0.020170081456149274,0.0808020988325548,0.029188499884265102,0.1156061070784877,0.014358919600967582,0.11766253028267779,0.03146522913844171,0.17463541443758715,0.011755527901312226,0.17492289969268665,0.032122680313068926,0.22587881272797583,0.010626552520682885,0.2273257659647076,0.03298665211124397,0.2436790811410591,0.009717926100774571,0.2456456217592696,0.031919966242851566,0.24357254681704235,0.010748242643075603,0.2465130045581678,0.03141537889869538,0.23868126998815525,0.01140286785466483,0.24053953853190926,0.010544654349548713,0.23033843234763446,0.012182248320048784,0.23604330348827945,0.012671994637827278,0.24449134658483368,0.012676339949367206,0.25314851261371707,0.01270764960577876,0.2597536611468782,0.010626198803260312,0.24930628505910965,0.011200932969801817,0.2610671142615932,0.011796173935386485,0.2652368157755367,0.012197302080392361,0.2678535408318022,0.00964269883882518,0.2493366854697435,0.010131356311156962,0.2619490532759395,0.011003979080814673,0.2663500187072266,0.011736569402730858,0.268177171296048,0.009236109473044107,0.24868094023028137,0.009663431589033296,0.25957332353948004,0.01050616208953147,0.2639030412027383,0.011220831777688033,0.2659084256543074,0.009232560340400181,0.24801053655475705,0.009583138363499765,0.2558228083198446,0.010238194707534657,0.2598175081424461,0.010812673341560922,0.2621162248682413,0.03178039513829642,0.22947689656786288,0.030115325128503814,0.23571889614736644,0.02973267588657041,0.24449880868966312,0.029879208049299315,0.25331811705663454,0.029779381691720345,0.26000449008976084,0.03169014055040158,0.24958209672007875,0.03139846843657852,0.2609894061507531,0.03080420050860114,0.2652484893696671,0.03032441618257439,0.26763237631113185,0.03286925317281406,0.24919917829965393,0.03247700446801754,0.2615153312103061,0.0316347264992397,0.2655070461909758,0.030981243001893435,0.2669359472672573,0.03355917585858961,0.24795462187884346,0.0333912821846114,0.2590267499158785,0.03255347037033637,0.2630714151746528,0.031846030490067866,0.2648648554049436,0.03387858394995347,0.2464417159018933,0.033862526941261885,0.25532384905829164,0.0332875863346588,0.25881302705591475,0.0327081871262381,0.2602762538144115
0.4991641513838385,0.1709903628668751,0.5270866208167162,0.1563103173719247,0.5408353920721675,0.15663265177905328,0.5514593232947563,0.15714455530826105,0.476635122021492,0.15669919862967216,0.46108921782104945,0.15729060320359664,0.4451161413395187,0.15816529714891825,0.5731064514149055,0.16789328873824602,0.42849750953279664,0.1689230437787403,0.5307766498148356,0.19225680718365282,0.4671285923033755,0.19226450671873632,0.6760128342231377,0.2751234366718946,0.3322841923138024,0.27998219605288793,0.727656851991336,0.41635791838760255,0.2723118751515619,0.41627895253963737,0.7416892966682102,0.5382081089622255,0.24605018412846033,0.5409414074261756,0.7624911783046664,0.580099369672157,0.22527113516973588,0.584740741863558,0.738493596601008,0.5798854855885741,0.24927656105003515,0.5869308642790274,0.7268383165329332,0.5682462699090994,0.26426328334986027,0.5727006638172407,0.24345134133815832,0.5485421257276426,0.2820397914461014,0.5620185258921248,0.29366311159745345,0.582137739481463,0.293705890062629,0.6026041497997476,0.29483985473562185,0.6180322665540495,0.24615303324003093,0.5934391487022669,0.2608909289254438,0.6215428653181182,0.27615872936148356,0.6311459006295429,0.2868631435860386,0.6374006964095913,0.2233297889326344,0.5936133309177416,0.2366327106016499,0.6235861492066875,0.2588782123451132,0.6335505396338471,0.27750856927489526,0.637206128063311,0.21390210922803837,0.5920964373613571,0.22516206028971608,0.6182487293128894,0.24693188124710186,0.627698747007647,0.26510570126428135,0.6313984648419813,0.21367172663491008,0.5904538212226299,0.22383910636464235,0.6088932468261395,0.24079258828425504,0.6176278524269472,0.25496735082022204,0.6222202784427145,0.7366397464680368,0.5462364008138579,0.6974961386095745,0.5603173300362378,0.6881522370443441,0.5813366959072797,0.6917088275580441,0.6025570038313691,0.6896615849362903,0.6187466569087466,0.7335853582224028,0.593969723299963,0.7276354481784942,0.6214342690318222,0.7135098065181839,0.6316161926113247,0.7017303610072205,0.6372951166868036,0.7607405563698693,0.5932121766253982,0.7518426939343762,0.6224848116006856,0.7318107080290477,0.631846327214452,0.7161935647076618,0.6351574922072272,0.776430659282168,0.5903727145876588,0.7723849887289834,0.6166375438197479,0.752524758215532,0.6261620025172084,0.7357566496450132,0.6303317204078237,0.783680369807831,0.5867575091858049,0.783709355352742,0.6079403046830422,0.770094839075933,0.6162485044356876,0.7563731870928835,0.6195344665268939
0.4541391621491327,0.10153023570006205,0.4795517835420989,0.09280776831777043,0.4920150253887479,0.09300588194364935,0.5016988289322077,0.09331453702098119,0.4336516500285054,0.09301897009772886,0.4194758885033454,0.093360388898518,0.40491996209657605,0.09386136472117039,0.521396082061081,0.09970383869339496,0.3896752654384322,0.10026337172637986,0.4828347651955939,0.11415495211185214,0.42495903991624867,0.11415201233331443,0.6149673740406447,0.16337913845270674,0.3021548515588037,0.16619624082658713,0.6607408389930431,0.2477454374335249,0.2476329245206849,0.24722014884783078,0.672719163658209,0.3199972774355763,0.22359293502472394,0.32139196037978324,0.6922954793547558,0.3445950906498142,0.20534479517694568,0.34748563692583606,0.6710794770757349,0.3445370173833687,0.227295509603803,0.3488739058077789,0.6604972660161327,0.3376383756044041,0.24045280176962672,0.3404649546108189,0.22159468142591351,0.3258134739770386,0.25654883639478027,0.33382894267861507,0.26668271928544396,0.34572772159070747,0.2667157528754498,0.3579357623157513,0.2680635233476876,0.36704156381788466,0.22417740403729294,0.35265600673851444,0.23751817192592012,0.36894671366336457,0.25131732399200973,0.37460016059791773,0.2612185389704155,0.3782703910372718,0.20349659898237457,0.3528253148685495,0.21565114259374424,0.37024821935170754,0.23566648664132028,0.3760953594097684,0.2525690980557005,0.37827212456761344,0.19480903014088172,0.35191682940083235,0.20555132808024315,0.36717675029236146,0.22503861228179833,0.3726890589649315,0.2413411532772453,0.3748095132788451,0.1945764948936439,0.35086451869910246,0.20395665473909028,0.3616276907765484,0.21915433491410938,0.3666911595514913,0.23186964029895551,0.3693319329974529,0.6694120369710551,0.32449916905633974,0.6340661487308261,0.3330565393427179,0.6254535886916999,0.3455717616443032,0.6289097247294343,0.3580948137245982,0.6275482101611137,0.3676769026881016,0.6668125455011346,0.35266695687183924,0.6617310507030973,0.36922043810431204,0.6492749197015258,0.3752664429847332,0.6390609867377316,0.3787127013039453,0.6917579737593035,0.3521810194249007,0.6837774298759515,0.36998573396580847,0.6653014909221531,0.3752953351570942,0.6512746060825535,0.3769993376985972,0.7061572227773303,0.3504418551096344,0.7026156504666492,0.3664693832364488,0.6842325239609154,0.3717737838367095,0.6691494663632659,0.37383405575559525,0.7128261341399208,0.348236486701152,0.7127553440851934,0.36101647687025284,0.6999699385037245,0.36574618327008224,0.687596908870746,0.3674680411741044
0.449288935869132,0.05323135102222141,0.47442079593729497,0.04865555395457592,0.48671554416324786,0.0487628077494615,0.49621229064428785,0.048927746580891524,0.42905959227899404,0.04875119954008531,0.41496512328206214,0.04892291771728479,0.40047967665936995,0.04917375351075461,0.515595264440895,0.052278375736268375,0.38524473152136784,0.05251482719720613,0.4775385332971758,0.059839088447452685,0.4201292105929301,0.059840035283454,0.6073550793794517,0.08558908127091609,0.29881811504351435,0.08703696016007133,0.6525607480469957,0.1299135498160598,0.2448267282496023,0.1296294687169116,0.6644171202581429,0.16814251542534261,0.22093896429102658,0.16848917859683407,0.6840603781723226,0.1808124385212203,0.20350827893318452,0.18215468838606824,0.6633809205729726,0.18081534720141637,0.22512220693285043,0.18287029946117825,0.6530062666445273,0.17721068952157326,0.23801929546236228,0.17846660309247678,0.21876001701844122,0.17105316504028187,0.25362418437037654,0.1753372419359205,0.2633737835318145,0.18141356576173867,0.26215951820890626,0.1876979056697029,0.26309041731785926,0.19247948807387538,0.2212903425978503,0.18492900876619336,0.23306562548746163,0.19343527735642435,0.24682397294434844,0.19640634268293586,0.2571426416287799,0.19832807132996794,0.20029062419362617,0.1849987413440186,0.21237377340632257,0.19407882284980185,0.2320295570997679,0.19712036307356365,0.24861174564495864,0.19829331866137548,0.19112464231558685,0.1845153702033125,0.2019625662603974,0.19246882291315653,0.2208947695604097,0.19528118337647069,0.23661449124144096,0.1964323844603162,0.1903676073251212,0.18400027626921814,0.19970687561275097,0.18966368870220443,0.2148622676096932,0.19222643289681848,0.2272319735650257,0.1935808780093634,0.6619629078259074,0.17007963583841215,0.6267664659499907,0.17469115134737145,0.6180129157053849,0.18135227138635718,0.6212816451633328,0.18790096790589011,0.6199211407110097,0.19289176319291437,0.6594000861210447,0.18505985392688784,0.6540421512157538,0.19363897586640444,0.6412891747965364,0.19681610300555533,0.6304555574089576,0.1985459496559038,0.6837644861791016,0.18481790324245442,0.6759768652102003,0.1939932440246585,0.6578232559463081,0.19680199893647965,0.6435566296980844,0.19772954978212523,0.6978485038968977,0.18400257897437333,0.694029638012079,0.19220173941390403,0.6759552799050506,0.194976650619694,0.6607384800783118,0.19612036791178503,0.7042775636161291,0.18297034594042177,0.7035635154194958,0.18950874088426034,0.6908229860010581,0.19196183389523347,0.6781823477028025,0.19290306462742612
0.21813887322227674,0.20528450326707917,0.23033138768620576,0.18762228148583607,0.236270405981824,0.18804896144016192,0.24087033663966223,0.1886983078291782,0.20832951497370936,0.1879342248326774,0.20147256609080524,0.1885693295676775,0.1944320081377163,0.18948947187854673,0.2502708558016078,0.20162379930510174,0.1869733917523743,0.20233766403851766,0.2317983475203754,0.23074321994343347,0.20392197918016375,0.23074871210949513,0.29473304370811226,0.329954087458306,0.14509844806514205,0.3354554850331116,0.31646239103356855,0.5012468592354995,0.1188564924592784,0.49997998012151545,0.322326940479275,0.6495358103181186,0.1071742681384606,0.6497381440529213,0.3319047312082537,0.6978891908885723,0.09892326621066264,0.7023871580384569,0.32195908476313545,0.6979422428756358,0.10941294968438724,0.7051102791409545,0.31695697130971207,0.684040518882256,0.11560947208190933,0.6881469062774055,0.1059072775687287,0.6595245997017752,0.12297595876851629,0.6752830848150784,0.12770122407118034,0.6990676110725849,0.1271783864369196,0.7234543474960201,0.12762744380309993,0.7419013647510921,0.10722813053949268,0.7130480950643804,0.11285737627159949,0.7460841166254178,0.11990804617639736,0.7575647886496901,0.12532732545599606,0.7645287967885488,0.09737427587795146,0.7133374270466913,0.10272095440464389,0.7484095231068348,0.11260835192743389,0.7601609472324862,0.12096901051187847,0.7647584744990626,0.09325444615052479,0.711584900227342,0.09805321756368823,0.742615989039389,0.10745929001058868,0.7533781805736616,0.11535473505884639,0.7577034950563958,0.09312594912988079,0.7097391818668405,0.09728207604588175,0.7319669711823651,0.10460335861041041,0.7420497700893535,0.11072783494594594,0.7474291714648325,0.32086370408760095,0.6561960549319299,0.30406891268700087,0.673396233636413,0.30020902897667634,0.6983128472301993,0.3019065617122338,0.72352183102582,0.30145610167935993,0.7432080328553738,0.3198037216188053,0.713290685207869,0.3175379558541779,0.7468049926346572,0.31178151375599744,0.7590987389452459,0.3069405029480852,0.7659309350986253,0.3318079217033684,0.7124389320499268,0.32808335707442465,0.7482926685097787,0.3193018474758554,0.758572075276314,0.31260477709298445,0.7615943441472752,0.3387307959208691,0.7090741039276954,0.33706203060404466,0.7412357609662604,0.32826506616881557,0.7514249559838684,0.3210911656192322,0.7552591890224741,0.3419053621877589,0.7046506315834341,0.3418029165130686,0.7303706205319813,0.33550053103473015,0.7396194866070785,0.3295400136841545,0.7427279357433687
