pose_0_x,pose_0_y,pose_1_x,pose_1_y,pose_2_x,pose_2_y,pose_3_x,pose_3_y,pose_4_x,pose_4_y,pose_5_x,pose_5_y,pose_6_x,pose_6_y,pose_7_x,pose_7_y,pose_8_x,pose_8_y,pose_9_x,pose_9_y,pose_10_x,pose_10_y,pose_11_x,pose_11_y,pose_12_x,pose_12_y,pose_13_x,pose_13_y,pose_15_x,pose_15_y,pose_17_x,pose_17_y,pose_19_x,pose_19_y,pose_21_x,pose_21_y,pose_14_x,pose_14_y,pose_16_x,pose_16_y,pose_18_x,pose_18_y,pose_20_x,pose_20_y,pose_22_x,pose_22_y,right_hand_0_x,right_hand_0_y,right_hand_1_x,right_hand_1_y,right_hand_2_x,right_hand_2_y,right_hand_3_x,right_hand_3_y,right_hand_4_x,right_hand_4_y,right_hand_5_x,right_hand_5_y,right_hand_6_x,right_hand_6_y,right_hand_7_x,right_hand_7_y,right_hand_8_x,right_hand_8_y,right_hand_9_x,right_hand_9_y,right_hand_10_x,right_hand_10_y,right_hand_11_x,right_hand_11_y,right_hand_12_x,right_hand_12_y,right_hand_13_x,right_hand_13_y,right_hand_14_x,right_hand_14_y,right_hand_15_x,right_hand_15_y,right_hand_16_x,right_hand_16_y,right_hand_17_x,right_hand_17_y,right_hand_18_x,right_hand_18_y,right_hand_19_x,right_hand_19_y,right_hand_20_x,right_hand_20_y,left_hand_0_x,left_hand_0_y,left_hand_1_x,left_hand_1_y,left_hand_2_x,left_hand_2_y,left_hand_3_x,left_hand_3_y,left_hand_4_x,left_hand_4_y,left_hand_5_x,left_hand_5_y,left_hand_6_x,left_hand_6_y,left_hand_7_x,left_hand_7_y,left_hand_8_x,left_hand_8_y,left_hand_9_x,left_hand_9_y,left_hand_10_x,left_hand_10_y,left_hand_11_x,left_hand_11_y,left_hand_12_x,left_hand_12_y,left_hand_13_x,left_hand_13_y,left_hand_14_x,left_hand_14_y,left_hand_15_x,left_hand_15_y,left_hand_16_x,left_hand_16_y,left_hand_17_x,left_hand_17_y,left_hand_18_x,left_hand_18_y,left_hand_19_x,left_hand_19_y,left_hand_20_x,left_hand_20_y
0.03570422516310454,-0.36211246380942125,0.08797166344863853,-0.41602473620563174,0.12685678505498843,-0.4132865685546685,0.16814758173593716,-0.4097837472027125,-0.03539102751984196,-0.4195779075137465,-0.08626478421849784,-0.41818701276719505,-0.13047308967904406,-0.41537943400608796,0.21988418809747637,-0.3733245581683448,-0.20559615415556318,-0.372061007595018,0.09896408735420432,-0.2926343604877699,-0.05477638307970258,-0.2962921084275961,0.49999976663914814,0.0004830743187007754,-0.49999976663914814,-0.0004830743187007754,0.6656282370684148,0.48590470135414465,-0.6596445371730234,0.49540355333956443,0.7946009431204478,0.955647691743602,-0.7049231746512612,0.9909463147715605,0.8425959976484485,1.0879313506791914,-0.7851922968312872,1.136485444756808,0.78828403804821,1.0997056193383195,-0.7025363410702253,1.1464294926231087,0.7525243578779409,1.05528278655093,-0.656042089168221,1.0985123653370044,0.7869436110676779,0.9710591712195937,0.7481167337143451,1.0104370042725725,0.7490464866930538,1.0737779401329852,0.7466222433336179,1.1340164407486992,0.7334803006777644,1.182877449672409,0.852852742626762,1.1108596972965308,0.8196670489502292,1.192754468013337,0.7692435768921934,1.236610432545833,0.7210289769243463,1.2665661542170212,0.8434503429741474,1.1125824066293715,0.8050818264617168,1.187777740022223,0.7484352285341217,1.2296427493044346,0.6912488266483192,1.2632311461532448,0.8173568794261539,1.1101853062876177,0.7824317700538089,1.1750923960612407,0.7305234034160613,1.2131006508266364,0.6765231386524219,1.2404224992496133,0.7889442383120965,1.1055234860244565,0.7672834669807317,1.1585827374703357,0.7315338281343393,1.190998967535946,0.6918283699616625,1.2151949801825574,-0.717407491741147,1.0241606683542213,-0.6401264916649142,1.0743747655348375,-0.6438310912102001,1.1473068470825407,-0.6608414774126328,1.2107045974873316,-0.6721448411438079,1.260889104978464,-0.7668898336667928,1.1742054759208718,-0.7439298783134197,1.2506989684939247,-0.7097762232633736,1.2980447327474343,-0.6764706067908903,1.3367617481801464,-0.8056662670048211,1.1697953833638444,-0.7727163704100316,1.2425746218367153,-0.7286565393554665,1.2912859124844565,-0.6830912785605778,1.3269255211647895,-0.8126701199961786,1.16327147688614,-0.7803198161513004,1.2338296446185353,-0.7410244242701266,1.278173036997123,-0.7013815514727153,1.312241437301005,-0.7995527580359832,1.1629750438592388,-0.7854212125474965,1.2241645094680405,-0.7554671902085247,1.261091105814968,-0.724037704388406,1.2891822772636108
0.08748333032364537,-0.34949714665912934,0.14690543897011601,-0.3944355002753681,0.18545386362231345,-0.38614251724550236,0.22423572727695112,-0.3771482035841444,0.027810247262122292,-0.41609571630498576,-0.02218839764653436,-0.4226151303785756,-0.06787748577476736,-0.4273325540277331,0.2692437061534133,-0.33423924378976577,-0.1489347663190635,-0.3960636169150868,0.1383854450527327,-0.272827844559334,-0.012894811750065238,-0.2978647732368939,0.49465398949015926,0.07292071503673955,-0.49465398949015926,-0.07292071503673955,0.5848178614637939,0.5705964227203222,-0.7217387749558711,0.39496910507514704,0.6434618468940068,1.0612042430344035,-0.8417356659122928,0.877343152745086,0.6718631124170055,1.1995587339791565,-0.9424933920950956,1.0095206823969096,0.6147008958001656,1.2031427187890975,-0.8613941373954679,1.030103661122568,0.5853608362333604,1.1557146953270407,-0.8083594743175659,0.9909086774323811,0.6401360725342727,1.074645550583465,0.5895221544869647,1.111568290817982,0.5789926655177847,1.1759248741280708,0.5665580557423902,1.234045946463926,0.547229647085449,1.2813879489965105,0.6746938377940801,1.2283921707868386,0.6282425805091544,1.303930474698853,0.5697259889533427,1.3378894355249293,0.5160383716478326,1.3589499618442769,0.6642429619143421,1.2279909582350206,0.6137455859750112,1.2986136890874773,0.5507158550036675,1.3294685766574112,0.48935056561410256,1.3514546573562236,0.6380166499875815,1.221318255930066,0.5901465604004387,1.2815400244978516,0.5339544035452892,1.3110466733742907,0.47799796738849437,1.3283942326362619,0.6099581477557617,1.211710772454177,0.5746952673319742,1.261004947145605,0.5335316026255159,1.2866705145738637,0.4907972367816158,1.302761973589688,-0.8595651516077475,0.9087496948649177,-0.7879912270285985,0.9708879792372246,-0.8021278001740452,1.040476599717353,-0.824867942241065,1.101328457773017,-0.8382766576957139,1.15162148494652,-0.9320794406148669,1.0548693701033218,-0.9144934006093972,1.138146116920051,-0.8826564415576508,1.1861936011622254,-0.8580429285540403,1.2251950673363836,-0.9706901571409177,1.04359219846082,-0.9425114444871624,1.1229845240018523,-0.904068822476175,1.173298600797614,-0.8671362207991641,1.2122314188766419,-0.9741283408825927,1.0346921780680143,-0.9493181056847491,1.1091001704525179,-0.9171038397180311,1.1565023669080103,-0.8883791826576617,1.1942614280006147,-0.9612614146958453,1.034068526071219,-0.9508448649100816,1.0953065721860025,-0.9204587479644453,1.1350893808825462,-0.8943171047474174,1.1653773550219777
0.09742582969012765,-0.3454253848989715,0.15809783368877262,-0.38836283790789855,0.1964462025004117,-0.37915708116049984,0.23495343780403188,-0.369349221947802,0.040084313627354096,-0.413484931912246,-0.009485924060129327,-0.42160545983747527,-0.05540449490447336,-0.42795471010362685,0.27799316786179334,-0.32570645113885754,-0.1371331545865736,-0.3992861639001704,0.14588892056997543,-0.2678895144763851,-0.004866149898026039,-0.2966885300536204,0.4922916402239388,0.0874582241165691,-0.4922916402239388,-0.0874582241165691,0.5673164353893109,0.5879306593741372,-0.7305862329520626,0.37425014579808685,0.6116816759982242,1.083120157373487,-0.8686406169115204,0.8530109073161175,0.6361527835992961,1.2227691281257544,-0.9737555736042485,0.9821848120004079,0.5775290702441535,1.224508436152004,-0.8925939301470953,1.0040239517132707,0.549063884221105,1.1775038287108606,-0.838125661270417,0.9671410696347108,0.60215904760548,1.0926465875250633,0.5536665379411176,1.13055245186321,0.5427109154304163,1.1945528331236495,0.5297092772815374,1.2528171130523549,0.5083969854494884,1.298912561976534,0.6379152762623848,1.2519387395084867,0.5868674228897248,1.3261863732794839,0.5292235305446417,1.357774994416341,0.47726792663991946,1.3773898898370665,0.6251840536441537,1.2507807756486777,0.5718058407131692,1.3191610615916465,0.5100184914126193,1.3471835774891234,0.4503766639769006,1.3674245927747006,0.5980237380073568,1.242147458043917,0.5480991886733038,1.3000736505310895,0.49392681027343527,1.3258704948445006,0.4411132017582687,1.339891810673024,0.5697356679934413,1.230213937982662,0.5336303917273663,1.277274971647361,0.49283722881860564,1.3002185647289108,0.45108468120057105,1.3131310486168009,-0.8867311555233031,0.8818554878901069,-0.8155980951244237,0.9486889086806085,-0.835131115363306,1.0174794715449333,-0.8629497921618984,1.0764204237246666,-0.8761458713469777,1.1269853765564262,-0.9650672912840456,1.031170326865718,-0.9501656713923595,1.1143157522971106,-0.9196118601252827,1.1630688567888954,-0.8952000822069727,1.2026272839864816,-1.0028811605879473,1.0171927399876441,-0.9769192152369689,1.0974829832192488,-0.9389787613651904,1.1494396460561631,-0.9030047783481076,1.1899091315946844,-1.0048610355367213,1.006482219393418,-0.9828207384341342,1.08194810852066,-0.9512976288625794,1.1319136167718484,-0.9237063131048219,1.1716307617517847,-0.9904051728099982,1.0048388069870016,-0.9852883909541602,1.0673131950444912,-0.9582924241439642,1.1098241655933547,-0.9349071577432345,1.1424679554484913
-0.013845295274491276,-0.3588005833892651,0.030662803063488894,-0.41807631666965417,0.07005707928158486,-0.42123153745357284,0.10945554759474702,-0.42385982539494393,-0.08887118427244159,-0.40572973155981873,-0.1385594666927162,-0.3982361871347085,-0.1846513754761755,-0.3901926994417912,0.16368059031005694,-0.39557357833465245,-0.2535095742025038,-0.3372477206371129,0.05586969905473327,-0.3002399515312362,-0.09648727400690757,-0.2808713692718417,0.49525087167627085,-0.0687500843919034,-0.49525087167627085,0.0687500843919034,0.7206254159297133,0.38468163081075873,-0.5790350152206813,0.5808119149596619,0.9171117257121443,0.8414804259121332,-0.5633243513242467,1.0782646853087592,0.9832359667118129,0.9670867057745709,-0.6234356779465998,1.2340982956483262,0.9265528848813904,0.9870857966441366,-0.5391609182630906,1.2290576077150621,0.8850137002174592,0.9520301727084521,-0.4986190178839072,1.1775854198139235,0.9106253688493806,0.8518973023367509,0.8732464934701156,0.9038001932784279,0.8829985313700824,0.9694398024595681,0.889055631672092,1.02991260540264,0.8822090257479172,1.0808123092426143,0.9922296695460515,0.9928253234403642,0.9663783657489288,1.0803114406708454,0.9205471741562535,1.1291421358409748,0.8766044319824596,1.1645718343707123,0.9814966917339232,0.9955878758533172,0.9516609706611192,1.0785978055485812,0.9006990196198393,1.1250017284312228,0.8492846813714268,1.163491595203122,0.9544454384069911,0.9961796527603985,0.9241476762333253,1.0676738012787796,0.8793063895100016,1.1094883571856855,0.8315615913804861,1.1391875922531143,0.9246739167428175,0.9939710488711041,0.9039038635556969,1.0506412183559888,0.8710899723585414,1.0858080845932838,0.833832041141471,1.1114750459322187,-0.5715353910642126,1.1095379909894467,-0.48256585690986176,1.1543244250261555,-0.48084805006331993,1.2259597680674068,-0.48982620583749287,1.2903852152440363,-0.4877455057939528,1.3423037032338028,-0.6024777192462748,1.2786462953310682,-0.5574961590432008,1.3518410097427158,-0.5135308363886015,1.3879961217629162,-0.4791336567356464,1.418810168893148,-0.6427688228588041,1.2763700531874604,-0.5884759627683143,1.344670147065222,-0.5359727546853603,1.3817664901881248,-0.4892482458357845,1.4089960579283207,-0.6472752309655663,1.2657631556341402,-0.599472404135182,1.3310520034234818,-0.553894965337382,1.3675874568764852,-0.5167467449274418,1.3950978378642802,-0.632319442238175,1.25904929697143,-0.6044730303607632,1.316028865021883,-0.5649730849062021,1.3463047196542728,-0.534473060866906,1.3684651677138586
0.06893302108601966,-0.35163062413473867,0.1258572424346178,-0.3987553798625175,0.1649851161239405,-0.39274062655073516,0.20367566509333493,-0.3862605982550618,0.0074047307721944134,-0.41422977405244155,-0.04238669662085762,-0.41834790274261624,-0.0895733227286668,-0.4212362405367504,0.24974649586939557,-0.34620827329086357,-0.1689612264068647,-0.3853651611282919,0.1230845569849645,-0.2790290866259166,-0.029497521997034495,-0.29520872650441604,0.49781479166519665,0.04669510894447904,-0.49781479166519665,-0.04669510894447904,0.6117916293948295,0.5403675928004236,-0.6961876638486015,0.4322542135573458,0.6994394511225004,1.0292241649341425,-0.7951379916841542,0.9190806541890133,0.7340183880817309,1.166830402146543,-0.8894774953997481,1.0569850848198226,0.6733857403052564,1.1732799318974623,-0.8053361102450918,1.0712503516860317,0.6405690488461988,1.1314538410678692,-0.7542998099951217,1.0307547915711934,0.6913121637909561,1.0361489301637619,0.6424867432755241,1.0792189580987772,0.6377595811217693,1.1461382158615419,0.6297868775216271,1.2072365861953511,0.6106364780824615,1.2552380832371521,0.7390133576803131,1.1931837060448949,0.6905926883317985,1.2726393561760008,0.6329863455262613,1.3093157436670653,0.5813968151199886,1.3336122982986116,0.7291248754129982,1.1933864222747605,0.6791851793472047,1.2670431462805756,0.6188536539561375,1.3006821895229594,0.5599073059342514,1.326515840762715,0.7024020189641609,1.1873810021317361,0.6550165728508726,1.2500798267155102,0.6022288210285156,1.2807650352000437,0.5492783022638663,1.299281520265297,0.6727384458725635,1.1781341256737177,0.6383989846157032,1.2288229932024108,0.5980032502524925,1.2554228860763856,0.5556975781877443,1.2719081646950123,-0.812346207436681,0.9483952765480281,-0.7354802072684874,1.011179222936816,-0.7471260057570542,1.080382096946521,-0.7706735655992808,1.1418609023346524,-0.7805160598571212,1.1943546273594328,-0.8778386688080545,1.1049514745710487,-0.8558780114454433,1.1868747127783126,-0.8220261414342425,1.2321765164135279,-0.7938204196166757,1.2695910289856744,-0.9158993387463542,1.093682177707999,-0.8825676948427765,1.1735119472082038,-0.8407368280321386,1.2221483988858335,-0.7988034558603306,1.258756696803723,-0.9181802326603051,1.0829981498144425,-0.8900993798368687,1.1583229667328678,-0.8543857630859243,1.2044505541231498,-0.8210311313802334,1.2397557093297336,-0.9036442163433631,1.0804372023724909,-0.8925686316614133,1.1433668872858602,-0.8618315384164135,1.1827742538590924,-0.8348723202190856,1.2120838816798347
0.06318891090642878,-0.351759083356779,0.11939061065644548,-0.3995246961397006,0.1585661574787615,-0.39407340200029944,0.1972188325358521,-0.3881854416136457,0.0011774721126924562,-0.41325924418040694,-0.04853004722336435,-0.4166394739825357,-0.09599018733205313,-0.4188975412700273,0.24374464844022758,-0.3488108142826336,-0.17483572637828518,-0.3818401812689333,0.11825033456178076,-0.2804188640106597,-0.03450331170159174,-0.2944025084294903,0.49844713125652435,0.03937584719267897,-0.49844713125652435,-0.03937584719267897,0.6180579495944108,0.5320103723299426,-0.6893724619405103,0.4421376212636901,0.7131089604975438,1.0194442763346316,-0.7812070426490442,0.9293202550257704,0.7487510329540751,1.1577483638486625,-0.8734833848550706,1.0685606677300856,0.6858451927884249,1.165117655120677,-0.7879608378645855,1.0815008488288032,0.652263007775427,1.1264305412815936,-0.7377565158781282,1.040490140635684,0.7019792581183001,1.024851513116462,0.6559176136160251,1.069400227517957,0.652562139870606,1.1361790990043679,0.6456790808747107,1.196676461759593,0.6287540996246692,1.2446189086765769,0.752490520480208,1.1820645539381884,0.7073314474940886,1.2610933294298634,0.6513743919963177,1.2987134541014134,0.600552973988336,1.323844726647582,0.7404488865050404,1.1822705201551853,0.6923110988492083,1.2557779718387707,0.6324102776236242,1.2895154171193677,0.5739846238295283,1.3155166982999769,0.7128958566108958,1.176617868587244,0.6677920906839695,1.2394384136705892,0.615562196036972,1.2708882662417957,0.5630015127496573,1.290034689866758,0.683398522085754,1.1673856848734834,0.6515417021581045,1.2177283539610568,0.6129160207336506,1.2451071360983998,0.571895982355539,1.2624588319939138,-0.7971256754798691,0.957751570376583,-0.7209652308029497,1.0208444225213091,-0.7327873984321611,1.0909122523354284,-0.7550155113474498,1.152519639186287,-0.7639882293957827,1.2051507941216149,-0.8626211330356777,1.116161660391986,-0.8357310631774122,1.197746866718809,-0.8011788305907848,1.242742596983909,-0.773932187846859,1.2799194435869652,-0.9004327283709909,1.1049112541721577,-0.8641605440299519,1.1837418483426465,-0.8215393042703286,1.2316232915853433,-0.7809812826506075,1.2675376605756694,-0.9025478955662921,1.0934604610655372,-0.8717469250379456,1.1675414314877979,-0.8355996850616628,1.212807512964087,-0.8044644430053932,1.247355560687035,-0.8876320073442541,1.0899283832610749,-0.8739324813677061,1.1518745847820366,-0.8424316731583349,1.190093571260608,-0.8170755869369851,1.218302927264988
0.028078499980282955,-0.3549043312316377,0.07931778567272382,-0.4076605748096283,0.11878893044258532,-0.4059735395619093,0.1574896545266232,-0.4038222347856815,-0.038861380687533593,-0.41005998797050697,-0.08846781894828566,-0.40866933086736884,-0.136310468303279,-0.406390253810272,0.20733719923498084,-0.3691321197999176,-0.2112240730659292,-0.36207932271537385,0.0892503210893979,-0.2896773210501974,-0.06375916269181088,-0.28902203508424845,0.49993091645941135,-0.008311363790200803,-0.49993091645941135,0.008311363790200803,0.6625926726053052,0.4705670666516103,-0.6436693470339502,0.504716154839034,0.8030805431434674,0.9467103223315703,-0.688756445249935,0.996422012024537,0.8510856962010256,1.0808940582824196,-0.7672004881290013,1.143436796170934,0.787028150341229,1.0944270460752799,-0.6802889521730437,1.148000175866829,0.7505176371506117,1.0612330268456676,-0.6343823714735269,1.1026290245165382,0.7928550829875479,0.9512043723582699,0.7499269787821,0.9991266058340642,0.753806136856003,1.0658023038580777,0.7544248609811197,1.127301759810398,0.7403115408552654,1.1772067060105784,0.8588143321520997,1.102016932367658,0.8212200825580954,1.1851778015722993,0.7685406496192803,1.2275897242068183,0.7201332450073805,1.2574011503066553,0.8483591264408892,1.1034164298531097,0.8080016236035217,1.1807334617609293,0.7525875769326976,1.2204953157318064,0.697032457825672,1.2528855685853473,0.8209105813656773,1.1005400968759673,0.7822444212706603,1.1671809659270584,0.7339468566912469,1.2032274538452379,0.6830242829640291,1.2274833628096689,0.7906845737726963,1.0948379244184572,0.7644491310031714,1.1487959774809124,0.7280960400745081,1.1795906167095254,0.6880306062165626,1.2007660585734314,-0.7019910893741496,1.024711191860465,-0.6205046122697083,1.0798911336283934,-0.6248405854196217,1.1513380264116795,-0.6410987270977847,1.2155518271522636,-0.6451287416056641,1.2685003245210449,-0.7506116324426765,1.1886133759890374,-0.7184683936743281,1.2674205820365223,-0.6800187382537405,1.3090585226177363,-0.6488657331374472,1.343469588914107,-0.7893728997468353,1.1814549802693293,-0.7465561626310113,1.2565077955565351,-0.6999336828497433,1.3002943565509424,-0.6558342270578114,1.332865165607608,-0.7928239408642378,1.1705928236084937,-0.7559082745339688,1.2419790967706559,-0.7166857290227148,1.2836984863024676,-0.6822725028041841,1.3152319165764323,-0.778540252681381,1.165636897893041,-0.7602728806250502,1.2267219737883959,-0.7258358788325114,1.2620817747058994,-0.6978512287583063,1.2878141020827945
0.019615522713135606,-0.3548227871372788,0.06921858293020988,-0.4085659104222905,0.10867600386308193,-0.40777654778799577,0.14713968712895978,-0.40653458257236547,-0.04843986462161967,-0.4083097944857885,-0.09789602317123858,-0.40576625322043536,-0.14587561376089028,-0.402388258237855,0.19752648147560875,-0.3729055080950189,-0.2197201753362437,-0.35646706001110584,0.08177066693282097,-0.2914950465951155,-0.0710780373809819,-0.2873583037645609,0.4996245288535307,-0.01937343975362828,-0.4996245288535307,0.01937343975362828,0.6708126793827235,0.455601730114342,-0.6320244167170966,0.5185981648265898,0.8209445019039964,0.9286895443955204,-0.6665942351693259,1.008779364676314,0.8710381402517451,1.061447187962544,-0.7416658622488393,1.1570528517346108,0.8062470133729195,1.076326399201372,-0.6542101355876014,1.1594932397480475,0.7689091389458307,1.044894269207042,-0.6095277583593618,1.1135594387343295,0.8115476857933972,0.9307722406532694,0.7698038951406818,0.9809237865610269,0.7742164760022369,1.0493410108076207,0.7738818128206546,1.1118780296474082,0.7585401090101247,1.1625820417080441,0.8801823077219457,1.0814002516961265,0.8455245864759842,1.164754003237641,0.7950640963805342,1.2090433000980707,0.7477107798302784,1.2401568294401488,0.8696241884683159,1.0822851560896631,0.8311382716521212,1.1602389400849462,0.7754504610161662,1.2010785644956026,0.719267364252735,1.2343260673901062,0.8424583641700186,1.0792695924290372,0.8055349952073629,1.1468892446714543,0.7570268009771254,1.1841090332999584,0.7056537135835652,1.209458175917666,0.8133854985680266,1.073652556028424,0.7881502329032636,1.1278012486274205,0.7518953682800941,1.1594738973320047,0.7113582302366418,1.1814385891253507,-0.6802016439788034,1.0375675704904064,-0.598809435278082,1.0904280173987744,-0.6006811292545114,1.1612252432222252,-0.6154006126203851,1.2258619749090953,-0.6177174784257603,1.279779845668625,-0.7238629489432529,1.2028087645368737,-0.6889850182749941,1.2807320495454997,-0.6496243886357136,1.3210721033566362,-0.6187841974688657,1.3545957817032566,-0.7633114683601246,1.1965448358938382,-0.7177906175924323,1.2704683917889927,-0.670159149180266,1.3129715940744828,-0.6259586797450988,1.3443058143618745,-0.7673232690062004,1.1853110534809346,-0.7281266424302194,1.25577992212391,-0.6879395268624784,1.296060671592839,-0.6534122020412652,1.3262571235820066,-0.7536815521235335,1.1794860860105585,-0.7329730457223197,1.2397660276355098,-0.6975059221688367,1.2736466321520175,-0.6692513468161516,1.298120626846344
0.03476644652532292,-0.35286651313882234,0.08665343677336224,-0.4041084914524259,0.1259178402567011,-0.40148443601338973,0.16415568502070527,-0.39848349404521505,-0.03052587550415888,-0.4093357357512604,-0.0799210001519305,-0.40911351411503066,-0.127888518560266,-0.40796897453060543,0.21274997109668373,-0.36257349346101775,-0.20367683471112794,-0.3656396710550989,0.09367487750857033,-0.28713268049541957,-0.05891628485531984,-0.2900735057727187,0.4999842662339503,0.003966549949046502,-0.4999842662339503,-0.003966549949046502,0.6467379283794403,0.486126788287017,-0.6553110800401754,0.48807917594447725,0.7738851606957249,0.9658933618568538,-0.7127600300746321,0.9730954451218442,0.8163426540072972,1.0996959654855472,-0.7945004207304867,1.117254471794425,0.7504366760363397,1.1113906515905636,-0.7068276692276299,1.1236699699877195,0.7147081322151961,1.0789208205667904,-0.6603409682896589,1.0801558509225235,0.7662699553643025,0.9643532465206304,0.7188721280500144,1.0116640869505924,0.7205435476987513,1.0802003330873338,0.7196807716821161,1.1440254586994467,0.7027523690232104,1.1953686908751124,0.8273979406156603,1.1178458879903992,0.7863708914526121,1.201438049467728,0.7332719074073231,1.242719330783034,0.6849881668242377,1.2709926488562564,0.8200705512918163,1.1178964778555,0.7753576343157542,1.195140398090747,0.7176076836226498,1.2337481320143897,0.6591964538164427,1.264139294792858,0.794804501086403,1.113496279371012,0.7524942888087458,1.1806122467425262,0.7014345677571711,1.2159336929020041,0.6472551198135792,1.2393599523065484,0.7664018388268033,1.1070663470413473,0.7375954407430219,1.1614727416780932,0.6981427628833479,1.1919958070237093,0.6540646613944816,1.2126244211988295,-0.7269886949130785,1.0003711167753395,-0.6471338991732246,1.0589509844342504,-0.6537574612364803,1.1294757174388017,-0.6716726904850465,1.1926268182818405,-0.6769668387045263,1.2451062375144932,-0.779493473164812,1.1633162856730146,-0.747432962208924,1.2423041578202398,-0.7092698827381011,1.2846615009462656,-0.6791690415819249,1.3194772549097886,-0.8190424782468875,1.154809284717333,-0.7766956478376053,1.230173926513667,-0.7304355406007621,1.274772689135976,-0.6873746152020913,1.3081693762226076,-0.8233170617864871,1.1435501156902852,-0.7869457139198212,1.2156644493776885,-0.7485970560259155,1.2579308179547912,-0.7157337504894606,1.2894677158288403,-0.8095472516299174,1.1385949890315992,-0.79169388938385,1.2000104897480806,-0.7579850341528406,1.235310273494758,-0.7307758912788181,1.2604072433612568
0.05033635533299644,-0.35035620400591233,0.1044400243053359,-0.39910510185606035,0.14340189541858311,-0.3946893091501254,0.18135837208687208,-0.3900179261732166,-0.012089095225491375,-0.4097914969881412,-0.06134970144271356,-0.41191836388639,-0.1092531839168424,-0.41309607741490784,0.22801593676143417,-0.35174336661166106,-0.18702892682150318,-0.37442752893843423,0.10595831000238604,-0.2821656210494251,-0.04623875275633045,-0.2924124739300714,0.49918957033403666,0.02845650838946745,-0.49918957033403666,-0.02845650838946745,0.6197122317777382,0.5175970839454205,-0.6784207256979433,0.4556453501460899,0.724641447173959,1.0028116218006264,-0.7595036461152846,0.9346321509504066,0.7583100811653088,1.1370854295585588,-0.8478580212832659,1.074222435058885,0.6918781255379565,1.1458062778995983,-0.7606461092265405,1.0848049649832419,0.6579780989055498,1.1124337440741179,-0.7122844978471196,1.0438528673958527,0.7102511601248533,0.9988549408514187,0.6652775540486244,1.0436450163992113,0.6636229933847076,1.1118612109248642,0.6600070681320375,1.1755597953598285,0.642128215504245,1.2262605178207233,0.7674562287403796,1.1539604912838988,0.7241977188000948,1.2344779590417003,0.670427165124709,1.2740019033702286,0.6218321850688989,1.301015963645582,0.75423762680224,1.1539277614572556,0.7083519313293184,1.2277583349039034,0.6504032599158557,1.2635592153793345,0.5931855215371701,1.2915672547289692,0.726386801899554,1.148713025417414,0.6847854917989201,1.211557890523126,0.6348583122940867,1.2436109469966654,0.5831245565591624,1.264261898976283,0.6974849583218165,1.141186644710357,0.6703652883259325,1.19270442571361,0.6326518351317436,1.2207306409328431,0.5907651070500219,1.2394437006592294,-0.7746426720743855,0.9640631070844432,-0.6975751855270144,1.0238565919236151,-0.7070523590923632,1.092282750885077,-0.7298778650206965,1.153728012868099,-0.737892864871108,1.2054983592172572,-0.8373391360160988,1.1204725019950992,-0.8116188705149147,1.2009834838723243,-0.7742889264820054,1.2451417277315047,-0.7435142541702016,1.2809584270453964,-0.8751519612781224,1.1111920666632404,-0.838000385890728,1.189441407140762,-0.7936658694097721,1.2366993993471367,-0.7499898181228728,1.2723249865091555,-0.8782850225121489,1.1013642966416801,-0.8464931025565492,1.1762263439369751,-0.8093828121760016,1.221050031764453,-0.7750550768217388,1.2547912429994865,-0.8641451394818971,1.0986437469763473,-0.85062447241277,1.1623369611174132,-0.8192588840504313,1.2001968528714928,-0.7924322395162653,1.227849640805405
-0.014485709112173947,-0.35334686285790895,0.02977748390613535,-0.4110996052165467,0.06877083412388,-0.41383882316760917,0.10687678357804668,-0.41620368654951206,-0.08662997985374471,-0.4004898605463605,-0.13547462361232165,-0.39369033447905033,-0.18281098449745425,-0.38617146762392285,0.1596101555025341,-0.38701494011014037,-0.2523262750656499,-0.33406032563852855,0.052472404424911384,-0.29652528239887654,-0.0991831828020796,-0.2790338873803276,0.4961522669166825,-0.061910645558231045,-0.4961522669166827,0.061910645558231045,0.7015251748053786,0.3975832376318831,-0.5856984556839998,0.5707408703536477,0.8935356418254373,0.8555895562093354,-0.5794563315090109,1.055362027721916,0.9491232382068105,0.9815069775622178,-0.6412383756025137,1.208396667303743,0.8851509932696011,1.0020840859795561,-0.5533988539023803,1.2030428720814963,0.8460437656973747,0.9753444312994566,-0.5133843623584733,1.1542006531621838,0.878950011077587,0.85306737107294,0.8424745312679309,0.9057213480147559,0.8517668949595346,0.9723790819097959,0.8585942928763448,1.0353791733744342,0.8500948477601415,1.0882925751727097,0.9621962793194188,0.9945594604323643,0.9347028840186524,1.0831167776328965,0.8883663548542211,1.1315301810588398,0.8445977308617935,1.165916057900949,0.9492253491646039,0.9969023697721194,0.9171515838888242,1.0794635672585855,0.8656698377439088,1.1253637753107484,0.8137954449188003,1.16232758830249,0.9201794856766268,0.997251926890601,0.8897251351746176,1.0681537461596338,0.8460583650961307,1.1094069930450212,0.7989236789919242,1.138760997534033,0.8894418067540164,0.995731541985572,0.8710475872940191,1.0522708332965887,0.8392911153583493,1.0872947797741503,0.8019564304940036,1.113036048878562,-0.5911107950726925,1.0881702663271227,-0.5046750940876764,1.1312778812542652,-0.499944067057011,1.199656704902483,-0.5103207485450251,1.264673273554731,-0.5081092079558349,1.3181683332583214,-0.6214414445245562,1.2523300038655312,-0.582031132870299,1.3265427366849498,-0.5385190625731113,1.363114743338177,-0.5030071128367086,1.3929666379248324,-0.6603969786936681,1.2505525230790937,-0.6101021682721194,1.320411258855517,-0.5591063821945812,1.3583879548051236,-0.5104186237477601,1.3849242523968441,-0.6648107096239363,1.2416755545111744,-0.620254969266699,1.308992655183188,-0.5766816929426283,1.3457641197077745,-0.5372406580630611,1.3725950618288776,-0.6511714401309138,1.2366675669146248,-0.6259668646679788,1.2960450868751066,-0.5886136298814049,1.3272684237507761,-0.5574939402916028,1.349716062739066
-0.0033918202728516465,-0.35372852982558495,0.04258101117468761,-0.41010177627637306,0.08153892335514584,-0.4116486724486998,0.11966083130077422,-0.4128889637931047,-0.07404912900399625,-0.40309155002879904,-0.1231141659258279,-0.3978185436410644,-0.17072000826749223,-0.3918079084600241,0.17138129471675337,-0.38204607329530577,-0.2419091969156893,-0.34198855317691385,0.06167399208917818,-0.29497235555764756,-0.09068026979089538,-0.2822506346080708,0.4979085128473225,-0.04568493005540991,-0.4979085128473225,0.04568493005540991,0.687823013116595,0.4203254457523868,-0.6045035784580961,0.5517423910425509,0.865417697057726,0.8843909648478178,-0.6143842522777979,1.0357973697176535,0.9159661699775304,1.0120379030963955,-0.6811770531149409,1.1866762543072826,0.8512141340774706,1.03056978121302,-0.5928945924261072,1.1841386722950766,0.8131597481217244,1.002437755845639,-0.5514207920535807,1.1367285969276868,0.8497740680052486,0.8801773263153861,0.813348494175158,0.9320087719245206,0.8203061304492534,0.9997429168162175,0.8237150529546642,1.0632164395789232,0.8130777098527024,1.11579794405246,0.9280665291216208,1.025990491846296,0.8980523451544138,1.1127366294944725,0.8507301894683601,1.159533341380812,0.8061109722830163,1.192736944390992,0.9138096298630433,1.0278668612442994,0.8796805081664909,1.1084634316741733,0.8277532125522321,1.152324546187567,0.7751729330436251,1.18773470963132,0.8844653983340521,1.026989710084265,0.8518301664158002,1.0960283937501052,0.8073430437384427,1.1355414469695317,0.7595524443823165,1.1635221376495661,0.8537616352436436,1.0240503304469684,0.8337565938015151,1.0793888673222922,0.8013939779296455,1.1130668518404223,0.7637013641330221,1.1377754965427476,-0.6249749154235695,1.067790803276062,-0.5404421931782275,1.1143169186330473,-0.5392713076611259,1.183365702445183,-0.5515818912228102,1.2476462026417035,-0.5513400750059387,1.3007326528620367,-0.6617125357490438,1.2309480532783672,-0.6226115726678366,1.3058222986551906,-0.5806045611949892,1.3442230806733622,-0.5472056385498055,1.3755726800455517,-0.7003579306873241,1.2274549214657193,-0.6525215866253725,1.2978039476673224,-0.6028990154666785,1.3372080616871198,-0.556739724369299,1.3656650926062803,-0.7048395582954239,1.2180122559771607,-0.6634145277639152,1.28593178866573,-0.6216102281242512,1.323752843452784,-0.585910317457813,1.352416179622673,-0.6913856734378862,1.2132038733059538,-0.6688140739727523,1.273241782105166,-0.6329415501384361,1.3053453435713285,-0.6044990560766841,1.3288666632631767
0.025237707651673158,-0.3527457702515995,0.07568532116593682,-0.4052912194458388,0.11438424202970823,-0.4036944942478489,0.15239950189971121,-0.40189441416740473,-0.041041935926582535,-0.4077056891562405,-0.09035113404386316,-0.40644881893557216,-0.1382720939508481,-0.4043613841048138,0.20135991912416742,-0.3669016794431621,-0.21315700061659126,-0.3606271388808999,0.08523586812615208,-0.2889774736165528,-0.06763010723540926,-0.28881821299197546,0.4999795543926664,-0.004521635689739188,-0.4999795543926664,0.004521635689739188,0.6509113599169738,0.4754819147250158,-0.6481877947226017,0.5008880711313175,0.7895118632873628,0.9527911576828026,-0.697844855022921,0.9816528340377991,0.8293800773211423,1.0839955452837622,-0.7767208664267298,1.1263902197258246,0.7628441688517883,1.0971479572170488,-0.6881576429475393,1.1309603313322727,0.727271738199813,1.065990268944901,-0.6432523126591466,1.0876748558870444,0.7744554826401971,0.9457601172937274,0.7341587794858896,0.9957154565348862,0.7332404018949698,1.0656973246479642,0.7292041398957652,1.1301424935463489,0.713140451615036,1.1821116709397876,0.8371270444381853,1.1008476714083257,0.802367934262241,1.1822165842938004,0.7526502731068989,1.2240593433121656,0.7065949868060394,1.2533687478011133,0.8230250582921588,1.1003562908877724,0.784216152693595,1.1760458415044093,0.7310687034172323,1.2154235748753504,0.6777097573577031,1.2472351321432438,0.7946010327530915,1.0957524824388645,0.7569207702927155,1.1605255035531998,0.7106003130208759,1.196089059220274,0.6617058417476628,1.2202564975701724,0.7649820884027518,1.0890637026870817,0.7404064709478579,1.1416762143016008,0.7054276806533536,1.1721026484557606,0.6658972251138956,1.193001028833785,-0.7126834616115277,1.0135365570605677,-0.6344526538063547,1.0649796679267167,-0.6369119496814585,1.134020402294893,-0.6523387126262212,1.1976818562685503,-0.6560781591053925,1.2515277291756715,-0.7616635359359452,1.172532752381218,-0.7332272111903138,1.2510443334715304,-0.6953879935903818,1.2919253972644713,-0.6644841926985359,1.3251378726949223,-0.7984062823292482,1.1665681927538498,-0.759040780772143,1.241763098197598,-0.7139061435478319,1.2851650059124318,-0.6704625470888362,1.316187804648207,-0.8013225474362662,1.1567025158630069,-0.7670750808684971,1.2278955391025697,-0.7286735423407316,1.2684599381778692,-0.6949480446167768,1.299122705868249,-0.7881724164070361,1.1526773294285677,-0.771738475830016,1.2134028774570937,-0.7381491256798168,1.2476742224298822,-0.710923627615385,1.272938399725551
0.1023510540767329,-0.33855274759396103,0.16326431570477049,-0.37894999107671146,0.20051128155185388,-0.3690023666506086,0.23718996849150498,-0.359018627847222,0.04989648136247156,-0.4067843655320297,0.001519901277769335,-0.4163752946960121,-0.04561518467590542,-0.4248680575214311,0.2772233994706185,-0.3140376744979301,-0.1282231924706627,-0.39884430881701266,0.14679647753404015,-0.2632968840788224,-0.0023631348466534668,-0.29683758318657694,0.4885511530525931,0.1063850123418789,-0.4885511530525931,-0.1063850123418789,0.5289465760565013,0.6078745455193791,-0.743333113335386,0.345161779939282,0.5588136929177001,1.1037147211024845,-0.8981065117791821,0.8023152358230483,0.5688600473044287,1.24096091873392,-1.007122378436698,0.9261518590362352,0.5004193795661638,1.23879421773397,-0.9215501949747641,0.9501403891588743,0.47273073452859776,1.2003355100713546,-0.8683024060829078,0.9181010147989619,0.5419209228986883,1.0944136738416381,0.49531623534859953,1.13297286759828,0.47740788870213874,1.1965183887005564,0.4580355771185221,1.254912331820062,0.43695699727883364,1.3002095010092636,0.5729580219778143,1.2597287680223401,0.5195963591202125,1.3310865684630062,0.46348209634838233,1.360302634110604,0.41307506700284385,1.3777646401535746,0.5551824470089858,1.2560825978182113,0.4993841365515458,1.3210448916769244,0.4401293432316809,1.3477852556039034,0.38277077679742766,1.367277070578683,0.5252315158058437,1.2448041064385187,0.47386829894461024,1.2983011961267934,0.4218606204164651,1.3228303169001687,0.3709415849672529,1.3357205669708256,0.4961591417023659,1.2306450379408915,0.4599367957229479,1.2750105657654571,0.42052417211928644,1.2965422678120748,0.37967232720131006,1.3079565154175123,-0.9183371952859678,0.8293967871655242,-0.8522985671218135,0.8990124327733866,-0.8704888612546463,0.9657493778759557,-0.8994004147092565,1.0242221874984418,-0.9168842354233262,1.075043559656768,-1.0011994227376235,0.973584803270911,-0.9898609033500567,1.0564876614165186,-0.9614855783888148,1.1048511876388152,-0.9378905945037819,1.144412408503927,-1.0364465901981523,0.9589579115161322,-1.015222415581729,1.0410292684191158,-0.9795412102676664,1.0937496882795925,-0.9427309202957589,1.13396181575726,-1.0373840291678744,0.9481693692757869,-1.0202142196650459,1.0254508632403359,-0.9899317974542949,1.0739469517819384,-0.9626056434173531,1.1107051886084613,-1.0230479944695103,0.9471943666530316,-1.0214027828800196,1.0106964951673374,-0.9949628461849287,1.0511775936725225,-0.972301180426358,1.0805827849871763
0.06341888976614898,-0.34799528060036583,0.11938995613113562,-0.3951583616981586,0.15739033729009613,-0.38956206768809265,0.19493181604953247,-0.38387786187634343,0.003616417618944517,-0.40983730784481404,-0.04551057239199323,-0.4138846269263264,-0.09327739654825039,-0.4170007361070008,0.23976221489988178,-0.3437558199294884,-0.1722735618766554,-0.3818636384146145,0.11604565821163458,-0.2783482883366013,-0.03591618243495789,-0.29483459268832546,0.49740556559165483,0.05086947334547413,-0.49740556559165505,-0.05086947334547413,0.5937437786749015,0.5446355432213295,-0.6999686651938404,0.4270204868915538,0.6794066699710345,1.0336840550658384,-0.8022588935121092,0.897949030894955,0.7048986148781536,1.169270720852911,-0.8966458421894803,1.0332440562652294,0.6363147741526048,1.1747387999421504,-0.8084717447307246,1.0474265949348762,0.6044438520060929,1.1394946377193054,-0.7593807194928771,1.0096970790260251,0.6612585946283942,1.0251933776359128,0.617971929460166,1.0680982231747018,0.6050264876326639,1.1327634108841287,0.591431886383142,1.1929785263043156,0.576521571421872,1.2412312929256764,0.7091366121490009,1.187738665035167,0.6676498617052306,1.2637245805080928,0.6164619188470454,1.2986633554148952,0.5683442896391537,1.3212531953568791,0.6897525868092816,1.1863260225622778,0.6443526758421635,1.2568493548012498,0.5889583036405507,1.288904388981124,0.534075697569322,1.3127658418015602,0.6590572667388571,1.178253243076799,0.6150937255843755,1.2372272844543888,0.5663376373153874,1.2659340288830232,0.5166814250893761,1.2828772721277848,0.6296298535872592,1.1667517971797696,0.5997012459637334,1.2134297466205997,0.5630097573457997,1.238370339897292,0.5227601423325977,1.2538713873869602,-0.8209595762007226,0.9289210521428798,-0.7478737923551316,0.9883598127332718,-0.7580275538156902,1.0568033648320323,-0.7794482843671978,1.1183944145333211,-0.7898794064232038,1.1712397402027277,-0.8856545408032463,1.0822191210812622,-0.8673454439854495,1.1644565635926345,-0.8327659465974637,1.2091952137101993,-0.8034816273155245,1.2448891991435878,-0.9230736524593725,1.0711188546602541,-0.8949073394751447,1.1504364294508007,-0.853095584984691,1.1979570186719468,-0.8114621806087028,1.2326778845944786,-0.9256654047817213,1.060221901910188,-0.9016656110954179,1.1350721025548463,-0.8663582695144618,1.179241981397741,-0.8346772766627762,1.2122215124771152,-0.9119745676878535,1.0573779286122544,-0.9032062225773564,1.1204378095027097,-0.872013366128546,1.158133494573904,-0.8456441361458057,1.1850116422037964
0.10196768232335443,-0.3388343428457562,0.16289498595702273,-0.37955746427694276,0.19990527696300528,-0.36982020740879074,0.23656387810684948,-0.36003539639540316,0.04947698594492906,-0.4069441132648137,0.001131540906021507,-0.4164259198321954,-0.04595367558980136,-0.42486182590283955,0.27660926644385064,-0.31514248174163284,-0.12825571520095785,-0.39881295319213833,0.1464671169914874,-0.26384717774094274,-0.0026708641976896596,-0.29724751485169,0.48851447197817904,0.10655332311983916,-0.4885144719781792,-0.10655332311983916,0.5284587034909211,0.6078906081951145,-0.7437065743497027,0.3459829867337102,0.5588211931711901,1.1032716066983304,-0.898103751700232,0.8018051308492443,0.5688276596294154,1.241124362408342,-1.007000951222581,0.925611904451663,0.4999379023903452,1.2387487864773679,-0.920455743795854,0.9497031548775988,0.4722546491573697,1.1999751010732727,-0.8676814472403914,0.9177092813652442,0.542007937867409,1.0920727665639003,0.49173342547926985,1.12971545529885,0.4712470053407276,1.1939380752847204,0.4535370676770631,1.253455990895153,0.43620672906045715,1.3001298482965065,0.5694715103800657,1.258894459180436,0.5207314009959181,1.3302757415344042,0.4664861955642381,1.3592789226184563,0.41620062432387395,1.3763498798723015,0.5518291353971309,1.256036631879733,0.49916426798514163,1.3215614322650162,0.4413990067928419,1.3490492244744494,0.3843904974509648,1.3682735778118806,0.5222948009441646,1.2447281537986643,0.4717580128414359,1.2989358401260056,0.41975761055051686,1.3230000808347075,0.36806021744786016,1.3354232008470621,0.4938914248040175,1.2297202811410661,0.45795480537579714,1.2731617081408617,0.4182791148044416,1.2948835324310761,0.37573098406919336,1.3067524014235685,-0.9189563394850302,0.8295473378305593,-0.8513479161960517,0.8981586642494501,-0.8686908648689212,0.9652586619151416,-0.8989540815193028,1.023654337530223,-0.9167993285005989,1.0739085743883148,-1.0012680590915932,0.9733284418581147,-0.9923849657958257,1.056843712163972,-0.9635535999399566,1.1054551946018272,-0.9393276457362602,1.1442815771493386,-1.0377767608190314,0.9586843512807329,-1.0177680040277006,1.0412087773074181,-0.981371538899369,1.0928035224471642,-0.9450457361961857,1.1318089933594169,-1.0395896632170571,0.948517651696055,-1.0227158051034795,1.0261518588949237,-0.9912618659953022,1.0741140102605191,-0.9638822423003388,1.1103469288371504,-1.0248989187912616,0.9480216798363306,-1.0219728793044087,1.0127983167224985,-0.9949521219357912,1.0535166079643044,-0.9718157969929789,1.0827811284133537
0.09991678747725043,-0.33954869603396276,0.16060647156007996,-0.3806665465830503,0.19761136697188675,-0.37119230992807745,0.2343254363043951,-0.36166351800300345,0.04699603255712488,-0.4073359024146927,-0.0014186064318732214,-0.41651106312091657,-0.04853883180644689,-0.4246153712543143,0.2745685933602196,-0.3170787917867237,-0.13059645473696302,-0.39810800797107304,0.14488904518132462,-0.26492948787553916,-0.004484480863601838,-0.29740674617705654,0.4891308318195163,0.10368717067963662,-0.4891308318195163,-0.10368717067963662,0.532041087433491,0.6048733834426092,-0.7418628789785757,0.3505674693931116,0.5656550132724737,1.1000378121004786,-0.8934857419055692,0.8070820471544559,0.5761911871455133,1.2378562568242575,-1.0011952209321273,0.9316320462747953,0.5072530304308809,1.2358966544747314,-0.9140506956786778,0.9552918950337144,0.4794116482328117,1.1971818498631477,-0.8618363931580313,0.9229274145596459,0.5490017900683295,1.090945773680619,0.4976234542403562,1.128226511691231,0.47653999453548146,1.1917753856490974,0.4573130153922734,1.2507001774568542,0.43732827559521914,1.296123319307216,0.5758994837192518,1.256255300619929,0.5267653458029634,1.327712389375505,0.4722713998110761,1.3569326653120972,0.42209297112050315,1.3742081526579542,0.5604778776926809,1.2543171915396996,0.5072771098993799,1.320630485999987,0.44928517356100267,1.3486953930273202,0.39208428849237875,1.3680631122513038,0.5321794949876153,1.2434801675448393,0.47991830009960434,1.297524515308284,0.4272594205618298,1.3214648291793198,0.37516925401846657,1.3333991678882149,0.5038377652274395,1.228272157468119,0.46615941373514014,1.2700673472928605,0.42577154409322193,1.2908714115706146,0.3829012065962231,1.3016821529680418,-0.9127030541322416,0.8343157415579417,-0.8461396920072675,0.9042756285237327,-0.8647168001395777,0.9712900100890781,-0.8938903588593324,1.0293617386506824,-0.9111123723163194,1.0794979124397468,-0.9952828393935844,0.9799347228084322,-0.9847559254459046,1.0620937433849715,-0.9565922314131275,1.1100047679439347,-0.9329218465131126,1.1489293548272117,-1.0316879933349317,0.963874116484602,-1.0108390248682966,1.04483628189966,-0.9744531324193452,1.0963987942387419,-0.9376611682208541,1.1350906335292006,-1.0334998150249908,0.9519126309123909,-1.0166218992725946,1.027637432730167,-0.9851968126464592,1.0750690240900007,-0.9576425787236144,1.110690010950312,-1.0192275287376773,0.9496206230975064,-1.0167170208729441,1.0119148680770464,-0.9893292518725125,1.0517505862755232,-0.9663230482395959,1.080040808644481
0.03213661634136868,-0.3528082535288779,0.08385127803600537,-0.4048627205834972,0.12192445694615443,-0.40269504732966094,0.1598468842736528,-0.4004124531572322,-0.03294979605981116,-0.4090593079860417,-0.08228015680850714,-0.4087078458376965,-0.13003807721773192,-0.40757177223348595,0.20802362598300092,-0.36431532742648326,-0.2054174153285227,-0.36573752241810165,0.09075487388123857,-0.288277200369795,-0.062239991464444665,-0.29135669094072497,0.49994105091289187,0.0076776045817162335,-0.4999410509128921,-0.0076776045817162335,0.639064226767299,0.49162139589014914,-0.6615321373945472,0.48200399707850894,0.7673575595122634,0.9689532844700625,-0.7225518366469388,0.9600786010916113,0.8039329166562419,1.1036164449034014,-0.8042764993129938,1.1062868434619169,0.7358491034032566,1.1149077303652593,-0.7141684934966627,1.1131138261062048,0.7011325300378414,1.0815966989128956,-0.6690583439639138,1.0701802309743575,0.7553633878213132,0.9551621613227207,0.7087629037275838,1.0025267681164427,0.7002243835285493,1.069836134946263,0.6900211276792494,1.1325310784179805,0.6719078996213601,1.1847616836928496,0.8075848159602184,1.1141547262078046,0.7753313800853768,1.194529994810728,0.725701061341264,1.2350232236954597,0.6777625157283107,1.262278287527183,0.7915791028059888,1.1139096090717175,0.7550328145792305,1.1899714878988867,0.6998341567092725,1.2303184329776107,0.643717678741076,1.2605812149186546,0.7608836898376231,1.1080189412241341,0.7200494310989786,1.1718345842295177,0.6695169087920539,1.207617632405111,0.6175559642423698,1.2316629606933096,0.7295254577942955,1.0989512159784391,0.6995491055087949,1.1489111881904042,0.661603576039445,1.1780157927801491,0.619734882938474,1.197655318599542,-0.7380184228485114,0.9922620331337985,-0.6640245807062339,1.0448937835599514,-0.6677231264271392,1.112357363382693,-0.6854161902858683,1.1753986762439947,-0.6906888382772917,1.2294064958265423,-0.7937193203323377,1.1464256860332123,-0.770609620823188,1.2272856302921158,-0.7264597470666035,1.2689699055244479,-0.6880045577140401,1.2994395413832671,-0.8262393904259193,1.1411628848155992,-0.7902719652403845,1.2173982177622262,-0.7425794022373783,1.262277728009209,-0.6922836708331442,1.292925110707213,-0.82532332504844,1.1338577700214314,-0.7943364076333629,1.2052082343327755,-0.7524163169793778,1.2470161972561928,-0.7084407112422197,1.2789571207601569,-0.8107752486870695,1.1316966607568466,-0.7986582858782635,1.1932539819913144,-0.7655544450346511,1.2288216867708999,-0.7302250776275141,1.2554933170931917
-0.038906482147833765,-0.35234657508139655,0.0015872175555742432,-0.4136103258971027,0.03925142371437774,-0.41900690825612674,0.07692768907972618,-0.4242862314951651,-0.11393610837154283,-0.3944810633194349,-0.16227256387491515,-0.38434432051785716,-0.20875734160568388,-0.3738011739240676,0.13138027745497483,-0.3983965938202693,-0.27427939697235393,-0.3179167600478002,0.03143318142180282,-0.30074062091020337,-0.11925214929501074,-0.27348544893277243,0.49162758205658447,-0.091117070635509,-0.49162758205658447,0.091117070635509,0.7238489499956123,0.35600925171841347,-0.5547656207760087,0.6009634926085032,0.9438924160689648,0.7983721334399652,-0.5200245854903519,1.0821338429503367,1.006041480516533,0.9235755719758532,-0.5709249602821639,1.2432018851793791,0.9414809335212077,0.9480662638693796,-0.48122529060435204,1.232291745261199,0.900897555471883,0.9221281268915015,-0.4455295954152564,1.1807336116778382,0.9247626917952937,0.7907377593857969,0.8916927872411593,0.8441259796880093,0.8957251028766284,0.9104342121310703,0.8985916834066248,0.973064926619934,0.8952683635146895,1.0241062096823457,1.011033455851566,0.9354967273478303,0.991635328156583,1.0205157783547611,0.9503130207561732,1.0691899892862897,0.9079707786004831,1.105083143512953,0.9956165561496324,0.939961511041113,0.9726496437064107,1.0225979415646542,0.929327245024687,1.0722797738952823,0.8825897789990783,1.1132105609537137,0.9643847094316721,0.9406112945919558,0.9357796967317109,1.0113136786540378,0.8950251453192741,1.054572539488991,0.8500482732951772,1.0862131001398156,0.9309825230548172,0.9367269100446834,0.909803856175184,0.9897653760498893,0.8793408871738776,1.0244304707368141,0.8429132717196188,1.0505763938009534,-0.5282664284575952,1.1198750014548244,-0.4433470871516006,1.1558235739160898,-0.4340858727418982,1.2232740970095812,-0.4398108882744,1.2880524229999148,-0.43412460448585677,1.340616715631727,-0.5530104448212024,1.2816070950005483,-0.5110506573541889,1.3561424178335848,-0.45961799609351084,1.3890571969804482,-0.41584237956246184,1.4124299488225875,-0.5864790162901573,1.28349818170078,-0.5338745573593316,1.3514008758569345,-0.4765175228975217,1.3853373324510816,-0.4204151946562164,1.4057291562348802,-0.587460468125475,1.276978425596401,-0.5404465517424922,1.3415417123292916,-0.489523921640087,1.3743177859038396,-0.44025938616940524,1.396878902898789,-0.5723289216015972,1.2723230427643006,-0.5462122974934128,1.3309091511733464,-0.5049460343219041,1.3588806398017836,-0.46544985895123303,1.3779447550714137
0.003516502655422067,-0.35465352260592786,0.051359880061289234,-0.41065257641463937,0.08939436973510653,-0.41136225502051155,0.1275593073320189,-0.41196308619629146,-0.06605221793793148,-0.4058011467450623,-0.11543031178214806,-0.40161281899079365,-0.162907925207214,-0.39680892369426446,0.17857560174875675,-0.3795192088301253,-0.2348875140765244,-0.34933513599097166,0.06720135477541134,-0.29466288536490504,-0.0861308128776649,-0.28614453986508787,0.499094333317267,-0.03008066572722152,-0.499094333317267,0.03008066572722152,0.6789290497366316,0.4334807175259574,-0.6291011412167128,0.5183664934533455,0.8397266543439823,0.8934081184351192,-0.6555263287079345,1.0072500560283897,0.8852832144024244,1.0268985844772096,-0.7230099126027667,1.160199611638742,0.8192673933213186,1.0432327951203637,-0.639009128673744,1.162238482631202,0.7831231041348489,1.0069507648045186,-0.5991211895412732,1.113388846692421,0.8077919710384882,0.875057364523928,0.7862467430437693,0.9188462993204385,0.7847000550984129,0.9826884233428659,0.7778262007007978,1.0463442647524035,0.7630282804804326,1.1007661778868418,0.8819721155434646,1.0264095567880818,0.8570945538618905,1.1040757150298965,0.8113706667645941,1.1465828700869347,0.7672487343713362,1.1774651984601678,0.8460614730130761,1.034874465668174,0.813967736605948,1.1091923029584179,0.7690470277487731,1.1532677887243163,0.7259236931444943,1.1912334967400424,0.801842718730793,1.0353841354059599,0.7730890870689269,1.0989383723580024,0.7394451467623157,1.139674279846417,0.7047140556435196,1.1731930584972976,0.7630875090634919,1.0293177879492952,0.7443420156911307,1.0849964776241467,0.7209942052800683,1.1209511386435422,0.6944031650023219,1.1503465138923545,-0.6823500179192878,1.0171549714619288,-0.6185867849136261,1.0559599702433609,-0.6156459651435077,1.1252084959682396,-0.6224370676060073,1.1913015569562257,-0.6230617724067385,1.246651546784878,-0.7163038937214666,1.1724557243358003,-0.6779013720457386,1.2544384879941632,-0.6231431167659912,1.2952013133030287,-0.5739797649179047,1.3196333528339266,-0.7250918396095731,1.1744606943788354,-0.673954391894055,1.2482351923505997,-0.6160169015161177,1.2899625200760605,-0.5578105880633053,1.3141626104923958,-0.7136004968901911,1.1715175312910795,-0.6694198745935019,1.2403503371286537,-0.6159215580738592,1.277940121289621,-0.5664172780599148,1.3077301663293612,-0.6961093467485951,1.1704531014186663,-0.6684888293139578,1.2303130748450974,-0.629933939975395,1.2640319143273295,-0.5932502822148384,1.2915240516419402
0.07634023154129019,-0.3469716512628192,0.13428954335789162,-0.3918689101324598,0.17136529142295437,-0.3848396395790074,0.20880600512449654,-0.3776653765315655,0.018576452868316298,-0.4107982251595837,-0.03083354463653558,-0.4164714893592516,-0.07840882133563047,-0.42129836660007525,0.25175487106105476,-0.3357503659371661,-0.1587204837589426,-0.39001064570514066,0.126069507461229,-0.2752961866704127,-0.025311743296548575,-0.2982035369821836,0.49478787873957275,0.07200663200284997,-0.49478787873957275,-0.07200663200284997,0.5857873762830826,0.5613492915152415,-0.7273322184205931,0.37698981400356846,0.6401353081293278,1.0457006720345963,-0.8498217638484201,0.8502446520968048,0.6463834582581642,1.1845076131762389,-0.9303808832489487,0.9891914341422119,0.5849174786906529,1.1870287389606056,-0.861922120668165,1.0065939009591252,0.5613474902238893,1.1447286595241628,-0.8145988388685326,0.9655212395948417,0.6082073802094164,0.9854819508123301,0.5871742547228503,1.0177416384434343,0.5733101083819199,1.0785107844245578,0.5611200623864502,1.141553664873767,0.5455472490523594,1.1938408796326287,0.665059944148091,1.145117955018973,0.6209635942337316,1.2185557998624132,0.5631972411621065,1.2495543456379288,0.5090361555182414,1.2683734884989288,0.6271950806396657,1.1468279333479154,0.5771068227737087,1.2138130697223704,0.520349278791327,1.2453904749355424,0.4646371687461955,1.2714302318095454,0.5820878324233771,1.1401712900159051,0.536693393085089,1.198963703488252,0.4905052863903914,1.2302259312879904,0.4450504253711734,1.253812870823418,0.545913755405951,1.1301263458669462,0.509703926026083,1.181841569578379,0.4736598326424919,1.2108547898546267,0.43668780582446276,1.231498665258274,-0.8655977906915777,0.8287339449178482,-0.8307527685609518,0.8730489300784874,-0.8456607021253731,0.9408110162156786,-0.8633409649113502,1.0056039563773338,-0.8668518468432669,1.0628218385152122,-0.9440127328439522,0.9702997741685441,-0.9263239860050797,1.0558873285908883,-0.8809542125076371,1.1066499309041171,-0.8350185458532686,1.138371243267633,-0.9281342617551106,0.9765478348051939,-0.8992419581122554,1.0534042473423735,-0.8505098665672255,1.1053544951146255,-0.7965758338605332,1.1408200612658757,-0.903588359139955,0.978164590905057,-0.8768548916714002,1.0489518348229379,-0.8310624809220829,1.0941876659266183,-0.7848147099017435,1.1335325898348783,-0.880965196199514,0.9783769054353934,-0.8544370101635269,1.0379602501088692,-0.8204560469487077,1.073672996603849,-0.787650236067304,1.1055079997624095
0.03610924970163775,-0.35385393814902877,0.08854418125884271,-0.40506020676967464,0.12591434672468302,-0.4023759650121384,0.16378564189438433,-0.39959958903951287,-0.02873952618847498,-0.4101525236153675,-0.07849874145262585,-0.4096829679853888,-0.12621523142813038,-0.40877219140529303,0.21043750407131698,-0.36301321606761694,-0.20262848349327597,-0.36865245769637367,0.09391276972757258,-0.28832381618849334,-0.058995466543475816,-0.2936115479062129,0.49980818963473783,0.013848233607429096,-0.49980818963473783,-0.013848233607429096,0.6615082051814534,0.47675188971883387,-0.6928989723717117,0.44974380485240156,0.7597103143123577,0.9322788501265911,-0.7468708671153914,0.9175278357092096,0.7729304338290288,1.0695755344742381,-0.7826969567161219,1.0728682089098238,0.7155708913376476,1.0720236537902932,-0.7166358700490238,1.0801285810416998,0.690237234029371,1.035657188607046,-0.6876658720830333,1.0284621231053859,0.721123789231046,0.8816431789173972,0.7074977689975797,0.9098789322860191,0.6977677225938922,0.9680083241546954,0.6868171845442417,1.025727438470547,0.6720454747709558,1.075118848776761,0.7816941581099208,1.0291000861542006,0.7428835340377932,1.1063928974646133,0.6885144597836976,1.140114162641541,0.6392297516952555,1.1576018614993402,0.7519867774763443,1.0352959330955698,0.701361397756856,1.1051975233344569,0.644305961551073,1.134431792710041,0.5953847028531474,1.156477916352087,0.7130177329039394,1.0339135576213236,0.6630759338322266,1.0921615136119875,0.614290601166724,1.116367752662108,0.5724968599874515,1.1343797026396787,0.6759602526614161,1.0276637606069714,0.6339058820963323,1.0742518113667432,0.5970094222741857,1.0979211896340177,0.5656180582771134,1.1139721104146603,,,,,,,,,,,,,,,,,,,,,,,,,,,,,,,,,,,,,,,,,,
-0.032498709932460075,-0.3531981713614593,0.008676065523680845,-0.41375591615049534,0.045662511597254596,-0.4184286404984862,0.0834069408159797,-0.4231182733395719,-0.10726540827960912,-0.39565772059205273,-0.15601474494699674,-0.3852320292384349,-0.20272518965151426,-0.37482487335823933,0.13572648297458367,-0.396276717278321,-0.2701768374773009,-0.320708385164062,0.03688746838397262,-0.30000946307926507,-0.11373774610994737,-0.27556430133104587,0.49268823493703334,-0.08519567568034629,-0.4926882349370332,0.08519567568034629,0.7495027938928692,0.3301137667083503,-0.5998750089072692,0.5760536376476476,0.9277026592673263,0.7519805624097831,-0.554266565896022,1.0413083112910657,0.9658221964071065,0.8848866677081015,-0.5487035793460652,1.1987494128967442,0.9103581888054008,0.897459319664104,-0.483211628412308,1.1917854868983315,0.8790823144311194,0.8673071204547415,-0.4697709131924269,1.1359819655512338,0.8899566844317559,0.7148719203631362,0.8720376525251442,0.7484579539995736,0.8686989785362897,0.8072599961798775,0.8699331140294516,0.8650191472740298,0.8676822809623169,0.9161666026422057,0.9675959947703721,0.8514232643256582,0.950954122093477,0.9347973774527607,0.9065634194115263,0.9799262632893565,0.861524271609451,1.0091023424908911,0.9462045088558637,0.8605663284634044,0.9201256147345329,0.9377234122305527,0.8697703722183507,0.9790118689392389,0.8197448685220623,1.0100136029587259,0.912577238731776,0.8654454410207457,0.8852327005082457,0.9316545839481277,0.8428791493088648,0.9667150080042739,0.7995735278060571,0.9945367086464479,0.8803610299840818,0.8656011927281125,0.8600162008639193,0.9197884550790545,0.8281897063799245,0.9525184537360266,0.7943954609771658,0.9769756644734854,,,,,,,,,,,,,,,,,,,,,,,,,,,,,,,,,,,,,,,,,,
0.09667444391149477,-0.3406612442165385,0.15664049884845074,-0.3823887177402623,0.19256476219005356,-0.37347886605296,0.22972242117894978,-0.36409090754223056,0.04190776070208401,-0.407051373068031,-0.007437890510308934,-0.4146581693179404,-0.05484176554649321,-0.42156373895933474,0.2688259742633378,-0.32008113598102145,-0.1374069415669545,-0.3952221048209952,0.1421156886752388,-0.26577655783925724,-0.007039126019497264,-0.29712728321263565,0.49035308783175324,0.09774379394040751,-0.49035308783175324,-0.09774379394040751,0.6009947329867554,0.5763379890473469,-0.7955551410557873,0.2960385847215876,0.5513058367032605,0.9560374925779059,-0.8705705684173485,0.689895900008604,0.5010149499472436,1.0567229976101826,-0.868749132232893,0.8256037478551471,0.44991144955270496,1.0364427863061825,-0.8066489305120305,0.8359325758862778,0.4406504011122656,1.0070908898462367,-0.7953791791983369,0.8032309307823529,,,,,,,,,,,,,,,,,,,,,,,,,,,,,,,,,,,,,,,,,,,,,,,,,,,,,,,,,,,,,,,,,,,,,,,,,,,,,,,,,,,,
-0.028775893901688228,-0.35075678452809267,0.012302981526136897,-0.41070917399819,0.04784595515288435,-0.414761321372735,0.0863270439095846,-0.41899642662538716,-0.10340195658005927,-0.3933632494267425,-0.15178629046087552,-0.3830749520319028,-0.1982051411430547,-0.37295576053380436,0.1396921446214041,-0.39161088869830396,-0.2666425230116033,-0.31975298153900694,0.039831784051062386,-0.29625022796599293,-0.10992056303904316,-0.2740309014692399,0.4936480242720402,-0.07944575591125813,-0.4936480242720402,0.07944575591125813,0.7820074000956215,0.30131528177499983,-0.679477998977555,0.544870692930595,0.8000176953347193,0.5915106948119851,-0.5543465471882306,0.8678819416732764,0.7671610821531505,0.6982681941980933,-0.47683449544733963,0.9773593693858525,0.7158822129526243,0.6744378213858664,-0.4160187550302155,0.9481382281092515,0.7058692424033086,0.6445276105151856,-0.4303951153783123,0.9084074739807473,,,,,,,,,,,,,,,,,,,,,,,,,,,,,,,,,,,,,,,,,,,,,,,,,,,,,,,,,,,,,,,,,,,,,,,,,,,,,,,,,,,,
0.0727973782790322,-0.3421855267976126,0.1293184204299474,-0.3874724484019678,0.1636845387040007,-0.38126500554235826,0.2016922385360189,-0.3742090515668295,0.013886492458762629,-0.4039947274123224,-0.034840034964245765,-0.40807922131277213,-0.08176573446880839,-0.41185026940079866,0.24576038978446685,-0.3326214352321995,-0.1627015064000971,-0.38102395068020295,0.12288273819207704,-0.27038116890935565,-0.0260311537955326,-0.29255468370513676,0.4953816897213467,0.06780104341987205,-0.4953816897213467,-0.06780104341987205,0.6709274658132641,0.5091264289256772,-0.8191961205438606,0.31686782308562145,0.5759450939728192,0.7850210578835435,-0.7693148413616178,0.6494477644776002,0.5146372935785708,0.8750719509955414,-0.7244567730684403,0.776658126204503,0.47539509809470853,0.8392983346479713,-0.6563873984691465,0.7637194922207381,0.47517965878200563,0.8088917628432633,-0.6579065510318469,0.7207165582614641,,,,,,,,,,,,,,,,,,,,,,,,,,,,,,,,,,,,,,,,,,,,,,,,,,,,,,,,,,,,,,,,,,,,,,,,,,,,,,,,,,,,
0.04957730504816467,-0.3418919818868122,0.10228242696305731,-0.3910818022326744,0.13612595026940966,-0.38749830216027953,0.17465858639525428,-0.3830942069755411,-0.013337008235263187,-0.3992465322198755,-0.06177543833898117,-0.40018303250907794,-0.10842945744693853,-0.40082707416268015,0.22203391460196428,-0.345194069222578,-0.18689732788942495,-0.3652455901489821,0.10456452314083868,-0.2740024624245982,-0.044859282360611694,-0.28629813640682894,0.4988736692591161,0.03354194567919456,-0.4988736692591161,-0.03354194567919456,0.7348599500833845,0.4530754155752242,-0.8128408811889739,0.3650372341114158,0.5883534161632519,0.6537355833131137,-0.6541910484183944,0.6414392537566944,0.4944053352236584,0.72741232920034,-0.5879101701327671,0.7488542743013945,0.44934349904704446,0.6845862724562083,-0.5275128959173357,0.7162652459515,0.46556105751023186,0.657683584189202,-0.5348727803710321,0.6833236828588012,,,,,,,,,,,,,,,,,,,,,,,,,,,,,,,,,,,,,,,,,,,,,,,,,,,,,,,,,,,,,,,,,,,,,,,,,,,,,,,,,,,,
0.04016384519722892,-0.3386415913875164,0.08960938299068169,-0.3893926785931843,0.12259587933028726,-0.3871440063067378,0.16046337129566554,-0.3843470481950827,-0.025406472562799712,-0.392980168519478,-0.07378893782111279,-0.3917230896137586,-0.1199296325558762,-0.39022487862125627,0.2079460662805209,-0.3488825071749015,-0.19678862796164742,-0.3515735070698803,0.09705501065530313,-0.2738992156965446,-0.05168725535434789,-0.2800432174413316,0.49982272818206375,0.01331316613878216,-0.49982272818206375,-0.01331316613878216,0.7862790477140007,0.4059957597879882,-0.8348248663026362,0.3943665386874539,0.49699431358328927,0.4646937352525457,-0.5436865749851697,0.4775424024772271,0.3516446622475324,0.47920192486135627,-0.40681420368593124,0.5230583396295,0.3266022622662597,0.43404381637818645,-0.37093371426408345,0.4723056841509472,0.36146614036866315,0.428807332996833,-0.3995792172178255,0.45659778377588534,,,,,,,,,,,,,,,,,,,,,,,,,,,,,,,,,,,,,,,,,,,,,,,,,,,,,,,,,,,,,,,,,,,,,,,,,,,,,,,,,,,,
0.07270604797653678,-0.33067970480952624,0.12641319070203438,-0.37654385523473416,0.15881492056335128,-0.37134372235209007,0.19624454917663775,-0.36515136292127204,0.009656292994701051,-0.3907715343758821,-0.038649621043575236,-0.393864968504895,-0.08341558298925449,-0.396406209095521,0.23987889978379381,-0.3257078744248639,-0.1619269686834802,-0.36476092344526784,0.1241145599269491,-0.26121619959661635,-0.024247917978368377,-0.2808340944800023,0.4967043681887923,0.05731291845799305,-0.4967043681887925,-0.05731291845799305,0.7658517633726867,0.4757783809858421,-0.8780310483270033,0.31609682230007474,0.3845886395826885,0.4376111191070929,-0.5257566029655207,0.3218178586176357,0.2091646782786246,0.42968931683116274,-0.38156137294935005,0.3359863556806468,0.1877429194286363,0.3714367460363195,-0.36275912005528044,0.28034070458142646,0.22895813599553183,0.37037871712628073,-0.38777697672796035,0.2683102822011251,,,,,,,,,,,,,,,,,,,,,,,,,,,,,,,,,,,,,,,,,,,,,,,,,,,,,,,,,,,,,,,,,,,,,,,,,,,,,,,,,,,,
-0.018243552003621516,-0.33395994538331714,0.021824318132243087,-0.39291058268834794,0.05418850342795169,-0.39689144036887586,0.09232663921673644,-0.4015020114218155,-0.09547479540857,-0.37397732033895753,-0.14227194825708428,-0.363642974810616,-0.18503977142593608,-0.3538510548966931,0.14594408576068327,-0.3760647719733853,-0.24982566556344024,-0.30220819751496397,0.05122708427730759,-0.2823082775797312,-0.09652912784510774,-0.2598820966237141,0.49275317219659004,-0.08481928607455794,-0.49275317219659004,0.08481928607455794,0.9051628361161899,0.23741798637445805,-0.7721980921446431,0.5525156029952136,0.4904608240139249,0.2569846913520261,-0.3557551188174265,0.38191892059798516,0.33813437500468513,0.2824708546933693,-0.2060400124102852,0.357705981081035,0.2963868250297852,0.21996231316626683,-0.21075177636725162,0.2866974584056644,0.32121913803488034,0.21093238730075864,-0.23623931938103504,0.2845161796900912,,,,,,,,,,,,,,,,,,,,,,,,,,,,,,,,,,,,,,,,,,,,,,,,,,,,,,,,,,,,,,,,,,,,,,,,,,,,,,,,,,,,
-0.028631662918879554,-0.33051527543637305,0.009261075902823547,-0.39157434714233147,0.04123464070618041,-0.39709940271300403,0.0794898051306333,-0.4036928508992572,-0.10788943911142926,-0.3666886711239257,-0.15442323864077112,-0.35398498686041624,-0.19636598768318753,-0.34220288946107463,0.13511412552105756,-0.38109568660171395,-0.257625562350468,-0.2879868565808746,0.04383345665431262,-0.282625505858526,-0.10297677017641785,-0.2528274436820436,0.48784150869537424,-0.10959316764206195,-0.48784150869537424,0.10959316764206195,0.925895314566173,0.19551305680499004,-0.7531147681398281,0.5893742147423899,0.5117866197868784,0.2170008192002056,-0.33418411878081233,0.38929203968348364,0.352409751179447,0.2473158134820405,-0.18403937938618872,0.35225647256633635,0.30571607445684634,0.19381700333473703,-0.19306316877381943,0.27805735970814305,0.3279631940059507,0.1818611140393011,-0.21311669879707434,0.2779710091160874,0.6300171734008242,0.2354349517342575,0.6280761739163383,0.17553953224284044,0.5686666536264244,0.14866543685876388,0.4808974160479233,0.15265642875160285,0.4097818740718854,0.15350888240681013,0.484567730711193,0.21953433323839103,0.3609234108157613,0.22339740008666475,0.2834270797379907,0.21558150203683915,0.22528479506237864,0.20622655537852252,0.4473501271103039,0.25763674598498226,0.3121533981667843,0.25591377024860923,0.23290755632159868,0.24148446051767214,0.17700923533079943,0.22635711941953193,0.4261657059980399,0.2769579940860029,0.30462092466192037,0.2748407684609395,0.22938929733848054,0.26227270053807894,0.1751029130109017,0.24926011171955484,0.41634668435709693,0.2847815239656852,0.31581745202442923,0.2893098048738679,0.25511648830533495,0.2815698139755877,0.21275491311410466,0.2709259557578466,-0.35236859957467964,0.43176026588493815,-0.3796643206722259,0.3894028577740038,-0.34213990627918256,0.3440869528910185,-0.271379308434205,0.31432319417446025,-0.20132096494036034,0.29355879948244623,-0.20162786399888932,0.36496029219493664,-0.08988020789960677,0.30550740569378976,-0.026091603121059636,0.2655397787864575,0.01527624467875789,0.23748364116554374,-0.15418617236616577,0.38001094715842654,-0.041743113959518394,0.31596403047091703,0.010721530984451198,0.2770545248533325,0.03848637968682033,0.2509015776746642,-0.12347006793331679,0.38968411887101273,-0.02231640698318916,0.33240100676216544,0.01465883289026553,0.29816352873481505,0.031097308664185922,0.27603467034533824,-0.11140681112234103,0.39267040803790776,-0.029196909937964644,0.3494355038580995,0.004189868667289831,0.31970478820253534,0.012552323177805738,0.30163583252131065
0.07135082597900917,-0.3225620601262835,0.12656577108501754,-0.3696033986340515,0.15890207767247833,-0.36533194035439864,0.1979195489408824,-0.36022651305283354,0.0058987260939948145,-0.38081520495247334,-0.04219252758589547,-0.3825330287667966,-0.08551226430840153,-0.3837372212804595,0.2449838257477351,-0.32197317039626566,-0.1590471873287266,-0.3504337723677037,0.12688033259571177,-0.25533312325652874,-0.022117867832885087,-0.2706836396673236,0.4984564669871753,0.03925748996895946,-0.49845646698717544,-0.03925748996895946,0.8334529529903169,0.4597673119540878,-0.9022329746303687,0.34065257744481764,0.4473279599182626,0.36161169911526087,-0.4447399410999706,0.2770393559835911,0.2871292388550575,0.34110234238375625,-0.28823943923364154,0.2883364957932422,0.25718186658900366,0.27760149921133115,-0.2711275234335875,0.21620239049858922,0.2827460413912663,0.2754465263991924,-0.2912394636823497,0.20833924891694192,0.5411567858375935,0.41940880670525427,0.5538344737677316,0.35950676172550305,0.5031002727767041,0.31022018530087986,0.4152181571853423,0.2892342130961498,0.34185955892072406,0.26966367949045666,0.40362169659527297,0.3585827277667108,0.2789076300139219,0.3222264009251381,0.20998094799321,0.28948673320753676,0.16107837923383875,0.26237863761441,0.36207331322555025,0.38732540345622335,0.22939310410373392,0.3453683964382614,0.15613038993785555,0.3086887260886524,0.10674369118682858,0.277870167822095,0.3377375923763761,0.40067816411424806,0.22041340834708686,0.36346436211731387,0.15443120407256086,0.3296209614457536,0.11070915028402706,0.30077952031651667,0.325661504096594,0.40546413240790236,0.2306976522721025,0.37810974663945696,0.17466680574339782,0.35183527795533787,0.13709308649489613,0.32767473383900525,-0.5206016548949105,0.31041670453330433,-0.5111568030131153,0.2502962837310053,-0.44495615119632964,0.22468177650649798,-0.3526441288886895,0.2267879558320486,-0.2824899343477106,0.2281452785473856,-0.34739678854875533,0.29669018077558984,-0.21892925249868042,0.2769978197924475,-0.14671879576306165,0.2612043398649007,-0.09224839227813057,0.24835277552914592,-0.31562886316454847,0.32935751537406466,-0.18187973059442347,0.30784711146580634,-0.11090998665958347,0.28940536671846573,-0.05855893244715663,0.2757633495834106,-0.29580557993417744,0.3457078025813701,-0.17437269987351936,0.3241559692975871,-0.11208660475795346,0.3050188265506486,-0.06577379512424575,0.2904096993000971,-0.28251331059066964,0.3468566774451275,-0.1844590072131521,0.33267027925119874,-0.13428738814842275,0.3176494476136899,-0.0985139661991889,0.3044239943561196
-0.002460099077696923,-0.32869196343902723,0.04162215533599545,-0.38678501313756025,0.07385830402469767,-0.38966557457438533,0.11352245230320844,-0.3932970034492555,-0.07912604893286275,-0.3711706309449511,-0.1260971267618072,-0.36237456316650546,-0.16823866574734597,-0.3541393592711141,0.1686388847968549,-0.3662413949467467,-0.23188852057811934,-0.30589231861709476,0.0669531606113384,-0.2754138359184759,-0.0818864904558385,-0.25779293992902075,0.49489695211873796,-0.07125311771132253,-0.49489695211873796,0.07125311771132253,0.9080375526944686,0.26880804681030884,-0.8086379280233487,0.5299156899702545,0.5113301317095609,0.23784472613525356,-0.3771741383771157,0.3500001037907287,0.3502504755500963,0.2454909984533479,-0.220788745289909,0.32311136853549294,0.305850496442557,0.19788413277692052,-0.21188253586863814,0.25755638480057125,0.3278031679747211,0.19218268670472669,-0.23359373943676878,0.25599301222149046,0.5993889795982839,0.2865268106348971,0.6040710273869839,0.2202715354295459,0.5479143976498548,0.18525577293645676,0.4579577563543853,0.18456003823504544,0.3781392989479543,0.18473085953150695,0.45753475670472765,0.2529110442816695,0.32629339282469627,0.24890505424094947,0.24723374124200082,0.2341621754938235,0.1865157645401923,0.22089455603606925,0.4198165212387461,0.2904593816291618,0.2791818504727073,0.28164316310523074,0.19316032670908523,0.2611894057435206,0.13516996889277832,0.24176498188839113,0.40020084331833483,0.30799459159723297,0.2743350782467423,0.30078647966972905,0.19435780934375146,0.28111507978004757,0.14027930348802017,0.2607365208291218,0.39275623173097035,0.3133988024572521,0.29334852637937076,0.3097000513390112,0.22821974884940183,0.29611110852778344,0.18466695000830433,0.2794614295140058,-0.40985162714663725,0.40445546800033916,-0.4169527996717351,0.33933640335690074,-0.35623770122680076,0.295473029224447,-0.26208818264984,0.27246558914922436,-0.18831767172700148,0.2552779586089054,-0.22610398055066633,0.3304720844181425,-0.11199879082294244,0.2870133985981626,-0.04117146391588272,0.2574120612553582,0.015740214636609566,0.23586061785943216,-0.1943761612465531,0.3589742668830067,-0.0703604985591359,0.30990103651269163,0.008529268180069535,0.2740368943204188,0.06987987137747888,0.24706375480495385,-0.18000466243395893,0.3749694123575444,-0.06585099746296519,0.3300747001357523,0.007495018776248481,0.29603435056482735,0.0650492557126399,0.2692376812397402,-0.1767669538222297,0.378353516695206,-0.08547284234102556,0.3429397761716976,-0.025861895574393366,0.3157850437777419,0.022801446889178362,0.2931337568872476
0.015603080123919217,-0.32728304723977486,0.06314116880241334,-0.38261582597663546,0.09564121564670354,-0.3835693993134585,0.13574898705746954,-0.38490529775063187,-0.05889498941689151,-0.3740781496559546,-0.1063882661258877,-0.3680018102089396,-0.14874157320650708,-0.362211135257679,0.18953746427998658,-0.3547012261251084,-0.2142146530014299,-0.31789644629714986,0.08234175559583039,-0.27005052281852987,-0.06761201292275382,-0.26126993557722467,0.4981845852859676,-0.042568990867161316,-0.4981845852859676,0.042568990867161316,0.885797713875435,0.32212446119266896,-0.8421704558593425,0.48238151358147474,0.4945602679804806,0.2643035348152961,-0.4079326606099755,0.33232321129973635,0.3292702310503122,0.2615513775440711,-0.25131874403157917,0.3074798015805287,0.2846326780650652,0.21580786216598646,-0.23603161804666847,0.24135787167900552,0.30843884589748993,0.21141281492125355,-0.25963084260662656,0.2405577244246515,0.5769462783282524,0.317341252781675,0.580366376157323,0.255763432550804,0.5223975532798907,0.22024742583398269,0.4322930858929641,0.21773314507307612,0.3543792700037086,0.21456932863109832,0.4293254332758995,0.28075972045030945,0.2940789265771744,0.26952744485077273,0.2142340058733021,0.25177437804550273,0.1553558559191841,0.2350342035859685,0.39583975275971206,0.3153241941021747,0.2540116672186937,0.2979666871216206,0.16702487120997725,0.2752363725706465,0.10574379320893701,0.2535643777470613,0.3776109872266478,0.3317856082712954,0.24936489247314836,0.3155345160795717,0.17115152936137334,0.2940947157165589,0.11725201826841994,0.27290841385184084,0.3700772186378551,0.33790849024107483,0.26946635534263674,0.32628498079781937,0.20407725466424997,0.3094510076624792,0.15816438102183678,0.2912995289904627,-0.41197229542336683,0.3665498963108387,-0.4128619301150372,0.3007249664437891,-0.3473317214541059,0.2660326678480932,-0.25494259033598343,0.2513893249071795,-0.18359783673846586,0.23688793866664135,-0.2243916096822658,0.30975621299662764,-0.10528089203238081,0.27432701539098164,-0.03126113342925469,0.24985035437571457,0.027529450662259702,0.22982144298357698,-0.1899513298526494,0.3390040093667279,-0.06111781487837149,0.2990304779389644,0.017824723306184183,0.26829392995689305,0.08090322199511733,0.24363432361862944,-0.17507539623591142,0.3537369219345044,-0.05547289439319071,0.31240727606929664,0.018893431576078597,0.2809698138940332,0.07883704928752441,0.2555058050424545,-0.17244399933889565,0.3530787465599826,-0.07803727563109952,0.3183656850334802,-0.018284755653612705,0.2915014657969825,0.02944897422855929,0.26818510690781816
0.020834720461875622,-0.3260478605790213,0.06912821366937061,-0.38057160052149347,0.10172391456312876,-0.38095305844135086,0.14186799640638365,-0.3816160854333323,-0.052933754978131436,-0.37417853481401286,-0.100418640884377,-0.36890913503823947,-0.14279835496509982,-0.3638454078107999,0.19518483552345994,-0.35050037674897894,-0.2086346431765805,-0.320816811720473,0.08662796680093784,-0.2677231767480003,-0.06312712867781217,-0.2616013269803517,0.49882371026717615,-0.03427690294189803,-0.49882371026717615,0.03427690294189803,0.8801164134182499,0.3377209024555622,-0.8493260453085247,0.46591008351343655,0.5019707530199471,0.28367915140533395,-0.4201366639420571,0.3280514681387646,0.3387373038407177,0.27708533123074874,-0.2644308786383305,0.3035870471374253,0.2941401847639856,0.22846189637623393,-0.24604583475463437,0.23642461813445728,0.3197331327539627,0.22432063245826672,-0.270325585216326,0.23675757864778124,0.5659995713204715,0.3301897808874183,0.5671388454797718,0.26911830426376443,0.5069642012817674,0.23597168655526118,0.4197102766832956,0.2330938433018438,0.3415538539180088,0.22863288149759206,0.4161347069770114,0.29694323127257227,0.26781189719281867,0.285459478650007,0.17850001021957976,0.26567785418872747,0.11379741153801644,0.24772276895304077,0.3864060612910309,0.32956279484042433,0.23178718905939583,0.30929800571225724,0.13904947464987985,0.2813837173652964,0.07631419222445424,0.2556136591837226,0.3691635150451371,0.34305629493876827,0.2276898881654344,0.324168959433061,0.1432529569615252,0.29801475063516014,0.08867445311365454,0.27228332704765856,0.35974455785137144,0.34569781237720365,0.24618847467678073,0.33181213082125505,0.1716883121608039,0.31104254308771084,0.12141794493277726,0.28944492721629567,-0.42102318701419744,0.36064402955057556,-0.41452159835019553,0.2943427247207906,-0.34693996124624626,0.25804589500546615,-0.24958769787889715,0.24541525519060917,-0.1707333586615296,0.23476864619902368,-0.2457983373253868,0.3071172145139688,-0.1142891380651147,0.27612309521901707,-0.0307870707403867,0.2505762222627904,0.03488419546527823,0.22959107393734982,-0.21025160615849975,0.3370769078589337,-0.06925388221361213,0.3011325210163099,0.018213821897576258,0.26961979070850545,0.08582544772660358,0.24424474511377586,-0.19096499188456278,0.35261962830410437,-0.06006179077635913,0.31640185600519555,0.018738527526336472,0.2851826442114569,0.07678146726266427,0.26010189344307943,-0.18142549686264378,0.3541101735293269,-0.07978608197149135,0.3244999214352639,-0.016029091911307494,0.29918685598837225,0.03182584544444348,0.27635041857048237
0.029607855503190318,-0.3246317052803051,0.07883138089823048,-0.37797402916886463,0.11140188669775111,-0.3775630887172435,0.15143925866967153,-0.37724924762042017,-0.04303113251115141,-0.37447069635488867,-0.09062257637245341,-0.37031436252347816,-0.13317181190508048,-0.36625571320769545,0.20362067316254118,-0.34471031561794246,-0.200355539344165,-0.3247712397948452,0.09386427752163597,-0.2647830125710365,-0.055826062300306116,-0.26237973276034465,0.4995062009153973,-0.022216103327690785,-0.4995062009153975,0.022216103327690785,0.8707571299301513,0.3597868627565691,-0.8645879155880686,0.4432136792970672,0.47887674863584834,0.293778553153938,-0.4058401653643352,0.2993410777789489,0.3065187525507373,0.2814366433753576,-0.238291568094265,0.2865971682502361,0.26604963535076476,0.23619900515505315,-0.2139670947141533,0.22724888962673528,0.2918820073664672,0.23309436799886324,-0.24262319842014995,0.22517886866269943,0.5548796522748964,0.3569518422771134,0.5595036635548088,0.29578637413669706,0.4994307105530888,0.25998510046886786,0.41188864780187084,0.2570903794426008,0.3332738829687217,0.24857266112347998,0.38469066645063477,0.3189291343452036,0.25035707187388895,0.3010774849211314,0.1644879229530619,0.2790862744962943,0.10080052051663986,0.26035179127196306,0.35341482399414,0.34878085607646525,0.21080596493327697,0.3200199093086674,0.1226050756163144,0.2869409467975974,0.06165169036438898,0.25679672935385495,0.33641259702182774,0.3599604325556659,0.2058546290581749,0.3345871414008157,0.12630375669647112,0.3037140112810956,0.07394120650923755,0.27404641165896376,0.33021515981305427,0.3627587974350981,0.22237439958812,0.3477556029172745,0.15484324882580397,0.327088645146601,0.11080833034450972,0.30505823325217746,-0.42430664051857175,0.3545322989186836,-0.41307540170120466,0.2896125395455866,-0.3424195586821363,0.25733729951403406,-0.2454669618189568,0.24747145094582024,-0.16706144415175567,0.23889867277770935,-0.23862993916066647,0.3088180278076363,-0.11155575256254512,0.2792880482282942,-0.031010201804513405,0.2572712676508217,0.0330508268730572,0.24016985105666264,-0.2069930697923255,0.3384342742048734,-0.06928242981681777,0.30183347437818137,0.016898773349411363,0.2754205993323135,0.08553448659681297,0.25520567754737333,-0.19046796290192008,0.35313992771209396,-0.06698702790444915,0.31495458888691363,0.010517886628117933,0.28651082856629745,0.07074393222568763,0.2646540140754469,-0.18284467556632097,0.35276781373854127,-0.08537705629507952,0.32043259120437656,-0.025307780766604338,0.2952997529236965,0.02073507403180236,0.27353020403829004
0.09685086748865623,-0.31267972660185284,0.15552066920761975,-0.3544827848968358,0.1872364734213651,-0.34723198200890854,0.226331061309377,-0.33856417135769956,0.03550350437709249,-0.37610496640454416,-0.012057133656536635,-0.3816962804562254,-0.054412583658200266,-0.3862788162965054,0.27047241233227787,-0.2953379634712583,-0.1287062846361225,-0.35914422269492785,0.1473455033328999,-0.24074579499589133,0.0005833527056886048,-0.26918607921134663,0.4933664276570526,0.08117615450930324,-0.4933664276570526,-0.08117615450930324,0.7788450416618982,0.5321484091660038,-0.9378413663636859,0.25538741004490084,0.4056413259607831,0.39074521989184186,-0.4602873266042687,0.21262499762290468,0.24109923102435976,0.3480580640692263,-0.2977478397923558,0.22779583937921682,0.20902153900564743,0.2943693149975965,-0.2624927662315333,0.17661881163544954,0.23579093660757292,0.29683762226910576,-0.2882807763584259,0.17095585673168315,0.47695620303826414,0.47046062478058803,0.4856110816764599,0.4109497170440955,0.43103969057454045,0.3626703223937737,0.34775898349873974,0.3412692350332072,0.2778755265964199,0.3195439228328445,0.3099306382702488,0.3981870615781426,0.17827392458350588,0.35172393555504844,0.09794713778367739,0.31595772760042873,0.0367493725193992,0.2874918916511481,0.279941040821359,0.4211332458280753,0.1500865984851735,0.36748369491395855,0.07266199899349227,0.3241154714314922,0.01603701588165063,0.28692554245404905,0.264153656902985,0.4289541699687371,0.14630125772742922,0.3810953868541872,0.0762395392256192,0.342360706450982,0.02764172498750634,0.3082811689877083,0.2560454931203945,0.42970987063461213,0.15765562281070508,0.3919002252540032,0.09508183518259064,0.36031762001857237,0.050937510139083944,0.33153566813134144,-0.486332307582773,0.2629193069691297,-0.46283865810156455,0.20235462428832524,-0.3916726269098649,0.18476575484103744,-0.29956593775571827,0.1957729611049103,-0.22205585910220385,0.20123439605086058,-0.3016688349630138,0.2590771786512252,-0.16473300265449564,0.25624003930460115,-0.07910434234407024,0.2511082470919187,-0.011188012781657618,0.2462847675287271,-0.27692069658716656,0.29556803978911556,-0.1307039730617253,0.2882183546078186,-0.04182181606826637,0.27853421973260367,0.02800369819094607,0.2703902435503446,-0.2630034932821849,0.3133959105834057,-0.13278978724928886,0.3006036840928236,-0.053601178919276626,0.2877918402310434,0.005561187208598785,0.27730050336920986,-0.2536066639735671,0.3141431713636753,-0.1502498578881848,0.30326788752293876,-0.08668081392173656,0.2916341155125051,-0.037186268114136986,0.28063067579229195
-0.014063533214827414,-0.32864950747116684,0.02664686275153881,-0.38753955768626674,0.05905779786773361,-0.39137527043488185,0.09880967816037438,-0.39639969076679954,-0.09347940177574544,-0.36710768481326805,-0.1402457816816488,-0.355969802407349,-0.18170634311073747,-0.34563186013695757,0.15475149026834797,-0.37006315575503956,-0.24261383160885006,-0.2943112534373685,0.05776016178451645,-0.2779883244968586,-0.08984536235370756,-0.2547425529234072,0.4915164618501664,-0.0917145993301714,-0.4915164618501664,0.0917145993301714,0.9157059323420771,0.23494149849514626,-0.7945503342008137,0.5592584028585976,0.5157752265818932,0.23138274772580203,-0.3606420145959605,0.35803984129827293,0.3474851432962334,0.24891401399306878,-0.20548665169110084,0.3171064601018765,0.2978269719564013,0.20841170292974254,-0.1901089301035556,0.2562188465778512,0.3241025661019222,0.2012489008986189,-0.21497961878547664,0.2596559946141219,0.6091787505006184,0.2796148160517959,0.5972393181284646,0.22058652619789104,0.5300955217668015,0.19518249451490896,0.44476398296590286,0.2041101991576264,0.3693102884390503,0.2067573263841826,0.43408442494570687,0.27121076730639093,0.28952328672534344,0.27108402629689277,0.19814646113943146,0.2627737642956065,0.12894899549953878,0.2546950469497338,0.41215934304390106,0.3017241416893827,0.2636589897266741,0.29202637976686086,0.16808463345830343,0.27407373418148473,0.09765695070061962,0.25543989745485524,0.3989792732795311,0.31272511528982916,0.2651571148430146,0.30485644305012505,0.17992822345518902,0.288870155553578,0.11985543033762208,0.27001219988523306,0.390193018374233,0.31465342361270143,0.2823224438393792,0.31120000285669946,0.208755145797884,0.30156052502602554,0.1562826735497824,0.28815510797688154,-0.36654511095410075,0.41355208149257494,-0.3667444463176193,0.34886399157802067,-0.3056842723049384,0.3074874962494641,-0.21358731570962233,0.2866570672112064,-0.1384536448665508,0.26807806273592355,-0.1922532155285487,0.3424858312463512,-0.06318914705434561,0.29559774566917274,0.012679580935988468,0.2625586367246921,0.0714099986830626,0.23509595216341234,-0.1578752056293083,0.370143703854525,-0.01983506259992918,0.3157791993660522,0.05757469196309833,0.2779472321476342,0.11554589532019546,0.24852797527269796,-0.14126947024209602,0.3843729073415046,-0.021476369518886342,0.32904668307063356,0.04580521013900311,0.29152032730322675,0.0956883435613891,0.2630917045251194,-0.13396863047925311,0.3841622981852561,-0.04298668727031798,0.33848215559439043,0.009975110418373536,0.3065566726071365,0.05093136577694612,0.2803949786508435
0.11087396536514005,-0.3122934734898768,0.17025728501125245,-0.3517472680826585,0.20189471466702374,-0.3432353995317542,0.24064136610764073,-0.33312912270888156,0.051039043533485554,-0.3770984001833073,0.0032098885968569026,-0.38391648376599513,-0.03936551133034925,-0.3894479844439641,0.2818164602245595,-0.2874379944372454,-0.11529808910604808,-0.36379001069239375,0.1588055341409145,-0.23824687920974918,0.012832083139377852,-0.27105973368066155,0.4905594451271052,0.09670279621906863,-0.49055944512710503,-0.09670279621906863,0.7638281372358928,0.5577530892264871,-0.9445948969392137,0.22583406762834007,0.38739134833339756,0.41054312482344174,-0.470285486288732,0.20132661394623155,0.22191550224547935,0.363022327853215,-0.31298253533847814,0.22036994905887847,0.19046141040873432,0.3083206216594881,-0.2760934429182826,0.16944726598305748,0.21790539806780165,0.31135033150879327,-0.29930844085556246,0.16282068001014524,0.4661295691176468,0.4907839560508339,0.476688357046007,0.4319299099535927,0.4222120171900155,0.3830668253127207,0.33836505006751505,0.3611515084686906,0.272749478567873,0.33761877387106193,0.2989945923006758,0.41391287054342174,0.17066127439260703,0.36537240488929046,0.09262908808068118,0.3287460359916519,0.0341545924219193,0.2996798143146667,0.26916077202362726,0.43480259385371145,0.1444492003316589,0.3784132138754091,0.0686772765380297,0.3338849588667654,0.01267286061003784,0.29616934912829324,0.2539543223814138,0.44107039050882907,0.14127290969199896,0.39103845681758864,0.07308059695033554,0.35145467154255255,0.024956420485609993,0.31712832241178573,0.2470467558360804,0.441233195662628,0.15247271335433088,0.40132511483098166,0.09206520750447515,0.3695836871224628,0.04902151499241166,0.3412807708013303,-0.5022746874489505,0.2512558603524233,-0.47288008325837755,0.1925414164978328,-0.4007702072438302,0.17801640869475738,-0.30926589618041406,0.19193501473616006,-0.23310695811598625,0.20058864379821512,-0.3123214219720207,0.25544221274569734,-0.17908984032342956,0.2601057593232244,-0.09846200403067938,0.256942607825046,-0.03377964686097766,0.25309062037394453,-0.2889007951461048,0.2926906847490811,-0.1438486951130026,0.29446635762625467,-0.06031675931333998,0.28616898676783936,0.0013551299311018688,0.27836106192499166,-0.27884820692779977,0.3101342340557004,-0.1499039140398328,0.3049256955707888,-0.07790271353367825,0.2937160760583379,-0.0279490951363607,0.2836171731310201,-0.2731728965378335,0.31055724161400694,-0.17270707869890525,0.3049371661801284,-0.1136101226357288,0.2944053228475928,-0.0697159589768374,0.28393284001123464
-0.02370687654461442,-0.3306808554074279,0.014475930593736005,-0.39053362922538243,0.046883238332242096,-0.39543395090185574,0.0863640867023125,-0.4017667215762867,-0.10473054583383336,-0.3659429444748153,-0.15133094305768505,-0.35292987613465,-0.1926431874461187,-0.34084723043576937,0.1415586004656368,-0.3764205624394823,-0.25207002787216987,-0.28664431997798706,0.04980602862285894,-0.2821148920428794,-0.09689673676097026,-0.25344158836765507,0.48803748043352474,-0.10871714534560262,-0.48803748043352474,0.10871714534560262,0.9242568487879881,0.20393347401186823,-0.7746365742674415,0.5869913772442318,0.5190978133110156,0.21767287536002936,-0.3506419268856144,0.37774927086277454,0.3440865878251046,0.24115644045497753,-0.19896863795831551,0.3343620625972236,0.29404461088707357,0.20337827029469088,-0.18605624177030983,0.27302565014905716,0.3218442737426867,0.19473223364802683,-0.20943465687003385,0.27512674895411265,0.6276635468547798,0.25904703042721033,0.6167108391809246,0.2020738028423932,0.5507061804889454,0.17914608860580264,0.4684436567166263,0.19305247179461543,0.3955553123080315,0.19872068083553604,0.4431525295742889,0.2572847304341112,0.3126091873480066,0.26694690358400236,0.23034383331234073,0.2662788296316109,0.1654381021925716,0.2644110258667129,0.4230092228271297,0.2885368556506717,0.28909673388200985,0.29102806578177404,0.20205514439967387,0.28407448701969534,0.13618111572828073,0.2753363265018809,0.41204628869929416,0.30060376870262556,0.29363448762514277,0.30270075407077124,0.21861795288037295,0.2958526624083373,0.1632310154911481,0.28581217605338494,0.40702539251398184,0.30392698539294843,0.3096094332777714,0.3056586860836521,0.2442965481284135,0.3007362034207462,0.1955512011129869,0.292197324508319,-0.37029848790894304,0.4416126764517284,-0.3639180001450687,0.3785036230464882,-0.3025466784869585,0.3385995086229263,-0.21333841538391424,0.31550766484149234,-0.14236413785808916,0.29070583638580516,-0.19362317330720072,0.37704051926885457,-0.07185456135013397,0.32695223306208854,0.0038177632565763553,0.2918859817635242,0.06471214169014407,0.26396380472554726,-0.15660842514271245,0.39902061843233894,-0.02691395640675328,0.3429961458419518,0.05463587219326567,0.302303061666143,0.12003438090431885,0.26972994026148606,-0.1339179997337149,0.40854269706523344,-0.01661278060762305,0.35426644463446244,0.05622230622014237,0.3161108091548409,0.11330556950641148,0.28632921082585244,-0.12127753310362305,0.4055011898209134,-0.027880150405276975,0.36421503834223806,0.030661494600778397,0.3325016743489182,0.07641439613768972,0.30586183702202036
0.01576513763676041,-0.33164037224995824,0.060393830569299846,-0.3863470393691736,0.09317898531735874,-0.3873431823845209,0.1331342465975227,-0.38897461299616726,-0.06071093129566534,-0.3761718940085022,-0.10853926345908464,-0.368744278408754,-0.15107059592308783,-0.3616290437417076,0.1846216678572703,-0.35720304601990593,-0.21659186512808762,-0.31456714962042975,0.08296632287138482,-0.27472554001679295,-0.06593188475512345,-0.26358908344835835,0.4974329540915819,-0.05060095042311158,-0.4974329540915819,0.05060095042311158,0.8948620875330341,0.3115924215071905,-0.8380770386119675,0.4925396972625433,0.4940248029857216,0.27188680427406575,-0.39247389624235546,0.33692065165617235,0.32087676947177346,0.2744148499121865,-0.2391668574116256,0.3114668229555551,0.2752749762240597,0.23156773366198521,-0.21877620704510573,0.25291212214954517,0.3036176840232102,0.22599070875407376,-0.2417927110041055,0.25235777531175857,0.5936573256537943,0.33071116414939367,0.5890576661738549,0.27297555464405354,0.5273629800700841,0.24240669979292212,0.44469114065359394,0.24658278549269189,0.3704704933635078,0.24429240889567586,0.4135508732468049,0.30844424973922163,0.2819064300439121,0.30256513414638975,0.19926564031520985,0.2912944812439161,0.13376578089746216,0.28076641167025185,0.39060535713846817,0.33691720785148005,0.2546334623692968,0.3226908430967024,0.16670519721010296,0.3045958010299429,0.10016147075420044,0.2870865355102054,0.3785130837765454,0.34759101718164537,0.25743133679960434,0.334918678239506,0.18137008503168628,0.31838020643355136,0.12644857742076868,0.3006532947333862,0.37289518619008444,0.3504900970613092,0.2731312352243305,0.34028768024333145,0.2067062223999,0.32684551504305637,0.15791413020625847,0.3117112685938343,-0.4229936994521753,0.40033098901288594,-0.4145408233048095,0.33719712557418124,-0.3453206674888199,0.30333944869936585,-0.24984746603234942,0.2899973765767487,-0.17241401548175675,0.27569677375649426,-0.22571747340464343,0.34921015748469153,-0.09841748755982592,0.3119415234350029,-0.0204098550138425,0.2858225688591507,0.04229948531287112,0.2656474505445599,-0.1962523575988212,0.37657989720083346,-0.06033043659442713,0.3360540828983117,0.02418957120363333,0.30581702651956394,0.09087204452283366,0.2820326118573944,-0.18203781627752996,0.3894753034791003,-0.06028084353345068,0.3505456919204292,0.016318229868684628,0.32163093757333405,0.07726849210631673,0.298775086586892,-0.17634934981808248,0.38834348084406883,-0.07768280682154016,0.3583633710854483,-0.015865012116613234,0.334856349140078,0.03293765893735223,0.31570348105658624
0.05415531856398918,-0.3272310327181957,0.10455038802745392,-0.375951850264763,0.13726115716898024,-0.37312192786328396,0.17716582497731137,-0.3701338112972554,-0.016411564137485866,-0.3802263286942297,-0.06466499135052534,-0.37851714834028233,-0.10772706467941855,-0.3765674655720228,0.22460924479646854,-0.3328526056219629,-0.17829121669301926,-0.3375147837624388,0.1138303820482075,-0.2630265747866863,-0.03466440610733799,-0.2694789302080216,0.499934827563356,0.008072681660854114,-0.499934827563356,-0.008072681660854114,0.8495647548816047,0.41451212856401654,-0.8907224806319991,0.3862039019800032,0.45968005398242034,0.33123490589699706,-0.43214150289942044,0.29629708702033275,0.2971725827250604,0.31664206914999904,-0.276108672988867,0.2917972714639158,0.25342910213365644,0.26361993111978355,-0.2477022367678263,0.23451762004398702,0.27870333785387796,0.26091050727889437,-0.2701429792924611,0.2303421414355711,0.5943055623622058,0.40968740676817716,0.6068838002534569,0.35093656717547633,0.5501802025617007,0.31110674831661894,0.46459142540765624,0.3032579734753601,0.38937776146868047,0.2922507705435033,0.4175067820132,0.35524981793188554,0.29512165087357045,0.3345368356039316,0.21651922536046272,0.3178171283103984,0.15098089823291114,0.3043517123255922,0.38366722333991127,0.38232122287299036,0.2635078386580451,0.356206990585739,0.18213931226225621,0.33368572274088854,0.11556586465608426,0.31375510518239264,0.36874734447534757,0.3946533065654349,0.26195899304363884,0.3696161837289323,0.19018540447158455,0.3482611429612773,0.13271952622221675,0.32862866416564807,0.3653069368721009,0.39961839862401627,0.2772153987557588,0.3786190637397702,0.2180945571532452,0.3615286670440625,0.17261214852847306,0.3444208942889546,-0.5224165524705453,0.35105104578481156,-0.5050157930716904,0.29569852065255386,-0.4354394796812093,0.27678952540627866,-0.34462373075509317,0.27926840963781047,-0.2734728691245555,0.2793835385264668,-0.3311623397794058,0.3435222777173739,-0.2131078705802024,0.3275306347941368,-0.13354747285520743,0.31395476893906976,-0.06752915319708513,0.3029606055436276,-0.2986661786380273,0.36803926693718486,-0.1715193995242057,0.3507326000268081,-0.08690590366606307,0.3331085416585957,-0.02015440597482743,0.3184569199685116,-0.28040457582594347,0.378366812628916,-0.16281366578477086,0.36148607884922535,-0.08926127132100864,0.34308233664416243,-0.03164054620827966,0.32808318269041076,-0.27137139514837844,0.3750227161215914,-0.17861728408452535,0.3652469715400361,-0.11944602263145743,0.35241135922874106,-0.0736151248781304,0.3408526471244829
0.015232260574214139,-0.3323168411118466,0.05938621137538813,-0.3867640843144633,0.09228928229339531,-0.38778543252755376,0.13208557917065777,-0.3894587696007063,-0.061218665655028176,-0.3768863164856891,-0.10912336896298737,-0.3695161596006059,-0.15179711876150395,-0.3625250929857233,0.18387321211694768,-0.35785784101285456,-0.21727895742518674,-0.31518231594058704,0.08220461251598717,-0.2754103345062741,-0.0663133717489043,-0.2644475717967149,0.497437305345194,-0.050558157115467676,-0.497437305345194,0.050558157115467676,0.8889598178482288,0.3125210606326549,-0.84473555771678,0.4840692406200796,0.5070903463421212,0.27753975899281325,-0.3967856852824078,0.3511634998424911,0.35977897505810585,0.28433309057617834,-0.23902719320790994,0.3303159892221284,0.3049371086840631,0.23694457789589646,-0.21840781176931526,0.270269336810251,0.3247539238577112,0.2307560351073352,-0.24272278829515512,0.26793765206966236,0.6788043240067637,0.3302285431232746,0.6875321375077033,0.2723570825268137,0.63099136500959,0.24242690077162776,0.5472477440296856,0.24648148594783192,0.47223562155706006,0.24649645485521188,0.5190381762755952,0.30566754869884916,0.38986635574550127,0.29860612727940417,0.3072903938204092,0.2889306884994049,0.2410055213410802,0.2811441833740784,0.48347931909103703,0.3375218469250811,0.3516160119871612,0.32314417398151285,0.2670290815635163,0.30704333787278837,0.20160956001947647,0.2933750461546782,0.46377512411860744,0.3506863256402688,0.3448750661142303,0.33700801684437964,0.2701669927249319,0.3219211219567225,0.21217458593571448,0.30818920490919044,0.45406250361103256,0.35417063036936763,0.3574133839664902,0.3435923724374575,0.2960183589659944,0.3309524670927127,0.25033032894888463,0.31742186616592594,-0.5389013858254263,0.42178190584531483,-0.5264229911661822,0.3672020845733624,-0.45584974170947856,0.34335775181540407,-0.3646509915412612,0.3379129519515061,-0.2901965076246697,0.3297222099917269,-0.3576853161239235,0.39816284460152557,-0.230209551094732,0.37309088189472983,-0.14758105590391132,0.35348748642297584,-0.08028553173147543,0.3367718017607454,-0.32637238718524086,0.4170080775007627,-0.19390895072214512,0.3889763597286216,-0.10614448345588177,0.36576170527533375,-0.036381497889710464,0.34609050317555295,-0.3077940544247794,0.42377526082925443,-0.18386120706349396,0.3977074857523921,-0.10432384039086491,0.3747929760819004,-0.0384140673695465,0.3544479819526283,-0.2957808252252377,0.4191264155324765,-0.19806830771655792,0.40255240189708075,-0.13475791397185105,0.38516261616983444,-0.08459721198029012,0.36758765181477504
0.07998667790339263,-0.3228812802119143,0.13362754006882083,-0.3676395317079769,0.16598507361479878,-0.36217514239169024,0.20504342441833115,-0.3559977837234021,0.013694686743847767,-0.381689901243458,-0.034677699455359284,-0.38388531225427885,-0.07790237852328556,-0.38546207010183675,0.24974349968551354,-0.31469400782665724,-0.15143269401449005,-0.3516874994338365,0.13456216562408413,-0.25378658141941496,-0.013230949713007627,-0.2723790963605692,0.49766190939404287,0.048297245659306764,-0.49766190939404303,-0.048297245659306764,0.8088436146077242,0.4829460006718616,-0.9275134711514932,0.3067008572546803,0.44474638901378977,0.37341903175262303,-0.46145140558307635,0.2697063007907253,0.30351319305815894,0.35518000125061794,-0.3018153191638232,0.28188854877052,0.2579378580492565,0.2980297684301282,-0.2701514009517018,0.22668481678091337,0.27860611622315024,0.29504643254124047,-0.29270590755661074,0.21883358886774457,0.6053372644955213,0.4653010647589006,0.6248788033432155,0.40936136003511453,0.5771091242233272,0.3642237011529059,0.49420133675362893,0.35168669657026524,0.42109595799011074,0.33478088276641765,0.45249127085534313,0.4033739862401596,0.32177331775576723,0.37093805042412853,0.2379044659980251,0.3470284097059898,0.17279307391119603,0.328747198093324,0.4147222857144873,0.4284589612390172,0.28897002426976726,0.3895283747713639,0.20791177827249904,0.3586357589317911,0.1459550429736677,0.3331590533037805,0.3935254772256308,0.43760809381497284,0.28215788670181347,0.4028001379327906,0.21258970824872453,0.37367501870283476,0.16054633663133336,0.34789879704682886,0.38338384268750536,0.439901604319081,0.2941757924743009,0.4122987769705727,0.23626991301063194,0.38826445713197505,0.1945175176236682,0.3657416244117336,-0.5984934052982278,0.3088942229143908,-0.5755367140177587,0.25757427168283886,-0.504283041492525,0.24760726556740076,-0.4173270668207452,0.25726208519961113,-0.3448580113110903,0.2625149821967376,-0.42476668248227917,0.31991582795696155,-0.2964227572423689,0.3208255240398894,-0.21152259167245602,0.31911769206079765,-0.1433323228914221,0.31747239647784087,-0.39985822387105674,0.34719128579600345,-0.26556572265072054,0.342905865846737,-0.1755467492050187,0.33649970754243774,-0.10043443737144267,0.3322963577432329,-0.3830024065878177,0.36038910565585025,-0.25814848170887666,0.35502057461003067,-0.175505226271275,0.3458288670658174,-0.10687455136521015,0.33870589414594326,-0.36821068540346374,0.36020272664132885,-0.2655654135279667,0.35875337498198,-0.19785007089689385,0.35196938533893934,-0.14303510701110247,0.34508577032437526
0.0911869333083432,-0.32171500529047053,0.14693153064624354,-0.36400060670716045,0.1789829151768142,-0.35712126663166355,0.21696134290281233,-0.34931666533849015,0.02729000653372185,-0.3834329524927638,-0.020909489719017554,-0.3877485677854229,-0.06344614392806422,-0.3910853169309581,0.2599683057643862,-0.3058752124303579,-0.13808085564945088,-0.35983406137307383,0.14415614164309,-0.25019238073807076,-0.004051681952632499,-0.2754842092818126,0.4951029262961677,0.0698075380812959,-0.4951029262961677,-0.0698075380812959,0.7629767003584597,0.5142904959072938,-0.9495586465845364,0.2586126520778951,0.4282375672374662,0.3936668196189234,-0.5560146588206386,0.2552805273140707,0.29838962404919384,0.37082089562826887,-0.3915989935117423,0.28494096299029786,0.24812449584567936,0.3117992441232399,-0.3578604547697782,0.23275700037643407,0.2670249688079517,0.31027498152852856,-0.382179520220741,0.21860993547780116,0.6470039723652163,0.5066226240150548,0.6942494056031318,0.45978284808433545,0.6763530628012058,0.4200852812411279,0.6061025011974478,0.40354898384826526,0.5282263652962371,0.3880004100592365,0.5446844140350359,0.4433806748191708,0.42414685548183567,0.40825509391642956,0.34638521010265366,0.3870925653989676,0.28564138729463995,0.3727293728717464,0.4936923246324226,0.4597560980263433,0.3781749619968252,0.41839023554808885,0.3118054754750466,0.39088472265122853,0.26875532988946443,0.37422760149840945,0.4633353911899376,0.4659296949621323,0.36603415552319823,0.4279578874527078,0.3138233566302419,0.4033066726098625,0.27403797307217187,0.38496804302071735,0.4474915818718909,0.467415626827076,0.36746683549122955,0.4394971159825075,0.3190361027373455,0.41610381607170127,0.28802199028667713,0.39735109050933515,-0.6802506489489645,0.2913980783474492,-0.6893195559403917,0.24672582830657055,-0.6589773558296834,0.23079934437790547,-0.6069238381213226,0.23639567459910574,-0.5463079228359079,0.24789717300381656,-0.5487312792117521,0.3122424047278032,-0.4432357066891155,0.32092217603137224,-0.37577878246776875,0.3231143927314736,-0.3184827941936365,0.32604157585139715,-0.5179291307748705,0.33770741144029376,-0.3977405153156915,0.3466394087158986,-0.32336899481620884,0.34612838322289746,-0.2647083746266062,0.3442434915618534,-0.49758558444197587,0.34789091514003884,-0.38595202955473296,0.3554256650960985,-0.32004301151907805,0.3523578834809837,-0.264880549114681,0.34722522293744346,-0.48165510938595074,0.3447361316238784,-0.3960198663317054,0.352698585364808,-0.34026455003806216,0.3531467181121776,-0.2948726359471541,0.350472394661187
0.09588925362801537,-0.3214278842525085,0.1528091035823769,-0.3624888571359709,0.1847225686522786,-0.35493438861830484,0.2221057532557534,-0.3463856916221492,0.03339153433860828,-0.3844088765128749,-0.014824894087904175,-0.3897743326696223,-0.057078016298279854,-0.393934016218729,0.26421963403522014,-0.3018809095332184,-0.13222726512122315,-0.36385729131376154,0.14818977505099054,-0.24880398591668848,-0.0004570954965975232,-0.27727450280442983,0.4935462613721694,0.08007551364527368,-0.49354626137216917,-0.08007551364527368,0.7383926731055896,0.527667251305365,-0.9617705969948102,0.23421463366512743,0.4196710263954364,0.4037548065006528,-0.5922346733964627,0.24889191633388635,0.29990381951577944,0.3809987511146474,-0.4254936586181735,0.28644205381476767,0.24821231933661622,0.3191425632027566,-0.3898049897370168,0.23725960798226248,0.2655142833727622,0.31880070191725884,-0.41533627000785606,0.2206957760117905,0.6824552834741745,0.5411976352850505,0.7218551389593337,0.48753801185945245,0.6844109165706306,0.4390102803430609,0.6007785943437663,0.4180284685779994,0.5272598038712337,0.39822304750043186,0.566875102512851,0.46195643013857435,0.44783903302504435,0.42694663745692296,0.36246672921676165,0.3993876510244867,0.29524668081583505,0.3783742662472035,0.5225750485959879,0.4822028700597663,0.40714386927051593,0.44079962678076867,0.3271515616556802,0.40794496119505713,0.26472438819080013,0.3820265374446765,0.4997062307801025,0.4929529301479805,0.3974375423342232,0.4540145876825396,0.33067387067301346,0.4235835930289925,0.27914205130719333,0.39881723182806916,0.4901180883232084,0.4996925857791799,0.40831842252951633,0.4684215231440328,0.3527996623753434,0.4432618455448827,0.3130770877162958,0.42158500148645955,-0.7362418778769432,0.27043804256520165,-0.727560190751356,0.22663095083016618,-0.6838929187926286,0.21226458078748747,-0.6173153118983387,0.2238082772961314,-0.552523392994041,0.2378084836384417,-0.5781398427511381,0.29453929263919354,-0.47219453103075326,0.3074246554233546,-0.3990152815958582,0.313752336448761,-0.3374437913669161,0.31953100357960895,-0.553005475733502,0.3191424148815366,-0.4402983026110747,0.3307856023520146,-0.36343663806794263,0.3343288989251646,-0.2979590397973278,0.33652465314312263,-0.5364392440383627,0.329920106706358,-0.43454099894239895,0.34005206845456215,-0.366306255381063,0.34201607667340506,-0.3045266430887917,0.3433013799549308,-0.5247409424061169,0.3287363830013359,-0.4439192842732939,0.33851518011898707,-0.3888924852093182,0.34240404650107265,-0.3399243414919759,0.3455722156436069
-0.002983650908995549,-0.3355920078076698,0.03962039067643039,-0.391359209953946,0.07203004894597761,-0.39331677647956775,0.10988722868998799,-0.3958702394761906,-0.08100686925955201,-0.37774875827955695,-0.12851156854221846,-0.36889748046751486,-0.16967605032431649,-0.360582052387991,0.1637945303700418,-0.3654538422763069,-0.23322893687283014,-0.3093889671221413,0.06908024391076768,-0.28140562792108575,-0.08229919865339456,-0.265552653912224,0.49559159552195803,-0.06624930526428174,-0.49559159552195803,0.06624930526428174,0.8508114296908118,0.28912277170232314,-0.8564169769778358,0.4960061441861385,0.6028061451358135,0.2735994675320631,-0.5331851946886537,0.43508320603117656,0.519855686239546,0.28528721580827204,-0.3643757062074687,0.4281716207770136,0.4913171120955495,0.23244288707639785,-0.3360390001779641,0.3802142450915735,0.49323513540816527,0.22737741203280423,-0.3673834038359044,0.37384610390481243,0.8456774185925968,0.3375670422347657,0.8828678310926472,0.28007284449548886,0.8564095853604226,0.23408657684703316,0.7907106904722626,0.21795408718158088,0.7220792204369786,0.2174632170645922,0.764782092153879,0.2781845804496565,0.6558278800154517,0.26933303315047796,0.5747517352261018,0.26607281806798344,0.5064727207517155,0.26662769889209,0.7151878864228609,0.31331371259276164,0.6096845976086225,0.2943113775882427,0.5342390800303823,0.2829611867452685,0.4702296592247853,0.27588916351832116,0.6838460995678703,0.33683118373030363,0.5944605710354566,0.3141924138673674,0.5328488443177262,0.3013445844061865,0.4808797750253546,0.29196343727231855,0.6655287162743422,0.3534554593749535,0.5986147490297898,0.33084789144872845,0.5523072140265911,0.3177892215381381,0.5164475553022487,0.30704923851601273,-0.6810182958844082,0.48654817787312415,-0.693265432986328,0.4477589443593039,-0.6695209528597031,0.4206609561897003,-0.6234353134785525,0.41012489821453674,-0.5686154166585062,0.41017968052031617,-0.5300492657453914,0.46164540414898386,-0.4226348534142197,0.45057544061955784,-0.3507717012863322,0.4384872140460969,-0.2935316804742323,0.42745017463505425,-0.5051977414293245,0.4795744653657162,-0.394090200380798,0.46606569626947236,-0.317688962504553,0.44987227773392147,-0.2582227253051819,0.4343124183198608,-0.4902530896928677,0.4872670309160081,-0.38943202264974097,0.47389231023564177,-0.32440039776438007,0.4592730820405041,-0.2684092288438018,0.4449891077971643,-0.4804975186559401,0.48518438633646815,-0.4013395832556673,0.47817468163872295,-0.3486026900388637,0.4690223839430979,-0.3036661502445526,0.45938208104116046
0.09849031454537857,-0.3234715344867029,0.15707464994035628,-0.36354596007758266,0.18813888365769618,-0.3554687872700664,0.22408525971870058,-0.346359526726843,0.038086031801844625,-0.38762172231121267,-0.008982190074088205,-0.39366433016461916,-0.05011901072005606,-0.39827057622389545,0.26774386713685805,-0.30027315767493123,-0.1269440145436485,-0.368712057388494,0.15252685340328612,-0.2489454592324898,0.0021668723974474207,-0.28088226914742515,0.49192570988228135,0.08949355259913173,-0.49192570988228135,-0.08949355259913173,0.6662595411499138,0.526271529540487,-0.9629943962532481,0.20096144529300303,0.6456414122255374,0.49613258319336995,-0.8117575704952203,0.22982291157060833,0.6580310022280262,0.4931371255045127,-0.6860453337510614,0.270704489287849,0.6676386224355334,0.4431696893689689,-0.6451607955719549,0.23300294906461658,0.6309943715941079,0.4366194682861016,-0.6595936917104227,0.22179002302339237,,,,,,,,,,,,,,,,,,,,,,,,,,,,,,,,,,,,,,,,,,,-0.8689420031317648,0.24559499620315664,-0.8709735680384237,0.20149135904504575,-0.84208344682337,0.1851611990450689,-0.8044077674965562,0.19580599317448572,-0.7676320419416034,0.21460261546263718,-0.7356122515576491,0.26642542476701037,-0.6465476183583171,0.28364014251181763,-0.5833209140764974,0.292328525216609,-0.5298862419197039,0.29934350524329467,-0.7103091185900573,0.29379584300246553,-0.6046990407212057,0.31333901124443553,-0.5262055709408621,0.3222125749220082,-0.46509540230120605,0.3267867002998155,-0.6928546036358625,0.3080885114149266,-0.5933762748348591,0.3252756813787512,-0.5259930251091962,0.33064401275418087,-0.4699692029008023,0.33411748990192575,-0.6790413299984841,0.31030262052160096,-0.6037863021323819,0.3243239916870936,-0.5497909561749417,0.33015609848548205,-0.5056759281877332,0.33433666818871405
0.05473458171267368,-0.33529691178243776,0.10974898762031066,-0.3810528881180192,0.14156172066396674,-0.37650453215894597,0.17725885211790388,-0.37173546928471934,-0.011919779470366274,-0.3914743739301752,-0.05854680109313581,-0.39242074332555654,-0.09956705141799402,-0.392919484891031,0.22649797167650032,-0.3317373531802035,-0.17348520491768754,-0.35513493328086804,0.1185520586813335,-0.26686491653946504,-0.037569276754397016,-0.2826024878252484,0.49891492436896634,0.032922609889081196,-0.49891492436896634,-0.032922609889081196,0.6907226659645391,0.4475139612200738,-0.9007665206239316,0.29270113712748885,0.8380665707122144,0.44709431735147476,-0.9143297582792786,0.31927319620614963,0.8835301768586167,0.44504845435573775,-0.8746975419464111,0.34240111748316987,0.8770502511348144,0.39622329351944363,-0.8361274913208608,0.30689115934902234,0.8457250611437955,0.39745675332061614,-0.8283560195263224,0.3002379483540312,,,,,,,,,,,,,,,,,,,,,,,,,,,,,,,,,,,,,,,,,,,-0.8871092860973115,0.35930440039507544,-0.9109948423682541,0.3216817625925093,-0.9179531071784643,0.2923945392920731,-0.9165088464270649,0.27326860053956575,-0.9023790813215978,0.2671544118418628,-0.8272538870218504,0.35059513138814075,-0.7476309104158156,0.3559565856236029,-0.6953965330170224,0.3588110511990839,-0.6488778359971455,0.3634664589027733,-0.7819612228640175,0.3772091938120632,-0.6994028823526022,0.3784186721463524,-0.6436324911813219,0.37525014456534744,-0.5959262449849914,0.37274811365893346,-0.7512484245612759,0.39235134830623514,-0.6758385445626576,0.39018087608981694,-0.6269050351450873,0.3831940671791031,-0.5840968550105405,0.3765790320942136,-0.7301411814022271,0.3968714184158216,-0.6692073569399268,0.39054712185124457,-0.6282995191020866,0.3853701090804101,-0.5948189612644581,0.38152630446117997
0.09435858292735524,-0.3261680520807026,0.15457318327832645,-0.3644388595178814,0.18525788406431742,-0.355919934009681,0.21896891090247272,-0.3468849503345956,0.036327564507719394,-0.3900974300734177,-0.009088659809914143,-0.39701386169001096,-0.048955450119822684,-0.4028202383816765,0.2631337970629436,-0.3010453841098626,-0.1274371634521674,-0.3752196891338933,0.1495194939585284,-0.24985745607514548,-0.0031298155888856084,-0.2861072099889555,0.49034041355074115,0.09780735575041524,-0.49034041355074093,-0.09780735575041524,0.6155405026340425,0.5319884342962431,-0.9202245013178618,0.17437349021625062,0.7775625223003322,0.5598611748704778,-0.9455112384355898,0.1997271959140121,0.8301369457667508,0.5643942738288452,-0.9176725124291348,0.22422671934955413,0.8355404405764578,0.5162329668869838,-0.8792203930737625,0.19214700546140565,0.8015875501071225,0.5134496136692124,-0.8640771798791588,0.18832332471975646,,,,,,,,,,,,,,,,,,,,,,,,,,,,,,,,,,,,,,,,,,,-1.0064993611506676,0.21615121802641296,-1.005354268571494,0.18246619496991076,-0.982935327280029,0.16106626694348966,-0.9529007780682673,0.15447504852050484,-0.9210011733384689,0.15357162000011176,-0.897799021331462,0.22948457086119256,-0.8138983662210452,0.24778259206443468,-0.7558637629031318,0.2601401715236947,-0.7065670087519078,0.2711446898977355,-0.86841503681716,0.2573064158617813,-0.7789316463866226,0.27616214906603015,-0.7150956673287765,0.28562087295674127,-0.6594935804744491,0.2933040666819132,-0.8503098993480788,0.2719992398510109,-0.7689940583860938,0.28640939555580935,-0.7127484934152476,0.2934883134847287,-0.6642050553570361,0.298598652862654,-0.839723261417431,0.27551775350092655,-0.7773391475285226,0.28768120647214535,-0.7336378076347915,0.2938467550962463,-0.6974156482418357,0.29803153425648493
0.0031058167892100553,-0.3409485184967647,0.05041414643044958,-0.39380051993577897,0.08253375938443225,-0.3938813473186135,0.11726447419420814,-0.3942786733525477,-0.070291505762627,-0.38682577248207173,-0.11537073066511586,-0.38149341779899804,-0.15507333987748131,-0.3768065393135213,0.17193866655070095,-0.3621421433247824,-0.22354292890400015,-0.32927099352618266,0.07722668246014054,-0.28140300649080446,-0.07982870137255621,-0.2765610867452824,0.49898790533209236,-0.03179733215681534,-0.49898790533209236,0.03179733215681534,0.7337551372102145,0.3489770903087507,-0.8230862608224863,0.39803490545012893,0.9325605606189024,0.3296382916224471,-0.894526488754424,0.442305324962517,1.0301565583160053,0.31712511899452556,-0.9033822397487823,0.4586747656095283,1.0265002989670624,0.2673156106932232,-0.8654727877780535,0.4157708228519515,0.9815546575456839,0.2748644633601491,-0.8478712156688414,0.4088189394376591,0.8818834086022611,0.4016240832031007,0.9891042318311833,0.36243714891390144,1.0727943590073352,0.3103056550384316,1.1103512708608723,0.2724330717531676,1.1330638350485636,0.25488676402111354,1.0714031673251225,0.30166977699541725,1.0862430938903482,0.2573422075972532,1.0623640414425328,0.24625986608935632,1.033868392478718,0.2446600051017553,1.0122128828200696,0.3148463063179092,0.9803852748080878,0.277165551942698,0.9456775623718806,0.26365344443908917,0.9108126171506914,0.25985245756521375,0.9498117006740142,0.3331509084631141,0.9099365134410056,0.29890678438782753,0.8637290154660203,0.2832863901815693,0.8201545603104414,0.2771212439826965,0.8868707725876069,0.35057752359924965,0.8546480989113868,0.3212349649378938,0.8187474710711751,0.3107275698480685,0.7870533153611811,0.3068911288585182,-0.9568960119552282,0.4752596596971749,-0.9607099261260155,0.44013977567585333,-0.94515232988554,0.4121911983889363,-0.9199910045540213,0.39309575227802956,-0.8946245277949373,0.38102948513213514,-0.8278887693715329,0.441781918842887,-0.7482323908537988,0.4411879820912654,-0.6934137074421819,0.44063294941893505,-0.6453661957764953,0.4406281952419782,-0.8046685208205298,0.4642990251732734,-0.7206984979758171,0.4608790694691626,-0.6599821728930789,0.45535257456854267,-0.6069064240997725,0.4503202551201649,-0.7950616011240601,0.4787503348095884,-0.7185955324609321,0.47203326765993925,-0.6646564259667803,0.4650682903313372,-0.6186702329059974,0.45791649635598536,-0.7934050214452337,0.4862556397472151,-0.7314438040092581,0.4799286684370744,-0.6884762781218445,0.47319834755764845,-0.6524085214131626,0.4657430860896648
0.04323940814683865,-0.3332549842215455,0.09790740328464391,-0.3808034918713624,0.12959058268360915,-0.37734193842013575,0.16323120014090445,-0.3739450072140748,-0.023506648430478467,-0.3877056654134451,-0.06883129988081445,-0.38842336767363983,-0.10770957347043014,-0.38968598589926634,0.2132967382781285,-0.3363251432336037,-0.18073954796204392,-0.3542564658762723,0.10919774298103598,-0.26486385634035714,-0.04737387407850906,-0.27919257237127043,0.49858423310275884,0.03760003326240129,-0.498584233102759,-0.03760003326240129,0.6888740701804215,0.4466807407623808,-0.8727678214264083,0.28249242078009545,0.9367109937706556,0.4538813717714493,-0.9645528053030913,0.3104176637815336,1.038739853712629,0.4459463916294524,-0.9895170169717284,0.31423254761415675,1.027370888912494,0.39598805503874795,-0.9607550005424044,0.2803775661349415,0.9865600611528746,0.4025715545364928,-0.9275585066758447,0.2824441580251349,-1.0126594524278503,0.3231634826925014,-1.0386020134378529,0.2869200469611864,-1.0365444718504988,0.2518938064255977,-1.0154371194461045,0.22991038678378953,-0.9845802876082951,0.21359300185347227,-0.9200936673517275,0.272193033471092,-0.8528521647373961,0.2711370922948416,-0.799380907058511,0.2727406326012278,-0.7522432290880376,0.2759601222818717,-0.8872083407953872,0.3023389012252187,-0.812451465319331,0.29997321997133053,-0.751436295121456,0.2991904824368206,-0.6958056593723346,0.29922164034962406,-0.8690432074055664,0.32703278422093307,-0.7987588462227155,0.3221053540291899,-0.7419427453215734,0.3201868807556914,-0.6895231087506746,0.3190390713362055,-0.8627947673988076,0.34594271698366197,-0.80193396288353,0.3417479380067746,-0.7542801076184724,0.34002292395357814,-0.7134971018329992,0.3384686956807493,,,,,,,,,,,,,,,,,,,,,,,,,,,,,,,,,,,,,,,,,,
-0.051603152310202224,-0.32932849117441343,-0.012017605612762414,-0.3908540150573079,0.019266011237129937,-0.3965738337446694,0.052138845282952505,-0.40285264206696647,-0.1310366368638817,-0.363085593115628,-0.17487128086317008,-0.3513478313796873,-0.21208375143606453,-0.3423248614523538,0.1102147648302106,-0.3812098813594527,-0.27239659377168224,-0.28975776397328723,0.03067051054969965,-0.2818698663654481,-0.12387089615791716,-0.25207551049333654,0.490208420458102,-0.0984667685667236,-0.490208420458102,0.0984667685667236,0.7902387379127127,0.24162695393328096,-0.7656524159293705,0.5099924726455205,1.033468963777709,0.17813355372708808,-0.8417356149581914,0.5572131505780917,1.124500844484394,0.13973195778534028,-0.8675494604570568,0.5638379545333649,1.0990779032373441,0.0950856440096945,-0.8394738591492682,0.5218836476721963,1.0632988153687142,0.11456668254127406,-0.814883757566194,0.5204265056567043,-0.8798180420645312,0.5817130393044886,-0.9249617787357256,0.5574676211952104,-0.9385743600585785,0.5249983851807706,-0.932512473340282,0.4965732741916474,-0.9188605755618686,0.46731649465933045,-0.812783648783073,0.5096236740450695,-0.7405428464787431,0.490800754576663,-0.686581933646511,0.4831704753139933,-0.6364621534312526,0.47817998677010704,-0.7686994106967753,0.525681929097877,-0.7001541829841335,0.5052871042188061,-0.645891369325087,0.49272061989768157,-0.5972960454834252,0.4824515286045552,-0.7392646023472716,0.5402066281473942,-0.6745807359985919,0.5175941290186414,-0.6254630407972731,0.5020010271221184,-0.580894200956116,0.4897516762027841,-0.7223456082000376,0.551804211081849,-0.6635040920313421,0.530589318561097,-0.6201044802138,0.517651228161068,-0.5816224425292565,0.5075675052454878,,,,,,,,,,,,,,,,,,,,,,,,,,,,,,,,,,,,,,,,,,
0.08472136936422424,-0.3211613701711876,0.14586181571481377,-0.36152694099298144,0.17681167014274626,-0.354201705115754,0.20932547326765627,-0.3467641980016525,0.02538204076152361,-0.38418115944778375,-0.0195710473831613,-0.3912492505549842,-0.05683790231480451,-0.3981224617722464,0.25376906496853097,-0.30373309008831717,-0.13289562187949494,-0.3750178449684981,0.14079172405257692,-0.2443291424797801,-0.012936986884294151,-0.2797714877670005,0.4876473183170141,0.11045403088264713,-0.4876473183170141,-0.11045403088264713,0.6264861676455216,0.5434013974058879,-0.9090551245152438,0.15417433414572565,0.8696402579893577,0.5813358094658074,-0.9948853217277402,0.16505038025496205,0.9670700806851541,0.5823753005133038,-1.0148579533619375,0.15886878269998303,0.9622592407492033,0.5314015686523752,-0.9697311202469617,0.1320451331430191,0.9219443073378769,0.5355095393557506,-0.9506454216524607,0.1426438287081968,-1.0240471223622742,0.17138579620166944,-1.0684785102038843,0.13010659993152834,-1.0773933523986008,0.09137200592191777,-1.0628445981924632,0.06837307451955633,-1.0399626986188244,0.04967322090090612,-0.9618996516219823,0.1194615237804425,-0.9074557575650835,0.12798756032501155,-0.8732061847687591,0.13782662245734945,-0.8423995741291337,0.14874100142948302,-0.9168660426568634,0.15544366547140165,-0.8569255579390743,0.166290691278678,-0.8089072422463439,0.17555992177339338,-0.7666624235128671,0.18490883153637952,-0.8865096897962897,0.18441300415561007,-0.8255235609123844,0.1919853824271272,-0.7777828397305546,0.19775639941641338,-0.7345635372468439,0.2042136967375131,-0.869040455874998,0.20576869944409062,-0.8100820596785899,0.2115291500147398,-0.7675298555520887,0.21694727652724888,-0.7292924782299948,0.22315626070945982,,,,,,,,,,,,,,,,,,,,,,,,,,,,,,,,,,,,,,,,,,
-0.02277491118705842,-0.3300364526546569,0.026493696716570845,-0.3878158968340269,0.05864978509572576,-0.38984196756144135,0.09248464914044792,-0.3917321492384001,-0.09547266507424647,-0.37391701638080893,-0.13958081387512694,-0.3677284714549071,-0.17657132643517873,-0.363286201140503,0.15093870645080784,-0.36273884321587124,-0.2414508038357294,-0.31841413434820154,0.05757664695753682,-0.27355119824412016,-0.10074003367294394,-0.26174335313682334,0.49856674151754554,-0.03783126025626123,-0.49856674151754554,0.03783126025626123,0.8018003558014393,0.3221915692691146,-0.8769135135898833,0.438632902503434,0.9936403241949935,0.24884734692526853,-0.880934926592718,0.40772885336621045,1.0253489347780547,0.23049812298601552,-0.8480029429576484,0.3827226519732994,0.9959973560562689,0.17376483911002794,-0.8109957716360177,0.3268528452222957,0.9701951275357514,0.1806087705941406,-0.8021714587964043,0.3319322745160499,1.0545520973290377,0.32031669377507827,1.0843751283435823,0.2591624424373781,1.0784710944152118,0.1946085230182726,1.0482437919692387,0.15092890868461936,1.0105131116041879,0.12739888862993035,1.119759812073585,0.1762748883798202,1.0895614540955338,0.13174445148210223,1.0376827759113694,0.1108216798410422,0.9889740039930243,0.10093817396666539,1.1006971762160715,0.2036543234709801,1.0061416040769726,0.16382142089864404,0.9303692325438385,0.14263147832805245,0.8758662671220093,0.12804614436945547,1.061178957222387,0.23653061182921972,0.9540331306253981,0.20151805393479255,0.8816688071765612,0.18040150572652663,0.8358518578841131,0.16794514060586058,1.0144663964114828,0.2710979320240728,0.9186750124559665,0.24598213231412666,0.8645726159690466,0.2282491658579038,0.8327943508423512,0.21616294822834956,-0.9357473343826759,0.47805580497871036,-0.948536599399624,0.4051988833008883,-0.9080153070105754,0.33422857749433554,-0.8449767875707384,0.28718146159355834,-0.7897465754351939,0.26556808417331385,-0.890813328370902,0.3690231019044734,-0.7871301289569603,0.3295668150707993,-0.7096934832913723,0.302681017718663,-0.6499796346085487,0.2805822332140283,-0.8372814043368577,0.4026372873179346,-0.7348574243621281,0.35987608735828547,-0.6603763447956835,0.3286305180313457,-0.6001261167573277,0.3023020174963009,-0.792938170215464,0.42779093073157626,-0.7052008183909191,0.3863111267247844,-0.641139390880707,0.352032375658703,-0.5930270935830184,0.326727721309104,-0.7544539459191888,0.44743618654397066,-0.681236767625574,0.40874635073947024,-0.6310194099284703,0.3786501030884926,-0.5870486362841479,0.3540821638619108
-0.04238202669804118,-0.3276037172038616,0.00563759945017898,-0.3881595146868437,0.037726120705868435,-0.3915863973556604,0.07195058208479464,-0.3948334028626774,-0.11576779535599767,-0.3687123248690079,-0.15934910217946988,-0.36064548679171365,-0.1958516374610693,-0.35461548209800037,0.13295699441902048,-0.368161538045375,-0.25809593431005307,-0.3064750159102842,0.042081053667822915,-0.2752940710151575,-0.11586068979115122,-0.25632182436627265,0.4962268974268606,-0.06130959362213972,-0.4962268974268606,0.06130959362213972,0.8400347016258611,0.2754448525435079,-0.8727399320984125,0.4945603628451805,1.0005007692637466,0.18271107842583767,-0.8517443766411649,0.432905287945478,1.0108177894762587,0.16769706583697908,-0.7811944151227768,0.39780716376422376,0.9726262642785664,0.11127120552097333,-0.7432535297573645,0.3357506637097572,0.9524139716031371,0.11621879001801957,-0.738642013334204,0.34000121116390325,1.0590825642140858,0.25108887622375964,1.0992374055978091,0.1728364890547153,1.0829486667172064,0.10638266579061062,1.0367892835836015,0.06784449341888142,0.9793059376931713,0.05567384824941631,1.1045930407468014,0.08401894104860423,0.9900738896281305,0.06422425991137026,0.8926446234807405,0.06345410691953632,0.8033365982965066,0.06661784476552488,1.0785538115427769,0.12286288979099252,0.9086650700201351,0.10498650023488919,0.7965550118284249,0.1000848360784918,0.7075269587365707,0.09814434428588595,1.0365143209972,0.16483973024456647,0.8677396437201871,0.14634048833520108,0.7681845976748022,0.13411391563134198,0.6938829529202272,0.12975646252719533,0.9846878810497776,0.2045603628367516,0.8575756265850827,0.18809706633627085,0.7825163007087376,0.1742790993104001,0.7219682799696971,0.16508943309296842,-0.848597180183003,0.5098902479054652,-0.8955566547073452,0.4477174189586581,-0.8764334029892907,0.37429515953064035,-0.8323361939276862,0.32170523756793584,-0.7915688625335411,0.2897467705132501,-0.8172732594522923,0.3913102683146059,-0.7173075319377813,0.352439222686321,-0.6407990932671713,0.32464425158436727,-0.5749854638315901,0.3016421655036329,-0.748709840036406,0.4152850918415404,-0.6454442599535979,0.3728080713442074,-0.5676779337455148,0.3425799914020654,-0.5001758392232353,0.31582415975369815,-0.7010126610550922,0.4323952126450979,-0.6058865075201543,0.38728429716780827,-0.5351151003821176,0.3570657690588006,-0.4778952474219028,0.3336116143268722,-0.6664057293729282,0.4437989465361056,-0.5866358507947875,0.4050173038836657,-0.5293100337376636,0.3781266208993037,-0.4786826698287193,0.3544569049584791
0.011185589400202511,-0.33014556624666214,0.06902445961413328,-0.382857443451622,0.10112753677829753,-0.3813423929013649,0.13591442404600082,-0.3793806171403526,-0.05465487379632924,-0.3826685150769971,-0.09928414733199213,-0.3816102279057768,-0.1364198556826275,-0.381485557978694,0.19323129722873722,-0.3433303363460794,-0.20610604502924038,-0.344163376542183,0.08680188307069636,-0.2654427514404687,-0.07273053432734755,-0.2713909122806896,0.499698659171178,0.017356555606653345,-0.499698659171178,-0.017356555606653345,0.7959388622577268,0.41582493147844085,-0.9470508937386115,0.3694362538303722,0.9457172260243962,0.31746333838783375,-0.8105597857569065,0.27126631378444854,0.9794443018087438,0.29425794529694665,-0.6462972563561895,0.23152305552587962,0.9383443807946567,0.23113767205768396,-0.6187806914386477,0.17814143895619772,0.9257883775804322,0.23601631155619504,-0.625896839733745,0.1844573529304013,0.9902455836302442,0.40032958274650665,1.0295187019460468,0.32146467967187053,1.0010802829288983,0.24841263986154138,0.9530206731833138,0.20393194632798048,0.8997323855045332,0.1911419744424489,1.0028520907850218,0.2332036104578484,0.8421537935144554,0.19470122920972993,0.7355670438136445,0.1751878049657929,0.6497512591309187,0.16194875102535877,0.9752809015084855,0.27332525309897004,0.8010285843507264,0.23059391127282083,0.6893350424251079,0.20450347838980537,0.6019529526333238,0.1845081269201093,0.9349709241302474,0.3104439592320409,0.7696646249258932,0.271513800230905,0.6705488435966194,0.24229481482633772,0.5992020423621603,0.22559340553744928,0.8948570325634443,0.3428079324273365,0.765965685059064,0.3102907924765648,0.6890343710589563,0.2860866300248801,0.6309998199674185,0.2692476383902609,-0.8976683399846553,0.35518613014945855,-0.9299259406896122,0.28611270138788875,-0.8874512220516548,0.21806143895902386,-0.8109638689451608,0.17834189939868134,-0.7406886654109053,0.1593535542036368,-0.850113733929109,0.24803367319227942,-0.7388660358607244,0.2156646184424584,-0.6494508536161908,0.19926760734822746,-0.5732333130705061,0.18775912198745526,-0.7822191893073587,0.27969116739463795,-0.6606567028259138,0.24957040492953536,-0.5654763731045281,0.22879291411632258,-0.48871960834810346,0.21210113503003053,-0.7346372094442047,0.30314620705722467,-0.6174838605914552,0.27303750145814937,-0.5283921505954221,0.25054970083617967,-0.46188759320629974,0.23541985538027083,-0.7041333792790228,0.3177904314655376,-0.6031085934135377,0.29285236090611866,-0.5328649260171838,0.2724911156450656,-0.47560423150274617,0.2573999535256274
0.03387030529020994,-0.32723085584926065,0.09556806695146823,-0.3755948613068325,0.12764060854472514,-0.3718410620005547,0.16252144402331858,-0.3675407572479208,-0.028526344825851962,-0.38431547671803984,-0.07287950645888916,-0.3865020932581368,-0.10989341249984688,-0.38907995832469183,0.21815505325444812,-0.32649302192968627,-0.18156919844591893,-0.35687514723482106,0.1055807687430398,-0.257393173659768,-0.05334485695810107,-0.27445147885737864,0.4970092256135595,0.05460613202754652,-0.4970092256135597,-0.05460613202754652,0.8293787508936379,0.48319512826972644,-0.9775825492433151,0.30157356864272844,0.7780647050525952,0.31680407531226024,-0.6336469879725679,0.16804668694806169,0.6560856122622793,0.28324767609634477,-0.45968488622753584,0.1627857577888971,0.635238994135098,0.228129112023942,-0.41863315910537047,0.11247952308676844,0.6529393093577736,0.2369972623803634,-0.4462891369234297,0.11191185166953053,0.9078556629592538,0.45911708450447686,0.8996472421260374,0.3980965145259756,0.8533667011116863,0.3183683442177108,0.776592754066526,0.25975947857990384,0.6968468885988208,0.21601119963427148,0.8781773334132809,0.3051731415604994,0.7920767919331825,0.2343879202046532,0.7017156830926944,0.1947754542483018,0.6202648188942375,0.17044294212831412,0.8511943032462254,0.328243360658264,0.7324190934945879,0.26021504602951656,0.6254411535592908,0.22246772877329418,0.5417000966689113,0.19601487577781732,0.8258941679570087,0.3587820053699946,0.7069274350048205,0.2927289012753342,0.5994545706352603,0.2572997069427546,0.5200409670216748,0.2315247995640933,0.8085304468193457,0.3906550768397256,0.7070910559096228,0.3462439665054404,0.6295800338325918,0.3221762564065054,0.5702678253786193,0.30569336089246846,,,,,,,,,,,,,,,,,,,,,,,,,,,,,,,,,,,,,,,,,,
0.050869289361578356,-0.32446949138676034,0.11509248083747235,-0.36934683816957975,0.1470380856055658,-0.36388443485605165,0.18181395521120675,-0.3578031768659002,-0.008744983792364092,-0.38481105232265517,-0.05274534639581168,-0.3893830938308286,-0.08953519180558159,-0.3939469682398268,0.2359763030009859,-0.31307846334047246,-0.16247046003969748,-0.3654762535396822,0.11935894655681828,-0.25079691149920064,-0.03856126036012662,-0.27620070328789065,0.493206038248495,0.08214501710526409,-0.49320603824849485,-0.08214501710526409,0.821902512302009,0.5338032753874448,-0.9973931199673677,0.2482155270625458,0.7209161450100395,0.3413043923167869,-0.6111774040386695,0.12560175880652413,0.589827278604833,0.3001253209570407,-0.441882501690282,0.1324519937721534,0.5734484825725787,0.24621265275709742,-0.398144509311216,0.08518149281734395,0.5903378059516732,0.2561412489191828,-0.4258625689642874,0.08246292692077946,0.8147568523111617,0.48149193543039,0.8439791902277936,0.40103298787534897,0.8161639121494902,0.31633421575122506,0.7346797960409408,0.2532224100772516,0.6447877336392295,0.21147784541599118,0.7905143055442926,0.31461758180637667,0.6432317583896653,0.25615658162350124,0.541068635061425,0.2249922599786626,0.45212209580227825,0.202838963470328,0.7503336993919382,0.34831627481160443,0.5763373643695281,0.2901176957237388,0.462175711330195,0.2568678999369634,0.3712800940088957,0.23494756063261857,0.7170522384522098,0.3795589694370622,0.5577876931063909,0.32355963923268627,0.44648761045038754,0.2874838391074533,0.35544262050767994,0.26257808322440895,0.6913234430249503,0.4080791137760834,0.5687953611225275,0.3647596850191395,0.4866443319207683,0.33707645524997526,0.4157445793333898,0.31492333266544864,-0.6550027831778051,0.1489757146457875,-0.6574770664072692,0.0882809933933594,-0.5723776216919825,0.056266441038508086,-0.4782338249917986,0.05043417342477826,-0.4071343943892959,0.058561153296340776,-0.534744642514369,0.1048638438395329,-0.41266495080814275,0.09970352515982008,-0.33610433377139526,0.09990504844813407,-0.2747897017665472,0.10356754108572447,-0.49002726663810775,0.14523662607789845,-0.3509897598187467,0.13853253718991407,-0.26271112281555126,0.1360681182499378,-0.19319041491388586,0.13954079184067097,-0.4600395784147925,0.17487921972901077,-0.32636837545243613,0.16394737614387117,-0.24629705396826024,0.15784138162058722,-0.1833981107894758,0.15663440340823817,-0.4400738467840239,0.19258217359814,-0.3339564430742296,0.1856381430313538,-0.2668892173953974,0.18089219301071988,-0.21434637841556672,0.17828616052333673
0.038664862316196154,-0.32519986904427634,0.10155752749600229,-0.3722568585351417,0.1338749686255583,-0.3679345583475245,0.16904040419346064,-0.3630459333627976,-0.023576557743953536,-0.3832855920267087,-0.06772190264937272,-0.3862641663135908,-0.10465238538136516,-0.38945872922356295,0.22560882676912133,-0.31975899956110376,-0.17604455486126244,-0.358093360907188,0.11099435871200378,-0.2542500229547193,-0.04805948856395193,-0.27368236656718675,0.49598141320854827,0.06326482238694177,-0.49598141320854827,-0.06326482238694177,0.86275244950198,0.5070322760139178,-0.9894857985475195,0.28478646476917546,0.6457198320451069,0.2928251579527232,-0.5675858768113601,0.1421554070265148,0.4721751554726984,0.2544459400582708,-0.39329404845342,0.14775096269717167,0.44462087782771703,0.2088324676330166,-0.3597508386571851,0.09573981558947403,0.46907034165973,0.21610671953984925,-0.38498367232158803,0.09281613941155258,,,,,,,,,,,,,,,,,,,,,,,,,,,,,,,,,,,,,,,,,,,0.7853781212337881,0.42345246116845264,0.7445012101448731,0.35652763876302096,0.6670472167539762,0.28508334062778357,0.5757057378124109,0.24265719413269626,0.48013074832600283,0.21674590389401693,0.650468929145174,0.28505644557897697,0.49008562487829244,0.2352565131747971,0.36655153039474414,0.20201875530225502,0.26602550429631494,0.17763860673712595,0.6575486644506061,0.30315862413860667,0.49090699444173774,0.24989962955339737,0.36157671642880984,0.21603432750524132,0.2588101025886697,0.18739388053433625,0.6693425264796053,0.3172739148202934,0.5197295115858177,0.2635531922607528,0.38936445914462453,0.22774754662808197,0.28504668474693284,0.20408448467871418,0.6867000693298948,0.3294184464266454,0.5692346223543444,0.28211326281272936,0.46770245892297196,0.24732673597698496,0.3781388138490958,0.2225875065190082
-0.03270605962176464,-0.32334174904190865,0.019235824418613826,-0.3828402886950256,0.05192179657292223,-0.3855839870796287,0.08762754892539791,-0.3882228762794156,-0.10662735483179954,-0.36649386866428013,-0.15063522716393007,-0.3598189811702066,-0.1876428802360735,-0.3546884646071043,0.15303244257722096,-0.35850558253242626,-0.24951647776765337,-0.3081739483119114,0.05448147065752045,-0.270468839660794,-0.10579140157842518,-0.25428806133109816,0.4979893655883262,-0.04479499705253247,-0.4979893655883262,0.04479499705253247,0.956207021393762,0.31019211829720317,-0.9048763037661885,0.49209586794737525,0.5776448587690906,0.15439402877435088,-0.41965021684427334,0.24922404513995977,0.36333156463219424,0.15943563162460797,-0.2518060430350463,0.21583833356161095,0.2942918358249919,0.12666819162843349,-0.2254014707239087,0.16042142546245064,0.33325774424531623,0.12568829575993587,-0.26074915543791627,0.16601533213761038,0.7693000376143303,0.2418850199594822,0.7747681611167911,0.14382006877282583,0.6939411863769303,0.08104045486889042,0.5709282847240037,0.0728226383380681,0.469879667612386,0.07527661810142869,0.6278727650609284,0.12557139631858677,0.46692416106001716,0.117035574898322,0.3413047345042327,0.11359556285379975,0.23819256778463696,0.11247628728251476,0.5944578332186609,0.1711484698585707,0.4267605235863626,0.1647479740866477,0.2895207015365904,0.16022624311589037,0.1854954587746707,0.1588539390884625,0.5736683090991629,0.20029543203267247,0.4173708495194856,0.1893396741148592,0.2820562630690413,0.1866127419137655,0.18035400162717066,0.18576483542880834,0.5656012165034541,0.2195629258916475,0.4318143552930153,0.21746987879336183,0.32669082431180313,0.21656300216803198,0.2416836733096937,0.21846979743406741,-0.5159078847220055,0.2927820501597877,-0.507607050970303,0.2277740189254836,-0.44856625605655776,0.17823932733884373,-0.3687628074723444,0.14749614651475976,-0.3017141942390251,0.11968761948316559,-0.3753651145095146,0.21802915243751952,-0.24507922400817017,0.19003760685565593,-0.15523242222230169,0.16992665827381195,-0.08395696726745738,0.15179264829478867,-0.34502992655560016,0.2541944303292734,-0.20890592168847,0.22456249331954437,-0.11239862120088076,0.20060009577137317,-0.037262067401416216,0.18325078679109066,-0.32228191929363975,0.2795009394220665,-0.19453944724072264,0.2517242897271495,-0.10664725688784424,0.2283032764545245,-0.039409396950700275,0.21214963212023352,-0.3062852195659678,0.29387519396076506,-0.19936879631409818,0.2750385024971625,-0.12715797232455764,0.2564313192396611,-0.06860656355957524,0.24128659605699426
0.003526179313880524,-0.32138727939906847,0.062008452826039104,-0.374837849016288,0.0948359011107789,-0.3739326175565042,0.13084123083466506,-0.3725813976084498,-0.0655402663822557,-0.37251753126209125,-0.1103249475626346,-0.3707014993170648,-0.14775372800665942,-0.3695716730822176,0.1929772927375301,-0.3357004718789357,-0.21462169361562045,-0.329660329683647,0.08466503745711947,-0.25912027385234054,-0.07712307724145422,-0.2603519958075074,0.49987256567853916,0.011287961815787824,-0.49987256567853894,-0.011287961815787824,0.92314656147307,0.42180328505262393,-0.9441783982479872,0.39363745809788453,0.49507006346302007,0.23012071411232918,-0.3756888547921012,0.20397006221174663,0.2926327126683789,0.21641085903483978,-0.2126966542903,0.1875776968975806,0.2108294471695904,0.17470575735737467,-0.15710318043391738,0.13940918237125097,0.2552952379117685,0.17737242552747212,-0.22249698203809876,0.1417260203844843,0.6871886101438904,0.30767164732823826,0.6754175517221241,0.21422476143677316,0.5949752046740192,0.15586331055369773,0.489034176265284,0.13881197892824643,0.40283162858907995,0.1374055275872007,0.5117642799017484,0.21139959169791384,0.36132063464710795,0.18716769882126041,0.24790012725199742,0.1728704949956202,0.1542508526370509,0.16078052146214894,0.48843560748964404,0.2523783329186534,0.33238512918637375,0.23225214296885477,0.20953987529824394,0.21418999729191404,0.11120504363286217,0.20046013657105372,0.475217732698225,0.27815623810270906,0.3259241405954627,0.25977262731374884,0.20126806160178762,0.24548542439302742,0.10592211076474549,0.236036195418484,0.47106324177728787,0.2932222107018613,0.3381246958745682,0.28363972222768513,0.23391596379762758,0.2715364774680273,0.1501013001632661,0.26302939913168183,-0.48583642052514375,0.23470309300460968,-0.4687590485723607,0.1704074791121739,-0.40109578926257483,0.12623679937411192,-0.3123027356975197,0.10650274523909509,-0.2357604361071855,0.09739468153920855,-0.3193013155255396,0.18169079410974875,-0.19936242497422094,0.17801765036934006,-0.11708522379449131,0.17310660628789912,-0.050481417982924805,0.16779231394284175,-0.29999506021808,0.22089141313792593,-0.1808291713179919,0.21918292536602582,-0.09198703814136441,0.21334325723369724,-0.021741213196535887,0.20984043315750703,-0.2911904324485293,0.24935551317217008,-0.1775793631291446,0.24712098141203695,-0.09608262630544004,0.24053149591178097,-0.028788541455454442,0.23609676002168023,-0.2891100238439009,0.26811492141418364,-0.19624068350862175,0.269313513484059,-0.13020357083120612,0.26568427526248306,-0.07342560587521942,0.26315387477427876
0.02674502541942465,-0.31682005999798557,0.08923256333729898,-0.36587188680748656,0.12193977367346466,-0.36251368174932463,0.15788641765063122,-0.358501140302803,-0.03884043003449621,-0.37303894065707527,-0.0838334781356672,-0.37450625392405784,-0.1212179479674137,-0.37609647158884024,0.21793815724098606,-0.31683349483285855,-0.19077241415463297,-0.34064396087308485,0.10371388254676288,-0.24842090425808874,-0.0581887874028891,-0.2616078661458106,0.4978192889750474,0.046647138437187846,-0.49781928897504757,-0.046647138437187846,0.8994737456844025,0.49718525309469735,-0.9677399434376909,0.32992407528822976,0.430079156403049,0.2751203294008668,-0.40665496818721947,0.18636511052812868,0.21980130344784898,0.2481293709004184,-0.24254118090127977,0.18436430785336688,0.14904644375502552,0.19708067500536197,-0.20540801381353435,0.13431186179426688,0.19212629985340476,0.2022867517203296,-0.24798454273715678,0.13275067015939937,0.5827044866029945,0.35724719430684937,0.598288263892124,0.27833350011631663,0.5278893903906038,0.21791905620068008,0.4174526456660803,0.1947889694686012,0.32079855187844436,0.18631086782297843,0.48281046713838466,0.2758987543867256,0.3378770032076074,0.24950015022504549,0.23990622480028856,0.2256488030626088,0.16565219195989594,0.2057740865515223,0.4402655625296224,0.3172958388886911,0.29128015753190545,0.28761383807611707,0.1859224560557131,0.2623974377535893,0.11000985216013116,0.24324453898206216,0.4080440859849528,0.3404637883290726,0.26941405123842266,0.3121803499170995,0.17152403105099714,0.29139700460804885,0.10140761535389561,0.27552122077705365,0.3849869277633715,0.3506796698228198,0.2628722434009135,0.32859821991048527,0.18114009426775687,0.31199641551061674,0.12216513565309925,0.29922931759795574,-0.4516792199353196,0.21060115591602666,-0.4281542979433872,0.1479589488869173,-0.34677781647447037,0.1127199876499281,-0.2441124994720638,0.10481972361829381,-0.16493918424850898,0.10765151554253971,-0.2763467373628313,0.17436374898290605,-0.15648877773056555,0.18151241432806633,-0.07977523051555564,0.18675054215539139,-0.01922513157816371,0.19182083192250476,-0.2642312368321411,0.21565099835608154,-0.14357192430498766,0.22490367877286216,-0.05749695256543608,0.22871935807538163,0.011489750743151521,0.23330476011427123,-0.25993426568535566,0.24359119374934599,-0.14706302477747177,0.2521840587720257,-0.06762525612408089,0.25535263660743895,-0.0013557685579956822,0.25832239454038314,-0.26355537161449255,0.25982925120149913,-0.1709093495634676,0.26948011339282146,-0.11319428355059553,0.2714363709656717,-0.06611408624064377,0.27248751134098564
-0.058564745683139914,-0.3100676554857278,-0.011576938286518706,-0.3744843443545357,0.020736022458949458,-0.3801059210998974,0.05651163647752283,-0.3860090857364849,-0.13723898082882893,-0.3464984316513144,-0.18112824821415358,-0.3356708239276742,-0.2177110506999153,-0.3270905976058631,0.1261347205584271,-0.3621574257003906,-0.2752771201769716,-0.27377491648105,0.0344896757356441,-0.2649356712667007,-0.12552543109988568,-0.23358915805019984,0.49158190262902624,-0.09136319284934435,-0.49158190262902646,0.09136319284934435,1.003404400336586,0.24991286960475778,-0.8388783949348876,0.5875076538824839,0.5058203121520413,0.1560059675684088,-0.30402846609748074,0.29222636495308607,0.332638325676022,0.17784923982690254,-0.1342590020593475,0.2435186844283928,0.27564684286872126,0.1428564331258917,-0.11336656321087879,0.1884431682259227,0.3030576006146128,0.13956372195510133,-0.15339874740986603,0.1979619637362028,0.6356403417643991,0.20746398056680357,0.6179369900655479,0.13835041723054922,0.5324733816839604,0.11389957409251836,0.42998352254722605,0.13021037974823033,0.35041742779495405,0.1438446526179962,0.4953101281699311,0.17057004333433512,0.37011406787953033,0.18940203209869358,0.29777520151064674,0.1939149532105029,0.24757640450492713,0.19486189338338067,0.4790759199171224,0.21651871143322635,0.3532801450852467,0.23777881610486212,0.27086437224072557,0.24797961914855063,0.2137062386291197,0.2567492648707235,0.47151655908468315,0.24486149865737575,0.3530816756097327,0.2656612567568626,0.2750715943068674,0.27802170202786547,0.22056810595248802,0.28841230320737105,0.46800950097145727,0.259665575579962,0.3719112664894856,0.27826243746853024,0.3073147013496475,0.28832735577509583,0.26088331435414835,0.2952946229524538,-0.3315393466004009,0.3406582866391326,-0.31836669297056247,0.26594202797103506,-0.23204453401817648,0.21105929462292178,-0.1194632002543039,0.18206148748802886,-0.03416048987081527,0.16432422937671648,-0.13776150874053608,0.25419826678609386,-0.03273036999023869,0.21903671802972263,0.029888742967747677,0.1978081861117792,0.07917348809583169,0.18322699577371662,-0.12114877184517592,0.29182963249092625,-0.015776309260649112,0.2579875585620502,0.05414957352462167,0.2321382377977861,0.10467201099368731,0.2156990170690903,-0.11855784687995212,0.3185288045554805,-0.01790212232933337,0.2898105405780745,0.04576345249652445,0.2664409986047746,0.09563736158247363,0.2487329774678098,-0.12465907773208913,0.33785387451569177,-0.042175736051236326,0.32035315648692325,0.005753936501349716,0.30332035929859386,0.04565878484831118,0.28866079987287374
-0.012689440525641641,-0.3146266246034453,0.04295350166797169,-0.37215450281736795,0.0757016487044016,-0.3732045769991505,0.11198150856499114,-0.3741279270861105,-0.0858039484979635,-0.3620374304864936,-0.1309492110635831,-0.35742161643970616,-0.16850384718409636,-0.35414973361118335,0.17783067842951536,-0.34065000465732914,-0.2332579789280829,-0.30910967218317603,0.07338665530155629,-0.25663158052837043,-0.089846077424706,-0.24804430140251696,0.4994645100286384,-0.023134459618765167,-0.49946451002863823,0.023134459618765167,0.9601592380381713,0.3981508504833471,-0.9105902678622143,0.475276106692286,0.4938655518577436,0.22813874130888698,-0.3349291107532777,0.2515384607599956,0.32537688384578356,0.23334376655170638,-0.16052591574200747,0.23736533286822953,0.28228027869747513,0.18355458538138408,-0.13739941499881703,0.1778204325877694,0.3065916567995558,0.18263503252651395,-0.1770362823464021,0.18176910070033894,0.5899248917099389,0.3035705508338932,0.5854771055216713,0.23534448021641935,0.5120198632112066,0.20031201056238165,0.4103925129176236,0.20537697598064644,0.32932250068129904,0.20698742185854768,0.46134568810478793,0.2554089825584754,0.34547482795204415,0.26178142696443607,0.2756133524317127,0.25840681900746454,0.22749380695449317,0.2540343414770353,0.4390594483281328,0.29713245007692796,0.3252321305850547,0.3025200627080899,0.24906494989342096,0.302484337417403,0.19140807675404867,0.30425380413063446,0.4273859630846403,0.32288779498742926,0.3227432932108016,0.3275799671834933,0.2528207703927666,0.3291930869644384,0.20011755419616128,0.33214117305799035,0.4204809026921654,0.33770771736826255,0.334625305965105,0.34092943764997313,0.2780150408812503,0.3420312079518356,0.23637550741236787,0.3430805463803678,-0.3474792910780488,0.30672191325708303,-0.3289317938092608,0.22625709120736942,-0.23358558001503157,0.18119283590903043,-0.11225454556132484,0.17236321935098284,-0.021709495224976092,0.182278418080363,-0.1606901598205781,0.24815554616997962,-0.0159897484696647,0.23627187777149866,0.08732276968951312,0.22788150208465557,0.17015408799251358,0.21995993184142296,-0.14022391399844447,0.2913482846111351,0.001928555755347303,0.2744559210729931,0.10522706761894532,0.25742831957615403,0.18610976552357444,0.24704435719310433,-0.1308745049974442,0.3196489976306293,0.004124653948528896,0.2972635928059962,0.08363195112080798,0.2787363760558135,0.13803033403251055,0.26824852018866063,-0.1271041573784612,0.3334027486217423,-0.012900115830952462,0.31513443581822814,0.04411781887569558,0.2990030840753729,0.0798205192109666,0.2868344912803282
-0.031169331452374098,-0.31272998252294115,0.020831299877705187,-0.37381982608666225,0.05343012966746059,-0.37691219613109433,0.08959993446719455,-0.3801738822849321,-0.10731439563611707,-0.35568352191156516,-0.15220020013129046,-0.348224927831069,-0.18951690702391016,-0.3426758466548467,0.157642780946505,-0.3507848615781391,-0.2515045372830605,-0.2934523023962729,0.05849785322969325,-0.26005544083993076,-0.10412959374945474,-0.24139645540040983,0.4969844006095686,-0.05483161087135645,-0.4969844006095686,0.05483161087135645,0.9838328200594525,0.3437333900922461,-0.876214518029477,0.5354948611803804,0.5127418573058268,0.20032577635982748,-0.3167158130964215,0.27620629681015174,0.34727364427434293,0.21696622556032175,-0.14302130918946623,0.254277395395608,0.3014718715689794,0.16679542163769548,-0.12237394203496224,0.19066637683999485,0.32526916543394263,0.16619069085012383,-0.16203761964162278,0.19691641829515252,0.6044644732776095,0.2675169346174732,0.5962588648633201,0.199217982992902,0.5191640344249776,0.16934697473771823,0.42003813476970175,0.1781949215322349,0.34064810119186895,0.18551495479864444,0.4824526500644404,0.2268716807664336,0.3702171137249945,0.241787560330788,0.30187796990294596,0.2409800175104648,0.25328486650857657,0.23709223208495256,0.46670703014038567,0.2698470533657417,0.3548125427647469,0.2844927069152565,0.2756343823042986,0.29012117438507873,0.21423128480871031,0.2945904919340895,0.45840129448175804,0.2966376199512333,0.35551652023649116,0.3080113762061385,0.2812997903685553,0.3146677728506618,0.2228412875710779,0.31992818470051015,0.4542173663181731,0.3121987679943409,0.36813751038097475,0.3197022266136559,0.3068558156314202,0.3236661636949884,0.25985063833445227,0.32584196698060813,-0.3126830440242276,0.3268544964031951,-0.29947980270254637,0.24481636295168602,-0.21288586043230673,0.1957949171593301,-0.09551594406822422,0.18012104592060763,-0.007162545236682938,0.18004632258086659,-0.13082139974696902,0.2612517627771286,0.02513394820477232,0.23583314813112605,0.12916422443236922,0.2176045366591807,0.21190219639823707,0.20267525945805256,-0.10449691495103999,0.30769582969614995,0.059155134189850994,0.27879244807678066,0.17319927069763555,0.2530238554069218,0.2625548601231768,0.23341277548419043,-0.08969480964762747,0.3358897311625771,0.06164069616442828,0.30384122164988414,0.1659663747842769,0.2779253138179286,0.24194699089741672,0.2591418874022511,-0.08038613667122015,0.34667551552243875,0.04685623354499005,0.324037758716288,0.13072078446206722,0.3016950348738996,0.1933017053743079,0.2824454604587767
0.06969407577262501,-0.30708635372387877,0.13808260154772495,-0.35014907276797597,0.17019747375578526,-0.3432418846205962,0.20573382425561082,-0.33548497229947516,0.009477801353622455,-0.37157031058556833,-0.03598672020582849,-0.3779675536271754,-0.07352922929176682,-0.383972088604026,0.2616214576631003,-0.2866761306213536,-0.1482825611414824,-0.3551882513093807,0.13976741775677792,-0.2293604281489404,-0.02212018350258772,-0.26054942760206207,0.49094527067134486,0.09472455439557266,-0.4909452706713451,-0.09472455439557266,0.8404241443445725,0.6296715726705515,-0.9959306481344484,0.26153344114649096,0.398681649968955,0.3491576851517967,-0.3857412355195329,0.1895008806686186,0.23984808371157093,0.3198634034254108,-0.21013926167511648,0.231064329688839,0.21132638402455384,0.25449071465278006,-0.17703479983380696,0.16290207918928246,0.23309946512573293,0.25846062914832757,-0.21845904635977673,0.1502837598568653,0.4978593774682759,0.46185494257036236,0.5218265761733072,0.3964762394976716,0.46312459924581273,0.345353812188886,0.36329034819995776,0.32250377564017035,0.2828356257216679,0.3048776151357141,0.3975023478216681,0.38783307847512444,0.2757514368599774,0.36645174563609273,0.21427757373914133,0.34596704644933507,0.18253261750370386,0.33327900915450537,0.3573179862664434,0.42231007483769384,0.2393219128925025,0.39478703771305473,0.18455527833187893,0.3689871049077308,0.15922681323881788,0.3554391297703411,0.3345427599882643,0.4442489014007576,0.22677754923359386,0.41632273362942696,0.18290631267193122,0.3915587237444556,0.16550930419562393,0.3791636851868408,0.3209265777653665,0.45547891664295154,0.23801266156036563,0.4307616071493065,0.1994415847524035,0.4103044204358071,0.18199048453091018,0.39889421346851606,-0.39679088146456487,0.23909638154322996,-0.36527680525223105,0.1610017948267016,-0.27029826331441775,0.13890351099930257,-0.15086030370636289,0.15638029356912322,-0.06542018310844695,0.18378279649830873,-0.19299978231740353,0.23078791457075143,-0.02283074641322529,0.25514579409915494,0.0883221967735244,0.26789849811824845,0.1770508930310324,0.2784251519720509,-0.1766171137860164,0.28305540316987515,0.0020912712279866426,0.3002106947141363,0.1270229204900452,0.3083178085068108,0.22627516633233827,0.31559214190595875,-0.16616327212372653,0.3139963183737772,-0.00025894045174709214,0.3253115267470934,0.11679152280590922,0.3311075845747315,0.2058895048999075,0.33609773356867373,-0.1559870574895125,0.32524339505607547,-0.022273041704811185,0.3382666207056555,0.06922944942967445,0.3433870702429989,0.1418619087793052,0.3464529316426941
0.0052769281532587245,-0.3155301380202568,0.06295301011353342,-0.3725748981442702,0.09577824260310926,-0.37269929199929847,0.1320853861251079,-0.37281071672294736,-0.06777979675605711,-0.3658487885915497,-0.1138675085955747,-0.36227064338635595,-0.15199595618996634,-0.36009221907854333,0.1970304992213382,-0.33699997781720364,-0.2192782834645236,-0.3155171830185522,0.09063150638293642,-0.2544438855924224,-0.07478970412263473,-0.24999230664174787,0.49979532018021605,-0.014305171301152527,-0.49979532018021605,0.014305171301152527,0.9601318192475599,0.4372752445229257,-0.9149865474268185,0.4758369899540173,0.45958635733486897,0.2611535531847867,-0.3336848253153493,0.2794256090022504,0.29864387794925623,0.268955205224116,-0.15140225807052612,0.2843159669231431,0.2548931375506161,0.20934018401012025,-0.13668225151128108,0.20689840285003644,0.27707904382390575,0.20689958486102622,-0.18142161244955474,0.20095733245008457,0.5980515303306486,0.34506758552172956,0.5998586484377636,0.27697584778063705,0.5313825144119864,0.23933570938835266,0.4309729539772832,0.238116505115954,0.3487075028767764,0.23834947357296687,0.4781846093894478,0.2930735984007031,0.36661335524836053,0.29704646067503787,0.29653365924877667,0.2925815877683393,0.2523733316630528,0.2877831790278282,0.4525213435186557,0.33404982064137784,0.3411146911036239,0.3358169176824149,0.2698453537700429,0.3286513517494972,0.22410236393254662,0.3228884021486801,0.4401548479009483,0.3600796012439845,0.3390957398761756,0.3613638169293862,0.27373414583685174,0.3543610906490641,0.23100872198735964,0.34823798587716764,0.43406624540693495,0.3750813049453717,0.35395399914851644,0.37358143945542055,0.29711143360498365,0.36831133953582385,0.25725687915693174,0.3623546082126507,-0.33806193293277126,0.321715386304968,-0.316977725271556,0.23813988980363657,-0.22629479443096895,0.1980808568448542,-0.10692066054028154,0.19096741778282483,-0.015811804912352147,0.19793796362842775,-0.12323112676929138,0.2721163661690272,0.03769778753507886,0.2610255666025368,0.14550850810283938,0.2483440164593636,0.23166948273593477,0.23826751282155284,-0.09386933824456835,0.318586475694478,0.08116326874882161,0.2956506010376757,0.20014432173502067,0.2765298277831686,0.2948881833301127,0.26197732101298493,-0.07705896972935916,0.34646626156119625,0.08742624957608286,0.32099768485218516,0.1983751649732604,0.3011712958714355,0.2836486978656833,0.28609261883474807,-0.06732305504104485,0.35664732799611787,0.06709802006537019,0.3388976575255186,0.155048922574579,0.32272038368616657,0.2241998092895003,0.3073544647548675
0.06203759180176525,-0.30953313905647034,0.1287346186138962,-0.3559351906748574,0.16112664953811287,-0.3504314484932222,0.19699958920796248,-0.3443285228965058,-0.0014766324172930938,-0.3717167885423251,-0.047688286947713696,-0.3761081531533992,-0.08571253163977396,-0.3805502096918583,0.25488990803317374,-0.2979324468101382,-0.1599305191490291,-0.34813370134937094,0.13570665945943328,-0.23455346626549117,-0.028301540493993693,-0.2585724145632527,0.49498597540625605,0.07063203346299243,-0.49498597540625605,-0.07063203346299243,0.8714885109382128,0.5982898692251101,-0.9801597269215816,0.3208563540831547,0.41961161393687935,0.3434636340399358,-0.3839492015287274,0.228658262244544,0.26114762846447875,0.32558872933664146,-0.20549981622843613,0.2657360714654773,0.22930734591267476,0.2584238152476914,-0.1795677329399536,0.18659842088103573,0.25057960178958366,0.25856833299192683,-0.2213216040790071,0.17110540034516147,0.530490961387906,0.4427476016819816,0.5472104188355874,0.3764744575621288,0.4850562356412335,0.3310394381653599,0.3874589017191728,0.3161889138053887,0.3100313404150974,0.30144314727966914,0.4232322702050776,0.3747671935512608,0.3129586754661219,0.3619540817096916,0.24195790672825923,0.3463066808346154,0.19618899109373214,0.3355233216527329,0.38913983950816344,0.411104198076886,0.2809857475836362,0.39396303933150206,0.20676500079881496,0.3752634863865226,0.15857542775488476,0.36431975441178743,0.3715789143756848,0.43421804555659893,0.272732966215523,0.4191107157963753,0.2074492202727896,0.4016742354057564,0.1646624271839289,0.3903940107955677,0.361856492443791,0.44681715618430573,0.28336262786471444,0.43210138171720225,0.22892385169900392,0.4187863127623758,0.19115628083178685,0.40835867851674784,-0.3921407265424151,0.26395755964710044,-0.34914303589796003,0.1864206365368173,-0.24766245103738685,0.16371507281026992,-0.12691514131328413,0.17702088877440836,-0.03741589532225614,0.20049635390277443,-0.167774333694092,0.25094729486069794,-0.0016076528683001692,0.26920589538369305,0.11059913066228283,0.27558346023053243,0.1995956439700283,0.28111615957232994,-0.14782988105925662,0.30428628367543653,0.03569443717558266,0.31104535923610244,0.16073390621528194,0.31163622515082795,0.25964247420778747,0.3126637467985292,-0.13564278240304284,0.33712693794359655,0.037390611337658884,0.33909524175000044,0.15470893018937087,0.33754270400727293,0.244320134297686,0.33678228521305337,-0.126856443634891,0.35027932385811317,0.013723512887071857,0.35374357430399533,0.10789948418563435,0.3512186757415601,0.18234192246861983,0.3470844771135168
0.0365358946001997,-0.31359228145962564,0.09885452539998359,-0.36551041447809085,0.13123952833332667,-0.36279544877594244,0.167826219153328,-0.3597364868393194,-0.03185946277863183,-0.3701737034487703,-0.07879669058376755,-0.3706365725368653,-0.11709622315898038,-0.37180814086938424,0.2291639782563848,-0.31848582954420646,-0.1883805446172443,-0.33321193351058137,0.11559809403809099,-0.24517630467121965,-0.049405661481280755,-0.25516837959496075,0.49921582398787745,0.02799216104741664,-0.49921582398787745,-0.02799216104741664,0.9167403093655239,0.5223545718423283,-0.9431162046461455,0.40715289797793686,0.45281449495219517,0.31036188251254715,-0.35996589768218495,0.27062576540291444,0.2950915274970943,0.3068899457578275,-0.18205086174754065,0.29231798927396324,0.2575261545280827,0.24379705005989927,-0.16322475944811218,0.21116078911111197,0.27932372695378704,0.24178946307141516,-0.20633531503663083,0.19808163347875307,0.5810961633218243,0.4028848145512216,0.586491891310055,0.33629877089075966,0.5255446187812243,0.29282147935465574,0.4319067081907384,0.2851704392853461,0.35614381731452877,0.27991005303761135,0.46842433390816113,0.3414572078961508,0.37128882692174897,0.33561865890913356,0.30342224291005404,0.3279291265971037,0.2542273110256199,0.32150205531528053,0.44390270150234384,0.38005023663477094,0.34448399262168344,0.3707545531137409,0.27706168589101543,0.35663895575445925,0.23002727885216184,0.3449826738516545,0.4334033115945337,0.4051827430043911,0.34147610698453534,0.3969794314201563,0.28004311378478486,0.3829119340467312,0.23775222914217542,0.3700870599761154,0.4298474769656278,0.42131720153084545,0.353567643706849,0.41314910832649926,0.29875577879051857,0.4017899780798797,0.2588708508719583,0.3898762244812815,-0.3564715789361739,0.29892429104019314,-0.31923409660736013,0.2188946230200502,-0.2240608076950067,0.18929125297424812,-0.10449903314917817,0.19389870839880102,-0.010484464409907886,0.2045253861313989,-0.14234258113791906,0.2712036696742613,0.02491037076077422,0.27298826479586424,0.13447914512012485,0.2691537773861451,0.22305650338072816,0.26638787782369894,-0.1152162788031493,0.3219171165584776,0.06804323439479393,0.3120678488931702,0.19134421009155986,0.30228237032180116,0.2900572782953882,0.2951467503732118,-0.09817460224284064,0.35322936152463685,0.0749523575273075,0.34072064705696686,0.19011164486155252,0.3295991072518707,0.2780017979017641,0.32149204781788887,-0.08671034946950872,0.3653388100447966,0.05248575181457612,0.3580300194360948,0.14560480308180376,0.349032147810855,0.21822299963818823,0.33960007907383405
-0.004462318984249206,-0.3157311390196971,0.050381458242666356,-0.3754764756378894,0.08260803083331422,-0.3771035773574115,0.11955826518717774,-0.3789779265291863,-0.07984230507123438,-0.3628575518908026,-0.1267892825311125,-0.35713770824506175,-0.16495364317257002,-0.3534033100627066,0.18552768789820498,-0.3464475592205364,-0.230542097725654,-0.3059709621851523,0.08239776279360868,-0.2583527380706314,-0.08230120597071165,-0.24643809591127527,0.4985227757340274,-0.03840627649799531,-0.49852277573402765,0.03840627649799531,0.9774451523238653,0.39778718930389645,-0.8765251585774491,0.5306738572154097,0.500843872360492,0.255101195671182,-0.32503749983894464,0.32244518629865654,0.34475826719589375,0.2701861656568019,-0.14688506846355545,0.3193607572100321,0.30044734006029405,0.21345503643326552,-0.13860673317181088,0.23590650320659845,0.32175863456470305,0.20876701371830048,-0.18224333168931237,0.2289675176719466,0.6406623987825811,0.32286674470216,0.6399640804060034,0.25675334477365563,0.573590694468932,0.22068980902356006,0.4781926725912445,0.22275259005164003,0.39932734626337674,0.2284462989118683,0.5289320512882009,0.2748141727124964,0.42065940532869495,0.28147892469732666,0.34267889130800755,0.2839602097854402,0.2845186289067783,0.28560103990260377,0.5086474569658224,0.31790228296645334,0.3929113853234744,0.3233422026739171,0.3068357527184543,0.32187467568538325,0.24326324788029685,0.3199106603694829,0.49895561092532337,0.3453981028709601,0.3916425714403125,0.3502294369049813,0.3125706231875718,0.3474197543868453,0.2549381946022828,0.3428590120345347,0.4948767146491417,0.3620913781591806,0.4070553664862211,0.3628122652934275,0.3419707016096786,0.36000335731119065,0.2926763608254017,0.35409438623794204,-0.31626162413433023,0.34304666697567754,-0.2922683283641211,0.25880172916203675,-0.20299034627144757,0.2169379215835445,-0.08266496784726232,0.20600985906970332,0.011515291933084067,0.20594923576646865,-0.10757916517668187,0.2909688191591635,0.05818572013217645,0.2682043150281801,0.16692789498790644,0.24875192264966076,0.2554835082395728,0.23348913546529046,-0.07174504264550403,0.33668538043426266,0.10992029266029883,0.2997612433716218,0.2311581176380159,0.2725741878202628,0.3283197505890238,0.2519015997973814,-0.05054130698383108,0.36364710569870956,0.11850496052539222,0.32521025111633045,0.2308427058536683,0.29801283291199093,0.3165371221372156,0.27787630828925125,-0.03776638537881691,0.3714011184120831,0.09327748284508501,0.34344210905579803,0.17917430467280132,0.3208889587369261,0.24629317095773234,0.30117083566717645
-0.02159796682267536,-0.3150475767550328,0.029669838054496717,-0.3778010346293731,0.06155610202659946,-0.3812739136718065,0.09849983763628196,-0.3853115985015039,-0.0996162642065217,-0.35783971301909584,-0.1464133536012332,-0.3494692053209928,-0.18432529930244526,-0.3436929375021102,0.16594979162143994,-0.35680250463964497,-0.24712318593673885,-0.29277715767741597,0.06792138318908376,-0.26265448431405736,-0.09564592692847469,-0.24141130156863336,0.495524249732534,-0.06675116423710695,-0.495524249732534,0.06675116423710695,0.998164090432846,0.3423666109294997,-0.8416904000312175,0.5803389627561181,0.5211708788737051,0.2301415014634828,-0.3080545538407234,0.34364200485220325,0.36618200970316617,0.2522257360701287,-0.13123461909596834,0.32916966400228226,0.3196631006450219,0.1986239080313137,-0.12773500144709446,0.245728379369818,0.340668424768964,0.192866531238056,-0.17106422699205623,0.2417930598284336,0.6562299291105245,0.28632615369070646,0.6532349570289571,0.22022842200326537,0.5872029344260499,0.18768614849785054,0.4923404907818714,0.19452105504151937,0.4139758752531336,0.2035667758650351,0.5439095944793716,0.24488659960335488,0.4422466821127031,0.2556940877577635,0.36727453966285273,0.26324461856475045,0.30898721217932573,0.26969345804757106,0.5228863228681954,0.2886733526331097,0.4135167493073664,0.29853760944738233,0.3315314098118978,0.3016134741039485,0.26898148092755964,0.30329933518621344,0.511966798455484,0.31660096311027275,0.41023481206440976,0.3260633513411989,0.3351857822146649,0.327705628605495,0.2781771806534287,0.3268425339313862,0.5073079923727004,0.33332287177479614,0.42341323722629487,0.339621531342071,0.36184325182998295,0.3408885923028811,0.3140980449344129,0.33814903227076604,-0.299372021974211,0.361623344611822,-0.27991853132693884,0.27492420403065304,-0.19360560319513104,0.2270882030656602,-0.07235619634158687,0.20853444969434895,0.025657445075532595,0.20298544735472723,-0.09325651503066543,0.2945438546485788,0.07311082192757752,0.26341608638037967,0.1812153712309853,0.23773876738690525,0.2696716738746031,0.21751027304408171,-0.05597759558981363,0.3385308057962444,0.12555511085689483,0.29345631794044885,0.24605310268421848,0.25972274233169207,0.3430862287241093,0.23379047770958383,-0.03407600341961425,0.3647223388056101,0.13455336357252703,0.3193676364620654,0.24620309015701614,0.28584140025594906,0.3315162226841832,0.2607891412980449,-0.02081922953994036,0.37238000822890094,0.11133976199906881,0.33906379077052523,0.197678964933689,0.3119807292510079,0.2645705441530763,0.28829656828311284
0.03764116463711198,-0.313165189295949,0.0987056618183079,-0.36595288377911206,0.13053551024173765,-0.3637982871178025,0.16803092175708026,-0.361214261249631,-0.032033033554282025,-0.3697863901866915,-0.0799022980294662,-0.37011077426229755,-0.11822790363808285,-0.3714229616317367,0.22881411588470194,-0.32135784290911057,-0.18911296754485593,-0.33301876986620815,0.11487474406798714,-0.24546476935554545,-0.04918799388670329,-0.2543833608371529,0.49937423722880875,0.025007422740967317,-0.49937423722880875,-0.025007422740967317,0.9160494211337324,0.5199717207474491,-0.9306312411825672,0.4171711473683188,0.47360699618038254,0.32123843446379574,-0.36624175551856125,0.284093902525759,0.31815188350609097,0.3144944568116282,-0.18210698045303808,0.30930792454567535,0.2814248267645168,0.25348913833172254,-0.15546861038912113,0.2265501820929053,0.30313203542435285,0.2516583249582765,-0.20346689917517646,0.21079520307760635,0.6121732426801011,0.4035738878611424,0.6260812297854714,0.33893237396246545,0.5657743635522906,0.29265752739817597,0.4706813241399171,0.2809437262614074,0.39050861288923205,0.2760244705391694,0.5143606394615982,0.3433197965767335,0.4049260610784401,0.33767825254003786,0.328053068573057,0.32579642928897484,0.270014352942562,0.31433708930051335,0.47928551437479905,0.38168886091032156,0.35611084341904353,0.3704633926857577,0.26598291542372604,0.35644201732919334,0.19626277888063406,0.3448271683170477,0.4562467610614141,0.4065494348113742,0.34362695913247876,0.39441542119137774,0.2621771249535927,0.38036749086661753,0.1992070082496606,0.36760977113064,0.442944601902842,0.421968484897083,0.35090268697413,0.41245126122441006,0.28521536793536234,0.4011458383597133,0.23291440900027302,0.38834550204231993,-0.35954375920365417,0.30407498069171457,-0.3289253832794934,0.2233163527561379,-0.23950194997716906,0.1924669132743227,-0.1180824978972289,0.19868011872211164,-0.017994863133472542,0.21000499534348788,-0.14198170043939834,0.2772471952927716,0.016300072517152615,0.2758104343099828,0.12353641540430997,0.26918605908268484,0.2108931161983598,0.2648514715891053,-0.11328591008952575,0.32521687344870415,0.06553027675066939,0.3130365708099236,0.18701704049688841,0.3009700944580369,0.2850883563288914,0.29192989426771854,-0.09681892021605053,0.355069178722166,0.07320395101585715,0.34136426270593323,0.1854583610280209,0.3292198360992548,0.27399515768811133,0.3199448519397563,-0.08680995014237104,0.36739998673531127,0.04869671312134909,0.35931885991112694,0.13813704999159415,0.3503429372554819,0.2112847380411478,0.3403484434561847
0.08962533987131457,-0.3018561765858145,0.1576103892388598,-0.34443423594528527,0.18856290843382656,-0.33730905683269136,0.22559344028279849,-0.32869237911674287,0.029612920951412682,-0.3695957823767082,-0.017941000558002462,-0.3779030991055033,-0.055567455126751736,-0.3855709386398881,0.2789126104425973,-0.279814943730262,-0.13164103016118223,-0.35978719565917083,0.15345417872600847,-0.2228074584011344,-0.005624217740979505,-0.2582690648274641,0.4883870583740147,0.10713580733245419,-0.4883870583740147,-0.10713580733245419,0.814279122885258,0.6635264202088396,-0.9845222137739397,0.2574492742945606,0.41372368680562754,0.3945802390508696,-0.4079998249849858,0.2199630028298807,0.26334802867019486,0.3633805332469387,-0.22594890563187742,0.27964727135053336,0.2356354751728757,0.2962811647367173,-0.18468793460412944,0.201087624456232,0.2564135519306032,0.29760407630841135,-0.23117925290034644,0.1760859914517476,0.5477496138208733,0.4997384355270625,0.5718683507123928,0.43927671508015204,0.521928421531693,0.3863286790544068,0.43167373508084084,0.35946336587096867,0.3536376752832354,0.34164275178868175,0.4591430388780994,0.4283326414908621,0.3371411413290452,0.3975597774450394,0.25533255475094446,0.36814758428107136,0.19175933873539297,0.34204246303326985,0.4194926313065764,0.461549387829998,0.28216068462908744,0.42614101152555145,0.18170188548168736,0.39512213282395897,0.1012876499525226,0.3683428118417059,0.3937284860279829,0.48204637523797217,0.26660882337825365,0.44800966268676556,0.17224064627230698,0.41913608812801595,0.09677386929547384,0.392789106805789,0.37945264569245524,0.49402643631980525,0.28014000709560843,0.46724550778920393,0.2065269671255441,0.4430060264480404,0.14748008574500615,0.41851455849682506,-0.4162158720784637,0.242502702992883,-0.37274083305355177,0.16619888011355585,-0.276396194360246,0.15100409221345304,-0.15539458978146703,0.17845299381589336,-0.056899279365899585,0.2049635201378118,-0.19915784066194378,0.2534650831955022,-0.038757363059748334,0.276442832586053,0.06828954751498419,0.28570107660627286,0.15688796365453972,0.2941630289617302,-0.1761712973124902,0.3065043915595042,0.003949729145144087,0.3243392982682543,0.12573740129422648,0.3312297193727857,0.22430414841977675,0.3377796017199645,-0.16535632918072554,0.3372403015273763,0.003428038210118312,0.35459380385723843,0.11713391744891496,0.36049605540305213,0.20486362722536355,0.3655069465659112,-0.15812738240730193,0.34797696561723357,-0.025052792756668392,0.3645909814012902,0.06652331421140913,0.3700002786932418,0.14057082733452889,0.3717749317826446
-0.006968987582548645,-0.31435901253522114,0.043841806070770456,-0.3759707034118975,0.07538276586382618,-0.37888769416440726,0.1135938763192272,-0.38229691184229453,-0.08543615629287866,-0.36040006687642945,-0.13353811065266857,-0.3536364196485962,-0.17176130628412806,-0.34937249623697314,0.17921535099621572,-0.3525632846643517,-0.23614222349288422,-0.3017918195461058,0.07724728060820811,-0.25888050629333037,-0.08401013917056005,-0.24366142473497357,0.4976531031377699,-0.04838790073301543,-0.4976531031377699,0.04838790073301543,0.9764160624754417,0.38086540829629545,-0.8560194130170811,0.5474516420309006,0.5151851532169935,0.247662253464502,-0.32078538485822583,0.33492299316940877,0.36368166356719406,0.26455872350281145,-0.12780034430565063,0.3363645711748708,0.31608893359233065,0.20910313309392412,-0.11303145418869012,0.24858786401782967,0.3356606944807392,0.20385965759340485,-0.16499236648485394,0.23894485590613884,0.6653334959760652,0.307936584441174,0.6715237127098054,0.24244316107300581,0.6112504560380393,0.20712728650609386,0.5203817073527758,0.2080983003025151,0.44133486848098186,0.21587151115673212,0.5615854197369522,0.266089105569198,0.4331717767507112,0.2747009883523065,0.34324872666014095,0.2701995116931139,0.2712669310355433,0.2634102351201886,0.5340987991853017,0.31039523904312033,0.39208391104219675,0.3167250388872945,0.28444552640279414,0.3148423669970472,0.19860156099197518,0.3111711680002163,0.5151802470336664,0.3378700848434365,0.3816471438370081,0.3441020435933213,0.2801260101060277,0.3434615148956321,0.19940569272442246,0.3390871279092677,0.5040205996130074,0.35360027487726675,0.39682987912218776,0.36002217233248635,0.3157657255295895,0.35910890247348615,0.2502963097671796,0.35257249718526157,-0.32268238084604506,0.3574394184804959,-0.3051662355628354,0.2719093589858908,-0.21971983650759314,0.2293233658394814,-0.09628443305635533,0.21853207283318912,0.004207652197315206,0.21437583966351995,-0.11397646400881255,0.3033407840560041,0.047881511489236445,0.2744108091644841,0.15083737765885613,0.24933317358401563,0.23620145649736454,0.23004492687830377,-0.07649947939290282,0.3463076859061266,0.10095834028209641,0.30710971842987733,0.21589363024457278,0.276175158822269,0.3084557110217899,0.2528909611291901,-0.05704612584026257,0.3715365082525853,0.10998744538462962,0.3355554194351777,0.21716421290349125,0.30665554207556656,0.29994117110908886,0.2848808229467904,-0.046048625744831394,0.3785008448679218,0.08680852586889788,0.3532669858817086,0.1734224791200152,0.3314173323211128,0.2426137925094929,0.31169552366656983
-0.014146512741241849,-0.3139748666751685,0.033854771442792676,-0.3770255632889356,0.0652711790577524,-0.3809755412741276,0.10378228305326875,-0.3855951505961946,-0.09444701012466909,-0.35797865124367767,-0.14263560385461893,-0.34987264291616793,-0.1809266171971148,-0.34450149701078303,0.1692000824939613,-0.35821515364629397,-0.2441383066830703,-0.2955293043610153,0.0702784594975635,-0.2608258343094164,-0.0893759036635383,-0.24124473673005667,0.49611917680105394,-0.062175255610609,-0.49611917680105394,0.062175255610609,0.9828477132722768,0.3536578329975869,-0.8371805060277205,0.5709614447213007,0.5224936394730892,0.23252834299683478,-0.3103206214761436,0.3432754902059367,0.36733882702833315,0.2544900800053256,-0.11996439405105082,0.3382622441373153,0.3203657273730319,0.1999774034833385,-0.10761178557336286,0.2508564153993847,0.3407137476110172,0.19401953055057156,-0.1584212592165,0.24302215834404395,0.6912376844298382,0.29396982096713636,0.6970664775795344,0.2263859200850483,0.6282589977275264,0.19249417991952525,0.5320982515082344,0.19411526549942013,0.4511331284395016,0.20302922208928653,0.582076297403629,0.25422108982015634,0.45081127426923023,0.26494495061376183,0.35996864370191417,0.2631970280761464,0.28724491333080654,0.2587407794800947,0.5536703491179465,0.3006257952060385,0.4057777292210175,0.3110807598797222,0.2973341227155012,0.3123752017178285,0.20926327099986455,0.3109839910189195,0.5323075746983554,0.3287377544576911,0.39569012679700466,0.3366805496492518,0.29529005391969243,0.3379419231741668,0.21468482206521947,0.33663096751605703,0.519014140488597,0.343481142450166,0.41473213378545976,0.34922405687794456,0.3362487580530341,0.35018649449764566,0.27090078455114747,0.347226348938252,-0.3272883854175523,0.37646086495629943,-0.31340747735305025,0.2915740005935735,-0.22811013483746573,0.24403979503239295,-0.10583290988929728,0.22869637545143098,-0.006231277268465568,0.22030720676137414,-0.12744149023168444,0.31501627842644325,0.0365271726745232,0.27885840113158433,0.13808551134191469,0.250510401367549,0.22168807726620715,0.2280982483871613,-0.08686655718562569,0.35659177940991105,0.09132029620834548,0.31128509249232156,0.20280897179791568,0.2750755702353716,0.2911013949944352,0.24779743583496386,-0.06370158065483603,0.3804494365429184,0.10333524949595481,0.33933431893728405,0.2082320641033926,0.30524043313449717,0.2868654144149212,0.2794661744231248,-0.05069718396660658,0.3863240762771944,0.08333296995765377,0.35610652820141425,0.1698136338228764,0.3295930330503871,0.23695881194309348,0.3065314004503424
-5.93827888179585e-05,-0.3143420029927398,0.048303228927403186,-0.3757507019238493,0.07990851595489777,-0.37870305264948134,0.11910943225415531,-0.3820652346426327,-0.07973605374100434,-0.36163406657517794,-0.12800341631378584,-0.3553809921160322,-0.16688870400523143,-0.351278601458864,0.18188393912278467,-0.3530740049990827,-0.23220281460809455,-0.30527149518439284,0.08041893320888117,-0.25810100537539526,-0.07764324101243578,-0.24457845680540466,0.4979894820008956,-0.04479370286635994,-0.4979894820008956,0.04479370286635994,0.957841426416934,0.3867553960840811,-0.8514847642932732,0.5420370730155633,0.5492898597780981,0.2608940142430341,-0.33836913300214916,0.33876539750702817,0.37809500575400157,0.27741688544899334,-0.15441659340172947,0.3366079607488377,0.3243668743864492,0.22399819591803855,-0.1394027663768229,0.25078761440205677,0.3484005986752509,0.21405087231588701,-0.18325518764191048,0.24173992897034755,0.7027570935977391,0.3209219439705618,0.711571973228281,0.2567825996541994,0.6588499549364137,0.22022953138567644,0.5758759296218685,0.22030962218142788,0.5026935300480612,0.22269068270815212,0.5948719748034531,0.2827602481458146,0.46138506825189446,0.2901462656004467,0.3685432438901417,0.2829982422731285,0.294731984508089,0.27339943446464143,0.5626583864657377,0.3258480042317473,0.4083726472189975,0.3274266531892247,0.3035586122484162,0.315675674870946,0.2237027163234293,0.3010443016827653,0.5382557669666777,0.35214011836785986,0.396465711736807,0.3534105748177817,0.2976689255318381,0.344605723850313,0.22652861384057713,0.3328545578611789,0.5224258832875798,0.3662000947997457,0.40894608796466003,0.3702817799897762,0.32995050679875315,0.3671959440717273,0.2686454853858105,0.35911081591855093,-0.35126565607757243,0.37314221472896647,-0.3376003681566933,0.29246579344912954,-0.25473851186778285,0.2507052653972407,-0.136669891639648,0.24037307673412128,-0.047659566605780586,0.23579149749025366,-0.17328098337866335,0.3263112074459559,-0.00760145242463214,0.2899239315242917,0.09565130249340167,0.2625656006688988,0.1809774499826831,0.2399800663521096,-0.12626707929986442,0.36705458232252547,0.056535983666685385,0.3220388475015386,0.16699729414627087,0.2880856542276715,0.2554611931402218,0.2609680031279929,-0.09722960432098152,0.3903022795217883,0.07031013659052719,0.3540456356351726,0.17452964229617593,0.32151853314321427,0.25218282145791526,0.2940187918324682,-0.07917628157529877,0.3956627064469123,0.05117983629046926,0.37104437606950835,0.13373149277672106,0.3475557481657496,0.19824192761961185,0.32548985254861384
0.07984427577593957,-0.3046988668025165,0.14060940122186083,-0.3526270694581851,0.1726126211879533,-0.3476201482835699,0.21260285638482188,-0.3410674282266802,0.013957757217100021,-0.3707544174386614,-0.03427601455205005,-0.3766414655363973,-0.07369150827894175,-0.38212637618865225,0.26414115958459616,-0.2987151127811969,-0.14865265297480382,-0.3538694018221834,0.14204792745528177,-0.230791163282211,-0.013529717847361313,-0.256219421679206,0.4941357757907024,0.07635335672857313,-0.4941357757907024,-0.07635335672857313,0.821063616640305,0.6011792303142626,-0.9500875891494281,0.3230773351538422,0.4797378822964454,0.39718205357816216,-0.4227480568981156,0.2560149088246944,0.3074559917595967,0.3723809429018572,-0.2522480612081479,0.2895359787295515,0.2612714194128028,0.3075885104893489,-0.21882175126560238,0.20926271072774424,0.28854558394156354,0.3012335255666768,-0.25187785684042113,0.19266086447655378,0.6222392818315245,0.5027627425358816,0.6490150174933631,0.44480386964082,0.6104528747786861,0.3936268410580075,0.5334379861452755,0.3740103463104648,0.4663569547917029,0.3599720111002242,0.5289599036973138,0.43840320225262164,0.4199590321579977,0.41654242997695545,0.34523662097589697,0.3907888270658464,0.28471471116536556,0.3663437717366014,0.4816572347151165,0.4696648898359504,0.35702451720903927,0.4398192393450448,0.2711613511073027,0.41072989107760943,0.2026657344533675,0.3839962721787208,0.44849851204522295,0.48787517513427653,0.3343522491785048,0.45982358289458053,0.2531361228137965,0.4315179705784105,0.19131639257935007,0.4058839638972202,0.4293788161936468,0.4993513705072793,0.3320376136256117,0.48201477337363535,0.2677853897048652,0.4647813041300627,0.218945028300275,0.44681645336278647,-0.4816088638661518,0.28406614459813617,-0.43701458183893666,0.21610376244102777,-0.3446759304751156,0.19169916602847592,-0.22539035400854843,0.20384819275033944,-0.14154728966683924,0.2229787345184244,-0.29058554380431084,0.28050769794599584,-0.10596311884591855,0.28667357596548637,-0.010237242687669455,0.28280430953486396,0.06488757317193682,0.27923446565249915,-0.2649544351053132,0.33299142200074294,-0.07491081216060154,0.33748990329821926,0.025294565190477902,0.3310982996432004,0.09762786077513,0.3234290801080724,-0.25137824624539834,0.3642393234955137,-0.07881717425183758,0.3763789508361118,0.012092775467649745,0.37118919986136345,0.07295168090786042,0.36132023828665516,-0.242676581078274,0.3748587161624984,-0.13346581528306392,0.3965169644558605,-0.07227179526639503,0.40740789837301283,-0.027363868190222677,0.4128433913932223
-0.026085015822822268,-0.31466930980605556,0.011980794999773194,-0.37967739769774544,0.044227949788967,-0.3860779059500708,0.08452333926223642,-0.39384844453992496,-0.10968575846355755,-0.3540105209780113,-0.15693143932251952,-0.3428721970439468,-0.19723979172805275,-0.3337428831955404,0.1446049251647372,-0.3716997902140872,-0.2590308098846292,-0.2807126032619571,0.05481315626838586,-0.26640624944195035,-0.09833896056365879,-0.23720391409215602,0.48966790977158026,-0.10112041406131346,-0.48966790977158026,0.10112041406131346,0.9415149771430038,0.26594483315821954,-0.757016064406321,0.6268734284189902,0.6104014670693766,0.23441650008507572,-0.29828994272757087,0.40018009173331187,0.4487354391076076,0.275168431113839,-0.126770378101503,0.3785780946991636,0.3913144171108625,0.2338098899555418,-0.11928328457130803,0.2949834197570808,0.41072557086861566,0.21602393659368127,-0.1610006481886899,0.2821017304689172,0.7918598449071211,0.26433987536323966,0.7841070129977938,0.20986303161665162,0.7225759129531982,0.18307326254784972,0.6591089427522246,0.17949170665792144,0.6104353421523294,0.17490903322321402,0.6649879274024928,0.2546675764960182,0.5695471736000888,0.2622082574218067,0.5022346519338304,0.25948591947265565,0.45043570544452727,0.25530432017551496,0.6429977705824595,0.2949468504667705,0.540259526615668,0.3050745308884144,0.46693023349405904,0.3029127623196606,0.40973908115918894,0.2985328413991279,0.6262954493675196,0.3194493310362015,0.5282905792679815,0.33152514229551255,0.46083683089201993,0.32951012669179186,0.4087894960148807,0.32349909822266554,0.6161753929441006,0.3331943285536264,0.5311572915256021,0.3473998788031234,0.47490937628448493,0.34853650106168,0.4331638630798842,0.3441365807500611,-0.37298313700822194,0.4621042838804613,-0.3684844261952398,0.3931205249003818,-0.30919407737346116,0.34682212555653175,-0.21167767933960627,0.31730218486975414,-0.1383518262053085,0.28793994017888297,-0.21647888444513436,0.3968466920251048,-0.08481543389635993,0.3492557667053099,-0.012999304773455858,0.3178729373789567,0.048332150978574455,0.29041736147675795,-0.15996006364366377,0.4278100430129111,-0.011889291720224746,0.36724470096130335,0.06932967849408934,0.3264295559577184,0.13163311737096564,0.291751272839088,-0.1264073567536987,0.44886220209031064,0.0128297869492353,0.39940076815226927,0.09144235062458371,0.36047249858701547,0.14968460078738324,0.32524475817549886,-0.1094919849048228,0.4577988761865031,-0.002961431307063975,0.4248850586751845,0.05902088674720136,0.39589806335943456,0.10519160892849232,0.36799449426836234
0.0011922347379460679,-0.3214387576224151,0.04505021006250123,-0.3821798782796569,0.07808877698363992,-0.3848696706271383,0.11880970541515756,-0.388136912777085,-0.07714379414395008,-0.3694695885208713,-0.12514214534375787,-0.3626015497526921,-0.166015662688925,-0.3566976895229386,0.17567972537700907,-0.3594118506142788,-0.23199204693269798,-0.3079039705379102,0.07637990833071341,-0.2649432513584187,-0.07787134419519846,-0.25117627324920383,0.4975985149896164,-0.04894607114088371,-0.49759851498961655,0.04894607114088371,0.8731923151093565,0.3523268669274257,-0.7768957035469588,0.5392696577147014,0.6442093412081047,0.38108035032429916,-0.3984466995810364,0.4588844727168429,0.5469613537592146,0.4201935208718374,-0.24989447932430847,0.46033551004156525,0.5053661440109839,0.3706336712606669,-0.2354178961773748,0.39667721939769823,0.5157455035593614,0.3573829454725094,-0.26848763976907813,0.3852801748163518,,,,,,,,,,,,,,,,,,,,,,,,,,,,,,,,,,,,,,,,,,,,,,,,,,,,,,,,,,,,,,,,,,,,,,,,,,,,,,,,,,,,
0.024581729631063247,-0.3243239138759861,0.07256958678896025,-0.3810195267666884,0.10577740880892221,-0.38088227259547114,0.14639746844798068,-0.3807986352044178,-0.049308177701371005,-0.37814674188641617,-0.09758759606142259,-0.37482293797536287,-0.1388049504038763,-0.37170853733608017,0.20019457813730532,-0.3476375991776413,-0.20803159494149287,-0.32700193601709326,0.09468776053670809,-0.26220718593383147,-0.059492269720906286,-0.2602226643763771,0.49991926368253614,-0.008984976299964177,-0.49991926368253614,0.008984976299964177,0.8282062978618728,0.41341468984352686,-0.7987622350161314,0.4741582735742815,0.6181024869089038,0.4377226924428484,-0.44250391177060394,0.43914613182236517,0.5181719280196455,0.4728639253357968,-0.2961727487833277,0.45012994118299265,0.48171009554574934,0.4200094996596343,-0.2792578632367941,0.38832714908646543,0.4956907020671188,0.4073558475638252,-0.3114150490026182,0.3761677933137707,,,,,,,,,,,,,,,,,,,,,,,,,,,,,,,,,,,,,,,,,,,,,,,,,,,,,,,,,,,,,,,,,,,,,,,,,,,,,,,,,,,,
-0.011140617289965857,-0.3284902488946594,0.030196922403447783,-0.3894366635225196,0.06320654347932474,-0.392634093610401,0.10334051563553741,-0.39674883212127987,-0.09013080155911586,-0.3737300408354786,-0.13754437266276084,-0.3650616478817637,-0.17792494992357266,-0.35711085894815037,0.1600860957875396,-0.3696754499311652,-0.24135476200458902,-0.30429398061817736,0.06497531158198405,-0.2746932072137042,-0.08735435773608377,-0.25576160389660835,0.49600758329064115,-0.06305931587146917,-0.496007583290641,0.06305931587146917,0.8608866140734498,0.3163414996846631,-0.7317055316832238,0.553717605279532,0.6563779453047874,0.36319582448001236,-0.3922023440587205,0.4836719700553403,0.5569638966440434,0.41257611651735304,-0.24649771188086095,0.4786644189637445,0.5134994248638517,0.3632056738801085,-0.23739245507369808,0.4143103544054929,0.5286963835488062,0.34759814465356825,-0.2698973449347202,0.4061118116736898,,,,,,,,,,,,,,,,,,,,,,,,,,,,,,,,,,,,,,,,,,,,,,,,,,,,,,,,,,,,,,,,,,,,,,,,,,,,,,,,,,,,
0.09252878448883488,-0.3278107332902434,0.1504270718306708,-0.37242197969496843,0.18448252421649294,-0.36470048428883195,0.22331177234838331,-0.3561845004678992,0.03160034510490225,-0.39465666906283503,-0.01743348282595027,-0.40076076248473497,-0.06023371196356275,-0.4052871911325515,0.2672817775378164,-0.3127697691889928,-0.13773537683466067,-0.37196719737074246,0.14712437815853227,-0.25382903304950266,-0.0038373519940511293,-0.28287035870264127,0.49214759823505494,0.08826517745672358,-0.49214759823505494,-0.08826517745672358,0.6747992738302747,0.5333662787398269,-0.8296404907944691,0.30409539825915055,0.5843765077074382,0.6376928259726302,-0.6078480634540881,0.4557119118467823,0.5919127581043443,0.6949910933909126,-0.5312581900822914,0.5232045885681235,0.5799596328969094,0.659474790135907,-0.4739227534788949,0.48222348188728315,0.5511669428447086,0.636464805368184,-0.4861553752836682,0.45683764144195066,,,,,,,,,,,,,,,,,,,,,,,,,,,,,,,,,,,,,,,,,,,,,,,,,,,,,,,,,,,,,,,,,,,,,,,,,,,,,,,,,,,,
-0.025365366788201005,-0.3479458660728509,0.014431496254755387,-0.40882613698165193,0.05132906171343594,-0.4133374319586631,0.09053709283076686,-0.4183711264184512,-0.10486456204142465,-0.38986924827291536,-0.1538753859361814,-0.3788065367022309,-0.19773773982007842,-0.36796978842803524,0.14536771811878213,-0.39181381916145713,-0.26017653843160243,-0.3082895740013537,0.049805154869437644,-0.2973811170152295,-0.10319428067113859,-0.2726717317136471,0.49180552921725484,-0.09015165795112079,-0.49180552921725484,0.09015165795112079,0.7723830310080638,0.24394981271459057,-0.6306633182613594,0.5519835661277924,0.9025331005250452,0.4381941798938212,-0.4916371610489546,0.7095467826357154,0.9841564667179026,0.49582517427939743,-0.467676227115933,0.7859454479319032,0.9633406852784072,0.48216989795158355,-0.42242130808911277,0.7395782907948607,0.918408165497143,0.4689766811427874,-0.40821563205059325,0.7127684922239158,0.874730791523634,0.4065829967132975,0.9529720774517156,0.3935004968889671,1.0259298482465928,0.4027027641216242,1.068309844903471,0.4349399175191478,1.0979069852884757,0.46436960352725115,1.0770479439667575,0.45797163382610867,1.1113633383123256,0.4878948651510495,1.1180412072073733,0.5039366244633837,1.117656855582147,0.5161016762926394,1.0401720954373508,0.48684861481445524,1.0650583069204953,0.5157309021777545,1.0630379119775657,0.5236396920450687,1.060930803608173,0.5282171880375068,0.995319291217414,0.5084811233366149,1.0150049671238321,0.5372236466971615,1.0100003879259152,0.5416231957216984,1.0073677445942293,0.542956299356871,0.943108426240555,0.5226556788888603,0.958061333081009,0.5512214962828675,0.9564536309730742,0.5552915767890104,0.9559003536022607,0.5547590396722287,,,,,,,,,,,,,,,,,,,,,,,,,,,,,,,,,,,,,,,,,,
-0.011309437829294893,-0.3552995507340838,0.03276999195007131,-0.4146562732888724,0.07102481655430543,-0.4171756807510522,0.11093481918524843,-0.42009431937095754,-0.08876050450930349,-0.4022544285606651,-0.13894778693845639,-0.3938849387198024,-0.18408214247162957,-0.3854144698651571,0.1647975849587588,-0.39014530123101504,-0.2504565008084842,-0.32933914801694686,0.06196751730617547,-0.2994059032948871,-0.09427994342915576,-0.2830367798505173,0.4958948394297913,-0.06393987978485326,-0.4958948394297913,0.06393987978485326,0.7502460843604433,0.293634874550886,-0.6356556438688626,0.5072310582229375,0.9968279825154446,0.5935329350489574,-0.6196054524780313,0.8116258142578804,1.1255235742091114,0.6843214401152696,-0.6815657570345575,0.9318761729955665,1.1073916670824862,0.6904590933121281,-0.6446545247564557,0.9321010420820077,1.0610712497139778,0.6725513862058972,-0.5969186721196625,0.8955500841478825,0.9934306945710315,0.6130392144255798,1.0738019828472685,0.6077110418531834,1.1508208943098883,0.6299039257681947,1.1858392485958036,0.6681528599779987,1.205301535705742,0.7043878610839034,1.1764167737514641,0.6880499171373438,1.22303958456675,0.722127325230611,1.2401478941123736,0.7493895189530269,1.245906736494987,0.7732215531094911,1.1358890106567534,0.7121141579264972,1.1738479676802445,0.7503834963177043,1.1883408113816336,0.7768651679168059,1.1966362932858494,0.8023314671903946,1.088514183540309,0.7286026084972822,1.1213513477746728,0.7670100308372024,1.1358821268468444,0.7926893893892716,1.1440740979387294,0.8171821328070106,1.0347265003399226,0.7376677495842794,1.059818024832691,0.7745461544103038,1.0729234540863233,0.798030428545334,1.0828348816278628,0.8190300851871692,-0.5838958108585185,0.8511695218467302,-0.6679330217828419,0.8605293540375599,-0.7438240799704152,0.8946370674275606,-0.7791324054465666,0.9340139500336776,-0.796647828477699,0.9729059432118097,-0.7683653051887029,0.9768093791431645,-0.7967783829214973,1.0287320407361116,-0.8036847307777653,1.0496622883124411,-0.8051159358443191,1.060566280257747,-0.7040176306141385,0.9899334978945377,-0.7214788489141639,1.0410989860030744,-0.7241600919031081,1.0608660241503018,-0.7204190275251321,1.071235783145303,-0.6374408265294874,0.9909511439650729,-0.6488672976309593,1.039820015629646,-0.6507116879424862,1.056406642310065,-0.6496574358931264,1.0685729516711682,-0.573226387447579,0.9824095091919665,-0.5754118764484494,1.0213783949910409,-0.5759960311331296,1.0319154880947192,-0.5740795597900421,1.03797946979923
0.05474918989196138,-0.3550804966033993,0.11064054106800662,-0.4059725179756857,0.15035212219854083,-0.4012600295993923,0.18991738676114814,-0.3965591955963522,-0.01182355550126627,-0.41676262702374234,-0.0630337552311165,-0.41820041869259894,-0.1094059362809982,-0.4185612480176774,0.23838519892051124,-0.3558881986103162,-0.18459728204424786,-0.37619246321828725,0.11644357217258577,-0.284887588808307,-0.041089361082297216,-0.2984566237983776,0.49898318057280333,0.03187139007713934,-0.49898318057280333,-0.03187139007713934,0.6774541124811332,0.447602487543573,-0.7045236554979618,0.3814051004370023,0.8996127648144701,0.8462014764798462,-0.7966480652202751,0.7633345435755846,1.008523031205062,0.9656598029307966,-0.9034535109144639,0.8814477480640732,0.9840723255553432,0.9734975618605546,-0.8662295429065949,0.8969483735120602,0.944317453496314,0.9395570161700185,-0.8110925143509042,0.8689291684612673,,,,,,,,,,,,,,,,,,,,,,,,,,,,,,,,,,,,,,,,,,,0.8340678981891033,0.8330878537635618,0.9253598705879705,0.8512785283363843,1.0047032351407186,0.8914220108164257,1.0409676640048673,0.9402434311869494,1.0541351514791413,0.9813789973383126,1.019881913766299,0.9118001041746449,1.0742157424122811,0.9648791724133543,1.093154772961996,1.0077795674518288,1.0967832863396405,1.0425388136182552,0.9781492162714432,0.9321171164235923,1.0167653489982904,0.9885869191950505,1.0298297543999586,1.032397583208874,1.0321635064771149,1.0691461931066928,0.9289792222134833,0.9468374554651988,0.9599725167589049,1.0033624679094593,0.9689622828735449,1.0445472765301969,0.9688182444582782,1.0781682163585857,0.8744581085674833,0.953911304071262,0.8965549964089246,1.004192492100025,0.9024571961618539,1.0388696782786913,0.9023728578703306,1.0669479663822172
-0.03672454983061699,-0.35918806621802396,0.005394517191307251,-0.4232222086494421,0.04587130591484159,-0.4288449007725349,0.08534163035119306,-0.43421654900526174,-0.11642916840765422,-0.40288604850252435,-0.16659592058592093,-0.3915051723862371,-0.21179989489806222,-0.3802965070160594,0.14336374656176532,-0.406743380445585,-0.2737051563661753,-0.3208859458022973,0.040990452722570174,-0.305832673822147,-0.11571285855140763,-0.2795626700831579,0.491373792162842,-0.09247592322063156,-0.491373792162842,0.09247592322063156,0.7677089055231263,0.2756065539615925,-0.5841037464967611,0.545496247404504,1.0890679002675636,0.6023014426923188,-0.5878299930378129,0.9466413982390927,1.2212420449246852,0.6916359115188895,-0.6634296000724378,1.0874420520617056,1.199099649920747,0.7054248068621574,-0.623327403319919,1.092738869626395,1.1527532105967968,0.6815673434248425,-0.5773667395001284,1.051984718865975,,,,,,,,,,,,,,,,,,,,,,,,,,,,,,,,,,,,,,,,,,,1.0316810861106491,0.6106809324993799,1.1218603857839613,0.5976166969106522,1.2120811616839833,0.6171970166368788,1.261716628911414,0.6583522657864097,1.2865923470145666,0.6951559233834551,1.2330552356580238,0.6379093257982018,1.2928490870128777,0.6789794474081986,1.3171375074847385,0.7165404069398521,1.3258299780862814,0.7495541483933642,1.193118070965409,0.6679143455694135,1.2397473362615352,0.7152092108961841,1.2567804211443943,0.7530729002200157,1.2633519439920955,0.7875169081052915,1.1446185399937696,0.6938947314007586,1.185897040527425,0.7418431931848496,1.196474435831919,0.777949396338307,1.198224981929998,0.8086811960500834,1.0888680319493769,0.7153042386202674,1.119048137302537,0.7599330920293712,1.1299885980531352,0.7914939063646339,1.1361271608347792,0.8182895832213583
0.10462752708636097,-0.3466222713103567,0.16893092116993483,-0.3895980279558702,0.2088770713189686,-0.37905554300892724,0.2474374991330567,-0.3687340211675041,0.04830598225905657,-0.418036321288905,-0.002474936110212875,-0.42700462610062206,-0.04859712482020417,-0.43423214035412755,0.2909641393842693,-0.32050468778029545,-0.12816022613648548,-0.40368823154181244,0.15576159995639915,-0.2667417464159993,0.0005355650038658676,-0.30343832498813395,0.4885484182322682,0.10639757066187532,-0.4885484182322682,-0.10639757066187532,0.597243626852348,0.5576476469162477,-0.7502899029756238,0.2764519842997134,0.7693676404193429,0.9804083325391256,-0.9114540229923651,0.643518884719696,0.8549983209287162,1.1134596904464675,-1.0358318266004283,0.744214753910935,0.8296684162138301,1.1175504278918151,-1.0008513315884737,0.7648754621654251,0.7965928141069977,1.0775760522041442,-0.9414623623386558,0.745242458074806,0.7092733174478187,0.9679097793823802,0.791460085089466,0.9895219358031546,0.8673096237401429,1.042020492812106,0.8977023280292662,1.0999137722065377,0.9082390294366156,1.1452248107094944,0.8858489664999413,1.068670251484249,0.9280428118352053,1.128499964162344,0.935229647302875,1.1734510295687814,0.929164741891866,1.2083843734659885,0.8401217566410734,1.0809075476371934,0.8656150631466283,1.142439759267959,0.8658785027281177,1.1850677243953573,0.8578869158225226,1.2208459507064868,0.7866474679961692,1.0856583666759356,0.8062630819390327,1.1458174005671264,0.8014483709700961,1.1849417249030627,0.7901201205951821,1.2160284417623812,0.7266069091459834,1.0827929144354442,0.735423627748234,1.1350375016553578,0.7325998995211864,1.1690185660832115,0.7273483605508665,1.1972425760856804,-0.8738209404030252,0.6837543703150655,-0.9533158619241144,0.6720731632713869,-1.0438036192635212,0.6836031045960043,-1.0971269101269394,0.7172473729327804,-1.1273677692390496,0.7507204535234618,-1.1099019740120002,0.7156329742949168,-1.163982821854039,0.7588688972175394,-1.175088323073828,0.792557823408117,-1.1769299667183006,0.8170599496725315,-1.069422525146741,0.7488550213450854,-1.1065616609667766,0.7924587597250217,-1.109815201299748,0.8202838359808532,-1.1058320375637933,0.841945092428578,-1.0237596700753,0.774265903439947,-1.0542220616689493,0.8162341355259963,-1.0483527119718743,0.8408218459972783,-1.0391466804205658,0.8617093215017271,-0.9711733814232397,0.7937230006552265,-0.9851410687963403,0.8318514755164615,-0.9816094877835215,0.850644485764752,-0.9737862733911365,0.8650317173957369
-0.047580810556971255,-0.3618901809329578,-0.00611260130575261,-0.4278613197747971,0.03529523863695741,-0.4348307404691097,0.07416371189770714,-0.44107482254808633,-0.1276047033081861,-0.404416763373867,-0.17740188765803255,-0.39201404009428215,-0.22291960174653508,-0.3796722855140568,0.1339596314146118,-0.4146075216062387,-0.28200178386386415,-0.31944135075515545,0.031969323252740815,-0.309471674194144,-0.12519598218321337,-0.27912107387378293,0.4893801758695111,-0.10250387049241803,-0.4893801758695111,0.10250387049241803,0.7821647884259889,0.31084940612879486,-0.5621758789684304,0.5933919650557549,1.148275798786367,0.6997035654706921,-0.5622202408001726,1.0774194351136537,1.2717502751096599,0.7997103041651817,-0.6343239502898932,1.2329061910805295,1.2414686131756105,0.8190693433797572,-0.5961939704639678,1.239052114616588,1.2015751454452046,0.796399791403534,-0.5535952547107524,1.1933540499603958,-0.5235773552565932,1.0233359004427562,-0.5237736613395786,1.1111506912486677,-0.5632276088310555,1.1816944774284326,-0.5840595237051326,1.232527067997028,-0.5866138136173593,1.2717567384512434,-0.6852857032369896,1.1765613134536452,-0.7084859965314345,1.2353280843734713,-0.709516096675138,1.2813831088482819,-0.7002417613903007,1.3188772222965612,-0.6778630433808025,1.168643705606452,-0.6900329900331817,1.232179962993599,-0.6822152888672461,1.2808717088262283,-0.6666194394838771,1.3183717676939049,-0.6555665857528942,1.160495618515265,-0.6676614846472023,1.2231797814146392,-0.6597275152367331,1.2741876243911834,-0.6442794263904877,1.31437331297455,-0.6199208297103997,1.149323066648775,-0.6370868863490377,1.2068119099160635,-0.6396032182941338,1.2475867830299383,-0.6347633066844113,1.2812647420085543,1.050651884509305,0.6149917809776028,1.1307893514621186,0.6470602288214115,1.1977893538436968,0.6966595663037307,1.2352880134882271,0.745103403242805,1.257765249199732,0.788390063252693,1.2166355775997595,0.6796385691074791,1.268288859496287,0.7326143681408464,1.2993192861888183,0.7836931445228597,1.3197264583714405,0.8234965086754089,1.1963381682894276,0.6864429266035456,1.2391066958465573,0.7521872160644779,1.2656479364211937,0.8063653339374774,1.2794374491737759,0.8492835123648997,1.166523129750867,0.6991715167023141,1.2065482790277344,0.7630931202469043,1.236956501355713,0.8134343640529689,1.2513708755267268,0.8522402596465251,1.1301720445711854,0.7123315863948527,1.1740596085592787,0.7611825310212069,1.2011444481074947,0.8000294812002017,1.2164391176240368,0.8315596383498335
0.044288141872576424,-0.36746217022215355,0.10088068489396812,-0.4206107459981847,0.14292723705504248,-0.4172175380314471,0.18136592768075802,-0.4137197131607338,-0.021545262370356866,-0.42772011977933466,-0.0724529656043364,-0.4279968888004531,-0.12081684789982275,-0.42740900201547294,0.23136125880098687,-0.3735644831687425,-0.1937807102442688,-0.38365482007154456,0.10733864940688127,-0.29782002775371713,-0.05247539498732188,-0.30689007137518026,0.4997042530574513,0.017194751417067097,-0.4997042530574511,-0.017194751417067097,0.6844868931596851,0.49642808081985745,-0.6845366085991623,0.4594285782775206,0.9422702524030219,0.9696008795244792,-0.8124474678235568,0.9433000796593545,1.0382831463679967,1.1061280200164234,-0.9039005848128154,1.0913602829728366,1.0013410872744894,1.1182930586855162,-0.8776463505054624,1.1051310857751289,0.9684684303735218,1.0816430899196692,-0.8302375333737883,1.062354127103671,0.8573366577786443,0.8799687595907881,0.9034895484795107,0.945854796038552,0.9486314200653412,1.020150199871978,0.9781996085585217,1.0841543683497743,0.9852864892826293,1.1379645381098025,0.9953452353785119,1.0034165989362935,1.0364894776365585,1.0632055553026758,1.0413052118649269,1.1222510572960078,1.036949654427869,1.1694410127562715,0.9798370881684714,1.0090668030391,0.9910303489462082,1.0745730456374791,0.9817265210291454,1.1346710759834089,0.9644720660827628,1.1808463444692392,0.9542444302913775,1.0139685051271443,0.9572379617386848,1.0755091194218551,0.9536040227793323,1.1311685403891727,0.9403057832204276,1.172149884412453,0.9236136355516628,1.0109682388714065,0.9315149541546377,1.0671257569995714,0.9300532093318876,1.112114972806319,0.9216875686391474,1.145983570383852,-0.7792953692979617,0.9145243132766593,-0.8257759169618124,0.9759224189410638,-0.8890358606301155,1.0309333927570856,-0.9409531963604445,1.075129341555027,-0.9668234905509182,1.115383198040258,-0.930873168449691,1.039510127951756,-0.9713970439854701,1.0929883528407327,-0.9718274399332985,1.1350910770819431,-0.958154748678884,1.170700518728554,-0.9053493653462152,1.0477401445161396,-0.9237100427727445,1.1033185170435211,-0.9154363066685112,1.149087424835795,-0.8933464934169086,1.1861764178555096,-0.8770361582014136,1.0522958552276682,-0.8961678371718791,1.1058133215315602,-0.8868903391324751,1.1462513833093215,-0.8661960643567991,1.1817358993957146,-0.8471972666536075,1.050208504303041,-0.8677127345882482,1.0928225831495568,-0.8656127628268789,1.125261161845561,-0.8568971644157087,1.1547139513900002
0.05885678969054578,-0.36808261518475954,0.11765480559912798,-0.4183031654994236,0.15962403527037405,-0.4132461550615357,0.19722949947207968,-0.4082065224553237,-0.003814936736742542,-0.43041250423190575,-0.054195223617961696,-0.4327798663790142,-0.1031256050199376,-0.43426973396983887,0.2448103141091799,-0.3662674874446556,-0.1778079629422721,-0.3940582579604987,0.11800421399696019,-0.29672913001621176,-0.04083305750339837,-0.3122584084704075,0.4987196676463964,0.035758818530089644,-0.4987196676463964,-0.035758818530089644,0.659656727091869,0.5355455921521163,-0.6985498702025074,0.45649898893311525,0.8827336213721229,1.0478037558335964,-0.867813033562516,0.9589496092642602,0.9467346739353233,1.1944365896462186,-0.9546729995734079,1.095498767855583,0.904521547795432,1.1967598130707626,-0.9179619844911593,1.112610806322586,0.8788427032522316,1.1482797619805165,-0.8733990929663422,1.0701551252882004,0.8103438867797876,0.9502939689942748,0.8334239565465495,1.0272608068370352,0.8605462003024399,1.1086378331622415,0.8700768606806345,1.1763327024029104,0.8679431156540908,1.230789517715968,0.9340175963606175,1.1028311629950387,0.9718616570182039,1.1591214513448085,0.9675651355397348,1.2100785913482481,0.9543728420295745,1.252242966924596,0.9120221364113406,1.108840537860544,0.9212911520082172,1.1694367204719327,0.9025953068624698,1.222352848083225,0.8758801213772697,1.2639650402693066,0.8798010931716362,1.1109971371383507,0.869482691888225,1.1703026584017893,0.846632746253571,1.217374677183029,0.8167639488565036,1.2511325145491692,0.8388731969787928,1.105909302546066,0.8277688488943975,1.162777969217882,0.8074708275149051,1.2014667582009089,0.7828290831625795,1.2310808260171795,-0.8504744636856673,0.9125303525088811,-0.8181037409633654,0.9973303100516229,-0.8424982478216368,1.0709727195237533,-0.8820925257599844,1.1297543631298441,-0.9035278638799716,1.1822101855160612,-0.9568320329742731,1.0566916275246574,-0.9781456286384995,1.1209180897346651,-0.9770656140908218,1.1640958067443044,-0.9756825897934932,1.2027698146655432,-0.9810027352448153,1.0436554788585144,-1.0008010588041085,1.1036486351310653,-1.0027694140471328,1.151328569450251,-1.0036130714420328,1.1868548227356102,-0.9867168256072911,1.0311212996513106,-1.0172260020983617,1.0840514564315944,-1.0277501471437716,1.13061951511198,-1.0386053480501238,1.1691839871450789,-0.9828105999747602,1.0202309723891405,-1.0208344125733224,1.0631466238753415,-1.0349192403843581,1.0994654400319097,-1.0508933734198627,1.1304206905364294
0.10314792843063297,-0.3573211150099223,0.16754968702982878,-0.3993692309500961,0.20833512293736853,-0.3892084869491496,0.24472250189216463,-0.379588122754978,0.04961860603574299,-0.4262606486817693,0.00043562066241064284,-0.43476356003868744,-0.048119906195517974,-0.44238264232896973,0.28645070353764956,-0.33227623170196546,-0.1278653055709871,-0.41259937770556626,0.15198620805957863,-0.2801076178979844,-0.0025433933268012923,-0.3148579013544278,0.4904155164926616,0.09743008356373263,-0.49041551649266174,-0.09743008356373263,0.5845076935265446,0.6116385595621173,-0.746189014574945,0.3660050267850435,0.723128375355899,1.1505671388589562,-0.9747632703438341,0.8460164037912727,0.7603240952587351,1.3031247933406447,-1.0685481945944226,0.9727137106754457,0.7168178173294696,1.2985183885416867,-1.034930921664405,0.9930645716526341,0.6980189944816533,1.24686933739766,-0.9884087908166238,0.9572083463324901,0.6744316065749685,1.0886966226666916,0.6774317662487241,1.1644409115199703,0.6961180249119687,1.2393153982457543,0.6985044355556654,1.300834213436963,0.6824828511152203,1.3486684665650914,0.7734211063703895,1.2675637234442545,0.7896911757482175,1.3301834151230374,0.7671927738442337,1.3742308331674475,0.7350753861764853,1.408860338109131,0.7464462114908161,1.2671401290886595,0.7332720822478455,1.3310553983028297,0.695721765836305,1.3741672140163574,0.6490074352185433,1.4081599047633302,0.7095332493011693,1.2592675249383,0.6896325112186735,1.3140112558859571,0.6494148832868913,1.3507364246725444,0.6022439065383599,1.3754069532222235,0.6739544934841727,1.244597445763326,0.6566498347116322,1.289973031210364,0.6244431576554541,1.3160735645861865,0.5853001716113856,1.3347065717577342,-0.9744272675691152,0.841893624456358,-0.9456423762999945,0.9135303719966842,-0.9754299159767312,0.9827789026784685,-1.00003049020312,1.0410092043745112,-1.012955425683254,1.0900470362455208,-1.0951875478592812,0.9795715251430742,-1.0911233079691738,1.0615326490690933,-1.0626520514913709,1.1184703617556961,-1.0341567666537879,1.1645006463021712,-1.0933103829447925,0.9759595401140942,-1.0811378757588634,1.0551354271017412,-1.0570378281482273,1.1141428362641423,-1.0241654307943906,1.1587360722375384,-1.0734423571717848,0.9775813585791041,-1.0608024724136527,1.048587200525197,-1.0406943532114947,1.1028417151365268,-1.0187539318268395,1.1496783460713755,-1.0516697935053387,0.9815789198364616,-1.0502495210350449,1.0396541955936618,-1.036639859870234,1.0831112729390424,-1.0219956529365999,1.1214256115532586
0.0017123804357136918,-0.37209889214244096,0.05195586718859949,-0.4299766306395045,0.09381692576261301,-0.4314302027019563,0.13128925258146573,-0.4321749735012393,-0.06825258417970649,-0.42344709255397806,-0.11777232611018074,-0.41806407364744347,-0.1670441264480814,-0.4119652535148468,0.18402481456954922,-0.3982698376212962,-0.23675576543017993,-0.3615027131993997,0.06907678785010898,-0.3114329527936051,-0.08872915559142672,-0.3023765671687189,0.498250666004579,-0.041788441296528596,-0.498250666004579,0.041788441296528596,0.7282258437210489,0.42149687934585334,-0.6140332806458821,0.5591355949760531,1.0025318480466874,0.9034506669916829,-0.698406931252279,1.083339612792435,1.0735816713547726,1.0448731139273455,-0.752682680990826,1.2319033261825743,1.0300351267686496,1.0518405906881507,-0.7117824178508274,1.2426677969261566,0.9987434620906266,1.0068611136559011,-0.676251998786005,1.194279113835267,0.9636680234677939,0.8895866338497234,0.9726437463787352,0.9386475992548333,1.0053535109800726,1.0030490354486379,1.015594393080474,1.0587046958742188,1.0078333458243076,1.1084728118873963,1.1162015775627412,1.0321390177999021,1.1317370148106303,1.1069235243692073,1.0977042342834578,1.1536792609389563,1.0530097049579865,1.1854202405753265,1.0849391427146275,1.0383084963789506,1.0878070532972017,1.1116285738214666,1.044488048132393,1.1565792257139764,0.9948379510905327,1.19075304967459,1.043245047165797,1.037186274325489,1.0323758325315118,1.0984431538200454,0.9940929360641214,1.136893941248815,0.9493160325346532,1.1636952164637502,1.001253701616975,1.0306107714900197,0.9901811002753917,1.0761381625587736,0.962576964388187,1.104887267480935,0.9289788900052698,1.1271276985279624,-0.7202548385272821,1.0951967965828802,-0.6641180619875824,1.1443638629732396,-0.668392596215922,1.2148433321499175,-0.6794115544967586,1.2771626817386805,-0.6819879490426476,1.3270741620817548,-0.787953424136381,1.2545370966684777,-0.7676964091145176,1.3386195712164135,-0.7133559277456711,1.376794292146161,-0.6586594026336793,1.3982720870918561,-0.7930749569964762,1.2534145262266285,-0.7576284231033754,1.3305658236886426,-0.7016091515746244,1.370452675679209,-0.639331301120974,1.3905146517189135,-0.7784642628527196,1.2482471506330597,-0.7445737258108461,1.3156953374913252,-0.6949141110924428,1.351798654045744,-0.640424290885942,1.3752081464102242,-0.7597376130354959,1.2445368723667267,-0.7409602250016457,1.2989119989251319,-0.7060351672305156,1.3278135489070724,-0.6651520371899701,1.3473971888420242
0.015093237135741157,-0.371900032844887,0.06662861830999565,-0.4275512393089798,0.10836670239243519,-0.42766843545736305,0.14531740910314747,-0.4271619145710687,-0.052474999870154075,-0.4249970474100382,-0.1019540357147048,-0.42118667569105545,-0.15200536624009167,-0.4166000487058171,0.19647429433020386,-0.39175549935076437,-0.22486302415479967,-0.3685786931169683,0.0790602193544798,-0.3091729547723673,-0.07836839390676069,-0.3050329576720163,0.4993378416427151,-0.025723916956689193,-0.49933784164271533,0.025723916956689193,0.7116850908502171,0.4470570290340933,-0.627453904007105,0.5432005388976515,0.9608947698761814,0.9378340762442441,-0.7258722825616452,1.0651303900346019,1.0241226264817271,1.0766247697878966,-0.7849486600259288,1.2077464164528238,0.9814034075237467,1.0856218538324094,-0.7445030160327248,1.2171365450020215,0.9525929841263632,1.0419163457172944,-0.7097940943968268,1.1717751973704529,0.9231278044166513,0.9312527241768638,0.9278868588406589,0.9851280467021643,0.9574573547040583,1.050350107062495,0.9661784521755212,1.1061724614494708,0.9490232166313733,1.1545211196064267,1.0589292066833296,1.0787953733904998,1.0658666983650351,1.1554603652558377,1.0235700642473737,1.1985017242674145,0.973853576198115,1.2280440786616469,1.026431294590922,1.0801981378048287,1.0246219026712033,1.1546818403838215,0.980747359538353,1.1955788847192836,0.9292445702951055,1.2266820204882891,0.9850588375519053,1.0766624135178138,0.9683552711026531,1.1378604366283265,0.9305363038800113,1.173354890910942,0.8839911295773354,1.1963985609364445,0.944192665721945,1.069678190758094,0.9296439412295354,1.1151963837686416,0.9040086418420814,1.1419368123680764,0.8702824432498749,1.1603040733228638,-0.7426888021744887,1.067940311778105,-0.6672722484512522,1.1216950836967672,-0.6586996355118796,1.1947050181382513,-0.6622191139757134,1.2586840835141142,-0.6592261833673614,1.308746382400136,-0.7989506412752988,1.2288578748346073,-0.7780295089536836,1.3103943535839933,-0.7280446759961471,1.3485303205308516,-0.6783596918707282,1.3751577528627537,-0.8195398481724763,1.2242122724110702,-0.7899972176054405,1.2998302974158578,-0.737507171774586,1.3412520979884186,-0.6796718512822185,1.3660529986288616,-0.810954915675282,1.2170215313267772,-0.782223393070079,1.2838476324734382,-0.7364162495779742,1.3212499417728159,-0.6856774167982356,1.3453808877751863,-0.7902301165368427,1.2140465148447024,-0.776580730745926,1.2694289159681298,-0.7407723155799459,1.2990312805848887,-0.6995141833199668,1.3181506593956074
0.04289300374330682,-0.37010374256573514,0.09749297881459865,-0.42195487202623433,0.13916879353020076,-0.4195160111095424,0.17545691396489468,-0.4167862734434377,-0.021728777338389765,-0.42707874639023263,-0.07171534482117212,-0.42656486691973305,-0.12217583018182904,-0.4253269004530369,0.2236998902492068,-0.3791435074255151,-0.19834929532000534,-0.38298216130895607,0.10235983296894764,-0.3033442047553471,-0.054878182241216766,-0.3093401338973339,0.4998934701667959,0.010320779263156953,-0.49989347016679575,-0.010320779263156953,0.6744634470893571,0.49717310574003293,-0.6630010879077601,0.4942209209855207,0.8845984731314287,1.0052206576276714,-0.7946369484978888,1.0120688307965595,0.93789477170688,1.1492006550986653,-0.857202795918164,1.1509694607112104,0.8937563037575965,1.1583465732148361,-0.827806770447351,1.1584140028793863,0.8656434655788774,1.1120292923751558,-0.7783426535118693,1.1175269713502343,0.8445150887488061,0.9915700992743335,0.8117872473517433,1.0462739450265481,0.8288882376111083,1.1127766762768692,0.8413013125508623,1.1735912795937977,0.8301680061969409,1.2238365332845809,0.9372907242613583,1.1457355975505135,0.9381978760784888,1.2253189913884006,0.8959302939958834,1.2673475777382417,0.8503652639467865,1.2948098850002825,0.9239856284133661,1.1443972673360228,0.9143536922777168,1.218997068569572,0.865513075484396,1.2547935909024783,0.8108995506967709,1.2810688621135817,0.8944796065198597,1.1401496281860786,0.8755278189824386,1.2001498175632082,0.8321303492752771,1.229747308472773,0.7814451339827178,1.2471377175979939,0.8611626641569647,1.1335428908608933,0.8455374512715501,1.178714807417063,0.814899557751367,1.2030144057256769,0.7769576728178815,1.2167828288422504,-0.7787452555081869,1.0083347674910477,-0.7037198365706397,1.0615566534931378,-0.6956187595142559,1.1325570129251263,-0.7050301178144662,1.196018030206885,-0.7042911545255088,1.239844647137273,-0.833558654687815,1.16449852345572,-0.8164048354867856,1.2435740920724365,-0.7709683826453739,1.2839987007482099,-0.7250744767275998,1.3144214734506492,-0.8551117942072253,1.1627090625897318,-0.8227731100540836,1.2370248671562174,-0.7720118967192293,1.2795250749128309,-0.7196487515436168,1.309423590998115,-0.8514311437545322,1.1576048966908195,-0.8169168468165577,1.2220768606404446,-0.7715522555163291,1.2588702302685335,-0.7261488723318377,1.2842397359957212,-0.8370085866359892,1.1522149449414778,-0.8163151821668042,1.203889527606299,-0.7765644730664952,1.2317468640643896,-0.7345920897354463,1.2491083429997811
-0.019433034949351675,-0.37199233833840883,0.025382774021326125,-0.4320829507501686,0.06669168247711875,-0.43676283404108524,0.10246145092128231,-0.44017509106000735,-0.092447671892461,-0.41695237079429553,-0.14185035004588306,-0.40788813207476876,-0.19166643362028815,-0.3979954173161739,0.1560394744381006,-0.4113205067632184,-0.2600520537019383,-0.34358135518080174,0.049877691991857605,-0.3161269105739286,-0.10559517826303483,-0.29520322501395463,0.4945063236716865,-0.07391546420549082,-0.4945063236716865,0.07391546420549082,0.7468151751885642,0.38242962163751865,-0.5677808801386776,0.5972898570230678,1.0352813349250407,0.8428334459017666,-0.6055320277882782,1.138888239496929,1.1116214036191419,0.9757406774750281,-0.6444353729277242,1.2836938327416283,1.0714692257346068,0.9913103687182088,-0.6091888870452858,1.2838193731880876,1.0340991643014512,0.9528932866149836,-0.572400440439933,1.2366388695998567,0.990103814214208,0.8415748474456233,0.9755529733908556,0.8982346317360737,1.002445277060593,0.9594052124301925,1.0230676172334319,1.0159877595489404,1.0199474641616781,1.0650650370656263,1.1178182451338146,0.9728552443229544,1.1307275189111006,1.0529964715471765,1.097396400417439,1.0983876133559864,1.0557446450845258,1.1303174440355686,1.100604746825294,0.9745059653822368,1.1018419421482877,1.0489786183890548,1.0585181408965492,1.0902792409616382,1.0081958573740977,1.122907671834627,1.0687124290919152,0.9754640111227277,1.0608683429317356,1.036754317534264,1.0211012260892276,1.0720672254996215,0.9737462254444851,1.0944662787532196,1.0360957880610402,0.9738460690039077,1.0300898461190857,1.019233051181505,1.0051628279903366,1.0462627100509607,0.9723111828059182,1.0638436996518525,-0.596837575475743,1.126043152120457,-0.5131139230910001,1.167390599324725,-0.49511830810349144,1.2367409469357085,-0.49113290576682855,1.2991014267184964,-0.4793298021485175,1.3412949669027716,-0.6194734852593298,1.2876235680982762,-0.5939918952467104,1.3638807537631195,-0.5405950321805532,1.394620243816072,-0.4916023612582297,1.415965435815602,-0.6449364207436719,1.2880696783143575,-0.6030589612968733,1.3546620807541476,-0.5424391640464713,1.3870660682082336,-0.48440889001759274,1.4071720389431022,-0.6419921929607088,1.2806825081755706,-0.5935290253954502,1.3365005680365367,-0.5398669147333699,1.3654559720260464,-0.4892560072709213,1.383341179529178,-0.6256101065599919,1.2724852872658206,-0.5926450448504642,1.3164658201338382,-0.5456095940578872,1.3356749399612695,-0.4988490901765533,1.3452424176884932
0.054235431294834005,-0.3677213737757494,0.10885411946175381,-0.41810269467271755,0.15017454913489228,-0.4147811687141508,0.18563181008697704,-0.41129352281329257,-0.009080282139828363,-0.4258919080973576,-0.05943518547690007,-0.4264715656256317,-0.110464177000891,-0.4262933158920842,0.23222631768195293,-0.3728430371914252,-0.18892764940651224,-0.38605764065821324,0.11090950266714965,-0.29937050634350326,-0.044839711142954396,-0.3085545931239967,0.4994350394758904,0.0237621830587132,-0.4994350394758904,-0.0237621830587132,0.6557802486530906,0.520684072337601,-0.6700566444106644,0.47431756418813187,0.8447309884934652,1.0210571776833108,-0.8119113408627108,0.995696050808037,0.8890673434193875,1.1615154616954866,-0.877142193822021,1.1310614719718937,0.845541661571336,1.1692884142797166,-0.8372050563923338,1.1385248727388009,0.814770116072521,1.128204855653476,-0.7909564550380482,1.0995934282431004,0.8054543198110071,1.0112018693785776,0.7668390163247406,1.0611002849664266,0.7739344660089281,1.1289324972282253,0.7800784610007505,1.1914548179413968,0.7693057463545657,1.244024685413066,0.8878705334443218,1.1684603127526474,0.8822896452864066,1.249403909848534,0.8343181043821791,1.2889028290900917,0.7841968833010954,1.3127257491547946,0.8729485441541975,1.1659299060193489,0.8610045860027884,1.2407137108721464,0.8075756759785689,1.273452032562937,0.7489266277325326,1.294818240258856,0.8433918385339473,1.1612320518842392,0.8248026291636367,1.222540686556368,0.7791225985106135,1.250872021850278,0.7275693407458244,1.2666730680384395,0.8128826841265556,1.1552177368836611,0.7982983720087208,1.204155006160274,0.765814538248561,1.228670948824426,0.7271068086882327,1.242001440591775,-0.7938396877635199,0.9903105359115458,-0.7126687398858119,1.039572852786188,-0.7005198193070455,1.1096537243010123,-0.7043193645047593,1.1756425056034965,-0.7073958544862887,1.2263678892947416,-0.8358387854938719,1.14304978789126,-0.8230338907173171,1.2252581959271516,-0.7710894570613852,1.265670133288225,-0.7216103467591374,1.2928670688744697,-0.8652746478401653,1.1390135081211343,-0.8370138551689829,1.2145334112723747,-0.7792442797706347,1.2581448560840822,-0.7189167741884787,1.2857923964626867,-0.8644338167348021,1.1324802562082437,-0.8321876685743715,1.1999273229397223,-0.7815233880022797,1.2369881098106712,-0.7297247052342457,1.2619278453101888,-0.8509084909018684,1.1292629046757432,-0.8316041419314328,1.1832266712876378,-0.7875993995942164,1.2112358674260761,-0.7408857840327404,1.2283987079241931
0.01863932003476843,-0.36797066375929854,0.06707225850711171,-0.42343565842536446,0.10847575570179517,-0.4243533133057353,0.14396038365695762,-0.4244825942807405,-0.05025238166199019,-0.419114053859427,-0.10021657564763396,-0.4145014295522996,-0.15119514676409979,-0.4090424003928239,0.19401796163197518,-0.3908666032005043,-0.2263924829936628,-0.3607121216716942,0.08166285886341045,-0.3051670382941964,-0.07332375756372263,-0.2982946306219917,0.4992144989115717,-0.02801578263172948,-0.4992144989115717,0.02801578263172948,0.70006580527404,0.4571192561154448,-0.6185403543048423,0.542010352865682,0.92341283191997,0.9224362381494018,-0.6936929914325158,1.058669646164243,0.9760162602718087,1.0577049988715577,-0.7530229153753979,1.2082063122965643,0.9297656000095093,1.0702264121139125,-0.6748465839028752,1.210284232826881,0.8932313343088379,1.0354006068894563,-0.632674681331773,1.1666397081685218,0.8806034160126637,0.9278545542839097,0.844537399223703,0.9821782752177283,0.853480007902925,1.0478264497116563,0.8610570645335572,1.1087965876260726,0.8539186325950664,1.1600866448080664,0.9693668744543479,1.0777180771976371,0.9600498470848222,1.1601243450861427,0.9150052442689101,1.20427854061553,0.8692805658588678,1.2336043014004676,0.9549954951862536,1.0774971525543178,0.9382217198805778,1.153386541738926,0.8802337126488735,1.188136753706048,0.8188693081502629,1.210762360903508,0.9252455577118731,1.075702261966447,0.9023451356003324,1.13933203846502,0.8535778367120532,1.169287501797668,0.8004216634918208,1.1864600569051773,0.8929325203784257,1.0716442682499847,0.875515157346411,1.1209684352395193,0.8381792416720268,1.145337699606563,0.7957267631052565,1.1588469180815313,-0.6743650574268546,1.0637800427015587,-0.5848526280667264,1.1066334849698896,-0.5581369912024676,1.1783662742997802,-0.5463094948918149,1.2452054221540758,-0.5390874935464341,1.3006547366067283,-0.6814877048987483,1.2246039033423317,-0.6521543048346561,1.3040524804269502,-0.6039161743605439,1.3394518777857518,-0.5591962317159743,1.364289599966619,-0.7213919787792467,1.2216474423622161,-0.6853349003016518,1.2960683265015753,-0.6292330092056662,1.3333026682675693,-0.5714007273341865,1.35271645707066,-0.7281381233686169,1.211989052660271,-0.6936874156297731,1.2779285354572587,-0.6421623103061762,1.3084362262902673,-0.5911502371750416,1.3258831499219323,-0.7193404485441889,1.2055129606021504,-0.6969544067155962,1.2599899010241287,-0.6523187153745219,1.2848903915092746,-0.606592289025761,1.297908780735311
0.05538098799034182,-0.3629890330919114,0.10855267145295151,-0.4132761185204233,0.1498217669825334,-0.4101555676643461,0.18508345184061756,-0.4068059382770684,-0.008138999744646571,-0.420330928859309,-0.05822779946331746,-0.42055115257067915,-0.10959807571914966,-0.4200393744883999,0.23154710505877218,-0.3682470564739521,-0.18993708241261872,-0.37914905480942246,0.11180883533558521,-0.2939244325634918,-0.042375555970935966,-0.30198993929046225,0.49953749796565466,0.021500886637844302,-0.49953749796565483,-0.021500886637844302,0.6491284752790688,0.5249607786404245,-0.6688784678331078,0.47988081494390417,0.8179517844708205,1.0060972120310367,-0.7844860920793567,0.9830160451399151,0.854473755179757,1.146743085857517,-0.863976070951535,1.1282454773919637,0.8060433905743298,1.154978578384814,-0.7693499390152548,1.1392348031542812,0.7724709699916479,1.1179326239517235,-0.7228449767077829,1.1001856663437695,0.7835785148750862,1.014658859096037,0.7445123843718846,1.0642994853983212,0.7466399168082354,1.1301033691133062,0.7471473734863172,1.1920499987092503,0.7377826430054946,1.242882368409542,0.8607347985239236,1.171455365715819,0.8428273532146948,1.2555139321291728,0.7878769773476435,1.2925975847286957,0.7322654257623992,1.3132251934620602,0.8470430878805887,1.1701538473507538,0.817849125664916,1.2471241349207682,0.7530268268501856,1.27422721480258,0.6860546220190655,1.2874794331709465,0.817153786500335,1.1662148291245482,0.7843537127949858,1.230379005242952,0.7297984364399593,1.2547689190149773,0.672531410429148,1.264019411254724,0.7857584692798721,1.1602889650078232,0.763168140523369,1.2107833078237002,0.7255378567359251,1.2336431473940699,0.6826194865353836,1.2440029735506954,-0.7694761823243368,0.9962283555322624,-0.6877912011133454,1.0490327668115351,-0.6705823964171105,1.1212449992782163,-0.6654756691294698,1.18777314359634,-0.66214548073686,1.2410173924217305,-0.8012998137231624,1.1542792929925307,-0.7774891690941046,1.2363868651945795,-0.7311835161218282,1.2761425254948227,-0.6887530560981747,1.3059504876279238,-0.8380400063314473,1.1479014688308695,-0.8107376249835422,1.2255298413931204,-0.7596956889748774,1.2675609352694077,-0.7062058785330426,1.2926889478091326,-0.8412642183798851,1.1377932461543045,-0.8095147603063546,1.2043476245198752,-0.7626927961928742,1.2408722469644506,-0.7161939946594277,1.2649127763079955,-0.8285161143541877,1.1319878198321351,-0.8115558741358047,1.1863670064545548,-0.7711457280181215,1.2153307330028094,-0.7281245909925662,1.2336373746914742
0.06327092107250101,-0.3606797870768296,0.11734803591594792,-0.40984395364392456,0.15853453158602454,-0.4058498456660798,0.19366359281651407,-0.4017397661801269,0.001203968623833456,-0.41929079110275536,-0.04878608941720758,-0.4204967193279644,-0.10028066487141203,-0.4210048833730901,0.2395019888851131,-0.3620400920968873,-0.18211892928009274,-0.38161172565116935,0.11810167032480241,-0.2902497605199334,-0.03542928363878849,-0.30140159299251257,0.49895965869018494,0.032237540225242986,-0.49895965869018494,-0.032237540225242986,0.6370252951904506,0.5384702411163288,-0.6788340910033211,0.4669691936792162,0.7914124258182398,1.022887716895306,-0.7984677583947927,0.9680801070463995,0.823683268979039,1.1647418220002173,-0.8851421959308166,1.1122818104498382,0.7743264045457088,1.172008938179949,-0.782921141677817,1.125825469270816,0.7414238451886382,1.13488775008013,-0.7354236656820399,1.0878357011196478,0.7651481057562725,1.029987284583778,0.7254557779017865,1.080701844032273,0.7255144154319856,1.1479486629271562,0.7240980794038838,1.2102067391929836,0.7081703727919842,1.2602971974924582,0.83833374241862,1.1913065208367208,0.8177770531950905,1.2725309648392011,0.7637722601780598,1.3097794018064732,0.709962581593875,1.3312931737372227,0.8236610593667136,1.1878300155981654,0.7938748507666942,1.26176989611653,0.7311103638282157,1.289682463679784,0.664996312432632,1.3050437143293676,0.7934382819130419,1.1813194774689442,0.7601493526604473,1.2423019178886823,0.7070461410735075,1.2675475139168653,0.6493224848630567,1.2784525288651079,0.7618150818170458,1.1732068122324946,0.738971482584534,1.2215280916407678,0.7018766150634308,1.243448864336014,0.6585305678681725,1.2533892298165943,-0.7892047735587189,0.9832322839438347,-0.708376246615237,1.0373102814782782,-0.6933374871461415,1.1098680904243732,-0.6908859581644786,1.1761144629755176,-0.6902162012924327,1.2292824698820928,-0.8232004998592443,1.1413836898115113,-0.800976410467263,1.2224810448051138,-0.7572036528967094,1.2623898718812212,-0.7178011893640536,1.2931628195859444,-0.8620472308658657,1.1349450671273933,-0.8364541392192464,1.2122767289241656,-0.7861186662450268,1.2551855760769364,-0.733193279740994,1.2814215045411432,-0.8668993239128306,1.1248120186012098,-0.838530716931634,1.1915845259166364,-0.7915559451927997,1.2279660140784419,-0.7450993768985255,1.2519507551696205,-0.8552377044796831,1.119250649493419,-0.8402412318823518,1.1729543270310723,-0.800520333787405,1.2021486079331754,-0.758966065764791,1.2211550047327437
0.11812082946438383,-0.345291026786593,0.17873993083119719,-0.38577150902769475,0.2188190326872443,-0.37555534217698777,0.2528590106953797,-0.36616128941069614,0.06532319087445193,-0.41280654932069966,0.016095532040583803,-0.42159464416902465,-0.034808506054507936,-0.4299421409759441,0.2920723176018893,-0.32000763818632816,-0.1220526412632165,-0.40352634583024166,0.1615163252724771,-0.26735443006084875,0.01170287246853207,-0.3017283610771721,0.4883697988741038,0.10721445587077971,-0.4883697988741038,-0.10721445587077971,0.5467483819495008,0.6292730531074062,-0.7426475599379815,0.35907946202421936,0.6192711116432216,1.1285353507818998,-0.9345933449332129,0.8373109047557896,0.630570184855573,1.273849432473108,-1.0435799159087769,0.9653049471219961,0.5737478932759615,1.2713684405017025,-0.9384969342907842,0.9944949210048272,0.5442364198451003,1.2306845358672578,-0.887415263256475,0.9636663219035053,0.5841517314280371,1.1357747990427338,0.519175446860065,1.173142607631632,0.5002813481199362,1.2390572115182492,0.47846538893496504,1.3018709441380076,0.4587782114844518,1.3549980383959555,0.6193252536071505,1.3056950255873343,0.5797589508133805,1.3825322558445414,0.520687568623285,1.4087169749091646,0.4673776409974294,1.4222218722432332,0.6154751034129494,1.3023452328817522,0.5704385234677208,1.372230087959011,0.5068976808057735,1.3946603408621718,0.44401617028331997,1.4038340679630126,0.593390644606151,1.289944475255866,0.5410586077672448,1.3431954147957497,0.4845885030651481,1.3596362107949156,0.4269653186112068,1.364836797653656,0.5648295507968111,1.275269607932554,0.5228376168216602,1.3108533787505334,0.47797632925074984,1.3215019902556955,0.4312859617679405,1.3236565993095335,-0.9342897640862714,0.8519992032557049,-0.855519158515509,0.9176887746904716,-0.847386846907847,0.9920601897430499,-0.8533841696404861,1.0595936077024959,-0.8590667131157457,1.1172000595759484,-0.9780213270058034,1.009400133490713,-0.9740709604491821,1.0952373812173384,-0.9380323031520873,1.1408407854898046,-0.9054008668638498,1.1761977934443208,-1.027517815743812,0.9927974098291686,-1.019719330191001,1.0767669417614756,-0.9714104096383642,1.1254584509006396,-0.9214850338177762,1.1546938310418275,-1.0398228127165148,0.9774983059616212,-1.0313963981030672,1.0514673566528077,-0.9838624723624657,1.0943147915317453,-0.9388150764740217,1.1220936147656024,-1.035975490511224,0.9706948518452927,-1.0328023348594917,1.03102702236654,-0.99473278764512,1.0686199184063534,-0.9581082831408781,1.0936619593262762
0.02188568274257194,-0.3637769464925523,0.06944152212074234,-0.41903496270691976,0.11077214501447008,-0.41991690157566347,0.14598597591477303,-0.4199688620984338,-0.04718578970736041,-0.4147204962098811,-0.0969850046062113,-0.41000336352934635,-0.14843745622320237,-0.4044010859195831,0.1962047895262922,-0.38602336510156615,-0.2256494775893782,-0.3554472055746345,0.08440563664889739,-0.3002651046582527,-0.06885342253445752,-0.29328502206922186,0.49924485106027217,-0.02746959573431654,-0.49924485106027194,0.02746959573431654,0.6946816882675022,0.45950261369250583,-0.6195472918453472,0.5448387669113145,0.8922332229127068,0.920866546105811,-0.6747925547524743,1.05884009753736,0.9439217069273464,1.0589916472418042,-0.7446393212792993,1.2092136112266036,0.8862308826133115,1.0724299575115197,-0.6378570282834588,1.2089111560846952,0.8458637457873149,1.0418465128614829,-0.5971702080355206,1.1658090834691668,0.8694825223142791,0.9374103503092395,0.8162141556030146,0.9919753080152769,0.810609340831111,1.0609662637588966,0.8059378071071707,1.1268088038722173,0.7985563826381337,1.1806163417044389,0.9443524202054308,1.0898810439359095,0.9285285531423974,1.1766519342376796,0.8811694288390067,1.217794601125346,0.8333428172021106,1.2441203835470913,0.9436275619449107,1.0880619789562729,0.9143306915027305,1.168798291410143,0.8590279789791353,1.207958121593039,0.8009829344379549,1.2352779083740784,0.921423166924556,1.083249418735072,0.8813191708153918,1.1492267412673451,0.8310575447111065,1.1827217104918593,0.7769657226490255,1.2035958079364424,0.892101849035406,1.0766383345264032,0.8592537254973068,1.1244269402928389,0.8182580287093147,1.1510160543208219,0.7731312147519088,1.1673516194935933,-0.6723502227369333,1.0678300438793522,-0.5784848907635525,1.1139725176878303,-0.5533639234341097,1.184826937809271,-0.5439817740285222,1.252007133548507,-0.5359309208639841,1.3076927823743667,-0.677862403382811,1.2319781471707052,-0.6547403782219495,1.3135459430305694,-0.610367549636659,1.3475505040233084,-0.5697887112315252,1.3727563658108923,-0.7312050297240822,1.227494358375092,-0.7042238980319594,1.3079455773569548,-0.6469718332177408,1.341929104030826,-0.5929950461754214,1.3565535384867904,-0.7481701655539992,1.2156852095462785,-0.7231677972026194,1.2839036760502187,-0.6688519482259284,1.3127938818564144,-0.619797860639383,1.3273984044235672,-0.7462710754726953,1.2068687778640201,-0.7291729859073333,1.2628678755281189,-0.6851993739883846,1.2895537241925998,-0.6436059403777801,1.3039691305164016
0.062135475935623685,-0.35863646877627176,0.11556603811224098,-0.4083284347643059,0.1567346055922846,-0.4046426800221972,0.1916747216198623,-0.4008080831201685,-0.0009639497990331715,-0.4169187171430928,-0.050998594922523864,-0.4177249683725928,-0.10285494922440483,-0.417836675921729,0.2379246070462471,-0.36154460303638436,-0.18513841276325724,-0.37759905901033824,0.11718752687118623,-0.2885766207351209,-0.03577671655311609,-0.29854999615071337,0.4992230165961786,0.027863590949689144,-0.4992230165961786,-0.027863590949689144,0.6392330126499425,0.5327113083056227,-0.6760496544360494,0.47316314733764553,0.78055858443657,1.0129817572218767,-0.7861953666272831,0.9785740066093401,0.8178891693659925,1.1568206283956868,-0.8717949383362753,1.1197114780451953,0.7576347589335587,1.1639986098157855,-0.7672371066610819,1.1309431327609654,0.7204183000762581,1.1294575953813613,-0.72219529305186,1.0927191706489776,0.7590331529146152,1.027528859924408,0.700500034243193,1.077246072210339,0.6874831547113245,1.1455283273060342,0.676353914947576,1.2096282693171263,0.6639071714422027,1.261650996872449,0.8175107953767503,1.1878578998894205,0.7924392793790417,1.27169857598445,0.7413974251611449,1.3070832030720314,0.6916827338867048,1.3279001471094016,0.8162450073057795,1.1859437997656488,0.7803895464536967,1.2628443928181916,0.7232244769462545,1.2963189334743528,0.6638791377150216,1.3178514706474573,0.794058267414049,1.1784012222802291,0.7479197695106913,1.2393561599817657,0.6944623033996374,1.267006230854719,0.6384506298813677,1.2817591735227427,0.7655683711408758,1.1680872158652515,0.7283108852785887,1.2120530950543966,0.6849290535958158,1.2339102691155064,0.6387743969263316,1.245460106130934,-0.7891798328331802,0.9891661280979651,-0.6987978990895813,1.0441977413072412,-0.6796486598465249,1.117236999799298,-0.6757729815149686,1.1831929711745894,-0.6760218569007245,1.2400131206331826,-0.8101548619419617,1.1511995174831566,-0.7950994883536106,1.2357512786437437,-0.752619348468564,1.2745752897987805,-0.7151077078805917,1.303259988533079,-0.8603426313532505,1.1412643137509586,-0.8426091518431106,1.225208659961697,-0.787266477479825,1.2643092299255545,-0.7349571905234893,1.2832113899834665,-0.8737316052870426,1.1276388208239867,-0.8533953265853094,1.1984490679008282,-0.798799417627634,1.23248788898714,-0.7511176384309367,1.2521320562807705,-0.8695938499504957,1.119921910604676,-0.8564194534810226,1.1768383387887158,-0.8102106375848916,1.206197428272463,-0.7680049061940798,1.2230249723345488
0.11053825238366162,-0.34642896895241676,0.17043029481087674,-0.3882294024280217,0.21066427055514658,-0.3789249568855059,0.2448214728433082,-0.37029595158218465,0.05633282374436566,-0.41270795567755775,0.00711324538221012,-0.4203312342281743,-0.044219847541865434,-0.42755872896660596,0.2856642136130958,-0.32485769155864896,-0.1310846643428641,-0.3989770454697646,0.1553891601649577,-0.26952879948248903,0.0056731743150602795,-0.30034973893690226,0.49063351827597884,0.0963262723463062,-0.49063351827597884,-0.0963262723463062,0.5592951098204025,0.6137198444689578,-0.7345428200105918,0.37510172515017576,0.6319550079193508,1.1108840174471448,-0.9113261547060043,0.8609761328312079,0.648744427574387,1.2579700463023968,-1.0164937153617282,0.9892747669976737,0.5884030895683465,1.2564730983153314,-0.9151698330372393,1.0153303875682023,0.5567594103408133,1.2170275531809251,-0.865457608558727,0.9831238994181106,0.6166338136346371,1.1228880898932014,0.5457341194782659,1.1602981095019334,0.5225171033465359,1.2279838838590333,0.504407731103216,1.2911470602968507,0.4843707163970184,1.3415312342578825,0.6454031440573068,1.286662292445644,0.6118899010306978,1.3678563425337176,0.5564410839003746,1.3969807111970702,0.5028876627492809,1.4117262363354104,0.6494516287096331,1.2865330557474868,0.6050412422936048,1.3600942825283073,0.5433635110459941,1.385947624959336,0.47990663637982484,1.3991751628350775,0.6323655806894359,1.2776623754633587,0.5796843308519918,1.3339417295373577,0.5224454475336755,1.3548417291733545,0.46370607263314584,1.3632117812196,0.6081108407984558,1.2644679149737548,0.5638002629734289,1.3040946722908522,0.516851171521169,1.3205433949995353,0.46875387511325406,1.3266930786391664,-0.9217001829592049,0.8679600004356429,-0.8443147345840253,0.9330088512880125,-0.8364143265337345,1.006550235541226,-0.8445057154755229,1.0744905640694997,-0.8531879935747645,1.1312488634096922,-0.9722570395582587,1.02193298197157,-0.9659875125474979,1.1112456702879427,-0.9285543924466273,1.1574248875770774,-0.8957435184519792,1.1932592705798755,-1.0218845916692527,1.0071293909719572,-1.013662391903673,1.095293208512535,-0.9658923709666971,1.1442704232709933,-0.9158268015649818,1.1729455385852388,-1.034128179462929,0.9933629347608796,-1.02669747282476,1.0684395874777046,-0.9811704203785563,1.1103201784867751,-0.9373372062940981,1.1372080599842183,-1.0293362312489631,0.9863592507300882,-1.0257262817773627,1.0463365109667555,-0.9891562166533167,1.0840404994055481,-0.9531674917113544,1.1096173996345082
0.07697743118884211,-0.3551634213030801,0.1328284492201926,-0.40230045431517125,0.17374189080776442,-0.3967907540404243,0.20864987254648104,-0.39136143844835536,0.017022605533275195,-0.4159956543805847,-0.03256431515891211,-0.4189625574800006,-0.08437635520004066,-0.42135282073809377,0.25416637889326277,-0.3498044548016942,-0.16800015511025868,-0.384764915864039,0.12872097984294129,-0.2828239490272133,-0.02299637363193585,-0.2995310081571557,0.4974753743579861,0.05018218715223004,-0.49747537435798633,-0.05018218715223004,0.613434543739981,0.5575084391998151,-0.6962699876849507,0.4416366012147424,0.7314691772529667,1.0491836000349477,-0.8267229880454532,0.9475032708078006,0.7619266255523937,1.1919720888806298,-0.918647957651584,1.083837959296897,0.7021004054547312,1.1950768464478079,-0.8162574173576397,1.0997413432408532,0.6674852481473236,1.1589940505178344,-0.7699152877857118,1.0629278826658624,0.7188363927391327,1.0588932683267536,0.656409308109509,1.1001160174418074,0.6407654403661445,1.1694850887197294,0.6286880177077628,1.2335942787921819,0.6155676723196076,1.2854556209832626,0.7666476856170383,1.219178482615724,0.7408293013104353,1.3052615822845846,0.6869771338374657,1.3396961321892564,0.6332846621262048,1.3585678740181724,0.7685082144359099,1.2190423381997466,0.7321480316838063,1.297892418074321,0.6712931906020684,1.328676354054483,0.6074537835940831,1.3464386140017215,0.7491233237857409,1.2126331429515278,0.7023428876833363,1.2744494619437796,0.6441483961790936,1.2988193863881874,0.5844493566542176,1.3103045901732515,0.721911368627106,1.202867110172903,0.6823048644416815,1.2468818533631703,0.6359524028825622,1.2657068684018837,0.5889181921677157,1.274399072929734,-0.8404509353166307,0.9453530112069163,-0.7544358233697206,1.0040493527217957,-0.7414981357014124,1.0775972469155843,-0.7449812652204559,1.1460067670755507,-0.750080608976606,1.2030266075239064,-0.8762073332813868,1.104007870058975,-0.8622347320974533,1.1920655122956767,-0.8225488778389305,1.2353929128109566,-0.7878254501938452,1.268974039900979,-0.9298421504474126,1.0931664441919884,-0.9138503051555338,1.1808556309609688,-0.8617540007134297,1.2247882488392756,-0.8095839918529005,1.2482625339915048,-0.9442663622924049,1.0804438828969956,-0.929019899074462,1.1554064987298944,-0.8784108382326639,1.1953191670730083,-0.8307493801217831,1.2198327105632263,-0.9394606756852494,1.0733888228209842,-0.9307955157217707,1.1340319952533922,-0.889372145963197,1.1696467311036238,-0.8492611510072503,1.19235125066078
0.10675421727205785,-0.3470488924800325,0.16659856701910808,-0.38909951910822327,0.20685493766555588,-0.38008164192293575,0.24123368171332712,-0.37162992693049396,0.05249127039361166,-0.41270835195315425,0.0034799319071673832,-0.4199120591404775,-0.04785914007371499,-0.42674546952752657,0.283340515899308,-0.32617959540168046,-0.1340818001614503,-0.3974947664471441,0.1519256336997118,-0.27060193487930234,0.00256668827725708,-0.30026793332750584,0.49128207480795694,0.09296194367798641,-0.49128207480795677,-0.09296194367798641,0.5620338823093156,0.6068015247131827,-0.7317578210882654,0.37919955858664517,0.6367833986761025,1.1080499768365393,-0.9037268663814659,0.870747057666637,0.6544668377469881,1.2515668583004684,-1.0075003086730598,0.9989497353076084,0.5952966429302537,1.2491881113941137,-0.9076069381831021,1.0235000220447894,0.5644807763860449,1.21065233942503,-0.8583958684840034,0.9908113510890808,0.6276409561885956,1.113204919176955,0.5633318417747463,1.15023983120885,0.5408775240907997,1.218517262140038,0.5224400087595533,1.281950007094228,0.5038054643971911,1.3332022574825122,0.6626922475627985,1.2794724220154368,0.6291827537162658,1.361985924361887,0.5720884257722761,1.3920951042227354,0.5164567187753375,1.4069197088403231,0.6593340408590956,1.2787402868505287,0.6162110481630365,1.3530356372847805,0.5525377540122897,1.3785440023790874,0.48737053236234884,1.3921916058519173,0.6377100520720002,1.269671372736477,0.5867984568917654,1.3264504242000625,0.527244387334009,1.3465532692040623,0.4672659799645634,1.3542281882912528,0.6108625771362806,1.2564329237788963,0.5688591969000896,1.2960363482008976,0.5213762531997967,1.310746087508952,0.4736746330406178,1.315574430575754,-0.9215343458853018,0.8680419356346506,-0.8393078187193264,0.9348524644828956,-0.8342803116190203,1.0092824515873802,-0.8454849978406994,1.0763765980390487,-0.8571121714761841,1.132198039340788,-0.9689150471461608,1.023197216136218,-0.968165053161103,1.112285689292489,-0.933524733297684,1.158372474912628,-0.9025151407175217,1.1939056010456945,-1.0209357768602663,1.0065023974420328,-1.0164745652931135,1.0963706801712356,-0.9670346803944658,1.1440183368760282,-0.9167280927083358,1.1707158568664293,-1.0343133974950836,0.991384679058353,-1.0265682041961488,1.068319878020209,-0.976805792239002,1.110685994396852,-0.9310489349139381,1.1362998358081875,-1.0295915888991474,0.9842519427947584,-1.0249859603968248,1.0453659503590127,-0.9839007904242013,1.0824432522193093,-0.9460095019043361,1.1053065194617016
0.06945788059046983,-0.3559596182656192,0.12458426988203807,-0.40388621738573577,0.16548622999902415,-0.399084773518581,0.20060123311353872,-0.39422901477915373,0.008783950119289872,-0.4155547782752121,-0.040629974001819814,-0.41764847964924046,-0.09232507454129991,-0.4191368824197943,0.24729353338967347,-0.3533624036850101,-0.1747594942568417,-0.3811505428000801,0.12226170977187789,-0.2846795650107016,-0.02921609679804861,-0.2987247582392821,0.49825484998987607,0.04173852490884338,-0.49825484998987607,-0.04173852490884338,0.6203583744861793,0.5442483538875067,-0.6887469845171224,0.4520350455797866,0.7462389260273217,1.036202969713417,-0.8084246039901267,0.9572507042202756,0.7781946172004859,1.176305169505935,-0.8975803781002033,1.0956747108337572,0.7197749444025463,1.1800243164153197,-0.7968703773185086,1.1095278586586774,0.685500347443059,1.1444993478262506,-0.751322819093127,1.0720468720736407,0.7413146017135857,1.0405187785975278,0.6833769319219599,1.0854855751245491,0.6692979686696195,1.1553321270959327,0.6593754113478116,1.219506073221681,0.6473978068247598,1.2719142937562817,0.794926219550358,1.202829577092149,0.7719494217075246,1.2879441456206613,0.7184578735359145,1.3241341591810962,0.6647721253610909,1.3449673762702599,0.7917733933712746,1.2021651961229454,0.7586233036458806,1.2814053647348196,0.6991634451619406,1.3135851393501354,0.6368635846929657,1.3340994295903348,0.7698143123824014,1.195796299393258,0.7286038972338928,1.2593782614782543,0.6731639182310344,1.2867703227141403,0.6151556160395524,1.3018058352107527,0.7422835527792587,1.1862003534956878,0.7083630271293754,1.2327081987190502,0.6654599148274707,1.2543580514469548,0.620605562750453,1.2659607048297616,-0.8285658091419348,0.9566013318805094,-0.7401931204852961,1.0159729133910944,-0.7280260340189688,1.0896568149649968,-0.7309048817908599,1.157300906798051,-0.7357496858097493,1.2135416345004881,-0.8588733522213372,1.1155913457335656,-0.8472996635624156,1.2027507752514452,-0.8081409793421314,1.2452421059067773,-0.7733393496101479,1.278750391633137,-0.9125586346220559,1.105143118627773,-0.8966405539465263,1.193950497927038,-0.8436149893708214,1.2384144756034565,-0.7912021425592227,1.263267220451444,-0.9275517157474733,1.092380420712227,-0.9114772038909055,1.1685421420819748,-0.8581706455685822,1.2073849106472194,-0.8091677321557295,1.2304319208863277,-0.9218581730409344,1.0854831679429606,-0.910463902528624,1.1456900527582448,-0.865955122094335,1.1796515955631939,-0.8255186837679092,1.200133738405035
