pose_0_x,pose_0_y,pose_1_x,pose_1_y,pose_2_x,pose_2_y,pose_3_x,pose_3_y,pose_4_x,pose_4_y,pose_5_x,pose_5_y,pose_6_x,pose_6_y,pose_7_x,pose_7_y,pose_8_x,pose_8_y,pose_9_x,pose_9_y,pose_10_x,pose_10_y,pose_11_x,pose_11_y,pose_12_x,pose_12_y,pose_13_x,pose_13_y,pose_15_x,pose_15_y,pose_17_x,pose_17_y,pose_19_x,pose_19_y,pose_21_x,pose_21_y,pose_14_x,pose_14_y,pose_16_x,pose_16_y,pose_18_x,pose_18_y,pose_20_x,pose_20_y,pose_22_x,pose_22_y,right_hand_0_x,right_hand_0_y,right_hand_1_x,right_hand_1_y,right_hand_2_x,right_hand_2_y,right_hand_3_x,right_hand_3_y,right_hand_4_x,right_hand_4_y,right_hand_5_x,right_hand_5_y,right_hand_6_x,right_hand_6_y,right_hand_7_x,right_hand_7_y,right_hand_8_x,right_hand_8_y,right_hand_9_x,right_hand_9_y,right_hand_10_x,right_hand_10_y,right_hand_11_x,right_hand_11_y,right_hand_12_x,right_hand_12_y,right_hand_13_x,right_hand_13_y,right_hand_14_x,right_hand_14_y,right_hand_15_x,right_hand_15_y,right_hand_16_x,right_hand_16_y,right_hand_17_x,right_hand_17_y,right_hand_18_x,right_hand_18_y,right_hand_19_x,right_hand_19_y,right_hand_20_x,right_hand_20_y,left_hand_0_x,left_hand_0_y,left_hand_1_x,left_hand_1_y,left_hand_2_x,left_hand_2_y,left_hand_3_x,left_hand_3_y,left_hand_4_x,left_hand_4_y,left_hand_5_x,left_hand_5_y,left_hand_6_x,left_hand_6_y,left_hand_7_x,left_hand_7_y,left_hand_8_x,left_hand_8_y,left_hand_9_x,left_hand_9_y,left_hand_10_x,left_hand_10_y,left_hand_11_x,left_hand_11_y,left_hand_12_x,left_hand_12_y,left_hand_13_x,left_hand_13_y,left_hand_14_x,left_hand_14_y,left_hand_15_x,left_hand_15_y,left_hand_16_x,left_hand_16_y,left_hand_17_x,left_hand_17_y,left_hand_18_x,left_hand_18_y,left_hand_19_x,left_hand_19_y,left_hand_20_x,left_hand_20_y
-0.03892734566107855,-0.31756008729156787,0.02441859199175838,-0.3686122542942943,0.0667599629912054,-0.36670042352932214,0.1011405128494338,-0.3640450596436864,-0.09988691093268362,-0.3670617466604191,-0.1399039845134535,-0.364381494228476,-0.17797204091300384,-0.361908646349094,0.1603506573209898,-0.3346171352963311,-0.2158837386804587,-0.3346947289995245,0.045023770678522486,-0.252473708235781,-0.10928658285689283,-0.2517890292069736,0.4999430618252266,0.007545524025384609,-0.4999430618252266,-0.007545524025384609,0.7012070732004771,0.410204528850962,-0.771714763254854,0.3952448532838385,0.6796118183813934,0.8224224922971155,-0.7146392752393275,0.8046963816063258,0.6981671568738577,0.9660569282945388,-0.7292664203073567,0.9491469667183448,0.5832652299593202,0.9544774101223774,-0.6243470453113317,0.9315625743382934,0.5533054715381271,0.9180087600300355,-0.5903007827907605,0.8951928928183266,0.6513542413233367,0.8466526145519349,0.5374345823697284,0.8729645905037553,0.4893924654380527,0.9240515038691696,0.4831006409315607,0.9764267655140219,0.47334101230624787,1.0169316546024154,0.567251060845905,0.9673483998425331,0.5585867234623993,1.04148327831424,0.5344083303430422,1.072429599190627,0.5114439126706284,1.0834324839055973,0.6382166025501943,0.9734903074583269,0.6215133623115646,1.0509551758238116,0.5878466745227158,1.0787487522969859,0.5571211296923962,1.0828154431614605,0.6961829053192383,0.9711742086196098,0.6836285369489686,1.0429814711997987,0.6489590847492905,1.0673743938281106,0.6156568433600949,1.0698870633815842,0.7430268583510365,0.9636346383249105,0.7402444164760199,1.0215458934856512,0.7121533486728664,1.045369795623878,0.6818406609048212,1.0510178363992206,-0.729460355764269,0.8326750117414558,-0.610314297290407,0.8562240662467357,-0.5555838959498849,0.9037727067465298,-0.5376132918924292,0.9564679082141092,-0.5296534467726344,0.9993168103539409,-0.6166743456944238,0.9449820880986342,-0.5993565047652167,1.0230009462242773,-0.5803834291033589,1.0587807203956892,-0.5637718372764257,1.08055165907106,-0.692395063775548,0.9537549590644683,-0.663710086936002,1.0377220821554198,-0.6286529590267839,1.0683834047760523,-0.6024388780237723,1.0807745823642598,-0.7537246387689219,0.9548520071448382,-0.7308593848731679,1.0336514872052498,-0.6965029427441077,1.0583007130594562,-0.6693497339270997,1.0649157958615163,-0.800210782346749,0.9505608313528857,-0.7924113951490297,1.0122494846280818,-0.7628570760272901,1.0316836328105508,-0.7316395187972246,1.0344494823213624
-0.04127893120046759,-0.31426712502890813,0.020782264423311665,-0.36744024944319326,0.06071844880289236,-0.3656068779777008,0.09458361541632089,-0.36297967155570465,-0.09997659420516021,-0.36586094797910207,-0.1387115169350671,-0.36329922953525334,-0.17560139129401692,-0.3608416301651309,0.15755755581725206,-0.33271430028193044,-0.2155718279296272,-0.33268277263717594,0.037131099764339974,-0.25039834443920417,-0.11010173624108632,-0.24977830075903232,0.4999436909342171,0.007503725412889476,-0.4999436909342171,-0.007503725412889476,0.7102184853149061,0.41361122018806756,-0.7703139712112603,0.39539427458778953,0.6727414572261764,0.8283100954663926,-0.7134395596873242,0.8088178371742859,0.6936168449705685,0.9695880016074943,-0.7272507115482518,0.9507671653796038,0.5817034368466448,0.9579519653119906,-0.6228443859475387,0.9328946884905324,0.5518440326528575,0.9228050637087278,-0.5890189208126899,0.8971898254211513,0.6430589581501783,0.8453986627686052,0.5364575689372059,0.874750121574681,0.48623383622819516,0.9226267962853011,0.4830158756972342,0.9745321979963096,0.473398581741474,1.0152182343218106,0.5657630985817875,0.9663846372083641,0.5555314047834966,1.0395577706873762,0.5353895213173744,1.0690493523590276,0.5161786764469652,1.0801176964338592,0.6374828465606354,0.9717414175902631,0.6193022939823888,1.0479458757278932,0.5861373524666559,1.07504271870384,0.5568830065910275,1.0797527931380895,0.6946399365043612,0.9694313364591771,0.6843124920812603,1.0374506730962838,0.6516052852597409,1.0628323732745677,0.6187616532593764,1.0689458171305746,0.7403275806705453,0.9618281140809745,0.7399996542420803,1.0170518977099396,0.7126737493039356,1.0399543962429916,0.681207213688033,1.0465767585621653,-0.7217050572204624,0.8265852219141757,-0.6049164437575103,0.852608762662832,-0.552890575305125,0.8983053591232056,-0.5349793700129293,0.9494583788921098,-0.523445117410059,0.9924381486810463,-0.6084208777025368,0.9453660127569392,-0.587721519308024,1.0201984345024753,-0.5695872851214537,1.0536163756366086,-0.5563091839949865,1.0738763904630146,-0.6839246242047435,0.9534505182553757,-0.6569066976482284,1.0348367978080264,-0.6244958896104196,1.065035416105561,-0.6031682163943641,1.075481381119128,-0.7456681106923393,0.9529951189422552,-0.7226715157627517,1.0288502429914017,-0.6896107906282906,1.0531276971429138,-0.6660705384417789,1.0586876556798972,-0.7931083610612188,0.9472967890755157,-0.7852017337560269,1.0072991516507896,-0.7578206554395618,1.027880086762382,-0.7320014605365365,1.0326878579723524
-0.04246477744684814,-0.31153611603610576,0.01886810182952365,-0.36660807586849375,0.057495627731286796,-0.3649040231753626,0.09096543368642651,-0.3623260375235968,-0.0999520019766096,-0.3649594940201136,-0.1376294317983988,-0.3625613271663061,-0.173564047338518,-0.36013051897478177,0.15588089407090458,-0.3317377039435192,-0.21529512328802428,-0.3311704635538497,0.03366395391176834,-0.24861352589545035,-0.11071227724308763,-0.24789522217200174,0.49994488031660533,0.007424058540663552,-0.49994488031660533,-0.007424058540663552,0.71523373763355,0.4152222967622122,-0.7701215070602498,0.39521801408367674,0.6692743455408059,0.8317959060471685,-0.7134981122179248,0.8140510645371437,0.6910490322031292,0.9720984788255881,-0.7245210725355531,0.9527983164320886,0.5813146836092294,0.960372078250793,-0.6218453160760938,0.9335986038695392,0.551509450693842,0.9257670143416067,-0.5887569086086819,0.898121938525841,0.6393544793560555,0.8438774754633117,0.53262876834874,0.872334698848462,0.48408604752811574,0.920404703153222,0.4812924930418447,0.9722337072247009,0.47216690762584945,1.0134525278950965,0.5647705770223619,0.9637366618534329,0.5558511371975431,1.0378111261663305,0.5340603241600382,1.0681899140158864,0.512657904182629,1.0805052187253237,0.63598775852297,0.968597501061774,0.6191459940231125,1.0463021484336152,0.584274747776592,1.0747731666698244,0.5526347996703674,1.0804852064766044,0.6928851074497046,0.9662150719957944,0.6844512075234246,1.0354448234755325,0.6491925396851927,1.0613428105487366,0.6134646526172806,1.067818035918326,0.738105989276604,0.9587740127584032,0.738905507756991,1.0155573112968057,0.7102541849886314,1.0389889344356154,0.6766411845936264,1.0457800813238218,-0.7182211000625152,0.8239444985641935,-0.6020145376510179,0.8514487114642166,-0.5494276910928438,0.8963429856202701,-0.5306745625466177,0.9467961961657173,-0.5203355159716292,0.989711589222684,-0.6069423110310463,0.9426905764794331,-0.5868479732332741,1.0161868228099173,-0.5669452090009117,1.0487426713089838,-0.5533251251043444,1.0682841464491761,-0.681885753813818,0.9505004051155543,-0.6572119140518359,1.0315758534876958,-0.6234307524794859,1.0603985432790692,-0.6013856090189369,1.0693733568018007,-0.7431091486032644,0.9499367591589073,-0.7212549958270945,1.0255614927196808,-0.6873521092661753,1.0492085875461572,-0.6631236877584551,1.0540902161779253,-0.7900437006603008,0.9438738249716706,-0.7841880778263018,1.0040143239529913,-0.7571577472042044,1.024185310606295,-0.7318938375455186,1.0286530937062954
-0.04290885276337493,-0.30830284788908124,0.01780808975471847,-0.365203206535265,0.05558905961301183,-0.36379845459196614,0.08857817937072263,-0.3614689698566068,-0.09956595256306325,-0.3634769222649596,-0.13653334379121154,-0.3614054393364894,-0.1717884177641642,-0.3590858479034995,0.1543096682858713,-0.3307427975261629,-0.21467297374083774,-0.329710693305446,0.031892660575012305,-0.2467242181332424,-0.11076584979738376,-0.2460618518402929,0.49994673553605373,0.007298056374344882,-0.49994673553605373,-0.007298056374344882,0.7174841597889038,0.41696496453213366,-0.7691988761029374,0.39554790476552293,0.6663501415266916,0.8346431197733108,-0.7126363446347216,0.8172462325224669,0.689132671006605,0.97427214577113,-0.7187053036794052,0.9543381114283291,0.5810661893620886,0.9620114343405891,-0.6176982752344417,0.9335125159543537,0.5511963696455635,0.9275210544448972,-0.586888300813339,0.8978593820507721,0.6374215434395093,0.8425323494608095,0.5310115109897495,0.8721179792171146,0.4836410213406619,0.9195982651238709,0.480655765847266,0.9709730204104059,0.4724146449735291,1.0121425433233902,0.5647887971695583,0.9612133746161216,0.5542064553880435,1.0344075172989575,0.5310025876189849,1.0652697710335615,0.508337031890616,1.0788338765546948,0.6359334743713542,0.9664674941195739,0.6168778100899022,1.0452472789283986,0.5803554234820573,1.0735774292153908,0.5472916189907734,1.0789935272968525,0.6927082268747103,0.9646896094878906,0.6811749641478041,1.0357995631382328,0.6438832277909953,1.0609339827735775,0.6067862537004395,1.066414678299922,0.7378463219420837,0.9575369458611123,0.7373367198768974,1.0153842487331075,0.7072023028185702,1.0385768652955498,0.6728430576758536,1.0448075119387614,-0.715059912735751,0.8221100515481291,-0.5988753945381527,0.8496122682172245,-0.5459627156989735,0.8939090446105542,-0.5271220852543159,0.9440527627042182,-0.5173072503517159,0.986727813454245,-0.6038459060403479,0.9393730366971559,-0.5826762758261335,1.012459322985533,-0.5633758008076183,1.0453289471695266,-0.5498765837108492,1.0660259297126995,-0.6780974681587874,0.9476085319675848,-0.6524447170738129,1.0280459298890918,-0.620141047981247,1.0575283589226412,-0.5990706417702083,1.0675935331724522,-0.7390795899776458,0.9475825378005749,-0.7167614637501328,1.022434875555056,-0.6837463498254122,1.046595483859135,-0.6599331710221891,1.0521458204747074,-0.7859624950089771,0.9422917548824593,-0.779691305224683,1.0014686399983779,-0.7529739572102292,1.0218806566360468,-0.7275898771797972,1.026782496980619
-0.043862265288957564,-0.30607770580214116,0.016207799614932236,-0.3641443944607214,0.05340693111863917,-0.36296676489297125,0.0861794553743487,-0.36090511319519414,-0.09945985890322412,-0.36242551102329806,-0.136148280243626,-0.36063788000550956,-0.17103568951392573,-0.3584384422545605,0.15250991347809184,-0.3302319596905227,-0.21419840696290526,-0.3288240402731714,0.029954406763547683,-0.24550226376304235,-0.1110012104520585,-0.24501637642142063,0.4999473853761664,0.007253403031333698,-0.4999473853761664,-0.007253403031333698,0.7191284404891903,0.41796036883432586,-0.7690061190600992,0.39583082330363806,0.6651038962349576,0.8363476708087756,-0.7118031870247811,0.8173417283160048,0.6881712789973686,0.9758253604927517,-0.716445248607858,0.9544205249982404,0.5816119476464916,0.9633817575542166,-0.6158993427739147,0.9334175089297281,0.5518445362408201,0.929149728954845,-0.5853274198389206,0.8977211277793345,0.6396940536044767,0.843411896788921,0.5332415767438147,0.8718543900872449,0.48450894778719655,0.9188017151656073,0.48209104981260475,0.9705877451175693,0.4739947374496571,1.0115485037477725,0.5642747581270415,0.9627417941826932,0.5544360000389008,1.0350072338082847,0.5318433537411833,1.0652738166437445,0.509652139012876,1.078557710881919,0.6350768148430831,0.9683796775575194,0.61669648502805,1.045518341293114,0.5813148494994693,1.07318143677624,0.548435082896956,1.0789056182420746,0.6917614735116145,0.9666909499698754,0.6795808373402872,1.0364494785337452,0.6433416508938652,1.0617400552631693,0.6063926868899356,1.0679756256413393,0.737602825527008,0.9595456619626702,0.7369401725450397,1.0161102790169674,0.7076754232784556,1.0391272404228342,0.6738729458511823,1.0455916461883974,-0.7125006501355943,0.822587488679552,-0.5978134930739294,0.8489933470300765,-0.5440175902787954,0.8928535275898692,-0.5250396704245656,0.9426962021036387,-0.5157680556334006,0.984939990329599,-0.5996072328329916,0.936597157244727,-0.5769856912194083,1.0112533448836942,-0.5586233967357546,1.0451533682430512,-0.5462486383417319,1.0662500516777593,-0.6734802410550202,0.9453293604850156,-0.6458602946173984,1.0274130017995413,-0.6144715457063872,1.057736599553555,-0.5944311896912814,1.068435817483953,-0.7347508190653995,0.9461954442478104,-0.7110412427560795,1.0220667865794943,-0.678954933770108,1.046130185061949,-0.6561825159434808,1.0510714780032868,-0.7824057884900312,0.9417003803118895,-0.7759032758146182,1.001580783343855,-0.7497112234086709,1.022129425418586,-0.7244062959854609,1.026753645598578
-0.04404444119243047,-0.3052559366570938,0.015614762035748976,-0.3636638071341038,0.05250591254632968,-0.36255709006571857,0.08509678196950655,-0.3605810311348052,-0.09917907332652862,-0.36201197036063903,-0.13555331000581677,-0.3603552872171078,-0.1701212076339203,-0.3582087329872551,0.15161185414855485,-0.32978661416787736,-0.2137329164431133,-0.3284014246754713,0.02919913733213917,-0.24488412317433667,-0.11093249001179636,-0.24455835017846675,0.49994819206445157,0.0071975865042575434,-0.49994819206445157,-0.0071975865042575434,0.7201817869962602,0.4185928562499811,-0.7685272362316045,0.3957662593819791,0.6642236596604629,0.8370057667793932,-0.7103267903934405,0.8168599879773745,0.6874059800913458,0.9767031593653707,-0.7142465345032231,0.9540246675666008,0.5820220507049808,0.9640927105975436,-0.6139374330682894,0.9329945231548478,0.5522866625249838,0.9300037312594113,-0.5834341860149567,0.897215323792324,0.6401174272401031,0.8440031497362038,0.5342798776155141,0.8725213236102995,0.48480774426711065,0.9196476199917158,0.4817231266471868,0.9713194237859009,0.4729981096890715,1.012417029659398,0.5645410000203246,0.9638746239445513,0.5536938545374918,1.0358926524067051,0.5318851892382567,1.0662194915896175,0.5103977413470291,1.0796074919709133,0.6347397011595157,0.9691720941368375,0.6154278857185398,1.0453994857839477,0.580886061561394,1.0736003193460892,0.5487862263533546,1.080368565926156,0.6912530286501308,0.967211252807933,0.6787290391242902,1.0359775608102704,0.6441056020952246,1.0618974987643157,0.6084785787527889,1.0691038571983937,0.7375616454739279,0.95997756084668,0.7362306383988653,1.0160419206143347,0.7075825818069874,1.0393624595195141,0.6742816222416674,1.0465029073206877,-0.7131663755428023,0.8213324121295403,-0.5966701073035657,0.8467270035683776,-0.5421553259009725,0.8909611801489115,-0.5236193173802413,0.941665454623021,-0.5134980612059683,0.9844685950503196,-0.5985601916294994,0.9368295527158679,-0.5763273720220445,1.0108249001651526,-0.5572667924053157,1.0437980512591747,-0.5439006006893192,1.0634960254670491,-0.6721340987378015,0.945133517042606,-0.6449784333442006,1.026218134625162,-0.6120457979039344,1.0561937089056546,-0.5907022872036817,1.066957884532949,-0.7333495683217344,0.9453192299435541,-0.7098312005904406,1.0204705335810995,-0.6767084905161663,1.0448326543409703,-0.6536779583957661,1.0506640006597818,-0.7812684400638256,0.9401964229284645,-0.7738796642604447,1.0004866235393017,-0.7469705821758272,1.0212781326889806,-0.7215423569287285,1.0267064548730622
-0.044337203860832515,-0.3045035440727151,0.014955583038943942,-0.3632425568888935,0.05164229229718026,-0.3621911226864161,0.08412345857612775,-0.3602835386319076,-0.09909241592790623,-0.36162610642681214,-0.13526072519083868,-0.3600878666202197,-0.16964404826691254,-0.3580009892414801,0.1509116755818681,-0.32923158243535794,-0.21357023429635907,-0.327897252441837,0.028428167998220705,-0.24423743671063983,-0.11102162456913961,-0.24404874260130038,0.49994828935772445,0.007190825285391817,-0.49994828935772445,-0.007190825285391817,0.7204953599341227,0.41969107325919197,-0.7683276206337369,0.3957256614740489,0.6634698098057313,0.8383966147269752,-0.7091007361450292,0.816231695578354,0.6871204406627108,0.9780550659576164,-0.7131101225360782,0.9536826098688136,0.5824885394232364,0.9653820323090999,-0.6123589041554479,0.9326492738843666,0.5527465874772985,0.9313965465821983,-0.581594786430772,0.8967923535137339,0.6394865656034756,0.8430725846229223,0.5327777692622323,0.8721103499235288,0.4839729634228023,0.9192761240335552,0.4813952099969111,0.9714031867133323,0.47276703374304824,1.0130385855509676,0.5641651493480596,0.9623284247091684,0.5540266448969982,1.0353810535482328,0.5331061183338511,1.0659285655541755,0.5125736406735265,1.0791357963935904,0.6355857243600692,0.9678838041316413,0.6164612323291658,1.044819054135758,0.582586036225494,1.0732900587011733,0.551176947110138,1.0801454600972873,0.6925602970351927,0.9659854270316204,0.6804836802068484,1.0353552740756677,0.6461777924637802,1.0615404341301022,0.610898293512482,1.0687534530215745,0.7386030165283598,0.9587156157682565,0.7378439758173447,1.0152255764453455,0.7094388736629981,1.0387269577243163,0.6764159507989415,1.0460173150334842,-0.713101981650005,0.820278878940457,-0.5973031106855553,0.845017481071933,-0.5424663928424392,0.8893052581244639,-0.5232226949797498,0.9407760103222447,-0.5122202874518256,0.9840663350001884,-0.597635820946142,0.9356519040310303,-0.5766397004408867,1.0100225810914694,-0.5574919487354886,1.0433746283496281,-0.5433892204280223,1.0629765251995382,-0.6712434837678398,0.9439381630698189,-0.6449755580383278,1.02535012509171,-0.6125491489097536,1.0561160842072834,-0.5902214120396685,1.0669785460269972,-0.7327251029528916,0.9441922750136751,-0.7096847478054706,1.0189225078756803,-0.6763757309451275,1.0448339790935588,-0.6514242058767133,1.0514736470087331,-0.78145596241049,0.9391951277790783,-0.7746292479462529,0.9991723306008656,-0.7477682974324328,1.0210176230558035,-0.720473360158663,1.0272405551362787
-0.044745863525103055,-0.30435585976907414,0.014130096732566785,-0.36318685598100126,0.05067326823619574,-0.36214308930708916,0.0831541707796173,-0.36023899763726297,-0.09910022383803825,-0.3615553588384905,-0.13512533976291555,-0.3600417954107834,-0.16935819270069755,-0.35795426206295927,0.1502523494708672,-0.32910866385573095,-0.2133689812926505,-0.32770169622612094,0.027665243553845566,-0.24404909318512896,-0.11115679003444001,-0.24392331014337446,0.4999481989815289,0.007197106024334982,-0.4999481989815289,-0.007197106024334982,0.7208422137355693,0.42060943098425335,-0.7682088318621593,0.39584335087546996,0.6628572005394487,0.8387917240984726,-0.7081265947911148,0.8154871692868706,0.6866150782087762,0.9786376587801158,-0.7127623491450843,0.9532546797161634,0.5826155661322913,0.9657936403515898,-0.6116218332788331,0.9322469736377398,0.5528803775373076,0.9318331881305812,-0.5803692050453025,0.8963224453841576,0.6391797542450491,0.8437205199919379,0.5325418992603914,0.8722821857551442,0.4837223804057387,0.9191341399874673,0.48145479706440164,0.9714666687263145,0.47299516071687814,1.0135057257692852,0.5638417203608976,0.9625188236235066,0.5525069046228839,1.0368250101820786,0.5301502771721777,1.0671329089286565,0.5086078478083909,1.0802996219096035,0.6348821992868603,0.967481342551279,0.615487578349458,1.0459123988751227,0.5799967980888598,1.0742116451644683,0.5481531446075166,1.0804401345525496,0.6914489069366642,0.9650174291309013,0.6797625188754721,1.0357604088749022,0.6441521575104633,1.0618038942659722,0.6088927870370068,1.0684529525301818,0.7369810113780039,0.9574103653576121,0.7378103266871989,1.0154982919515319,0.7084734187560142,1.039008092127106,0.6749087276617587,1.0454462845216257,-0.7126883135180424,0.8202541333777704,-0.5967086935039726,0.8453723672413581,-0.5419365745677679,0.8891452533930126,-0.5227407063411811,0.9405920679549444,-0.5117342056613062,0.9837422408351703,-0.5990503124723516,0.9343102806678145,-0.5768132661260561,1.0098394117463727,-0.5573883138388316,1.043595006224493,-0.5437842673698737,1.0634840378545236,-0.6725646860616047,0.9425468410815022,-0.6450132577485455,1.025159553659422,-0.6117168973496815,1.0561930790752276,-0.5895939085073498,1.0665886889267355,-0.733767826402275,0.9430067534976555,-0.7104402081361757,1.0186771724613277,-0.6763958359504835,1.0447402327171391,-0.651341656471025,1.0508134798610829,-0.7821324719148662,0.9383688672277241,-0.7757906033597181,0.998503045524023,-0.7488540389911368,1.020619929334282,-0.7214341111308209,1.0267637235155116
-0.045109425427955006,-0.3042478720395067,0.01374666528978206,-0.3630641506221467,0.05031725953799072,-0.36202331998560605,0.08280357431117853,-0.36012347714945236,-0.09915977491348606,-0.36143950553735754,-0.13509075960440503,-0.35996141948031024,-0.16925509290870436,-0.3579235418691849,0.15003939296803673,-0.32880052914637653,-0.21335134308836745,-0.32759260378223864,0.02720626668087746,-0.2438957749606032,-0.11131884655807663,-0.24384501691001711,0.49994776400378876,0.0072272586512437806,-0.49994776400378876,-0.0072272586512437806,0.7206555856660752,0.42163971593053784,-0.7680300891014334,0.3960355728711647,0.6622458558206675,0.8390526133184262,-0.7078930356719595,0.8144820359074373,0.685630980897549,0.9789421881996615,-0.7125966796039408,0.9523722860480306,0.5823933681318741,0.9659051185197425,-0.6114864491034782,0.9312840596266773,0.5528271911315252,0.9318983870251827,-0.5802141622844796,0.8952363507927121,0.6372690202719725,0.844298709699419,0.5310101410983217,0.8733439386156995,0.4810737122394896,0.9192148801022086,0.4798770233903669,0.9716088122880798,0.4712927133847615,1.0134495258114518,0.5614163444625683,0.9614976923715248,0.5510463972346278,1.035080398414834,0.5294093251746855,1.0657442666923609,0.5083340788655051,1.0796984684771442,0.632677160291091,0.9671715512551666,0.6142833726771845,1.0448910384212402,0.5804477074370807,1.0727639888486036,0.5495860377486821,1.0788911829932049,0.6892524321937527,0.9656889124722079,0.6782166245846507,1.0363280390475602,0.6433053536313644,1.0615728073594632,0.6084376726070165,1.0671883526048362,0.7350220513121072,0.9591756084237211,0.7349317717259503,1.0172854395580324,0.7058129242630182,1.0397950851288131,0.6731656173522845,1.0453527042019524,-0.7123536415334819,0.8182805591816397,-0.5967025856712337,0.8443483053519001,-0.542185630213044,0.8883704526523678,-0.5229529786333448,0.9395370861723508,-0.5126133506226437,0.983009419169142,-0.5980333377684691,0.9335916135981683,-0.5771840810242072,1.0081637141618707,-0.5589676559878255,1.0421541720829601,-0.5460789857993146,1.0631027169986929,-0.6719142957922257,0.9419525494345915,-0.6456881728801558,1.023377374293448,-0.6132566845509216,1.055153076358431,-0.5908743215726412,1.0666517121463501,-0.7336214584620615,0.9423570639751401,-0.7119022436026975,1.017507845062127,-0.6783633773454101,1.0434979042923684,-0.652525592266927,1.0493782825726694,-0.7826283563029091,0.9374428322531317,-0.7773561059645532,0.9976271565388767,-0.7505559521216186,1.0193796934772514,-0.7227815149336562,1.0247707021553372
-0.045271777384607644,-0.30421034149098697,0.013540873420451289,-0.36298610805350134,0.05011552066931695,-0.36194289388641443,0.0825618434061879,-0.36002636540963084,-0.09876912809279317,-0.3614085080101783,-0.13453387095024744,-0.3600245260379554,-0.16850106363560907,-0.3581218412532554,0.1499895302848424,-0.3285800800099915,-0.21311589490497432,-0.32759117571184815,0.02702772739906567,-0.24380673099569913,-0.11133416643490034,-0.24382357576788483,0.49994702992950535,0.007277861270061033,-0.49994702992950535,-0.007277861270061033,0.7205657218986412,0.42202984202641813,-0.7678562581015732,0.3964592842304513,0.6609119941927237,0.8404491426674808,-0.7080579945055796,0.8137434021206545,0.6838476036590904,0.979489764649688,-0.7123723859839014,0.9516924054179997,0.5818813571672581,0.9661618711074467,-0.6113187582701991,0.930481352110921,0.5523296245933325,0.9319654346259026,-0.58009958686796,0.8943775840109706,0.6346695816900397,0.8445819203951108,0.5279945437090549,0.8728741674165308,0.47806528362413614,0.919610471890939,0.47516875728047975,0.9717845398921914,0.46611924225533574,1.0131750494235279,0.5560081743261618,0.963510465241803,0.5451357451616111,1.0361050439658328,0.5224239581854361,1.0659152566646768,0.5000194430880968,1.0787610412098791,0.6267227215798103,0.9685077476568946,0.6083158387964732,1.0453716048486799,0.5730008707181844,1.073052406001566,0.5405117583876003,1.0789047058186352,0.6841254455911189,0.9662894654163017,0.6714012531945676,1.0362578086239307,0.6358458114719724,1.0617716363250653,0.6005033496275873,1.06779741793384,0.7314404744800451,0.9590984902556468,0.7293348779568324,1.0168557289551394,0.6994576734053877,1.039459864283783,0.6662295208974148,1.04519386345941,-0.7153425840036114,0.8180676681206025,-0.6008244651985066,0.8439425935243385,-0.5457001418388676,0.889130727902231,-0.5256328872868123,0.9402087240029862,-0.5148655927348689,0.9832811937179686,-0.6020043737237902,0.9337151611344335,-0.5805523627272275,1.009460486729474,-0.5618653145950087,1.0429993962415625,-0.5479252975209847,1.0631544565888615,-0.6753395415697776,0.9412949213818573,-0.6472773128168244,1.024342358910364,-0.6145850951296565,1.055663760654144,-0.5915203424098661,1.0666872119141526,-0.736836997357745,0.9411061437625348,-0.7148052938563088,1.0174485874888477,-0.6817443305527309,1.0430712285459405,-0.6556230261535199,1.048893130325847,-0.7854862483746214,0.9358577387092264,-0.779914307524505,0.9968540141201514,-0.7538817770108934,1.0183595605133733,-0.7262578995709108,1.0238569584061163
-0.04545942457303949,-0.30412425657072306,0.013316371691584544,-0.3628522649611125,0.04988318872030631,-0.3618076065524894,0.08230445602746735,-0.35988225825108877,-0.09860727964895395,-0.3613210215172663,-0.1342161142514701,-0.36002426756156736,-0.16800223807194378,-0.3582522467513851,0.14986161276076168,-0.328342744939168,-0.2129091999936594,-0.32754253988720666,0.02681073870420497,-0.24369116908871494,-0.11143996840294099,-0.2437598520658538,0.49994784047668805,0.007221966677855928,-0.49994784047668805,-0.007221966677855928,0.7199728871116945,0.422265361864315,-0.7674475282759402,0.3970409097222548,0.6598282681336695,0.8409080352626122,-0.7078044885042039,0.8129221404932203,0.6827687694443942,0.9796066327699734,-0.7120239449786295,0.950878768374307,0.5814132033440113,0.9661556037485617,-0.6110605490040506,0.9295864650417395,0.552006635050308,0.93184565130667,-0.5798770263342016,0.8934087225680212,0.6319141519122171,0.8444549789806022,0.5253330688272057,0.8725242606884359,0.47606009450097236,0.9189998063767802,0.4737194560293505,0.9708647408290111,0.46432613990803184,1.0121722310657135,0.5542836208473421,0.9628106460253124,0.5456537498747273,1.0367754408427234,0.5250565956600749,1.0666606617714733,0.5043460661648498,1.0779571735156506,0.6251845744648354,0.9681841699888457,0.6079426320517095,1.0453331463210487,0.5740631574242795,1.0727345586286476,0.5431761323951778,1.0770223111338622,0.6825011960433153,0.9658177995849436,0.6725824067785907,1.0350535295848764,0.6387344682786921,1.0603201588790951,0.6044396067444533,1.0655048530237903,0.7296498349076204,0.9581371080090703,0.7293509188521851,1.0148139137976961,0.7004709845409379,1.0376127927442922,0.6672775657921962,1.0434336266885158,-0.7149157885259375,0.8166180585559903,-0.6006902900853724,0.8434177692892181,-0.5455071939446352,0.8885446134743655,-0.5253776643940522,0.9394971284331125,-0.5147166152932904,0.982635068378859,-0.600584073312276,0.9326280568265277,-0.5804097547216714,1.007522296776826,-0.5621517879298282,1.0413953867894798,-0.5486102134624983,1.0621330025292106,-0.6742354415861239,0.940645778673319,-0.6481919207575362,1.0231601530957037,-0.6160324226562028,1.0543782107272972,-0.593889611246164,1.065801447401125,-0.7359745697362329,0.9409218648940997,-0.714325018185956,1.0171237900344867,-0.6810598208892747,1.0426577992566093,-0.6560399666298183,1.048643085399616,-0.7848628226539012,0.9357998560581171,-0.7786893838481691,0.9966357546905564,-0.7520722150555906,1.0180652305042266,-0.7252315847458422,1.02353858662608
-0.045606352854001685,-0.30415912885327157,0.013147676361657073,-0.362782056433886,0.04971053014576524,-0.3617142935596755,0.08210500937729169,-0.35976343161872837,-0.09832564618750972,-0.36131083697926253,-0.13385496274549416,-0.3600904122453654,-0.1675013852455965,-0.3584505782984726,0.1498261583916898,-0.32806835447268173,-0.2127808541555828,-0.3275224843904839,0.026632581707852925,-0.24360602941275683,-0.11153868000144553,-0.2437772543358125,0.4999481572665338,0.007200003180359907,-0.4999481572665338,-0.007200003180359907,0.7197197450677764,0.4221023557649242,-0.7671451814493289,0.397397432168807,0.6588085331964326,0.8414525923614458,-0.7086000833791942,0.8123225051694741,0.6815119331578244,0.9798595663024832,-0.7118551938870645,0.9502648224305537,0.5809291344837774,0.9663288333935949,-0.6109802203301975,0.929004313915623,0.5515871189850085,0.9319163944816516,-0.5798866057738342,0.892850620986609,0.6309842414933317,0.8420657535483566,0.5236104554700861,0.8705739781174631,0.4737819725258297,0.9169104781306496,0.4727753130685425,0.9690610842832353,0.46303550575706404,1.0101546790861096,0.55187542656296,0.9606810213635439,0.543670745919058,1.033769602805022,0.5226126908139966,1.064302941568552,0.501430301857411,1.0767069352039844,0.6225974107901203,0.9666795979451736,0.6042574909119292,1.0429716613745268,0.5703414205798663,1.070667365190748,0.538487590568965,1.0758275100768728,0.6793671258777189,0.965128615327636,0.6666411791119787,1.0341205607218442,0.6317404929603794,1.0604416310225344,0.59550133259377,1.067156819196309,0.7265604272845358,0.9579568918141275,0.7241783608507438,1.0143808698464765,0.695667235802986,1.0379915395300334,0.6624283305534086,1.045210250797695,-0.7143716491650391,0.8157121978867705,-0.6012766690018617,0.8426611251328721,-0.5474530667631353,0.887318828102615,-0.5265682669161856,0.9381307666749472,-0.5165370581828609,0.9814470949510287,-0.604589982448004,0.9322700595118819,-0.5836825588675733,1.006671784321481,-0.5645346623197174,1.04051205547812,-0.5506470738540823,1.0615264100381665,-0.6778554930872189,0.9403175342128767,-0.6512684488941933,1.0218544365049764,-0.6181947742451254,1.052710501859788,-0.5945561632838929,1.0635756948880186,-0.7388555562879179,0.940510899456305,-0.7167198766812313,1.015793209584476,-0.6830164114343176,1.0415080798470187,-0.6562042900979416,1.0474906071134438,-0.7866552510981257,0.9355597823983258,-0.7815149261494522,0.9955964032736438,-0.7552164795822431,1.0173871192860546,-0.7272294710267974,1.0234160542109025
-0.045828549974809056,-0.3044193555569027,0.0128933388778212,-0.3630000507355928,0.049444537348041384,-0.361936655698825,0.08180222575682003,-0.35998428134015653,-0.09839296532328498,-0.361527271304959,-0.13386183991946493,-0.36036507932671324,-0.167459270593886,-0.3587977522854177,0.14961130856001176,-0.3281856696608166,-0.21270769033657586,-0.32769699661694723,0.02638322585682439,-0.24384070228896973,-0.11169704065477738,-0.24403153587289972,0.4999477740089623,0.007226566507243959,-0.4999477740089623,-0.007226566507243959,0.7187506465229542,0.42228188549896506,-0.7665056885687327,0.3979390144638457,0.657559703314679,0.8404372844725451,-0.708199075227691,0.8109787985888568,0.6801097430481402,0.9786770940411571,-0.7111430888777528,0.9488342368699985,0.5801017422875772,0.9651236602513108,-0.6103824736842108,0.9276192596184443,0.5508188310271606,0.9307170217834942,-0.5794114191813364,0.8914769626635883,0.6270717204650526,0.8382268598424895,0.522861324678614,0.8688465719474198,0.4735746886006767,0.9168900856102018,0.4720242623069458,0.9678590703885747,0.4621578956058037,1.0080778276560245,0.5532025124636789,0.9597248854492587,0.5414921293396829,1.0309206849130057,0.5199472494956667,1.0610181156303382,0.4992321480692248,1.073711639384095,0.623069816593144,0.9650581819264603,0.6039495662826029,1.0403657884091364,0.5697244901314809,1.0685077543453885,0.5395596495752906,1.0740367131915385,0.6795084627376401,0.9625506904420684,0.66924787402759,1.0308542408311516,0.6358494858716304,1.056851646765,0.6022081132535412,1.06289554724552,0.7260146844019415,0.9544734851659704,0.7276392808335561,1.0109497958336107,0.6993163320348116,1.03403525124992,0.6664442814458654,1.040081276395848,-0.7152001374745723,0.81349710655169,-0.5998104283404693,0.8406555455553799,-0.5456897921562404,0.8856074778979356,-0.5256717741350649,0.9370736343818103,-0.5168588551735527,0.9805709435254016,-0.6029136953204403,0.9310583203085998,-0.5827143081339711,1.0057603971499596,-0.5644713514855859,1.0396061239500303,-0.5506119658769693,1.0603032622962036,-0.6767842553816191,0.9389516454511944,-0.6514477169653987,1.0202050315028148,-0.6190698442352428,1.0513806333390716,-0.5961453805114493,1.062896319851123,-0.7382790257432565,0.9389804250099044,-0.7170282189068653,1.014144906304633,-0.6841339559068341,1.0389944134638904,-0.6593372756556788,1.0449770849503761,-0.7864398788819874,0.934022035401537,-0.7801546357262443,0.9942806367984457,-0.7539706455392821,1.0150801453870106,-0.7282432652636666,1.0203199565862546
-0.04510333597618973,-0.3044745386534254,0.013266254715983212,-0.3629980514833156,0.04973740560201001,-0.3619324663769368,0.08177328285199557,-0.3599765454444894,-0.09715816240274051,-0.36155571902543326,-0.13276860385535016,-0.3604256699767378,-0.16615407426895706,-0.35892398823064475,0.14964416382071496,-0.3280539626080964,-0.21251571165812203,-0.32776937553340785,0.026783416991881723,-0.2438935838322297,-0.11121178434231947,-0.24411920763033815,0.49994643752667783,0.007318442756737186,-0.49994643752667783,-0.007318442756737186,0.7181039986753107,0.42172643998616743,-0.766113037201135,0.397582184512964,0.6555720445699583,0.8396071908506407,-0.7080628711333157,0.810044683123974,0.6781911680905073,0.9780085729231818,-0.7109737848399639,0.9479332487452112,0.5791284243021944,0.9645161153916441,-0.610310057813576,0.9268703311135831,0.5498930614324942,0.9299933582112673,-0.5793579082166092,0.8907201488984325,0.6244506288729563,0.8341648128702626,0.5198518992838352,0.8652800523811742,0.47125631608525514,0.9148290843074325,0.46830390612831335,0.9658297129707084,0.4591882414707752,1.0065176549098347,0.5485885351267499,0.9544674606228516,0.5382395633093203,1.0263798833643605,0.5155783645210317,1.0583186786892405,0.49342477102703325,1.072604390121741,0.617576340748723,0.960755204074329,0.5990031981347159,1.0382178950469798,0.5635926142038695,1.066261254001267,0.5322069735456952,1.0701995376628606,0.6741679618701731,0.9595458296355374,0.6608108014151745,1.0311241593107283,0.6249665334173052,1.056568115944293,0.5899049040005565,1.060597884362348,0.7214399111872923,0.9530629573047719,0.7202046739692477,1.0116525746264091,0.6902791223039652,1.0342720841585886,0.6573419078964378,1.0390468550237768,-0.7140509730565097,0.8125520216707892,-0.6004367488280012,0.8403346297685798,-0.5483449617878168,0.8853605704128263,-0.5284529139348241,0.9354772324419391,-0.521125930670759,0.9780471740862456,-0.6059163769307361,0.9300248181591644,-0.5855061084636106,1.0045895268147933,-0.5660701333522178,1.0382296684017143,-0.5520607097443471,1.0584093914224406,-0.6787541660537941,0.9373665663681013,-0.6520830784464283,1.0186664059551183,-0.6202106771220184,1.0499547716823716,-0.5984013094996422,1.0608441597826956,-0.7397702524856276,0.9369058614869338,-0.71780754174298,1.012060974931625,-0.6859771191834021,1.0378546581025485,-0.6613967670704843,1.0438308901681004,-0.7873976220116575,0.9315557402862783,-0.7831836295428801,0.991241051621484,-0.7577092744934026,1.013446370673988,-0.7308997052135451,1.019840074318076
-0.044175859264822925,-0.30443960734597453,0.013985199690447208,-0.36289524177640686,0.050404563673678626,-0.36181326750249676,0.08209587075049286,-0.3598524844296903,-0.09586416453868887,-0.36153035933748007,-0.13171935140075036,-0.3604559061395316,-0.1650078264548435,-0.3590716424663961,0.15042272453240882,-0.3278401816877975,-0.21258441735493938,-0.32785271681440015,0.027596804396110116,-0.243834680823442,-0.11056179332839502,-0.24409676139348813,0.4999448664927808,0.007424989394976862,-0.4999448664927808,-0.007424989394976862,0.7172086948205141,0.42130439981435863,-0.7658065128425225,0.3972676195854259,0.6537437345275112,0.8390587071387712,-0.7082027849008163,0.8091668656977925,0.675983556145929,0.9775654921106776,-0.7108963907596237,0.9469687908584269,0.5777822172521765,0.9642072898104898,-0.6104074876849388,0.9259616543053033,0.5487026520150493,0.9295440006402385,-0.5794994331726885,0.8898149775377049,0.6241886058718897,0.8343981470679067,0.5192695962077275,0.8648230206616504,0.46876749960667513,0.9139275470705582,0.46511495656276514,0.9653772992427707,0.4563831802194623,1.006038164372135,0.5469413703033265,0.9557420295435693,0.5375722309843043,1.0277650100403521,0.5158590775312993,1.058528910596672,0.49442439673697475,1.0714371982758757,0.6157341450986578,0.9614609399959004,0.5980117902597327,1.0374361494864472,0.5633691358363504,1.0659111359251237,0.5318513920509574,1.0718414078967855,0.6722320820259089,0.959707757904444,0.6612165984637052,1.0291282532704156,0.6268934933446396,1.0550607303378716,0.59189214145232,1.0613759271202856,0.7198485924830317,0.9524030575128271,0.7210386581178769,1.0088643533007782,0.6928222809834182,1.0320689939713967,0.66007783042388,1.0385992163870714,-0.7152624717793767,0.8106089838014017,-0.6018914119432522,0.8381771984664527,-0.5482396237231576,0.8833422238563007,-0.528712789197756,0.9338850114067863,-0.5195795995310161,0.9767233244510812,-0.6047551098276525,0.9289974691203631,-0.5852840084036073,1.0032615374055978,-0.5662257947650431,1.0368770828399692,-0.5515322157854701,1.0564307232514905,-0.6786611556123054,0.9365970342592945,-0.6545076058578665,1.017325756605667,-0.6222943553941281,1.0481170415924113,-0.5998757635855464,1.0584662349636589,-0.7399400862498572,0.9362491362840456,-0.7195362749825241,1.0111376467221938,-0.6870437804676992,1.03633498682643,-0.662654281060978,1.041624038860341,-0.7874330774979185,0.9307429372877564,-0.7830958272693516,0.9904159253594074,-0.7569821694104617,1.011963807989359,-0.7306385401904386,1.0173814897070235
-0.043458737939296645,-0.30437632988250335,0.014514704862764412,-0.3627758850342968,0.05087070304936399,-0.3616824664833213,0.08234095986189463,-0.35970618014667227,-0.09482310303472105,-0.36143568364124423,-0.13080868605343926,-0.3603864952052681,-0.16403822218959374,-0.3590541954885335,0.15094736085456478,-0.3275448157420383,-0.2125713781155274,-0.3278220489465114,0.02821293529330749,-0.24371149903701705,-0.11000675225113593,-0.24404876570912548,0.49994378237129355,0.007497630844782878,-0.49994378237129355,-0.007497630844782878,0.7164510625503262,0.4209607458588167,-0.765493298427331,0.3970123067295544,0.6523798383165449,0.8384776135477812,-0.7082445935226778,0.8084346692916133,0.6742460893741161,0.9771100191369789,-0.7107983767638828,0.9462231373052895,0.5767773702014702,0.9637902982744478,-0.6104459311828035,0.9252555573860278,0.5477890106480323,0.9290614672379119,-0.5795365006650361,0.8891142535267018,0.6223812205372828,0.8349409388621459,0.5181164815597459,0.8651687052546291,0.46861479211342316,0.9138158573157354,0.4647007642026518,0.9651125763529255,0.45532282347991127,1.0053847224122354,0.5460410056674475,0.9552944544421303,0.5367176057836823,1.0271817856210712,0.5152739980472161,1.057669536436797,0.4942077435358861,1.0704542559954577,0.6148919731783494,0.9608381549125297,0.5974522026493418,1.0365797696203256,0.5630380895988363,1.0648679635624665,0.531718542807785,1.0709399200032939,0.6714662411006922,0.9591755265809414,0.6608608424152896,1.0281504155033667,0.6267315751598562,1.0539794535963054,0.5917356289190104,1.0604578645579767,0.7189385487999853,0.9521833139347896,0.7203514070704007,1.0082042717910618,0.6924326646770781,1.0312798647729076,0.6596513077672025,1.0378935678510475,-0.7138240442603205,0.8093412421062408,-0.6010363837547912,0.8376298214960068,-0.5484803109639483,0.882996236094655,-0.5291034733941625,0.9332904058585263,-0.5191675972338484,0.9760960991587148,-0.6051254048874337,0.9283023281399491,-0.5854013753691889,1.0021924451797761,-0.5665972166086433,1.0359025381427318,-0.5518894024856202,1.0560865030398263,-0.6785870968917768,0.9355849755717394,-0.6543641226914182,1.0161712814815134,-0.6227875786962203,1.046953899730568,-0.6007632941122897,1.057606901197691,-0.7394270173210404,0.9350077677529024,-0.7194844389992694,1.0098460859508855,-0.687588551646538,1.0352085396934392,-0.6635521340968086,1.0409956503391944,-0.7866539876068513,0.9293688617190622,-0.7828994386510341,0.9890053183003367,-0.7573419484100957,1.0107100668029212,-0.7313818581245661,1.0165218460966934
-0.04291498305269639,-0.3044763608705584,0.015220447214845273,-0.362826850008053,0.051575508722936564,-0.36172083296258084,0.08278707089887129,-0.3597276138078358,-0.09380236117741818,-0.36149941767282634,-0.12997173817979105,-0.36046466957664447,-0.16307125334618125,-0.3591724864784992,0.15187519034085353,-0.32743777169101757,-0.21223950884275272,-0.32798018618075103,0.028695094100251867,-0.24379614756639964,-0.10963543242798691,-0.244169635384437,0.4999402184536832,0.007731621594693418,-0.4999402184536832,-0.007731621594693418,0.7158633688808332,0.4206847166109264,-0.7653253680197497,0.396578668679231,0.6511265077211945,0.8380266305719665,-0.708197430290756,0.8074666977350831,0.6722993568426407,0.9767678203431427,-0.7108269655913939,0.9453372506122268,0.5756925625106507,0.9633081977227217,-0.6105627258293402,0.9244727841605472,0.5468365354181501,0.9285279873751633,-0.5796028200919129,0.8882972433571548,0.6247438984066298,0.8318975009330037,0.5206403810844313,0.860841362190035,0.4704745529165781,0.9103104882238806,0.46755811194035135,0.962352038089541,0.46050036715401466,1.0032488578552408,0.5482948522156544,0.9509499692970079,0.540940089267681,1.0251659859498157,0.5197408513731191,1.056264866138359,0.4983979198672855,1.0691918978269217,0.6175578695115707,0.9571355362390573,0.6011034100707036,1.0347114023039463,0.5666884049335623,1.0633663353881793,0.5351021992268991,1.0686194348072173,0.6737522803142528,0.9562076915668107,0.6645836262974513,1.0257642598862902,0.6303506459091731,1.0517597054493049,0.594789173782368,1.0579816773411268,0.7201079163580232,0.9497717202083362,0.722231731046873,1.006438047026589,0.6947357851731253,1.030103190566594,0.6616614067577686,1.0369207397319444,-0.7128944392865482,0.8070810749337881,-0.6007462948491248,0.8353902573045723,-0.5487510698005031,0.8810570885843914,-0.5291249494974374,0.9313394511152733,-0.520414535562694,0.9739137878522405,-0.6041418750452421,0.9267564724383456,-0.5852243029312689,1.0002077925271469,-0.5670093078241504,1.033195877728228,-0.5533276920576292,1.0528778574780346,-0.6779724615155368,0.9338904942623011,-0.6543047176219765,1.0140796193407604,-0.6235166278379732,1.0444943176161172,-0.6028963056923083,1.0550687035029738,-0.7392992960704183,0.9328576723539378,-0.7196091300223822,1.0074331156537066,-0.6879649460623775,1.0323764774301718,-0.6645626308502279,1.038016162744414,-0.7869319946379574,0.926654191865175,-0.7830180772998397,0.9861836042570779,-0.7569947983228453,1.0081047773460718,-0.7311716502602092,1.0141466506768495
-0.042925891891343285,-0.3044746449831557,0.015560182747911093,-0.3627905172627612,0.05199696527518648,-0.36167804075365345,0.08314053143202416,-0.35967575632020493,-0.09346540319373328,-0.36147212285360314,-0.12972331921409258,-0.3604437848412902,-0.16278156564867716,-0.35918064843803627,0.15298145240645109,-0.32728936637203976,-0.21203252571582948,-0.328069813504208,0.0287841744535263,-0.24372809432189038,-0.1096915219274312,-0.24416236063658273,0.49993838494086973,0.007849284216714388,-0.49993838494086973,-0.007849284216714388,0.715184298475647,0.42051328052777576,-0.7653747409114721,0.39611350153051,0.6503196786182844,0.8373987381923229,-0.7083750488700563,0.8058392929666599,0.6714813769768908,0.976230723562568,-0.7112497166650082,0.9441878189193956,0.5752184650330351,0.9627483477317845,-0.611110176428901,0.9236019975491486,0.5463714755118216,0.9279849008467133,-0.5799513998801943,0.887138259897042,0.628404391984038,0.8335044928006281,0.5234807984318951,0.8628488043749786,0.47407994861702035,0.9108187221345247,0.4706110165878418,0.9627225478265888,0.46173103578539176,1.003445580275248,0.5515676534328667,0.9513128285587241,0.5430742861351395,1.0245470146761961,0.5215336757360477,1.0554235325605983,0.5003065149314225,1.0683134732549115,0.6220618511112401,0.9576388112834113,0.6039522430299572,1.034387945678881,0.5688131572267016,1.062399326330325,0.5370919812520509,1.0670408062896637,0.6786225596911181,0.956571195803487,0.6677296086735899,1.0253805056433,0.633005246719524,1.0511472945427232,0.5973905954996023,1.057039299757627,0.7246669188546819,0.9499914498321741,0.7253138418506324,1.0061241495370525,0.6967741407524954,1.0295421843806423,0.663106804765027,1.0359320892585009,-0.7132037706786694,0.8065306919185821,-0.599935929430098,0.8350120544251199,-0.5486245388745039,0.8806957925257625,-0.5293390134724568,0.9308612052028157,-0.5207010511836704,0.973630709235986,-0.6050191846317606,0.9256948704556909,-0.5853034361837459,0.9989795011639185,-0.5671595565866061,1.032204773104154,-0.5539207395623337,1.0527880914985237,-0.6786413320101969,0.9322628716940418,-0.655057619417198,1.0129418707533047,-0.6240340998341624,1.04337651712708,-0.6033156207424244,1.0544874195825293,-0.7397348336353619,0.9309101095007238,-0.7207332997270729,1.0060030440119179,-0.6885992290009889,1.0312024275336427,-0.6653194354404625,1.0377169035955427,-0.7873609772850064,0.9245904804840326,-0.7832044007677216,0.9849229811742289,-0.7566333864652971,1.0066303282740627,-0.7307745650682358,1.0127264222912604
-0.04304261132040648,-0.30428123752248787,0.01587899694900749,-0.3626325913434507,0.052409550823348604,-0.3615211534869659,0.08354116968826582,-0.35950909094788347,-0.09344178418482926,-0.36133873752143336,-0.1298068641569274,-0.36034310251800167,-0.16283050719205155,-0.3591095085347301,0.1541689735969841,-0.3270951696677372,-0.21211034873868415,-0.3280147579098123,0.028970976356019727,-0.2434364162845384,-0.10993180242207835,-0.24394525575356482,0.49993665542204246,0.007958678622858551,-0.49993665542204246,-0.007958678622858551,0.7143521355162016,0.4205596234883886,-0.7659708481523034,0.3959666784360116,0.6494347695532995,0.8362728061278673,-0.7091932772445287,0.8051925910231582,0.6705769243511063,0.9760681236038111,-0.7122672028526293,0.943979085639587,0.5747320143765475,0.9624682673450049,-0.6120431545646108,0.9235030619665745,0.5456577010606338,0.9276892917866691,-0.5807660842358837,0.8869432445283696,0.631005655163181,0.8346789045145228,0.5263006236585186,0.8628997613922246,0.4774139149895825,0.9108059481482771,0.47378465550013243,0.9620913064368121,0.46553098282641664,1.0026544564209627,0.5559500045090453,0.9508587184758297,0.5457920824262715,1.0241712618456047,0.5235175047163144,1.0551856339316203,0.5020798264281726,1.0675568055550402,0.6258415987584534,0.9575209923410051,0.6059570071130038,1.0351144870665392,0.5702117563768234,1.063707491766272,0.5388566177905518,1.0681234020580082,0.6822513536217426,0.9566754293640986,0.6702919896503272,1.025819262547408,0.6350018643416073,1.0509564713829624,0.6000138083204026,1.0560236884941143,0.7277024813883797,0.9501835387490511,0.7270205633409746,1.0066972562734355,0.697576990054727,1.0300607465966403,0.6637637121038965,1.0361279304887696,-0.7148716600365073,0.8066199598553041,-0.6010878966282719,0.8346126764489362,-0.5489275192755201,0.8798697405815292,-0.5299663663410752,0.9305731004913783,-0.5205891268337468,0.973583801050532,-0.6060060043301311,0.9256959040218945,-0.585631247989963,0.999071402558666,-0.5674832178316942,1.032004078265332,-0.5541511616869309,1.0525392066364114,-0.6797063861828248,0.9325501237632028,-0.654991285003661,1.0129991262468148,-0.6236608856802611,1.043503503723125,-0.6024925476937341,1.0550023516105786,-0.7407094616937744,0.93133433819873,-0.7204655250354843,1.006272357027071,-0.6884247141946015,1.031373949025028,-0.6648397256462304,1.0379151256423724,-0.7882503352101455,0.9252093972726588,-0.7834769088783103,0.9852975051042487,-0.7572161332091434,1.0069198133775576,-0.7311261258369974,1.0132590328995523
-0.042935852353999764,-0.3041904763813079,0.01630311623693687,-0.3625206982571819,0.052895496935379836,-0.3614075484898274,0.08402230938906326,-0.35939248468947843,-0.0930863914447235,-0.3612306686357254,-0.12952017693121867,-0.3602394485610516,-0.16256235376803146,-0.3590119716627541,0.15525966016157067,-0.3269326255877968,-0.2120809178849316,-0.3279502140411561,0.02926230824623028,-0.24330136695343615,-0.1099098019859054,-0.24383710696855354,0.4999349807335903,0.008063190367636471,-0.4999349807335903,-0.008063190367636471,0.7135540700810024,0.4207658484295597,-0.7662084503273439,0.39578383055918415,0.6489055419912731,0.8356491906557653,-0.7094833313277303,0.8042300163975324,0.6706921742927683,0.9756849134073303,-0.712755319923741,0.9434558257366262,0.5755935579789776,0.9621092402525651,-0.6124791665965984,0.9231677642121039,0.5459529982275527,0.9273732319075646,-0.5811332271419409,0.8865530570032412,0.6333462738676559,0.835014809807974,0.5284855833427089,0.8634399220309398,0.48031074795422335,0.9113025712133825,0.47666825476719393,0.9622093246096195,0.4676804870337877,1.0021656945245963,0.5581977419034113,0.9517179818813877,0.5481923857166457,1.0246983402259817,0.5267300652259905,1.0554860206851846,0.5060851644745857,1.06795191229615,0.6276181766555458,0.957903580087187,0.6087282166111071,1.034904250066691,0.5742870721795824,1.0631041724862842,0.5440244496550806,1.0672447778195768,0.6835152900704512,0.9563416867073855,0.6722583020107529,1.025448010554303,0.6377678852803705,1.0508272863342176,0.6033546489868706,1.0560247439840218,0.7291464430304146,0.9490678635885366,0.7296455175262649,1.0048050345020723,0.70129546857109,1.028411277402784,0.6682385677855952,1.035077472992362,-0.7154684721145447,0.8067515647855521,-0.6013238988882526,0.834724950112351,-0.5487747996867357,0.8791985889889964,-0.529893981963374,0.9299194164450131,-0.5209708841222184,0.9731991644239494,-0.6070591174873069,0.9256098225242323,-0.5859511341146079,0.9987277968597761,-0.5677368397152454,1.0316667135858972,-0.554701622088574,1.0525206366676119,-0.6806369986905076,0.9324311488672447,-0.6548833689212258,1.0125806266956152,-0.6237867742445761,1.0434689689216248,-0.6029341022173246,1.0550546956002633,-0.7412682946640055,0.9309422015861425,-0.7205170542832302,1.005790672949141,-0.68908950758359,1.0311491619779753,-0.6657046050879024,1.0376914069407397,-0.7885438143633816,0.9245754891880581,-0.7842634758700476,0.984511391349945,-0.7584256405118979,1.0062437471347299,-0.7324586578391644,1.0124331947388774
-0.042644378306011185,-0.30421200889159755,0.01686212757811047,-0.36255643927078995,0.053593994321144624,-0.36144105086161044,0.08470030668146965,-0.35942089541541716,-0.09290318127366978,-0.36127239974459285,-0.12950124376290575,-0.3602900454927868,-0.16252336350387206,-0.35907127163858626,0.15648368976876023,-0.32693822821997964,-0.21225214760720493,-0.327999132307109,0.02976124269246748,-0.24324270484868657,-0.10968983940215596,-0.24382537905605375,0.4999337960866743,0.008136309382486868,-0.4999337960866743,-0.008136309382486868,0.7132187392615056,0.4209423585948651,-0.7668444037981176,0.3959529221362319,0.6487757227707089,0.833838797875097,-0.7100860832677256,0.8044715557659359,0.6715490142430531,0.9746992526890436,-0.7134834599075092,0.9437484998065155,0.5771371178112691,0.9614316464354495,-0.6131902408179499,0.9235812146354838,0.5466665200495651,0.926792324202534,-0.5817936983675519,0.8870205018228476,0.6362695493570744,0.8351383355918419,0.5309355678573412,0.8636176565232803,0.4819510819485173,0.9110066951641538,0.4792282135147509,0.9626408903463939,0.47048646394934057,1.0032334429907446,0.5619417676824503,0.9512810054609815,0.5527277564845695,1.0247060416017066,0.5309440389180133,1.055672773985048,0.5096543382079264,1.0690295188998054,0.6328354968750626,0.957671073069349,0.6136989857685423,1.0348888341019076,0.5783169055339672,1.0631966160547357,0.5464241321998788,1.0687572898136606,0.6892179140881295,0.9564547057664757,0.6774776015688966,1.0252938176978879,0.6425525735624034,1.051166362231589,0.6070182067598363,1.057935894853246,0.7343472972947163,0.9495825577962224,0.7347377361820583,1.0051993066389937,0.7063146322896257,1.028868220253308,0.6728433538089311,1.0363651089481298,-0.7150468519117799,0.8081200801022371,-0.6011182092637612,0.8360940252549414,-0.5486308435049648,0.8801789651854776,-0.5310073793489479,0.9306899747322378,-0.5222038295454524,0.9733739167420699,-0.6062459925699306,0.9254527414717026,-0.584376312989963,0.9988167474707674,-0.5661824961693748,1.0313837402247137,-0.5533732898126059,1.0515947283678493,-0.680216064455264,0.9327931080681966,-0.6537232072514365,1.0132033038295054,-0.622856491141258,1.0436663931510681,-0.602980109894671,1.055321032443049,-0.7413513242777059,0.9320613239405895,-0.7196792706927366,1.006673656244154,-0.6878719780617941,1.0316913937463965,-0.6652262338097971,1.0381130353081782,-0.7891263737514791,0.9261471759227099,-0.7838247411774253,0.9859634530936823,-0.7575161295432163,1.00758159992892,-0.7316657252817264,1.0136324400621906
-0.0430185251762431,-0.3043697559810241,0.016561493847202634,-0.3626848344636893,0.05335601648975467,-0.3615574356188073,0.08448185637991998,-0.3595269618854491,-0.09319196359406147,-0.36141267009434275,-0.12977506885391243,-0.3604446770664859,-0.16272612942844464,-0.3592450399359429,0.15642483192909634,-0.3269861184557569,-0.21218604621936116,-0.3281228601189178,0.02945785787425378,-0.243269939744986,-0.10999699678165575,-0.2438993760073785,0.4999317499978002,0.008261074030472984,-0.4999317499978002,-0.008261074030472984,0.713352733789964,0.42099654182635704,-0.767654542074449,0.39626831714975463,0.6507770412190155,0.8328849916434379,-0.7109242752614711,0.8036151941061881,0.6761423112574333,0.9744215610566678,-0.7142685226167166,0.9431211934683456,0.5809838770511092,0.961392471219429,-0.6140183487661512,0.9233431213960889,0.5490967419477917,0.9265948074279742,-0.5826669327892954,0.8866672621774493,0.636577691154069,0.8359134132137737,0.5333611243411222,0.8644327031218632,0.4854725347399028,0.912035614382722,0.48233296252736335,0.9633631316522598,0.4735811497429669,1.0039966857479778,0.5648824447658527,0.9517501048494041,0.5563276980247394,1.026414441096,0.5343609022146698,1.0572609596149432,0.5130194010052815,1.069165443821012,0.6349345109495678,0.9579878326573709,0.6160365901498043,1.036063164435163,0.5811133280590136,1.0646631685877643,0.5502594893937904,1.0689982362691357,0.6905079056971142,0.9565249592138794,0.6788806238725547,1.0263670527806066,0.6439471521040574,1.052490150594465,0.6089618614053126,1.0583686133284111,0.7352081863224015,0.949558106309308,0.7364007922598068,1.0059105187294222,0.707816776847765,1.0301764183777944,0.6740531800361184,1.0375645649643404,-0.7145186597205319,0.8053581594626157,-0.6003671428128002,0.8319073668441596,-0.543043944151117,0.8776503830435343,-0.5242031397558827,0.9302304158687189,-0.515671123995324,0.9722428543611332,-0.6021971793828779,0.9234556204862916,-0.5774866771656909,0.995574086910767,-0.5546509992556914,1.0252794331516952,-0.5371798327565889,1.0418722784148746,-0.6742648863719621,0.9320288602285342,-0.641934593465543,1.0066548620248728,-0.6054827692501666,1.0341000167840408,-0.5819287538275546,1.044836745022972,-0.7337769050891724,0.932558415021286,-0.7042083300024289,1.0018029534890258,-0.6668760655614167,1.0241656151045175,-0.6421997561327759,1.0301490641469575,-0.7799428523716634,0.9285562213602405,-0.7664513411884801,0.9852819612406505,-0.732477482806703,1.0067561882602265,-0.7029568739416384,1.013746927957923
-0.04363245407607022,-0.3045603229478439,0.01599911274773076,-0.36291423573562376,0.05282454538879309,-0.3617794429702668,0.08399625770296254,-0.3597420793025962,-0.09381975341706901,-0.36166386222564717,-0.13044053391398822,-0.36071222493550076,-0.16340379596857207,-0.3595207503704471,0.15608567436010834,-0.3271097502724322,-0.21247105137984934,-0.3283534723467301,0.028917743197657796,-0.2432788144852518,-0.11063651076518691,-0.2440031461909001,0.49992942462514883,0.008400618665767133,-0.49992942462514883,-0.008400618665767133,0.7133876840163829,0.4206740500003918,-0.7693862173929555,0.39522180118895395,0.6526947794125462,0.8328970653805244,-0.7103194442161327,0.8035885262373385,0.6792035461230932,0.9747660189595558,-0.7000395057782779,0.9429046780824095,0.5838329478190838,0.9619058054664591,-0.606997873937998,0.9232873771207044,0.5513118616407054,0.9269930943723057,-0.5802475347954102,0.8866452927500896,0.6382837210325091,0.834012964212649,0.5344798734688596,0.8645742868062749,0.4873373893068077,0.9128991841572384,0.4846054807976152,0.9637404449423572,0.4751500311910633,1.0041613159594205,0.5662361409418062,0.9519338574198136,0.5575410757502335,1.025690181696612,0.5368090327278261,1.0575848761497704,0.516513863712605,1.0713681932379282,0.6373218655947983,0.957843609821527,0.6200462555824688,1.036210824987941,0.5855420775956535,1.0650676448906866,0.5548251692457172,1.0695757759189468,0.6936024584031952,0.9560982345403894,0.6845493724563952,1.0269259991661903,0.64967946190487,1.052961646364983,0.614535010935766,1.0582683352651612,0.7382322422405959,0.9490149375306692,0.7397092465517409,1.006620804798642,0.7108938776249639,1.0306159072083525,0.6769256703971855,1.03750370984769,-0.6948613149036026,0.7991266660659734,-0.5854249544891372,0.8170288605987599,-0.5162977402518566,0.8625389474885934,-0.4872302915526188,0.9103164991615331,-0.4756570826645408,0.9474760459484268,-0.572495238313079,0.9048790950906257,-0.5481006641721726,0.9773074457745294,-0.5173709349389717,1.0017334455390774,-0.4948071443692221,1.008591943302381,-0.6382607783992985,0.9165127452855232,-0.604170724581696,0.9892534242534702,-0.5647105522309211,1.0106766382007508,-0.5361760859645459,1.0168169737059924,-0.6956335562256613,0.9215497136490494,-0.6643763392238541,0.9901969641436599,-0.620797385826069,1.0073538122899581,-0.5876790200032674,1.010758383381266,-0.7394271871199167,0.9195912996309563,-0.7214523087827572,0.9763640986795769,-0.6894992937703871,0.9904300535852699,-0.6620270328626144,0.9902202923673445
-0.04391277463818838,-0.30476503028165675,0.015797814621342738,-0.36313617344679666,0.052717563637895565,-0.3619940848858294,0.0839490556915902,-0.35994363078612657,-0.09416351379855886,-0.3619150839963503,-0.13083362386276512,-0.36097932376578074,-0.16382040185766936,-0.35979064493665913,0.15605709344856725,-0.3272367802408783,-0.21263108695328642,-0.328559442263512,0.02861582951455026,-0.24334304446395996,-0.11095115458277034,-0.24416826132536834,0.4999289626950109,0.008428063756898252,-0.4999289626950109,-0.008428063756898252,0.7137165590065505,0.4196121634060815,-0.7726230561846438,0.3924171441498731,0.6561169043811585,0.8320828489696382,-0.6829514519353117,0.7919704608322328,0.6830130899919382,0.9745030288055442,-0.6435355063156583,0.9227708541621218,0.5866142561538882,0.9617847537410563,-0.553529571073732,0.8958341552746862,0.5541455657992673,0.9267224419989956,-0.5402975490771739,0.859499147884534,0.6415880716908805,0.8341715977617992,0.5375793011339257,0.8644734065764226,0.48979427715898144,0.9126940447356008,0.486391354840248,0.9638735025332172,0.47672334366722185,1.004390444676087,0.5669788214013121,0.9535644169872022,0.5581868616058793,1.0259014512174678,0.5367404833867829,1.0568813751151656,0.5153878644650902,1.0701728165841524,0.6369282731939879,0.959140008456884,0.6201893448019461,1.0365705261646256,0.5864475729585037,1.065615651721455,0.555809311027271,1.071330531694687,0.6935405613911652,0.9569538348803837,0.6849243520482732,1.0272246920011967,0.6509543554130024,1.0533397430539768,0.6165313817606453,1.0592623982603444,0.7396265357113057,0.9492698167413082,0.7418605535383329,1.0067299899427846,0.7139505714093297,1.0302232532348308,0.6813641996320416,1.0364376040331211,-0.6662356739870732,0.7857879418941721,-0.5560370535181869,0.7904940412786715,-0.4717228478056894,0.827234374355748,-0.43052672951773774,0.8716081804362626,-0.4079692264562611,0.9070308674201962,-0.5107655889791957,0.8747533611473184,-0.45504507516936155,0.9502739672412802,-0.4506707023525283,0.939676465749548,-0.466514287330474,0.9148615050366932,-0.573802125331814,0.8936242524932875,-0.5106399013613798,0.971531862263744,-0.5013872477342595,0.9614812900068669,-0.5131004076969502,0.9389304426979838,-0.6281258956988436,0.904871509774435,-0.569818416254163,0.9776100112843243,-0.5597774900155372,0.9684966461607545,-0.5678060639265532,0.947616103372286,-0.6714464530464864,0.9094294463185926,-0.6304576276907576,0.9732120057227751,-0.6178533685620015,0.9698858657093229,-0.6208111271384321,0.9509557478112901
-0.04473987044356189,-0.3051445270016203,0.015121782226425804,-0.3635629440111757,0.05229865891255118,-0.3623971607149635,0.08366218351853483,-0.3603264186795652,-0.09523639407820104,-0.3624486875826043,-0.13197911098463577,-0.36152362079750977,-0.16506235688229537,-0.36026097085706454,0.1561545892180705,-0.32771600188065136,-0.2138849823683388,-0.3288819785234589,0.02797024352225373,-0.24356382975304017,-0.11206218818543667,-0.24448899321143236,0.49992754246984533,0.008511890510398757,-0.49992754246984533,-0.008511890510398757,0.7149741995192468,0.4193799792545999,-0.7899623230705958,0.3730734696861713,0.6610902435353848,0.8326993161337011,-0.6272179501824068,0.7458640733034548,0.6869689119265995,0.976009359324498,-0.5720189473307801,0.8713771424389484,0.5891183268703302,0.9631730788641724,-0.4847455811156401,0.8410495688904497,0.5570734488625965,0.9280431625822263,-0.4737151578551856,0.8021683419669727,0.6436886632674195,0.8361876754056575,0.5372761109325751,0.8667395310046756,0.4889866386830033,0.9162068707126645,0.48738978915262476,0.9671600790053438,0.478375004147915,1.0071656163803464,0.56903734948504,0.9579074776884454,0.5618812053007115,1.0285176542829764,0.5399901170904542,1.0591193933035754,0.5181943487516676,1.0716519262627235,0.6385460305262877,0.9635825869529654,0.622575021716764,1.038562009907527,0.5885622620623185,1.0667451763678275,0.5573460675619346,1.072261934770817,0.6948139500298938,0.9617891039351919,0.6866475698852519,1.0300327182035534,0.6527061551244631,1.0554771301417798,0.6175431765747249,1.061585915819502,0.740919959179022,0.954603184375191,0.742763712311567,1.0099530942444301,0.7149098151030201,1.0332666333561276,0.682087103742494,1.0401870880408157,-0.6219150331137918,0.734228668546384,-0.5162961685525526,0.7330088448767923,-0.424164775784526,0.763731812212629,-0.37355234086601935,0.8015258512308729,-0.3447052221975434,0.8288540390468664,-0.4929138947262347,0.8193920433672849,-0.3965940346647598,0.8909935079557921,-0.3853777086529481,0.8669700001462437,-0.4106457884962834,0.8394389917518066,-0.5494003925557995,0.8438581215334183,-0.4493020566561576,0.9181790059844723,-0.43892321142178076,0.897323288791914,-0.4655722693218697,0.8699367103041475,-0.593814618996269,0.8617223802038775,-0.5060212471131362,0.9309657897164074,-0.49643231939375654,0.9127181247475173,-0.5182947923079131,0.8876412646869093,-0.6277948964227082,0.8729567841223473,-0.5635035765816664,0.9346036059065117,-0.5535052374467913,0.9230325855656676,-0.5712230360713294,0.8986888957943433
-0.04748698119125271,-0.30686115950860027,0.012666805379806962,-0.36549751143350023,0.05007879181760104,-0.36433473742962524,0.08176802619889675,-0.36225427537106286,-0.09827232578389009,-0.3643421201217133,-0.13517335221663968,-0.3633007719745504,-0.16848114469756492,-0.361690665114548,0.15479023364224814,-0.32946861407399963,-0.21716193634166828,-0.3299805454858978,0.02557621962132469,-0.24513952227567404,-0.11512254334948484,-0.24599640026131994,0.4999215689735409,0.008855782011383831,-0.4999215689735409,-0.008855782011383831,0.7163854037798,0.4210253614265706,-0.8230763784909104,0.35870786322958675,0.6654261773603509,0.8349639698630245,-0.5857855807413928,0.6758694810223886,0.6940766568219124,0.9791446435602247,-0.49045637487249044,0.7878324750098821,0.5937270260517344,0.9661334258804395,-0.4108240352117887,0.7498937917760137,0.5608252816356545,0.930955675206148,-0.4184883381467707,0.7181742495008826,0.6439761540611313,0.8391144027861293,0.537383485723615,0.8702720833370821,0.4902154659727736,0.9196560764025765,0.4890085900977408,0.970369731169411,0.4796259655792545,1.0101958579200123,0.570317286565867,0.9618596242869153,0.5613702408805784,1.0328902533988176,0.5393917722529477,1.0627650940587785,0.5180579292134302,1.074889028718397,0.6397013810607532,0.9671864309098468,0.6227676225057406,1.0422031309052084,0.5890914725458936,1.0705243034433667,0.558262321792861,1.076854573346167,0.69576826471694,0.9648437861414717,0.6870425055129235,1.0327472623099534,0.6535959961332902,1.058872278233274,0.6186711998037014,1.0663039292267957,0.741747671041598,0.9572164938076155,0.7435622590443035,1.0126144667043466,0.7162464925997214,1.0366575634588244,0.6834102210055805,1.0446023115524687,,,,,,,,,,,,,,,,,,,,,,,,,,,,,,,,,,,,,,,,,,
-0.046014844400179,-0.3053981807414295,0.013925353967246042,-0.3638534016640365,0.051329439382923864,-0.3626999572189253,0.08296727055260665,-0.3606077661953742,-0.09672032415796128,-0.36299799812581496,-0.13347015218823235,-0.3620540244577447,-0.16689971352567354,-0.360458503747039,0.15556438247029739,-0.32832438945633535,-0.21520082885142172,-0.328995683282019,0.026798707747393305,-0.24440162627888035,-0.11340306470320656,-0.2453715417991904,0.4999114956080822,0.00940726096642446,-0.4999114956080822,-0.00940726096642446,0.7151607234375633,0.41980116833134296,-0.8486168399221584,0.35055597603813293,0.6670653037685675,0.8311071060388124,-0.5312041452662455,0.5810954090161347,0.6972308380256838,0.975079739667975,-0.42609927894723254,0.6583256583054942,0.5958121346736297,0.9620216953875532,-0.36040705563336195,0.6101438948596404,0.5624280683755644,0.9269132702991881,-0.3787536562463327,0.5845077305652335,0.6454727772930661,0.8354599165295612,0.5399132509741633,0.8651358467246288,0.4917891791101563,0.9139768042516514,0.4902996521614007,0.9658413427359998,0.4793339925004421,1.0063739380934362,0.5711968016244514,0.9561857466131526,0.5627111055992556,1.0282102018224448,0.5403480673930487,1.0584568527667886,0.5187032700212432,1.0704824500472476,0.640516721939785,0.9616867744593822,0.622497588812364,1.038292870527688,0.5884254826422065,1.0663714408508835,0.5576859365053058,1.072052512895494,0.6960591955648222,0.9596789912535667,0.6850348763424556,1.029291241396379,0.6514959333146003,1.0550358194016392,0.6175765743191981,1.0614411337539302,0.7419476218343101,0.9521874102377108,0.7426788335948313,1.0086494644458763,0.7148945290582367,1.0323461848914874,0.6827638026959971,1.0393421603720154,,,,,,,,,,,,,,,,,,,,,,,,,,,,,,,,,,,,,,,,,,
-0.044741868955024106,-0.30478448234600886,0.015258270569196068,-0.36313222261472433,0.05261018381497386,-0.3619090568655461,0.08419492996787228,-0.3596820276537889,-0.09555353249754103,-0.3624949900674074,-0.13215363499692398,-0.361621645278483,-0.16599729131073276,-0.3600802496913936,0.15653241716076485,-0.32739222947992036,-0.21407675751081937,-0.3286579031613029,0.02764527523139801,-0.24405726396322178,-0.11229344602639846,-0.2451991815965278,0.49991072063547437,0.009448354021770343,-0.49991072063547437,-0.009448354021770343,0.7150866463250534,0.4182581514491656,-0.8488715715247852,0.34001186846200393,0.6681144151499515,0.8290515235675117,-0.4535489613321882,0.4928827586125223,0.7000656956091751,0.9727976996346331,-0.33164442352993273,0.5392055845142668,0.5982462523823806,0.9597164631523858,-0.2809408653877262,0.4967113707790127,0.5651296749271387,0.9246680933963329,-0.30967854617230595,0.48098536804216424,0.6448732032172594,0.8328134755675908,0.5401549122320064,0.8627380937500383,0.4918315084664293,0.9113725782922012,0.4909772922469968,0.9628307488399706,0.48098000624617027,1.0029022036574542,0.5711576861494534,0.9548734571492024,0.5640057265560827,1.025046131285655,0.5438699122887871,1.0544104176345004,0.5239414207999242,1.067327032488393,0.639933008623627,0.9597763606932191,0.6259784273524552,1.034282332082151,0.593339291263017,1.0608963552173796,0.5632436752623841,1.066043679371571,0.6954247955018356,0.9570678325403116,0.6882324533728708,1.0250009183032194,0.6555135183016126,1.0497067217182228,0.6215550905708522,1.0558999342225133,0.7411376325764487,0.9493188297173444,0.7442783891127243,1.0046425170454722,0.7177584630819662,1.027661141987713,0.6858786732359954,1.0349417846849385,-0.4062497089059238,0.4654964436362915,-0.3226310995506985,0.4047392764830878,-0.22697752849907216,0.3767425862439782,-0.17381372717160593,0.363980159253263,-0.14263097080484846,0.3499316740954945,-0.12740965315398908,0.44356157774738647,-0.1328350178283713,0.457400614730112,-0.19587756599117623,0.4536098732668582,-0.24078652010244422,0.44653751943743364,-0.13534897558250736,0.4983359466607109,-0.15132026840996185,0.5040192571964237,-0.20957110991503894,0.49516176343229285,-0.25399605325279906,0.49099347424391554,-0.1682605488738004,0.5488187533822656,-0.18698239474168254,0.5504941455647354,-0.2422250271718119,0.538964641825818,-0.27855076029060355,0.5323384280666648,-0.21896826120029048,0.5934644481406776,-0.24560817553058875,0.597344069825813,-0.288005780329015,0.5821351181188676,-0.3136887831400328,0.5726087040761403
-0.04623407044731276,-0.30382012935968683,0.014839104851737724,-0.3626476248194715,0.05263556749396804,-0.36144365359093195,0.08446745345591226,-0.35916936759629225,-0.09619201482011118,-0.3621099064123761,-0.13257614518317332,-0.3612629322715092,-0.16709845938651366,-0.35968804744727734,0.15641096779703442,-0.32722769584885913,-0.21389658329950076,-0.32855285666807044,0.026487995203579404,-0.24331743424702815,-0.11268993843507472,-0.24482863171858643,0.4999084628359921,0.009567067730266403,-0.4999084628359921,-0.009567067730266403,0.7152961903055645,0.41847756243725814,-0.845075165697982,0.33187571288502943,0.6699436436631259,0.830386098198332,-0.37773195980384844,0.39558432689031475,0.7029775680052737,0.9739451225179447,-0.2546618043435216,0.40369262566013886,0.5998950938306892,0.9608786811964275,-0.21082519065106478,0.3519630325024964,0.5668977003220933,0.9261241352655081,-0.23993697914965417,0.3423001438159692,0.6478022861189148,0.8355442905528085,0.5423712079311687,0.8649560571131565,0.49391296058232886,0.9135764704373927,0.4923699677556422,0.9650399103791579,0.4822859114166848,1.0050311223069985,0.5742777018388853,0.9551955272338736,0.5661346117990118,1.0267580771679559,0.5445970760749897,1.0564769733289057,0.5231921337468222,1.0692523276910104,0.6444147761251141,0.9601155926733461,0.6283531930220189,1.0365322979186409,0.5941576268298916,1.0639292633734667,0.563354016182738,1.069304128026417,0.6999880314838703,0.9574817002457802,0.6908990054683231,1.0274191112988926,0.6571226740802899,1.052158796861286,0.6235751919352477,1.0575887476918144,0.7447883633566929,0.9495135329803213,0.747885752815249,1.0060234466427382,0.7201402948054293,1.0289634571194146,0.6883346955808557,1.0353828330131785,,,,,,,,,,,,,,,,,,,,,,,,,,,,,,,,,,,,,,,,,,
-0.04818817313565975,-0.3000816881327811,0.014525306704147747,-0.36037300932974164,0.05285190997357099,-0.3590552365765495,0.08485452015526548,-0.3566165295646935,-0.09721547438639105,-0.3601488805424615,-0.13356595078350877,-0.35926388150978605,-0.16876200908759356,-0.3576248187851906,0.1569150220366254,-0.32556462802127173,-0.21396779838629387,-0.32717465851953553,0.025975229672987113,-0.23938227060768577,-0.11291610238653049,-0.242533718775983,0.4998719374993361,0.011315745696143402,-0.4998719374993361,-0.011315745696143402,0.7162878299839999,0.4207236530425065,-0.8470070742016057,0.3318362663275158,0.6720593621977097,0.8362530053108913,-0.33092470280774683,0.30474726367836,0.704111714260519,0.9783436887121533,-0.19920239517038366,0.30536971461090995,0.6009542141108355,0.9655021543611517,-0.16537985149404774,0.2492202275965059,0.5681367661101002,0.9313389658958582,-0.18996898590787561,0.24802468051616983,0.649712676945736,0.8412823546524054,0.5442509857661997,0.8695858721031006,0.49590110312987284,0.9176750453469695,0.4951619426474699,0.9691275052372688,0.4859821462295875,1.0098262349461609,0.5789619155682831,0.9597123542379248,0.5697209579269289,1.0340393052549064,0.5473512404420655,1.063542821393975,0.5259695863933549,1.074609131878886,0.648949710037741,0.9642800911807661,0.6319590834476,1.0429992309453706,0.5966137027260829,1.0701764915625744,0.5665365097947014,1.0736406168084631,0.7037882952591847,0.9612893847722582,0.6942943701523943,1.0326869841523796,0.6585719575849173,1.0566691514877011,0.6254382518653429,1.0602555991805338,0.7474802475028667,0.9532828773945244,0.7512726304544782,1.0113666848753164,0.7214747275404069,1.0341802083267024,0.6883611508310892,1.0392374286054948,-0.31751945939547294,0.3005739779172776,-0.27220005731772823,0.22390567462073865,-0.22174998342857208,0.1733689879230265,-0.18389399254798436,0.1370831566165405,-0.1750185506361452,0.09934058496682166,-0.08212529733191777,0.20068734516020206,-0.08461084300225542,0.21209536494903614,-0.14278252135474448,0.22451148041019175,-0.18320796103976822,0.2272822193171937,-0.057194163291903445,0.25309583626360144,-0.07195917941146258,0.26694633725371464,-0.12991040639200688,0.2714774935913781,-0.16861694473002323,0.2726385890964673,-0.0605529983302962,0.3063370683922795,-0.0834654248993853,0.3173035080186096,-0.1390112351542672,0.3191023447621167,-0.18035070609829806,0.3171039598496236,-0.0823416841921761,0.35708056131556054,-0.12000461076765855,0.370419320929535,-0.16727120426546493,0.36885816134559607,-0.19883175041421663,0.363892489353836
-0.050876949253179704,-0.2980821026642456,0.013371845765441684,-0.3588298246793478,0.05244556382216779,-0.3575316608981163,0.08508508252614431,-0.35509108574975334,-0.09895940250696826,-0.35863282365589205,-0.1354009923214132,-0.3576701939634995,-0.17114621999961296,-0.3559609060710956,0.1573275467276368,-0.3243994937088163,-0.21552485944352096,-0.32607278635249004,0.024245913122376228,-0.23754500149644303,-0.1142465846426802,-0.24090501203872228,0.49981572305239014,0.013573613727242808,-0.49981572305239014,-0.013573613727242808,0.7184066966965311,0.4258008333465319,-0.8543969409681031,0.3335790604106631,0.6755962826837871,0.8444533994330721,-0.2958734536590523,0.23870278380762683,0.7069755785443829,0.9866834687142506,-0.15787914959331295,0.2015332144087278,0.6038752631666023,0.9739905711674252,-0.13729327227560492,0.15796174409648034,0.5711695910325271,0.9399450975049386,-0.157946373152428,0.16484831616975798,0.6503694503912852,0.8493650970489905,0.5452070936835448,0.879213913847361,0.49850393944731475,0.9278647028932625,0.49755366488083774,0.9792880989359489,0.49025266102488274,1.0200835572954505,0.5809278056788256,0.9690378195110629,0.5721354311119685,1.0423222002366104,0.550717868979681,1.0729401479443346,0.5299361580519895,1.085257916628718,0.651711197608817,0.9738041741496763,0.6345667579230834,1.0521576587409949,0.6001185266126428,1.078811848572333,0.5699403046461631,1.0816819345940576,0.7070100172418167,0.9709551015704537,0.6968321174522152,1.0427788534732036,0.661028908238223,1.0675101187467013,0.6266287354490601,1.0715046185111923,0.7509047638014437,0.9630172736653425,0.7534001100985501,1.02128307463827,0.7239750643906356,1.045150259373331,0.690392275601016,1.051655865516805,-0.3356513166085058,0.2531210211821007,-0.3022535628542506,0.17464836313214846,-0.24909110987561583,0.12430424084463161,-0.20120127984476183,0.08850424201768832,-0.1800022186007122,0.05212851377997403,-0.12391607586508172,0.15197262113005677,-0.07355629078014442,0.12671203113131327,-0.12177640153921195,0.13952847993729373,-0.16986858323860327,0.15435550659599537,-0.08867565722920885,0.19538133454737014,-0.04858103609092971,0.17213929972674213,-0.09491606594555156,0.1799319792234603,-0.1400212257070732,0.19274463393565566,-0.07558233686137401,0.23887040492536227,-0.053551882656113,0.2171223674959492,-0.097164115155436,0.22246737007901443,-0.14238426514398222,0.2318819760266238,-0.07597128011657213,0.2806187645316536,-0.0769482106240007,0.26306456271713186,-0.11745736082941319,0.2649392341847826,-0.15249640064130904,0.2714880346267326
-0.049943747253872774,-0.296273483430214,0.014689423518880432,-0.3571400577962462,0.05395339079687864,-0.3558554497688167,0.08669557698954777,-0.3534023421411673,-0.09807371500555045,-0.35694960094757977,-0.13482788642379104,-0.35596794810207105,-0.17118006900160856,-0.35421275944906866,0.15900517349267038,-0.3234048030555612,-0.21636878588082215,-0.3249337266306653,0.02541803733325784,-0.23596657119735323,-0.11339319748972983,-0.23938552531319382,0.4997908226808617,0.014461450964111404,-0.4997908226808617,-0.014461450964111404,0.7211974946762426,0.42976051265994836,-0.8559900119362829,0.3371446255090491,0.6788427015519045,0.8520343734474455,-0.29318885328566213,0.2002038096353113,0.7095431356876095,0.993143189147686,-0.15547645300656865,0.15364920882962152,0.6067606385380699,0.9806983171529587,-0.13184565610642943,0.11028593108037744,0.574213982839626,0.946631128908604,-0.15078459927612642,0.12202273680934007,0.6535728244259725,0.8553496105396526,0.5478044868651161,0.8845691255928478,0.5015601589993645,0.9340045813748313,0.5009181476959703,0.9861312158452973,0.4933632943187969,1.027288043197132,0.5837057979789543,0.9776373477593299,0.5745068883005361,1.0503534213277927,0.5520593240867586,1.0802088983377542,0.5303981749345853,1.0923474001968192,0.6539765695283197,0.9824188684180121,0.6367054897659506,1.059290062558867,0.6011216717799611,1.0853096683862093,0.5699417781389554,1.0886389555738099,0.7092533524701201,0.9792977958385335,0.6989142385224827,1.049703409275633,0.6631128391981088,1.0744329431495596,0.6286805436137388,1.0796029879739129,0.7537381010280589,0.970684501941722,0.7581197793886698,1.0278430219651724,0.7294287040344386,1.0511657900378322,0.696363951068362,1.0576050268127248,-0.31938867110044655,0.21363326157875417,-0.31104252415632383,0.14150582846521162,-0.2661308088105959,0.08515577434752448,-0.22034145035331337,0.04568866610696299,-0.20698849337367917,0.010336674694964958,-0.18219641706123052,0.1078817060762843,-0.08633407974348775,0.07098508230197148,-0.1251190753667198,0.08621977636325583,-0.17183798423242713,0.10292211997251179,-0.13831582260520905,0.14346952443665673,-0.05445304731430736,0.10660734291007917,-0.09365652112602832,0.11761315339815605,-0.13527983115894623,0.1325801150861101,-0.10504324531143808,0.17877058425285358,-0.04082640618482202,0.1415965686646275,-0.07705145491335046,0.15033153248474188,-0.11646246034244515,0.1641361414892106,-0.07991982091596114,0.21196305648886063,-0.0410219366790472,0.18157738351801114,-0.07554126479877094,0.18664263804755504,-0.10898332136822511,0.198191133470203
-0.049535427856857994,-0.2953603243781808,0.015231335555063652,-0.35590794669367015,0.05452689391618631,-0.35472598595808685,0.08730732073134226,-0.3523387375987448,-0.09760404341687753,-0.35555335847299513,-0.13464421377817698,-0.3544500649837273,-0.17151084770777805,-0.35251266443861345,0.1595837805030699,-0.32307374115305537,-0.21730318843086335,-0.3242402807659118,0.025965608197462672,-0.2360605441770129,-0.11304663859309477,-0.23953410327021474,0.4997514945916903,0.01576209546258653,-0.4997514945916903,-0.01576209546258653,0.7214102229734846,0.4329041484381973,-0.8557772957517698,0.3394109566515151,0.6791032511907527,0.8607495342087108,-0.290149644131229,0.1690889506233219,0.7089489797897633,0.9979723451506981,-0.16304865301448257,0.13195547270932073,0.607170350608889,0.9853565003315382,-0.12843604065610864,0.09115332921901032,0.5749460602323255,0.9510929128774125,-0.14836442570907313,0.09998719249043142,0.6527688536754204,0.8584904373312697,0.5453406278621344,0.8883617376654351,0.4975425651641328,0.9380394204993462,0.49977316224514196,0.9892041680539301,0.49291251946845976,1.0291581497942637,0.5806028794158876,0.9804102240179221,0.5718274797679689,1.0539820580987052,0.5482571720983608,1.0837352599613548,0.5253294762770664,1.094065069739323,0.6519417739666398,0.9852805659424149,0.6337589038430866,1.0632909505113388,0.5967308361350665,1.0889708287291633,0.5647015546395678,1.0900774406878786,0.7071948758806054,0.9822970667049821,0.6953102655644173,1.0535610028870366,0.6571174150803071,1.077631228218714,0.621170778004018,1.0808019281738057,0.7514884396379089,0.9737094533869777,0.7539786581521676,1.031724693105816,0.7246084467045824,1.0550779338327374,0.6916738086621579,1.0610986134310192,-0.31457523849992197,0.1813723628854714,-0.303908018460772,0.11888011747371766,-0.2688797190030711,0.06444004057440182,-0.2339410182204541,0.02377649198454789,-0.22174905907219739,-0.009557338412008327,-0.1701830695205877,0.06498056068618219,-0.08030154371735099,0.06089591520441824,-0.09944403712350151,0.08093039367766174,-0.13987704968879328,0.08982750307267146,-0.1379776163382411,0.0990954026274236,-0.052320599743778326,0.09626845706628116,-0.07626530884870424,0.11331738665919784,-0.11835804414798395,0.11890920288240502,-0.11635046773425868,0.135974139210304,-0.04283699967493542,0.13237916317613885,-0.06856821656715421,0.14542718983982092,-0.11072156273487302,0.15110675029930304,-0.1041919860866052,0.17328798569898377,-0.0435789704025906,0.16708996318934322,-0.07113085579700354,0.17542351839052486,-0.10917779122746417,0.17959698173103206
-0.049376494409516386,-0.29520008754400284,0.015439173909303154,-0.35539694136804506,0.05470841848986551,-0.3543317668666291,0.08748061592369898,-0.3520424176564475,-0.0972180853440931,-0.3549010051780245,-0.13445858878913536,-0.3537636022214589,-0.17149343634904213,-0.3517423767495152,0.1595823784587468,-0.3231521092628243,-0.21775820202288623,-0.32404715647055676,0.02613132781593841,-0.23681567991411373,-0.11282733774406951,-0.240142873939979,0.4997389693811911,0.016154333221304877,-0.4997389693811911,-0.016154333221304877,0.7213112730630694,0.4346735272559825,-0.8576369186148123,0.3404618537514719,0.6785733057269567,0.8640256230788167,-0.2870102591842201,0.17372851661184102,0.7080378303390195,1.0000392221831091,-0.15950429364236882,0.13469645466102673,0.6070622548278083,0.987446483845834,-0.12462624631684201,0.09409030041805308,0.5749721282650364,0.9530842843385042,-0.1452754831899344,0.10378296867505034,0.6498570288678359,0.8582535934521572,0.5415149317795271,0.8884115112336564,0.4948567162371586,0.9382743276401767,0.49685861571704876,0.9906657256130568,0.49030925174334666,1.0314463018146147,0.5788289325579852,0.9797020317574671,0.5697697273738542,1.0540569316691013,0.5462033393669014,1.08399582154066,0.5240491152641441,1.0952542855780765,0.6502958655358801,0.9845692535743469,0.6333364290547081,1.0641380718875788,0.5957670909266942,1.089305589054362,0.5636896531465837,1.0900149896111557,0.7054085193595323,0.9817008078447022,0.6944985088152026,1.0546101625931392,0.6563355308706751,1.0773424095491344,0.6217058908672507,1.0789777008161299,0.7493823741268673,0.9735264988421746,0.7516981745685969,1.0325186015555252,0.7213889674553655,1.0549525645129565,0.6887192563430281,1.0593887581434298,-0.30842394640965276,0.1790967501318059,-0.29920505777602885,0.11818961729678557,-0.2642120305583855,0.06407010473144065,-0.22876864916228218,0.02350006471604181,-0.2181492117408989,-0.010200561184525706,-0.16175860229120076,0.06396185965473669,-0.07620526604474077,0.0635286841358799,-0.08900043926847567,0.08316711306095952,-0.12714174867645825,0.09194374881582272,-0.13129664175592998,0.09817911422166495,-0.05046694887023472,0.09844089356857208,-0.06905191601635506,0.11564210016245434,-0.10865097134009385,0.12134561036274212,-0.1114514832794897,0.1355305957119844,-0.03766533364914864,0.13366827284136984,-0.06020061165583041,0.1470275112574151,-0.1005972057728497,0.152657914548369,-0.10072975474865128,0.17362485901809926,-0.04042992657301062,0.16915264876607158,-0.06689853199269162,0.17719440879279763,-0.1025262911614674,0.18091778565576058
-0.04938973997511057,-0.29436941902584135,0.015441502449393255,-0.3545534929892519,0.05495200528557438,-0.3535245217614005,0.08754781365760095,-0.3512587536818493,-0.09724256649039797,-0.3540369564645645,-0.13455937611093774,-0.35292731608008776,-0.17168857622799397,-0.3508827533755444,0.15950431071779003,-0.3227338078468888,-0.21826934975896436,-0.3237828975326879,0.02607928358288625,-0.23636038475638282,-0.11267293542422792,-0.23965746796179874,0.49973360814187734,0.01631934108659352,-0.49973360814187734,-0.01631934108659352,0.7211680991805907,0.4361999574237941,-0.8609582743579406,0.3410031255869461,0.6779093127714279,0.8655620318745788,-0.2878766750352946,0.19301292087238237,0.7072590177198284,1.0017395765764685,-0.14915785657487038,0.15209852078863448,0.6068642013887547,0.9891358509842958,-0.1181996516148229,0.11202704502792998,0.5749631634528457,0.9547512577784305,-0.14189606987990872,0.12035618428071128,0.6489313109829743,0.8578974853709934,0.5410053550102406,0.8879017238396161,0.4951776563784694,0.9376396303321232,0.4967470914232275,0.9906060610131564,0.489858375162054,1.0314359831060071,0.5745279797217043,0.9800948503723831,0.5641646299806052,1.0530256277067793,0.5419745568387522,1.083808821615165,0.5212050812178107,1.0976350853461228,0.6453373340292035,0.9856151208434415,0.6282985627461438,1.0633999156386071,0.5938018530853075,1.0890909911130358,0.5631706218981194,1.0923249843969263,0.7006445375262144,0.9829360454142065,0.6896707976774775,1.0540243235852917,0.6545176012480748,1.0779861883003872,0.6205769813909008,1.0820725791617916,0.7455516702132508,0.974910733941403,0.7475879316123302,1.032519254637834,0.7194492406374828,1.0555433648227632,0.6883347758098801,1.0616013645630462,-0.2971276498442347,0.20926287281153963,-0.29189489752947806,0.14154443634670077,-0.2526576541366842,0.08394040812146202,-0.20974742489458675,0.044556671102835094,-0.202307013638526,0.010208212991341873,-0.146560817576102,0.1130899051145574,-0.0680106424171672,0.08196752963115968,-0.11180588848413069,0.09189384005519015,-0.1576244068486831,0.1061156365758974,-0.11243805731080891,0.14727839218664093,-0.04325048510369898,0.11667245556551332,-0.0842767086551661,0.12329260017932622,-0.12342908340739402,0.13740335453165203,-0.08967040863350467,0.18121246866186105,-0.029706856408181537,0.15417218689350995,-0.06541770523992214,0.15761322450191115,-0.10283872065963783,0.1696064623240288,-0.07642914278170665,0.21301027742276635,-0.03327192528645472,0.1914459273880548,-0.06653222874526002,0.19379558748399975,-0.09430722487837247,0.20335458955685815
-0.04979723648490956,-0.29334147464805743,0.01498277445308242,-0.35362015080138576,0.05459069329099679,-0.35256999556661567,0.0871870978085521,-0.3502764666878517,-0.09764178566083784,-0.35324738279410123,-0.13492444445121732,-0.3522622520467202,-0.17203419278038648,-0.3502689488417121,0.159118826015688,-0.3218699433291775,-0.21856887930945013,-0.3235628255916988,0.025716696590552483,-0.23540524219058304,-0.1129698928645136,-0.23880448025805764,0.4997299786959096,0.01643010628649934,-0.4997299786959096,-0.01643010628649934,0.719938236635615,0.4373941464625695,-0.8606535705703472,0.3421887287571476,0.6760830276319354,0.8650892950614291,-0.28766911328419775,0.23217832877812603,0.7050540728916361,1.0024971672322087,-0.14354438730798424,0.19861182920546883,0.605350444701245,0.9899872759872202,-0.12000054352050067,0.15423720537760024,0.5735886187395483,0.9556447784779738,-0.14266587328767358,0.1617362080846465,0.6456775382750571,0.8587750853791072,0.5399906809012165,0.888466672255822,0.49323299748146715,0.9371594687987717,0.493666494064061,0.9901917223484705,0.4874575342276932,1.031850353398277,0.5705922200639165,0.980438049240109,0.5602814452663026,1.0552259731740918,0.5373248721869952,1.0850403840825416,0.5158443354445467,1.0964091248641614,0.6413656141593647,0.985442982081759,0.6240132536568335,1.0636664640671634,0.5887160873222261,1.0896293945273785,0.5579741499420103,1.0919466485569465,0.6971224523112851,0.9823546118338742,0.6868341334177246,1.0535724375608466,0.6509726404508217,1.0783139621092939,0.6161933267905562,1.0822863139019543,0.7426103031740039,0.9739910568207765,0.7457640884467396,1.031777908699114,0.7175928639087976,1.0550978768866226,0.685851736432576,1.0610652893028696,-0.2789148255405729,0.24658301015338455,-0.2747821581198449,0.17502248780368598,-0.23446619486369394,0.12028524533015014,-0.19403297273463863,0.08132932878470463,-0.1855583098136599,0.04511801188639773,-0.09471783168436929,0.14421816206394825,-0.05734866884620194,0.1316823977121157,-0.10744935293892718,0.14545948538626763,-0.15104397582122317,0.1551180626226817,-0.06558900929010292,0.1832268988011017,-0.04343518596351767,0.1695985082655287,-0.08766374878067443,0.17855109140538059,-0.1263334013666233,0.19088074961175017,-0.05624872008505279,0.22326792368414813,-0.04133995248098076,0.2108456104649674,-0.07869017425225099,0.21537604029053486,-0.11425202735159071,0.22497252207052332,-0.06075767035022145,0.2609007969433934,-0.046203120223998626,0.2508179983891031,-0.08156824007695848,0.2520706472978146,-0.10887530284631076,0.25815014396559693
-0.05082356103486273,-0.29198675171855965,0.014054478501981606,-0.35236777527415564,0.05369519534862924,-0.35123691819627645,0.0862476614359906,-0.34897344971599836,-0.09851506802726005,-0.3523172897129782,-0.13574894909538257,-0.35137960325721024,-0.17270437987724283,-0.34941125114613136,0.15837067138921246,-0.3210315433912978,-0.21865238068450002,-0.3229208534365179,0.02485858351889285,-0.23373245679318014,-0.1136098609694108,-0.23787012863531437,0.499728305977868,0.01648090423764313,-0.499728305977868,-0.01648090423764313,0.7178380156109475,0.43719589578630663,-0.8577420823311878,0.3421869427740967,0.6740455923260082,0.8637335878782553,-0.2895974591852313,0.2618391721602571,0.7025584338193906,1.0010139648168437,-0.15435239107688964,0.24423559769249326,0.6026104725094469,0.9885572861023955,-0.12752828185864404,0.19780320839285828,0.5711567983462439,0.9543341182974606,-0.15028518460296245,0.20075349492259034,0.6440421597657392,0.8601360530632353,0.5392826710731581,0.8896917430210931,0.49307805157366136,0.9377992198496008,0.4904432510700514,0.9907342079063695,0.4863047995281306,1.0326838107458602,0.5685149805445553,0.9761150318339982,0.5592388921842837,1.048984799257763,0.5390606515589456,1.081484635609534,0.5191707049296744,1.0967158760143263,0.6397660912114971,0.9826387799478413,0.6226787754648851,1.0606296155694934,0.5889421403267411,1.0889964582778493,0.5584880412898614,1.0935857712213273,0.6966138077219879,0.9816093813046834,0.6849272774716786,1.0529846591626293,0.6502770291086755,1.0786207982936327,0.6159729674508887,1.083565459414819,0.7425034285077292,0.974954838551651,0.7451360848369262,1.0316779980212447,0.7170934023148174,1.054886541866907,0.6850528091373089,1.0607097297225587,-0.29861663646584335,0.2960154605155272,-0.283532174545864,0.22523499613222572,-0.23734256426725783,0.17041508384153614,-0.19083590856295646,0.12903261513426806,-0.17853029668214734,0.08865547183924886,-0.10089666102519645,0.1984656608239834,-0.05466962515683714,0.19384155377753173,-0.10347610284396325,0.20533725250508944,-0.15112443396068181,0.20996749968735998,-0.07482564433825938,0.2416373456163766,-0.04673968847799861,0.23317311965882273,-0.09050579689514274,0.24026897249102763,-0.13285791974942626,0.2481846796487621,-0.07077334962274946,0.2829806344093719,-0.05153113859113292,0.2753065367229864,-0.0865466763041224,0.2786302994504633,-0.12329587649244717,0.2850887477071851,-0.08139578458940071,0.3185060957827478,-0.06611308399869775,0.3132663182923624,-0.10013976745742866,0.3129618455257249,-0.12673513225080288,0.3160773309477267
-0.05106350847717612,-0.29103642646201844,0.013820539723104312,-0.35154798402793724,0.05351238763472302,-0.3504113487907511,0.08608112659720936,-0.34823791131707416,-0.09870693314662521,-0.35182293872155995,-0.13592009809756256,-0.350987263457202,-0.17278399364314007,-0.3490844951629715,0.15826652217713208,-0.32072656607274486,-0.21826333105166026,-0.3226773516053586,0.024707498895529152,-0.23270892275716754,-0.11365587797173642,-0.23709154278867284,0.4997337593870411,0.016314708973649637,-0.4997337593870411,-0.016314708973649637,0.7172123056551858,0.4378712908751264,-0.8484140039457332,0.34260684308760375,0.6735096060668466,0.8638640617353108,-0.29959868898995656,0.2698307283377124,0.7018806838937502,1.0011008353644846,-0.16861350656335639,0.25243358614140043,0.601884249271313,0.9886159637926357,-0.13780212060725824,0.21740476724567945,0.5705489592071751,0.9544808693987502,-0.15968356639871065,0.22033245521436665,0.6439409218237955,0.8619357751521222,0.5379737919734244,0.8902451026156687,0.4920985314938535,0.9375043893780517,0.4918655553595476,0.9901509570521091,0.48641827724940634,1.0318289459882952,0.5705359078685476,0.9788609647510231,0.5595474599285865,1.0514571853035637,0.5382593630544381,1.082343080767498,0.5176661038651301,1.0960629596064864,0.6416994031135468,0.9841720803880207,0.6241258730496646,1.061381851747334,0.5899962329465488,1.0891054273414342,0.5595759001590285,1.094371350283483,0.6986213555666553,0.9819983507201955,0.6885718248234787,1.0530934725344745,0.6536522865392506,1.0780223084973992,0.6199167189442457,1.0828074746673184,0.7446818671362971,0.9745098042894931,0.7470794175217792,1.0319594593745702,0.7179918796430553,1.0544550972659108,0.6854806055297498,1.0594578506783214,-0.34736171846414127,0.31863328719377265,-0.30354925127406185,0.25400344790258017,-0.24323015225387393,0.20056542367861904,-0.19360000217156076,0.1604571017075138,-0.17160869138031865,0.1251860538627883,-0.1555970364375606,0.22555620480099964,-0.05429790290360962,0.22651762094720912,-0.09074249984626624,0.2396827204964793,-0.14078746822122518,0.24319499155801924,-0.137770661037283,0.2696894037679474,-0.0439008559199634,0.270301745304896,-0.0800466356468799,0.27840594480622854,-0.13028941946029,0.27955426780934983,-0.1329310493577162,0.31231663409416055,-0.05176633280207205,0.31087592214656345,-0.08497595092999842,0.31562115511620453,-0.13264236153911982,0.3168820702645004,-0.1389258019038664,0.35157798262717066,-0.07074726468063629,0.3465904233104757,-0.10420242329124871,0.3471785127331089,-0.14579002683753683,0.34632569541204616
-0.05166662196938618,-0.2901000933366746,0.0132455278696301,-0.35057552043619616,0.05299875831534878,-0.3494697226611458,0.08570852713412458,-0.3474290735757856,-0.09953377379505893,-0.351145893634895,-0.1367056736832254,-0.35040486602122445,-0.17349138642695794,-0.34863601792080495,0.157890379821073,-0.32037767167989284,-0.21825872200532426,-0.32234423747387053,0.02436814596898787,-0.2318225354481146,-0.11391488851616913,-0.23631474764370394,0.49974203293492775,0.016059281368280363,-0.49974203293492775,-0.016059281368280363,0.7165276559058245,0.4378857458529956,-0.8456515228880662,0.3441660015076535,0.6731055015630991,0.8640673538417541,-0.30366108363169875,0.27601881637832126,0.7011450051771679,1.0010941849208674,-0.17491483700066923,0.25609615464189567,0.6012390626265832,0.9886805121430418,-0.1428857388433207,0.22988244883318557,0.5700389964132728,0.9547164869166818,-0.1649770648138159,0.23133286533556038,0.6437513845892029,0.8626349470751293,0.5398079513332357,0.8907702430134036,0.49419659192269344,0.9373739875387327,0.49262108076929834,0.9895109069860014,0.48678164298968557,1.0308493835774126,0.5712258866741597,0.9794371369567548,0.5617564649667295,1.0520732243842954,0.5405139329746359,1.0826778984687029,0.5195784426395992,1.0951784073778206,0.641503964267448,0.9847390084617107,0.625398393010794,1.060982689334785,0.5917244705548936,1.0884090831339697,0.5612829549413888,1.092331311530552,0.6977321115775803,0.9821611825013855,0.6879858266892149,1.0520983406644224,0.6536767933358386,1.0776507484463769,0.6198258887199732,1.0824335501620406,0.7437994580273282,0.9743794190586154,0.7467296907088157,1.030718155881245,0.7187466500500711,1.0539143061275609,0.6864767081832874,1.0595670267549113,-0.3530416373599098,0.3192247565421235,-0.31662127887709496,0.2560276202961227,-0.2588646404263635,0.201582339475318,-0.21232553624988848,0.16095870336829768,-0.1936038805131809,0.12546131950518988,-0.1678961022541615,0.22074722941132172,-0.06647627105142355,0.22086658041688662,-0.10377258414114952,0.23468715428151826,-0.15167926003554932,0.23868901491509256,-0.14715901106214374,0.2641942079844051,-0.051421689563186095,0.26294773957065876,-0.08961070144657453,0.2732027751564811,-0.1382440945159678,0.2750601143368831,-0.13922878898683974,0.30710605403090596,-0.0540740855645086,0.3033592501955209,-0.09115486592477234,0.3103228848856259,-0.13856233141416655,0.31257711970198887,-0.141539486758527,0.3472216208899302,-0.07180228533727669,0.3410243247934686,-0.10673727869536943,0.3421899927711474,-0.14684457081094093,0.3428379538584557
-0.05259592403358669,-0.2897521345836016,0.012512528796345354,-0.3502708299317502,0.05234611349804196,-0.3491562232203505,0.0853594616922866,-0.3471310639216749,-0.10049918733672632,-0.3508949668543446,-0.13756986362113552,-0.35019703554907566,-0.17436385964754855,-0.34851972233126577,0.15762363314404595,-0.32023671089134026,-0.2182210879322786,-0.3223354698645567,0.02385486170911796,-0.23141271002195687,-0.11458184252327644,-0.23596323381479858,0.4997452948787677,0.015957451128971272,-0.4997452948787677,-0.015957451128971272,0.7162994864783896,0.4382711180414906,-0.8410576522557406,0.3447228163699329,0.6728445251978961,0.8657867048081649,-0.3077267619777665,0.28453054920794235,0.7004553068062018,1.0024235270525814,-0.18014893036215285,0.2655667558175178,0.600796090358283,0.9899353367729493,-0.1474250158086621,0.23703977508605878,0.5697712963335771,0.9558921772595339,-0.1690513455734486,0.23713342969837134,0.6441112511987757,0.8620985433395068,0.5397539221926659,0.8898647020385099,0.4939320888388429,0.9364620578888837,0.4928859220364408,0.9886623349947798,0.485958985471718,1.0303065106318081,0.5732464471039609,0.9791056703762245,0.5617652872918559,1.052417955711723,0.5394071470065356,1.082758545354586,0.5180924476097455,1.0953045639499288,0.6441821249594446,0.9843000939672318,0.6252818064206082,1.0621886045692213,0.5895462438090207,1.0891478927621467,0.5583943053730048,1.0925683305469591,0.7004373936579008,0.9817739506405309,0.6875695225175421,1.053315949624375,0.6506055462904038,1.0778939573420767,0.6165049478775452,1.0816584443991475,0.7455997505628619,0.9740584461342989,0.7469547244653215,1.0324212356719884,0.7168797167168334,1.055164508645779,0.6836015654607487,1.0599185024383435,-0.35075093151243564,0.30971215214013265,-0.3144564592030452,0.24714785313926937,-0.25749761266344245,0.19244966538605957,-0.2110694581812591,0.1518501962404306,-0.1929564419810627,0.11671774207299727,-0.16934340777400755,0.21177327940757268,-0.06820255978265327,0.21472505471455486,-0.1006424925231339,0.22698748091315493,-0.1468964805797173,0.23016083407629448,-0.15239640123250922,0.25548301628102044,-0.05456559151415606,0.25516729704221625,-0.0895330305382736,0.26347675871031817,-0.13687397675127047,0.26529776653080306,-0.1463401994417194,0.2981388953807848,-0.05576343595271506,0.294549840352183,-0.09085801938814259,0.29996506296681286,-0.13755535786517442,0.3023825591549059,-0.14875010201259792,0.3381465491540145,-0.06942299036472216,0.33157300785196797,-0.10326968937122825,0.3325335030755394,-0.14450965092268292,0.3333434889117562
-0.05268584075961333,-0.28917847555467774,0.012427343031936168,-0.3498204830634333,0.052272910127556985,-0.3487318920077317,0.0853299443569955,-0.34674248528275864,-0.10065996973624144,-0.3504753120030474,-0.13773543617263845,-0.34979906751910217,-0.17454632329316344,-0.3481555218350759,0.15801741680491088,-0.3200449916291978,-0.21791250853342872,-0.3220245666724552,0.02392340191562079,-0.23060647509228668,-0.11462971867693122,-0.2352373918671138,0.499751877045849,0.01574996473490156,-0.499751877045849,-0.01574996473490156,0.7161617931143033,0.4385401187145037,-0.8344901709839768,0.34530598897506054,0.6726971937134983,0.8660771254384707,-0.31025127383306655,0.2904897882714224,0.6997866891717011,1.0027186166693247,-0.18335482870668218,0.2757462567766978,0.6004064928960077,0.9901885763679829,-0.15000615370080786,0.24064501149747541,0.5695930289653987,0.9561711523186792,-0.1711015356441276,0.23978683223009947,0.6454684972171437,0.8607016291246057,0.5396151606372346,0.8887976551663687,0.49317418994794443,0.93633101330331,0.4930347942230258,0.9878908831480258,0.48734740970899376,1.028623443152486,0.5718367939509947,0.9782457113548454,0.5612972311518424,1.051811026433568,0.5386713191925344,1.0817205597066393,0.5169989830162589,1.0933044223220814,0.6426019292650468,0.9835425542149855,0.625718887548265,1.061665486500893,0.5899309820430818,1.0875983478784512,0.558916601369294,1.088919297590145,0.6984750844248064,0.9810188296589523,0.6867679850860775,1.0528553262498577,0.6499340275837049,1.0762101454634885,0.616206686816704,1.0783846019601586,0.7434037283107898,0.9735274775651775,0.7446828203676547,1.0318733493481091,0.7152368362859677,1.0547235404625934,0.6831285106703956,1.0594692250863584,-0.3540699111190173,0.3072764600387144,-0.3176141326608548,0.24484820144598105,-0.26164421817807204,0.1906769006568581,-0.21681505922984473,0.14961064753436634,-0.19870490682289269,0.11370602731257887,-0.17320687833863838,0.20700985491448134,-0.07248159119218717,0.21019434635651135,-0.10356021849896817,0.22360816723504323,-0.1491492398974151,0.22682020685455365,-0.15504318707085865,0.2502837586273564,-0.05610901817755143,0.2507654136880388,-0.0909478256953349,0.261260003844096,-0.13841479564484996,0.2629918399767962,-0.14752710975771993,0.2933474006322537,-0.05602880722969324,0.2903208001579736,-0.09239454305828194,0.2977486843658217,-0.1402855407855522,0.300138659113169,-0.1490862587284051,0.33420047174526796,-0.07290094648754283,0.3271703326016779,-0.10874132007633708,0.3301673406874277,-0.14965815110542796,0.3316070493267755
-0.05115467534898543,-0.2878878774046437,0.013973593510578763,-0.3489132746165091,0.05423523613865701,-0.34792698118539767,0.08671945081844477,-0.3460953490101319,-0.10009204002151446,-0.34951301344685626,-0.1374576868367655,-0.3488761864012255,-0.17429592170869226,-0.3474272150508412,0.1613187454465202,-0.3198185918426925,-0.21754934703631443,-0.32168546268969755,0.026035148373912086,-0.2290539946040113,-0.11349665553122011,-0.23362324325807166,0.49975912575987547,0.015518254403282692,-0.49975912575987547,-0.015518254403282692,0.7165215406902774,0.4384592173482732,-0.8302283627747713,0.34580331581892243,0.6726602969473513,0.8670327217965178,-0.31240532928384024,0.293714523635655,0.6995590848120669,1.0033355147064469,-0.18576961375812096,0.2840299242599726,0.6002839589707624,0.9908218924631214,-0.15196258606655136,0.2417307660568259,0.5695365630234943,0.9568362378029286,-0.1729726219749251,0.2401807512222831,0.6470674815137245,0.8606247348262055,0.5414593238878516,0.8888139200184786,0.4939024974545667,0.9370363874389269,0.4925239061032639,0.9892581520685917,0.48635538634974346,1.0302095770943067,0.5714569732888878,0.9775532670761222,0.5610627332585664,1.0524794441895582,0.5388800867430895,1.0829161168213792,0.5175124075198813,1.0948813007316134,0.6422129164318525,0.9832442152176182,0.6251601249531611,1.0619827882978965,0.5890582031006705,1.0885377557521614,0.5575626181175238,1.0905862712440988,0.6981366884820827,0.9814443173157972,0.68760694505104,1.0529599361334947,0.6507568341626707,1.0768061983948949,0.6160461584331021,1.0797360700579024,0.7429443144533215,0.9743529726780548,0.7445853462991247,1.0323686758213153,0.7151655332390948,1.0551065747776784,0.6823008966555582,1.0600919707292122,-0.3540308642592638,0.3059285198247996,-0.3206291786370929,0.24420565000792904,-0.2666006046534151,0.18953645254713475,-0.22294407617752687,0.14840951557350288,-0.20379224746481894,0.11266358218109658,-0.17981671184411013,0.2051064941696586,-0.07574211784967513,0.20833131935578766,-0.10679176814984494,0.22238064680728672,-0.15355776870133453,0.22571079863104535,-0.16046853948251238,0.24799575410784255,-0.05964310677347388,0.24920009898839038,-0.09422197818941008,0.2604110585101276,-0.14207044843631608,0.2616581375809891,-0.15170608358027238,0.29063279471321857,-0.05826256853422967,0.28808938030657827,-0.09471551428255408,0.29637747696189704,-0.1428322656877845,0.29849958481801914,-0.15183973743744925,0.33125305410010203,-0.07581493145868336,0.324454910786334,-0.11178650916349749,0.32820247538472797,-0.15266891701169,0.3293406260752683
-0.04937814237241271,-0.2864403607521799,0.015846827240703708,-0.3477786907553673,0.05654835089852845,-0.3468907446644518,0.08822135093937475,-0.3452750218235759,-0.09936929295242257,-0.34839023756386817,-0.13716594491321668,-0.34785390409552386,-0.1739946635392241,-0.3466535108778181,0.16436531004045105,-0.31960330588501334,-0.21749739698484818,-0.32139702713581936,0.02767636579226865,-0.22739516078430944,-0.11266178942599624,-0.23160360047524503,0.4997585460280186,0.015536913205680417,-0.4997585460280186,-0.015536913205680417,0.7170298158593651,0.43869125684389276,-0.8285257010863284,0.34692455169687964,0.6728729601782344,0.869534508260803,-0.3137678418668571,0.2955507227185515,0.6993123977753897,1.0052544474815281,-0.18785574168786723,0.2894734458632598,0.6002657817434315,0.9927951433460618,-0.15336526161594938,0.24189204496645209,0.5696422611069457,0.9588871769539314,-0.1748327272076524,0.24005175379777716,0.6494426407469797,0.8626980832882836,0.5444401414113296,0.8907949423138627,0.49621708888463706,0.9380236588954285,0.4961607763061261,0.9912610640013662,0.48952017881251164,1.033614748050868,0.575959986826883,0.9827568903801422,0.5638360250707155,1.054760998121203,0.5416627037154967,1.0848176907615348,0.5206409648481671,1.097726521259025,0.6466850780788567,0.9885904058661701,0.628468640916796,1.0650441815756633,0.5927021645805901,1.0919756235352416,0.5610174733469734,1.0963904127785755,0.7025103287045329,0.986408244735566,0.6916895452358447,1.0559536946370014,0.655864223229361,1.0802916403336686,0.6210344062872809,1.0850483969655382,0.7473696302179546,0.9787056972319692,0.7491055774911533,1.0353844049298881,0.7200235406214511,1.058052068886084,0.6871929176431176,1.063804720288783,-0.3559516139147618,0.3053495010858896,-0.3227470676209868,0.24334750103976643,-0.26847703791359945,0.18853509741443666,-0.22487502675603296,0.14710345876809747,-0.20596306105073706,0.1111223516179475,-0.1804697332285303,0.20437831987070282,-0.07567338859206578,0.20867200784225626,-0.1057800610814913,0.22306581467480613,-0.15238758562052068,0.2269894763951749,-0.1631184443314828,0.24678188634269196,-0.061896292178157036,0.2490801799881492,-0.09666784800959773,0.2603975468697621,-0.14421203194275284,0.26220851262990447,-0.1559858424754453,0.28932769566005484,-0.06088091208604363,0.2873906598712045,-0.09755520954087472,0.2956953038024794,-0.14565579682329674,0.29842656128686884,-0.15703785497157277,0.33027298068714345,-0.07848434104050715,0.323562625743332,-0.11467530510088664,0.32710174464815944,-0.1558339543960359,0.32846766567017344
-0.04774851962163873,-0.28534875293098244,0.01726307811634059,-0.34673797357541497,0.05836950115546547,-0.3458702128884101,0.08955236694340192,-0.34431106959901325,-0.09860368097062842,-0.3473878439877267,-0.1367112867855097,-0.346888138563475,-0.17358200473962135,-0.3457911838129288,0.16709304526206295,-0.31899155704376475,-0.217282257533569,-0.32070573764400095,0.02897711654249009,-0.22620518585555924,-0.11182404670724642,-0.23018869951351253,0.49976783870648533,0.015235071205885466,-0.49976783870648533,-0.015235071205885466,0.7171482735440585,0.43966671403523355,-0.8254820318283068,0.3479126905975199,0.6732486453019793,0.8732613445299111,-0.31885401137170327,0.2974923353333608,0.6993381797492787,1.0074790252401695,-0.19125411435328962,0.29323197629508396,0.6003203026191765,0.9952409197758716,-0.15997925911127875,0.241918329372556,0.5698121560897265,0.9612860921122988,-0.1817857294961495,0.2397596954883861,0.6499221076564022,0.8643648729206129,0.5446204932842085,0.8929735931377552,0.4970547344900237,0.941467042189131,0.4984209337973577,0.9939526776330074,0.49082946512128456,1.0352430795802812,0.5803431945450461,0.9865190722149857,0.5690551920227243,1.0588822254553822,0.5455583179727806,1.0876807713680086,0.5231380323641655,1.0988417037122447,0.6503654890293245,0.9914067915343336,0.6319605820696397,1.0680145174872018,0.5953517027416911,1.0951278243969014,0.5633237812909015,1.098608806683391,0.7048869758233308,0.9881376578422908,0.6937595650598168,1.057798231083429,0.656939421816155,1.0823993683680881,0.6214823595932483,1.0865049824348922,0.7483560856246254,0.9794703802965339,0.750894955578497,1.0361906489144121,0.7216610189023065,1.0590999208371643,0.6881780269766874,1.0645101480513712,-0.35790168314363524,0.30604501584734706,-0.3243105256523142,0.24348234498473217,-0.27092009986830967,0.18844468431547992,-0.22719110036996376,0.1463180943328116,-0.20901801852812116,0.11049599768727489,-0.1846210315679176,0.20337445577601038,-0.07706548067798953,0.20712234390435358,-0.10639140680825437,0.22201537805112762,-0.15327523530623918,0.2260735356940608,-0.16447368453587627,0.24569593866985331,-0.06243175154953331,0.24662275190894414,-0.09669743340642963,0.2584841293759417,-0.14369254575669513,0.26068641927221464,-0.1553185900334493,0.28839142106024035,-0.060246612229443657,0.28547679757362415,-0.09659823291464176,0.29409613146323216,-0.1444672450786142,0.2970479794958827,-0.1555464198466124,0.3295031062079669,-0.07863144521927747,0.3223374785428103,-0.11414824211945915,0.32625599541488687,-0.15447509351388564,0.32784476242678223
-0.04564430199265525,-0.2850783031233748,0.01957196673768184,-0.34645412951260174,0.060897586488040265,-0.345573384430135,0.09146712153937621,-0.34403188559445425,-0.09730181403401322,-0.34714139529131716,-0.13588441385179326,-0.34665901288614587,-0.17274217248106832,-0.34560554975519187,0.17001348073874253,-0.3189609641262519,-0.21701511071345733,-0.3206235215489649,0.030370353712688227,-0.2258683727586601,-0.11085832889730654,-0.22985336412116222,0.4997667399223764,0.015271072894848296,-0.4997667399223764,-0.015271072894848296,0.7169417512896392,0.4402597189189545,-0.8208868258607422,0.34843746294974565,0.6737614594023644,0.8746516540467362,-0.3203961224478809,0.29850927574826425,0.6993145683343741,1.008630759742319,-0.19240717498471013,0.295454934457408,0.6002991709756258,0.996577145324638,-0.1626184775668006,0.24191087736612268,0.5698894878427544,0.9625481808280931,-0.18453583258988032,0.23943015103878088,0.6536616401863627,0.8636092004840253,0.5477388854776712,0.8922351701364696,0.4994620465704739,0.9412767640145648,0.49954918536017345,0.994347211062058,0.4916651717766849,1.035717277443404,0.5823460460597842,0.9866686656762055,0.5717878268452026,1.0580220784273964,0.5483387200546411,1.0879865154849349,0.5253221881507538,1.1017049291510146,0.6519358242910378,0.9918905599931679,0.6343406117194655,1.0681849565558243,0.5976339326472759,1.0955980010415778,0.5638016639869878,1.1010941778576617,0.7066246745423023,0.9892407220325724,0.6954765627603138,1.0591470850389313,0.6586977553834511,1.0840795006680253,0.621798279302284,1.089730850809838,0.7504207861983935,0.9811978312374392,0.7513336966059171,1.0379376595791492,0.7217045586944261,1.0612388058744489,0.6873091044335966,1.0676744051235576,-0.35722902605324836,0.3060186120301811,-0.3225598741173894,0.24330938671132327,-0.2692867855220379,0.18875202441006408,-0.22560227779682585,0.14588022723128935,-0.20777430523666013,0.10960553822168186,-0.1842615500907589,0.20389614174161966,-0.07640078581204908,0.20693898149200102,-0.10600614087713439,0.22116229329079176,-0.15342221619167307,0.2251473821239759,-0.16400587525425425,0.24636947877241694,-0.06147977887156989,0.24624335170992118,-0.09590077045108089,0.2573707022366457,-0.1424770383695889,0.259918488393197,-0.1550816545525624,0.2890146566155636,-0.05919448126161918,0.28480977139449076,-0.0957664558512979,0.29316768743381744,-0.14309695190704888,0.296787358680219,-0.15549025165146682,0.3300217421771769,-0.07705793315002946,0.32257829607628563,-0.11226219913001662,0.32585993899754384,-0.15255277770831727,0.3275048542268166
-0.04417038352080259,-0.28475375179611545,0.021242095912724322,-0.34600059821429086,0.06279683239504023,-0.3451026349592554,0.09301149220057353,-0.3436054445418479,-0.0962284626240147,-0.3467428560058852,-0.1351256763655597,-0.3462940693758171,-0.17185091101563635,-0.3453417993310906,0.17227620045303746,-0.3189193524250798,-0.21663500025943788,-0.3205583059882877,0.031385473241808286,-0.22546877471755164,-0.1100848838881164,-0.22954285643035396,0.4997648620453207,0.015332405708874057,-0.4997648620453207,-0.015332405708874057,0.7168083332121388,0.4408226904830115,-0.8182439589787488,0.34894847215739566,0.6742212802320687,0.8760031785135505,-0.32126341676574877,0.2989361112970883,0.6993517715362908,1.009674320153785,-0.1930897407210812,0.2969245176078494,0.6002973571244832,0.99775939099582,-0.16328642803530843,0.24180458855228854,0.5699793486707048,0.9636662319193521,-0.1851314073125834,0.2391618856176811,0.6529378936094088,0.8634933121371029,0.5479341070127737,0.8929580117517858,0.49981185643065484,0.9419113414637549,0.5001946364240608,0.9951474001595119,0.49176528667624964,1.0365644684424673,0.5823702666029457,0.9873135726225319,0.571427984723182,1.0584724318959369,0.548723846683326,1.0884250151293167,0.5266047009920272,1.102451376670674,0.6516534454094265,0.9920395308090766,0.6345853186530207,1.0682975733874058,0.5987467374059073,1.0957978686956333,0.5660402051929696,1.101648572171004,0.7062264066190863,0.9889726109230403,0.6962602819716153,1.0587717529809488,0.6605921284953815,1.0840500523519063,0.6247855268299893,1.090009759401558,0.7501899465953116,0.9806741044638565,0.7520313075111204,1.0375476455829424,0.7231346354668865,1.060951434471673,0.6894381012027404,1.0674891139616995,-0.35742666876631135,0.30581152636968184,-0.32212257552832985,0.24364321950380402,-0.26905928457284684,0.1890963879523798,-0.22586013459873644,0.14633266728304553,-0.20751604203140245,0.11023532442042036,-0.18450614799070045,0.20399624056885812,-0.0755140785590514,0.20686270307678875,-0.10618444740411082,0.2210990768712784,-0.1540014294790075,0.22487724995443548,-0.16470678945760547,0.24647994490068298,-0.06104097786084559,0.24641471825381883,-0.09595507619978894,0.2575059781850151,-0.14286073769435817,0.25976541363259276,-0.15600249330597238,0.2890947850173094,-0.059235106480849314,0.2852207706877137,-0.09612140902422872,0.29353565693265715,-0.14381398272633222,0.2969034578833013,-0.15660562041733495,0.3301080135823108,-0.07747965285020382,0.32276947956710944,-0.1129525163807441,0.32605518659150606,-0.15368377863374091,0.32754145715174054
-0.043296548281255995,-0.2849159021834712,0.022330255770550356,-0.3461395847060733,0.0641230622548666,-0.3452101355229595,0.09408701242680427,-0.34372567184129643,-0.095771870896635,-0.3468917728393516,-0.13488780126272878,-0.34641318752693745,-0.17146721971195672,-0.3454747581584795,0.17412467129883707,-0.31924061083635946,-0.2167440452776511,-0.3208325439100208,0.03225980288265279,-0.22554838492720944,-0.10956319053882912,-0.22957482672551296,0.49976298091789245,0.015393599451143289,-0.49976298091789245,-0.015393599451143289,0.7172517471094868,0.44140217172191687,-0.8184578502731776,0.35025699968634094,0.6748648818425166,0.8773661579430122,-0.31911903669672825,0.29972354454091227,0.6997831391795959,1.0112862954295596,-0.19294294251951924,0.29815045033433146,0.6006434547521496,0.9992454286544922,-0.16194880891147745,0.2426326018800889,0.5705118093799819,0.9650725046560612,-0.18382356430259061,0.24001058298103364,0.6519433491945548,0.8642019871142509,0.5457854546992775,0.8935822252388224,0.49869043443353467,0.942557813448471,0.49933642211404794,0.9951184478246189,0.4923515949091266,1.0361733173393552,0.5805743022794612,0.9882579766645713,0.5679534326640174,1.0600742758540849,0.5439538873319232,1.0888985233730046,0.5213609123347029,1.1010629653072637,0.6497925948046439,0.9927304994087717,0.633134936655609,1.0690169786854395,0.5968083299459593,1.0947639509526423,0.564939604373971,1.0977609902005239,0.7039995314200691,0.9889572597928875,0.6946759515972726,1.0586823471257503,0.6580385523861491,1.0833833230217866,0.622704256157022,1.0880137798951908,0.7472791442430947,0.9802181729031393,0.7504657434903048,1.0369750917134464,0.7219907470927022,1.0604736988804766,0.6893487494740189,1.0668988262727561,-0.35069219703804366,0.3080825353249007,-0.316798537281672,0.24520083727778985,-0.26498003713564533,0.19061907553495896,-0.22039419778789499,0.14785055239086475,-0.20315243714865283,0.11114882772167863,-0.179091201847673,0.2055570281905997,-0.07269377066941306,0.20812233526699278,-0.10018797465030405,0.22276198959207313,-0.14582527656899563,0.22693016214167694,-0.15839138657598234,0.2474554494634193,-0.05764629879685849,0.2472899993095254,-0.09057878588928119,0.2587018626676651,-0.13689096825872357,0.2614434546867912,-0.14897673596051145,0.2898992217744722,-0.054517875532964465,0.28548409412790576,-0.08988145497517014,0.2941901885975855,-0.13722401600213718,0.2980707999947577,-0.14856901602374747,0.331176448487185,-0.07072242476496365,0.32390074136568325,-0.10477567803261353,0.3273575270588983,-0.144612658715412,0.3289645897926503
-0.0424381637331715,-0.28497714196542256,0.02309788767497784,-0.34618959373487634,0.06496371549193648,-0.3452505936778187,0.09480897533978419,-0.34377915177873514,-0.09526905118677313,-0.34689450298207786,-0.13450821800169085,-0.34636088922110403,-0.1708548935332041,-0.34539473970841844,0.17533738584926134,-0.31941446855096234,-0.21644527508662303,-0.3209319082687535,0.033012321974769394,-0.22545948031455212,-0.10883782174605937,-0.22934468460679608,0.4997626380120327,0.015404728081143324,-0.4997626380120327,-0.015404728081143324,0.7172538019297592,0.4417311649070077,-0.8173322619891159,0.3516713422738992,0.6747293556640437,0.8781981187297088,-0.316996311461747,0.3000260461559897,0.6988550650863438,1.01213790721168,-0.19188742055226052,0.29875783453446597,0.6003968806324622,1.0000558134978008,-0.15944040298001616,0.24312449823662852,0.5704918529182683,0.9658396866136896,-0.1815928938736787,0.24052645158890043,0.6499395588378962,0.8640249309730091,0.543819758941863,0.893863159307169,0.49628653109254117,0.9428073775698417,0.49796921138199557,0.9951987954179561,0.4925274057471159,1.036314399788392,0.5775118427364088,0.9868844211217873,0.5673073584969957,1.0595162464400456,0.5426892477967251,1.0884911611492039,0.519082698468374,1.0999706932040039,0.6469726507012958,0.9917576507470789,0.6311603389760413,1.068981445143117,0.5939905857034067,1.0945396301594807,0.5611014617080422,1.0962387173142065,0.7010485067172866,0.988796797525043,0.6926620594058179,1.0589728666878386,0.655331167277838,1.0832681137179445,0.6188108524222012,1.0871434543590432,0.7437549910595862,0.9807826297993782,0.7470113631763341,1.0376507780287223,0.7178741376928824,1.061121775398759,0.6846428133647119,1.0674403717265417,-0.348995558335956,0.3083191305912705,-0.31317839484909876,0.2455559370739208,-0.26016400442022813,0.1906274123633725,-0.21705389166026667,0.14802268964972135,-0.19972531213616881,0.11196381787984609,-0.17966411060515147,0.20563998706655273,-0.07041577541761086,0.2088696003673221,-0.09983015973225644,0.2228922941991205,-0.14737022377544134,0.22652172718097088,-0.15931520297240848,0.24802067794131774,-0.055352124580281784,0.24789039961826886,-0.08939480746009404,0.25919902682649054,-0.13664775136102728,0.2617128906297897,-0.14927547100509692,0.29063682686471154,-0.05129591778154713,0.2863081489105748,-0.08728945507007328,0.2948678449065178,-0.1357241815701178,0.29838223451164286,-0.148149354556014,0.33165125556597297,-0.06840319994430409,0.3241789050339177,-0.10289277458294067,0.32758489213635594,-0.14380260951809612,0.32891853589914116
-0.04309775720608181,-0.284862581241967,0.0224328963625509,-0.3459729995797618,0.06432882676311921,-0.34506755374911136,0.09421410363952724,-0.3436512509878093,-0.09583814642537102,-0.34660412705093757,-0.1349666829275804,-0.3460407493809986,-0.17111286146468235,-0.34509059258641955,0.17472917794453308,-0.31941000114094903,-0.21619723027763607,-0.32085637153738217,0.03252058794901278,-0.22513859327472727,-0.1090687844827538,-0.22906622692481457,0.49976109468854557,0.01545471564625544,-0.49976109468854557,-0.01545471564625544,0.7163466660458935,0.4414652705789339,-0.8157372840375577,0.3536751952829057,0.673737703155075,0.878358552229591,-0.3152668665020573,0.3003389202037469,0.6976280012217532,1.0117870022780815,-0.1903439451745461,0.29888298283249937,0.5994210523078933,0.9996650594550596,-0.1577324709647963,0.24322193287343655,0.5695785339515743,0.9655039305697578,-0.18002059361663514,0.2406527120248049,0.6487915234598992,0.8635231029581854,0.5434696739498706,0.8929226118072816,0.49697124768603035,0.9428319574590384,0.49563460463338715,0.9959196864374061,0.4900318717910485,1.0372410126159575,0.5761178541038062,0.9845146809923139,0.5683779762345565,1.057272891166665,0.5433130879539284,1.086545100677414,0.5184282149953184,1.098030937297469,0.6446279369717869,0.9901890685235687,0.6280040491432365,1.0669062490716337,0.5906126019251882,1.0935629648147511,0.5568132608833787,1.0960064482801075,0.6991171301382753,0.987807672772314,0.6890727828050541,1.0573681704260411,0.6527407316144149,1.0822362523676299,0.6161851256041325,1.0867173062240738,0.7431814446671894,0.9796173661092508,0.746501184927793,1.035488694269847,0.718221012131984,1.058779006344592,0.6854101934062031,1.0646738247853464,-0.3528031850530097,0.3089614979329148,-0.3158574807635598,0.24672832676511341,-0.26076195616265957,0.19185108538548915,-0.21736332736088346,0.14914127877035127,-0.1987252008451298,0.1132173859643966,-0.17803017474427588,0.20633509476575293,-0.06844262593331976,0.20928699460696137,-0.10104843805593446,0.22322705313349098,-0.15025548965855925,0.2269130718584182,-0.15864572657080547,0.24881031525355357,-0.053687422103724784,0.2483141992738915,-0.08978049416838751,0.25939880868489273,-0.1376458263643859,0.26210030760366254,-0.14949384131670104,0.29161813454944324,-0.05235819833767232,0.28694945084000634,-0.08958915467209912,0.29533070651059007,-0.13766622940251053,0.299206112287966,-0.14931763326017014,0.33311537591794943,-0.06775360850229756,0.3250629117899674,-0.10301376802495386,0.3280370694909482,-0.1444058702926934,0.32974526260628206
-0.04389855393400826,-0.28465780421275816,0.021577691924457736,-0.3456580517368893,0.06347818041928953,-0.3448226257185653,0.09339408165335757,-0.34350313657516485,-0.0964322339463444,-0.3461182093054966,-0.13537253153438894,-0.3455062270598848,-0.17110841124486081,-0.34458454589087195,0.17397629743156695,-0.3194564885359371,-0.21574672018446625,-0.3207613416243565,0.03179560977529697,-0.22476589634549948,-0.10923224461695788,-0.22865869667568553,0.499759659814755,0.015501045830534512,-0.499759659814755,-0.015501045830534512,0.7150843249604149,0.44124319960777475,-0.8139848320056301,0.35497360801129074,0.6723382627824722,0.8787059062139188,-0.31462322409951243,0.30119157008276254,0.6959132395565074,1.0114635113785257,-0.18991593704303655,0.2998862291258438,0.5980987277908933,0.9993212450187652,-0.15650387256877157,0.2431303399725459,0.5683760224825765,0.9651450809007843,-0.17890523288071844,0.24061713418488295,0.6526502319166305,0.8648002879500294,0.5460490133299339,0.8920762351602977,0.4977898419616921,0.9408882591120273,0.4973942781824016,0.9942105297667477,0.4922919542685735,1.0361133600303765,0.5770809625431644,0.9825842331319226,0.5677650159739634,1.0559897081369756,0.5434564801242731,1.0859879615737376,0.5197384603062222,1.0984674426402639,0.647389058019407,0.989021755554831,0.628945872416562,1.0657535179885997,0.5919125552188612,1.0928733472790693,0.5589488418955189,1.0964771343102275,0.7026924650763757,0.9874945320043981,0.6910349448575906,1.0569787151589018,0.6544857883586663,1.0816396872125382,0.6183960088387503,1.0865948699869559,0.7464731987677857,0.9802535877367244,0.7466900075289065,1.036480237141904,0.7172022596898869,1.059622962425496,0.68420322468719,1.065546076302667,-0.34867507932385333,0.3106808075429403,-0.31343175165034703,0.24873272909823,-0.25883946171806244,0.19292593932360963,-0.21526002256949314,0.1503206759945856,-0.19603302743555767,0.11432017641005457,-0.17471102739162062,0.2071080814529429,-0.0673404401814149,0.21041114634108854,-0.09885030537662991,0.22453123159730173,-0.1466407326906754,0.22822224951614767,-0.15533747656047392,0.24939193701458093,-0.052007904130563345,0.2490427207427307,-0.08661183134879318,0.26050811834646315,-0.1343241997029392,0.2632988237365687,-0.1463591349928381,0.29213165690203174,-0.05030055953016242,0.28736323018917354,-0.08687020650606038,0.2964340716242902,-0.13500731317575934,0.3005881743227397,-0.14598415926422106,0.3336525837043524,-0.06595899173859422,0.3255871416727408,-0.10057892104360343,0.32951409279788285,-0.14112069576768527,0.3319181136153864
-0.04429407150781643,-0.2846334116974519,0.021160353892036174,-0.3455251926504345,0.06307783263152669,-0.3447331739270096,0.09304810210817856,-0.3434779247405615,-0.09665687034675519,-0.34590256742528147,-0.13543495779745934,-0.3452642108710354,-0.17086896619370265,-0.3443596041201613,0.17360025027380627,-0.319555895806073,-0.21523499062200763,-0.32077065623048345,0.031458158309072656,-0.22460662680284393,-0.10922146005820593,-0.22849647485691543,0.49975859484554785,0.015535342867268398,-0.49975859484554785,-0.015535342867268398,0.7145435748292458,0.44119964952890595,-0.8122951539818879,0.355993147431311,0.671693781366788,0.8789420953778507,-0.3139712759800608,0.3020047491873825,0.6949831124173875,1.011431276219689,-0.18970043576231987,0.3006773031722409,0.5974551483071315,0.9992813304568163,-0.15605583552157506,0.24305818495128173,0.56784839961928,0.9651045225126614,-0.17831519100390691,0.24062583476728233,0.6505764041004809,0.8647891754351413,0.5440095921643532,0.8932792147970108,0.4960295310802426,0.9424173520386792,0.4973003903918136,0.9950519621813211,0.49094843535272714,1.0359600512050497,0.5745357772219456,0.9821357544014762,0.5668128629439373,1.0548469367178535,0.5433100634322816,1.0855311742923155,0.5199303887825332,1.0992021316218543,0.6449784181048323,0.9881647749770819,0.6286884720327929,1.0646221921963996,0.5927906477938344,1.092468313896948,0.5605654957431745,1.0969051017100144,0.7003994355819181,0.9864170263430052,0.691720596266694,1.055764812075082,0.6568077709229927,1.081008530791073,0.6217292831264243,1.0864275857275,0.7446980437823484,0.978832847052027,0.7475525502876411,1.034930173200064,0.7197474051655405,1.058184381469137,0.6879573853526824,1.064395845382117,-0.35108103130825125,0.30964024676470236,-0.3139073720303388,0.2477280514450899,-0.2579904403907537,0.19199180700380278,-0.2146217078312403,0.1492933341917554,-0.19571404133936673,0.11360068553488144,-0.1756653722642886,0.20676454647717477,-0.06853913246906768,0.20980354514876423,-0.10029715152542373,0.2245116977294401,-0.14841692322938457,0.22871033357109963,-0.15612715428073048,0.24889081064018453,-0.05278441856218103,0.24911569400523684,-0.08759187556130252,0.26094738834216574,-0.1352565145546478,0.2637718453565969,-0.14688683827749086,0.2914997203593391,-0.05121540586076198,0.2875478220579039,-0.08762699834282912,0.29648403331109235,-0.13548959323538962,0.30026148846427875,-0.1465482936888872,0.3328809913008568,-0.0679553137894699,0.32516588208541,-0.10318365878721854,0.3290633400754789,-0.14364900563714797,0.3310987052649456
-0.04509116871518329,-0.2842425132473223,0.02031418150632075,-0.3449365148227929,0.062197493846896115,-0.34422895464085057,0.09225700566018283,-0.34305501695678475,-0.09726559197427109,-0.34517262818193656,-0.13587334326314304,-0.3445101069644551,-0.1710636900083405,-0.343678348425969,0.17272506237271937,-0.3195107520544338,-0.21501060581148904,-0.32059324699247294,0.030750742933438584,-0.22398125618103354,-0.10951862748104338,-0.2280676160799696,0.4997576626964033,0.015565300389903256,-0.4997576626964033,-0.015565300389903256,0.7133846851678238,0.4406828216419964,-0.8107304601470064,0.35626049982888863,0.6709790378238251,0.8780380729519001,-0.3100315123394507,0.3025658652888406,0.6935382947241995,1.0104551631273477,-0.18508611340464903,0.30321766294335517,0.596078849977568,0.9982885985328629,-0.15295627153020086,0.24318774237634297,0.5666882935195429,0.964158032269602,-0.17572551529085412,0.24083265297494266,0.6511139298884767,0.863902662196695,0.5454585634531901,0.8928385395849242,0.499559374268452,0.940705600061022,0.4986513809459649,0.9939270330134221,0.4901035314181239,1.0359179709314106,0.5817432010556903,0.9832529934100558,0.5706279355797047,1.0556489368427369,0.5480926604656017,1.0847632153239606,0.5262698198802441,1.0974721972306976,0.6520340115910356,0.9882076694485015,0.634602567527554,1.0641552569358153,0.5993551909247599,1.0911246278497895,0.5679478247334716,1.096862513932562,0.7072079128988975,0.9849943050620059,0.6985120782021135,1.0543929151585063,0.6634429077184418,1.0789198483763682,0.6284786331779735,1.0846912699651463,0.7501031396358027,0.9768297741667631,0.7534083367160691,1.032864875067802,0.7249499503406746,1.0555391665527303,0.6921781569922542,1.061961020978918,-0.3436121547963825,0.31129016617095495,-0.3081747761552024,0.2487967507296408,-0.25503006542148354,0.1936163177970627,-0.21102992175124483,0.1509244488087841,-0.19243399623649546,0.11452165703977607,-0.17403440941097617,0.2081873976695315,-0.06623179572197474,0.2111748848251699,-0.09705696993109712,0.22478347617789268,-0.14378041116024456,0.22834974327293475,-0.15336405938375072,0.250195493288267,-0.0505445879185252,0.24944718356705048,-0.0844836898393592,0.26039291926122327,-0.1312958441803236,0.26327863005561236,-0.1430303466741789,0.2924281988076907,-0.04692119347895044,0.28760941955811636,-0.08270806278591497,0.29600460454408334,-0.13060875625495438,0.30002789039538685,-0.14122176903634553,0.3329656065089858,-0.062320814821015307,0.32498630079226193,-0.09601229992425028,0.3285997515643583,-0.13602893241309896,0.33083727172086713
-0.04584333338450538,-0.2839830494262464,0.019486844958074092,-0.34458258099631883,0.06134900124976579,-0.34397638010622433,0.09154778226743092,-0.342862186377661,-0.09786554130281797,-0.3445310412549399,-0.13643724072193467,-0.3437856148630863,-0.17151505230439448,-0.34293740127434263,0.17189911593485938,-0.31945603150215257,-0.21495789056987166,-0.32036932741082275,0.030081233384444458,-0.22353550650749945,-0.11004324227578521,-0.22766209581961017,0.49975870714028525,0.015531730021817838,-0.49975870714028525,-0.015531730021817838,0.7124120697844336,0.44006019547242975,-0.8085072842994885,0.356210979394816,0.6712147664136684,0.876222223038539,-0.3091652306639427,0.3027713798742703,0.6928082617648748,1.009496784526497,-0.1844280470924603,0.30474080205240756,0.5952699344912086,0.9972494220883389,-0.15291914338609364,0.24310540936637806,0.566266407816147,0.9632421562114976,-0.17565274847948667,0.2408355173160049,0.6531982655142349,0.8632531093638299,0.5464439699673737,0.8903020230113962,0.4997719574329649,0.9379867086495726,0.49946603155786096,0.9911065474305989,0.4908673710377419,1.0333044427559237,0.5816379164680258,0.9824657977454974,0.5718911570586632,1.0548677352341103,0.5488370117967696,1.0845604719857593,0.5262645536452306,1.0971827397638538,0.6516142709672794,0.9882604625059057,0.6346864374972763,1.0642308207274984,0.5991818885476332,1.0907982421219553,0.5671915900167798,1.094971694601558,0.7062274956762017,0.985571042806425,0.6961058309269028,1.0546282556796498,0.6607078688904329,1.0796348705393406,0.6252758068360375,1.0857333177451547,0.7490801113456981,0.9775382477266257,0.7502743914020752,1.0331218615170878,0.722244956096214,1.056433802914499,0.6900447963121842,1.0634956243410225,-0.33954795692116074,0.31019699977774867,-0.3048223498095611,0.24802272937987205,-0.250893268888849,0.1933526063553254,-0.2064041446447918,0.15089077689125638,-0.18773136454322437,0.1147611258987258,-0.16976679309966033,0.2079899903355774,-0.06474078388989116,0.21070318261898335,-0.09385557405201282,0.22453561131894595,-0.1397297435955852,0.2286844143570196,-0.14891560642438303,0.2501868139460532,-0.04797857907838374,0.2491403331102279,-0.0805877442202755,0.2601081654471949,-0.12671045418021418,0.26348942579607465,-0.1387252544961197,0.2925442973552699,-0.04490684946364579,0.2872638608651796,-0.07980402837972259,0.2955885520984221,-0.1267271144746864,0.2999502366769741,-0.13724648286162044,0.333159951848847,-0.05980466015222674,0.324968348114137,-0.09342766754135787,0.32872285751636804,-0.13273914249221477,0.3312994548708263
-0.04655984653137773,-0.2836301217823747,0.018782597526098902,-0.3441110477695286,0.06065358049010251,-0.34358406899592275,0.09091621616187356,-0.34251178853222536,-0.09854936773761586,-0.3440498414314808,-0.13702271670371408,-0.3433227725113588,-0.1719929774397927,-0.3425600323814828,0.1712756547518439,-0.319687477255054,-0.2149861415762206,-0.32045460318940794,0.02943425466820842,-0.22293351167722741,-0.11046579342884383,-0.22703073022052636,0.49975993497296145,0.015492172082098908,-0.49975993497296145,-0.015492172082098908,0.7120203965284592,0.43997274579189716,-0.8086142315116798,0.3561894558394755,0.6716821060360157,0.8759154733113297,-0.3079060368794251,0.30295709510650864,0.6925020072044432,1.0096053197299293,-0.18242183571442247,0.3048669667631724,0.5948003180100929,0.9972997269880248,-0.15073235165249235,0.2432174675384496,0.5660011765614522,0.9633243616321883,-0.17405800911265404,0.24110633618740895,0.6532763465768943,0.8638395017994261,0.5472609264141459,0.8909291541248845,0.4989506078532975,0.938435213606799,0.4989681510712093,0.9916673794151224,0.49098111380525744,1.0338983881956048,0.5821017571869642,0.9818616952256481,0.5712766171121715,1.055393703253636,0.5485322249388205,1.085107236204768,0.5269273622311621,1.0978590114555624,0.6526730548053721,0.9879123510834251,0.6341002449268017,1.0646828371379298,0.5985290315149225,1.0907224304090457,0.5671804706544116,1.0945499707081117,0.7072769053297542,0.9859172973575675,0.6952214009054144,1.0555703049806149,0.659150595632336,1.079423038676704,0.6238376573730471,1.0844680782988485,0.7495640524075542,0.9788039123436229,0.7495322796906695,1.0347913379873148,0.7201659075295475,1.0573542553176005,0.6873460554601676,1.0636694239165587,-0.33756567316663916,0.31087805291832604,-0.3027450170944194,0.24891686918870382,-0.24818560938874729,0.1939603999842948,-0.2030642579949756,0.15189010657234886,-0.18446298911845943,0.11596773641526863,-0.1652918580467752,0.20768406950740248,-0.06047766099937593,0.2110312180226506,-0.09022296666739259,0.22469621522807554,-0.13627021011761994,0.22834023397531988,-0.14490030378236066,0.24981050121666612,-0.044204572064397964,0.24952269498059101,-0.07700571136800527,0.26080902676182044,-0.12298979923375017,0.2639508221651789,-0.13490222896978712,0.29202903481996667,-0.041440540620073456,0.28802664711571313,-0.07584590973939238,0.29659046640167597,-0.12274458403227202,0.30055328440330625,-0.13358609777711583,0.3323720035038532,-0.055309429002562104,0.32494089132106174,-0.08811544142225602,0.32891170123307406,-0.1274194617564776,0.33135722580997784
-0.047360336502826825,-0.2833732097173457,0.0180026324089157,-0.34362948649130465,0.0599048608662584,-0.3431381865815097,0.09022274434736803,-0.3420847186995346,-0.09928742264336689,-0.34369704022890146,-0.13774908953003231,-0.34303778203645235,-0.17268002571575056,-0.3423797910858341,0.17058459260841866,-0.31977502374808303,-0.21532076372003903,-0.32054267985713764,0.028720183972867647,-0.2225046601788188,-0.11111420072984998,-0.2266584839399663,0.4997602112178088,0.015483258169103993,-0.4997602112178088,-0.015483258169103993,0.7114242998949453,0.43995370781365023,-0.8090700594865547,0.3562116381890975,0.6717685987632246,0.8758217304845948,-0.3062391263523866,0.3031407200760308,0.6920076205631157,1.0096414930178164,-0.17900180780900915,0.3050419727428247,0.5941751865018122,0.9973040164735127,-0.14689896546911865,0.24328001771356947,0.5655249932700622,0.9633581171109052,-0.17165053794842025,0.24124453489284947,0.6512741789943527,0.8642260778120251,0.5460431972041566,0.8906546986342062,0.4979078935817127,0.9383961824876875,0.4978390726022851,0.9917453089226896,0.48992894909430446,1.0341345481636308,0.5806648289030139,0.9835382609057337,0.5709049222425988,1.0565965070950625,0.547541856889313,1.0855387508287462,0.5252822667302491,1.0971492204827222,0.6511353672738074,0.9893681582083523,0.6333583039107777,1.0659481669256716,0.5965921091136092,1.0912313960930728,0.564367514077819,1.093765684794432,0.705818022035396,0.9869793098771151,0.6943857460788614,1.0564955176691602,0.657526360267057,1.0797946360500599,0.6219492282277612,1.0840831773658377,0.7481945888580288,0.9794290830490874,0.7481700238625391,1.0355951905938625,0.718645433767523,1.0578653086081362,0.6857993053537859,1.0636657669082235,-0.33506371155608566,0.3110210146609168,-0.29957782092860896,0.24876425043679665,-0.2453138433718953,0.19379217713707692,-0.2008124044393992,0.1515187443034447,-0.18302841998637046,0.11587376608612959,-0.16258936893749135,0.2079378128136796,-0.058169909319724496,0.2105149927770049,-0.0883659426247937,0.22428191810647394,-0.13539650381118473,0.2281245852580846,-0.1412001789559195,0.24981089470891343,-0.04153960233344641,0.2488036324136929,-0.07469337807165034,0.26039324131753094,-0.12034137842061636,0.26363279883781193,-0.13009348666976486,0.2918768898028545,-0.03725535014386527,0.28734347837330587,-0.07224799125873037,0.29576010869305136,-0.11902393431726735,0.29958659414128386,-0.12811220280734764,0.331939668002691,-0.05134103553385607,0.32384823143276215,-0.08502451835734291,0.3279305047705387,-0.1238014360194601,0.3306291449893411
-0.047251470564529344,-0.28303654691465957,0.018090858667414007,-0.34318451700695896,0.059926739696003,-0.34268768644509356,0.09032509205740077,-0.3416630403990891,-0.09881213509136075,-0.3433754932574505,-0.13713493004266852,-0.34275072809512824,-0.17182566850758785,-0.3421739018691539,0.170529465925808,-0.3197241564395651,-0.21479737104228883,-0.32049039992623096,0.028789036421988115,-0.22196653179256365,-0.11060920578116097,-0.22622949196361153,0.49976102422338764,0.01545699411886242,-0.49976102422338764,-0.01545699411886242,0.7109844598677667,0.4396282055632063,-0.8085179797310281,0.3562179640449667,0.6713520160476547,0.8753208388133502,-0.30641462205167586,0.30299249328553435,0.6914023787382878,1.0090712507188004,-0.17865267971520915,0.304955846064822,0.5936200051282124,0.996718789912775,-0.14633901094773408,0.24315398266852117,0.5650189731324098,0.9627979000984339,-0.17159191747446076,0.2411746502437842,0.6515666816230098,0.863251919277187,0.5453186036518611,0.8901702166576897,0.4970516948248332,0.9384922747488901,0.4966036801310781,0.9915618465283293,0.49025118644381066,1.0331067810855064,0.579331278990673,0.9817704162161399,0.5688180364011157,1.0551399839279263,0.5456732738313453,1.0843887761856001,0.5239705768265107,1.0952629249138415,0.6493542802231832,0.9877729166933229,0.6302638655018574,1.0645621285312572,0.5945049267133982,1.09001127289905,0.5628467157199314,1.092797967166426,0.7032565474295105,0.9858921903734316,0.689620648270692,1.055638665790179,0.6528253710127289,1.0790297487483385,0.617481318384776,1.0834617618758164,0.7451411468893473,0.9790207479565123,0.741776067406197,1.0351560731775151,0.7120434036893696,1.0578652929719299,0.6797561403116309,1.064314638900518,-0.3330359318752917,0.31083089912586065,-0.29932881853726606,0.2488382543527933,-0.2455844964850443,0.19360080981968797,-0.20153582430917874,0.15098387490133372,-0.18398306071489703,0.11526001338337284,-0.1615417922923453,0.20702244531787842,-0.05753690576957181,0.2079496545013872,-0.08708424457393245,0.2228895511909851,-0.13369979345538383,0.22778205093061746,-0.13960290833282124,0.24834210584896538,-0.04003412728575039,0.24661883749886704,-0.07313849619237779,0.2590224526577028,-0.11869091146713896,0.26252072833188467,-0.1281342973064939,0.2902206642233275,-0.034931943418027356,0.28526249203837306,-0.06990456672614666,0.2939897169383848,-0.11668303004169078,0.2979173968655851,-0.12583917201040848,0.330494827219836,-0.0493970302766839,0.3219554605907158,-0.08272199624000148,0.3261801280748029,-0.1215157035477508,0.3290855004406986
-0.047566774966310184,-0.2827247217502125,0.017705558229170474,-0.34292169971983,0.05957268247467234,-0.34247249545221586,0.09005814597555001,-0.3415031342793607,-0.09907215228902884,-0.3430417734142757,-0.13730188176958705,-0.342406123548062,-0.17178018546044385,-0.341900780929798,0.17036581090379044,-0.31986491890105545,-0.21495213650890024,-0.32051635767838943,0.028574566674456407,-0.22155662828428205,-0.11054542770311654,-0.22556311321226638,0.4997597275156067,0.015498862975279321,-0.4997597275156067,-0.015498862975279321,0.7106290172949007,0.4397534347596119,-0.8090908112142325,0.35631976035437996,0.6711485526513371,0.8755624681491633,-0.30704008345634537,0.30317642969655123,0.6909542797155438,1.0092869432698224,-0.17914347086253632,0.3046009403442942,0.5930860318994382,0.9969051232294169,-0.14703135966661005,0.24320546706574847,0.5645523507077902,0.9629817705257144,-0.1723365983838131,0.24133487094764974,0.6482667168662721,0.86365100172028,0.5426812001592534,0.8904864978047663,0.4956982737859443,0.9386978404482007,0.49704130585531336,0.9916881551155425,0.49085302732029734,1.033382770887693,0.5778452493972859,0.9830329079491862,0.5668670830479583,1.0553402731353199,0.5431977509551645,1.0845306560746752,0.520981388535096,1.0963822805811645,0.6473219162218262,0.9889755812001085,0.6282810741852254,1.0645009603823548,0.5917496272742431,1.0896174144030144,0.5596375160783168,1.0923746261042082,0.7011118125362729,0.9868222466180592,0.6882853689617265,1.0557708620817983,0.6512786953185059,1.0788645811556012,0.6155598900181477,1.0831478593402626,0.7429779621576315,0.9797377037209302,0.7407316484323181,1.0353735381626519,0.7108245268980323,1.0577780030423634,0.6780557139543986,1.0641259250120403,-0.33477954343367633,0.30986196146944245,-0.30383210808890826,0.24779487469379788,-0.2502997074731027,0.19185281334627377,-0.2060072310471763,0.1492248974945676,-0.18960742551389642,0.11315337571677492,-0.16745850708453935,0.20450548143608244,-0.062277751784203465,0.20366096961597482,-0.09283104912544984,0.21894210155765687,-0.13942782941321172,0.22421160191285122,-0.14358002065060874,0.2463069160143307,-0.04284218696959497,0.24340731172581115,-0.0770072464608181,0.2561540310454414,-0.12361620955037031,0.25981618126362305,-0.13018264225295903,0.28843368013158865,-0.03701861278897513,0.28307305241900244,-0.072368425388707,0.29200002479649095,-0.11951791502809384,0.29593126874061804,-0.1261779116484325,0.3287184046181445,-0.05003939641768128,0.3190817109395569,-0.08445220536611311,0.32382306247153564,-0.12389358758153318,0.3270098884950647
-0.04849358684085629,-0.28263481159386433,0.01678968878505003,-0.3430062239361595,0.058757690049494236,-0.3426457649701969,0.0893639154176683,-0.34175193602373843,-0.10010498760996223,-0.3429785113356361,-0.13827148362373748,-0.3423401457278052,-0.1726004675220792,-0.34189147482214843,0.16988424235247035,-0.320284818894364,-0.2156129606034329,-0.3208130171571565,0.02788136440579649,-0.22140235704375813,-0.11133678750659454,-0.22504490515973488,0.49975845045434925,0.01553998711285645,-0.49975845045434925,-0.01553998711285645,0.7106060635125016,0.4403036031004912,-0.8110605323857543,0.3568191988646388,0.6708593637914175,0.8765920504614193,-0.3084236307111971,0.30360515108498337,0.6906184479645903,1.0104759170913762,-0.18029383671385607,0.3040255239126409,0.5926333279252979,0.9980429125734662,-0.14844308139119172,0.24299203412474307,0.5640946186834952,0.9640947817731624,-0.17374039216755163,0.2415102882129558,0.6471631387523382,0.8637814129715886,0.5415716905060115,0.8910658343009703,0.494517060931416,0.9397451638710388,0.49497548979500355,0.9929352070741845,0.4884999137529867,1.0346723350539868,0.5770221565093365,0.9830636665131014,0.5642517218061806,1.0559261432229945,0.5394165479174219,1.0848723447879862,0.5162349575796112,1.096519443374152,0.6468947949092421,0.9890287061961804,0.6264690470502392,1.065514898163244,0.5887077014497495,1.0910149793054054,0.5556210031755741,1.0941027875130178,0.7009054823743655,0.9870644292647167,0.686648130041719,1.0566482321098716,0.6485712120817482,1.0801430528972598,0.6122302348376611,1.0847895973047332,0.7425536177778391,0.979979371170344,0.738936342772903,1.036358315025265,0.7085354248395923,1.0590039983135178,0.6754028641631422,1.0654704018750798,-0.34385936219804664,0.31085824121492395,-0.31660440990161587,0.2482991922841297,-0.2671830852104917,0.19105764494812869,-0.2235856025511884,0.14817190774029565,-0.2055407964272932,0.11262259362313196,-0.18067439707315605,0.20314648628982043,-0.07348625417061759,0.20032975415352466,-0.10616214241590775,0.21591926290287974,-0.15297887297615106,0.22179921319280252,-0.15440041228750548,0.24517810943997323,-0.05025938690800825,0.24005645006085055,-0.08465774988723775,0.2528242501153652,-0.13201487615768703,0.2571516117189233,-0.1388849664388449,0.2869850068189805,-0.043726043755041195,0.2796472176142008,-0.07888474681623621,0.28900880729382195,-0.1263381841314622,0.2936299810106755,-0.13295066432324779,0.3269026659630115,-0.05399824606876168,0.31621477464144027,-0.08869988638047947,0.3214054227831335,-0.1292915276787887,0.3248251967195508
-0.04948553698821223,-0.28253059865630337,0.01586109474850808,-0.34300650589475845,0.05794044956380199,-0.34273284334045595,0.08867780559156829,-0.34190149929384417,-0.10115959279697971,-0.34288447643016584,-0.13925896981432098,-0.34226612216162594,-0.17349180074579287,-0.34186906231846803,0.16932902300528405,-0.3207089186739575,-0.2161667453258236,-0.321058495474848,0.027092885981143438,-0.22121562893432467,-0.11223740609831172,-0.22455155690794246,0.4997570658297677,0.01558445229134727,-0.4997570658297677,-0.01558445229134727,0.7105335088409104,0.4409688094773332,-0.813062586830199,0.3572806313931648,0.6706612361754531,0.877684222856744,-0.3095669641848713,0.3041449576578122,0.6903795953451899,1.0117102878483444,-0.18110833474999047,0.3032236303150516,0.5922714230751558,0.9992347535538488,-0.14970142874556056,0.24269388942168021,0.5637280571649961,0.9652597574959236,-0.17499582122452625,0.2415795034543921,0.6469554738760512,0.8647784101298499,0.5411198761347958,0.8922355281718429,0.49413315867133906,0.941058842813371,0.4943570910435137,0.9943850349281916,0.4881637781848085,1.0361607327571336,0.5761949937069824,0.9837644657375828,0.5637647930166269,1.0571111107807631,0.5389405412771483,1.086405607614692,0.5155880684444931,1.0983545295679915,0.6462373661380565,0.9896648688005727,0.6260560961570791,1.0669504569138202,0.588024719545948,1.0926573461097675,0.5547164401144277,1.0956161453937716,0.7003910919318995,0.9876922708100812,0.6861543861972554,1.0580156334254374,0.6479977559643406,1.0815930156475977,0.6118330686650635,1.0860355134498587,0.7422486638131461,0.9805526189649518,0.7386735619969962,1.0374814647846453,0.7080806091306934,1.0602684399863465,0.6748391576845864,1.0665518338429334,-0.34629079850245376,0.31098486058591185,-0.31732506800027355,0.2476617294426076,-0.2676725587502609,0.19058681953198858,-0.22504832136968858,0.14667712044953923,-0.2078821268709583,0.11023300619370897,-0.18335420448785225,0.20403663550856346,-0.07262619246359223,0.20189227787135156,-0.10335201968685738,0.21694596549784764,-0.15174710763238133,0.22286659281958104,-0.1573674975284198,0.24624622673402702,-0.05256568182467763,0.24086354515452477,-0.08622158402242726,0.253558126734542,-0.13353736092283186,0.2582655916368631,-0.14202500357899686,0.2882856215404992,-0.045313672986528775,0.27962670774627907,-0.08000443194085524,0.28928061598998733,-0.1271911448518869,0.29452758986226857,-0.13620481363884968,0.3285825059378373,-0.05615426647998988,0.3169012867331236,-0.08925053315076895,0.32229246836340214,-0.12844241094719278,0.326187250250126
-0.05013935115799405,-0.28215617231080137,0.015232523595368265,-0.3426768233736821,0.057421320625941415,-0.34249170844602617,0.08825288168295069,-0.34171800041242156,-0.10187569750011305,-0.3425084303967019,-0.1399050315365796,-0.3419350924036504,-0.17404548525449365,-0.34159801308213433,0.1688939509761456,-0.3209789677962906,-0.21648315576149801,-0.3211520546541622,0.0265254142850454,-0.2207836796553107,-0.11282182773893554,-0.22378619879886422,0.4997554449380155,0.015636344035809387,-0.4997554449380155,-0.015636344035809387,0.710402542124498,0.44150413860236487,-0.8144480838558614,0.3576203799266715,0.6704740443215206,0.8784737437906421,-0.3104434054516907,0.3045454952170121,0.690150793018409,1.0125851572585998,-0.18180368805455102,0.30263430338071684,0.5919471772131754,1.0000712708020385,-0.15066761147471,0.24247312536277169,0.5634058388744446,0.9660793588565012,-0.1759481694316732,0.24158930670658887,0.6468825989611767,0.8656553418112491,0.5406982121702836,0.8929373510224825,0.49359061912222923,0.9418022157292671,0.49387303428919715,0.9952860548115926,0.48773128672112714,1.0372192309119532,0.5761999891358985,0.9847373398215782,0.5632497673348045,1.0582832169906307,0.5380649449901894,1.087548977613606,0.5144304723883408,1.0994454231545732,0.6464636700916162,0.9907924461715272,0.6257634597820249,1.0681165063014424,0.5872429306681068,1.0938174599657446,0.5534982297828518,1.0967206252970962,0.7006255793843834,0.9889021812208728,0.686017439736761,1.059234119027887,0.6473287132242334,1.0827164316575049,0.6107015783148972,1.0871114687988503,0.7422231430010064,0.9818717255373581,0.7383266351260054,1.0387146231326156,0.7074477441033408,1.0614623434027244,0.6739768529367527,1.067771114899181,-0.3482592656967822,0.3116062655479507,-0.31902831802375176,0.2480498470185354,-0.2696667820451423,0.1912878210794699,-0.22693466830138573,0.14751620829663134,-0.20890468948390845,0.11110773000548786,-0.18380005427118876,0.20385187338805832,-0.0722091967960316,0.20203035423462648,-0.10338321557974504,0.2168658537379277,-0.15203587775456281,0.2225247183092915,-0.1577901845707191,0.24626441207445646,-0.053193111834612374,0.2410765002191998,-0.08712732816085908,0.25345661107035516,-0.1346320430901657,0.25812203530888417,-0.14269006753216337,0.2885035705354273,-0.04633672090082163,0.2797754945961775,-0.0810829786212863,0.2893492514093672,-0.12842477676798608,0.2947190511491669,-0.1371091409414344,0.3289010652708072,-0.05745769820285002,0.3172121283809154,-0.09043944786487672,0.32253674951713507,-0.12969740522467593,0.3264483169266628
-0.049534467841985196,-0.2828209650251047,0.016168692783616493,-0.34320381994172644,0.058078198941728894,-0.34297013940745036,0.08901555027667475,-0.3421547455765755,-0.10059859187441442,-0.3430464392729217,-0.13860070581701336,-0.342475165983491,-0.1724612591590205,-0.34213591453560876,0.16894717226027822,-0.32151533925609144,-0.21532090353958827,-0.32175672783304304,0.02669007346550723,-0.22160164112295094,-0.11238194501155652,-0.224542600899214,0.49977129024419636,0.01512142346643384,-0.49977129024419636,-0.01512142346643384,0.7084231269618337,0.4398197442218408,-0.8130158021393208,0.35567543299067794,0.6684271667904532,0.8740828678060933,-0.36597079239588787,0.3284791167476795,0.6882690346194246,1.0082802810671097,-0.2481684834758107,0.3277996381503105,0.5902687849028555,0.9959175563172196,-0.22741189539262704,0.26070259021253,0.5617494172841644,0.9620562224139289,-0.24425104153377095,0.25604790813813527,0.6473469384850592,0.8597837656519264,0.5420230725251649,0.8873910474107373,0.4956518780700266,0.937131924927153,0.49459773005653224,0.9917124775421753,0.4888328946965453,1.0346792539589165,0.5786751081576268,0.9791971530613425,0.5652746271811979,1.0538113964407796,0.5408053969227576,1.0837956824484565,0.517801475333945,1.0953907251759314,0.6496734013908125,0.9852055235418109,0.6286854744572035,1.0626772066401664,0.5920716863276377,1.0883828459718203,0.5603978754216206,1.090483336385973,0.7041427240229226,0.9830459056104259,0.6903502061418083,1.0534146761683927,0.6519354679906693,1.0773630769103546,0.6156093166941081,1.0814278497946728,0.7451085315891692,0.9760637849286734,0.7417722175227656,1.03344225946474,0.7096150440418825,1.0562065487394892,0.6752986429102562,1.0618769361841611,-0.38604575533817265,0.34430616761448274,-0.3971605577359161,0.2843653055246963,-0.37145218643976957,0.222325221432843,-0.34705515810006177,0.1780992045253431,-0.3263187670400911,0.1392919416187165,-0.3050272017671639,0.25708254211953974,-0.1692674950970333,0.21277446870710198,-0.2025266259700309,0.21717312668047772,-0.25462850622899896,0.23510310721544492,-0.26066273280198643,0.2980128341473829,-0.12715933609224608,0.24724844564785395,-0.16351690498047194,0.25061754328816854,-0.21437359485178595,0.26809421285768825,-0.2265971845528753,0.3338671361480112,-0.11186872596759315,0.2859892632752146,-0.14775483584052795,0.28866483221505557,-0.19144977836470223,0.3037271281642571,-0.20226455251906406,0.3650023597683483,-0.10997430373230938,0.3255568904422227,-0.13963104671135806,0.3239975241379218,-0.18044298613457618,0.3369003972960593
-0.04895599061632523,-0.2839310908775387,0.017387111079394082,-0.34389530326718776,0.0590195024141346,-0.34364873845012184,0.08997899232407687,-0.3428574487504162,-0.09918030753056395,-0.34381025401066817,-0.13732148540530653,-0.34323607399561,-0.17090472537216747,-0.3428554980793951,0.16910679189202774,-0.3221391767683047,-0.21470597028170824,-0.3224774231233619,0.026620222223524944,-0.2224651544023026,-0.11248661483383529,-0.22563753068390316,0.4997730344283794,0.015063666826172384,-0.4997730344283794,-0.015063666826172384,0.7078325808734747,0.4388356322663079,-0.812331783077248,0.35472094223293743,0.6680119727831236,0.870844501160103,-0.4056650567539588,0.35287658278249573,0.6882605231833564,1.0055705212382968,-0.3138065929010606,0.34800224603499313,0.5902305263539299,0.9934549035262994,-0.3019807473692464,0.2871656935647121,0.5615447385861715,0.9597777387497729,-0.30926591843171564,0.28242458764795,0.6474519002208227,0.8573673150753841,0.5410997556141149,0.886053883111551,0.4945614266613301,0.9370387666569131,0.4961703401195261,0.9904212199542984,0.4907710778002478,1.0319238916661364,0.5771465955470629,0.976614370467015,0.5675411013050058,1.051525014354469,0.5434891325478495,1.082181760121938,0.5197172801493218,1.0950636014110198,0.6473155483164484,0.982113117008369,0.6292260006023593,1.060656495538401,0.592036262518154,1.0873266549400658,0.5588483260337171,1.0899075877680715,0.70107038471176,0.9800407241155618,0.6901528691409169,1.0507593759786906,0.6522581585496892,1.0753432927232986,0.6154739649707687,1.0802322595034592,0.7422385163434808,0.9726108132633275,0.742129863967606,1.030423240449611,0.7120308150450672,1.054111799195538,0.6785873406568673,1.0607142354006254,-0.4359125517412028,0.3851685760669454,-0.44377307322134285,0.319170353007755,-0.4141270676434523,0.2579958467830699,-0.3855027260128583,0.21229786690617117,-0.36565006429635605,0.1751177846435202,-0.2776213528591661,0.2772664282668786,-0.2197201701414231,0.23747439750698654,-0.26243020968176545,0.24903105043789014,-0.3010783669548896,0.27126401846787895,-0.23343085154736665,0.31646945391195214,-0.17314253516756328,0.27536403635355944,-0.2157526028180747,0.2819158526456494,-0.2546259650605839,0.3023136293789956,-0.2096906000193807,0.3547328413261661,-0.1567678223481155,0.31585362707059367,-0.19321484244104042,0.3187560304828752,-0.22552946350933473,0.33578402302728644,-0.19876918310649544,0.3900774396915213,-0.15059151022758557,0.3563023512297361,-0.1824706439904213,0.353989050465824,-0.21211742983672024,0.36714476596626716
-0.04898798349987094,-0.2857848104293697,0.017783820885414338,-0.34477171157614567,0.059058412045083684,-0.34439444169058764,0.09032030912202699,-0.3434775054887332,-0.0986832385051965,-0.3446306369789396,-0.1367628648740339,-0.34394483334697284,-0.16997127984051594,-0.3433900762352542,0.16861758681114833,-0.32255095343664225,-0.21405665334755603,-0.32279026424404916,0.026162619943769908,-0.223912841277757,-0.11319474210324318,-0.22727322065841168,0.4997756484368903,0.0149766895369361,-0.4997756484368903,-0.0149766895369361,0.7053401270404824,0.4370676005388957,-0.807778198846679,0.35332614802122303,0.665878767970783,0.8650114035254254,-0.4516231595235785,0.4070787824357736,0.6874428331094893,1.0000627287986417,-0.3749945343682842,0.392908233454301,0.5899508425229368,0.9881176340220946,-0.37102662877191794,0.33386291632524506,0.5607492771410078,0.9547726230170479,-0.3730458745593952,0.3346380964101001,0.6493811209752177,0.8547790653493267,0.5430788319412018,0.8824509108752846,0.49761678845176394,0.931855059568915,0.49801985872949567,0.9853862974106246,0.4924831919290011,1.028205407141776,0.5806280411909371,0.9755554717527302,0.5668151927409587,1.0494861547664245,0.5412572268937716,1.0790726814715785,0.517496526101398,1.0913252390348591,0.6510331249540949,0.9810436532879324,0.6300136914901789,1.0583246876053234,0.5914326612734385,1.0838104123544243,0.5585084400607485,1.0867150497133247,0.7049070698918469,0.9784244753624399,0.6915385723470782,1.0483176404008843,0.6521712630088495,1.0717358288171566,0.6153277188250561,1.076427411074001,0.744964271980802,0.9707271960973506,0.7416569537840516,1.0281894401066196,0.7087979637515742,1.05116697729656,0.6739251800899656,1.057361018617645,-0.4713190815489716,0.440687054800962,-0.47854874087590993,0.37251677179989445,-0.4503588429470992,0.30952175538894955,-0.4205613371859441,0.2655211824161859,-0.4040897826624638,0.2299738888791847,-0.34104988330513375,0.3528440214474724,-0.28487288826599433,0.29450436938435837,-0.3368373121029849,0.3072429479202083,-0.37319473795423863,0.3313187055770119,-0.29128073208222405,0.3900067116144554,-0.2353608647250869,0.3306876182484474,-0.27872830580990626,0.3365430415922496,-0.31221916205071193,0.3595332355783506,-0.26357500528654376,0.4243151968872395,-0.21227389492834212,0.3685234552512364,-0.24738667091715083,0.3709679693897118,-0.2758015677377098,0.390975638040539,-0.24921509116251359,0.45305936512791656,-0.20278850244566318,0.40880847967108325,-0.2357022087815428,0.40779866205740367,-0.2646257140878193,0.42539355592012756
-0.04616696662294592,-0.288099131730725,0.020287056013883496,-0.34621919922104166,0.06069363477140962,-0.34571456105650966,0.09214077495633255,-0.34468092154619967,-0.0962617439721763,-0.3461120400493465,-0.13473547799603705,-0.3453946365728979,-0.1676317906749902,-0.3446575290096249,0.1688269454585799,-0.3235431925425184,-0.2131989959556312,-0.32381448772810545,0.02841542861904618,-0.2263931145673036,-0.11184641481219589,-0.22983239983059717,0.4998229904473726,0.013303316137177034,-0.4998229904473726,-0.013303316137177034,0.7062470807272957,0.43291174563819695,-0.8083320132751154,0.35467603798292224,0.6634754291640402,0.8507678703143858,-0.4948679464656078,0.4558770044287236,0.6858617954726917,0.9891365683790126,-0.41237615605626493,0.47067137637749107,0.5900943037670661,0.9771194049633458,-0.4018567944326531,0.424203509906488,0.5605476858482591,0.9438127037174295,-0.4122361890946848,0.4155554541443904,0.649908728595346,0.850415914556626,0.5435375262441854,0.8784925881854401,0.4961487121091931,0.9281484400143755,0.4963174101530394,0.981684735109643,0.4922294430560148,1.0241248144532331,0.5788136655278695,0.9708199210475681,0.5663643711046057,1.0440455491682237,0.5412083672912886,1.0741415519709028,0.5171447269908862,1.0869936639326947,0.6491048406786978,0.9772411238051083,0.6289826001299759,1.0534520666763596,0.5910004976320538,1.0784073411716824,0.5573012676811235,1.0812478357373423,0.7029057335113215,0.9759684145122935,0.688302578562771,1.0443303363147398,0.6499326064542563,1.066754363636632,0.6135437201195634,1.0710564549481127,0.7431979703265859,0.9694757723069566,0.7386423466270001,1.0250874998380817,0.7071775407090622,1.0473913613496852,0.6739152949890848,1.0535867921567155,,,,,,,,,,,,,,,,,,,,,,,,,,,,,,,,,,,,,,,,,,
-0.04450128646776262,-0.2900976318700582,0.021888748242268906,-0.34775402778525266,0.061875637543759465,-0.34715751514896753,0.09335417912893196,-0.34604278458239435,-0.09496396867191527,-0.34773435720936474,-0.1338928135491697,-0.34701778623059143,-0.16639684136400526,-0.3461362924924033,0.1699546962156105,-0.3247224966034079,-0.21262317919750315,-0.32512433836797494,0.03004302559260485,-0.22866332259172445,-0.11124577914133071,-0.23204695234260836,0.4998469205504621,0.012371580991128756,-0.4998469205504621,-0.012371580991128756,0.7059945558556089,0.4303629852614915,-0.8084839732954734,0.35390723586139683,0.6617220003946609,0.8420357741993524,-0.5551894559650307,0.5019625249019912,0.6840526582986872,0.982604422677136,-0.503283748065693,0.5550447851778354,0.5888964896894633,0.9698427731971564,-0.46444443822351456,0.5084830785603571,0.5593289978464636,0.9358151962952007,-0.46709812487999686,0.48992510145248525,0.6493365143412666,0.8472828760926013,0.5432382729713877,0.8750499772952213,0.4968567992167247,0.9244595569439569,0.49724866034426485,0.97807670184493,0.4933118319838046,1.0205953783720312,0.5796274817725542,0.9673826915191175,0.5677865702831499,1.041582816951141,0.5429528073725417,1.0711229831665527,0.519565170937554,1.0825507156629226,0.6503192679405525,0.973108088794547,0.6307864829832607,1.0496977531497012,0.5929377755908455,1.074896439157816,0.5599758981648262,1.0772043887957365,0.7040629634430506,0.9711811475526422,0.689995304003381,1.0398353333769426,0.6507998889080596,1.062628976559749,0.613839555110424,1.066524525780661,0.7437382243107704,0.9644034229169045,0.7401070166219872,1.0202558429143405,0.7081449470876492,1.042780880991919,0.6736386872059584,1.048637480039527,,,,,,,,,,,,,,,,,,,,,,,,,,,,,,,,,,,,,,,,,,
-0.04414705360027165,-0.2919559059282535,0.020610681867986157,-0.3497471892547406,0.05998297066543025,-0.3491304090454116,0.09214219259809961,-0.34800306918056223,-0.09670295852166827,-0.34967192941230785,-0.13635905384005853,-0.3489222518098085,-0.16906076974690015,-0.34795545978476716,0.1687687849248358,-0.32646531846439447,-0.21733436042565643,-0.32604092305279775,0.0307178937213187,-0.23033581462827438,-0.1122364731669096,-0.23355047113208255,0.4998528963064469,0.012127739033159635,-0.4998528963064469,-0.012127739033159635,0.7116854993763067,0.42797760484718733,-0.8158688773207319,0.3502029348206236,0.6615096748017539,0.8403176164313317,-0.6547163300336513,0.628631054452868,0.6830343791804238,0.9838853559034232,-0.6230965838925986,0.7378861474192927,0.5878068251247652,0.970857127500716,-0.5582822818416068,0.7127964826389196,0.5581815134885436,0.9362099495350248,-0.5490906502705994,0.6830547275724915,0.6476770520676377,0.852527430557856,0.5426121700955464,0.8795286758638747,0.498224246055199,0.9277502759140941,0.4989028503265523,0.981818192935077,0.4929726084085998,1.0246278995810718,0.5802763622880232,0.970962277086521,0.5694350505486069,1.045019519811964,0.5442696391221631,1.0747355716463065,0.5200330490369978,1.086831863164452,0.6505542562895936,0.9772907243803466,0.6312404193132037,1.0541835009363338,0.5928775665394885,1.079011070638015,0.5586984989520853,1.0804837490036518,0.7040251573289498,0.9754509960716677,0.690738144112289,1.044441197090036,0.651590174431229,1.0672025774306468,0.6139736889952749,1.070522188798805,0.7440616410100628,0.968784122888714,0.7418692721460264,1.023863812590888,0.7105282697680849,1.0462505488517047,0.6762537886676363,1.0520111883821825,,,,,,,,,,,,,,,,,,,,,,,,,,,,,,,,,,,,,,,,,,
-0.044522279493835304,-0.29320340646633736,0.019587842142399357,-0.3509804610787764,0.05879164995547471,-0.3503478769948317,0.0914553703282736,-0.3492077999370895,-0.0979872550728027,-0.35086640454743223,-0.1379037209044993,-0.35010911995789984,-0.17060630643095825,-0.3491102464483799,0.16812499096738395,-0.3275157710332144,-0.22002491172798436,-0.3266784125090054,0.030687847209085305,-0.23145273167114488,-0.11344699292920679,-0.23459543830491944,0.49985548284764003,0.01202066001318648,-0.49985548284764003,-0.01202066001318648,0.7139905660756054,0.4277112113314325,-0.8202112770048137,0.3475716550889121,0.6616222127971472,0.8408956437965824,-0.6781007449956005,0.6468868510961463,0.6824691687367652,0.9851468840935751,-0.6457419891325514,0.7582980130617719,0.5873442638752293,0.9718536344258707,-0.5787212776219643,0.7334194321623299,0.5577294073908097,0.9369441331388143,-0.5687814657478296,0.703102268680113,0.6479744894917894,0.8557962312262086,0.5415343564513393,0.8827213847146153,0.4948823055973877,0.9316323017355641,0.4964009761243262,0.9849654482757348,0.49217268176884543,1.0266130735146823,0.578279113260726,0.973159034863378,0.5684499401280407,1.0483740441232912,0.5426946472950304,1.0781783438190187,0.5177930207265838,1.0893355724536564,0.6490994306228549,0.9793880057720942,0.6292170726426696,1.0574792317051327,0.5905401903802219,1.0829898107816802,0.556452130481579,1.0844018462639031,0.702621043862935,0.9779212856515556,0.6880483689609233,1.04744069452861,0.6489617425156672,1.070674634930708,0.6120023485008914,1.0744148688892212,0.7426709011516659,0.971233354385547,0.7398626496718756,1.0269066128410698,0.7092499938404744,1.049763424541069,0.6761126654394057,1.055925016163289,,,,,,,,,,,,,,,,,,,,,,,,,,,,,,,,,,,,,,,,,,
-0.04470853701229732,-0.2940597981221539,0.01880268686458861,-0.35183630506660757,0.05791695958209988,-0.3511985159542847,0.0908307550344617,-0.350052179613008,-0.09911643259515004,-0.35170050317855234,-0.13921323735781946,-0.3509312202409532,-0.1718508272397387,-0.34990120159470867,0.16721153317937715,-0.3282785449544726,-0.22210477119848787,-0.32723716868817443,0.03088327818096051,-0.23226308532078008,-0.11402546294695078,-0.2352877370336874,0.4998580131943951,0.011914975675675836,-0.4998580131943951,-0.011914975675675836,0.7153901982052,0.42717443410849476,-0.8217070192275501,0.34731979079544667,0.6625046153516068,0.8414541999011689,-0.6975400338120933,0.6754238102521122,0.6829226788925323,0.9859434923712369,-0.6935515509629092,0.7954223532868452,0.587363384360822,0.9725830147674402,-0.6153711775025971,0.773708150312556,0.5576113153461529,0.9377632931774553,-0.593179856575537,0.7379854979283061,0.6481681657073382,0.8560091858209525,0.5407750143638697,0.8830953472595812,0.49523839914809203,0.933366915111517,0.4966318616360532,0.9873618241306948,0.49273110661073183,1.0293599532366553,0.5820773913310265,0.9757147805867157,0.5699883797101322,1.0510864929361752,0.5439328243808542,1.0797253193645515,0.5196457288223433,1.0897926746158968,0.6538277852726916,0.9814527285662321,0.6331216689886812,1.0599706974915872,0.5939036111224039,1.084649239299878,0.5600596657518555,1.085221232544304,0.7072275941652654,0.9789943912877238,0.6916999651626118,1.048751131267903,0.6510808077879923,1.0716841243665696,0.6133991617655238,1.075019544062669,0.745714260464295,0.9715847191289319,0.7420345873879489,1.0280618555929377,0.7094859981666224,1.0508571865037128,0.6745462382819325,1.0567527704167325,-0.7107534498182988,0.6815351889461511,-0.622062773924549,0.6871368454850237,-0.5883063605568278,0.7318545371307265,-0.5896004438693196,0.7874342257894589,-0.5936075297168675,0.826021544100688,-0.7091524170328054,0.7718582289910595,-0.6644222907513544,0.8462737472246232,-0.612053185878649,0.8407815546445434,-0.5992803672021109,0.8190967248255654,-0.7524740026065688,0.7902830302125701,-0.705124378334469,0.8607925062528564,-0.6536116967601191,0.8556085359825084,-0.6404880646986482,0.8364396148264485,-0.7714781403613331,0.801235888186029,-0.7254460000154563,0.8669530360267828,-0.6814762468144934,0.8596565484264563,-0.6706355942943231,0.8411128838364533,-0.7688994710565669,0.8082686048516612,-0.7330929093586447,0.8610981828891279,-0.7000453681390995,0.8607688119075722,-0.6902354196387975,0.8468116676088882
-0.04451395709590405,-0.29421667728361295,0.018336045699572374,-0.3519933821675856,0.05724665371299176,-0.35134879289336085,0.09038065967218192,-0.350203313839439,-0.09946480063762841,-0.35182468719481474,-0.13962194785425885,-0.3510417896076443,-0.17220732757138152,-0.34998109913678277,0.1661885144319015,-0.32838314352647235,-0.22326436571023137,-0.327181890248549,0.030798889173116798,-0.23244314641781047,-0.11393237948776104,-0.23540790420190427,0.4998624655413352,0.011726702133911263,-0.4998624655413352,-0.011726702133911263,0.7153109412478835,0.4267245689546646,-0.8202306864422703,0.3484110890386597,0.6632372242841768,0.8412282114565857,-0.7230131753416724,0.7102373982826714,0.6830895152982785,0.9857230522997278,-0.7272257466082603,0.8416138279719141,0.5873891807163015,0.9723882097106871,-0.6443944565266505,0.8193419746638703,0.5576696551066161,0.9376219500114741,-0.6193571231100754,0.777732835215018,0.6476312239269204,0.8556110997451413,0.5417697863424064,0.8829869316889639,0.4953307363251008,0.9324556297123123,0.49563009393511936,0.986258837727482,0.49170394144275364,1.0284235629437166,0.5786376266437145,0.97718283254515,0.5684890703910408,1.0515123272936382,0.5423455645353498,1.080994836956688,0.5167196121115181,1.0923259243839736,0.6489190301746035,0.9826496867121302,0.6311024493258149,1.060695960064641,0.5927288029979495,1.0862376140128291,0.5580923237426346,1.0883497809351215,0.7026510745928927,0.9798051032665703,0.6894979638339026,1.0493929067815813,0.6509619939296813,1.0727874981594197,0.6142141319239406,1.0768832278179061,0.7432170694163952,0.9715920792232703,0.7414193554125508,1.028095779103539,0.7106031654476304,1.0510390795722335,0.6770133595910641,1.057018390053941,-0.7295997289124647,0.7136338426792479,-0.6383258484736507,0.7386746068477388,-0.6015250548669243,0.7886253745259895,-0.5979392329645994,0.8470404933307385,-0.5967206298841308,0.8906429976641154,-0.7225633547547781,0.8166881410248252,-0.6779843604047001,0.8940186615062308,-0.6267966596286024,0.8941227603215025,-0.6129836682439918,0.8761207228262976,-0.7720771426604476,0.8318128558990459,-0.7293608505576464,0.9073272343377452,-0.6747443582954811,0.903018013888617,-0.6588752682770296,0.8818706630370674,-0.7947289272377881,0.8422980179253947,-0.7554237827540593,0.9105411627324046,-0.7081332201112687,0.9050831304989221,-0.6953616089653082,0.8843259051509331,-0.7957435476114956,0.8503042166389176,-0.766415813870587,0.9047661290219083,-0.7295820850454695,0.9053505331053827,-0.7184741925356734,0.8893720511115609
-0.044652883382442554,-0.2941203599713048,0.017924733152952375,-0.351588620102469,0.05671662255119731,-0.35091958542991164,0.08993002968407729,-0.34975991881381757,-0.09969066293736577,-0.3513974114789269,-0.13969803701103123,-0.35059064012407365,-0.1721096582899785,-0.34951416294490917,0.16533934803983574,-0.3279427802558552,-0.22336872141186484,-0.32659288256541913,0.030714595867551077,-0.2324996663479005,-0.11397754449701755,-0.23537424752575287,0.4998750622434732,0.011176857656952215,-0.4998750622434732,-0.011176857656952215,0.7132283033255801,0.4250985603624079,-0.8150751465336351,0.3571389489508707,0.660855322890165,0.8378708607183707,-0.7420256319469495,0.7394379125818703,0.6809334014211263,0.9819092161779037,-0.7390400989348843,0.8735224710661725,0.5856731869685128,0.9687068277008574,-0.6568444385221013,0.8496501330698926,0.5558821795852285,0.9339545626171594,-0.6351478317805128,0.808992884287992,0.6458284365860276,0.8519505018475985,0.5397262239549606,0.8799463378797953,0.494649279729509,0.9301747708800024,0.49545204313264185,0.98369304795827,0.49089334019283476,1.025668815101283,0.578348997341586,0.9739406261182624,0.5671171525421274,1.047301196860424,0.5419077227499328,1.0764401789272329,0.5177036045551344,1.0874696710422682,0.6481643881546177,0.9792964226758416,0.6307907972406891,1.0563454820598697,0.5926786955562027,1.0814757303668552,0.5588885343952561,1.0826466387987506,0.7016306596154392,0.9762351296007677,0.6899974331144142,1.0455048524502963,0.6508027934457228,1.0688579163114764,0.6130781922641612,1.0719639811399153,0.7425025782016846,0.9681032888247075,0.7430021058429424,1.0243753219996934,0.711808706377176,1.0470235728875918,0.6772136312048562,1.0521289213401022,-0.7382367490022315,0.7505706338924374,-0.638947370011512,0.7782630386529191,-0.5976906880601022,0.827321149750751,-0.5902683524934841,0.8852775001975316,-0.5879145117745319,0.9322610563828836,-0.7177466334834225,0.8612587253310746,-0.6660419056812046,0.9378833328524137,-0.6177463807143809,0.9365489781942594,-0.6070693928409066,0.917032403923843,-0.7720825327126646,0.8753051297874986,-0.7155074592856436,0.9511574734407483,-0.6584638465270085,0.9464974964038095,-0.6430241411956634,0.924548779723512,-0.7999480614364862,0.8833149724233847,-0.7511057932020393,0.9543515176971976,-0.6986727912457372,0.9498766884787603,-0.6847392937219263,0.9295383863507288,-0.8064203169355145,0.8891927802538243,-0.7712177926902446,0.9493417735564584,-0.7291393828812196,0.9526280984573984,-0.7154575065215178,0.9373800905241955
-0.04435712049386242,-0.29396487819155737,0.018221070758116426,-0.35114378561639437,0.056841403406334604,-0.35043648567879,0.09035454271198853,-0.34926666036129833,-0.09933627633344369,-0.35098252123062057,-0.1391769696602127,-0.35015502908292945,-0.17159598913135168,-0.3490473486013349,0.1651540964168749,-0.3274060192414938,-0.223366442219511,-0.32611658706558794,0.030904861032299086,-0.2324666607753414,-0.11384636382582697,-0.23535556639635405,0.49988023099881995,0.010943247076003318,-0.49988023099881995,-0.010943247076003318,0.7117662196448905,0.4244132300493652,-0.8071109341442494,0.36636839238367624,0.6592096392605634,0.836144133203729,-0.7491099978539979,0.7612686788986418,0.6801558635093106,0.979758995348308,-0.750127046384967,0.9003185784666159,0.5849043174844915,0.9665585346645319,-0.6639342077265368,0.8778960972998233,0.5548607526589704,0.9318559607603575,-0.6400311770627669,0.8352805443695671,0.6453567065791738,0.8515667839535401,0.5397530211089644,0.879084751429447,0.494646991929444,0.9279411287746762,0.49432914597127636,0.9808537980931076,0.4903766563613309,1.023020386290556,0.576496911412371,0.9727712621992248,0.5664801784753235,1.045576327638679,0.5406845107371363,1.0746484038050736,0.5153998550090418,1.0854530200933066,0.6447512578325844,0.9779180643382949,0.6278262044566895,1.0545704512038685,0.5899713166788774,1.0803380220617758,0.5559177026622816,1.082271633753268,0.6979928947909608,0.9749001862321081,0.6862499597717102,1.0442655301267267,0.648452241340579,1.0684038721628417,0.6119301993210499,1.0726554764774348,0.7395684729164084,0.9665718026357752,0.7392246763674266,1.0227122961935968,0.7095613950118065,1.0458266630372848,0.6766841427397119,1.0515449635259393,-0.7482647500389076,0.7874709709319925,-0.6414679227429186,0.8150055233719535,-0.5929922191020388,0.8627784147713848,-0.5835930321794789,0.9193979211145358,-0.5839804374280619,0.9664104406913894,-0.7027253655045129,0.9041177059383664,-0.6401178091102969,0.975786018429825,-0.6059796117770249,0.9563033684795526,-0.6160476605440283,0.9275624062425686,-0.7626831324359326,0.9149139321859601,-0.6981439155224659,0.988894969135467,-0.6546964803069748,0.9702772738399257,-0.6599218171287721,0.9415177754666458,-0.7990001062528624,0.9177815700295385,-0.7470370724644505,0.9896965106923439,-0.7043398629758806,0.9758777235251834,-0.7070756991345344,0.9503320009511539,-0.8164253426329088,0.9185575512300497,-0.7795719915667445,0.9802787876334882,-0.7424545493376706,0.9758279686330209,-0.7393009672020758,0.9545955074164211
-0.04454852376707546,-0.2942040842295068,0.017939544053794772,-0.35113674439288295,0.056326342282540166,-0.35028257540304153,0.09020403146828505,-0.34892579375782856,-0.0993414789312865,-0.3510814608939962,-0.13888261218960335,-0.35017668025024445,-0.17149968187256498,-0.348831675547576,0.1643835860026613,-0.32667593739778705,-0.22365109802306868,-0.3253835882812061,0.030589148307865847,-0.23265486258867416,-0.11405175614033959,-0.2355933557486903,0.499881815987754,0.01087060461912108,-0.499881815987754,-0.01087060461912108,0.709701576302996,0.4246515343191671,-0.8018800949194599,0.37408543089730245,0.6568904567097912,0.8343263989355258,-0.7540388450800474,0.7896001017340901,0.6789300800458973,0.9774318236681732,-0.7473957735139986,0.9264475901209258,0.5837811439954121,0.9642258805415025,-0.6627766893896725,0.908427505406341,0.5534793628186433,0.929631647132511,-0.6398753053156384,0.8693523886844143,0.6440644903078632,0.8493709077205948,0.5385251763697836,0.8772170503816733,0.4935111713818881,0.9260872740771253,0.4944208185308236,0.9791111572769612,0.4907487483794179,1.0211534795394877,0.5758563322940827,0.9705560358242401,0.5659002413290809,1.0432269737516722,0.5417318139654211,1.072054203857783,0.5182698084942259,1.0831644351921488,0.6445248616982403,0.9754079414923799,0.6287026853848176,1.0510844330212594,0.5919687469766608,1.0767287740770288,0.558694699093901,1.0796142223305427,0.6978025818084573,0.9723550854605469,0.6877777757902618,1.0410602109836857,0.6501912256739224,1.064790458220606,0.6131259755928601,1.0693556294033226,0.7389802234299457,0.9644291057979735,0.7385642345668438,1.020479955222065,0.7081777761998788,1.043197190739948,0.6739271180568558,1.0489813241410755,-0.753711621271496,0.8142919703953077,-0.6383966663806259,0.842202934905433,-0.5905356585301677,0.8887310069860783,-0.584550149144539,0.9429321951199526,-0.5811835981885654,0.9882331292534785,-0.7027063644218552,0.9329698750283155,-0.6411514003049058,1.0004017281351936,-0.6075797169651115,0.9749405623345382,-0.6214237562514676,0.9466245099329225,-0.7629872774817144,0.9420139829218938,-0.6944737949327092,1.013707337288026,-0.6551657672726912,0.9901546201602069,-0.669042412143778,0.9621054469028648,-0.7997396112794654,0.9417196566883842,-0.7441098118838668,1.013075664915183,-0.7049830128768895,0.9966015715673531,-0.7139460447941074,0.9710232203218745,-0.8179670091148754,0.9399009463711353,-0.7782179787551113,1.0002382135610215,-0.7432534043016409,0.9926776111076395,-0.7459276462301827,0.9701789790026077
-0.04265300108221894,-0.29558749326908434,0.019255346124853877,-0.3520018963639589,0.057243467640641976,-0.35107439407529034,0.09130321835182405,-0.34952077913053947,-0.09756016434677604,-0.3520853132364618,-0.13695519211196905,-0.3511541164942325,-0.16997349580887253,-0.3495200013508425,0.1644747877960302,-0.3263552914127279,-0.2231128630446183,-0.32514963565992094,0.031659960067329844,-0.23417527228623328,-0.11270159059805912,-0.237268404918727,0.49988605988827695,0.010673665226809832,-0.49988605988827695,-0.010673665226809832,0.7088177143287856,0.42442738063382096,-0.7941293553960267,0.38191899796401235,0.6571599201933565,0.8333658619367256,-0.7564206512363847,0.8053403205597681,0.6825023160605996,0.976100686365846,-0.7524328775074205,0.9405328208221874,0.586586718271892,0.9628463481044012,-0.6664196791534884,0.9240555579413124,0.5551519740380738,0.9284295965122976,-0.6424671756047784,0.8881571360264302,0.6425524397040616,0.8499903196252571,0.5380991541814213,0.8765884408133015,0.4940278232104979,0.9250145603077093,0.4949568810585604,0.9786304148303278,0.49024898055263944,1.0211946031933958,0.5771024726467143,0.9691206969200734,0.5683071453881515,1.043802714535847,0.5436093344447944,1.072574535532073,0.520263693504666,1.0813210571146492,0.6457629198483397,0.9744873768293506,0.6282972934175063,1.0525873473235763,0.5901598381998948,1.0770914911223812,0.5577511193405125,1.0765007674425122,0.6983618274171349,0.971460647138488,0.6865728261048318,1.0413674863045506,0.6478314249525023,1.064031208895337,0.6124198931279401,1.0659373524877518,0.7389943999027118,0.9633779605272984,0.7384034817779185,1.0198434054147882,0.7067752648444723,1.0421586827013203,0.6726987918698049,1.0467580829395102,-0.7543204516095694,0.8312436900334701,-0.6425677036306152,0.8580541450787945,-0.5971604388076378,0.9055014288245321,-0.5906221310072972,0.9596238123748196,-0.5849029224503562,1.0030188638992044,-0.7011945982960589,0.9514946534267344,-0.6559068198790327,1.0200049891468395,-0.614515912188884,0.9982553521449482,-0.6201651205730953,0.9730667622127861,-0.761771094994487,0.9579027803502902,-0.709940147654014,1.0311011831940426,-0.6636410611859678,1.0111326616982739,-0.669229408308889,0.986438934098326,-0.8008833998398217,0.9546197722492671,-0.7553073568225961,1.023254163831043,-0.7130269608264695,1.0079357926986932,-0.7167601089271295,0.9852703201035885,-0.8231300380680938,0.9488820914245225,-0.7899532617579272,1.0052186193272352,-0.7547340359634473,0.9990265207145205,-0.755217523267593,0.9798394733693091
-0.04273028570558303,-0.2965925807227592,0.018867856588916026,-0.35275242362269515,0.05682023972227743,-0.3518907916669253,0.09082247329004743,-0.35024771117082776,-0.09759438014386773,-0.3526652508538487,-0.13685095720757712,-0.35161442098440193,-0.16989293127709612,-0.34975777691206583,0.16377928560985489,-0.3259816468950698,-0.22306278703533886,-0.32470405133739877,0.03141141616493729,-0.2355073793086441,-0.11254732515727173,-0.2386999606247055,0.4998924370988602,0.010370695799322777,-0.4998924370988602,-0.010370695799322777,0.7073939141515736,0.42422205685705927,-0.7839181118637412,0.38746757123769077,0.6578595899813816,0.8322504128599447,-0.7505375424515311,0.8140066472854096,0.6858220514644183,0.9746414033838567,-0.7531765087333704,0.9480985572366897,0.5890327089286174,0.9613082410218696,-0.6680831695989818,0.9333778140752687,0.5566389973873354,0.9270268216153441,-0.6412722040892824,0.8990748441624136,0.6426544457993104,0.8480430510253777,0.5371785018743572,0.8755447976298562,0.49245654167164354,0.923942769425753,0.49500590832581537,0.977355990586555,0.491381928585752,1.0195860521519755,0.5758795224167877,0.9682989534669817,0.5676254843438715,1.0410996702274293,0.5440857303760305,1.069535466254893,0.5212008399924193,1.0795046139937108,0.6450801397279695,0.973394386247329,0.6290143343336567,1.0509987302834998,0.5923245002332769,1.075737934954979,0.5596560682734697,1.0766044206283907,0.6974665083844751,0.9698515606662363,0.686942677793554,1.0398790573148728,0.648759645997855,1.0628392773962847,0.6128722284980151,1.065426697196768,0.7379335055536932,0.9612338820675975,0.738402762975301,1.0177115463987176,0.7074597305627962,1.040225806903202,0.6734118720491934,1.0453235694680174,-0.7572632419134017,0.839183657288178,-0.6458649858706463,0.867155437909087,-0.6024136318721995,0.9148377775758789,-0.5979985932308779,0.9671963829674736,-0.5946648658057934,1.008385225024378,-0.7016091563917398,0.9628354147406814,-0.6668857574567532,1.0303042255972739,-0.6254819927826704,1.0104804778559844,-0.6292276066868369,0.9866180487393174,-0.7614433606208608,0.9672249228272072,-0.7200248406451469,1.0376238259497932,-0.6746046246224859,1.0198048577432672,-0.6784568261660661,0.9970053927901514,-0.8017464962824922,0.9622071495291286,-0.7625700055598723,1.0285087383672242,-0.7218809993457189,1.0148474646926524,-0.724013625803167,0.9932169690963844,-0.8274256719124798,0.9544359592872173,-0.8003959008114887,1.0091478411402555,-0.7674986646020479,1.0025883329704397,-0.7668368116644139,0.9832967468313958
-0.04287943570199308,-0.2970517666157306,0.018237355610006455,-0.35329522110623,0.05602966661228583,-0.3525673542657691,0.08994764142198106,-0.3509187562144242,-0.0978782320832188,-0.3529296409284419,-0.13703454268365242,-0.35174649405734926,-0.17011518970935183,-0.34966857662392786,0.16271262701555522,-0.32554328780075403,-0.2232397822538409,-0.32403698897600447,0.03139882321892756,-0.23627352928395606,-0.11251945665978455,-0.23943762862875478,0.4998963112165082,0.010182241016986369,-0.4998963112165082,-0.010182241016986369,0.7054686128433653,0.4235029859490284,-0.7728858017026662,0.3890007028106586,0.6583012141975545,0.8296935612609199,-0.7452568908735523,0.8193211197460303,0.6881848267273032,0.972156882403443,-0.752760099514546,0.9544846552399696,0.5909776967828538,0.9587040355749177,-0.6697824078891698,0.94091343560348,0.5579063490939503,0.9247188343096355,-0.6418517529546479,0.9071791226955034,0.64236253840178,0.8457455727238942,0.5372684084373237,0.873395600796982,0.49328022055860493,0.9223568027634816,0.4945092829051273,0.9759050963407331,0.49153698238174365,1.0181514021958733,0.577923752755635,0.9661822522482724,0.5679029424133397,1.038422406521429,0.5420374183241449,1.0657291340778021,0.5179536859122776,1.073515778754887,0.6466222158628435,0.971314711214866,0.6289879609912866,1.0491263306458551,0.590844793761146,1.072870056056123,0.5579379280918196,1.0721762867839135,0.6985068968345484,0.9676976566736346,0.6869857934891842,1.0376418434391246,0.647093769732868,1.0598529219037214,0.6104609697873251,1.0613944807138218,0.737925816831374,0.9592077496513612,0.7374110597924853,1.0154152660798683,0.7048453635418579,1.0377731965713666,0.669889737734689,1.0425639049107114,-0.7551948789975094,0.8414862827351972,-0.6446994811122034,0.8699178425715055,-0.6063283832624721,0.9182247974471782,-0.6043026777304358,0.9710157762841151,-0.6014818789023517,1.010920974100892,-0.7102562214037783,0.9663895499643472,-0.6722981690967306,1.0332213649459658,-0.6304633588948082,1.0142435496435873,-0.6335153818575983,0.9914964031599447,-0.7703941606499196,0.9694716989036323,-0.7267882142607484,1.039194832684037,-0.6795928207364583,1.0221468235029871,-0.6802191698168976,1.000098095959952,-0.808074492138282,0.9629819242372064,-0.768230805559686,1.027030718946474,-0.725784660831526,1.014735639549036,-0.7256869209270778,0.9947943742073675,-0.8291653879913413,0.9544461017395034,-0.8021254351593,1.0068608449085734,-0.7669470127413963,1.0020348765838776,-0.7634916310450849,0.9849630378522882
-0.04285288997788671,-0.29716381494931393,0.01801361397553354,-0.3535995751206355,0.055643513094323464,-0.352876748766274,0.08946010678025931,-0.35113455934957527,-0.09802476757775119,-0.3531657439472781,-0.13715175648666061,-0.35188938885044474,-0.17029899131073925,-0.34965438965202045,0.1619819439821505,-0.3251010148708881,-0.2232732872883081,-0.32351893787297253,0.0314647975056939,-0.23657209329914344,-0.11263908661392663,-0.2396769786278768,0.49989881707895745,0.010058463255341663,-0.49989881707895745,-0.010058463255341663,0.7041249144516405,0.4227613719979185,-0.7670255035900603,0.389793876899998,0.6581755508481811,0.827668082204168,-0.7442625646609967,0.8189661269412944,0.6894889376969823,0.9700637137784622,-0.7535398997573113,0.9543195193039417,0.5923490426172402,0.9565920327647379,-0.6705428815917722,0.9411429247045446,0.5586140521205876,0.9228612964627871,-0.6414709719196915,0.9085925340599034,0.6419096374052102,0.843364707047021,0.5360503835388138,0.8713478329341279,0.4921343316304083,0.9207477351858554,0.4945104927439433,0.9744923304632099,0.49094528421120853,1.0158539318255708,0.576160671541337,0.9626140387378587,0.5665935677740725,1.0370595454349847,0.5392617204213396,1.062592061801272,0.5152522057583565,1.0656688114332264,0.6456682184243981,0.9681317292663099,0.6248460624556205,1.0470779805856305,0.5855620550877112,1.0708626030468689,0.552912657730006,1.069107554359821,0.698237495729091,0.9648977678028692,0.6816295063575847,1.035378365037762,0.6409079679253834,1.0588787299439142,0.6045224207569189,1.0612895047325244,0.7387095836537678,0.9564773628802712,0.7351321926543865,1.0129218248134833,0.703216450510284,1.0361255563254166,0.6695553283034564,1.0419276977814402,-0.7499713072060635,0.8397352988487838,-0.6423525570854309,0.8686723312115635,-0.6046295491144139,0.9178786676043516,-0.6027296644350126,0.9713956634651508,-0.6023672843953997,1.0109699229352263,-0.7104022687931225,0.9659769796497636,-0.6730477320950418,1.0322577198513827,-0.6293551220947327,1.0157920526299058,-0.6277844540735178,0.9935277246571613,-0.7662436019410874,0.968938479279792,-0.7208792867953918,1.0366497891361908,-0.6725366486133463,1.0211886919818374,-0.6701403767612202,0.9994940393541837,-0.7997530234322926,0.9632985773399024,-0.7589289975822713,1.0271714433402082,-0.7151347703403311,1.0157798701632592,-0.7116938036301423,0.995155920993096,-0.8183493653957524,0.9560111418154329,-0.7887121312595262,1.008904511407421,-0.7522406300208333,1.0053273137805263,-0.7467762136123999,0.9886868378312959
-0.043607062866769596,-0.29707527097003567,0.01695596316642721,-0.3535691050543273,0.05448123009230641,-0.3529616247666983,0.0881783487718503,-0.351274029480519,-0.09883626150312477,-0.35287249936406745,-0.13785206397754812,-0.3515133369739467,-0.1709764265523062,-0.34918083644751857,0.1604939674004533,-0.3246898702882132,-0.2238305875382503,-0.3227980775157033,0.03076943601357702,-0.23689179954652767,-0.11319451819665892,-0.2399060515294439,0.4999004768859615,0.009975630766437425,-0.4999004768859615,-0.009975630766437425,0.7020818385783364,0.4220063218275358,-0.7632286167075527,0.3889761003707082,0.6564515615526018,0.8256944315044932,-0.7436323134881861,0.8151888228974115,0.6887919292436112,0.967737173842866,-0.7516127023540599,0.9519249384488364,0.5925029276921935,0.9541673490119992,-0.6693483159726912,0.9385541989329373,0.5582754935757832,0.9206064262940514,-0.6405523227893374,0.906019375818006,0.6421700838855764,0.8421662334604164,0.5365530093497151,0.8700925787756751,0.4924056478435117,0.9180761908375439,0.4929811047180742,0.9701354574045692,0.4923277113442414,1.011329141335705,0.5759609057220761,0.9608320771723697,0.5665676284387381,1.0354639917087407,0.5374487003549426,1.0589568305234311,0.5129287973766012,1.058456995202616,0.6450257621001754,0.9666308227950563,0.6237903809945465,1.0460272810417675,0.5830083715422294,1.0677941350570241,0.5510881664636226,1.064126875524529,0.69764447383523,0.9635770238261242,0.6798863338170932,1.0346608985244283,0.637172502325933,1.056128352918726,0.6011936190093374,1.056357532525491,0.738451176039791,0.9551774369084823,0.7331553523319501,1.0121077346799003,0.698964764431779,1.0342137282142587,0.6649634233281033,1.038207587977607,-0.7442527188883178,0.8352775343207073,-0.6375515746553047,0.8660709396660524,-0.6046782872137155,0.9158646462146862,-0.6057411365769076,0.9687418601997957,-0.6078125305395677,1.0074938553406743,-0.7134634611537012,0.9600469248158597,-0.6747257415102137,1.02501008355167,-0.6292560638301289,1.0133099630547824,-0.623687076550588,0.9940818326296171,-0.7684649270242431,0.9617850630792885,-0.723844834351055,1.0291650249409852,-0.6723544656462773,1.017096442281706,-0.665011458447703,0.9969654831026176,-0.7993403200235235,0.9555001788967972,-0.7591047341706695,1.0193550574635288,-0.7104244199624774,1.0110035056654867,-0.701945546160677,0.9923720524488435,-0.8134278245469442,0.9479135236819398,-0.782205671999549,1.0005218181621414,-0.7422600330734357,0.9996446467210969,-0.7325244332209019,0.9850018446403754
-0.04459404641801893,-0.29650024694809274,0.015698330477402832,-0.3530057148711789,0.05315325708903328,-0.35248488504071057,0.08668950430030564,-0.3508527592063216,-0.0998831867259431,-0.3520931325200278,-0.1387815285297873,-0.35067501340268253,-0.17180598709324402,-0.3483009334940124,0.1589198972433845,-0.3240453640928759,-0.22449424846382876,-0.3218968328365507,0.029805076168162258,-0.2367224480015178,-0.11399474155641137,-0.2396717010193662,0.49990079109516156,0.00995987261121647,-0.49990079109516156,-0.00995987261121647,0.6997249704063481,0.4219376150707528,-0.7603407138557928,0.3873881783056202,0.654020445538159,0.8234063292557192,-0.7405761114803674,0.8068632733884571,0.6865494665288101,0.9650199120686502,-0.7500767593407859,0.9444431421791945,0.5909753170733923,0.9514036986281934,-0.6699017637814835,0.9321740649539803,0.5566517175089873,0.9179676738884535,-0.6404625188709734,0.8997518068648656,0.6412869977826583,0.838873676752906,0.5361189993392645,0.8675013312461509,0.49142112359493156,0.915355926295372,0.4912995485430919,0.9682670432000647,0.4916586950965487,1.0097018214691498,0.5738595888496006,0.9555616808204638,0.5650086557638475,1.029939066095161,0.5367259127705212,1.0526716771332993,0.5132280714219108,1.0515601887637904,0.6423596283033198,0.9619322520099812,0.6216062668037552,1.041160135595023,0.58174215356358,1.0642243849074835,0.5495976713840484,1.061998907415817,0.6947032667223685,0.9598458548386943,0.678573027407714,1.0308456851130732,0.6363522433446147,1.0542760061401713,0.5993066707050014,1.0564308854609121,0.7353987840354095,0.9525576997927286,0.7317678835552288,1.0102140910309365,0.6984678612864551,1.0329703630364424,0.6635898640964141,1.0374395927506694,-0.7452042351705748,0.8312142561214172,-0.6415744881544533,0.860469599529461,-0.6074883639088712,0.9096924910086437,-0.6049940555074799,0.9623839264114362,-0.605277313836331,1.0021966780395208,-0.7157493124646138,0.9551032736234164,-0.6775539707034091,1.0187356942294277,-0.6313656463805097,1.0095625487831816,-0.6227791197959491,0.9925593544285769,-0.7696375503753504,0.9563499950015383,-0.7248969694704028,1.024211188336334,-0.6710300841399736,1.01426184774108,-0.6594231292698736,0.9949044833161999,-0.7977957366502175,0.9493380769404488,-0.7577744607243572,1.0138750005429003,-0.707306194426171,1.008090374935509,-0.6947234651091457,0.9911031469247377,-0.8093824931335403,0.9413826056684833,-0.7781970495947472,0.9938551290317291,-0.7350091475361985,0.9959369094288955,-0.7192915324085633,0.9837467020949062
-0.045860976548927776,-0.29559752551422147,0.014097337019999481,-0.3520378533396847,0.051460124157083204,-0.3515813354686381,0.08486335662757473,-0.35000422146324667,-0.10121060613588298,-0.35100877159804544,-0.13999728056219451,-0.34956763552275794,-0.17295760253730877,-0.34717024591363876,0.15716241000949996,-0.3230640133027336,-0.225433680193308,-0.32075679651407096,0.028631355807076906,-0.236170570382522,-0.11485132945824664,-0.23900569585120054,0.49990096365145703,0.009951207984194913,-0.49990096365145703,-0.009951207984194913,0.6958121007579372,0.42178207402640144,-0.7589703516207055,0.3856134778441839,0.650610123663079,0.8220825098940587,-0.739119298704138,0.8002827274591026,0.6828638203692811,0.9623649703857736,-0.7486979329094434,0.9379824697181457,0.5878948791222771,0.9484030363363427,-0.6693351183297161,0.9255056561484545,0.5539575092434704,0.914981021854364,-0.6402250128828936,0.8923391153533377,0.6381241107408226,0.8360975318739179,0.5331560482150136,0.8643560264223377,0.49158800703657624,0.9125192367772886,0.49073994172197455,0.9651245845021463,0.49080836190667804,1.005904931117191,0.5730208675966453,0.9543862569140941,0.5606692035524762,1.0283856572951484,0.5309798263738154,1.0426852842449923,0.5136055074822415,1.0302379852647812,0.6420093039741798,0.9600308263255399,0.6209029227388232,1.0370397565676541,0.5801246843087414,1.053600124410389,0.5537823382383753,1.0443955972094003,0.695596490932191,0.9571865015042963,0.6805515247713897,1.0267684877754626,0.6371857767791753,1.0456898311234128,0.604758633946484,1.0422199503277374,0.7370119761805893,0.9498931397987219,0.7337523389216638,1.0067186905128518,0.6992547668022738,1.0256912052594456,0.6667896766402513,1.0253423964746828,-0.7435451455538772,0.8255757723775039,-0.6413327682542829,0.8550729214181882,-0.6076809616113532,0.9045702295482674,-0.6045091015081537,0.9568194856675817,-0.6066790946210526,0.995900251896211,-0.7159821603900199,0.9481086570542573,-0.681382053820164,1.0118480961806482,-0.6346842236675734,1.0056414079968345,-0.621382534817872,0.9894089587424124,-0.7703861731945469,0.9496344080078265,-0.7280400201116389,1.0171153004837437,-0.6738970389361486,1.0088119265277848,-0.6587321937122325,0.9902961213054161,-0.7988044106671974,0.9431523142065932,-0.7599435664608292,1.0079136480804316,-0.7088670361403958,1.002753769557263,-0.6933885504899608,0.9861038996801965,-0.8092336016784243,0.9349683401808032,-0.7786543787922617,0.9878218787717421,-0.7353925068227624,0.9901265082424958,-0.7185692866457958,0.9774856395520591
-0.04718829929586476,-0.29472792923617835,0.012451714605375435,-0.35143447706909087,0.04974212012339855,-0.35108471838774574,0.08298227618870618,-0.349605572405568,-0.10252865897352587,-0.3501122116529655,-0.14119461009991852,-0.3485902887422476,-0.17408013778889098,-0.34613214309863627,0.15557606070037575,-0.32233871789297325,-0.2262369582378523,-0.31966267726961045,0.02733369346343875,-0.23566798194404862,-0.11560789584311097,-0.2382439551095764,0.49990111727872893,0.009943487490738803,-0.49990111727872893,-0.009943487490738803,0.6917821863932563,0.42430115546863495,-0.7583702047189459,0.3844181625315885,0.6466412596459588,0.8275094180562432,-0.7395351793395374,0.7967222514869104,0.678693783038984,0.9634155393969535,-0.7481868131367848,0.9320991993053671,0.5843236773739079,0.9498766415139925,-0.6701853755649736,0.9184002698772427,0.5507107509313217,0.9164040768681788,-0.6418812760194954,0.8839829844033567,0.6375120138028231,0.8366132650980581,0.5349602476491483,0.8644606636408408,0.4944799054599875,0.9124477838835069,0.49331156059923437,0.9649513075189176,0.4932974289353416,1.0056642492570156,0.5742237389960864,0.9539689040215242,0.5599954450772774,1.0307704869414702,0.5273163542621974,1.038448945614429,0.5135652904524145,1.021637039792853,0.6419291136114567,0.9581005060258384,0.6167949945360784,1.037626444582186,0.5736731770095628,1.046004420617835,0.5541059786657659,1.0317841473731273,0.6948504761738579,0.954339955682924,0.6765627663176462,1.0268982200664307,0.631139970166218,1.0382442274564154,0.6054732401368287,1.0284259675142935,0.7365272355831263,0.9462681020421404,0.7327294463961702,1.0061076779537577,0.6948460838999453,1.0216041932227238,0.6661758023880575,1.0173410139694625,-0.7462019827493644,0.8191845312444074,-0.6436000873825567,0.8477291555287084,-0.6063121644541364,0.8953694771007097,-0.598895905436917,0.9468707984103223,-0.5972899564165666,0.9869478152732474,-0.713868258341717,0.9383963833170269,-0.6822505700660397,1.001747486737557,-0.6336586528024509,0.9980887225683565,-0.6184848741818458,0.9827146180636502,-0.7699297148147694,0.9409062814054346,-0.7304731543841076,1.0096711488758978,-0.6741543679503059,1.0030546656476347,-0.6577115086216042,0.9848435341322472,-0.8005674485868581,0.935365523348898,-0.7644664899412117,1.0011155721994347,-0.7122080742869675,0.9972551453671162,-0.6954902204176504,0.981346902160951,-0.813120090008008,0.9278406032944493,-0.7854123848724893,0.9809447226453011,-0.7405270693700623,0.985125021599516,-0.7202368645465644,0.9742064015580709
-0.04748301327651131,-0.29434904921929506,0.011954402871934135,-0.35134847412783016,0.04922025481536277,-0.3510927114495631,0.08238151138017716,-0.3496798681194865,-0.10297426772926455,-0.3498047466541603,-0.1416001517751292,-0.3482185032824258,-0.17452004005765803,-0.3457010092196774,0.15515328587226512,-0.32212737364978855,-0.22654815536066727,-0.3191418233998276,0.027238391590499282,-0.23551219396279233,-0.11549643896189882,-0.23789079640338834,0.4999009761713277,0.009950579026048107,-0.4999009761713277,-0.009950579026048107,0.6901899340360131,0.42478286747069494,-0.7581730456954264,0.38385016230989033,0.6452839942758161,0.8291283141436391,-0.7403993031076931,0.7951592555155989,0.6768937065426528,0.963901232502888,-0.7482132676017478,0.9295237924683267,0.5830083082866242,0.9505043395647829,-0.6710417649498623,0.9154212881457517,0.5496788946720659,0.91693775206147,-0.6433409414725672,0.8803832311300536,0.6367554576474752,0.8339108760402687,0.5316887595089816,0.8632373129922145,0.4896441587539517,0.9112072572268279,0.49021726543369126,0.962513078898369,0.492326282762793,1.0019148304203482,0.570843423121133,0.9518261454898111,0.5586323996268004,1.0274354272056399,0.5279870165635976,1.0379257960809936,0.5137329421111514,1.0242936357966481,0.639310033962123,0.95616658017742,0.6171590604162585,1.0353342328415722,0.5757054878406007,1.0455205081859265,0.5550616361521353,1.0334347445347705,0.6926156280767075,0.9526099251173592,0.6767512878168492,1.0237925964239416,0.6333867876793051,1.0365711976247227,0.6072322655080739,1.029205461275734,0.734465761495299,0.9441446857004866,0.7294696668370898,1.0021472379528173,0.6936754750602979,1.0180701090678588,0.666025651595255,1.015118781256026,-0.746143715702688,0.8180896236412291,-0.6437311153980785,0.8456244825926715,-0.6057355343073766,0.8926640340804023,-0.599322306598434,0.9446497288124727,-0.5988721719108541,0.9854579367471064,-0.7107710604757645,0.9370168858572578,-0.6815577768220308,1.0015571630447022,-0.6336447428814633,0.9980922126795699,-0.617702139051401,0.9825176668818553,-0.7684515976974633,0.9395483930074849,-0.7301445828870825,1.0088887722826887,-0.6745934629993864,1.001773555620053,-0.6586357974834627,0.9833609306358435,-0.8000322351909599,0.9338493561243256,-0.7645345107751111,1.0002412674014678,-0.7132049526492695,0.9958497373744809,-0.697267591811121,0.9794582381094729,-0.8134122552278151,0.9258113728848637,-0.7861668094300137,0.9796776811528461,-0.7422717185107944,0.9834476783202352,-0.7231936148620369,0.9714713502093889
-0.0477163456919472,-0.29400997655148436,0.01152293308584369,-0.3510863099720193,0.04877644125269256,-0.3508916782172215,0.08187964625681375,-0.3495403967924,-0.10342673365134027,-0.34945212691143257,-0.1420463777213611,-0.3478457483872455,-0.17498799266291293,-0.3453180113212663,0.15483322695070192,-0.32197391293038785,-0.22690458493999066,-0.31876896400524934,0.027181076803526875,-0.23525480141429614,-0.11541067928163276,-0.23758695451532688,0.4999016163809691,0.00991836376094294,-0.4999016163809691,-0.00991836376094294,0.6890208361744519,0.42480632461618495,-0.758268510182932,0.383451456888353,0.6448139086033212,0.8296243774650043,-0.7413659230193329,0.7949125086323344,0.6760768722702499,0.9640996846678489,-0.7493419209044235,0.9277557276369238,0.582323213045039,0.950871962138746,-0.6732425235357536,0.9134402002316909,0.5492794259543198,0.917254754095291,-0.646162714281751,0.8781328191707896,0.6380880674250505,0.8362622344253526,0.5336452779324335,0.8643455779571507,0.4913031587203829,0.9108884674699148,0.49051968020840836,0.9627526881887054,0.4913686707787493,1.0031317309541266,0.570888121345595,0.9527653368023462,0.5534752447622497,1.0285957348034507,0.5210364920012688,1.0371517238913168,0.5081334731335457,1.0213212301363617,0.6387957500090314,0.9581384682405694,0.6121885226528083,1.036909100744925,0.5696306326206149,1.0440024950413558,0.5511084312117344,1.0299366371376297,0.6921827452007799,0.955411147927009,0.6717951641067292,1.0265033482183596,0.6265366156451941,1.0359134698113803,0.6014489252474166,1.0257754787791844,0.7346217994061693,0.9476359711626955,0.7272278875861857,1.004780958935094,0.6898467832591465,1.0178007187672897,0.6637986937033991,1.0121482088708587,-0.7478711371056924,0.8175933926532685,-0.6437785705064935,0.8445234192505702,-0.6055662819389309,0.8922005814948171,-0.599090300704197,0.9442438177219344,-0.5977203559604224,0.9844430832109083,-0.7150138879834904,0.9364025575731643,-0.6831786460160066,1.0027264703139998,-0.6338002651165655,0.9939788965438181,-0.6219810518423396,0.9759162317536529,-0.7727778123538269,0.9393696444026645,-0.7321739527718316,1.0097501628274013,-0.675396042012518,0.9981250099818828,-0.6639255280954689,0.9776452549452468,-0.8044104240012473,0.9337266566077401,-0.7658587677359845,1.000473160213445,-0.714609293890469,0.9916315080803765,-0.703872172231469,0.9723660114278799,-0.8181755739393906,0.9259446239303418,-0.7877464607014071,0.9801608037212973,-0.7451077280274214,0.9799657910824393,-0.7324977042230608,0.9651162642247084
-0.04807132456617794,-0.2940312651810426,0.011128896289497541,-0.3515195091726834,0.04839693510579148,-0.3513253988568413,0.08146705288565341,-0.3499692909051837,-0.10377451486899632,-0.3497336942669361,-0.1423252042036978,-0.3480246671184853,-0.17533147491398618,-0.34542891740467535,0.1544203702272034,-0.3220265400270212,-0.22708613787538337,-0.3186366507563397,0.02681814802378128,-0.23529881212570034,-0.11565026011390786,-0.2375139533770748,0.49990209705604166,0.009894107285241267,-0.49990209705604166,-0.009894107285241267,0.6884197521511047,0.4247266923586778,-0.7583355285060728,0.3831339898879608,0.644587168878955,0.8296356729910344,-0.7420787895542978,0.7956753120175358,0.6755871572316304,0.9640367041589413,-0.7504923299206651,0.9275700364603052,0.5820861211328079,0.9508105600893086,-0.6748997783484719,0.9130545812241725,0.5492849032316567,0.9172172959778292,-0.6479159704914156,0.8777972969149251,0.6357258426565324,0.8347108965333802,0.5305382237186288,0.8637117389371132,0.4883411150095643,0.9107770201849585,0.4890088925569073,0.9620154829191777,0.49091821490871485,1.0016866835672893,0.5673978696547295,0.9509405378792304,0.5528938326724697,1.0262903564045054,0.5228318538754666,1.0366425259742877,0.5093014133401168,1.0236576876698391,0.6356318323663108,0.9557491451936401,0.6138863387777539,1.0344389932810174,0.5730849213004402,1.04428952089731,0.5520239520315735,1.0325397570534645,0.6894730860708949,0.9527415771234751,0.6747117577680288,1.0236318062943934,0.6312984147172518,1.0354683488676741,0.6037357013888311,1.0279699815492331,0.7318192029930028,0.9446399453920736,0.7280711611591696,1.0013488935568777,0.6930757354720778,1.0156717609110182,0.6660765129722929,1.011701824343585,-0.7495610761652011,0.8165239017643636,-0.6429499815777888,0.8445345912530708,-0.6041720689910134,0.8927057303885225,-0.5977714716303517,0.9444406968619886,-0.5978484496918792,0.9845572094111497,-0.7163831510383544,0.9375404557422647,-0.6748011056045855,1.0026029984406026,-0.6288716551607633,0.9883657679905101,-0.6252523541393488,0.9673887228876105,-0.7736045884978278,0.9408279613365511,-0.7281396706824079,1.0107495419705714,-0.67393055889888,0.9958275968965575,-0.6692733386004039,0.9735353592517121,-0.8053489518509114,0.9350010360808954,-0.765964539679245,1.0021329469894948,-0.7156558082666401,0.9913902731372536,-0.7098825488041877,0.970417605031672,-0.8190661759892013,0.9275100906274716,-0.7870932572544252,0.982077925886845,-0.7456992324010996,0.9796197661322055,-0.7381769819016406,0.962514841221893
-0.04929683803681593,-0.29453960522875317,0.009873772776246906,-0.35256370160952505,0.04742958942820932,-0.3523010974739962,0.08050933761936722,-0.35090625087006383,-0.10479080065962265,-0.35056134507611736,-0.14306516312010467,-0.3487031353779728,-0.1762435781549377,-0.34600687596035784,0.15385143769410145,-0.3222320676381065,-0.22764348521699368,-0.3187479958139049,0.026145714536445666,-0.23574663058015197,-0.1163931461287032,-0.2378160653438306,0.4999026043157233,0.009868444576395597,-0.4999026043157233,-0.009868444576395597,0.6885174537807839,0.42437651318050723,-0.7590294234166389,0.3826839202225577,0.6442235575382838,0.8295554747235296,-0.7425812704756433,0.7953549016350782,0.6753280659274201,0.9639924269290572,-0.7513139997390894,0.9273810337007395,0.5819528858760173,0.9507655513838824,-0.6759256806286001,0.912971107495722,0.54925429426708,0.9172016981776625,-0.6488608040445905,0.8776839622233068,0.6320935299910716,0.8352138326727696,0.5254159281323165,0.8657246273641884,0.48384721582090995,0.914852723214642,0.48752557664683255,0.9668858297411707,0.490974634586297,1.0054330721511804,0.5637382443914604,0.9534947314648644,0.5493060539227784,1.026937496458218,0.5189130505066438,1.034991070533474,0.5052395576382182,1.0205836181355301,0.6323660293548957,0.9570448349086519,0.6105843483627382,1.0340295207531642,0.5695454113508334,1.0438265579369097,0.548028237422723,1.03190965838375,0.6863138625565632,0.9531982552017093,0.6710721662961858,1.0233068991381054,0.6272956763178182,1.0350622400600593,0.5995932235337438,1.0270866860540546,0.7287786639072492,0.9446596246471323,0.7245084923121274,1.0013248397729682,0.6891575989343485,1.0159113577444863,0.6615622810258556,1.0124059731208794,-0.7519219854006943,0.8157204232238982,-0.6439588601813847,0.844875761931714,-0.605005913411268,0.8930000629887509,-0.5975902961217805,0.9452293614455188,-0.5975562337013025,0.9852884805633381,-0.7199071160083912,0.9375042328325259,-0.6737523459678209,1.003780378733015,-0.6283080342895673,0.9874209022609733,-0.626177896106154,0.9654201941963565,-0.7762791849959791,0.9418634614823053,-0.7255547224115027,1.012246317418192,-0.6718100268291664,0.9955471682056293,-0.6691521114211957,0.9729497017576657,-0.8073235608439363,0.9368109959733,-0.7644745582254006,1.004605488538561,-0.7150711086183454,0.9925681336101911,-0.7110797160511584,0.9708165188886231,-0.8202796496609535,0.9300386636694324,-0.7877498478115915,0.9848508070041233,-0.7470088142592305,0.9813534146802934,-0.7416151536668896,0.9636948089087911
-0.05114507727122358,-0.2959454145970178,0.007911290003723868,-0.35445958990985793,0.04563204655133865,-0.3540586820341014,0.07883342602411035,-0.35258795658535114,-0.1065006392869905,-0.3522064705112223,-0.14465276928154258,-0.35018765039594846,-0.17792269628947097,-0.3472210654022238,0.15249365525436595,-0.3227009456423142,-0.2289929901039368,-0.31913561696997805,0.02468487185656043,-0.23671196618958226,-0.11795055298581242,-0.23855161066434932,0.4999015126898917,0.009923588582666792,-0.4999015126898917,-0.009923588582666792,0.6886545767267512,0.4245638205489515,-0.7611447376138465,0.3829103395815428,0.6435080276136507,0.8291778330396543,-0.7442655735158866,0.7963768854180894,0.6748462469989002,0.9640013142018254,-0.7535340571132576,0.9281448602006521,0.5818689415418559,0.950702901971612,-0.6778864253880083,0.9137887214210074,0.548992020402159,0.9174636309446843,-0.6505147281655813,0.8787047600590857,0.6321483681694516,0.8369556933620975,0.524876045484944,0.8637524481333979,0.4817685951329344,0.911895857401584,0.4844701296573866,0.9641730638593569,0.48828232466119675,1.0042013970140928,0.5612018596921206,0.9532806701131425,0.5468777097622156,1.0290237923630614,0.5143640905588491,1.035990887672457,0.5018695885881675,1.019362398102369,0.629868400986213,0.9583448096826612,0.6062419697159084,1.0368364976825426,0.5638140920110493,1.0435545369475359,0.5460475229475404,1.0286454480509606,0.6837102049339367,0.955524459430604,0.666049694140101,1.0259343930355145,0.6212727304873867,1.0345142595192907,0.5977824422382961,1.023723544616892,0.7259509097858543,0.9477755414007826,0.7191833639676924,1.0050352016153459,0.6824131332409168,1.0169301030632265,0.6579667972862105,1.0102118733884133,-0.7514415483976904,0.8173518599465701,-0.6440544085917953,0.8453550513366278,-0.604728782877325,0.8939921932677618,-0.5993342822703152,0.9470816880171412,-0.6001049660162779,0.9875089297445251,-0.7249951476949684,0.9387394529885748,-0.687882940931689,1.0049500884258595,-0.6366940217994381,0.9982556599785315,-0.6215730067733369,0.9817088562211715,-0.7828612631858484,0.9423300109620449,-0.7359949325795949,1.0124027287759485,-0.6753915807230354,1.001994356791868,-0.6590685085040341,0.9820479761103772,-0.8132471478569698,0.9374343840831197,-0.7717596090475862,1.0047558704095825,-0.7177811860540988,0.996807402888527,-0.7021159797627816,0.9779452157214308,-0.8252795251948036,0.9306853080174862,-0.7955449373125804,0.9846150813019944,-0.7503458350891931,0.9856952762101716,-0.7322296735963851,0.9728664145957814
-0.052642486592786294,-0.2978362869908335,0.0063822245317866734,-0.3565007112466766,0.044242274340166476,-0.35599449866471244,0.07758005674808108,-0.3545484901764846,-0.10778982474912328,-0.35406629671910245,-0.14582296475687173,-0.3519882611868143,-0.17918886479078508,-0.348831652584011,0.15159651417127504,-0.32358745733435007,-0.22969946344894665,-0.31982045796240754,0.02372803566741585,-0.23824236073926186,-0.11907709765090406,-0.23978196756217032,0.4999022241781296,0.00988768232494752,-0.4999022241781296,-0.00988768232494752,0.6899196156539766,0.4244995201362034,-0.7630574687501992,0.3832262764735333,0.6438730475505676,0.829086804737989,-0.7460118966718449,0.7965702476372111,0.6749572260631781,0.9643222918814965,-0.7550619596839886,0.9289644248450473,0.5822922059377411,0.9509220985283919,-0.6791912639686594,0.9145563813993632,0.5494012554982407,0.9179541343878509,-0.6518763723636659,0.8793115567508275,0.6296443850273571,0.8377146267902191,0.5217403741224829,0.8654719659202508,0.48019224492292994,0.9135616846369121,0.4833456128501944,0.9649976867893855,0.48493087507260596,1.0034656492032572,0.5590889690796446,0.9544876041330077,0.5424831757347082,1.0303693562707636,0.5104460479857058,1.0347210116355074,0.4989401247990397,1.0171249059714962,0.6274443475924303,0.9596736381350166,0.6022034883322945,1.0378720920270976,0.5615854330123888,1.0431210332601544,0.5454613565549025,1.0280720985696716,0.6811061219561683,0.9566470378097126,0.6644538153858509,1.026527440105482,0.621864285570493,1.0335526527897692,0.6000154604596588,1.0220326231331105,0.7232526323625694,0.9483160235112457,0.7174853736712709,1.005432929883306,0.6824286988319609,1.0157487626353263,0.6597247166348186,1.0078123482407064,-0.7513673036277514,0.818827779121885,-0.6437867883928426,0.847372221151909,-0.6029265402334018,0.8964755088003359,-0.5969182324704053,0.9497411582364439,-0.6002232449500903,0.9895480915317753,-0.72538490155314,0.9407097767656417,-0.6851544882160713,1.0063820665602405,-0.6340042373949345,0.9986711650575294,-0.619035747709004,0.9818276586304204,-0.7823523555944679,0.9444889763278481,-0.732966271348284,1.0133924102626437,-0.6723315163648259,1.0027942574827986,-0.6562643423572422,0.9830913314625953,-0.811765489296874,0.9400242785751906,-0.7691344025834298,1.006533043914756,-0.7149954864035908,0.9983751198156576,-0.699553953402976,0.9792593279519031,-0.8225809579657942,0.9339533495231055,-0.7915420535967411,0.9878659902991442,-0.7463579817565957,0.9882931875863525,-0.7283489759033416,0.9745698798192283
-0.05397728499845016,-0.3000075169243785,0.004971845397237944,-0.3587048998662895,0.0429776084815424,-0.3580624243500239,0.07640292149053572,-0.3566069408696292,-0.10880599304011765,-0.35605235295365983,-0.14670442267763945,-0.3539338995599673,-0.180115151301768,-0.3505931221981628,0.15064106271780842,-0.3244126262014452,-0.23012262393369007,-0.3204872342489497,0.022838574761590427,-0.23997828414370434,-0.12000165318631952,-0.24111624745426508,0.4999020014474889,0.009898936750724148,-0.4999020014474889,-0.009898936750724148,0.690437362105426,0.42439621027169117,-0.7640845974387327,0.38243626775626927,0.6431158946808234,0.8273435088847413,-0.7467862777929992,0.7958757444220435,0.6741592821407891,0.9632621593568231,-0.7556549183096644,0.928613473829172,0.5815922867267818,0.949668178143968,-0.679824600739931,0.9140971494270904,0.5486840044596616,0.9169644585560623,-0.6526188129549414,0.8786639574456016,0.6275062180277673,0.8379594159018738,0.5200147260810182,0.8661051815898153,0.47840938429564195,0.9147939589261856,0.4814166272610943,0.9657960294122199,0.48454111724212623,1.0037074229473992,0.5568943458790967,0.9541050721172767,0.5415452816980689,1.029454295632026,0.508539579552963,1.0340589576926682,0.4967243213569501,1.0163008962939748,0.6252560285564073,0.9593085518623671,0.6002017711686924,1.038081006940934,0.5580399350118089,1.0434053559671261,0.5415319365093038,1.0276345838211192,0.6792148209361399,0.9564427678978255,0.6616735235321036,1.0275354481331496,0.6170918233609888,1.034675314768065,0.5945517995366304,1.0221024311412983,0.722504897480341,0.9482310919595138,0.7173052306463263,1.0057696359027244,0.6806599142338532,1.0161342720799642,0.6567161671969536,1.0075170930487454,-0.7510438696229703,0.8218489133790167,-0.6425642617709377,0.8482432183643075,-0.6002644935558886,0.8963951378212107,-0.5933939137656988,0.9495741898859504,-0.5952037120078086,0.9901668224896046,-0.7173744349823514,0.9409592986013771,-0.6784443269305057,1.0084804250320363,-0.6283116954925217,0.9944380454766716,-0.6218852245198812,0.9730005248898693,-0.7751064841626567,0.9455698706741867,-0.7275005735718024,1.016653399922929,-0.6690383519204889,1.0019693074335139,-0.6618310920823095,0.9797882691869383,-0.8069197936915954,0.9417908945070005,-0.7666235196013047,1.0101743107774428,-0.7141465197883894,0.999504832359696,-0.705445361390727,0.9787359057300283,-0.8207296809941156,0.9362310982218802,-0.7905148391109126,0.9919695668462242,-0.7478573245141803,0.9903687161310661,-0.7363878973527388,0.9744654453251765
-0.055078364449817084,-0.30148415595018485,0.003938661763036026,-0.3601262624149414,0.042026995683210513,-0.35939598975896203,0.07550442756900369,-0.35789487904656003,-0.109893960552763,-0.35748168465004526,-0.14774376991833124,-0.3553413586746588,-0.18123714162029858,-0.3519446506615445,0.14988209148569573,-0.3251146948083854,-0.23063730448807246,-0.3211783237973744,0.021937864007705397,-0.24118010889126903,-0.12108581136305144,-0.24210996331742915,0.49990079238219626,0.009959808012826445,-0.49990079238219626,-0.009959808012826445,0.6924184560057521,0.4249255285309745,-0.7661083216269289,0.3817696693394294,0.6430827205386822,0.827249161310988,-0.7486020128596452,0.7963835685257332,0.6741823518224942,0.9635618877284172,-0.7573702480274518,0.9297135449105712,0.5814485101372323,0.9500945565732657,-0.6805340344998962,0.9151145822550548,0.5485155136493879,0.9175708411138933,-0.6527737469805718,0.8794525365213913,0.6280487058944122,0.837743859921659,0.5201756658677309,0.8662818577534811,0.4779027006858328,0.9153587382417226,0.4802974910319996,0.9669367381492927,0.4844718139096106,1.005226849143672,0.5582050129232609,0.9545693497581598,0.5406158552910718,1.029523137809147,0.50775081777997,1.0360588442325596,0.4951408005701859,1.019838220039324,0.6272675594538769,0.960025157497773,0.5997657451213767,1.0394008605410763,0.5568133810680551,1.0460799298620556,0.5391165580906897,1.0311377361947889,0.6811578826347128,0.9572535384434887,0.6614255355871062,1.028840875497692,0.6159113471857925,1.0373649546788308,0.5921833559185272,1.0256164511264603,0.7238109217567639,0.9487097969741349,0.718329343056869,1.006870272825629,0.6804204513786553,1.018997514046138,0.6540737487547764,1.0116134657894558,-0.7506269422017707,0.8246577480826728,-0.6422055534090978,0.8498663287421159,-0.5994579253180132,0.8978623560665473,-0.5923850375447309,0.9511505932568045,-0.5922810946715952,0.9924016921395371,-0.7126448419067569,0.9426818739162706,-0.6772724808562587,1.0107683691882217,-0.6275474129929348,0.9993693962156701,-0.6186849706480988,0.9794341267178462,-0.771154657442068,0.9472022912456631,-0.7275434158375471,1.0195205690918532,-0.6696034248684624,1.006323355779653,-0.6596934407121803,0.9847200370156031,-0.8042884765241067,0.9429000680466546,-0.7676045644912777,1.0121267851390645,-0.7152073343907562,1.002644789819459,-0.70410262760542,0.9825564217279622,-0.8201025876809005,0.9364777538484809,-0.7955166143322604,0.9934968625035036,-0.7521526784984417,0.9932215904684958,-0.7371074009900486,0.9778853874529239
-0.05586882337098074,-0.30280203912750303,0.0032264733914862775,-0.36140141834118245,0.04141642368294461,-0.36059109804666944,0.07494488276354867,-0.3590588265065028,-0.11051471463985578,-0.3587066877885619,-0.1483414442569757,-0.3565371082214327,-0.18188910569306163,-0.35311211495586037,0.14939977109293595,-0.32573958711995477,-0.23083915797594776,-0.3217328866776211,0.021458584483921274,-0.24225003830340744,-0.12172678849090876,-0.24300112745165797,0.49989988803272944,0.010005095944795395,-0.49989988803272944,-0.010005095944795395,0.6942252416223391,0.4252792480279142,-0.7673382578865615,0.38143864638301883,0.6432618080370643,0.8274008374811369,-0.7497048590419115,0.7966696170498302,0.6743965645358106,0.9639744859873683,-0.7583643570913738,0.9305631517217929,0.5815079881484824,0.9506627635354186,-0.6806532842632622,0.9159259890710607,0.5485741333490677,0.9182193808406998,-0.652512184537548,0.8800729941019764,0.6288493416057019,0.838789267293481,0.5205379300727021,0.8672863271014112,0.4776488481322808,0.9159848380808956,0.48007445910583474,0.9673006014523251,0.4839021286318848,1.005319927828905,0.5576099402455104,0.9555298441442677,0.5400578409258109,1.0305676815938056,0.5076570664427583,1.0367760610631784,0.49550474591184246,1.0206808568733214,0.6269992280919624,0.9611126662818236,0.5991074723851917,1.0404290942418613,0.5563830912450227,1.04688490704804,0.5387967907150621,1.0320366140211141,0.6810988553377267,0.9585338186008423,0.6602250351219868,1.0301431280228535,0.6149319329161653,1.038713110614174,0.5912069928148506,1.0274857513060212,0.7240144957598593,0.9500465685460754,0.7179352784029814,1.007898202305245,0.6807937194003683,1.020112046800988,0.6552553508823541,1.0131625137304798,-0.7518722413245825,0.8259705008330058,-0.642154663272491,0.8503481299524899,-0.6000335800172371,0.8983293708575576,-0.5940266819792634,0.9516402685169627,-0.5924066145948788,0.9931613020469353,-0.7154395453949813,0.9435517778242917,-0.679121394859523,1.0116223128594426,-0.6281866215063107,1.0016340309174572,-0.617380663143583,0.9825631303666604,-0.7746890342059444,0.9482073459205197,-0.7290387299745176,1.0210585987319047,-0.6695174466294954,1.0082109809711532,-0.65827518400067,0.9866535186866165,-0.8077969521480851,0.9439513014592426,-0.7679930486550821,1.0133946616101859,-0.7145358882780516,1.003644259594319,-0.702956103649637,0.9835966183348333,-0.8228259001711113,0.937424220209335,-0.7958277705000485,0.9939681831136008,-0.7516701866885421,0.9934215369540625,-0.7365222031683498,0.9782982967675509
-0.05606583973644689,-0.3029901796121344,0.0029875771102115855,-0.36158302101073614,0.04122317481484718,-0.360788002809941,0.07474179193486123,-0.3592918014892619,-0.11068932343540554,-0.35882931493976084,-0.14846463235720098,-0.3566319304991977,-0.1820373336480864,-0.35320284117783546,0.14920537527698027,-0.32591938362973055,-0.23061839235578538,-0.3217795556812632,0.02133797317760321,-0.24245823913315587,-0.12185875582614396,-0.24314384677626946,0.4999010902476808,0.009944846362818942,-0.4999010902476808,-0.009944846362818942,0.6956433623500872,0.4253949848984279,-0.7677937485041235,0.38150806911309204,0.6433776045028616,0.8269426248679207,-0.7494275858498171,0.7965312675860624,0.6745631489797731,0.9639200564417457,-0.7577784302755489,0.9310139473346039,0.5815425795041423,0.9505232353177699,-0.678994515453556,0.9164410343818556,0.5485990128086937,0.9181302569484009,-0.6509002731177412,0.8804892029030619,0.6296706116144891,0.8387268585932645,0.5230263732734538,0.8655849049598862,0.4799614222192766,0.9127419064264253,0.47910180878966685,0.9637073508510041,0.48495608584374317,1.0035794247223246,0.5583228880670249,0.9547819337760678,0.5433452038283911,1.0305204128916254,0.5105090410341077,1.0383708354041885,0.4974420760194041,1.0215405294255286,0.6281822458097314,0.9611699814635145,0.6035917213066756,1.041142314718595,0.5610874874162322,1.0486378456929666,0.543253662069213,1.0331527640208926,0.6835552634951126,0.9590461744285538,0.6666483223485398,1.0304082312368497,0.6218656733162984,1.0399975649535078,0.5976000360587599,1.0285900093228197,0.727582836346743,0.9510411438091533,0.7249560274116639,1.0087460874767709,0.6875735453917278,1.0219783627663994,0.660008391490745,1.0151631839061697,-0.7487045206183968,0.8270349310676764,-0.6381683241862093,0.8523319897746601,-0.5945742846972,0.8997867408462085,-0.5879344493944775,0.9527425974249416,-0.5868188439264146,0.9932311926221671,-0.7079885043493093,0.9442011206301488,-0.6655458079253698,1.0110103604678815,-0.6181866119260323,0.9965656824220405,-0.6147711869799961,0.9755261755124882,-0.7658654471469064,0.9501868814635874,-0.7150459153175936,1.021785723740822,-0.6586128096611039,1.0074184453034718,-0.6527276683187035,0.9854839695875918,-0.7994081441451176,0.9475499436908539,-0.7568047240897193,1.0167484425541493,-0.7053912219315432,1.0058996929857509,-0.6981099254290686,0.9848991725456607,-0.8158336788378918,0.9426236974980904,-0.7814618504781061,0.9984125708577338,-0.738778355272195,0.9960888626117078,-0.7288510432651268,0.9798028383243617
-0.056301888230338513,-0.30312114510984606,0.0027534221337430476,-0.36170997627752893,0.0410138928783648,-0.36092068965362234,0.0745344379195797,-0.359443824165024,-0.11092794038861481,-0.358948381198849,-0.1486455555274275,-0.3567408257558917,-0.18225127125798488,-0.3533170787523237,0.14896234078498188,-0.3260864512525494,-0.23062057560456448,-0.321868351355114,0.021173232631538544,-0.24256679237733736,-0.12208864634245199,-0.2432383121221531,0.4999017138956619,0.009913447643466263,-0.4999017138956619,-0.009913447643466263,0.6964112372385703,0.4255926771943421,-0.7686729751306958,0.38159757121399285,0.6436428811259522,0.8270620709949206,-0.7496719774373871,0.7967189375291754,0.6748711779848637,0.9641574391165177,-0.7568939930616317,0.931798503746335,0.5815957949649678,0.9507239853402266,-0.6767871839300719,0.9169826274007165,0.5486390397394003,0.9183535791701325,-0.649329434592051,0.8809052410592408,0.6296758439737805,0.8379702281707075,0.5228081365988199,0.8653156592595955,0.4807615371634278,0.9144332421203982,0.4826576603887894,0.9660050026222542,0.48753007383117336,1.0050231197010269,0.5586291505622747,0.9564419879160826,0.5444204618919686,1.033312406442628,0.5110758024493958,1.0389046125794552,0.49896894668286307,1.0208478528988567,0.6283177012642657,0.9617606154750217,0.6033650790369047,1.0420095669354843,0.5603264465891713,1.0481739748078938,0.5435364455787933,1.032442346269345,0.6834337477587591,0.9586881617187417,0.6657165237555395,1.031012702240382,0.6199912387885476,1.04025759342901,0.5958161456151839,1.028849309377084,0.7274848694786759,0.9500387962255165,0.7250446479775149,1.0089015883310843,0.68766150224612,1.0215563659733868,0.6611765723305888,1.0143073939693503,-0.7482408039684361,0.8289375467804415,-0.6362249060032205,0.8522443004005089,-0.5917837770863146,0.8984456235638257,-0.5838330788976955,0.9517781518520882,-0.5818145048832793,0.992752805035756,-0.7029173793583416,0.9449935560644667,-0.6586208781103192,1.014174523870376,-0.6150942587163531,0.99561878439363,-0.6172811667194698,0.9720491582755921,-0.7617312293842874,0.9519976264903939,-0.7088885042522434,1.024566495050148,-0.6575338286387115,1.00534391973855,-0.6593846422044228,0.981986121058877,-0.7970767786914128,0.9499194999064374,-0.751683477791858,1.0193698403302673,-0.7051280892712746,1.0052378148393692,-0.7045105778760419,0.9834134709278575,-0.8149501011634274,0.9454470350209657,-0.7801746506119005,1.0015013929482153,-0.7426757453913994,0.996293267428423,-0.7401146981311711,0.9781655799683722
-0.05645714522243774,-0.30324175953153476,0.00260072367029338,-0.36179046269577275,0.04089144011921827,-0.3610009880359849,0.07445315075624837,-0.35956243227189894,-0.11098837394592836,-0.3590158728920458,-0.1486391903405055,-0.3568075434711903,-0.18231537719410326,-0.35341179825676405,0.14877451519133528,-0.3261406370106738,-0.23061018646698597,-0.32190492136173304,0.021178578244703573,-0.24264118733934412,-0.12214334963552974,-0.24332603628407348,0.49990644834638115,0.00967175794294476,-0.49990644834638115,-0.00967175794294476,0.6977525278907685,0.42535756601721364,-0.7702800490558807,0.38198456460518176,0.6445950137660899,0.8276178099860503,-0.749917532261446,0.7972132329006758,0.6758339187656968,0.9648230546087774,-0.7568122138663022,0.9326019685363635,0.582203084838286,0.9513781720440747,-0.6759576716681517,0.9176716685984536,0.5492209279793678,0.9190008168506318,-0.6491189761290949,0.8814950801724567,0.6307235949224467,0.8382580730628135,0.5241954898054931,0.8657694717826031,0.48225052420447917,0.9135776854081205,0.48424606366554934,0.9652562854033067,0.4892038306387055,1.0049800107319724,0.5589031102394437,0.9581472836636733,0.5446330808104588,1.0314369276105966,0.515282220478754,1.0398509773462885,0.5030978195634764,1.0249954647110988,0.6285555282310606,0.963789421401874,0.60708181748483,1.0415263276903424,0.5675887660361653,1.0510826530573496,0.548984324671274,1.0379248695754675,0.6837309606260632,0.960134980977911,0.6703666035202995,1.0303155006135434,0.6282108563141768,1.0427747592117078,0.6028120554423236,1.034321307469979,0.7280547745235719,0.9504327151710689,0.7304613572417914,1.0084307466101634,0.6959922528346745,1.023288554507841,0.6679020654242688,1.0181947932322961,-0.7479624468017193,0.8287979574484103,-0.6351282036360979,0.853502058874025,-0.5907441390982904,0.8994191674816567,-0.58298634316217,0.952036338562386,-0.5803334022702844,0.9931691637865473,-0.7017551787612836,0.9460598575884956,-0.6599162734143829,1.013482810617184,-0.614123013345143,0.9988361668683633,-0.6119310376695114,0.97705546476442,-0.7616501490104197,0.95297012785108,-0.7105642049167121,1.024081758969171,-0.658648905977495,1.0080495417653526,-0.657672176153096,0.9858430684699645,-0.7977328229463,0.9504682917396262,-0.7533887342301512,1.0189478306000936,-0.7070729194012406,1.0069164471839875,-0.7044057287547446,0.986263675320812,-0.8157682304861473,0.9453169576300181,-0.7854532642737252,1.0010189614940446,-0.7474366404201912,0.9981219576909804,-0.7414575772760024,0.9817684037389017
-0.05705233885988839,-0.30328188705768394,0.002168604102519655,-0.36186846211509155,0.04051876642216837,-0.36108201053461647,0.07413260856275063,-0.3596600425254747,-0.11139875596205608,-0.35909583027442193,-0.14897816319133536,-0.35687381982142097,-0.1827115475035147,-0.3535072098246812,0.14843711283421895,-0.326299832694526,-0.23087230327009484,-0.32204034125757064,0.020820628442665755,-0.2426939138015038,-0.12259418181958671,-0.24339594889250837,0.49990736808162617,0.009624101916621618,-0.49990736808162617,-0.009624101916621618,0.6986926957151327,0.4247553011996069,-0.772026697488607,0.38236501546325946,0.6450857364334287,0.8282358764119985,-0.7506386983548062,0.7978197155789094,0.6766668831053327,0.9655715509087095,-0.7574053212449129,0.9334674431274328,0.5825982007435516,0.952137269584406,-0.6751335083005633,0.9184700210933424,0.5495381384307202,0.9197667043125557,-0.648714401246688,0.8821983037684115,0.6305944304949392,0.8388003799355275,0.5223070251447954,0.867174082848775,0.4804707106568099,0.915297415885896,0.4839247041624913,0.9667930058277825,0.48942498400023515,1.0060585415094445,0.559512875051622,0.958686534370672,0.5444256767509519,1.0336156440959774,0.5134488449481144,1.0402740186305386,0.5017383062262638,1.023858552709833,0.6296957107260868,0.9640078359370895,0.6053211672187745,1.0426889810594722,0.5637989739535125,1.0507688450516475,0.5455795601943263,1.0366144393885959,0.6849867885437575,0.9606120342971655,0.6682242770552287,1.0315102087951025,0.6241766716684606,1.0431328854564836,0.598908385328183,1.0343484021950546,0.7289664396136049,0.9514479639640359,0.7274877153932885,1.0101520712766245,0.6918880758337338,1.0247867512527862,0.6643834224946269,1.0199933877316285,-0.7497311732378458,0.8304058204587954,-0.6369289213556136,0.8533378182412786,-0.5915608008835572,0.8993716038882412,-0.5841499519269813,0.9527400530885841,-0.5813166397526107,0.994400260614409,-0.700480659932591,0.9458659475253761,-0.6594091664960325,1.0142567034392451,-0.6146052582750289,0.9991511287599149,-0.6140697591156328,0.976918007628354,-0.7599704531432107,0.9529877513592753,-0.7103501152174185,1.0256397214955992,-0.658269735308792,1.0092022422046232,-0.6577421801047542,0.9866216926640172,-0.7967252203801115,0.9509008838576716,-0.7542426699092408,1.0208549719019384,-0.7071313776427104,1.0084673784788247,-0.7044350269155419,0.9874245107067365,-0.8167206345685658,0.9460468400028129,-0.7870885325583138,1.0033218010333458,-0.7485622632765043,0.9999771086965705,-0.7426993370911373,0.9828055313622402
-0.057596204916446105,-0.3031125279606581,0.001802200464395387,-0.36172363764954596,0.04018569021275199,-0.36093835280769343,0.07386283317692958,-0.3595173520696015,-0.11158446597773289,-0.3589501965863321,-0.1490681481832425,-0.356725813355478,-0.1828547388457785,-0.353364438024617,0.14805515850613507,-0.326154380495025,-0.23084224018639526,-0.3218903249783154,0.02057262436501545,-0.24250311204513678,-0.12289712562730516,-0.24320997373304745,0.499910262020363,0.009472588174940007,-0.499910262020363,-0.009472588174940007,0.6996956884338128,0.4245385731068779,-0.7732852375065298,0.38281975332420753,0.645735579273941,0.8287537236291235,-0.751593431428117,0.7984144003231943,0.6774853702936231,0.9662072016285658,-0.7575804982171462,0.9343855945338454,0.5829947580060486,0.9527820003156657,-0.6752511243217971,0.9193176244431351,0.549903251195117,0.92041325048392,-0.6489245002699433,0.8829453678149188,0.6295706425757118,0.8376234876701917,0.5227713295551667,0.8671140407239344,0.48138458730347355,0.9164595361661427,0.4833971609903479,0.9687655774857314,0.48884943740725845,1.0087996879027692,0.559831679937017,0.9594386801883525,0.546008138794571,1.0340293453471041,0.5143698063233485,1.0417647984216334,0.5011470305872898,1.0262071384539284,0.6296376709124143,0.964112661861381,0.6070293959617455,1.043201502941467,0.5651027883352975,1.0526059615998873,0.5455933291451496,1.0392098697360694,0.6845348362193863,0.9598102086832175,0.670511550633567,1.031372725099286,0.6261705823190968,1.0444055233781764,0.5994052099261422,1.0364063616761063,0.7282449721307197,0.9496519685011949,0.7301897514427579,1.008798730355102,0.6945237819738519,1.0248315254752607,0.6652525073358929,1.0210691291813856,-0.7500736117707723,0.8302727772483344,-0.6381880928064787,0.8549673570562502,-0.593025165574503,0.9010518281631178,-0.5840363783584046,0.9538161517962178,-0.5814574152263946,0.99536337903693,-0.7027108145282224,0.9457158730604938,-0.6601096145702475,1.0155546121661085,-0.6144547951016427,1.000107070180129,-0.6136940234800699,0.977632851902865,-0.7626976329505446,0.9522051736009578,-0.7106957087700515,1.0264620376429312,-0.658038055947075,1.0097373185784697,-0.6577123939854679,0.9869214472935568,-0.8000333740414752,0.9495701939304179,-0.7553985343479481,1.021396418974027,-0.7076275345348804,1.0089676417635922,-0.7045915339013263,0.9876191165238626,-0.8200785811514091,0.9442994685512043,-0.789497668569051,1.0030444434039636,-0.7507358517373924,1.0000143795659462,-0.7452198026458479,0.9828306121498397
-0.058286513426693665,-0.30300741746520693,0.0014463173715405274,-0.36167591733601373,0.039977798729644666,-0.3608992019855183,0.07377444937090111,-0.3594972437119523,-0.11181865130719448,-0.35886778523745433,-0.14907828163805958,-0.3566193633988671,-0.18300513533363,-0.3532846706038327,0.14796048985389404,-0.3261625791839423,-0.2307138721491483,-0.32187478853437124,0.020258598848187898,-0.24242505724636793,-0.12323340649267948,-0.24314773689220326,0.4999128545906995,0.009334763788019122,-0.4999128545906995,-0.009334763788019122,0.7007476646864486,0.4240653119973955,-0.7744884854539176,0.38350136000337054,0.6465314577788677,0.8293959469876022,-0.7522526971782997,0.7992250538058437,0.6782343206725323,0.9669309949296286,-0.7578704943032103,0.9353649458413801,0.583581011545696,0.9535069546410735,-0.6752540216213591,0.9204997618125815,0.5504987052554071,0.9211520225879822,-0.6489273281094264,0.884146570846591,0.6305788530977782,0.8381169648109892,0.5229514179892729,0.8669101391398891,0.48142038017461136,0.9148785156001394,0.4831652352336002,0.9682723067474325,0.48845115349159135,1.0091872992057742,0.5616193299208451,0.959562402650536,0.5427327014462966,1.0327332617034255,0.5132033385453962,1.0402557216096175,0.5022678149108152,1.025458752867553,0.6316597588069541,0.9652380677995862,0.6052742391910121,1.0432355416208559,0.5649553640276973,1.052419120405411,0.5463674648565712,1.0406613726265161,0.6865828370425177,0.9616226576026828,0.668401355352186,1.031784954248238,0.6256663943730585,1.044643344181628,0.6005679592542863,1.0383627474027484,0.7295554018293704,0.9518923984443856,0.7264224806549285,1.0102028638678258,0.6917675820662516,1.025868811051853,0.6644682458704371,1.0232268100027273,-0.7519867342064266,0.8298090710274859,-0.638615993510059,0.8548082490717406,-0.594079171719686,0.9015322713970169,-0.5859842590912526,0.9544086994145856,-0.5834729401363757,0.9960953294001124,-0.7044207512915175,0.9465875102049711,-0.6628878931251032,1.0160538576330602,-0.6165414500765387,1.0015801450390864,-0.6143969799038312,0.9796236370455328,-0.7650185365962612,0.9524919648269439,-0.7149000372920712,1.0270844227907314,-0.6617418379847767,1.0106466464635449,-0.6608521650176248,0.9877640584677846,-0.8023252086487364,0.9495644559765999,-0.759233650342047,1.0219337854103645,-0.7108847245574883,1.0098010451704065,-0.7079131440331308,0.9882802719016651,-0.8223623952389997,0.9443494356289784,-0.7927913558637604,1.0041797989579644,-0.7534456982322493,1.0014230199404295,-0.748256450233127,0.9837788294411153
-0.058449600049885544,-0.3028825714063983,0.0013115546192518323,-0.36157326288415687,0.039872573465431355,-0.36082003786660416,0.07367770328997951,-0.35944211242095514,-0.11186963325174683,-0.3587075766613771,-0.149077933189956,-0.3564272955037725,-0.18303248123595275,-0.35311124608497796,0.14774352017056594,-0.3261736039061509,-0.2306583652539294,-0.3218141188382793,0.020184829903191384,-0.24233934317278324,-0.123285607076755,-0.2430651572786398,0.49991565500290486,0.009183565920523287,-0.49991565500290486,-0.009183565920523287,0.701653639491594,0.4232488684663386,-0.7753750948137038,0.3839939510163823,0.6469999235787085,0.8297335204505898,-0.7525281957573078,0.8000344685242466,0.6786135222604446,0.9674030034399018,-0.7584251837812274,0.9360476040452617,0.5838917624121827,0.9540099936482214,-0.6753027441708224,0.9214929849886953,0.5508029583009809,0.9216438408453727,-0.6489936361140352,0.8853059811170393,0.6317565814051891,0.8382832329987266,0.5250071818632307,0.8677813993624294,0.4821951714877812,0.9155292906901585,0.4832049664725038,0.9681480818578245,0.4885845974987456,1.0086155967021155,0.5610118935878724,0.959525720809458,0.5435152977990502,1.03233140249081,0.5145803010756502,1.0406137148863865,0.5025666543648476,1.0271386640443148,0.6313691866321967,0.9645854300761132,0.6064576517025189,1.0424282022298537,0.5669558443626,1.0537504422379427,0.5470750743103039,1.04336918240829,0.6869209453513511,0.9607758884044392,0.6700743523706524,1.030554101978595,0.628283638061756,1.0458035780624242,0.6013657394067382,1.041643061710221,0.7303536307762563,0.9512255817370442,0.7274708846154279,1.009099983931879,0.6940621587446394,1.0257719521534505,0.6663064062782657,1.024195537203876,-0.7536221403240907,0.8312990093724254,-0.6400068824563372,0.8554050852045699,-0.5956155818608554,0.9018454952128622,-0.5870283949544206,0.9550362735169011,-0.5838912832004398,0.9968302464656494,-0.7028678662058547,0.9491611375484597,-0.6629342890855472,1.0185210951133776,-0.618376989542311,1.0016436408964335,-0.6193448055783521,0.9788061343901991,-0.7640884123169408,0.9546521373837606,-0.7153332179055524,1.0288659348505669,-0.6633652921271471,1.011023156498645,-0.6647505015912888,0.9881139599156668,-0.8027959741141113,0.9507831734559622,-0.7614680825065462,1.0227023134128757,-0.7143495878819942,1.009569419755263,-0.7127595633189201,0.9879931985564459,-0.8247166527137534,0.9446145682161444,-0.7969457571563028,1.0043634550646625,-0.7586332575200118,1.0007084112589124,-0.7544218488807086,0.9827117100951582
-0.05890754986637645,-0.30281626721295585,0.0008565554835940875,-0.361570900131609,0.03949635212166825,-0.3608232422297896,0.07348237152222502,-0.35949086521209134,-0.11208236851570516,-0.3586577579528424,-0.14912087680248665,-0.3563668328683554,-0.18318246757639303,-0.35304859743955225,0.14758815892320537,-0.32622450010800097,-0.2305849951209751,-0.3217397035301816,0.020103855414781345,-0.24223727612776738,-0.12342881562705081,-0.24298877013990905,0.49992050661420223,0.008915551951473161,-0.49992050661420223,-0.008915551951473161,0.7026175071571108,0.42136454353106134,-0.7760855412170062,0.3845142923583475,0.6477016698379991,0.8294505350355637,-0.752912365981961,0.8007727332935114,0.6792366065481122,0.9678338033862353,-0.7590239610447164,0.9368364975377947,0.5844547599263981,0.9545848373605371,-0.6754914120404353,0.9223323562146348,0.5513573754820058,0.9222890081679926,-0.6491152764917725,0.8860910875555886,0.6317664675590993,0.8395053638013856,0.5225136619685133,0.8707951730619027,0.4800308500095432,0.9208105712497722,0.48360418677478034,0.9725754275501337,0.49010313307733167,1.0117578419932993,0.5603235161383544,0.9580691763662965,0.5441629423780187,1.032632228117697,0.5133564830181133,1.0438357801195364,0.49974615540005296,1.030068171978261,0.6318460668482874,0.9635770635670775,0.6061510326873517,1.0427077718792594,0.5648202046581731,1.0544048394740646,0.545028177061217,1.0417222751374564,0.6876524571787247,0.9614702717780617,0.6686487502530045,1.0321076400311202,0.6254863713504362,1.046704423418564,0.5987624924010554,1.0402990782078774,0.730813109831648,0.9542443825694316,0.7249831811693086,1.0117741454621694,0.6887739440314538,1.0284949831350794,0.659926586213155,1.026264860399201,-0.7560554829745504,0.8302883415299575,-0.6426521019179767,0.857132866148975,-0.5976822437342912,0.90402662956206,-0.5885416559610352,0.9566805044296182,-0.5853861675126564,0.9980086471815712,-0.7054492278942863,0.948780418831841,-0.6648434247160253,1.0190669747959238,-0.6205139092478923,1.0027809602280482,-0.6210899971155461,0.9803306999832434,-0.7671372384736562,0.9540406851113166,-0.7181967183980997,1.0284002312101181,-0.6670490922485988,1.0114381021979344,-0.6681830464598754,0.9893417231303632,-0.8063083363913711,0.9503864064182785,-0.7644651958286472,1.022517747836363,-0.7175543617246279,1.0100108773525167,-0.7158617739476641,0.9891290108129908,-0.8281416541935895,0.9445576285890358,-0.7989642949848137,1.0028511610469466,-0.7607637329786446,0.9992467517880987,-0.7564269143565087,0.9822418501458211
-0.05952642268263351,-0.3025608352345726,0.00037705780114290693,-0.3613789728100319,0.03905434843170406,-0.36062802455086373,0.07323439575557002,-0.35930945001297365,-0.11223542724479352,-0.3584377587949566,-0.14911827402906022,-0.3561398033730491,-0.18324985140521657,-0.35282436296961794,0.1475047526608501,-0.3260378542833084,-0.23048328755770325,-0.32150874558524767,0.0196329682749865,-0.24193251307732513,-0.12373096315999932,-0.24270457695727765,0.49992772687537584,0.00850105294769719,-0.49992772687537584,-0.00850105294769719,0.7038084515978299,0.41861286294609573,-0.7766655016119736,0.3850305796506167,0.6489517964417094,0.8289613598574683,-0.7533247742973915,0.8017822925847582,0.6803461175035487,0.9685081629352049,-0.7602566486805258,0.9378989590461667,0.5852283081978495,0.9553189622729028,-0.6764738005919767,0.9234767980902457,0.5520570116669101,0.9231623673007474,-0.6495188468398645,0.8870377632628289,0.6315532927561355,0.841148720293646,0.5225141466274832,0.8708065694862533,0.48102732667146564,0.9197711986027759,0.4834644532303611,0.9716639884415251,0.4883561747253463,1.0111256284041314,0.5586020862693124,0.9587322063926035,0.5427705536061285,1.0341493334666645,0.5135417354358219,1.0451695759540327,0.5011403393889662,1.0309009831492708,0.6299321889604619,0.9649067978303343,0.6055054468769014,1.0441063084674447,0.5652815330039789,1.0565224854488495,0.5456345996252463,1.0439178035618968,0.685955194224636,0.9628470650029125,0.6686463359473013,1.0336145323802528,0.625888931500631,1.049124531726947,0.5987380823756964,1.0429044457244354,0.7294781359048347,0.9555214802722439,0.7267903093391719,1.013442203964367,0.6914542777574556,1.030833221202572,0.6617474787166662,1.0285427522280335,-0.7592350365549397,0.8327589082754446,-0.645004135155975,0.858460457973815,-0.5996314650950646,0.9053219712602131,-0.5917140671018666,0.9577866105018411,-0.5896915745511008,0.998794873706809,-0.7073978191908912,0.9499751745329429,-0.6655714216606231,1.0214553900918506,-0.6234075581181827,1.002605475417634,-0.6283623385352377,0.9787102710972729,-0.7689341130418671,0.9556710172594352,-0.7203293132995293,1.0306971214286071,-0.6714359014131069,1.012270095050645,-0.6769202040113774,0.9896642873194538,-0.8083016925118885,0.9527582133523244,-0.7658343399107199,1.0243916131420132,-0.7208498133518643,1.010927909409514,-0.7231456572116933,0.9898788988106987,-0.8299001891515702,0.9479467312163198,-0.7990363500718912,1.0065297175603165,-0.7629995678204169,1.0014990168885323,-0.7628164378001596,0.9830489552878963
-0.059847916509740175,-0.3022889582134302,0.00022350212906921505,-0.3611570663562712,0.03894204109941591,-0.3604239025515694,0.07324488859688665,-0.3591387773127581,-0.11228367658998127,-0.358174957390323,-0.14904163855959493,-0.35586090613089877,-0.1832192672487708,-0.35258918065742195,0.1476308143790214,-0.3259460944185824,-0.23034455912631127,-0.3213742635421118,0.019314377005972546,-0.24170226033741976,-0.1238837011620806,-0.24250888456263198,0.49993124276915607,0.008291712928407554,-0.49993124276915607,-0.008291712928407554,0.7044513912318715,0.4167314589128291,-0.7769285944277511,0.38521069677879266,0.6496712354570672,0.8285279139944551,-0.753502690500493,0.8024222891590099,0.6810251031978395,0.9689389134110132,-0.7621840797510329,0.9385987034465909,0.5857622060401172,0.9558274286835757,-0.678248203275853,0.924187785503014,0.5525598244499003,0.9237714137600949,-0.650193908749666,0.8877362447122875,0.6318108466303863,0.8433287003135513,0.5231117024678853,0.871575528360161,0.48080599033598775,0.9209004076785003,0.4835056847964182,0.9732958365474809,0.48832392016835247,1.012699814055871,0.5587070692595651,0.9608828499883998,0.5419408085783686,1.0357569754801748,0.5134364369398519,1.0465271373672405,0.501069927300414,1.0330922347361702,0.6293525632773587,0.9661833314149787,0.6045484842453095,1.045387108462274,0.5646288433929444,1.0572473653736976,0.5451171795452221,1.0452853201671874,0.6851965027625083,0.9633999016778357,0.6667092516808054,1.0351053383382356,0.6240323003519234,1.0491519310067583,0.5981452322708333,1.0419944853817087,0.7292833180050292,0.9555458784182993,0.7256022307372572,1.0136485577874301,0.689780817109131,1.0295163927244497,0.661252054690471,1.0259259546553208,-0.7597461540570224,0.8331573608870123,-0.6470140808218473,0.8595433836674122,-0.602495337512064,0.9062624826315423,-0.5936706764348555,0.9591149985614763,-0.5911822407000759,1.0004431589537714,-0.7097533130588526,0.9502943706053939,-0.668824143577957,1.0211132888316081,-0.6252013293183202,1.0053810435857788,-0.6258584399817877,0.9828188037396587,-0.7708996545044507,0.9564744565442281,-0.7199475068384392,1.0308286935175153,-0.670373150170445,1.0140238301055406,-0.672700645166956,0.991605822353024,-0.8100398466858577,0.954168279473669,-0.7660641343276905,1.0260567430118372,-0.7203957594435928,1.0135173853241395,-0.71954659539317,0.9922643734168937,-0.8312960274739885,0.9494875543267948,-0.8002071934072145,1.0085282224378151,-0.7629324157733041,1.0047781880041262,-0.7595967365219712,0.9871069717635964
-0.059983022023681346,-0.30207916518501826,0.00019799864566662434,-0.3609880373507673,0.03893425770269279,-0.36026261873192755,0.07332722769102024,-0.3589911427128117,-0.11225447234124643,-0.35798443344161296,-0.14895733045980594,-0.3556638816288632,-0.183168537499273,-0.35240915279987745,0.14783274426564122,-0.3258097976246043,-0.2302317876336626,-0.32122076351193896,0.019244104175987316,-0.2414838940740815,-0.12394513473385754,-0.24231181854198783,0.49993562841807315,0.008022932021790942,-0.49993562841807315,-0.008022932021790942,0.7050084265700481,0.4153593685014139,-0.7771688936828921,0.3854512936000834,0.650336783063092,0.8287154057276769,-0.7536817006261878,0.803046288730953,0.6816955030636782,0.9694861982978751,-0.7635400349407787,0.9392630163816069,0.5862834046016381,0.9564594053065588,-0.6795131948468112,0.9248812632260587,0.5530878412700738,0.9244360784982474,-0.6507634264330121,0.8883555567341898,0.6302571649514604,0.8430860148546481,0.5211778761317704,0.8729685353456208,0.4794571309387523,0.9219363576053577,0.48374988760200677,0.9740827258090664,0.4883312361777224,1.0135567964132637,0.5588721685168411,0.960850152565922,0.5430203642812391,1.035824871171322,0.5136746785462029,1.046600954666919,0.4998737598456281,1.032939720600405,0.6297898843049188,0.9665620436269383,0.6064980960251606,1.0456001056176445,0.5666833639956679,1.0588297967844327,0.545799646580674,1.047717086770439,0.6857874750741217,0.9639781661044495,0.6698055931256461,1.0348958818925271,0.6272984253642501,1.0501914453913948,0.5996279945458245,1.0440904740222998,0.7299547188166529,0.9559688759107443,0.72951356899574,1.0140048632174312,0.6939917857679256,1.0300636005354038,0.6636302641865629,1.0264988563597097,-0.760137647733147,0.8343081709659729,-0.6476938229753023,0.8609685300907843,-0.6033166680048325,0.9081573426850896,-0.5943595589668057,0.9605329320283231,-0.5917045902275321,1.0012672385538472,-0.7112409166901947,0.9519677853747309,-0.6719796393902923,1.022289103495512,-0.6274462758813198,1.0068019779881732,-0.6274013154901642,0.9845696409769309,-0.7724786026209145,0.9575054068854129,-0.7231438920410413,1.0318403045397506,-0.6716446460484973,1.0155041193378938,-0.6724885180055742,0.9933949430562705,-0.8117015483052804,0.9545860556750696,-0.7690377877285342,1.0267884089642896,-0.7217933510605554,1.0143641620698296,-0.7197416009026214,0.9931887785275948,-0.8332452612058295,0.9492813059339635,-0.803302217111378,1.0084097923180502,-0.7649562872621846,1.0046634773319194,-0.7604000127507673,0.9870545672111924
-0.060000259988799716,-0.3018983958587271,0.00023755750890467302,-0.3608428393569084,0.0389941783911651,-0.3601217564389222,0.07349562188349638,-0.3588641386171505,-0.11216294844013575,-0.3578126955299936,-0.1488074557473724,-0.35548143118810654,-0.18309109413544392,-0.35224665052669535,0.14810031004920865,-0.32571508604138355,-0.22998176486235655,-0.32110052061755007,0.019221204332166147,-0.24129926795197043,-0.1239476848094525,-0.24213300205362495,0.49993994569770983,0.007749238399416588,-0.49993994569770983,-0.007749238399416588,0.705726937245192,0.4144069392910808,-0.7773612674510899,0.38576854776240205,0.6510428615498393,0.8292122427721901,-0.7537812216491429,0.803733274799124,0.6823862271491614,0.9701052319761819,-0.7642148166457414,0.9400112179854953,0.5869156946528555,0.9570165485440285,-0.6800491956818305,0.925625315803523,0.5536957064341302,0.92505398590956,-0.6509276151597212,0.8890757738285938,0.6321038138300096,0.8434535823430386,0.522924631916345,0.8737919302150263,0.47913081143398,0.9231033518469619,0.48383370999586056,0.9747716054102519,0.49037324577406743,1.0141508836029247,0.55891322482311,0.9606615640620066,0.5447514715833855,1.0358569981106758,0.5153868067238212,1.0482813086917069,0.500604510786347,1.035662453745706,0.6300409130587726,0.966528460775955,0.6072282794158768,1.0458570013926602,0.5671707872710163,1.0601446702045736,0.5456113499870519,1.0491932834618818,0.6854101232568455,0.9644521033786826,0.6681719930678987,1.0354736765061798,0.6259204941667129,1.0517871442489752,0.5981292933657242,1.046335865042008,0.7285324581000406,0.9570505745841468,0.7258816950085686,1.0150772761867093,0.6907918124834579,1.0328379079408616,0.6606257094247241,1.0308774697650092,-0.7617937773844463,0.8351960198951323,-0.6486699777859996,0.8608766450212156,-0.6039296758995544,0.9079761818079501,-0.5948681761647864,0.9606509909986931,-0.5919988390189954,1.0016731309927815,-0.7107673087642906,0.9539034542294809,-0.6714218643742211,1.022905764501599,-0.6270780523620352,1.0074646706009314,-0.6265565119844035,0.985662629573299,-0.7714902376305736,0.9596561618596425,-0.7220190666238455,1.0327335229703294,-0.6710727610473581,1.016758008778539,-0.6714341675751678,0.995061121671498,-0.8101423774235442,0.9566666762671063,-0.7682776604021208,1.0277609151751952,-0.7218455722667454,1.0157206951487194,-0.7195875504179942,0.9951756952303142,-0.832167221730821,0.9512557669382455,-0.8037028051530294,1.0096567549821087,-0.7654325451831937,1.0064932944386855,-0.7601726384222022,0.9895850438251225
-0.060070431789992676,-0.30175620981081913,5.022535000151407e-05,-0.3607175024601563,0.03886860533432961,-0.3600149243105658,0.07344729290302751,-0.35879057927139013,-0.11217541144496054,-0.3576572646751837,-0.14874609887601514,-0.35532325180745783,-0.1830602502471931,-0.35209037339358046,0.1481357046702551,-0.32564069476952956,-0.2298265395409474,-0.32095354014479494,0.019150853861773485,-0.2411698266980836,-0.1239203572145012,-0.24201063270088408,0.4999425091021046,0.007582057286257274,-0.4999425091021046,-0.007582057286257274,0.7059045096367345,0.4143530816329694,-0.7773465854800364,0.38467888747628537,0.6512449100743212,0.8294201802990704,-0.7537332693487983,0.8039395385235654,0.6825536149514372,0.9703035847417862,-0.764524846656492,0.9401906757575292,0.5871346779554507,0.957228267978904,-0.6807233935848749,0.9258078657683875,0.554017475977993,0.9252701421168881,-0.6515115610234201,0.8892011314354179,0.6313452899659701,0.8445208523242146,0.5229779213018421,0.8739878008261555,0.4802991584351009,0.9229294966192099,0.4840935995182775,0.975530289394384,0.48876873850904046,1.0160150936229728,0.5592393743770021,0.9610067523001663,0.5429857782410098,1.0361023498714252,0.5126919618716755,1.0470315782818984,0.4989810661342287,1.032801222656589,0.6299372499146357,0.9669647764988148,0.6058811817028101,1.0458319373861684,0.5653158246640753,1.0595845514047648,0.5441319735968339,1.0483523367680625,0.6849486672397391,0.9649142364677482,0.6672781875458093,1.0355207931871973,0.6242533744206845,1.0515429201503597,0.5961879294651973,1.0458974946851178,0.7277529694502161,0.957811170414137,0.725185468783153,1.0156119450719558,0.6897320430613187,1.0331234338971729,0.659635090838976,1.030864494710502,-0.7615542935634838,0.8341472268285909,-0.6482140865613112,0.8600681214328172,-0.6029237977446348,0.9070492502619847,-0.5925409442421209,0.9601183643868381,-0.5900118936037672,1.0017860837486683,-0.7105880115087416,0.9520498181123365,-0.6695309747278868,1.0222932143106263,-0.6237792855666989,1.0078325430133481,-0.6220863308026288,0.9859610131826411,-0.7715607212849338,0.958148569416061,-0.7203422070418587,1.0324246046253813,-0.6681894532262195,1.0165620452813626,-0.6676066469160584,0.9946637926807025,-0.810606725439221,0.95541150412239,-0.7673572680213621,1.0282962250428647,-0.7200551775775438,1.0159751055931152,-0.7169735039015658,0.9946755199394588,-0.8326716589143358,0.950049647618879,-0.8036986971562375,1.0095924008273727,-0.7654003538102027,1.0061299757421007,-0.7600291731747297,0.9886663572026269
-0.060104401090982716,-0.3016382265448516,-9.300240307570453e-05,-0.3606042493842333,0.03876210389400375,-0.35991732930942294,0.07340225476982895,-0.35872247673037283,-0.11215960040134976,-0.35751628122257545,-0.1486843115999648,-0.3551793495211042,-0.1830134932003896,-0.3519486334849581,0.14817695585481386,-0.32557363260526234,-0.22969656610425657,-0.32081988806851525,0.019090004891795194,-0.2410716972339346,-0.12389491758200936,-0.2419151112748506,0.4999446311756479,0.007440817068402607,-0.4999446311756479,-0.007440817068402607,0.7060314197884022,0.4144251966450888,-0.7773282635676725,0.38395078441493674,0.6514007988933279,0.829962240623692,-0.7536642226585617,0.80407825398163,0.6825825100194294,0.9705966775574375,-0.7646258175215404,0.9403272070568538,0.5872626889247594,0.9576443986993222,-0.680999979206163,0.9259393748266118,0.5541688291661185,0.9256806022487515,-0.651762234589002,0.8892882572610256,0.631096571929749,0.8453686294048283,0.5225806951354133,0.8747898795387556,0.4800181814152602,0.9233479962404466,0.48451055795824727,0.9756340914393798,0.489672744056409,1.0159370553024814,0.559294294935624,0.9613643025693207,0.5432015628387663,1.0367982392928516,0.512650057143739,1.0474594387970586,0.49895106751860346,1.0331114029439465,0.6302539269009515,0.9671707285697185,0.6062076869689684,1.0464606843082145,0.5651749306054528,1.059898786572164,0.544032672685787,1.0482315269639877,0.6853473008383063,0.9648846477945802,0.6681702616544265,1.035856007194714,0.62461860609691,1.0517980129163544,0.5964445013660877,1.0459517905388267,0.7282045384528575,0.9574767540574989,0.7263210355217306,1.0156740531579695,0.6905116017197939,1.0332273315208038,0.6601119759181615,1.0308912649579658,-0.7606167650950025,0.8346197625191174,-0.6477081949535346,0.8599985081993541,-0.603152401822345,0.9071554848212192,-0.5926386603918518,0.9604785928618897,-0.5900371885216319,1.001915272840624,-0.7088503298351154,0.9526119833961498,-0.6699548504018171,1.0230886757510873,-0.6247377068487558,1.0086831562421208,-0.623274853546424,0.9868122593402184,-0.7696280490990633,0.9588232942769144,-0.720435305146617,1.0328753162235809,-0.6688134441649997,1.0170269377273622,-0.6685401564834035,0.9952817743068274,-0.808980898489813,0.9562918986359886,-0.7668080816606873,1.0283542939791812,-0.7197308900461118,1.016119503427585,-0.7167060770046821,0.9950626058530676,-0.8318305555654795,0.9510804957622457,-0.8032321483982995,1.0100585344159783,-0.7653263875614532,1.0066589240933164,-0.7600966245233822,0.989264062226884
-0.060208931780153525,-0.3016852111607104,-0.0003268143397696601,-0.3607200535313531,0.03858591817552884,-0.36004700252270716,0.07336573289716476,-0.35889743139993985,-0.11217193105280902,-0.3575428681699678,-0.1486162009188264,-0.3551913240959029,-0.18302199157994337,-0.35194837203595847,0.14832573133352364,-0.3255966943448755,-0.22954270039668762,-0.3207228435408378,0.019058977712115857,-0.24107081422291973,-0.12389378741938707,-0.24188751354683957,0.4999481543810093,0.007200203540350396,-0.4999481543810093,-0.007200203540350396,0.7063944363650021,0.41455644221150256,-0.7776157325984768,0.38401281053828434,0.6517751932116533,0.8307965695962051,-0.7536874231390955,0.804740842048638,0.6829336089061976,0.9712357776608477,-0.7646611352344916,0.9407954112423845,0.5875920875257336,0.9584460777939807,-0.6810097406730552,0.9263740434302715,0.5545783586507846,0.9264821161922313,-0.6517950962914804,0.8896885328527266,0.6306411992398819,0.8450385212394418,0.5226434343925511,0.874790260325916,0.48036333153085276,0.9228012963760907,0.4845462473994433,0.9758202165311676,0.48919145316082957,1.016736333448773,0.5598337332265805,0.9623272745104097,0.543246679568933,1.0354523435969114,0.514373560499174,1.0477972528972075,0.5003019869112689,1.0362763503317822,0.6299679559309478,0.9681716648689148,0.6062282930542756,1.0460978952505207,0.5662111799839332,1.0608873258142186,0.5439785744657635,1.0512782727139245,0.6844608577949594,0.9655425353288556,0.6685126256946611,1.035831175164635,0.6260048392917522,1.0529347473963462,0.5972749839366908,1.0486326053490813,0.7269896049292803,0.957687837757669,0.7259146463183287,1.0154467677162071,0.6914732801038975,1.033608760734086,0.6610394518952327,1.032404191728898,-0.7589127027197905,0.8351454406134989,-0.6454347642597761,0.8609217558423338,-0.6005746645816495,0.9083285843870325,-0.5911126250516724,0.9612963526654522,-0.5893652884830833,1.0021207423455936,-0.7112566530016047,0.9533266595219313,-0.6713962646661327,1.024332387132351,-0.6257036970404551,1.0102965813980482,-0.6238279038793589,0.9888797137023574,-0.7727277477232575,0.9588539467052202,-0.723973855659826,1.0339049031778904,-0.6716234674566227,1.0181914697294654,-0.6703288057664202,0.9962007779738318,-0.8115255808163657,0.955361196570924,-0.7698914146226794,1.0281566629634775,-0.7222790170699114,1.0163315413421443,-0.7187051162140013,0.9953875400550993,-0.8328851430261776,0.9493329671369144,-0.8049785252048343,1.0088785590729752,-0.7659510855676336,1.0057207960406966,-0.759365281448033,0.9884026166873715
-0.06032016073142146,-0.301796588531377,-0.00044548152551216385,-0.36086898739521633,0.038529703393581846,-0.3602019433750443,0.07343510221584532,-0.35906089893217463,-0.11212702186609913,-0.35767323576288523,-0.14849222272068432,-0.35531871945866145,-0.18294766740792762,-0.35207670276883896,0.14854570166447895,-0.3257444787996361,-0.22935565603326755,-0.32084846225820884,0.0189498693745042,-0.24116589404088912,-0.12393105593149993,-0.2419852953397854,0.49994949311895254,0.007106639860189188,-0.49994949311895254,-0.007106639860189188,0.7069005015345234,0.4147613349675826,-0.7777097972285681,0.3841261720962288,0.6527432600571026,0.8329474384113362,-0.7536172444936416,0.8053638456313996,0.6835911844818263,0.9725913486553548,-0.7645441661697203,0.9412805812854157,0.5881343477332598,0.9601459520050214,-0.6807440078356672,0.9267477744943796,0.5553642592567526,0.9280574315064434,-0.6516585801125488,0.8899986987033118,0.6305096777299432,0.8468244548448334,0.5225447316127806,0.8759797129873671,0.47907846963674733,0.9247780949781456,0.4823554977214282,0.9775666217609668,0.4885623254967278,1.0179028265626036,0.5588446227500339,0.9624241934847323,0.5427718916961347,1.0377156210167002,0.5135194865513841,1.0492166718573654,0.5007228217306589,1.0358402029481617,0.6295332060799379,0.9686327525927447,0.6037378876219968,1.0478656552304964,0.5636142520034285,1.0606730927881012,0.5439782458563364,1.0488832941250055,0.6846605709874172,0.9668408232350222,0.6655310758439625,1.038147492343387,0.6229683771736967,1.0532431746363766,0.5969295179141585,1.0465471491845673,0.7281079806739114,0.9599666628840985,0.7260026800951765,1.0180609549503705,0.6909837827950756,1.0355291401707665,0.6619795353391561,1.0333268849601163,-0.7586680229425609,0.8337321168708263,-0.6445482852166327,0.8599252571121029,-0.5988181133483442,0.9076178946103222,-0.5898046990604852,0.9615473696508623,-0.588577665092881,1.0031616827351302,-0.7102561128873341,0.9523686130889332,-0.6686018829655217,1.0217206075645746,-0.6228362187766214,1.0072687886704361,-0.6203451195583899,0.9855688415594144,-0.7713055975240123,0.9592300769999633,-0.7184608024280258,1.0323763833008026,-0.6662658342102343,1.0163982984352018,-0.6653607319420556,0.9941801057321561,-0.8091985071273202,0.9571226603479128,-0.7643647808636467,1.0288438874558365,-0.7172745509643225,1.0165668148192453,-0.7142184601708219,0.9951408030174449,-0.8294601976797792,0.952383617972444,-0.7994920788285975,1.011209879035617,-0.7610261942825115,1.008327210068846,-0.7552173806608489,0.9910621678867491
-0.060781852990117,-0.30166723584763067,-0.0009690749518101398,-0.3607622874882702,0.03807716528074726,-0.36009324333687903,0.07321477915517721,-0.3589523854784959,-0.11230960542403783,-0.3575506061736685,-0.14853468062190386,-0.35519124900878984,-0.18308118042297353,-0.35195089712227057,0.1485822083485054,-0.32564045204939224,-0.22923560587167752,-0.32072037024640204,0.018492278361881106,-0.2410291686619793,-0.1242419511002156,-0.2418491662608155,0.499952766914378,0.006872470782596367,-0.499952766914378,-0.006872470782596367,0.7072061738680105,0.415091097072551,-0.777831605918145,0.3844251303175285,0.6534526999215381,0.8351665442099745,-0.7535734157767199,0.8057191729714203,0.6840717162097963,0.9740948995649771,-0.7641664224204678,0.9417111999541969,0.5886181461389094,0.9619214516967679,-0.6800764046661061,0.9269999254214211,0.5560762773327185,0.9295858570724266,-0.6511383690239662,0.8899254123730183,0.6303432568562721,0.8469888256771803,0.5225309385094137,0.8748841376332721,0.4797294306154958,0.9241611539616932,0.4818881899869245,0.9768034027214286,0.4873330971919623,1.0170495737357161,0.5590416611167535,0.962349970915965,0.5430575286428062,1.0396100426957422,0.5123665472948356,1.0500713378866209,0.5001211343669139,1.0349554042079214,0.6302364637863779,0.9686599981971186,0.6042345640965182,1.049468101356678,0.5624057390283933,1.0610032922648167,0.5431810622479811,1.0479497155647228,0.685466183556685,0.9670073032830262,0.665951145078128,1.039438019264237,0.6218933273583738,1.0531739170919794,0.5963880635485085,1.045611813223796,0.7281947642911616,0.9600257303911867,0.7251918586177043,1.018527166499171,0.6891521800375735,1.0351797658646722,0.660654208811376,1.032284615360838,-0.7578703455853816,0.8356801130451953,-0.6435678948881425,0.8600583732327718,-0.5974131808095199,0.9070382802487661,-0.5885936125958255,0.9609147105405761,-0.5860146080628673,1.0023304099851642,-0.7087946005202205,0.9537674640754412,-0.6665104136504658,1.0249135844987896,-0.6223111672705814,1.0088091895587454,-0.6220665053095535,0.9859702889372113,-0.7692373614609302,0.960726908673519,-0.71739702282513,1.034577491434458,-0.6666638685572056,1.016533118601309,-0.6681931260760959,0.9933057221092949,-0.8069761081620803,0.9588567792207232,-0.7624369519480192,1.0298175992363092,-0.7158974941878589,1.0163776432851386,-0.7149976423115342,0.9943913554432463,-0.82783058188304,0.9546801118781586,-0.7970558016486929,1.0124428478143885,-0.7592380665598102,1.008159194981984,-0.7557385250063585,0.9899262506019946
-0.06133634559858078,-0.3014267656337725,-0.0014629060010565068,-0.3605363474555108,0.037647612890270736,-0.359846489003179,0.07298657198515603,-0.35868136051373367,-0.11248017450024292,-0.3573688107453133,-0.14854026614384833,-0.3550160364170231,-0.18311719579473648,-0.35181116324713746,0.1486950969779677,-0.32550868590467535,-0.2291093630833375,-0.32063185142787587,0.017870836614188954,-0.24085981092033873,-0.1246630228053084,-0.2417119097619342,0.4999551625327486,0.006695928378721656,-0.4999551625327486,-0.006695928378721656,0.7073257087605903,0.4153167282852062,-0.7779137500087403,0.38473605078481143,0.6538847253082147,0.8377772300094148,-0.7533325027035022,0.8060114085978862,0.6843749484990557,0.9755541550262661,-0.76272310345503,0.9421374462373899,0.5889006172208953,0.9636580661280841,-0.6778206677199758,0.9273218001563728,0.5564812153088453,0.9310872013615259,-0.6494387997656519,0.8902080120344533,0.6308571751115482,0.8463066864883917,0.5224881008665354,0.8747310872138038,0.4788771913909351,0.9237528965045271,0.4802861616042204,0.9767558501514885,0.4864351300941076,1.0170588262811049,0.5579219407584634,0.9620314282039363,0.5425649160119672,1.0377734405368806,0.5133381663152143,1.0498061731792823,0.4996264477227102,1.0373244407407334,0.6288059793004301,0.9685706974167496,0.60452149911292,1.0481489347546682,0.5640874604624392,1.0622859810580534,0.542727926225142,1.0518415876002227,0.6841507372849486,0.9670901335797324,0.6659157258468164,1.0381525788130959,0.623453201190595,1.0546683810017707,0.596023605414298,1.0502611391107406,0.7270068344157183,0.960287392133346,0.7247724205137592,1.0179766488391104,0.6906898140417843,1.0353744767739246,0.6612956276443678,1.0335024574781144,-0.7557591801272577,0.8348707598330681,-0.641960441609289,0.8611196381857201,-0.5952354019573236,0.908286749218633,-0.5862440511316884,0.9618643764152282,-0.5843291141528347,1.0035081933419978,-0.708309832402939,0.9544969691300522,-0.6631749602673332,1.0245692283577672,-0.6202816229048643,1.0068453799966033,-0.6233843019505518,0.9833095535626349,-0.7686759593035652,0.9613485943947933,-0.7150935207075256,1.0344639675430747,-0.6660126274316257,1.0158244136396608,-0.6700841298694288,0.9924581409221116,-0.806387130780496,0.959394781308429,-0.7607379200442886,1.030073276866133,-0.7160758160180855,1.016479148876049,-0.7173942356938279,0.9945199218120071,-0.8267882342484774,0.9551828822348396,-0.795589195691494,1.0133488523975507,-0.7597778533991618,1.0087018103582137,-0.7585180365686516,0.9899950893185567
-0.06185749818468793,-0.30119577884194493,-0.0018938940617883205,-0.36041112560530314,0.03727235310107319,-0.3597300689195857,0.07282343507469385,-0.35856310707514394,-0.11265504592924228,-0.3572282398221792,-0.14851950640328848,-0.35486264131712364,-0.18312284706870974,-0.351704209647397,0.14888554789595143,-0.3254932511270124,-0.2289092270875654,-0.32062177993099644,0.017293342455510386,-0.2407401078939532,-0.12493178106296363,-0.24155960952087244,0.49995727211829605,0.006536517117862153,-0.49995727211829605,-0.006536517117862153,0.7078285965673861,0.4154351913740299,-0.7781039419088963,0.3851842977891732,0.6545438536830488,0.8397442894921373,-0.7533511802448697,0.80673393213487,0.684780690966504,0.977178332305488,-0.7608446330324644,0.9430504027107584,0.5894662590269376,0.9655162233919561,-0.6754418191017489,0.9281048958314776,0.5570547386197922,0.932727108367708,-0.6479857225948809,0.8909822038299164,0.6310912036226309,0.8469649922669193,0.5218300324115916,0.875924246539423,0.4790422658410475,0.9267934236555032,0.48202797830040134,0.9793836312089435,0.4857425003598232,1.0190688062112192,0.557095559659479,0.9642500009533703,0.5405339632231649,1.0412194191472885,0.5104451984846113,1.0497764333155901,0.49986773540388874,1.0335415977488442,0.6285189004661426,0.9697281074585049,0.604255991278357,1.0511618454879783,0.563023467809464,1.0630937198571762,0.5443728739223871,1.0500358009592603,0.6846890361792827,0.9674328867364942,0.6669792517257414,1.040508516890102,0.6226300803871784,1.0546075648521043,0.5965144351434208,1.0470464300105007,0.7285240934802812,0.9599445365788604,0.7257305479907736,1.0191489078740008,0.6898138096286379,1.035901901071865,0.6609450548309116,1.0329073312171075,-0.7549438747249126,0.8351819606509191,-0.6409243566613291,0.8616850206675529,-0.5940050002390916,0.9093052666391291,-0.584418602683217,0.9629874370041904,-0.5824130765565305,1.0043797786944988,-0.7069989859565822,0.9554700114833834,-0.6599143235788207,1.0256419563611587,-0.6179847616020686,1.0061547237125772,-0.6232201562179336,0.9826735759452081,-0.7668365647470525,0.9620008001770443,-0.7127735263796308,1.0360622969495021,-0.6641148470730038,1.0160372663582549,-0.6700859831636006,0.9925570813512556,-0.8045014833889814,0.9594059684278986,-0.7586351942594182,1.0303315621232871,-0.7142432763604284,1.015797731578206,-0.7174051739674869,0.9936827407758257,-0.8257080135062571,0.9546316397532127,-0.7939293154902936,1.0129000154166674,-0.758277143677826,1.0074584938055917,-0.7593628485470422,0.9882281256237184
