pose_0_x,pose_0_y,pose_1_x,pose_1_y,pose_2_x,pose_2_y,pose_3_x,pose_3_y,pose_4_x,pose_4_y,pose_5_x,pose_5_y,pose_6_x,pose_6_y,pose_7_x,pose_7_y,pose_8_x,pose_8_y,pose_9_x,pose_9_y,pose_10_x,pose_10_y,pose_11_x,pose_11_y,pose_12_x,pose_12_y,pose_13_x,pose_13_y,pose_15_x,pose_15_y,pose_17_x,pose_17_y,pose_19_x,pose_19_y,pose_21_x,pose_21_y,pose_14_x,pose_14_y,pose_16_x,pose_16_y,pose_18_x,pose_18_y,pose_20_x,pose_20_y,pose_22_x,pose_22_y,right_hand_0_x,right_hand_0_y,right_hand_1_x,right_hand_1_y,right_hand_2_x,right_hand_2_y,right_hand_3_x,right_hand_3_y,right_hand_4_x,right_hand_4_y,right_hand_5_x,right_hand_5_y,right_hand_6_x,right_hand_6_y,right_hand_7_x,right_hand_7_y,right_hand_8_x,right_hand_8_y,right_hand_9_x,right_hand_9_y,right_hand_10_x,right_hand_10_y,right_hand_11_x,right_hand_11_y,right_hand_12_x,right_hand_12_y,right_hand_13_x,right_hand_13_y,right_hand_14_x,right_hand_14_y,right_hand_15_x,right_hand_15_y,right_hand_16_x,right_hand_16_y,right_hand_17_x,right_hand_17_y,right_hand_18_x,right_hand_18_y,right_hand_19_x,right_hand_19_y,right_hand_20_x,right_hand_20_y,left_hand_0_x,left_hand_0_y,left_hand_1_x,left_hand_1_y,left_hand_2_x,left_hand_2_y,left_hand_3_x,left_hand_3_y,left_hand_4_x,left_hand_4_y,left_hand_5_x,left_hand_5_y,left_hand_6_x,left_hand_6_y,left_hand_7_x,left_hand_7_y,left_hand_8_x,left_hand_8_y,left_hand_9_x,left_hand_9_y,left_hand_10_x,left_hand_10_y,left_hand_11_x,left_hand_11_y,left_hand_12_x,left_hand_12_y,left_hand_13_x,left_hand_13_y,left_hand_14_x,left_hand_14_y,left_hand_15_x,left_hand_15_y,left_hand_16_x,left_hand_16_y,left_hand_17_x,left_hand_17_y,left_hand_18_x,left_hand_18_y,left_hand_19_x,left_hand_19_y,left_hand_20_x,left_hand_20_y
-0.016491271597853595,-0.3673880317367963,0.05547861978237603,-0.42037503137635374,0.09589791925652917,-0.41734039374920745,0.13564112572595882,-0.41307566345675273,-0.06337378187949218,-0.4230609960228976,-0.10933716848668358,-0.4215451889258942,-0.14796864080577088,-0.4205624842310107,0.19390535006173026,-0.378083960015258,-0.19948162786525517,-0.38534455685106855,0.056476708416469984,-0.29920819164609963,-0.0969273982405728,-0.30616769011100475,0.499891367410845,-0.010422129730317127,-0.499891367410845,0.010422129730317127,0.5995775150045729,0.4807238239373952,-0.6398201659513181,0.4948734910308583,0.7296729974186716,0.9094991085941914,-0.7283671410758643,0.9061886271553059,0.7621279515315136,1.0572507291476898,-0.7638814538279942,1.0493524546929298,0.7058303815285666,1.0621472680418227,-0.7019462925759408,1.0488324241929137,0.6741375104159193,1.0273368816642017,-0.6674404726248853,1.0074499834147805,0.7509896238451208,0.9081581270722618,0.6671309708883417,0.9342512443123,0.645640585980868,0.9988401350781586,0.638162924430533,1.0620176161148351,0.6205101654222893,1.117021156734021,0.7425384168238253,1.0431784263727994,0.7141734563528683,1.1261761122808172,0.6755976507733519,1.1730226081382926,0.640174218864419,1.2054099796280133,0.7841657556862683,1.0460181414869438,0.7547824317942812,1.1293487607383372,0.7034856202042803,1.1735638026702861,0.6528416923234311,1.2003770305445807,0.7964855343342232,1.0447406520609466,0.7715783142809524,1.1200058187898594,0.724848487372865,1.1609697808516661,0.6765402505168833,1.1888372976466501,0.7893015014964485,1.0425917024947033,0.7742695254732385,1.1054063715546243,0.7404895962492062,1.1409183722696477,0.7024574750877983,1.165175554197898,-0.751073079492225,0.9206011550829085,-0.6945375919785405,0.9522894021213423,-0.6906145985553679,1.0072484804884747,-0.6947936500881158,1.0601896840084173,-0.6963746833088814,1.1067103604828454,-0.7924817974613216,1.0534397805996916,-0.7571573829877116,1.125716016896569,-0.7208381700866596,1.1786399690627147,-0.688154324300247,1.220849763427057,-0.804368825010041,1.0556157632151835,-0.7704978815560556,1.124668841936208,-0.7309587568235508,1.1801739167585559,-0.69118953993667,1.2235913058886674,-0.8041968894813507,1.0532174693394247,-0.7810887899951673,1.1181168844736242,-0.7464403796017767,1.1662353564378423,-0.7122424607461907,1.2057768821319577,-0.7935961993467873,1.0512049299624813,-0.7858623907623727,1.103779053129471,-0.7655906717214297,1.1404561426973008,-0.7456489959774788,1.1721209136666504
-0.01714314449184859,-0.3640263008158444,0.05590929966986707,-0.415945941449516,0.09461140099426744,-0.4138975488924682,0.13418958515035592,-0.41097431554521524,-0.06432625993048256,-0.4170483419828382,-0.11021153073673522,-0.4155159289446864,-0.14864224599712203,-0.4142261575819439,0.19142959919327676,-0.3777073877499835,-0.19964180004371138,-0.3825030873499564,0.05653333679777534,-0.29723685083164997,-0.09759753487090442,-0.3006219461760441,0.4999111838731095,-0.009423812317003172,-0.4999111838731095,0.009423812317003172,0.5970494739057118,0.47883183248745453,-0.639788564918531,0.4928289302617428,0.7239197529559648,0.908847708572506,-0.7285922242973842,0.9079133385083704,0.7587985844442539,1.0520121524024213,-0.7692248129552057,1.0500039487590702,0.7033847262501906,1.0588206689426818,-0.7126152236821053,1.052106015251629,0.6721173965251784,1.0230174037221202,-0.6769134509941465,1.0087172478260045,0.7438151282980457,0.8952422087343263,0.6592395555614802,0.9291392951476319,0.6381401097189769,0.9980007364770492,0.6288821099399408,1.0619976336214414,0.6163584282333666,1.1170805764775606,0.7377284152938475,1.0402619076706985,0.7080853209594729,1.1266881222167844,0.6721294620710123,1.171883527696535,0.6396018151098521,1.204611498205437,0.777883439001494,1.0414468152453846,0.7512923954595989,1.1273322094429166,0.7041539047971005,1.1703141195656426,0.6567664735345295,1.1954226978804483,0.7892026953386507,1.038321484005414,0.7636171730944116,1.1127997917894985,0.7218175090289084,1.1511442738840725,0.6787225731312385,1.1775241703738748,0.7794643803747277,1.0358803401880237,0.7633220995249742,1.0971064202185645,0.7312875430325252,1.1303328042311043,0.6946189297673778,1.1536817646336364,-0.766203147820433,0.9214657854317806,-0.6953630456915079,0.949613461820744,-0.6905452998552135,1.0038835772435544,-0.6982645433128101,1.0566614685419096,-0.6960860469104286,1.1057263655443852,-0.7870694003745219,1.05818527600693,-0.744169553706916,1.1370469256186646,-0.7061920061532899,1.1846410680708894,-0.6756667962143104,1.2226006947402621,-0.8081955501089075,1.0621899726167934,-0.7613293326829106,1.1404041637469422,-0.7148284085287592,1.1922343773938449,-0.6761086081132275,1.229052567940433,-0.8098334923144814,1.0594684822932627,-0.7772644587567661,1.129236436470699,-0.7335034781138913,1.1740838929007404,-0.700829048464627,1.2069736836714144,-0.8034702476458404,1.0589734400450785,-0.7918592889946998,1.1155095714361902,-0.7633859759440947,1.151218618938549,-0.7403748951835357,1.1777369143364458
-0.01686696672693625,-0.3619594961090648,0.057003303122742585,-0.4132928648366814,0.09424456677469494,-0.411745927395566,0.13362226712619218,-0.4094703734758029,-0.0644964169503721,-0.4138091305234238,-0.11033983584689422,-0.4123315303091899,-0.1486251428001661,-0.4108598631654555,0.19013423231361914,-0.377174634021653,-0.19931065565056014,-0.3810480435248775,0.05727321355382162,-0.295826658616985,-0.09744948748388538,-0.2973753671239211,0.49992021034635925,-0.008932149083617018,-0.49992021034635925,0.008932149083617018,0.5955009134528574,0.47761168816187993,-0.6391373629535241,0.49171964427663967,0.7209373586322875,0.9071861824717468,-0.7280920660582213,0.9103632974475517,0.7567553937907023,1.0476246177922406,-0.7698172698784488,1.0539793790635967,0.7020831232245572,1.056286900721424,-0.7127102708519025,1.0561027098760682,0.6711516357721146,1.0186205812724969,-0.6776166016141657,1.0111280873179045,0.742915754147783,0.8919305757051549,0.6556679157278129,0.9262633950663067,0.6335164870816322,0.9938502775972048,0.6241367453884715,1.059690180802536,0.6144989594052308,1.1136712043788508,0.7358701000997606,1.0379909052603873,0.7054626710236716,1.1245430690259752,0.6694756761859592,1.167789662662854,0.6383638942329664,1.199849850362847,0.7760329139295868,1.0398646928987183,0.7477396061237015,1.1258325820500477,0.7009016452155492,1.167607065776737,0.6551071962889702,1.1938057340364467,0.7888543678321693,1.037161338029958,0.7622008898696966,1.1129310759723683,0.7194806569947383,1.1508859020434923,0.6763068541630913,1.1771637369453885,0.7803162366170189,1.0346997336457275,0.7615441786633704,1.0970897777388615,0.728756082911058,1.1304327484128083,0.6915041928641813,1.1539082258665656,-0.7691601159056675,0.9178099207973872,-0.6930925732455017,0.9502434491723897,-0.6913909332049457,1.006615234500106,-0.6972246469118436,1.058693602065212,-0.6943313895104558,1.1059089770997617,-0.7790079945718922,1.061598327117789,-0.7356477427859681,1.1375745713348961,-0.7008860155596812,1.1841867213509056,-0.6778649493188773,1.2211520529479885,-0.8032491923332415,1.061252792176165,-0.7599770510718987,1.1394163026818718,-0.7179488178897446,1.1886067703196979,-0.6854157556156171,1.224048453991208,-0.8084148600125606,1.056199764283044,-0.775482688055732,1.123273391939095,-0.7337158641887174,1.1648110841655528,-0.705747989727391,1.1970751215415116,-0.8024890066063394,1.0536830797517889,-0.7808851915119279,1.1076387770868672,-0.7525440206522374,1.14009710038336,-0.7309582704291975,1.1624993119497558
-0.015633891171888202,-0.35985962045565356,0.05835029899462644,-0.41076092821584104,0.0941070273761034,-0.4094941523906616,0.1331597727012392,-0.40759901764175127,-0.06401576374167145,-0.41090500433525307,-0.10985076225201364,-0.4094183646462801,-0.14783445041920965,-0.407855231389928,0.18895790396394158,-0.3759996749447903,-0.1983381151480499,-0.3791047667675626,0.05849358106316603,-0.2943279253706033,-0.0964680053035168,-0.29472636245282297,0.4999246359994539,-0.00868091704910538,-0.4999246359994539,0.00868091704910538,0.5931024473990432,0.47548366191761576,-0.6372910255393008,0.4902935929675266,0.7165037760172644,0.9039079871074486,-0.7262406483849142,0.91537849309934,0.7534915479346607,1.0423786367272472,-0.7678427381499832,1.0564036926036802,0.6994812663252133,1.0518998360551524,-0.710423772600864,1.0585783332596923,0.6687227352743005,1.012894645554489,-0.6760699997691914,1.0129041741649583,0.7394357887578265,0.8872442119539947,0.6516550529103946,0.9223984321790327,0.6301260398335743,0.9901503817313235,0.6213994207453658,1.0558224473650477,0.6117970517727214,1.1093622979465068,0.7324442590537925,1.0346708731362646,0.7033126500126519,1.1203258465702772,0.6672710338237153,1.1630964263080914,0.6359137884149764,1.19493927793927,0.7731633642486987,1.0365136005275934,0.7457227306543744,1.1216436181070428,0.6991599404054959,1.1630886622551164,0.653148397917846,1.1893387489080163,0.7862233836314826,1.03335592489149,0.7603553236761051,1.1080849347763613,0.7178393695847227,1.145745708922095,0.674465840551096,1.171653118509596,0.777532585060409,1.0302086601446032,0.7590329642898543,1.0911174792781333,0.7261301429718318,1.1239521886768746,0.6886301200138316,1.1471118293342053,-0.7664741032434434,0.9151960378544264,-0.6902041935266486,0.9476234873834763,-0.6908906063919429,1.003694419234802,-0.6985598144016743,1.05525849478986,-0.6926236665349991,1.1015225454549484,-0.7760368579003403,1.059875459473774,-0.7315071907964286,1.133736659982934,-0.6949051070333555,1.1801267000531177,-0.6717246887115292,1.2153389742197191,-0.8013658455411999,1.0587687290133305,-0.7574020720257199,1.1381282906748222,-0.713844676101184,1.1853437907408535,-0.6808066014512212,1.2194738617961824,-0.8077616606351481,1.0532056086009565,-0.7757075032440236,1.1213574068814625,-0.7333624906599044,1.161525617226639,-0.7040995544272483,1.1929412694884403,-0.8016824071556827,1.0496000882727923,-0.7744072008264519,1.101762878185676,-0.745672926019097,1.1320603303633205,-0.7234648671045212,1.1528072915586538
-0.015085913249396149,-0.35888480212863616,0.05919441123906913,-0.40968507753259753,0.09396955027856539,-0.4085682683635862,0.13283075493539695,-0.40688027546474825,-0.06400906440377002,-0.40964956032180905,-0.10991052054798585,-0.4081650642957021,-0.1477264792496032,-0.4065466075738173,0.1882516167592547,-0.3756052121305958,-0.19794041221342626,-0.37827667042692403,0.05929920023070064,-0.29360813464106794,-0.09606735714803959,-0.29336585967219075,0.49992527661235453,-0.008643946093122492,-0.49992527661235453,0.008643946093122492,0.5922226096266505,0.4734123838150505,-0.6368773499797652,0.4898990676556924,0.7149300781669649,0.9026335577239889,-0.7260772384983629,0.9171638866140537,0.7523509409480741,1.038970645739335,-0.7676002069274862,1.0566989337129498,0.69848481638357,1.0493249262025979,-0.7101552606828505,1.0593612262774617,0.6677931871323448,1.0083585115852096,-0.6763304053290286,1.0138967287711844,0.7394168595066468,0.8865418816718184,0.6520432871184813,0.9215250123179171,0.630556872836077,0.9891014853030666,0.6211727498327633,1.0546590295915848,0.6118041380679082,1.1085244490997954,0.7330870403670687,1.0348737398814862,0.7032737349935557,1.119792482519522,0.6671760866113997,1.1628298237351922,0.6355818090403345,1.1948756898622876,0.7727055636152288,1.0370245141050147,0.744915241012035,1.1212233942673178,0.6982935698639398,1.163006440336731,0.6520861192883155,1.1893473434644228,0.7848457516700988,1.034267920261238,0.7584015577953993,1.1081296175753974,0.7160900720339571,1.1460172276228486,0.6729720018726735,1.1723745233093659,0.7754878920137206,1.0312180229993373,0.7562236389045685,1.0919119127107517,0.7238183703318268,1.1251181252329863,0.6868196600064913,1.1486481451822967,-0.7661751559601307,0.9118530500827544,-0.6911432855287406,0.9436064941120926,-0.6888872816533971,1.0002137012819148,-0.693575553477476,1.0526628389604211,-0.6890746503634128,1.100604728018222,-0.7762167880232146,1.0576558713673947,-0.7317903096451426,1.1327563525893527,-0.6954053508233577,1.1794483531027313,-0.673199118131239,1.2147605687738527,-0.8018164125902566,1.057394824274701,-0.7580904076398441,1.1374188898587163,-0.7130102098795797,1.1852354551603355,-0.6796752805177507,1.2209356280569927,-0.808997234676171,1.0519574301387065,-0.7741416751531897,1.1203933667457153,-0.7286024416797943,1.161039333277677,-0.6976885874980403,1.1923374872054437,-0.8031549178975768,1.0483461318030525,-0.7740516923437231,1.101373239378211,-0.741576711329955,1.1317350785481197,-0.7178757152294543,1.1515940466408963
-0.015044447640142872,-0.35832769750838417,0.0595893106019098,-0.4090815283447517,0.09378800791368437,-0.4080436612879517,0.13253290119680405,-0.4064874773272127,-0.06412634529555103,-0.4089819875389306,-0.11004813067837041,-0.40750578857968317,-0.147754628369438,-0.4058639819080962,0.18771506464328783,-0.37542149654412393,-0.19759858576923392,-0.377895129613382,0.05954218287526,-0.29323470528126006,-0.09599296889643427,-0.29264776688375044,0.4999257710823929,-0.0086153007884186,-0.4999257710823929,0.0086153007884186,0.5916854809213576,0.47260336144565923,-0.6358795286095117,0.4899542928815686,0.7138014367889859,0.9020611570096115,-0.7257745660789007,0.9163152242247724,0.7514942806527064,1.0372941245866145,-0.7671883421623427,1.056029466026315,0.697753520928037,1.0477943582626077,-0.7099990660958294,1.0584043510926304,0.6671502727582033,1.005506605095136,-0.6762995262851037,1.0131634952929942,0.7382616959015288,0.8880213227499877,0.6480606365211465,0.9232127854437122,0.6277969473106533,0.9912232922626896,0.6213493457697082,1.0556786947973067,0.6106498543036554,1.1072323756485905,0.7300977642184441,1.0346917931834585,0.699966145671943,1.1196550682150608,0.6642908970440863,1.1622710417741162,0.6337304602296764,1.1937588817776272,0.7730630995791687,1.0374162162298606,0.7428867317146526,1.1220051121245251,0.6960838780665036,1.1630745915357974,0.6506094096854182,1.188999069475206,0.787680799047807,1.0351303012643234,0.7595875647904208,1.109240281071498,0.7161664558639278,1.146762936584027,0.6729301580972689,1.1726911142702006,0.7799585466571,1.032174379777481,0.7593440862175983,1.0930530080823997,0.7263740571886488,1.126203091453914,0.6895499491010412,1.1498071234579783,-0.7655300628087304,0.9055128445629682,-0.6905951275621625,0.9409891877576002,-0.6871310634749846,0.9991044575858755,-0.6947306516425892,1.0538335782320605,-0.691508172210247,1.1016989639154429,-0.7803825640631351,1.0535457026980575,-0.7361608123188476,1.132024202542647,-0.6998953219481553,1.1785462277934884,-0.6742289894348166,1.2163058432773968,-0.8095800846406744,1.0543277586928181,-0.7632066218402909,1.1330715832339857,-0.7173676843582456,1.1815241715825038,-0.6799453184098114,1.216768840158278,-0.8154557669941918,1.0489308852331418,-0.7797378831893285,1.1203162658154973,-0.734441575232821,1.1652701269732175,-0.7007352965976305,1.199139899179739,-0.8071106358088291,1.0457387084885894,-0.7852938898045053,1.1042295907027242,-0.7539156327766062,1.1397311274110418,-0.7287300911643042,1.1640099227536809
-0.013733760238037084,-0.358178197974836,0.06069332310150185,-0.4088574905730299,0.09393669072603193,-0.4078475251359186,0.1324806380045077,-0.4063415135587424,-0.06341382890233019,-0.40876521929954956,-0.10960185248191331,-0.40729900411131714,-0.14725636807651687,-0.4056434919402768,0.1872833471589071,-0.37535571055568995,-0.19737155566594328,-0.3776942766767878,0.060516528524070114,-0.29311788152506446,-0.09531679779836386,-0.29238966043445797,0.49992888531766255,-0.00843265231344169,-0.49992888531766255,0.00843265231344169,0.5910885012607945,0.4718698778041449,-0.6343141151045425,0.4905137816634479,0.7128108634616802,0.9005572838676005,-0.7237893400811173,0.9156985772291996,0.7503934462028168,1.0348486135464967,-0.7653344369430727,1.0530394372785767,0.69698722051089,1.0453009766213903,-0.7093242331511297,1.0568193898673715,0.6664991365049598,1.001945980491021,-0.6759141080915121,1.0115180685733036,0.7363379251165605,0.8871966147759115,0.6483125389380775,0.9237122668948778,0.6281086518502209,0.9920710172362456,0.6192131023799827,1.0562397008744377,0.6081044510679496,1.1083939251265842,0.7322290360032216,1.0352523884130815,0.7016481524531616,1.1201507645257947,0.6659511437510082,1.1624814438664028,0.6357138122134673,1.194332290058333,0.7711388107066122,1.0375515983707768,0.7438520468378425,1.1214621083685579,0.6973989194372201,1.161699251124419,0.6533068096603075,1.1868658887857404,0.7831939469326847,1.0343259777837306,0.7573261180289996,1.107188411503977,0.7154798628741632,1.1435799200202645,0.6740104407827768,1.16864072746143,0.7734360836719254,1.030833404428371,0.7539314508340504,1.089100424458371,0.7210369179285365,1.1205867639020108,0.6848956336099884,1.1428917594539267,-0.7658344451130104,0.9057244751824978,-0.6904577952806421,0.9445787814676703,-0.6887801837874228,1.0033652676365388,-0.6952990876272309,1.0546349907308765,-0.6913781748200757,1.1015489462282508,-0.7806984844286271,1.0578479328223303,-0.7378127687254046,1.1328834959052112,-0.6993470495256381,1.1795613144221713,-0.6737326584661448,1.216300072845526,-0.8042219802566218,1.054301299770485,-0.760786202739403,1.1341474714797182,-0.7144200639057638,1.182986973495236,-0.6795757720773288,1.2182798551503717,-0.8082483270809456,1.047542957258702,-0.7778843426551401,1.117625630820246,-0.7320540023279556,1.158560971284789,-0.7005437146148629,1.1903093329706782,-0.8033914067276366,1.0435020389689575,-0.7820445180440536,1.098520898864191,-0.7539251115862541,1.1298903144040313,-0.730571894997678,1.1490540365826356
-0.013553879292516056,-0.3582348941849136,0.0611652846079315,-0.40883755143220185,0.09387552393555389,-0.4078284395500419,0.1323231618947733,-0.4063263889227242,-0.06338944957269227,-0.408762655722127,-0.10968661559486727,-0.40729184831111553,-0.14725557109887255,-0.40564942323307,0.18679311325734793,-0.3754242077241001,-0.19741439865649282,-0.3776876247296287,0.06069267595563784,-0.2931351205443724,-0.09543478045188289,-0.29242550349345175,0.4999335732342849,-0.008149990993855133,-0.4999335732342849,0.008149990993855133,0.5904508914622233,0.471106161621042,-0.6336527788435848,0.49077266617253945,0.712038048148119,0.8994161576274028,-0.722457880808884,0.9149374354520787,0.749575672426758,1.0334865193861724,-0.7644034388584965,1.0508383856592112,0.6961842720946971,1.043823535521461,-0.7091045301596176,1.0557566839692258,0.66577150927883,0.9996920964481951,-0.675807974474159,1.010409135704639,0.734487927231728,0.8853574143620967,0.6474239085007539,0.9212728556464943,0.6270834305676429,0.9907325981202996,0.6190800626677769,1.0556591699307265,0.608337500783928,1.107862976006912,0.7331589904254646,1.0330783333658116,0.703142444397796,1.1200777534467328,0.6668017433353942,1.1628153050274423,0.636231620320216,1.1942487969213915,0.7740011788896386,1.0348082394495144,0.7456120963998125,1.120967173007269,0.6982431560447451,1.1620809574306568,0.6533032657461592,1.1875125834676568,0.7868068491584164,1.0313375141586665,0.7606695664781965,1.1057433658054518,0.7183919502451381,1.1422741664374916,0.6759275787867227,1.1672717317904855,0.7775095720581738,1.027782124152082,0.7579224516788121,1.0869842346627343,0.7251964587294466,1.118646550112729,0.6883627309128271,1.141060873536091,-0.7672179685978543,0.9000969957156978,-0.6906770611595757,0.9395046365015874,-0.6876412766433341,0.9998557932998275,-0.6964001583189199,1.054759365301108,-0.6928098727200384,1.0996619397582468,-0.779100203804399,1.0525346722819873,-0.734008541881813,1.1301945709138577,-0.6981575672338781,1.176362539635927,-0.6727678775139765,1.2144120246076275,-0.8091350117120213,1.0527288202683858,-0.762013948874493,1.1318980742795552,-0.7175560841976225,1.1800605043197399,-0.6817558467727878,1.2152241722134685,-0.8151103868419054,1.046609902361613,-0.7802751247556319,1.1181647885181936,-0.7360551925725186,1.1621437958995091,-0.7035842938836137,1.1946686001376747,-0.8066554884596199,1.0423229810481636,-0.7860709614030805,1.1004834163244495,-0.7555019385011524,1.1354406149633773,-0.7310423285275152,1.1592067575486071
-0.01250314510843009,-0.3580954584663491,0.062288929278767474,-0.40866301648520453,0.09452629756493261,-0.40765963883723044,0.13291875978531525,-0.4061756502484979,-0.06272676839802642,-0.4086252611119056,-0.10913419472494809,-0.4071666187877654,-0.1467006151416394,-0.4055331928473742,0.18676346660494364,-0.37533567081370833,-0.197208415821404,-0.37753736352657286,0.06143912535202086,-0.29299569004980236,-0.0949930912711737,-0.2922933873017247,0.49993698346677745,-0.0079380452341305,-0.49993698346677745,0.0079380452341305,0.5901439871192377,0.4704925887221686,-0.6335283873502829,0.4916308453449484,0.7119759123380794,0.8986121195728827,-0.7221011289876519,0.9147564580080786,0.7495212988754737,1.0326056753871327,-0.7643343423645329,1.0508227750156525,0.6961580830752354,1.0432166074335272,-0.7090464826046818,1.0556336368478476,0.6657665037032849,0.9984723537047473,-0.6757931955500411,1.0104701136589374,0.7364262568833098,0.8861426374721142,0.647692680876002,0.9232180620201933,0.627581828047841,0.9918041739282625,0.621129795583296,1.0569041183605357,0.6097634040394705,1.1093015358703724,0.7338164717089369,1.0333100903239263,0.7037996298183542,1.1202893175868507,0.6682925053919222,1.1633953929506282,0.6382888646808146,1.1954746111066812,0.7750724457732047,1.035578052957756,0.7464383834287117,1.1215200195453867,0.7007359000857627,1.1626988987215197,0.6567360168636547,1.189394851903335,0.7878953674524544,1.0327144531060077,0.7602026372124023,1.1075904869946673,0.7181473757348462,1.1448438634420715,0.6763709231678051,1.1707012777036256,0.7780992122032657,1.029696135430811,0.7568138064332697,1.090007396012407,0.7238471169850345,1.12255393592188,0.6877278098624084,1.1456780019691741,-0.7681622443730088,0.902701668958556,-0.6913454170818453,0.9417109782918806,-0.6908617698698076,1.0028056848713949,-0.6992261251931221,1.0570134241265898,-0.6950150809523459,1.1034812238476444,-0.7860637478042096,1.0561907266216988,-0.7396738350420584,1.1339807008598384,-0.7011206704635317,1.1801290320375946,-0.6755583025632468,1.2172945766375574,-0.8120985419139783,1.0527334257250216,-0.765614856773622,1.1348474022963133,-0.720650891414444,1.1829435235016954,-0.6858188313024394,1.2161620914543163,-0.815362929574592,1.0451775986406282,-0.7813746448507068,1.1155555506427903,-0.7372806372189411,1.1556547493535827,-0.7073154999479694,1.185722811820529,-0.8064467209452849,1.0404663617095389,-0.7810469915761338,1.0940330516894206,-0.7519895234019414,1.124188769988082,-0.7297150852656675,1.1426413786584384
-0.012241343235839482,-0.3581052067341354,0.06282808556124897,-0.4086695902005926,0.09489623499998082,-0.40766335352073857,0.13320347438342567,-0.4061894293699665,-0.06253134653161133,-0.40866263606729647,-0.10897069657538992,-0.4072084299653641,-0.14653155499404757,-0.4055790501259714,0.1868660562738303,-0.37537610486967565,-0.1970834386259725,-0.37755160424032674,0.06172440298824487,-0.29297860406449616,-0.0948395456095665,-0.2922820463838309,0.4999390246191137,-0.007808435367548934,-0.4999390246191137,0.007808435367548934,0.5901024437490314,0.4703116439268304,-0.6334808307914485,0.4925551875041478,0.7121337508841521,0.8985975237508498,-0.7221228352020714,0.9152464230779002,0.7497297320773055,1.0324946949373188,-0.764481473419559,1.0516058856132344,0.6963050871780343,1.0431767718422518,-0.7090871362844016,1.0565692001926141,0.6659861223307975,0.9982655705835546,-0.6758914049411479,1.011331946912031,0.7412992098742629,0.8870703876099273,0.6513771607886248,0.9249256963561251,0.6313821789950701,0.9936478500208931,0.624316075350136,1.0581091445961979,0.6115738144494631,1.1092908614399464,0.7374740844533569,1.03488832522326,0.7058664042712357,1.1202401883282609,0.6706688068222256,1.1632427880916738,0.6412447244951004,1.1954351436326953,0.7774619353923763,1.0372171676344415,0.7471906811811714,1.1212688718940709,0.7023342327188061,1.1622461463552283,0.6593751182952452,1.1898118025792062,0.7890825562112802,1.0348596284200378,0.7598980833883596,1.1085602373088304,0.7184861315826899,1.1464521652885877,0.6774211822257986,1.1733695906569583,0.7789809293690679,1.0320733976973766,0.7559831704236296,1.092068730264483,0.7231454008911209,1.1253621275683963,0.6873203469593884,1.1493163879365704,-0.7699535840806075,0.9013853389595784,-0.6895584775432069,0.9394557857029386,-0.6866992724344378,0.9986572907502372,-0.698698101274949,1.0536287461593847,-0.6965091337727243,1.1006217860567442,-0.7818112616206073,1.0538849047402943,-0.7397263873847789,1.1332326219735882,-0.7054732316589911,1.1794945095778089,-0.6808488657247782,1.2175080908767473,-0.8148927779264968,1.0540264521623224,-0.7680456868013532,1.1346318992251812,-0.7232005057954677,1.1825807363292464,-0.6866431992330497,1.2173873178276038,-0.821924507026467,1.0477231905318765,-0.7862687290229438,1.1203393067344822,-0.7421240228993904,1.1648116053524873,-0.7092495020928165,1.19773493713264,-0.813254331305718,1.0441992935177993,-0.792845006405517,1.1041810699263284,-0.7611881191283002,1.1397769015402988,-0.735800603085086,1.1643580902291728
-0.01162205038071696,-0.3581658916685605,0.06381238659700468,-0.4087771724892264,0.09581522213909789,-0.40776215356611434,0.134085374367218,-0.406292363164386,-0.0619585826118991,-0.4087894207425741,-0.10843004191796068,-0.40733372904973525,-0.14603341333253894,-0.4057015391449862,0.18752670664665547,-0.3754725855319813,-0.19668593287670658,-0.37764695891046146,0.06243309228296068,-0.2929660599414351,-0.09435627011982832,-0.2922873833422677,0.49994246420271243,-0.00758501726561002,-0.49994246420271243,0.00758501726561002,0.59084565210625,0.470471448367913,-0.633543107334924,0.4932547856994526,0.7132250887748587,0.8988704108371435,-0.7223049657089411,0.915601172442429,0.7510230223721117,1.0326202799912572,-0.7650376236513736,1.0519393883147903,0.6975224755153385,1.043294412491483,-0.7096987813892731,1.0573795513736575,0.6671364094151465,0.9983320437381792,-0.6764220393820848,1.011925490147833,0.7458077337200317,0.889563500631475,0.6571344328612266,0.9258243224920526,0.6365282886499452,0.9938962374538263,0.6293203237301982,1.0587615773125487,0.6162695013789282,1.110771890639704,0.740548210368811,1.0370671890088605,0.7066998538330848,1.1218652834955307,0.6705125214925938,1.165365263669273,0.6394030153925102,1.1975267096863729,0.7801564181874734,1.0395325244920472,0.7490601296269738,1.1235319271201285,0.7025301606790209,1.1647923273867768,0.657234533694342,1.1920828457164223,0.7917755166510166,1.0374154271184306,0.7625388477930395,1.1122103114141533,0.7201556615972051,1.150201221089331,0.6777955620371772,1.176878269348423,0.7820433541384693,1.0350225237521635,0.7599119058592071,1.0967641184225605,0.7270647338884951,1.1305571375258956,0.6909736252361748,1.1546750938876855,-0.773047805106932,0.9013621813994981,-0.6904494176162778,0.937189467961724,-0.686529183492627,0.9964646697457674,-0.701671461190721,1.0531996366556486,-0.7007369811421401,1.101486480965092,-0.7769897600539655,1.052402883369532,-0.7370681643717691,1.1315295959715475,-0.705190763280327,1.1778787489779927,-0.6825232556540075,1.2161683750477665,-0.8139195656513488,1.055461950730827,-0.7645686653469372,1.1357752459197534,-0.7212762005446619,1.1845197695665215,-0.6867090742063638,1.2202862554466616,-0.8238050956815346,1.0509137072430805,-0.7847413183183325,1.1252197188080604,-0.7396891584127888,1.1701036634931665,-0.7061130831924907,1.202290134718545,-0.8169160259334816,1.0481219866491023,-0.7927463449334532,1.1101053741769538,-0.7600832051722143,1.1451621662983695,-0.7346732783745644,1.168669472331384
-0.01077313470065029,-0.35767358588805476,0.06481948526951146,-0.40816691490400275,0.09669178421105701,-0.4071401963055819,0.13494891775678847,-0.40563814175525414,-0.0612910774379387,-0.40830348135789135,-0.10784594637575438,-0.4069117915580899,-0.1454702690857346,-0.40523911716162486,0.1883044079248734,-0.3749471249956003,-0.19620779444817077,-0.3770436141494819,0.06338871346772507,-0.2921606818022872,-0.09379265836629781,-0.29154286857452116,0.4999404100187661,-0.0077192247193616625,-0.4999404100187661,0.0077192247193616625,0.5916982458663684,0.4696444920082984,-0.6337610665489517,0.49460792227841105,0.7142119410728547,0.8987122939535099,-0.7225321287663049,0.9171005964404718,0.7523476822151296,1.0324140282744954,-0.7654341538368825,1.0536972219874912,0.6988656828126285,1.0434997307698015,-0.7099396959958285,1.0596403329259017,0.6684784117252863,0.9984536211952952,-0.676603983399823,1.0139766747872996,0.7457466173922868,0.8915669041820284,0.6578399908328323,0.9275696325839167,0.6348647140542142,0.9964402364338962,0.62706648722926,1.0614742757188191,0.6156187248329469,1.1138379828929663,0.7406165532491199,1.0383026184968187,0.7059205576088583,1.1240128894774548,0.6705041474579673,1.1678362528950514,0.6405020502321739,1.2008327548869218,0.7805010154824671,1.0407047059687042,0.749287287973918,1.124991615730323,0.703136119354574,1.1663132016935445,0.6587474343371593,1.193336068203693,0.7923360690496918,1.038314263698313,0.7632775860298368,1.1127454512618575,0.7219531769874652,1.1503035198330327,0.6805267842107943,1.1771289472451174,0.7824669372256542,1.0361016754143815,0.7609538390043679,1.0973414963215002,0.72867192892238,1.1307258188116225,0.6931448893572923,1.1550260019238963,-0.7696142959566349,0.9067534820278241,-0.6906404211556021,0.9438404492658176,-0.6901192983887287,1.0027595226690644,-0.7013817521052014,1.0573839869151427,-0.698439177307897,1.1058615491966588,-0.7845743658112426,1.056676629145583,-0.7415309662300988,1.1359585724588759,-0.7059296443948728,1.1828188632722487,-0.6811393923863773,1.2209602505728239,-0.8126793538481338,1.0575191418294563,-0.7638448926071821,1.1386389096694984,-0.719890300119715,1.1876022180072876,-0.6855096953532595,1.2220725437579838,-0.8174601501676928,1.052385195952458,-0.7814141492557061,1.1262251248764925,-0.73652079472959,1.1709479918883066,-0.7042898765147517,1.2043940692348383,-0.8080059668681158,1.0498627747317972,-0.7874061788625154,1.109741518603649,-0.7591015020863627,1.1442487208257441,-0.7369734137164605,1.1672409360792633
-0.010411852194690185,-0.3572933045998136,0.06538778780064441,-0.40782422029697973,0.09720494897575958,-0.4067921987928341,0.1354681394191979,-0.4052891905714415,-0.06097110654907024,-0.4079714753755867,-0.10756851068603851,-0.4065784670510431,-0.14519518487242894,-0.404921759134294,0.18874198994389227,-0.3745759127913509,-0.19577253712316056,-0.376680300866143,0.06383525314094338,-0.2917555249655042,-0.09359137291008898,-0.29112580645489083,0.4999449404930559,-0.007420005080511947,-0.4999449404930559,0.007420005080511947,0.5924107125324984,0.47024033351669636,-0.6339468413193023,0.495502524915694,0.7150048030289804,0.8997477317149136,-0.7226976007910842,0.918239720794842,0.753299951708903,1.0333174459480423,-0.7660786997579042,1.0549847771546697,0.7000693595706099,1.044648141582865,-0.7105169220046864,1.0610949800926446,0.6695285856415972,0.9997399332936574,-0.6768368251768355,1.0155391319613145,0.742890924551692,0.8931544473679836,0.6504451043394468,0.9301047016429314,0.6283190576721231,0.9977560507238404,0.6201331584462549,1.0628680442405711,0.6062330912240367,1.1136759901755482,0.7393686325095703,1.0350744426953056,0.7048517948933283,1.1228347616833398,0.6678958905434219,1.1661116873931117,0.6373736559228669,1.1981470827135006,0.7836775797234878,1.0384747284312914,0.7506151067145422,1.12618931712513,0.7019624878114054,1.166437096397755,0.6569758847321481,1.1919724336080297,0.7987253184216593,1.0370600909135472,0.7673181408107231,1.1143388145941218,0.721615390730471,1.1504198401496668,0.6784680636150606,1.1741505081052155,0.7910071394634526,1.0353331101895011,0.7667119937065773,1.0967270012538284,0.7305285605424087,1.1286343870634377,0.6927680502054379,1.1503006588810103,-0.7778484238734895,0.907292877127515,-0.6966299647220205,0.9411364729994788,-0.691129131196566,0.999227542120855,-0.7002870640213561,1.053635998323161,-0.6982024512089189,1.1016588104332632,-0.7815403505879992,1.0568814366923143,-0.7403267174859381,1.1363859367768683,-0.7057641937167111,1.183712553713173,-0.6822966073764194,1.2223488256687174,-0.8131401604420531,1.0586617399987814,-0.7645088176024321,1.1394812950299353,-0.7198631612339541,1.1896165289151612,-0.6849382381255894,1.2255441196226136,-0.8207018146674241,1.0538644732292968,-0.7828030982000221,1.1264626395012494,-0.7368558499541813,1.1702780879805068,-0.7037444243426653,1.203343032897247,-0.814069465349101,1.0510798690989493,-0.7895112379769688,1.1094661546369093,-0.758504730134772,1.144065271469735,-0.7337849017905835,1.167670931516826
-0.011463209668752266,-0.35635878590061587,0.06474718066204012,-0.40689295565191197,0.09655902537811716,-0.405840917617394,0.13471229707619928,-0.40435072153177337,-0.062070067608916604,-0.40699890045146386,-0.10849012115579809,-0.40560362243771486,-0.1458765501040844,-0.4039638157109285,0.18798647633530705,-0.3736025590746446,-0.1961672497082004,-0.3756625282329595,0.06322981471941531,-0.2909639393615482,-0.09460411888113976,-0.2902671383859774,0.4999553615757089,-0.00668105019455698,-0.4999553615757089,0.00668105019455698,0.5913249442660328,0.4706809874334126,-0.63439922399326,0.4945594103319198,0.7130684863829282,0.9002050225486411,-0.7230457783363998,0.9182145799066083,0.752992121263531,1.032773459122334,-0.7670685771786827,1.0557346347054868,0.7002827751031167,1.0444069214664695,-0.7108327070784793,1.0619223049967184,0.6690931906834919,0.9997800784818621,-0.6770073377810767,1.0160770527103533,0.7334975724354081,0.8917063265632705,0.6457466971282803,0.9304230199389031,0.6248931261670212,0.9970565649586601,0.6168182093798583,1.0608764419297012,0.6046065936499916,1.1114337237022152,0.7482146371218721,1.034436289656517,0.7115453865419097,1.119778045500062,0.6728620379907823,1.16151147514137,0.6409886200273387,1.1915168772219566,0.7908384970768162,1.037141278277216,0.7563571256962596,1.123066833191065,0.7050034495437668,1.162618382172825,0.6591963056282648,1.1860082769281861,0.8053964240293986,1.0349496940973095,0.7732578353187002,1.109856637002474,0.7255091051932585,1.1437875541372322,0.6821576576390603,1.16448322235811,0.7982114082729432,1.0323678519713435,0.7710427862622902,1.0913013889450665,0.732538688196333,1.120524510857105,0.6937554815993332,1.1388197045689015,-0.7774772788259167,0.9004066793444576,-0.6985495499394232,0.9344383366633026,-0.6892483728203942,0.9920516655853236,-0.6966406469503278,1.0478553761742824,-0.6967123206802495,1.0960060084702141,-0.7873899541551819,1.050156345492777,-0.7458088697835044,1.1318499305367646,-0.7110662972776579,1.179867183534676,-0.6859239467455289,1.2192922338964882,-0.8195593735964742,1.052963485718706,-0.7725617400537009,1.1335469880336668,-0.7275354207786933,1.1834867730560863,-0.6914079353831172,1.2198294560690703,-0.8262299263462797,1.048540797566887,-0.7878094990899603,1.1220971868657739,-0.7422591897155868,1.167892157273917,-0.7089115423682035,1.201377065327464,-0.8176128033056231,1.0461789607115974,-0.7963008292212405,1.1080202016676934,-0.7640475625426674,1.1449835571283435,-0.7384217120552145,1.1706183172117621
-0.013074361208607806,-0.35597889560402085,0.06331079257442392,-0.4065766792156827,0.09513008098437022,-0.40550691424177515,0.13323783361212127,-0.4040192475128454,-0.06364409061758922,-0.40665457814954054,-0.11001054176648299,-0.40526924750586,-0.14733780530268203,-0.40365913035768375,0.18651276450220935,-0.3732536678979141,-0.19749183847571983,-0.37529324372108475,0.06179974734326049,-0.29069747173282484,-0.09618873014212133,-0.2899693857745815,0.49996060663510555,-0.006276289752490614,-0.49996060663510555,0.006276289752490614,0.5914931772295297,0.4711325755307666,-0.637196737564145,0.4934630150982634,0.7100691170002321,0.9088404212038573,-0.7269554973843754,0.9193429266148535,0.7514647692496688,1.0349156551665424,-0.7700625001076983,1.0603223527449377,0.6993797600128929,1.0473981873855858,-0.7123745902035247,1.0665105099550456,0.6682838818607432,1.0047228047459544,-0.6785539255608498,1.0201441470269148,0.7132110112589112,0.8802120777968991,0.6287473939738438,0.9226838469151898,0.6020073277812611,0.9906717073581766,0.5909726747269687,1.0524474145434797,0.5900516499597253,1.0998464897249967,0.7425629413651922,1.020526319372863,0.7104306456876042,1.1061992668791347,0.6712509225668669,1.147471939384746,0.6374009686308277,1.1746552266913737,0.7886009466128937,1.0227039606903572,0.754504680306151,1.1110252955062694,0.7029352332092,1.1483278572287876,0.6575103622653626,1.169457435768342,0.8057231852073076,1.0220888855297037,0.7716759696448741,1.1024444147581178,0.720950442368177,1.1351355007494721,0.6773711497893524,1.1527877696888669,0.7993312380343327,1.0217404135152772,0.7695318522173755,1.0862110885731622,0.7294019914775567,1.1160925196998452,0.6923591516817401,1.1331777055737378,-0.7781789867586497,0.8948643114647534,-0.6914269669879587,0.9342591168060405,-0.6774181714561092,0.9949918781294325,-0.6778715820682977,1.05029288706593,-0.6812937978018728,1.0970962956546855,-0.7815031010036066,1.0471386419004105,-0.746542271218034,1.129441732696034,-0.7177774061801074,1.1773223168028013,-0.6953679208088319,1.2164480488164933,-0.8144550116812019,1.046608082230851,-0.7695644056789763,1.1278230581338327,-0.7291349472275139,1.1783924346597614,-0.6952807586948437,1.2132271087540356,-0.8235804350898718,1.0406897041144434,-0.788184324058937,1.1147662087467094,-0.7464253787068655,1.161498334958843,-0.7153577753093041,1.1959765971700074,-0.8171621981294793,1.0377422484177379,-0.7963648148735509,1.1000229312512884,-0.770981319355863,1.1380049692915566,-0.7495273971806026,1.1647730896868196
-0.015531603309320805,-0.35626202639679344,0.06151083637980055,-0.4069728249030678,0.0934873628263004,-0.40588932838711417,0.1313274343598699,-0.4043940343119551,-0.06612715501851966,-0.4070015262126843,-0.11219690760394378,-0.405625541273808,-0.14937049057235705,-0.40401544196018285,0.18499367295114752,-0.37355761219514483,-0.19929973033984344,-0.37555698957889166,0.06017229561100853,-0.2909933054709731,-0.09834282960791643,-0.29023285323371845,0.49996202130614753,-0.006162568577412753,-0.49996202130614753,0.006162568577412753,0.5917452769908634,0.4716983404275001,-0.6405139682650411,0.49308690960060925,0.7075765210418933,0.9138159631118425,-0.7305933817433383,0.9207290047019356,0.750416713957546,1.0370509086798247,-0.7734471746641632,1.0633006848964734,0.6986768189560065,1.0500751214251867,-0.7148513316007371,1.0694401158027491,0.6675709577756886,1.008331760095494,-0.6809330953248891,1.0227025499763402,0.7183962965852634,0.8821394315846267,0.6307946009323679,0.9239659825563463,0.6059793603262134,0.9918243564150727,0.5921718226076257,1.0540726398285738,0.5861885268256638,1.1011150577189708,0.7464822501235933,1.0204740919859927,0.7144524717087896,1.1065020727546846,0.6748798125033239,1.149392250104931,0.6402662097292593,1.1782189623665325,0.7889460584805212,1.0233198489124,0.754055333523144,1.11252369582395,0.7020635734907544,1.152336916159863,0.6564987873311371,1.1754060574006708,0.8016790191670669,1.0237024152916574,0.7670085436441006,1.1042554225496264,0.7174112676392249,1.1400871972155373,0.6739989913891237,1.161108566248999,0.7920821843485256,1.0244982805293927,0.7607279906062335,1.0893943259888081,0.7230109373012665,1.1211861926248214,0.6875486588797722,1.1409998105496204,-0.7806999956042547,0.8986171625264905,-0.6948414408740221,0.9341977786553266,-0.6844579252368229,0.9943002638501756,-0.6850886475546109,1.04953571342784,-0.6862355077310256,1.096723845659367,-0.786311984751501,1.0513904362111197,-0.7438588621129225,1.1295019776055255,-0.7105516987967404,1.1772134451010139,-0.6881691370378202,1.215854945510798,-0.8151530476679106,1.048960627494847,-0.77170169348087,1.1293366580621345,-0.7284871471760962,1.179111440628023,-0.6941467808695807,1.2137766174476754,-0.8224859673397628,1.0429088018166932,-0.7879191256224426,1.1119770462654077,-0.746278514981177,1.1531481476372083,-0.7182149043084871,1.185253167639068,-0.8177959525691206,1.0395972888690015,-0.7928595482805235,1.0935246652219284,-0.7664931564351101,1.1256637735484405,-0.7463840474888438,1.1478180053503961
-0.016986792411286245,-0.3553001774915536,0.059761325899474194,-0.40565231756724207,0.09165890960517645,-0.4045270612149814,0.1293468969689436,-0.40303393936665305,-0.06753325492589793,-0.40570391382877763,-0.11346590225155731,-0.40428642540819515,-0.15053746397196166,-0.4026401876915897,0.18290918738477843,-0.3720206240135137,-0.2002677194141589,-0.37392519523070855,0.05901573350581667,-0.28998327255776096,-0.09962084670735749,-0.28929015690791776,0.4999608184697897,-0.006259392543848651,-0.4999608184697897,0.006259392543848651,0.5996958637287029,0.440319546329025,-0.6411105803855673,0.490508092797319,0.660366375629229,0.8439067367355395,-0.727183534317808,0.9134067249275131,0.6739538020586624,0.9614014617500382,-0.760341704502017,1.0530056053574754,0.6162992941558152,0.9531900840182832,-0.7071526945482642,1.059646202703915,0.5947535406015436,0.9251835275988958,-0.6773800667741314,1.01384439504488,,,,,,,,,,,,,,,,,,,,,,,,,,,,,,,,,,,,,,,,,,,-0.7837636777441072,0.8466166850931199,-0.6815040256472933,0.8681960730704403,-0.6361118183443394,0.9251174914279885,-0.6315660644355355,0.9861528751848344,-0.627553794739435,1.0364203128653058,-0.7369147565350518,0.966968222909297,-0.7227711734742369,1.0591811319642719,-0.6997590647329115,1.113982877283923,-0.6790538195619483,1.1547421629324754,-0.7928654872043763,0.9771821695358732,-0.7698023985391105,1.0718650074792375,-0.7362063645176721,1.1295177544175272,-0.7064298626215127,1.1739815812057521,-0.8255799383442021,0.9839386383501982,-0.8017265728096313,1.071834014503025,-0.7681439221188302,1.1230359960741767,-0.7360701539091472,1.163805143124251,-0.8354702637092185,0.988774423121627,-0.821137641103153,1.0590592732168909,-0.7994767644909331,1.1014374135831793,-0.7748761776704891,1.1344047832575799
-0.013269923070549493,-0.3501557895982082,0.06401142338083446,-0.40081365621933984,0.09609533079494785,-0.3996071825442819,0.13401637252655033,-0.39802702076131913,-0.0644026017613117,-0.4010626040583907,-0.1107643424966255,-0.39964642467868294,-0.14816165266526038,-0.3979820965079098,0.18797013452182104,-0.36665595293341813,-0.19829729703628599,-0.3688159572045554,0.06353172824018113,-0.2840326155662522,-0.09671468176685191,-0.2835958914505991,0.4998797586414209,-0.010964802806926948,-0.4998797586414209,0.010964802806926948,0.6189769730552644,0.3997968232661837,-0.6447807628270156,0.4813536979219804,0.6183789300296415,0.748196127825953,-0.7232587724198571,0.8861098569019813,0.5899496905351752,0.8615277671085682,-0.7479044753112304,1.0164374244032799,0.5289674136759732,0.8259992526118954,-0.6906545959840469,1.016822032833654,0.518545342017448,0.7916824499937415,-0.6612798163733566,0.9795471545730258,-0.7171061029311888,0.8185180326726003,-0.6327699618154602,0.8488435018198657,-0.5914970025676213,0.8994063705138274,-0.5720019185994929,0.9358861072457323,-0.5534958784712457,0.9616253960884283,-0.6680484186842132,0.9761719758820991,-0.6691534576566621,1.0387143495415159,-0.6672372518042244,1.0797127914147666,-0.6673322941229491,1.1120925241497492,-0.7146827235657061,0.9812862381220018,-0.7166114478365839,1.0495064692004563,-0.7123366742886019,1.0951495106643305,-0.7092759653715406,1.1333262477513062,-0.7564456767949009,0.9771203570578272,-0.7598346168678008,1.0431927471511466,-0.7522282571356589,1.0866298834762695,-0.7458348522455688,1.1231643106036293,-0.7912614848800255,0.9651239833015663,-0.7959107011923431,1.018718617618891,-0.7912787975863789,1.0530137571583258,-0.7830293817920951,1.0817945777664304,,,,,,,,,,,,,,,,,,,,,,,,,,,,,,,,,,,,,,,,,,
-0.009950500328450643,-0.3479760568159814,0.06599471782133945,-0.39863882248097626,0.09725527099341848,-0.3973544008537948,0.13531501508967442,-0.395586526117252,-0.06083593453226394,-0.39929069526539945,-0.10773691379185332,-0.3981216854366024,-0.1457034065732856,-0.39659793058696485,0.18839460309180528,-0.36402946567513,-0.19698639985217886,-0.3677293800104338,0.06555221728559826,-0.28193019259858376,-0.09259536451026272,-0.28217635124997664,0.49986906373165463,-0.011441989514023762,-0.49986906373165463,0.011441989514023762,0.6592986738224724,0.3787778879783528,-0.6434359337638806,0.47666145300168583,0.5545740788819998,0.6182256358135592,-0.6882769187926292,0.8488382647788949,0.45683588663082536,0.6858760963246241,-0.685771365879316,0.9653944305343893,0.40718044790656827,0.6322284021659297,-0.6356861024159144,0.9606926850582709,0.4257145899374421,0.604339699530521,-0.6171661874154866,0.9269302132921825,,,,,,,,,,,,,,,,,,,,,,,,,,,,,,,,,,,,,,,,,,,,,,,,,,,,,,,,,,,,,,,,,,,,,,,,,,,,,,,,,,,,
-0.007412603212571999,-0.34676532910347185,0.06766617951112944,-0.3973759010914795,0.09834156260528396,-0.39602815505283007,0.13647893440515246,-0.3940653029616055,-0.05814026661173897,-0.39835723863262384,-0.10538926189630672,-0.3973495267600166,-0.1436707189700734,-0.39590407178869913,0.18894836573448895,-0.3623595508510367,-0.1957638293014891,-0.3671433943551791,0.06722330315327536,-0.28071329407966106,-0.0896158186010491,-0.28151505605524063,0.4998665089042016,-0.011553063486614428,-0.4998665089042016,0.011553063486614428,0.6733172112657098,0.37341853814506115,-0.6420530079459751,0.47431150755374585,0.536076872922384,0.6039553304000029,-0.6707373060236141,0.839624142736185,0.4337241108185665,0.6696748541375511,-0.6628071729344331,0.9542377828094184,0.38491973801342966,0.6171024921119348,-0.6141187852346056,0.9494596035912278,0.4055726096382658,0.5893577574665457,-0.597998846947142,0.9157590492764878,,,,,,,,,,,,,,,,,,,,,,,,,,,,,,,,,,,,,,,,,,,,,,,,,,,,,,,,,,,,,,,,,,,,,,,,,,,,,,,,,,,,
-0.005926795615827713,-0.345640008578683,0.06920820721139934,-0.39617238644585767,0.0994696576745397,-0.3947978137409436,0.13746460366627217,-0.3926187122372798,-0.05646535808830797,-0.3972271267049697,-0.10396966484637347,-0.3962971387700214,-0.14214634988258518,-0.3949335216516485,0.18966505793586222,-0.36025246388564675,-0.1939013358671658,-0.3660837515252557,0.06832875633694793,-0.2796374590001669,-0.08813963745775256,-0.2805742500009514,0.49987814534869224,-0.011038106846364441,-0.49987814534869224,0.011038106846364441,0.695859452331624,0.3865657506732185,-0.6401068700047825,0.44956779481198733,0.47545160493683974,0.5166069725912205,-0.5938699214010839,0.757721408658064,0.35624793195029314,0.5749875262396533,-0.5955648124850741,0.8773551767678606,0.3339557871808957,0.5070005135215901,-0.5639540136715159,0.8578035189608635,0.3567591337545503,0.4880215501658884,-0.531285161417432,0.8140691708940619,,,,,,,,,,,,,,,,,,,,,,,,,,,,,,,,,,,,,,,,,,,,,,,,,,,,,,,,,,,,,,,,,,,,,,,,,,,,,,,,,,,,
-0.0007236342387251253,-0.3463196731170638,0.07521508938399313,-0.3977676381086264,0.10564720486459755,-0.3963662778018383,0.14399892636195796,-0.39416741933193283,-0.052034321295836926,-0.3988711311991533,-0.10011562756183735,-0.3979473409089615,-0.1386652722229863,-0.39661680779932335,0.19664461230406413,-0.36151929680405503,-0.19096387810440552,-0.36730631645719214,0.0741273158227202,-0.28009651172836697,-0.0841694155507899,-0.28108076861688225,0.49985432493944737,-0.012068713242484966,-0.49985432493944737,0.012068713242484966,0.704881286902681,0.4176925880155623,-0.679215046882256,0.45770057627704497,0.37668180989783595,0.33657678033786215,-0.5394573566916262,0.4177531439293929,0.26188137323207467,0.30245513057343937,-0.4719082172841546,0.39734723001658995,0.250943260336529,0.23524485419999927,-0.4914058818050055,0.33310526520693545,0.2606777574580609,0.2394997556439176,-0.48035853604424616,0.3318251953588228,,,,,,,,,,,,,,,,,,,,,,,,,,,,,,,,,,,,,,,,,,,,,,,,,,,,,,,,,,,,,,,,,,,,,,,,,,,,,,,,,,,,
0.007120663998892954,-0.34663775950188114,0.08277743087770495,-0.3989560811273702,0.11311157972805908,-0.3975001229695478,0.15181170320056153,-0.39524288165620675,-0.04578815766664164,-0.4002058659205295,-0.0952137250778926,-0.3992919602256113,-0.13428118241886974,-0.3979598326287659,0.20442251803431438,-0.3623210356305176,-0.1875919562775901,-0.36818463866095297,0.08112939976946214,-0.2800487340156007,-0.07897393452302619,-0.28117857490042686,0.499818603886675,-0.013467115829867633,-0.499818603886675,0.013467115829867633,0.7169431095036528,0.4396064003543534,-0.6967698908923526,0.4656343188499165,0.3676133007223141,0.33349472723141704,-0.541371168850645,0.40573521682359787,0.2502192172980453,0.2956946802014025,-0.4581725784847122,0.3816600249260975,0.23792094446034803,0.2284528778455049,-0.4812546854380858,0.31826582791302227,0.24667187846877434,0.23264612411181326,-0.47523877985637586,0.3167142400227082,,,,,,,,,,,,,,,,,,,,,,,,,,,,,,,,,,,,,,,,,,,,,,,,,,,,,,,,,,,,,,,,,,,,,,,,,,,,,,,,,,,,
-0.003389963484000424,-0.34697330437987844,0.07479291365664437,-0.4027596241863865,0.10599810631472271,-0.40132508536130196,0.14576443336436817,-0.39910910160966667,-0.05784565210432543,-0.4039421079875884,-0.10876234691956008,-0.4029771982317071,-0.14854596092880812,-0.4015711921840311,0.20015413412814573,-0.36549563100953514,-0.20336393217564297,-0.3720761073576052,0.07304014606984362,-0.27698481785342577,-0.09159323605234145,-0.28093247166589524,0.49990945599291764,-0.009515030681250009,-0.49990945599291764,0.009515030681250009,0.7238512365296706,0.46821809083117766,-0.7364154173569499,0.46602562106222756,0.3141473198480943,0.27256418910860414,-0.5229515790335032,0.17426049921892273,0.19959147147527484,0.2060009370401797,-0.4483319532057782,0.10259341173880289,0.19441393413366095,0.1415556163449996,-0.44409432458707193,0.048839053210741445,0.2037390406108902,0.1583473882015384,-0.44282884479164913,0.06148362769423697,0.27991337751513057,0.2916583795147911,0.343384773212056,0.24583789897852382,0.32961208520352797,0.18923992853648203,0.28171940009038443,0.14518671432732733,0.2342904887859336,0.11752404721877427,0.26168474331743163,0.21548720259241358,0.20432047727365205,0.1200168082053368,0.1741652350598225,0.06272680173533389,0.1505460435666973,0.020207386958014016,0.1801111126973207,0.23196622918517462,0.12919079319700807,0.12808953951780971,0.1107606636852318,0.06361856720515484,0.10072958008358775,0.016886524842102374,0.12058588376257638,0.237784313438514,0.07461911465418838,0.14162206890476217,0.06714640813308224,0.08374783755270669,0.06838140339759301,0.041743499819029084,0.08645055145186177,0.23598646963984632,0.05890313074065922,0.16259932967927038,0.061577869506263906,0.11743844888654863,0.06933850613946023,0.08402470772827694,,,,,,,,,,,,,,,,,,,,,,,,,,,,,,,,,,,,,,,,,,
-0.00782877913820686,-0.3459099222450394,0.07265047736740333,-0.4042484686156072,0.10467046673547302,-0.40245487096913934,0.14543114597371012,-0.39982349198525313,-0.06349599769361744,-0.40611109479152663,-0.11591811261862292,-0.4052125797893837,-0.1565732468539555,-0.40406235854725164,0.20151139158655737,-0.36490525781294514,-0.21271107980352755,-0.3736345064903858,0.07014733508532978,-0.27132526357553793,-0.09859338187537221,-0.2772880318516437,0.4999955200987389,-0.0021165729828175493,-0.4999955200987389,0.0021165729828175493,0.7332558878006504,0.4898570978504501,-0.7672917199839057,0.46785740041576523,0.28164245446018266,0.2625417645759178,-0.4945944190422452,0.09582966642894629,0.1683753138679905,0.18855338273402691,-0.4167354817008853,0.0012618205428545173,0.1678867749385571,0.11885287389631417,-0.41484558734896704,-0.04153138658329468,0.17778788778103796,0.1401031732073951,-0.41333287098394156,-0.014709035727727473,0.27135415258717305,0.2791332102086548,0.32302315100093837,0.22467589778410096,0.2957280881992098,0.15980490708290662,0.23439090055822626,0.10669879951938528,0.18281552923827507,0.07476890954403898,0.22856657071411451,0.19799341550961863,0.16401621943908815,0.09363772458904109,0.1395550447325097,0.03395827043089494,0.11919515624539027,-0.010437085050094051,0.15323604162209983,0.21612694323537981,0.09575434524349499,0.1050172302183671,0.07661656682614089,0.038585088769603926,0.06472707003101874,-0.00933320063850543,0.0972131926594319,0.22288172807799675,0.050956259778523416,0.12079787665986641,0.043551901218843656,0.060721031741010185,0.039895009993547274,0.018543932843197976,0.05945878215342841,0.21969678605267995,0.03763117932600882,0.13879411007290626,0.033996312396711484,0.09251429480654422,0.02898411654965553,0.05858362625310263,,,,,,,,,,,,,,,,,,,,,,,,,,,,,,,,,,,,,,,,,,
-0.013472284155866305,-0.34251641184776455,0.07073913483918153,-0.4035272145881553,0.10461821594416344,-0.40124496738029675,0.14446859013394733,-0.39825464692471246,-0.06966137965820046,-0.40697656251742503,-0.12313891672701913,-0.4063128668453975,-0.1646794763220538,-0.405536997256971,0.20493938370486636,-0.3633896161334866,-0.2222524437193316,-0.37427265078398125,0.06577760379831525,-0.26552672991085086,-0.10717223890385892,-0.27093754700634687,0.4999561934452431,0.006618507062972606,-0.4999561934452431,-0.006618507062972606,0.7366821227233884,0.5188236001881268,-0.8087977495945926,0.4747874661477309,0.24742003943786262,0.2548560385161361,-0.4913373007389075,0.05202798439387823,0.12051768781565651,0.1653752005991584,-0.42274324605542646,-0.055940787714585986,0.12349501971249986,0.09623159212349443,-0.4210710675157029,-0.10829855358286009,0.13770440457691444,0.11977109168348325,-0.4130907789474635,-0.07232910170596529,0.2493795406406433,0.28920792283892266,0.31372820618111075,0.2314580355278857,0.2945078943933454,0.16375074517299054,0.2224692148928641,0.10978780992031544,0.15823164088890057,0.07918706072118088,0.20901208405552887,0.19624369122506638,0.1432271987924649,0.08757078179576765,0.12037156652982096,0.028120574067735098,0.10066802131798935,-0.015673598867024702,0.11962364202232191,0.21458963685395308,0.06212102931822419,0.10003507507479929,0.05190080475620654,0.03471630195382492,0.05006134932360724,-0.010897843575422762,0.05675124426056887,0.22109493681971773,0.023117666595425152,0.11403142789622801,0.02952023886932965,0.06134698009598485,0.03617756401126666,0.025829077431682227,0.018484096662767575,0.21816955915783814,0.013549329924761419,0.13263734149627804,0.029304451677519966,0.09524456005735538,0.03909083869795582,0.07099974239846468,-0.5237495602897139,0.05808813102824889,-0.42650244982920543,0.013465051890203738,-0.3557724660200459,-0.049063444259431266,-0.289311782109764,-0.09285781399053562,-0.24021640764342794,-0.1266415472665784,-0.4945545273797691,-0.1017602902293817,-0.4106265935190595,-0.15439731011058597,-0.336334300678853,-0.1802223040181186,-0.2810435804894338,-0.19755150133283772,-0.515134406713925,-0.09510650742164677,-0.4032806779675082,-0.14779666231588215,-0.3233745726023924,-0.173615752333078,-0.25919721827986414,-0.19737015350132597,-0.5132682853766378,-0.07935069688168225,-0.4063835659321806,-0.12838850841723462,-0.3296179366335481,-0.1531009141907991,-0.26773237414158957,-0.17282079349922919,-0.4979144313704365,-0.05830342622919718,-0.41820561434074177,-0.09627439532843617,-0.3586640931088335,-0.11541333182772606,-0.3078509817490083,-0.12973213545971582
-0.014244198953432449,-0.3392996518183245,0.07022938439323967,-0.4012480832054195,0.10483937258967359,-0.39871972958727875,0.14266641809960534,-0.3955678145611189,-0.07114068235811542,-0.405357302317193,-0.12455418513934552,-0.4048118719935306,-0.1662123308630553,-0.40406635470510704,0.20508998166466627,-0.360753872506155,-0.2238758473496966,-0.3725556322889023,0.06460444207517133,-0.2617365050900813,-0.10915641245374606,-0.2666050234962753,0.499896806748856,0.010157883750905596,-0.499896806748856,-0.010157883750905596,0.7152603815241287,0.5300724593035602,-0.8273621772163253,0.46507612241757706,0.2125515002207276,0.2357145905010544,-0.4750119572301365,0.024975225766677756,0.09413422421934337,0.13736341947558023,-0.4017406659809067,-0.08921523789190883,0.0991053640370972,0.0710742511061878,-0.3971228016118366,-0.13398415092603227,0.11192580245014958,0.09463087219084404,-0.39328585148184403,-0.09777465682497692,0.2387367167081497,0.2896754074772703,0.29250656862285423,0.2253837376173313,0.26556621718814744,0.15470455415786827,0.19286028563815832,0.102612041778775,0.13591858932171566,0.071584185328074,0.19524923277837333,0.18369188051204627,0.12563245359414082,0.07938182618866463,0.09995806368870545,0.02343521053542434,0.07776209345509806,-0.018672882981192244,0.10567551400386108,0.20591571221101435,0.04731397361636839,0.09266827487643313,0.032476999678384785,0.028315428774047385,0.02391827480317264,-0.01886503785617094,0.04047343853914687,0.21714328784463804,-0.001354255603661782,0.11077217914242142,0.007972295562486907,0.060641074264271705,0.018211929413712385,0.026824592499444865,0.00022651073884872726,0.21897034557489214,-0.019223370012090967,0.13444609600473492,0.0014903900945522626,0.09960766362256783,0.01946985970207912,0.07878949738416373,-0.5001568801425965,0.03130592577313535,-0.3767362402087175,-0.021570772832070664,-0.3082829994444411,-0.07243222487693508,-0.23919687706665133,-0.10345056281989722,-0.16798297160473208,-0.12789081870631308,-0.4790889522271691,-0.14798359533411648,-0.3781167212842223,-0.19278859937674986,-0.29262386440051147,-0.2225026043061182,-0.21553723796594612,-0.24360949861260175,-0.4958465825548391,-0.13310715924946542,-0.369455969904184,-0.19130966123682094,-0.27461108001589857,-0.22041666299559093,-0.19270630394525742,-0.24108620170169728,-0.4840271738723259,-0.1043576964376372,-0.36354309272701446,-0.1652606783914116,-0.26856187004559395,-0.19292552707661859,-0.19210049058812645,-0.2113322388700501,-0.44726461481119256,-0.06593356286933512,-0.3405318028148984,-0.10869327756157605,-0.2696707761971738,-0.13509940274943805,-0.21245383636528178,-0.1553746174422367
-0.010550552314039818,-0.34070639530462865,0.07515580117447843,-0.4030817980758197,0.11019696814294733,-0.4004839269023,0.14667554251065007,-0.3971811992104108,-0.06729660100483424,-0.4073553281497469,-0.12102486400052716,-0.40683543398016936,-0.16306150695960558,-0.40607488879786624,0.21098555147055745,-0.36139428404754215,-0.22095902125636624,-0.37399811839246916,0.06843256976536113,-0.26243122911268507,-0.10836034200926674,-0.2667919414396645,0.49992053543988857,0.008913935466174581,-0.49992053543988857,-0.008913935466174581,0.7144188718427741,0.5406328979714402,-0.8468936550808862,0.4512888849702473,0.19138714095185286,0.22278819890627113,-0.4562044343537788,-0.00781655884977403,0.07838024480198702,0.12464147779729878,-0.3761557291860399,-0.12531354099112574,0.08755567703749428,0.05998014035433459,-0.3696859461845916,-0.16969280708239087,0.098316786490213,0.08374500274396306,-0.371180841881423,-0.1320629670680179,0.22083654618757154,0.28859840248435364,0.27668537751725275,0.22599994511848429,0.2521733672181526,0.15193162257525483,0.18051075496499513,0.0967628528112402,0.11552318393062104,0.06848540900932684,0.17800276549502356,0.1892399280416737,0.10976015706085422,0.08308223765739971,0.08646579889469341,0.027148623586218154,0.06580560451427471,-0.015493996019362074,0.08488162137220191,0.20960268296930526,0.03068085456008143,0.09320627679308997,0.02116719117540478,0.029124221430612735,0.019346661765051495,-0.01680152985584954,0.0184352472939229,0.21662885271184945,-0.01628918414969569,0.10643988294074178,-0.0070482652447512485,0.05127731191490288,0.0036851498454726623,0.01317296849114243,-0.021492724909278702,0.21441880259290502,-0.029296936272525265,0.12677194411643866,-0.006688938389854786,0.09036685479001275,0.012224011662191461,0.06795211756691791,-0.4695993076736476,-0.0032066972399893497,-0.33536333294626763,-0.05523440640292379,-0.2592762213507095,-0.10381241779141538,-0.18803622306962975,-0.13584359747732644,-0.12363453277251032,-0.16771081054052456,-0.44416688473509924,-0.18186352959220062,-0.323328482778084,-0.227208999001696,-0.22505438759756516,-0.24920242198813705,-0.14679651788472484,-0.25993633697660096,-0.4620387467125665,-0.17257502037481023,-0.3333752376458736,-0.2357916519042369,-0.22051211222982556,-0.25336247516158916,-0.13258411098319536,-0.2597422764798413,-0.4458849350062569,-0.14728506843465572,-0.31962063755251635,-0.20775175974596127,-0.2097078115691727,-0.21990858508469965,-0.12927408477700247,-0.22347065998348964,-0.4026506358438383,-0.1115552416507926,-0.2789898084239051,-0.14102684236836632,-0.1981048734803304,-0.15505108757236793,-0.13490243906091912,-0.1649971629346259
-0.018727121562506267,-0.34200243796377294,0.06987421975545656,-0.40331386133437,0.10724181769002268,-0.4000277771509894,0.1413571049725191,-0.3966414780547607,-0.07311527256375595,-0.40939500678311413,-0.12513807017569595,-0.40926061627310617,-0.16707464390114563,-0.4085920812827824,0.2082603596537012,-0.3586504770214143,-0.22412296307543972,-0.37490026985568126,0.06216510968435737,-0.2625903116233169,-0.1176230573931722,-0.2670652040055487,0.4999494834787616,0.007107318011699343,-0.4999494834787616,-0.007107318011699343,0.7106607360311343,0.5457149302836599,-0.8580733547545277,0.4283748267316787,0.17721625235832736,0.22795605784630216,-0.4224539045237369,-0.02546604674011501,0.05729971084634335,0.13643702517904935,-0.3259498584284106,-0.1433740683037229,0.0712644629446263,0.07875635694083603,-0.3203894887705051,-0.18647613040878527,0.08289110161486518,0.09854352511407068,-0.3283798439029373,-0.14839044286801362,0.20158526242961158,0.28531336462550605,0.25403837101637883,0.22536745739436895,0.231847954747572,0.154574014591775,0.16432481504378776,0.09870485403595755,0.10728936197665974,0.0669390385417377,0.15668837837488436,0.19272413318483916,0.08926294067239238,0.08336785119524491,0.06702688992973094,0.02525395700479955,0.04752126836721602,-0.018929561717447186,0.0625535052944327,0.21155036397910895,0.006823459522348224,0.09369320374539188,-0.001342899935457137,0.0287157439641666,-0.0009401304712822306,-0.01739779134945083,-0.0019320269206153913,0.2160766202735427,-0.03684430923217167,0.10341917663123264,-0.024345288186196815,0.049405952034118815,-0.010082303744463183,0.012339501420408202,-0.039244642350339067,0.21129515268149476,-0.0445815639126966,0.12331821962693462,-0.019866576178400135,0.08631851194414793,0.0007924717882592864,0.06250023156944824,-0.42620779232235834,-0.02520972976141623,-0.29932877702075533,-0.0751912390582916,-0.2199184599766196,-0.12504931413954262,-0.15726112117669833,-0.1590545358958919,-0.0975374558435624,-0.18801262505050667,-0.37827199406488593,-0.21245551472153348,-0.23904855203622524,-0.25029785190723464,-0.13113538489493623,-0.2571792089118301,-0.04675432776036438,-0.2524027671428939,-0.40778392892641446,-0.20350713718754126,-0.25040078076456307,-0.25713689148122926,-0.13121087275807458,-0.2595022448705389,-0.04617093021355351,-0.250610056038936,-0.4073426616572037,-0.17672050516658525,-0.2617177282146565,-0.22715735403738432,-0.14711720084088523,-0.2246010193698285,-0.06880542821251376,-0.2163156484207371,-0.3819898969700273,-0.1393620542300825,-0.25183123053862677,-0.1642498297629606,-0.16927062705158963,-0.16424068276489723,-0.1105935391232426,-0.1594203153019644
-0.01813482149491953,-0.3396243813621836,0.0709361880635187,-0.4002454058163222,0.10854212403695637,-0.3965701212437028,0.14187948353219348,-0.39336876449574554,-0.07257532707674613,-0.40855794460694,-0.1246816801539135,-0.4094937025453604,-0.16660438182065243,-0.40913298913190765,0.20944993720084754,-0.3538784084205029,-0.22488097071586344,-0.3739131250057587,0.06214699946328536,-0.2601866781823017,-0.11849672545427004,-0.264347383404942,0.49996618150489225,0.005815268817270307,-0.49996618150489225,-0.005815268817270307,0.7114714693811918,0.5477927173141441,-0.8793891081275965,0.4078425666354865,0.18955404184821453,0.24277615672062727,-0.4093634001174991,-0.032984307965356896,0.06245206340657992,0.1545274890608849,-0.3090683360108929,-0.14612512476680528,0.07302637006494833,0.099036599729823,-0.3026456612919869,-0.19343090452877099,0.08661351080968749,0.11566429848175443,-0.3136027596862077,-0.15456821802092818,0.1906638051951367,0.2790015422514094,0.24132760706126577,0.2222813238639913,0.21824215022880686,0.15432656624562183,0.15687157176991112,0.09474554167219261,0.10726410169421179,0.05794682545882089,0.14084946426297984,0.19037845043918983,0.07444795191041977,0.08200443417666957,0.053167977616117565,0.02285509625399624,0.03721381891876344,-0.021670831170757254,0.046389025311090265,0.20944555178064486,-0.014318699404526644,0.09259920612931716,-0.01633649676904765,0.02710028382444915,-0.0069388941246032515,-0.017535732769530268,-0.016352526235995382,0.213712918487755,-0.05389505004144485,0.10281925148671496,-0.032567088160556985,0.05198688818199087,-0.009850510696410955,0.018884728349578012,-0.051130219028605046,0.20912909582624908,-0.05110622523531222,0.12188836911332065,-0.020833820797590347,0.086082673336648,0.005101352652551071,0.06350844560413842,-0.408408588284405,-0.032266611265980176,-0.2646051150543249,-0.08177669476890274,-0.18656399178404623,-0.13202998097835786,-0.1191183461662179,-0.16669214063183482,-0.05322332464350313,-0.19011814802623989,-0.3291992293978351,-0.2321529551473554,-0.1821603242007516,-0.25855247906769335,-0.07472015040575859,-0.2523799245217264,0.006419801512566346,-0.23642213651110114,-0.35917271956197194,-0.22427180056472087,-0.1834102193656445,-0.26113796151638213,-0.07056085658272372,-0.24869778457959477,0.004746385651777729,-0.22953995040636013,-0.36121995468969254,-0.19568269178502584,-0.19568072590700397,-0.2284066973374328,-0.0843953955154486,-0.2192192924199445,-0.012260273894219879,-0.20737452448814647,-0.3396307830675369,-0.15545770221514096,-0.19448113705661998,-0.17489257396807603,-0.10794459793255887,-0.17578921597457364,-0.04684712529731976,-0.17405430341668995
-0.017567282820665102,-0.33752825537808023,0.07159720075225777,-0.3971311616271294,0.10920579142314028,-0.3934046368334214,0.14255705326783344,-0.3903746851323291,-0.07204648232546426,-0.4064918165827501,-0.12426494699737821,-0.4083255674457701,-0.16618131356083302,-0.4083406006715522,0.2100107337756618,-0.34963756919264194,-0.2256771711350176,-0.37181843802229275,0.06262246585446662,-0.25808825100353183,-0.11834347034534833,-0.2620135372387886,0.4999717944494018,0.005310814913464353,-0.4999717944494018,-0.005310814913464353,0.7118920505817908,0.5477352282419716,-0.8834725118693246,0.39742567160067305,0.1877416834739736,0.24204628568202138,-0.390349512046204,-0.03798144493851884,0.06066411073748077,0.15650884528789938,-0.28736465106114273,-0.15173362687822273,0.0688607500833814,0.10174673863482467,-0.2798338120973642,-0.1996930475236903,0.08374434986660668,0.11824837762521648,-0.29157718289238405,-0.15892435172044747,0.18337841580838007,0.27892470551407716,0.2378571108425154,0.2226277973133678,0.21785706869259924,0.15935527056149057,0.1589609258435751,0.10520518771777372,0.11420216977183975,0.06864266741540793,0.12328223814423847,0.18878487835970648,0.0695974790408379,0.0798639110733643,0.05147931425527106,0.021457104768254708,0.03378964685156093,-0.022560886580713507,0.03135244818046818,0.2050167264390823,-0.015524781996952494,0.08914173194598417,-0.01565392648689283,0.023162417400263723,-0.010827352963638348,-0.02381742211017986,-0.027155454045672833,0.20837680374258463,-0.056188447007986045,0.10029093719314569,-0.032533817581023944,0.05035378975720121,-0.011175841298211722,0.01672395921194144,-0.057966504309719266,0.2044447576004325,-0.05655903115763515,0.11879260057735568,-0.025699450815728324,0.0825405315215105,0.0003913683409988739,0.059597508412946205,-0.3883323356498156,-0.03751602030406981,-0.24077678525649462,-0.09162261777656455,-0.16115829916108335,-0.1440712219653175,-0.08966259790638806,-0.18000870311519862,-0.029217730119407554,-0.20651409626346084,-0.3121367839026198,-0.2442248926908352,-0.15800283515883023,-0.2668547404112942,-0.05164700030392796,-0.259632738387912,0.03175572202913343,-0.24422257212578158,-0.3409146156031681,-0.2329708584397299,-0.15582715407986666,-0.2645629301855171,-0.04443821541193813,-0.24694015559183072,0.03291095984930283,-0.22712818010539018,-0.3444551925101886,-0.20292297139592463,-0.173125856719109,-0.2320620040917748,-0.06101663483736478,-0.21959380984696483,0.015422677134593417,-0.20642762999168046,-0.32526603650531183,-0.16164930045818854,-0.18147857928839842,-0.17911104801598052,-0.09646982414996966,-0.1777236527963168,-0.03313444035337927,-0.17561859761028936
-0.016892000669013096,-0.3362463082729715,0.07218831736211831,-0.39521476167300407,0.10974805103981902,-0.391386776706861,0.14311271747026694,-0.3882615238719283,-0.07096033010565261,-0.4054173649304891,-0.12364583471571076,-0.40793751820126867,-0.16546956463728235,-0.408390205849146,0.21046423054110536,-0.3464139416875974,-0.22581781079659644,-0.3711927031448752,0.06304158100737384,-0.25740790930531393,-0.11797617207159916,-0.26150120016019957,0.49997612322801743,0.004886328057178493,-0.49997612322801743,-0.004886328057178493,0.7116964887170227,0.548275439282018,-0.8909261306403257,0.39078299103853786,0.18851853169995844,0.23899365924837834,-0.3930301571834151,-0.04235024840820188,0.06120788777329506,0.15280259814733624,-0.2934283634837576,-0.15872018282767092,0.06821742095723925,0.09774480408182436,-0.28397831933011164,-0.20378195848773203,0.08254009833075912,0.11435194202801041,-0.2936885148580904,-0.16223091248533283,0.18090440429641116,0.2809331130718967,0.2375420064940889,0.2235354726710402,0.22004738244921765,0.15859960761804429,0.1628509702481655,0.10374809519783663,0.12086057769400857,0.065828050855996,0.11892440058519267,0.184990620327597,0.07105978191308984,0.07759823290753717,0.05580292460446606,0.019790657007732117,0.04154311209296443,-0.024265482997857107,0.025530966819931753,0.19989171507303072,-0.016315402537479203,0.08612612432636893,-0.013166802784337165,0.022091187537087848,-0.006372142103046985,-0.023554058940386983,-0.03241770127822936,0.20371656690296386,-0.05893242233361863,0.0965442064999679,-0.032095695730978355,0.04859196108289751,-0.007707161335199689,0.01709656414284738,-0.06034283897262923,0.20089916996788257,-0.053547976153519056,0.11648025113473094,-0.020253956891159174,0.08263672020871642,0.00650939368282315,0.062272042326655334,-0.3901603054840453,-0.04607908477363771,-0.23759769546349735,-0.09889122872792232,-0.15796337882961206,-0.15519287786876945,-0.09967815126116034,-0.19534492801898776,-0.05179897866601792,-0.22570370399720963,-0.31410615284898996,-0.2554415125924089,-0.16299741909875143,-0.2774214737940448,-0.05622559478607425,-0.2662324379749874,0.0218996619526432,-0.24917473482803393,-0.34423115643838836,-0.24498613599102095,-0.1598731769529187,-0.2751000220003197,-0.048934988963427926,-0.25738506773165454,0.026400967997187448,-0.23967496477066932,-0.3475552118192855,-0.216883925566306,-0.16989011662273887,-0.24302721837745567,-0.05916154555258223,-0.22963033221950993,0.014361942645053777,-0.21720583004464702,-0.32577273926778405,-0.17690207546052297,-0.16994540131650732,-0.19212962278524756,-0.08410565574661538,-0.18946959014303189,-0.022705080096410698,-0.18722869027057448
-0.022300508250972524,-0.33340150567243554,0.06589635629192347,-0.393441072346485,0.1032956281199953,-0.3899680225734277,0.1364030812323657,-0.38715733523571655,-0.07626789925462699,-0.4020167586105285,-0.1287481200190055,-0.4040971463234301,-0.17031269641884472,-0.4043730216364955,0.20407466144688993,-0.3462339852567238,-0.23078283390256002,-0.36669968615374393,0.057161344737627295,-0.25583343958301114,-0.12229006111245835,-0.25880566646011305,0.49996416988058845,0.0059857193063223265,-0.49996416988058845,-0.0059857193063223265,0.7034546721457812,0.5452899503844979,-0.9016940825800492,0.39254178525336575,0.19012630094470429,0.24182157038963822,-0.41199668141885853,-0.03964552693095221,0.05735015980049152,0.15601921499418495,-0.31971472851160604,-0.1609082770910358,0.06534712185799489,0.10030256717145795,-0.30967421579504345,-0.2020220524959023,0.08098837647392049,0.11735449978370811,-0.3151767255508268,-0.15974579629355087,0.18088140820252424,0.2757481950354051,0.23635277760936632,0.21849828033225516,0.21547663544029913,0.1537789987525902,0.15888747280948584,0.09796935246606442,0.11724559898519048,0.05655111780471379,0.10942668268792527,0.17921780256601963,0.061882828433801745,0.07010041022360701,0.050355145477963235,0.012924169628141814,0.03994575898453641,-0.02975779740491623,0.0224734209791179,0.19564904088579452,-0.019601539847045643,0.08061356448345869,-0.013478033855722722,0.016382323543361225,-0.0014002106367627827,-0.028164443854701193,-0.030700463651604,0.2008011960393229,-0.0594868095710376,0.09427477713151236,-0.03652454277084747,0.04438069871270743,-0.01378893456424488,0.01137620818525714,-0.05658956522156567,0.19860778097269183,-0.05766518706422552,0.11377576993815217,-0.028483698321335144,0.07771833308774864,-0.003562324272396631,0.055721680207131696,-0.42990160318770476,-0.051678461281022256,-0.28536608810966124,-0.10444884933017558,-0.20922460235128026,-0.16200050580223116,-0.1565872705457871,-0.20273886533050728,-0.11245577550880025,-0.2325981156050222,-0.3647197448335601,-0.255102536072073,-0.2151834487248815,-0.2809432261040615,-0.10746002686256984,-0.27451908546840204,-0.025547201373506585,-0.2589594561275206,-0.39637092654689937,-0.24727516536900793,-0.2229460023168141,-0.2818381853465928,-0.10534572087878061,-0.2689229733626913,-0.021443593834540788,-0.25010094985993314,-0.39966059623224953,-0.22162097550305748,-0.23475650527619657,-0.2545707136881847,-0.12172120037935145,-0.24486928303281058,-0.04218748494145256,-0.23355587900492406,-0.37876261351486595,-0.18417389602314105,-0.23086184233771376,-0.1976047261131477,-0.14749646941407887,-0.1928328179252382,-0.08773126833777346,-0.1873859663409708
-0.02709282814248152,-0.33273382683364483,0.06003073876442441,-0.39227690947198923,0.09725089534790408,-0.3889177447255574,0.13001303804400205,-0.38646098848931576,-0.08079682038974564,-0.4002133306645862,-0.13288804204924284,-0.40182739953816904,-0.1740021572671655,-0.4018646503542714,0.19755605801178286,-0.34728211808220166,-0.2340238080308786,-0.36436446350711604,0.051838455397955445,-0.2557676486777821,-0.12495441716455705,-0.25868250007075705,0.49994500053632607,0.007415958382630587,-0.49994500053632607,-0.007415958382630587,0.6936380590369682,0.5392147010164833,-0.8990740128742866,0.39484172303536963,0.18854275866896664,0.23866253331701964,-0.42001154021415393,-0.04104046246490524,0.0509284569091492,0.15302959826304632,-0.3249040148801612,-0.15850616730707145,0.06001765603812573,0.09800375131891659,-0.31384731353125794,-0.1996547370331853,0.07679650218653855,0.11506372628054161,-0.32593725065333823,-0.15898783134477038,0.17986301891269704,0.2701988944666286,0.23437264744279698,0.21392010184201563,0.21645130977639213,0.15204110341644797,0.164143474121919,0.09817013163963116,0.12388612767435067,0.05835769775435783,0.10445748017568586,0.1691164580715844,0.06508306795106929,0.06179735622137548,0.057163724210358376,0.006643378454030375,0.0492512713712857,-0.034577895277773864,0.01932718146874524,0.18379977104499487,-0.01519853270604341,0.07058675119501878,-0.005743216976983063,0.00841603793343236,0.008488392400633867,-0.0342958676513045,-0.03173230243967017,0.18885509627583028,-0.05177394057971918,0.08559074076495655,-0.028361453120895233,0.03691590829593048,-0.006115225797308268,0.004241549694615291,-0.05514938383291961,0.18782036248055795,-0.051650603427208674,0.10501898879106264,-0.02332889782590792,0.06954382821229231,0.0009152915002095321,0.04744630454869574,-0.4838425612979972,-0.05173983561001688,-0.34907669861826446,-0.10820618060095756,-0.26973655491395865,-0.16598649070572877,-0.20188703962548574,-0.20404613887139736,-0.14053274840582106,-0.23048862568825262,-0.44185629761620876,-0.2576923074657841,-0.2827527690316138,-0.28061693906224866,-0.16831226987677403,-0.27382161123368814,-0.07999028529365267,-0.256657174197953,-0.4742473303052387,-0.24817257678662716,-0.28578586430197533,-0.2785616527475392,-0.15980779870565093,-0.26623562734324446,-0.06921271539516796,-0.24670241790232988,-0.4754492433663431,-0.2205319718979755,-0.30076199066094106,-0.25729643016007425,-0.17695395987182377,-0.2495284865191252,-0.08866642979689361,-0.23688657818900805,-0.4511225629568461,-0.18122606921718257,-0.30245155984812544,-0.20202620587813624,-0.21398766263851227,-0.19963875813083576,-0.14944178541080655,-0.19304106935071108
-0.034666563500224026,-0.3306482990421347,0.05005640109941072,-0.3895805071369077,0.08701053352181137,-0.3863198309331737,0.11989176425249583,-0.3841007307693944,-0.0895525845922509,-0.39709287556187234,-0.14120533677256117,-0.3982598127534014,-0.18182294354238882,-0.3981392008798662,0.1879534699445542,-0.3465520481024713,-0.24106622934872426,-0.3610676227692898,0.04395268832950788,-0.25439596865514974,-0.12933857298876994,-0.2572411819737531,0.4998597326382226,0.011842621620425707,-0.4998597326382226,-0.011842621620425707,0.6778007350433849,0.5340890657289701,-0.8978117328087134,0.3952484736467212,0.18325900648946802,0.23407865614708248,-0.5079962353521618,-0.039646775183997306,0.041473367306501745,0.1465484724531573,-0.44119823339167946,-0.15007520717037456,0.05397129035303367,0.08652343569292402,-0.426555318707437,-0.18951578453284004,0.071084027504204,0.10354850908695558,-0.42075377875277326,-0.15449124420041727,0.1767764398526528,0.2591682015381265,0.23201746947810398,0.20174646174637892,0.21467271030606408,0.1361283585487408,0.15680117430669474,0.08173883489838704,0.11040389404984181,0.043138187145798625,0.11534314321052767,0.1605216399905912,0.07053637638031786,0.0538112001057983,0.06214647989433313,-0.00018670599291294507,0.05412910490454196,-0.04088643569550037,0.028605792119258233,0.1753245459787765,-0.009015514924346438,0.062158155202845976,-0.0019701588398953695,0.0013357344485027867,0.011445562187696693,-0.040694683594670863,-0.026756344096190522,0.18074802361286774,-0.04914671646833409,0.07629368868324231,-0.02388085413008771,0.028906085011940155,0.0017692050128650613,-0.0025099934436754586,-0.0555229190657315,0.1792300356196137,-0.05230498636434956,0.09662772260773896,-0.022496241695098968,0.06173131383907997,0.003182214172796046,0.04000940235094269,-0.549604660252901,-0.04009944074710103,-0.4234727404301701,-0.09816243201742242,-0.35412952121388885,-0.1562789516089764,-0.28820291283029287,-0.19475631601913265,-0.22935332238474204,-0.22524302012846775,-0.54088360056698,-0.22912426866264693,-0.39939518703462873,-0.26314888808124975,-0.29586389408056496,-0.2616423775099236,-0.22182462831651792,-0.25160467943094883,-0.5654646763779606,-0.21760350957266417,-0.4101530933395777,-0.2626818757407362,-0.29778883583579624,-0.2588401055802572,-0.21908399805806766,-0.24563503482235868,-0.5576527076633615,-0.19008144333595786,-0.4184727400879004,-0.23650761503421544,-0.30971664763104867,-0.23942970729107713,-0.23213521199615716,-0.23481192488766428,-0.522115542132591,-0.1537653962067716,-0.40115984065603966,-0.1836060006162013,-0.3277575718089897,-0.1965303692533293,-0.27219319550370835,-0.20437370299164517
-0.024816880836126196,-0.32517177661704577,0.057126446985736136,-0.384045410747922,0.0926155683018684,-0.3809296649540789,0.12617428403528322,-0.37876162107588274,-0.08095202119622574,-0.39129726238131673,-0.13448130082675705,-0.3922406382377991,-0.17455162047877193,-0.391779421339127,0.19132021235733085,-0.34262772030515837,-0.23562938175405884,-0.3554300041663798,0.052795963442352725,-0.2487022901118897,-0.12108565862328749,-0.2518382897281857,0.4997184811194942,0.016776162482097127,-0.4997184811194942,-0.016776162482097127,0.6760016559386974,0.5366486225753381,-0.8881252969018745,0.4168930796659037,0.1890116698758087,0.23950164714432753,-0.575821432429969,-0.009238495985253236,0.05132284197724854,0.14982499696794546,-0.5045995540111111,-0.1200983830982362,0.06229451457511984,0.08980112269689344,-0.49887303151137624,-0.16136829929271496,0.07815974664446984,0.1106334572435219,-0.4887327488293376,-0.12754874185557447,0.18892239574577369,0.2610421772401214,0.2444750912310633,0.20498303787398336,0.2252618826463474,0.1376873531056631,0.16761753755492909,0.08351221250574856,0.12046300106215123,0.04531792773831306,0.1272150945424976,0.15685562966678213,0.08706592263025353,0.05252848517059033,0.07972961452362078,-0.0012599647317166173,0.07159042916383172,-0.04162917574420115,0.04507070328900354,0.17111756521798127,0.009313071346080943,0.05895976203606418,0.017656564681875233,-0.0005615028156717597,0.029727941183316602,-0.04198971344776766,-0.006467507610978146,0.176886070155519,-0.03146190435214643,0.07227959988462514,-0.00466029639492796,0.023252862968800244,0.02090759814414146,-0.00953660078951112,-0.032699058953721945,0.17672512109068714,-0.04138303280968281,0.09321654640741797,-0.01121230963890731,0.05730789567183703,0.016887509345824718,0.036161528557662505,,,,,,,,,,,,,,,,,,,,,,,,,,,,,,,,,,,,,,,,,,
-0.012456436857080783,-0.321678288155542,0.06691203520028319,-0.37920249286880053,0.10139068780844646,-0.3763700224386362,0.13560311915213527,-0.37402462470710157,-0.06948350818438934,-0.38559905851954357,-0.1226241553473587,-0.38605362745913857,-0.1617740624682192,-0.38500373669484306,0.1970319346568119,-0.3390961432908691,-0.22413039595392095,-0.3498788784011095,0.06451556013312264,-0.24618743716111202,-0.10781453339980787,-0.2512206829425823,0.4996419312696144,0.018919315980497238,-0.4996419312696144,-0.018919315980497238,0.6692945276520638,0.5309137881631352,-0.8594914828606769,0.43105527531739907,0.1969789225736244,0.24211556744299464,-0.6105764869559276,0.009525826356854917,0.06052088684271259,0.15238836020351226,-0.5529841791285012,-0.09288877822987276,0.06954928960148332,0.09284302145004121,-0.5489006041876362,-0.1334265765140382,0.09060301909192406,0.11520986411053151,-0.5324422871054785,-0.10145535674569252,0.2020665347615753,0.2621403981801831,0.2615814979783294,0.20672661610710438,0.2461958049443159,0.1387932760377481,0.19105221036821293,0.08374448409216294,0.1440984989576886,0.0471462187929023,0.1391618938169196,0.15702720769455292,0.10195157112655072,0.05248418731532266,0.09564584187382422,-0.0011422749603613538,0.08800562049049264,-0.04128586842885329,0.05927964954457603,0.16998769466011632,0.030505406646997812,0.059180929050246016,0.041313003263404556,-0.0009080737680311677,0.05349707603250284,-0.04379068935946275,0.00968375012656951,0.1746883573357497,-0.005675727077984516,0.07310327576605273,0.02041589158807433,0.026918529773881414,0.042338225996289856,-0.00412923498331846,-0.01471438399883166,0.1740380886803001,-0.019274100314603373,0.0940475952818857,0.008101126621190806,0.060139983416525024,0.03226012594797974,0.0402774779997538,,,,,,,,,,,,,,,,,,,,,,,,,,,,,,,,,,,,,,,,,,
-0.0043013972774422204,-0.3170767311203527,0.0724658906983596,-0.3739010288587498,0.10633331226423082,-0.37133809818582036,0.14193641735255402,-0.36911623901785573,-0.06283920985015214,-0.38006613143343954,-0.11530049863238244,-0.3805018277284706,-0.15439963463076883,-0.37945750017725294,0.2008177966072488,-0.3348054436891996,-0.2193051389585232,-0.3450791431323629,0.07208000197538163,-0.24173284566611491,-0.0986084361469993,-0.24761282628209594,0.4995517137067933,0.021168026185878555,-0.4995517137067933,-0.021168026185878555,0.6658280070793827,0.529431554489661,-0.8445232283380819,0.43905854606552436,0.20763922670654583,0.24710448194844403,-0.6119333350675084,0.021259579988843237,0.06504129953865058,0.16029794520101218,-0.5563286990501574,-0.07911448180484806,0.07148576597123353,0.10134756470487966,-0.5505110978596764,-0.11927003736616443,0.0976020160928163,0.12345713634242118,-0.5327859361196656,-0.08727505421711065,0.20315692909515348,0.26117161820878537,0.2588298945755137,0.2066032484015105,0.24322582523919825,0.1394732937604246,0.19125973312709138,0.0827325844521975,0.14813309351338141,0.04598860765565196,0.14728694059856004,0.15904872522911362,0.10682889280774194,0.055308573667093054,0.09730864085627224,0.0005213000604865161,0.08970506872955157,-0.04063280615056516,0.06485752015429276,0.17246289285698985,0.029558634725715925,0.06394889184562444,0.040710540511572905,0.003930383648237347,0.05700759728102039,-0.038223904674447334,0.012754577179473479,0.1778296347536259,-0.004075775693825909,0.07478966825075659,0.02587191471031644,0.032927603544452885,0.05103999756429855,0.00704158148713874,-0.012964076080806701,0.17700584246363762,-0.01671259971162469,0.09587813667703586,0.012989795597782103,0.0649994573393921,0.038516800069256764,0.04838714455030209,-0.6577179140176017,0.058696448250173866,-0.5906789373693989,0.020412755295593416,-0.5486067979516804,-0.03648255901952689,-0.4993737883915978,-0.08391817741008602,-0.444277208802858,-0.119770032453634,-0.7105914348340404,-0.09410070692367231,-0.5962819533361597,-0.139904863416538,-0.5071550938968201,-0.15091012956829641,-0.438676879949811,-0.14806985037275905,-0.7281848320337256,-0.09532200010661625,-0.6040329328437544,-0.14124122264744277,-0.5133201005031629,-0.15010629869446815,-0.4373731499568601,-0.14846840691753088,-0.7125545153545267,-0.0913514057210181,-0.5931557844351384,-0.1375388597914948,-0.5121694400235544,-0.1483420166046331,-0.44623467517504933,-0.14984488091744952,-0.6732549494635913,-0.08345465029444722,-0.5811810460427623,-0.12657802698436182,-0.5197025713836335,-0.13875698601899028,-0.468910939901172,-0.1427457184221569
0.010623090578171568,-0.32119800405280535,0.08608187128245487,-0.3761538740822577,0.11911774113632789,-0.3735586267556782,0.15418961090443983,-0.3711595215453788,-0.04603625135754856,-0.38274756794371,-0.09704056624209438,-0.3830262128037677,-0.13488611299959966,-0.38185551285308034,0.21085128342614237,-0.3366682473572064,-0.19813765722174337,-0.34853391315776305,0.08502835319496338,-0.2478290131872351,-0.0812530835737668,-0.2554688604844745,0.49993586355691505,0.00800826632933973,-0.49993586355691505,-0.00800826632933973,0.6617184303686281,0.5067600057603087,-0.7593388930148672,0.4704753922703866,0.22767606330352383,0.2339311696334507,-0.667641894313257,0.1047290761746466,0.08088037626345879,0.15233353222804347,-0.6248045586634535,0.026692947044128716,0.08753196188071431,0.09352641547436773,-0.6130028441422544,-0.014404792616679618,0.1163011813648581,0.11469876366678793,-0.6061650913167235,0.008386846716323441,0.22908578815256783,0.24729875826451575,0.28725702782680107,0.19451965554264022,0.2729850786111192,0.12873196765443107,0.22108982731721524,0.07417406848733611,0.1809590943922311,0.03674970522857311,0.1729895157901995,0.14480713785642813,0.1457802973392459,0.0423831044418306,0.1424288214730919,-0.010329063850629924,0.13820775736517873,-0.050128201002035876,0.0906191492964623,0.15613937913732934,0.0662376774296941,0.04882316607532202,0.08483761803816244,-0.008672390110889092,0.10533540142383203,-0.04787601593206802,0.04122750668830928,0.16005159399085273,0.03271695246803918,0.060283589585256134,0.06839207111183977,0.021174585554963307,0.09846781709772616,-0.0023895031960518252,0.01887895836228321,0.159213888165333,0.02637673313803447,0.08132365371731437,0.061073658233295275,0.05268802342168269,0.0886828984622708,0.037297952275076734,,,,,,,,,,,,,,,,,,,,,,,,,,,,,,,,,,,,,,,,,,
0.012269747293511775,-0.3269512431523906,0.08751051525918245,-0.3818139031902049,0.12057143021000168,-0.37939767997711116,0.15584213124823926,-0.3770908888432164,-0.04400950173562855,-0.38816254034759956,-0.09467970753246918,-0.38833308746085965,-0.13214823132065337,-0.3870471677912213,0.2120826153544091,-0.34287481628349664,-0.1949068795679261,-0.3547266814169485,0.08628478323310354,-0.2542702584494747,-0.07913961037381048,-0.26258932220580244,0.49999897216126715,-0.0010138232964435748,-0.49999897216126715,0.0010138232964435748,0.6608568949378774,0.4989670647500407,-0.7318049113798168,0.4944065292189476,0.22932725625516742,0.22074453537921027,-0.6715134464537056,0.18741569731245383,0.08994306054510588,0.1447551778005783,-0.6249876560698513,0.11034166380304948,0.09548700096418719,0.08446079159438671,-0.6131615260228213,0.06182986665983378,0.12161316796054601,0.10421198354310304,-0.6084157906085415,0.08149555320429462,0.23797331790238974,0.2377169871677236,0.29189922079445063,0.18372032438038402,0.27661322863325405,0.11749360661300484,0.2278495522297803,0.0615911563446997,0.19432271629091383,0.02334334631794843,0.18487835689983984,0.14029990109142668,0.1544752503878037,0.035457755702427735,0.15069066248947163,-0.017190295817359487,0.14591552879628836,-0.05567078812098388,0.10061231731080726,0.15099456835687428,0.0778451587115566,0.04283245771088817,0.09769215009909712,-0.014537309809185198,0.11907768232893538,-0.05235073012494656,0.04839967563156181,0.15356779878190352,0.03990895189337196,0.05411351399055207,0.07459734443560065,0.012073882419555607,0.1041911172568151,-0.014211332047842426,0.023023953029167633,0.15044731522182914,0.038374398830231464,0.07383827530997034,0.07372040397720599,0.045177642811552746,0.10093291620724025,0.029533214221454322,,,,,,,,,,,,,,,,,,,,,,,,,,,,,,,,,,,,,,,,,,
0.012390987520848926,-0.3323051462377537,0.08781999815660449,-0.3868178556137054,0.1207833090611812,-0.38456105680067815,0.15644951508682137,-0.3823291852636919,-0.04354202059072192,-0.3931033285006573,-0.09440394969087351,-0.3932415868495543,-0.1317544611786794,-0.3919200705535626,0.21200462940026768,-0.34821504967080996,-0.1935962530429755,-0.3597931670599403,0.08640266474750323,-0.26025484716978114,-0.07885850342015757,-0.2692498871624618,0.499941911612065,-0.007621352483264679,-0.499941911612065,0.007621352483264679,0.6604956239325638,0.49484868531821524,-0.7076900927952521,0.5000639533315673,0.22939386009994,0.21482715691303755,-0.6517001874811191,0.2816826672539223,0.09268943496480672,0.14111358766788562,-0.6063435260611245,0.21145947265324297,0.09860831936098358,0.07938364421318646,-0.6054260818364231,0.14870964220929447,0.12373019495479541,0.09945019409270538,-0.5994830114958347,0.1685025480510837,0.23508413635487768,0.23195766287402333,0.29081429759933364,0.1801318173226477,0.28025310187293473,0.11498785638131183,0.23331809908056245,0.05761814757181971,0.2019354925429324,0.01869360370173243,0.19257432739174513,0.1379491209410207,0.16258801897823,0.03412988889000828,0.1584411951758579,-0.018645602478723967,0.15421402955814148,-0.05765827214626501,0.10345264356023735,0.14747263771906285,0.08092107334626256,0.03973778466762064,0.10290850614420319,-0.018368159116393192,0.12807041364600663,-0.05623454475185953,0.04872652334145074,0.1488889517971736,0.04053777416227714,0.049727043041880054,0.07769794875421548,0.009430108992728394,0.11084946522622499,-0.01489001644380694,0.022478657668921063,0.14548086496357265,0.039176318624747505,0.06985002679169271,0.07622835146523628,0.04234792066854612,0.10580220149340261,0.02757234729503928,,,,,,,,,,,,,,,,,,,,,,,,,,,,,,,,,,,,,,,,,,
0.01307710127040347,-0.33424502126756583,0.08815531393273075,-0.3884663613222519,0.12097380980088072,-0.38632233167173086,0.1567574196096952,-0.38417441807705105,-0.042671183687858286,-0.39448194350021365,-0.09353300452003932,-0.39454417908161543,-0.13078992381309362,-0.3931154424803409,0.21188575310032298,-0.3501115804803088,-0.19225444982450643,-0.36096369035945236,0.08724554625096126,-0.26296863508754265,-0.07772063557579777,-0.2717321077578586,0.4998909395595461,-0.010442631194972449,-0.4998909395595461,0.010442631194972449,0.6593261074795848,0.49213548911073135,-0.6848161093318056,0.4950695314981254,0.22951756493324263,0.21133945785941496,-0.6379416657903725,0.3644876298846801,0.09432634635190561,0.1380187299289467,-0.5871863759979759,0.32371250450777533,0.09890283474416936,0.07528332190385653,-0.5971725975168583,0.24155099492325877,0.12382989588051592,0.09552357213885711,-0.5926628297367511,0.24880250361746867,0.23429980989106208,0.22985079809458198,0.291252487437997,0.17939161280686367,0.28157980193507703,0.11684254162653518,0.23749796048125485,0.06054671301674291,0.20763523859281605,0.020805641534689404,0.18858652694082015,0.1372914151477801,0.16150961023771437,0.03299308840557433,0.15858805195654505,-0.019497214727476897,0.15586540710122307,-0.05748884679057173,0.10305874746895113,0.14680291696810963,0.08163333941634963,0.037301492176019635,0.10553947808809613,-0.020748769495221194,0.1326623547970811,-0.0577025561941669,0.050565762564933114,0.14819188937918687,0.04414449317209814,0.048223050675717055,0.08099628009944476,0.008209178353937994,0.11380645323011158,-0.015578592495825896,0.025409548723217094,0.1451049860466856,0.03831783713500395,0.06874941813041623,0.07433818258778363,0.040804902282122246,0.10412572241429129,0.02608318184761737,,,,,,,,,,,,,,,,,,,,,,,,,,,,,,,,,,,,,,,,,,
0.01121323812560192,-0.33529800292637185,0.08609935055923536,-0.3892074184693197,0.11884298359697537,-0.3870583912826092,0.1546767367604365,-0.38480661220586065,-0.04433651818254879,-0.39475804974284506,-0.09502640524993418,-0.39460530546106504,-0.13215193598968103,-0.392981475098301,0.20965480885453372,-0.3504826846151394,-0.1931398868083801,-0.36060042525601826,0.08558254729183594,-0.26480153609309637,-0.07923462038322217,-0.27296883556095586,0.4998940326693239,-0.010293498025499595,-0.4998940326693239,0.010293498025499595,0.6554397331245971,0.49082276560871985,-0.6753742454501664,0.48932114911875685,0.22746667374254054,0.210899407264074,-0.6295432130178099,0.38496101675157307,0.09282775461902217,0.13776026143485695,-0.5859879412523364,0.3529795370956859,0.09832867021146087,0.07432120763063722,-0.5830343317166119,0.2748371859062071,0.12247499542285203,0.09413073897685154,-0.5779023636647047,0.2767729614144904,0.22975802244301105,0.232299932641945,0.2862248901000378,0.183258410948769,0.2760428603502213,0.12248943049537533,0.2341922184588882,0.06585570631314323,0.20549953717929834,0.02470984646111038,0.17771096184778076,0.13851623494540588,0.15411040228572073,0.0346992855947695,0.15145176630865115,-0.01759690682720467,0.1487284722751034,-0.0547628373226397,0.09519372295956519,0.1488234301483477,0.07567630582856666,0.040076327050474765,0.09845835527195768,-0.018790636594594155,0.12481080230195661,-0.056795553797197695,0.04485073881716449,0.15131733104856998,0.04064842633051134,0.05181125699838815,0.07548611337142269,0.013120743028592053,0.10660102749148664,-0.009777617126951504,0.021832286237177947,0.1497791887520944,0.032594209283824775,0.07346174433496923,0.0663761529375054,0.04532617384158182,0.09548002625101759,0.030094266867626278,,,,,,,,,,,,,,,,,,,,,,,,,,,,,,,,,,,,,,,,,,
0.0064706086659783125,-0.33383562939406186,0.08090500415461285,-0.38756317948640073,0.11348942526072872,-0.3855718283956975,0.149103557897484,-0.3834178899919308,-0.04867158844774146,-0.39239353405940647,-0.09898553775363882,-0.39206011556951875,-0.13582956326504325,-0.3903508878164128,0.20370330877573253,-0.34888040596235703,-0.1958870267485067,-0.35815347031463096,0.08054163295972694,-0.2638337762527236,-0.08333822634290362,-0.2715633145134869,0.4998996546009159,-0.010016752461998816,-0.4998996546009159,0.010016752461998816,0.6462678069040269,0.4872618114553627,-0.6773517074079184,0.48066781962842864,0.2216502001833447,0.20992980747590018,-0.6380215157831807,0.42119457129015864,0.08884833328224374,0.13637210109900072,-0.5858134471797163,0.40238665411195723,0.09449015884478677,0.07295370595867971,-0.5855663144638599,0.32032210472012207,0.11775397598427387,0.09197687957952845,-0.5829487961212685,0.3170507563828003,0.22029948890535436,0.2341221584703302,0.2763486026312661,0.1854922473338247,0.26552917263440834,0.1248209823941146,0.2221184516449673,0.06927749231220849,0.1903931327412298,0.029318660276454276,0.1629946515316758,0.14029443987797974,0.14037733650802053,0.03809846678036401,0.13701191652533753,-0.014173216971789136,0.13347484097945408,-0.051459296777753544,0.0819110303289088,0.14984513924202555,0.06380713911589345,0.04243162477009759,0.08703733961093306,-0.015643922266744582,0.11444058394177116,-0.05319371411457351,0.03368937364554335,0.15174480024800968,0.03265357796322171,0.05347684503551941,0.06781640485830749,0.01619213920684849,0.099009994549463,-0.005754858094554429,0.012667704252065185,0.14905024757849647,0.02593070706615799,0.07269274187140218,0.05951593323285453,0.04454965656726094,0.08768384172676488,0.029150027463299505,-0.6532203152060765,0.4143904525358063,-0.6048796720890944,0.3659742406676822,-0.5592835028166226,0.3382183421648474,-0.5041275659299679,0.3273259081744621,-0.46223417386497484,0.3193634349632085,-0.7247566261887882,0.3057676548486316,-0.5989920419887454,0.30750894207191903,-0.5025619646032752,0.3154218605021206,-0.43535688804208605,0.32397010603283355,-0.7484757336040959,0.33313142023190334,-0.6111979524724674,0.3247140689380172,-0.5048206916752923,0.3261376010125627,-0.425641311402821,0.3305991800799948,-0.7452988233060803,0.3621633772464486,-0.6160839073266166,0.3489276707812532,-0.5118924612064171,0.34427382649121824,-0.4326548242967017,0.34241712517527734,-0.717841993860796,0.3909056998475255,-0.6012903854060583,0.38295934796984893,-0.5216484327781109,0.37381580387710833,-0.4581631707428398,0.3648746924389425
0.00394109690236876,-0.3330376651752141,0.0781312670043297,-0.38666381050448295,0.11058883953590262,-0.3848026597143843,0.1461338926295617,-0.3827308745445332,-0.05098168084251927,-0.39098673920997445,-0.10108895545792321,-0.3905259879022302,-0.1377444438228488,-0.388753923600884,0.2004476543474511,-0.347951217547689,-0.19741123666530494,-0.3566743987482954,0.07795820031481877,-0.2632366231552383,-0.08553164606334768,-0.2706351785399727,0.49989843669099077,-0.010077350539872246,-0.49989843669099077,0.010077350539872246,0.6410893057667897,0.48490560007903766,-0.675875710358483,0.4746129647899898,0.21835577107726414,0.2090930102480061,-0.6374994941232938,0.4215037399363992,0.08619965795341983,0.13620631134022773,-0.5814597158797183,0.4008914789789067,0.09239030267643084,0.07324158592336133,-0.5844727905310348,0.32135712257265436,0.11520802412876026,0.09216266253398406,-0.5830212369850263,0.31939512259467423,0.21340303645794131,0.23516653739879528,0.267399296483061,0.18597420017145905,0.25349450954054353,0.12423534860800926,0.20677124492573443,0.06724662145097754,0.17677235006327227,0.026737344590009135,0.1504349372436503,0.14050097309432386,0.12745627653579575,0.0390570850289606,0.12627234719090127,-0.012310530883819433,0.12455836691548683,-0.0495106595735336,0.07066286489453448,0.15065482677039194,0.0516357416243221,0.04451096534140881,0.07591057882922496,-0.013239875298727348,0.10404677277844744,-0.05086282287108751,0.024766636567324942,0.15322556922422817,0.023138916085523414,0.056268922917306154,0.05990756343974462,0.019415474708898883,0.09182678732280732,-0.002033214458753598,0.005681429271180814,0.15106615650505142,0.01838842694424864,0.07613976909481278,0.05273058448046411,0.04891969792194233,0.0810470486326176,0.034384831514451035,-0.6109646229706182,0.40716874823038735,-0.5919314359834129,0.35630829613586845,-0.5830077417953279,0.3206395067420691,-0.5743506687875009,0.30816721594929686,-0.5505804422568622,0.3085214646788806,-0.7071396424796015,0.29080620150455516,-0.6022375664621592,0.2965237851184078,-0.521885200956011,0.3036968431779786,-0.4593202249421034,0.30636004591799193,-0.7261204444230112,0.32309645192061043,-0.6034935309412547,0.3182084577383544,-0.5104704588802818,0.3169521285244022,-0.4327731807635849,0.3173345530216671,-0.7238997106560494,0.3600247619583583,-0.5946027540739881,0.3521847862132855,-0.5035518945669832,0.3490064866718775,-0.4344773131978681,0.34659531571785374,-0.7006703403260608,0.3953407615620008,-0.5965353473041456,0.38402960418557847,-0.52647037402348,0.37629102473067216,-0.4672003215214148,0.36984524797538954
0.004165489307674006,-0.33443871869744385,0.07830730408552851,-0.38823830740208704,0.11063186232617063,-0.38639329295547253,0.14615233549072798,-0.3843165913236896,-0.05090719311484131,-0.3923860553091645,-0.10118431566608004,-0.3918409519160282,-0.13784288371620662,-0.39002229872788363,0.20047084876089202,-0.349342954645386,-0.19729518366182225,-0.3578575499157513,0.07834579699582027,-0.2644808643512777,-0.08530161183022397,-0.27176040273692653,0.49987308335066966,-0.011265014047681167,-0.49987308335066966,0.011265014047681167,0.6410787606149118,0.4841256063856845,-0.6703205566691195,0.4787085045932514,0.21854244920402593,0.20844294027779714,-0.5984741781175494,0.37952376791522996,0.08699830999215984,0.1347216286194805,-0.5242349908711251,0.3492152530472617,0.0930925039009334,0.0725392509368217,-0.5537110737501774,0.27310838432055584,0.11530035910731355,0.09164678498702541,-0.5558108528850499,0.27674158600261956,0.2114194364915066,0.23708713846049675,0.26265295279726913,0.1882801349499505,0.24947341814742294,0.12777821908318032,0.20437231501444403,0.07224498996857241,0.1714787549387309,0.03286993528006014,0.13963025001281074,0.1424573353567148,0.12054004689378105,0.04230316111807537,0.11939547571287834,-0.009460590466184728,0.11733628744312391,-0.0469676444204201,0.06473554309858623,0.15256336618599065,0.04604842095249318,0.04750599787194128,0.06823319865578373,-0.010158662130788521,0.09415306567335575,-0.04796006826870042,0.021920663433741317,0.15519255966051565,0.018467794651314554,0.059851276224326844,0.05257506720177198,0.022551828582470696,0.08218815565252616,0.0005452858239907855,0.004528161846347033,0.1528954815565411,0.009654286425911129,0.0778800966320891,0.04117779078460493,0.049012147006390235,0.06786715114630312,0.033190466291352146,,,,,,,,,,,,,,,,,,,,,,,,,,,,,,,,,,,,,,,,,,
0.005055824447427854,-0.3355337753599601,0.07945672882104182,-0.38953674996211707,0.11176684550647309,-0.38768382234847487,0.14738491250580818,-0.3855995759317874,-0.05018411145370103,-0.393672876449137,-0.10061718776933573,-0.3931008881361524,-0.13734110493579813,-0.39127657822423084,0.20182282131590432,-0.35048931313486864,-0.19681316919872857,-0.3590892525081631,0.07957503970291556,-0.26532687288930584,-0.0843954309812361,-0.27260354070668186,0.499856344348668,-0.01198478261738052,-0.499856344348668,0.01198478261738052,0.6428755487411928,0.48564742686848966,-0.6678037155532375,0.4886324451616995,0.21916331995145907,0.20881468357142818,-0.5599996902922143,0.3440746507226747,0.08681376392216358,0.13505315168385978,-0.47496159533208293,0.2872537010894279,0.09434616244788643,0.07289806359667542,-0.5073677138922958,0.2165741036734203,0.11688264826805021,0.0920315115317231,-0.509633540997856,0.22987804348065724,0.20145271123103192,0.2361623262038621,0.25370497735859987,0.18649598486148325,0.24350025236038444,0.12528253802037118,0.19383948826977865,0.07065180258749937,0.15539503464651575,0.033819266156998325,0.1371048488934784,0.14362621053221541,0.11792678294424651,0.04260215767451948,0.11625360741233827,-0.00735730939219256,0.1128440779718798,-0.043917474789384604,0.05712074977363622,0.15362832585946312,0.03876711135288609,0.04971964524047186,0.06046746655888043,-0.007934874956950173,0.08617356856290558,-0.046478439087130494,0.01144104628468881,0.15597031445235,0.013761914465123709,0.061920843512717226,0.05037465231755331,0.030184360886695384,0.08093287193375541,0.013045649048895889,-0.006732748623970421,0.15293235798247484,0.005046681411734367,0.07995959578418364,0.03941681546926532,0.05384525723644428,0.06729137124871493,0.040892501430194225,,,,,,,,,,,,,,,,,,,,,,,,,,,,,,,,,,,,,,,,,,
0.002258723834896835,-0.3375144422796051,0.07789878289563368,-0.3919810201339008,0.11074340395176681,-0.39017588285486104,0.14644067971113506,-0.3881255113867547,-0.05363082010631461,-0.3958964791090162,-0.10391285363046203,-0.3952785589405458,-0.14052936621869339,-0.39350362699910046,0.2016634960786169,-0.3528579249725553,-0.1999037588954126,-0.3615647977130232,0.07803111542649686,-0.2667555841920089,-0.0869450973262628,-0.274342188847612,0.49985832432362526,-0.011901915996068563,-0.49985832432362526,0.011901915996068563,0.6458348271928565,0.49245981235715786,-0.6751271900405578,0.4919428222191857,0.21916141131126382,0.2108654877141341,-0.5277614258208728,0.23987578059521478,0.08627302856478784,0.13747683137750522,-0.42686767856346863,0.18181817487661156,0.09390282316957319,0.0777523146351341,-0.43399521734130353,0.11410922708105278,0.11640810191348362,0.09658561889356185,-0.44484620860375296,0.12908978527565101,0.19196739853193304,0.23931633722361154,0.24910503070612205,0.19170020101049984,0.23992573911852255,0.13229919448449778,0.18922792175523298,0.0778074762120214,0.14779761766678504,0.04041557050627576,0.13059263895513726,0.14842396401937094,0.1095979033592775,0.04803965556554022,0.10813846985258317,-0.001720783348440822,0.10409058625716067,-0.038758513053003575,0.04869712815015936,0.15744762444680427,0.03169382532062041,0.053678384304081374,0.05232186075092888,-0.003774930483746451,0.07550823302181503,-0.043275776543909475,0.002685558407305227,0.15920883506111075,0.004064689918931565,0.0646486313963623,0.0399374881583452,0.03241981245149021,0.07017376780587092,0.014043824371396889,-0.015566108923542933,0.15631317458758118,-0.0014231963105254567,0.08393814675979785,0.03183472216976492,0.056823791349427874,0.058163002087129934,0.041812659459459736,,,,,,,,,,,,,,,,,,,,,,,,,,,,,,,,,,,,,,,,,,
-0.009747691257880456,-0.343041531755524,0.0697241127276671,-0.39874032032447554,0.10373163658996798,-0.3969787379595952,0.1396982456099749,-0.39493834467207917,-0.06568130745894765,-0.402536106430658,-0.1159802796422814,-0.40183781308052496,-0.15293158919631958,-0.4000877657790433,0.19676942538035633,-0.3589179991372151,-0.21224150907607192,-0.36783525961139585,0.06919012369521242,-0.2710001842187732,-0.09785241171578182,-0.2784670276968275,0.49989738703246633,-0.010129286160068385,-0.49989738703246633,0.010129286160068385,0.6499445539121003,0.503523241960776,-0.7048541284482766,0.5009468902397372,0.21478044217681752,0.21781397628865654,-0.5038269048492706,0.17312113869807094,0.08010407550939888,0.14223839786376263,-0.4022463231306431,0.10283509019898332,0.08712039504788306,0.08331147960124684,-0.396915623344414,0.044153878164959144,0.1100178710182204,0.10337301803357411,-0.4048135780943675,0.05933449050260149,0.18309427948774293,0.24737975049445043,0.2401009379278945,0.19764121358648534,0.22727544792464524,0.1345328817324598,0.17495840233256682,0.07912218840546484,0.12476830989399594,0.044909846832085445,0.11631301464178073,0.15294678171884465,0.09248110475514931,0.0526544696417398,0.09249854802175216,0.0029760463568522374,0.08811663064531298,-0.034611098399160434,0.037404834485712024,0.16329232687238696,0.019356961754977087,0.05660874564339968,0.037922411842599514,-0.0007329923213322332,0.057224230367670846,-0.04076163171572302,-0.008624757525071839,0.1663418975357802,-0.011675734903513693,0.06662952718271814,0.02505115670976861,0.03223768876913534,0.055748023595653104,0.012506353249219884,-0.02783448310496044,0.1640650823390934,-0.020277140958778504,0.08754606702159429,0.011556070343378083,0.059464283411087136,0.03756998283241956,0.04410717522534509,-0.534059649550115,0.17847218896200337,-0.4369616122244044,0.13981359624396142,-0.3789535602316446,0.09815307361217271,-0.3225640745738226,0.06931138253240313,-0.2600264939055222,0.047958573466449515,-0.4540811468040559,0.04263969008662877,-0.41939736812738365,-0.012625361342332808,-0.3754013233908792,-0.04459961927336397,-0.33151697182923495,-0.06578521681053875,-0.49135309360817536,0.04929945425079039,-0.4549994503877925,-0.008314342404343884,-0.40876841678204684,-0.038875039273522344,-0.3633055433738488,-0.058226467949308205,-0.5218395159227869,0.06681577625515492,-0.49671633540252913,0.016538186140560133,-0.45953695044860865,-0.01413645464755623,-0.41984648535190516,-0.03572737368073894,-0.5464887272526643,0.0907309636726644,-0.5343161405939794,0.05473818975275322,-0.5067010112555997,0.031111472701213283,-0.4758046721758215,0.012802513657455196
-0.01957797067280844,-0.34549101406583316,0.06164547583448926,-0.40323578867530585,0.09664371779806796,-0.4016450159076793,0.13244875449604093,-0.3996962405067575,-0.0764761406550644,-0.4061304547670782,-0.12728330156811873,-0.40543344750689453,-0.16464311983565091,-0.4040003868326557,0.19186306245246507,-0.36340470209697845,-0.22453734225542848,-0.3723613551778134,0.061508575627517145,-0.2722526492262914,-0.10809359668454013,-0.2782714849646207,0.4999261422830711,-0.008593733878042345,-0.4999261422830711,0.008593733878042345,0.6536371982410482,0.5144589966464289,-0.7394764442999486,0.4950709105703203,0.20910007777299783,0.22211509643855257,-0.48428486403334653,0.11084730520616307,0.07351455193770799,0.1445088130707016,-0.385478810330175,0.02473249258699403,0.07980842916577696,0.08561671162204419,-0.37778967750594317,-0.01757893170217198,0.10292212931237857,0.10627012220527168,-0.38343046246351264,0.002568119956522655,0.16966327142813967,0.25719820889306444,0.22481629790729218,0.2056969047408928,0.21033294337469793,0.14082539557725302,0.1568418128529866,0.08464303992684988,0.10713710911574399,0.04984508850317878,0.10199008139001539,0.16023706209347469,0.0756901578070857,0.05892327154459631,0.07598085594532147,0.00833559011259422,0.07105674452592473,-0.030804217247682154,0.02208809420273726,0.17114936422579063,0.0030054082396717423,0.06401903329323703,0.022878945886528775,0.006451159718296692,0.043286527994893506,-0.034025859077864255,-0.02589800595995018,0.17430589731039745,-0.029422565751584532,0.07462507610618999,0.010292623440924036,0.044051937624878836,0.04324939118839967,0.02798372930152854,-0.04669289918385597,0.17131538198027077,-0.03737814800235691,0.09370747566714888,-0.0012618876818392393,0.06908529562489422,0.02710815032785714,0.05723922715757527,-0.5225476126757339,0.15013670993347245,-0.41361180286294547,0.09523103940708474,-0.34424521263565,0.04670841263129877,-0.27225699299157535,0.0169981082299137,-0.18980659985944803,-0.005779260376128091,-0.4605985506082102,0.011389686710394123,-0.3985107744537057,-0.047801800407067024,-0.34116934947774574,-0.08983293250120504,-0.28660497479509955,-0.12256964796341517,-0.5035674586668442,0.019892487919579465,-0.44509780032547513,-0.047014385548555145,-0.3805109748558318,-0.09461527487781685,-0.3186122240917072,-0.1308901064980421,-0.5219984843699433,0.03564049868771045,-0.46831489163257245,-0.028164449030816004,-0.40804328670361717,-0.07355297755368169,-0.3522209385012558,-0.10952240906086386,-0.5161222768807189,0.055987459016837174,-0.47863586888205345,0.005574769271989821,-0.4366004407563159,-0.03153645196698212,-0.3935361607961721,-0.061431103857672045
-0.02381956995277801,-0.3369514628412472,0.057326710639358756,-0.39743577733586405,0.09313188978239437,-0.39576980760357533,0.1288025800820675,-0.39451941704916793,-0.0816658266635825,-0.39890275356868155,-0.1321325007720127,-0.3987985463448038,-0.1697344854699363,-0.39841574822166625,0.18954270216223656,-0.3605133506320287,-0.22995068746695632,-0.3676558714132937,0.058074426310319054,-0.2662296537897718,-0.11225180045719968,-0.2688622320424393,0.4999694851094629,-0.005523944186773038,-0.4999694851094629,0.005523944186773038,0.6543490265278035,0.5208507766509654,-0.7697015686881177,0.48011440400605526,0.2019706633272851,0.22563142300898745,-0.45589155978744045,0.09397020998149558,0.07049921511523108,0.14361437762544438,-0.355699486389142,0.0037066624891858063,0.07641585903405257,0.08634779763049108,-0.34999404474971113,-0.03878046842257035,0.09903949728143309,0.10747562000744962,-0.35471682380383013,-0.01624440654138227,0.1637035404540755,0.26616601432279113,0.2183686890049742,0.2153080824641927,0.20025662753232212,0.15203526340959317,0.1482579918743389,0.09440559237719874,0.09976952464132928,0.0586804912945784,0.08076708742369977,0.16892510104056496,0.05617543230618563,0.06605219106267413,0.056127558507762104,0.012818449858213957,0.0523175539838267,-0.027527145697154625,0.004126519546645192,0.18017871216235676,-0.015417814461573563,0.0728613256332307,0.002661465956334707,0.013503198987071018,0.02371930414603957,-0.02877378709867342,-0.03906631729729399,0.18317611183072163,-0.039743183591872476,0.08433911687133507,-0.008136767287681427,0.04730854152648267,0.01838618222808322,0.024004191699509722,-0.056192543824497655,0.18072349291670645,-0.04426254706875414,0.105382631374363,-0.013704451591488013,0.07598542744280484,0.010289550102734774,0.057955462805200336,-0.474557438434225,0.11880536777251736,-0.3640085705115106,0.059830135381620596,-0.2854175779432611,0.01606992673387482,-0.20936158952045053,-0.006706657724935105,-0.1267729425195855,-0.02544290508747473,-0.402895264932591,-0.0283916619004133,-0.32216898559610163,-0.07986503162549254,-0.25092037249771665,-0.11958567223397079,-0.17771720102674682,-0.14676674227987097,-0.4397158877156823,-0.010054747386571167,-0.374615693090334,-0.0787014483802748,-0.29180228918040424,-0.1210527445989136,-0.210595733745674,-0.152546974712823,-0.457886878181173,0.02051267290685376,-0.4091067460798562,-0.048659582416129894,-0.3368165414033207,-0.0826616112840045,-0.26922171812517987,-0.10890077876574049,-0.4570909041832878,0.05780453536840326,-0.4393171316597369,0.02570524965755067,-0.4108119377192871,0.003637639623185614,-0.3737545415114625,-0.016695939134143974
-0.022558650590456534,-0.3318277633469107,0.057255998830180836,-0.3927613841363736,0.09283959059712332,-0.3914759942301217,0.1286553762436725,-0.39059157900116814,-0.08202260825383877,-0.3938297839064826,-0.1323690349240125,-0.39387616494666927,-0.16981113999005293,-0.3939914439635647,0.19022149200646934,-0.35770684415147735,-0.23038814639169064,-0.36446933452740704,0.059916076578977746,-0.2615595252018718,-0.10827620152397907,-0.2637754226985906,0.49999199150543927,-0.0028299170349576157,-0.49999199150543927,0.0028299170349576157,0.6534986081371768,0.5247201585524279,-0.7892741476330731,0.47396409684475505,0.19357901743010636,0.22882692401304225,-0.4365994057762876,0.10098894143299136,0.06747965027348414,0.1464042552310374,-0.32144702259218677,0.010213162784837854,0.07399734113440373,0.08936895124664103,-0.3203882454445232,-0.034634320062707155,0.09560705681241052,0.11051110370002751,-0.3302352674453149,-0.013442033746380335,0.15358008535410778,0.2678214467581935,0.20421778880570274,0.21845710493479384,0.1864771371605286,0.1577745383649305,0.13616313872799576,0.10103070361440425,0.09392261675334924,0.06380077737328413,0.07056793472109983,0.17843719554186438,0.04919060537514862,0.07357389763369541,0.04852125575784898,0.019745909936563895,0.04441942048806292,-0.02034318611174775,-0.010516900862325824,0.18816297249984446,-0.0291361941629863,0.07969725342680391,-0.012870209407564474,0.01836823908106088,0.006842021350440642,-0.025006212722547543,-0.05642874197855274,0.18852526423491248,-0.061371883128737134,0.09085401056863433,-0.03422675388903369,0.04745126825503653,-0.009615646044092869,0.017570619906564514,-0.07424993497359458,0.1828680282730575,-0.06476395376695301,0.10740857777119267,-0.03669765088055471,0.07392127430397312,-0.012675447529270271,0.0513849000844776,-0.4537482661410717,0.08752737376304694,-0.3716212043205885,0.041101780834461935,-0.2971116028803057,-0.002568181704443667,-0.20476887639314884,-0.021383102919418428,-0.11993516333123314,-0.028892886154455226,-0.4207272749575546,-0.0649983127366099,-0.3040551910106572,-0.11333168679121311,-0.20859271410048827,-0.13115037790441916,-0.1323163029530119,-0.13471690668756953,-0.4275642444312114,-0.05032410218610048,-0.31371543790978434,-0.1143771847199021,-0.21274150776780773,-0.13212919105956175,-0.13378904531827512,-0.13514723036332627,-0.4037839538082034,-0.021026296079144264,-0.2893934898693267,-0.07578960267796533,-0.1916166760348229,-0.09134341714620563,-0.1207325900532806,-0.09845896153965579,-0.3557097169760539,0.01597143628236918,-0.2313877444113152,-0.0088555069840212,-0.1562912592280896,-0.01798169833743054,-0.09988440871560006,-0.024117371087269107
-0.021755601528371794,-0.3299335782060156,0.05707048803330754,-0.39090272551916666,0.09249653911644401,-0.38981381356771005,0.1283174460107111,-0.38908064753245386,-0.08239674590497743,-0.3916814555453145,-0.13268715796594588,-0.39173915708980517,-0.16995908049404088,-0.39201562358844994,0.19025441872869978,-0.3565117380346149,-0.23084153099577026,-0.3630914480427794,0.060961151940542184,-0.2595421250977633,-0.10584563249020557,-0.26167544463748005,0.49999823615041,-0.0013280988211900283,-0.49999823615041,0.0013280988211900283,0.6529125308593631,0.5273648553139945,-0.8010761774566734,0.4709843775698132,0.18828139196032276,0.2309339112648296,-0.4308125430294527,0.10486460990407376,0.06508897979191043,0.1481473186978259,-0.3129181730070207,0.013260758955901886,0.07203878885505512,0.09107991321781338,-0.3128929346019179,-0.031518336802988885,0.09305669684801868,0.11221399493808203,-0.3237414029449061,-0.010611497058435565,0.15177558025582422,0.270072030823672,0.20129053750352077,0.21934033199256708,0.18451740172755426,0.1558207571469704,0.13331715479561027,0.09885420895757846,0.09247274565819827,0.059243591776487775,0.06747044487187415,0.17905087877804446,0.04481782033465913,0.075473716523583,0.04617057958220911,0.021753096953819613,0.043965012699640975,-0.019291678147766982,-0.012411033874178723,0.19055438969621888,-0.028702617027592893,0.07905159760116623,-0.014917824011542045,0.017953753687949162,0.00036614953357099427,-0.026180317793964132,-0.057087153087058605,0.19151383440928574,-0.059127899698135034,0.0896918972669519,-0.03471475191031662,0.04060271769312638,-0.012170402057588263,0.004683939731743232,-0.07416160844761076,0.1872821630437924,-0.06328520446538666,0.10767724712617475,-0.034325483227033174,0.07307866894316321,-0.010001247835817241,0.04940687522279083,-0.4487769893241439,0.08138094826448647,-0.352209649592289,0.04315150761913399,-0.27773179044256996,-0.0004917635803419957,-0.1921054919823436,-0.019810317739649707,-0.11285969352359278,-0.030598194644433203,-0.4065216377457389,-0.06971781888350564,-0.28808859153500666,-0.1214519255142264,-0.1857140103847547,-0.13433988818101497,-0.10954373314629355,-0.13159439282287055,-0.4233156770862371,-0.0557381507013369,-0.30470625102915694,-0.12244065448359569,-0.19228851858423388,-0.13529066321293964,-0.10960885208465031,-0.13185111171446925,-0.4101146426004257,-0.025882177092463942,-0.29083061902069424,-0.07947034320033307,-0.18468299263736973,-0.0924723603390364,-0.10986354805064917,-0.09691547559460822,-0.37014288503486836,0.01211838397073524,-0.24120623113102538,-0.009276173502960394,-0.15828419887862288,-0.017263454409451467,-0.09675768739782073,-0.021723716367726704
-0.01806264801841036,-0.32764881883533514,0.059060221488572553,-0.38813366959421397,0.09417449030130494,-0.38722709171513064,0.13034733345454994,-0.38664688187251733,-0.08039450653923862,-0.38890464656925566,-0.13096149174540125,-0.38905172436346863,-0.16858051950469458,-0.3894765621887199,0.19205355679435548,-0.3544633671650598,-0.2305640206532623,-0.36091501899711065,0.06535505463643304,-0.25718119540537593,-0.10177932848444082,-0.2592433707469248,0.49999935209464313,0.0008049254232797141,-0.49999935209464313,-0.0008049254232797141,0.6530549665311741,0.530543552174471,-0.8291583946542938,0.4627357703750692,0.18461441018529037,0.2358952290267759,-0.39424250961017954,0.09229898320283754,0.0641281847215587,0.1525601792700574,-0.26341020521254765,0.00471738763825553,0.07142922287074645,0.09698001128147452,-0.26206007928390007,-0.04168541532480285,0.09199407405765436,0.11821032920941166,-0.27610904663157954,-0.018262239818491524,0.15019367345005671,0.27679664737508214,0.1930889844656149,0.22208274348329987,0.17239566926435176,0.1578828523092839,0.13074015172066764,0.10002051917679158,0.09157897712238047,0.0631047643849744,0.03913585792879148,0.180908194437806,0.03071490676557018,0.07894518748839559,0.0372305977158882,0.02606025624543632,0.03815713959720239,-0.01367842775071795,-0.02711714280798254,0.1944744572871012,-0.0374945661898298,0.08717469640800196,-0.018216187591123194,0.02688215589283504,0.001030750115181158,-0.015721699979043376,-0.060172901168464486,0.19813327058484412,-0.06021659050667988,0.10217402741743534,-0.03693518834954435,0.05467349366504438,-0.01641595538995627,0.02148387040071481,-0.06841234386695867,0.19612192147119706,-0.06370103222938212,0.11977369382855427,-0.041468077744960904,0.08415087340343823,-0.022583674745834656,0.05933542574154747,-0.4301216793972747,0.08944393799491165,-0.2886316840309215,0.04408186714814988,-0.20931441383428084,-0.00017851868661523492,-0.13516000821456442,-0.026502743405993155,-0.06321350550823678,-0.04125806994371581,-0.35819639447109575,-0.09257828634515937,-0.20077097821292805,-0.09991153694239115,-0.1009302315006696,-0.08814454184971066,-0.02631241027361327,-0.07131816708055874,-0.38627205049729846,-0.07897788215871572,-0.2092558720499613,-0.0978722189367298,-0.10384169671490012,-0.08236076787006957,-0.029725675988361934,-0.06585950735946977,-0.38818473693325384,-0.04717445504928663,-0.2236604301040429,-0.06963685089268008,-0.12041799101166235,-0.06023612050886226,-0.0513725375184013,-0.05130989684473485,-0.3667196732013072,-0.007050861232342839,-0.22471447155516008,-0.021216429926385234,-0.1436142327148372,-0.022900928781286203,-0.08517014662844802,-0.024469404956555554
-0.016122804642601216,-0.32630595139579555,0.060450499396647005,-0.3867833101585119,0.09492423052853069,-0.3858816648680898,0.13113856431326915,-0.38536145150874257,-0.07778255417016684,-0.3875836903344894,-0.12874321036330497,-0.3877181318292855,-0.1667613169437184,-0.3881135479904504,0.19229256692640823,-0.3532512481479976,-0.22902749984235843,-0.35959266250045535,0.06732871529862773,-0.2558389337575612,-0.09814745089982163,-0.2579280812900379,0.4999952005905387,0.002190750197302866,-0.4999952005905387,-0.002190750197302866,0.6516847483366255,0.5317654424956479,-0.8377470996505327,0.4539818756743367,0.1835679504377196,0.23973893787645156,-0.37712502931464337,0.07309070031052972,0.06311174660425306,0.15658195475380743,-0.24085757984068376,-0.007119178652875979,0.0711145839343665,0.10215427037098206,-0.2379492457538327,-0.05454201751918172,0.09148314549673452,0.12324152491700885,-0.2561806311865874,-0.030513348948918603,0.14789417947818345,0.2755126237489065,0.19050374279048457,0.22285302826428513,0.1728336554206518,0.1615901415423765,0.1323776635422074,0.10759558252047592,0.09565584686965194,0.07375432436052382,0.045390544462367254,0.1830886288960148,0.03564421119041493,0.0809514771515222,0.039701373889899284,0.028681897021962055,0.04029141195673026,-0.009508842467838027,-0.024113586601947432,0.19639910842455513,-0.0378726223659946,0.08918992464791024,-0.015586967522739682,0.029086475264910067,0.008502460116190236,-0.01183080332057135,-0.06160029243894168,0.20010492939839952,-0.059851588576931354,0.10240646872743236,-0.030960362096967238,0.05585730669136883,-0.006804485254368385,0.024582588746275485,-0.07399629976256353,0.19781112989177843,-0.06810295943078187,0.1208597694252701,-0.04275687994307661,0.08810002268758714,-0.021771662055223587,0.06691323900050615,-0.4223137668703673,0.07515149361096192,-0.2850797659897748,0.03440077202800046,-0.21337499932412812,-0.014380466016355986,-0.1520113297026055,-0.048049959253616686,-0.09573396567222354,-0.07033735007026208,-0.3486636491347554,-0.10975937690874327,-0.1971233951002499,-0.11765236570042577,-0.10344226618375219,-0.10838776504433169,-0.039603387836303294,-0.09324621936069936,-0.36708232680774966,-0.09663792559383301,-0.19611354080182114,-0.11220777449008323,-0.0966991668773305,-0.1024022252369223,-0.025800663408595714,-0.08823764680026576,-0.3623543068358109,-0.06854621130315112,-0.1957772441788987,-0.08932899540508094,-0.0936000686034589,-0.08533124157273746,-0.021824995015497783,-0.07894102707941392,-0.33440928229662453,-0.028977108941309816,-0.18848577016701756,-0.0465844119401869,-0.10847861431843348,-0.05288609179059594,-0.04905624516229834,-0.05683668501249804
-0.014974875255092215,-0.3268380436074944,0.06062655135876185,-0.38742195825267545,0.0945600518293508,-0.38659787430391984,0.13078867546095616,-0.3860968808203916,-0.07689054595511573,-0.38829772893253695,-0.1281986281994161,-0.3885328358049268,-0.16698129260572367,-0.3890126319212038,0.191731880641465,-0.35362599869014166,-0.23103557439897665,-0.3595597128544023,0.06719154054225952,-0.25576994983647783,-0.09812827531665128,-0.25714942416554354,0.4999930936230641,0.0026279895810035307,-0.4999930936230641,-0.0026279895810035307,0.6531412650563266,0.5335649321633588,-0.8398814076891911,0.44493709422798366,0.18367630033618712,0.24496026045463282,-0.36874770684989233,0.052394374722205525,0.06253867003478575,0.16208755612379858,-0.25011707659038895,-0.03751362932853742,0.07064884082010804,0.10805401512579126,-0.25268108690311347,-0.0926203959342265,0.09135140925227199,0.1289044811705578,-0.2654430634879655,-0.06074274971211881,0.1504599290617845,0.2782055724267895,0.1961254463687278,0.22837714384993416,0.1773434174845095,0.16802659382777987,0.13589946717603657,0.11183547057681133,0.10292507497984502,0.07347946368120553,0.04678496091856337,0.18681472058476908,0.035747036870149664,0.08315533589418475,0.039530621737057986,0.030469908736706953,0.03942066644391888,-0.008023542275322738,-0.025307575477967574,0.199170365901489,-0.036797903611004705,0.09008222898705491,-0.015280640018319726,0.029797303690911454,0.006840119395423668,-0.011734727002030314,-0.06467534529538951,0.20160632088602423,-0.06060603153292955,0.10406891008254875,-0.032767693667583656,0.059510785829130594,-0.009479240014024908,0.029312474409807752,-0.07772779356572604,0.19883498289908846,-0.06878821529192747,0.12172902716854923,-0.04087989707716293,0.08970929083171601,-0.017293809157404565,0.06835763772015868,-0.4068677357484267,0.04491257520718173,-0.2777126610444735,-0.0013569218789764095,-0.21040879381410843,-0.05401844150352696,-0.15532380532545834,-0.08882974527823441,-0.09805713346765722,-0.11185821661016317,-0.3455027126387803,-0.1363850223943749,-0.2027033088391863,-0.1493077698787903,-0.10830310838890174,-0.1439818103673646,-0.042418787222954064,-0.1300563983744738,-0.3629186244390502,-0.1222688340962225,-0.20278383947641496,-0.1435578630223388,-0.10145868176588592,-0.13607761217341555,-0.02822477845324898,-0.1212027710692558,-0.3547910311600967,-0.09629334796657672,-0.19940465004501298,-0.12261486417806433,-0.09628168457500695,-0.1197836121713635,-0.023157059014090133,-0.11166831142958313,-0.3229883984522344,-0.06186814600906286,-0.18296768880355382,-0.08195831379009022,-0.10500841805161105,-0.08662492870920639,-0.047464728545073914,-0.08679276539785359
-0.016926310989876944,-0.3287923973533674,0.05867371771853334,-0.3898911407827939,0.09276442939990687,-0.3889894102462,0.12921160360428924,-0.38849700633948414,-0.07949014663082987,-0.39092120127760893,-0.13122852440996366,-0.39128928248298644,-0.17047647796147758,-0.39185283963386447,0.19062213116678906,-0.3554533615601842,-0.2357892918240044,-0.3608204468578194,0.0650866970625691,-0.25705223666481053,-0.10129089466669432,-0.2572298265612978,0.49998998607779643,0.0031644623437352692,-0.49998998607779643,-0.0031644623437352692,0.6617052810309269,0.5380615165203018,-0.8502825872008213,0.43608738455509677,0.18282146808564506,0.24998372873753874,-0.35673016156720727,0.011134700807600977,0.06048568199535046,0.16775237405396862,-0.25485562459623473,-0.09716444632616458,0.06864582534026993,0.11459239746118226,-0.2601100180112889,-0.14682853110961955,0.08953477582834717,0.13439137407714855,-0.27015464720880616,-0.11072568778323634,0.15012811620068206,0.28525658119932673,0.19638222085285306,0.23402497480890305,0.1755917902413081,0.1710264984031297,0.13173637091637402,0.11179484346715148,0.09990633854471409,0.07021583926554378,0.050320053187568346,0.1904825124727153,0.03797916805825637,0.08522477557499245,0.04076528670947537,0.031838046885425464,0.0384354089150546,-0.00790749068536004,-0.024506770418414602,0.20251337275246345,-0.036799372989187944,0.09171535886939192,-0.016974886762333826,0.030746704681696026,0.0028951453598219192,-0.011995479133612545,-0.06531501296691372,0.20484794196957623,-0.062246431574446454,0.1052867650756297,-0.03348087560039826,0.06202021703651597,-0.009030060171383185,0.03298373140200405,-0.07835472460139008,0.2018060430436698,-0.07138786416577857,0.12329303179541068,-0.043450832986734356,0.09071901797517573,-0.019461340789100518,0.06895560584490189,-0.4042509503462217,0.01494657948283399,-0.2790532009378539,-0.03258261476183697,-0.21052168015671538,-0.08423400574522302,-0.15555296464021265,-0.11719545288944001,-0.09856693736614448,-0.1420204092781431,-0.345221026586,-0.16155412503606517,-0.20815818049966853,-0.18002826343140166,-0.11127912905393471,-0.18185860244709584,-0.04381471145928358,-0.17102034091084642,-0.3582735418949067,-0.1510904931493675,-0.20904280689103116,-0.1796546111615774,-0.10984296728234234,-0.17702155017568533,-0.039937250604335145,-0.16529748939240027,-0.3467327398105283,-0.12834119808796177,-0.19975124877355466,-0.16011659493285432,-0.10358177500998773,-0.160922151304262,-0.0375994560341216,-0.1546672142621634,-0.3127175795820908,-0.09687582609263305,-0.18286300672406391,-0.11809298069320567,-0.11067579254814734,-0.12262606786936288,-0.059940401845376745,-0.12094956842277763
-0.01693599341476195,-0.3289095702845445,0.060615005014655284,-0.3906395103862956,0.095223966862828,-0.38941561607201464,0.13086955400304628,-0.38853501523546496,-0.07925372812761841,-0.39220669817830783,-0.13167030761348394,-0.3929925734236315,-0.171488284277183,-0.39387000020895685,0.19417987404721077,-0.3536674674016102,-0.23773589116216137,-0.36219673817598586,0.06539076183806078,-0.25656371829572394,-0.10353065729509758,-0.2563330044473556,0.4999768960181009,0.004806604633741932,-0.4999768960181009,-0.004806604633741932,0.6735641704510223,0.5483796397580509,-0.8581974407119098,0.4295145954581675,0.18341706310191538,0.2568978863761853,-0.3659195531002707,0.0006969026219416582,0.06018135026613138,0.17211104304630637,-0.27006598342036686,-0.11330628871507639,0.06844033074093528,0.11904993278370059,-0.2744836675900278,-0.1598801342206582,0.08866925351728706,0.13855784998662596,-0.2836339613242635,-0.12072007886230202,0.15566296081818418,0.29346136945483914,0.197180741101612,0.23897223370858775,0.17560254898761826,0.17319984180535183,0.13573378750432993,0.1123483203799337,0.1031451092604424,0.07172959010579698,0.03827861141445004,0.19662761308122234,0.034302318743172334,0.09078044393241903,0.04201060133055521,0.03591181068665886,0.04543808070732634,-0.0051230178651671945,-0.027220712894392846,0.2102193963693014,-0.037824424522068766,0.09707944777619999,-0.014252729860995121,0.035599563397465527,0.010923646072178174,-0.007178315222020753,-0.06083728778945905,0.21321411369945548,-0.05621844812345631,0.1102109936367514,-0.027781329691889893,0.05944730132595501,-0.0035063843064259306,0.024266415122798576,-0.06980775168401636,0.210295276031383,-0.0635172781029008,0.12924667153095712,-0.03781629101580643,0.09314669912015604,-0.016438857641751476,0.06820123541355265,-0.39831193611375365,-0.009678277317582602,-0.2807092714992461,-0.0580956514498948,-0.20865523384486231,-0.11358064576777929,-0.15315546035096456,-0.1492548985581173,-0.0947835672554524,-0.1717686422704819,-0.35863262581291744,-0.1980242948090277,-0.20712821763865796,-0.21520672354462855,-0.10733247633813797,-0.21327580932012835,-0.04002681931534981,-0.19867874449584397,-0.36915748210548893,-0.18634745630022642,-0.2133718739642147,-0.21374665998143738,-0.11051148701750463,-0.21093504573128674,-0.039887557817882384,-0.19658149014936882,-0.3544307771265109,-0.16135219966504138,-0.205136401306291,-0.19631526660292825,-0.10623544488372938,-0.19473756476623538,-0.04246855740876538,-0.1865235169540759,-0.3173370291151926,-0.1274202034295575,-0.1848018421376295,-0.1510095537505665,-0.11620910734337607,-0.15370680296754052,-0.07284283897817988,-0.15042037049205048
-0.019700969311413415,-0.3298986242312021,0.05930854012500948,-0.3918368741346748,0.09449925507948448,-0.39045336719920354,0.12947417086138777,-0.3891529902914112,-0.0810823277704713,-0.3937515560311781,-0.13321063635008187,-0.3947460263982672,-0.17325538738118348,-0.3958306041334878,0.19437719239948986,-0.3529421881627567,-0.2395834808685962,-0.3636146284428603,0.06164385597451634,-0.2575901525655183,-0.10849191265213469,-0.25731753790640344,0.4999585890376495,0.0064350017469082315,-0.4999585890376495,-0.0064350017469082315,0.6774880459894049,0.5500268378486108,-0.8608181647646291,0.41820454273417096,0.18165510852326988,0.25722135028444887,-0.3801440974896611,0.0026979382004610527,0.0571170571651197,0.17197240398637673,-0.280657489292758,-0.11826901063772319,0.06531064773497597,0.11866781548273905,-0.28496639572744714,-0.16006208383367818,0.0854117675213497,0.13832876476284184,-0.29471423872128055,-0.11821119838825825,0.15601039207096193,0.29256267611640924,0.20189856605487796,0.23847363519330772,0.18089497711909816,0.16964805252900977,0.13198461795625652,0.1065778786515305,0.0947117649344142,0.0654071842239532,0.053674337709482794,0.1955823286101033,0.041289857434879604,0.08845144588955305,0.04622263778232914,0.033282212988086854,0.04743330602715864,-0.008400319199839497,-0.023887074554135652,0.20836371988017094,-0.037007863599079316,0.09533010681295857,-0.014046731961158354,0.03331301296237076,0.011316498642030682,-0.009873734150857906,-0.06534683022903764,0.21077698259016328,-0.06123378770848402,0.10944297399397897,-0.030708222256952782,0.06446155524003278,-0.0035962707837416245,0.03411052297611033,-0.07788062558932785,0.20737104368634113,-0.0684418787775475,0.12673531554298645,-0.03919207018963989,0.09271200932253443,-0.01432592525555712,0.06995142638448149,-0.4071658419184485,-0.029939070148338687,-0.2828404000915202,-0.08175349808387154,-0.2122785560937228,-0.13741064643556336,-0.15715078852980385,-0.17377485037788434,-0.10015588466075188,-0.19725878416829426,-0.3774914123258502,-0.22041787292248655,-0.21943531387231308,-0.24156340089833198,-0.11140096523943493,-0.2435948037329792,-0.030941464780656142,-0.23280334996001154,-0.39235274878485715,-0.20943434293448623,-0.22310260401423362,-0.2423035970440675,-0.10676193092504258,-0.2424912875022442,-0.023066140611733565,-0.23103738509144212,-0.3783141404415115,-0.1839405363885402,-0.21567871377259845,-0.22372583003109484,-0.10299964927667363,-0.22461185259229108,-0.026308710072671184,-0.21866825496583478,-0.3394604214256798,-0.14836646641433734,-0.1911699083459843,-0.1725712591497997,-0.11350433435703677,-0.17577575226712422,-0.06185347521697282,-0.17386754932961263
-0.024072338970229736,-0.33086563867867724,0.056553834079314004,-0.39314030215383944,0.09245015495737309,-0.391623425053037,0.12703214938643984,-0.38982109471036075,-0.08433020670668145,-0.39537596874023007,-0.13603128561219063,-0.39660128504119513,-0.17649535897973545,-0.3977143624490909,0.19321024326766703,-0.35174787997582335,-0.24269998569473905,-0.3644679207360376,0.05755637470045823,-0.2583853459701953,-0.11454850115658825,-0.25758825959399145,0.49994101559991316,0.007679903705607357,-0.49994101559991316,-0.007679903705607357,0.6785968981783064,0.5512481570167684,-0.864539698150713,0.40957083456280874,0.17766100143567884,0.257301204369701,-0.3912818523646286,-0.011833243368675833,0.052087306853782815,0.17161627121995632,-0.2874961198887142,-0.1316539187205383,0.06118106016601931,0.1182997932950183,-0.2938485809142926,-0.17265705917129898,0.08113214918346487,0.13812442582544646,-0.3035728144313973,-0.13150383299287474,0.15849908900625473,0.29181020847490735,0.20167892306569166,0.23663272760128184,0.18132553621385505,0.16785581774458083,0.13226152061401816,0.10492874693022201,0.09274652170446057,0.06519397605787489,0.056084052735619935,0.19257220370827008,0.04149549973413996,0.08400915941798687,0.0461641771158771,0.029409994196786124,0.04601769584865109,-0.012135217054221721,-0.02215736923888005,0.20540178001622547,-0.03672769969037019,0.09138648869464208,-0.012956182980824344,0.029331396934467315,0.011816672863053206,-0.013959574655127432,-0.0643393685005218,0.20866421720781275,-0.05997146331751803,0.10793476681123798,-0.028468979712832864,0.06742243372339042,-0.0025613195745332004,0.04159256985620122,-0.07767437026094258,0.2062115821278618,-0.06679690965162385,0.1264785142756222,-0.03672189250410969,0.09432162085371956,-0.012549079199183235,0.07415836928996375,-0.41278716469796567,-0.049347966983195046,-0.28742302944095277,-0.10052009131949372,-0.21816322200952107,-0.1565471234934696,-0.15975193938000662,-0.1935403017074555,-0.09831571345217904,-0.21778049839778393,-0.38273858026032687,-0.24597018248865718,-0.22030086729679052,-0.2658649017498155,-0.11192455408195262,-0.26400860462447706,-0.028970300085355498,-0.25332648574609334,-0.4096692062955835,-0.2334454834593779,-0.2288468427464204,-0.26624266922845097,-0.10958265603655529,-0.26046111468662014,-0.026271560456640686,-0.2491950732173533,-0.40396694988337883,-0.20189764372752025,-0.2381486535250244,-0.24001641483703226,-0.11852091693047191,-0.23644119057858645,-0.03587574541639474,-0.23253265385356828,-0.37087740232326,-0.1605333563656972,-0.22310153305676717,-0.17985917162112883,-0.14689573011437376,-0.1791916455728747,-0.0972615088980966,-0.1798916117650668
-0.030531622576601646,-0.33194546084483717,0.05125305489602643,-0.394490441679723,0.08843919079973575,-0.39294675294587955,0.12188225424955436,-0.39091005894817354,-0.0888989529624388,-0.39692766467806606,-0.14026095456726526,-0.39832236387671277,-0.18095776342675926,-0.3995286855021223,0.19036304263814627,-0.351855257812619,-0.2472146890844501,-0.3659056056226914,0.05157349824387008,-0.25883682982816064,-0.1212713870815808,-0.2577865493048605,0.4999242109488919,0.008705360826974033,-0.4999242109488919,-0.008705360826974033,0.6813743248511576,0.554908552108398,-0.8724149727012719,0.40772844898146127,0.1759844947566263,0.2623201024096563,-0.40149360462232486,-0.024443350072577634,0.0491964150376247,0.17742719497861398,-0.2974403810496424,-0.13996332807521747,0.058315501369029375,0.12397712367428952,-0.30398222041115336,-0.18199983391143976,0.07841830979687672,0.144169386265257,-0.31347050663876896,-0.14295087550275568,0.16004231228056717,0.2935465561688268,0.2025739388507258,0.23650502109923305,0.1817131877164416,0.16835978655901182,0.13567249997722117,0.10552599369071895,0.09735186769394091,0.06520412671763615,0.05071209897715803,0.190610905215125,0.03919145042865416,0.08235686175925239,0.04575615701429608,0.027427976136680604,0.048256441168171994,-0.013445021158958808,-0.024407941133009245,0.20417822069168273,-0.04141430579285345,0.0890178726015867,-0.01573803961393869,0.026965997767233588,0.012248722832232236,-0.014376432411446188,-0.06355501705844897,0.2091361773879483,-0.06385672338563908,0.10895728615040152,-0.032563984897489906,0.06562923546579717,-0.005993277824043957,0.038760549321957785,-0.07438420910283501,0.2089783230257757,-0.06954905040751928,0.13005013457278122,-0.041406045385898656,0.09660626522960117,-0.01770633341259226,0.0759928226206097,-0.42849032707396345,-0.05177129469576917,-0.30131118760132175,-0.10647080292034032,-0.23337175807827898,-0.1666621721931328,-0.1672892075966703,-0.2023397764608916,-0.10498216677675042,-0.22157534289515646,-0.4117141457054813,-0.248186042426664,-0.24240975139018847,-0.26851218405230115,-0.13536424576646935,-0.25938493805061186,-0.05615107327353469,-0.24660165607806767,-0.43060750967114353,-0.22909332059071486,-0.25017987297120825,-0.26520590580031234,-0.1293493599266717,-0.2567466446585889,-0.04125846616408447,-0.2442584203930029,-0.416373317437992,-0.19556855970138,-0.24924312267520135,-0.23562639586192016,-0.13313846903883483,-0.23442551401670036,-0.053946551983308236,-0.23305468940888638,-0.37421985632769034,-0.15611957597540982,-0.2278944031105636,-0.18009470200498925,-0.15436590165257544,-0.18240308280217163,-0.10590934708909022,-0.18566000008577205
-0.03630551824111539,-0.32967325771114836,0.04549545950046272,-0.39312543937327754,0.08320270275290667,-0.39175692723514954,0.11582898395821892,-0.38969904546058987,-0.09463127267298155,-0.39519648478660574,-0.14615719761082574,-0.39661380364693705,-0.18704994018649332,-0.3977057781121662,0.1857469424659287,-0.35024569615488077,-0.2532268938149477,-0.36368303735103275,0.04626127950051168,-0.2562873891992502,-0.1271002990243898,-0.2541606514680551,0.49984979257724516,0.012254993287838948,-0.49984979257724516,-0.012254993287838948,0.6817330045470918,0.5604783230941455,-0.88133660073333,0.4135678615694808,0.17686776434027837,0.26866505747453584,-0.4117728981646324,-0.0273458900308374,0.04672615846656018,0.18488923014139946,-0.30874666675516277,-0.1371158535814231,0.05515321622989153,0.13084722754109107,-0.3123126964975566,-0.18172145110113347,0.07620572245363608,0.1506288350711143,-0.322510567451534,-0.1452547289144835,0.1602190015784047,0.29704829286971296,0.20169195684748503,0.23789626695822239,0.1809486948760411,0.17160509344876115,0.13578182005099274,0.11308431464560129,0.09964996058286213,0.07351654294136577,0.04509417103554218,0.1904647399711887,0.036725134541552115,0.08160681406974235,0.044379486709170954,0.02781593319363355,0.046311807621630875,-0.012326178195948749,-0.02868549279305448,0.20413922918269373,-0.04039323311378188,0.08963450728458855,-0.016478344269201136,0.02861607991324044,0.007545600259638862,-0.01281454919426108,-0.06722488053318881,0.20937683853117087,-0.0632574610671147,0.11112303372785061,-0.03549646075064981,0.06900222491383927,-0.013225811647017771,0.041850498554837634,-0.07769645391479182,0.2095087786951354,-0.06999906677427588,0.13194426494430814,-0.042962977918917754,0.10041603372981049,-0.021507563090096535,0.08089415491856629,-0.4417272644762131,-0.030303354627086256,-0.32351505434833233,-0.07973362827298104,-0.24396364121353561,-0.14284730190123954,-0.1809924386602565,-0.1867628209731998,-0.11543134080864967,-0.21671242812307184,-0.403316171584692,-0.21884686152000854,-0.246437392714421,-0.23990189921274704,-0.14988270989983823,-0.23269065537782874,-0.08583877204568396,-0.21866348190608698,-0.44303319870081065,-0.21120729313131434,-0.26193788114064015,-0.236980482734972,-0.16048014791982032,-0.2211703450214132,-0.09608220944155244,-0.20093651587031125,-0.4536994926774281,-0.19295884448278544,-0.2767678340597425,-0.21892523580006115,-0.17663000877236684,-0.20820729985596717,-0.11355795249436884,-0.19437474572048008,-0.439821777135089,-0.16854677512779342,-0.2972771882961457,-0.1958491745213148,-0.21962032655641922,-0.1961118397441268,-0.167022881422817,-0.1949256946323228
-0.04221282871913947,-0.32603233427613537,0.03900795555546956,-0.38953427322037915,0.07663981623220663,-0.3882323282475089,0.10904448763515119,-0.3862098099563206,-0.10042075754736175,-0.39145913805681226,-0.15167214135593465,-0.3928452914435656,-0.19226423610678917,-0.3939000700635616,0.17901359232940658,-0.3469133925652982,-0.2577159081585528,-0.3596888097476452,0.040660078134211554,-0.25299877116837055,-0.13162133961325706,-0.25077154454811457,0.49977324659195665,0.015056626147157144,-0.49977324659195665,-0.015056626147157144,0.6770967568475275,0.5630999450974653,-0.8852630897731564,0.41980613656077104,0.17112044352268968,0.27102361754174215,-0.4188971810344443,-0.01113754836874012,0.04386606329374306,0.1873472431331172,-0.31769413439844546,-0.12016045317512294,0.0506880568141386,0.13307032076619094,-0.3200523743493048,-0.16803612081947072,0.07105466538151115,0.15257836743787387,-0.329223509672601,-0.13161997489106328,0.15264291374311323,0.2998792025165845,0.19864901307250937,0.24146403809597278,0.17989489959499264,0.172323269228078,0.1331696422147386,0.10882092592170274,0.09582508083242633,0.06614575965046902,0.0466117832571042,0.1939588672546042,0.03635473342968713,0.08524257003442494,0.04292167553564432,0.030489005805002897,0.04457480901971504,-0.011455275913559682,-0.02958813752130595,0.20462017812298006,-0.03915959135477893,0.08748000679850108,-0.015826380009717925,0.02791261248420388,0.00649572382554822,-0.012927154072189268,-0.06964879934084757,0.20738995763316495,-0.0687463641538911,0.1036689480043677,-0.03781993961314711,0.057036997185955354,-0.011887488486857813,0.025652834712362824,-0.08019082338043337,0.20554343795970836,-0.07595978021757055,0.12450775045078961,-0.04800834896874347,0.08987767205718078,-0.023612878304253914,0.06776421908176433,,,,,,,,,,,,,,,,,,,,,,,,,,,,,,,,,,,,,,,,,,
-0.04062290204245602,-0.32463389708079454,0.03967656075536579,-0.38771067284835065,0.07688751309566923,-0.38666341934448906,0.11016208409880435,-0.3853754051878519,-0.09948279471775055,-0.3890238396013914,-0.15041639999356154,-0.3902114445931853,-0.19034212236890172,-0.391388384884104,0.17990540462756455,-0.3475342293920591,-0.2559327492314224,-0.3579794990161735,0.04443754481303075,-0.25164981542100484,-0.1266816051440101,-0.2503111942404036,0.49973374724986686,0.016315080741637046,-0.49973374724986686,-0.016315080741637046,0.6728864343209485,0.5626914506260482,-0.8831918203190627,0.423594171760856,0.1726085358004855,0.2716163488877499,-0.42082270777352554,0.03064884115936724,0.05333009435595618,0.18787007488916002,-0.3194435582025196,-0.056614872530692015,0.05718266724190759,0.13365958935388395,-0.3194991957457644,-0.11258583859345107,0.0752734206792554,0.15311934830828858,-0.329998191315797,-0.08420234087658048,0.16327048347005893,0.29960102703604446,0.18966561813602964,0.23887803123994014,0.15657908794360806,0.1668935137612308,0.12532276127590034,0.09995702177034461,0.09332624400122652,0.056461441692629864,0.004627222549990442,0.18865101270229997,0.0011644142979097092,0.08586150674574962,0.022267845122098857,0.03198092266490356,0.03625208506020419,-0.008497251337845967,-0.031009177255445664,0.2018067261148697,-0.03580185358457919,0.09064613424403399,-0.01055106144458808,0.029639718991653553,0.014180178664089623,-0.013497587502887877,-0.03600297374542263,0.20677848893039708,-0.039076721636331996,0.10393505580715734,-0.01600183030602622,0.04586284184083892,0.006667601170253016,0.004994701983447496,-0.022336863846630424,0.20613890870904553,-0.03130094737372779,0.1251024748365973,-0.019877946022211424,0.08111692218093983,-0.005678399858891003,0.04875961606345233,,,,,,,,,,,,,,,,,,,,,,,,,,,,,,,,,,,,,,,,,,
-0.02975168177101106,-0.32191473123784564,0.04735922006128165,-0.38367554242223684,0.08374516172529434,-0.38267432926689365,0.11876993567707887,-0.38144368583949806,-0.09033846604216947,-0.38494788247960926,-0.139850348731388,-0.386077149740284,-0.17868967267578867,-0.38722706770158705,0.18570369796527322,-0.344860623851306,-0.24533620249160734,-0.35462959093466,0.05676655286569,-0.25019672529212467,-0.11199719752125148,-0.2509644570810339,0.49982792768929163,0.01311650493951204,-0.49982792768929163,-0.01311650493951204,0.6652157331558136,0.5498491613916153,-0.8733541941922014,0.4274405030988011,0.17401204196552497,0.26231621638144526,-0.40989066820167375,0.10027402203107054,0.056865360045729785,0.17915772228763716,-0.28971198915517754,0.04769723942419777,0.06072378042628358,0.12297595971701265,-0.28096557757805535,-0.00903191492384717,0.07848694002511684,0.14316908429456446,-0.3027360599777624,0.0042013306988818834,0.16072603330865468,0.28753813238712217,0.20861471164417952,0.23107555981082456,0.18591060020027655,0.16369914135605196,0.13895723063100834,0.10174358121980233,0.09812555870828535,0.06278311967267287,0.06515468960798791,0.18120194403548037,0.04799415500021734,0.07802432480817054,0.05362260720400393,0.024369753481423746,0.05625660900950464,-0.015856032813295253,-0.010453256208719546,0.19297788255980255,-0.03037080756114038,0.08448858694791371,-0.007902252434452252,0.02410979179073906,0.018653955730481984,-0.01745641270839973,-0.04927479486071305,0.19672040211816968,-0.057130163288236425,0.09927073392494651,-0.027897466230384364,0.05294795177869224,-0.0003480482916901597,0.022241150401826552,-0.059357375933513326,0.19539233481125487,-0.05566544565132658,0.11817175700911799,-0.02932394548861881,0.08305608045169684,-0.005889550177041733,0.060097441712011354,,,,,,,,,,,,,,,,,,,,,,,,,,,,,,,,,,,,,,,,,,
-0.01721829104593554,-0.32143097516424335,0.05917876473856,-0.38147120618069386,0.0950357014553485,-0.38045699902791447,0.1314638193525675,-0.37922442469278445,-0.07768625458845323,-0.38301748975252536,-0.12620393856528137,-0.38413555682847067,-0.1643483102347786,-0.3854119788292057,0.19588029906070165,-0.34349225539534434,-0.229510974609908,-0.35439590183037883,0.06783137075127753,-0.2513599856783782,-0.09938542860094877,-0.2546231037862708,0.49995234154959656,0.006903345498780808,-0.49995234154959656,-0.006903345498780808,0.6624790861794739,0.5334311473695883,-0.858505834507417,0.4373172579513834,0.17600172271346926,0.23925048004222466,-0.3877072540929829,0.16084301362943862,0.052745837903885685,0.16069065993040496,-0.24552805256498725,0.11436168106320148,0.05879362155656829,0.10289159635196303,-0.23727762547189163,0.061540924631328466,0.08057594158397485,0.12292814044812995,-0.2617853731382378,0.07731524332517747,0.17024499850995706,0.2750876707903963,0.21864662652417952,0.21992682348950304,0.20033088551658979,0.1542622824120296,0.15400955337252714,0.09502176312456015,0.11773572505361793,0.05531513687920309,0.0824795884701852,0.1688751703341474,0.06764601031058537,0.06715971743641437,0.06973366252199457,0.01590092519850976,0.06691095694942803,-0.02377366224482688,0.00897628502769121,0.18103200821860302,-0.005706488136295885,0.07450637928943546,0.01792885553424948,0.015772286020609035,0.041066291054966904,-0.024475708864325717,-0.030368718968879466,0.18502350090415018,-0.036478160376507716,0.09020384357602097,-0.005628665789394318,0.053159051335381693,0.021174841110548053,0.031030692887361825,-0.04317610908408812,0.1848723087326822,-0.037952138857374716,0.10984372600850303,-0.008755594790209152,0.08222434278762371,0.017198157901463493,0.06743422511777364,,,,,,,,,,,,,,,,,,,,,,,,,,,,,,,,,,,,,,,,,,
0.0022801026585548318,-0.32026488726219104,0.07563342627488036,-0.37806253950933044,0.10988984170572905,-0.37703012868693137,0.14576316294665342,-0.3757866580471238,-0.0569909347228225,-0.379959545148198,-0.10448286440117649,-0.38101944064904186,-0.14136083037296532,-0.3823968639196314,0.20690625400626247,-0.3411841045157252,-0.20573079152984208,-0.35258921422230066,0.08368024597121512,-0.2520554197113821,-0.07920005577599411,-0.25697330106572674,0.4999968614618378,-0.0017715892051452895,-0.4999968614618378,0.0017715892051452895,0.6583234303930046,0.5086511582148558,-0.8201265766365241,0.4470700945830334,0.1859210922853336,0.2195596183751735,-0.3592130217274857,0.20803190636577448,0.0675403610274423,0.1441708338797604,-0.19798452101349703,0.15689642760840677,0.07334713252834821,0.08819242345431894,-0.1905345784807935,0.09836700752322125,0.09442075176386208,0.10821402675550557,-0.21916245070099236,0.11570186625097933,0.18144005785084294,0.257917629590994,0.22352613587700387,0.20413142713570212,0.20672933897709253,0.13774814292947488,0.17513284007177066,0.0783532837885512,0.1403901428216128,0.03970419763343356,0.08157602649383404,0.15809740487164278,0.07041640280599544,0.058492930187864674,0.08027486617060146,0.0060122030565168405,0.08724668786360228,-0.03204131919605567,0.029414797023861027,0.17011693315778523,0.012602240990916502,0.06355339417441412,0.03750973835856493,0.005849358681840772,0.06336644207837185,-0.032129307688824195,0.0073897201314696405,0.1742039892664467,-0.002294642334865195,0.07582169163200873,0.026630120695154944,0.031031890442663294,0.051638551557706275,0.003946161954995872,0.005315424245978918,0.17354060480924097,-0.0014268581700447422,0.09686144749237396,0.017858849901110918,0.06079442024125023,0.0368872526037548,0.03813456922245738,,,,,,,,,,,,,,,,,,,,,,,,,,,,,,,,,,,,,,,,,,
0.013268733679154801,-0.316144019335837,0.08476484102228166,-0.37251175934809294,0.1177876939635644,-0.3714417424475505,0.15306882782581663,-0.3701731145213854,-0.04467161946792775,-0.3748859886502246,-0.09175282283953896,-0.375913065111431,-0.12805386109818345,-0.3773991537207433,0.21253489983778706,-0.3362026295291453,-0.1918456076885777,-0.348328384340706,0.09189994211777802,-0.24886131617192778,-0.06748402670122448,-0.25485605896197366,0.49999254488276085,-0.002730395879793508,-0.49999254488276085,0.002730395879793508,0.6548758591317839,0.4962269350066833,-0.8047775766953094,0.4422527337018279,0.19057440517504337,0.20934783652338465,-0.3420561378120817,0.23921029151944578,0.07634437718272045,0.13769752978675348,-0.1706134454026662,0.19886209386599382,0.0818795561273671,0.08295840018460386,-0.16290439522293973,0.13958994345265222,0.10253068921378322,0.10314950967787624,-0.18906091560015909,0.1537576218966221,0.18788359357605106,0.24693147903962698,0.24199038613041943,0.1987398009659576,0.23064951266826408,0.14020903976539195,0.18523195248488988,0.08282967081614469,0.15075749201513217,0.04292862381899055,0.12526383593592866,0.15149318035587636,0.10552465847549689,0.05207686833809057,0.10767296773598269,0.004466587262112153,0.10601346227744614,-0.030808569879461612,0.04744215132581585,0.16066018258295184,0.034423014697148493,0.055914750559603016,0.05718153949479018,0.0015857159455447622,0.08046684325807657,-0.034610683726452186,0.0031868334405301753,0.1630815820036689,0.0025384052216915415,0.06876093008679059,0.03521644735460149,0.03183638193705921,0.06363593807978421,0.008985815640969218,-0.01346991929214671,0.16140442223174367,-0.0003599365091667375,0.0897692871706809,0.030760480265387222,0.060691161826731725,0.05732755537844244,0.04330809960729841,,,,,,,,,,,,,,,,,,,,,,,,,,,,,,,,,,,,,,,,,,
0.018750839069548025,-0.31479969780407435,0.08897881804290156,-0.3703983954343413,0.12105812698861458,-0.36930860510118163,0.15635555374212926,-0.36798011873147163,-0.03869160792313496,-0.3730685683741045,-0.08586739426821853,-0.37408789694819095,-0.12213198604549798,-0.37562166919220347,0.21452792629585762,-0.3342522413166927,-0.18604416985189662,-0.34685397188706757,0.09521868929891708,-0.24790891154920436,-0.06236685000760279,-0.25444328382666936,0.499984898757088,-0.0038860024272340987,-0.499984898757088,0.0038860024272340987,0.6520978170730564,0.488807742911335,-0.7965329526542474,0.43790449309693213,0.19232537139036596,0.20458412434147938,-0.33431127807477923,0.24124535938010513,0.08163422657195893,0.1341861814092244,-0.15958778210891844,0.20080395110665175,0.08651766344788267,0.0802193016489672,-0.15173466429923804,0.14214125938707278,0.10645433568757,0.10049899702584822,-0.17642149690931527,0.15613620282677146,0.19066360272095687,0.24486103080789745,0.24388517185907907,0.1970078465955479,0.23157475605489838,0.13608710129450605,0.1889659659209601,0.08054257000357834,0.15050376837620308,0.04420041566979968,0.12068915863005672,0.14857567428538737,0.10261972300580983,0.05057310825202688,0.10603538863943694,0.002892437002782974,0.10542535731185339,-0.032290102489813864,0.050012281809170805,0.15851924865010453,0.035409673974363884,0.054519148831856316,0.05903675808654523,0.00038876865907261593,0.08297318206607905,-0.03546242925780437,0.011481261150900405,0.1619603132899092,0.009420755395262987,0.06769895714139783,0.04109368024213509,0.03076798283644912,0.06773796600930852,0.008149211958757481,-0.0019706533574393903,0.1611561024634843,0.004816889659021251,0.0879101935482232,0.03405114576939008,0.059059380498857506,0.0594330372044338,0.04297798608215723,,,,,,,,,,,,,,,,,,,,,,,,,,,,,,,,,,,,,,,,,,
0.019876152102902046,-0.3159213702144361,0.08972136890364872,-0.3707681978094653,0.12158566307310845,-0.36966219951833523,0.15683841410273383,-0.36835364577426544,-0.037104472014128746,-0.37398605290836845,-0.0846378187698933,-0.3751433955929628,-0.12109261123799771,-0.37663038020793677,0.21470290828385072,-0.3346896577849563,-0.18528876128761304,-0.34901101107898275,0.09560749381183846,-0.2483051737576124,-0.06183544590224194,-0.2559234436559521,0.4999838289272967,-0.004021294716844449,-0.4999838289272967,0.004021294716844449,0.653054392978797,0.48855296470575943,-0.7889934540737678,0.449281604525969,0.20114598561379488,0.20790059547526316,-0.38528782785697613,0.29145922610274133,0.09330500728790547,0.14281101656490616,-0.21422970233132013,0.27760670902563145,0.09720636186576204,0.08383560814009347,-0.2024750224935552,0.2104554342309035,0.11562652716570179,0.10477802125088596,-0.21989287968703827,0.21068602882069956,0.19707557688937247,0.24711906364689268,0.2526826474450755,0.1974455478380228,0.24089892707270935,0.13303792079192253,0.19436597666407035,0.0743126797310102,0.15337976836426864,0.034354087589762806,0.13230207552176002,0.1525120117002591,0.11561032272946661,0.05454672689812322,0.11595443940906755,0.006481273795197965,0.11282379695012672,-0.029554024053964352,0.05642935465847962,0.16219115815754215,0.044506257927259193,0.05778388166265481,0.0689391794320355,0.005382376324440608,0.09427991351061615,-0.028396590333211385,0.013538214739458489,0.16531761295318625,0.012609099704535982,0.07057946893813326,0.04556619192212523,0.03229566900710233,0.07524598242922945,0.008545427655851789,-0.002922852426880215,0.16394797394667937,0.005955084798347868,0.09142456439535607,0.03582404844307397,0.06311941988348307,0.062244016182149066,0.04627682017634874,-0.4424673659806016,0.3049843771534372,-0.40814646107065744,0.24503733980762432,-0.32589811387426293,0.21336331120968996,-0.23598133585612655,0.2115326650959082,-0.16083180623695986,0.21918489148141487,-0.43435012689684055,0.24497743801524935,-0.2513737295563713,0.2342589317349494,-0.14179605443240065,0.2275019549333569,-0.06022064652055906,0.22282970616426737,-0.42880074473940316,0.30182332861751576,-0.2289261245988799,0.2754005387575233,-0.11293540728060046,0.2586815661538011,-0.03180152473808809,0.24599631470257569,-0.39185335561698115,0.3431614827065601,-0.20963984128578583,0.31169701934577954,-0.10652700793038147,0.284711170844694,-0.039497812624369064,0.2617718795944713,-0.343162484104305,0.3639907378721822,-0.21607172796492996,0.33432469382503033,-0.15592668697410864,0.3055675547855863,-0.12132775763572501,0.28079707120463004
0.021696086391940952,-0.3161431162171443,0.09110194774809083,-0.37032153250108674,0.12279938735855776,-0.3692076356616582,0.15804966075775617,-0.3678711233430403,-0.03563773359211881,-0.3740714879717998,-0.08343632712481412,-0.3753260559422498,-0.11994799719014324,-0.3766832364464612,0.21567265324157275,-0.3341650456604275,-0.18423825498872468,-0.3496653654120339,0.09674609235134199,-0.24784960386273536,-0.060641139400752726,-0.255825884614844,0.49997292415489003,-0.005203375059383789,-0.49997292415489003,0.005203375059383789,0.6542974403695728,0.4890859346312209,-0.7846929322293783,0.4562659485001299,0.20330615851173278,0.20930443927298276,-0.40758640769999216,0.28799687150844544,0.09587138195928789,0.14436044767457323,-0.2433421639424861,0.27335359858939917,0.09937741642028793,0.08512424412315857,-0.22510453876496997,0.20466830120147209,0.11726431978764561,0.1060104016827359,-0.23971448764909464,0.20663013994588655,0.20734291920103337,0.2489384621513348,0.26159626903891153,0.19733646722306583,0.24758451389641228,0.13146167887874508,0.19849347589455824,0.07519395486434927,0.1507744594288615,0.04100076355651633,0.14793499671556917,0.16003130271964455,0.12122095711429318,0.061425847583735795,0.12311824192220651,0.01296487057001689,0.12284545829208325,-0.022364251501974162,0.0747107108333482,0.17119986212854607,0.05330693814117718,0.06811432737974855,0.07685856324810372,0.013560879129024506,0.10331274821641186,-0.022068159257260935,0.029802840756187995,0.17347864340181868,0.027378653789555275,0.08030300287406426,0.0576432509476692,0.04240975109862492,0.0836340861517259,0.01933130907772993,0.008259671622855859,0.16907449888489884,0.015669352732021587,0.09601036867870816,0.0447692475548429,0.0690661565083562,0.06913813096083031,0.05399231156432564,-0.4902310158475911,0.30556573975563606,-0.4675644807501532,0.2528283603588634,-0.37477762062981745,0.21885860397370155,-0.2715453144485237,0.21980078187908053,-0.20199222641349893,0.2307171347941765,-0.4517247292985804,0.2294724001455066,-0.2908615093464805,0.21644534292015788,-0.17899199572046637,0.20943409344163946,-0.09721863809244335,0.20540570928570714,-0.43994723233351585,0.2783494723493668,-0.24335463769326277,0.2529665731594399,-0.1291169324051973,0.2381304578743719,-0.051747901392645644,0.22806896660921827,-0.4047946548071887,0.3180370322018552,-0.22026672654769058,0.2890093394546973,-0.15297339048730832,0.26162381144482355,-0.12444574036252595,0.24399011611330457,-0.36065678845497917,0.3403631340572934,-0.2249996499993151,0.30824085852621397,-0.19141047958675508,0.2846285946016432,-0.1814848338410086,0.26967511680014367
0.024570156798521856,-0.31745851176186246,0.09371978557209226,-0.3714669192662736,0.12529759134971993,-0.3704292250304493,0.16059906513879849,-0.3690649556126347,-0.03321924938702256,-0.375412162568659,-0.0812268037427114,-0.3766251300601259,-0.11777651842415839,-0.37783235537005067,0.2180141357752405,-0.33523484748441806,-0.18249655543955332,-0.350849388574977,0.09917613407744046,-0.24865833575071195,-0.058292895246474914,-0.2567360357029032,0.49996308802642697,-0.006075410363031023,-0.49996308802642697,0.006075410363031023,0.6573220132979158,0.4878801708757438,-0.7784952143957105,0.4637748573449167,0.21734968333965338,0.2097704594327606,-0.46414800799941514,0.30018083437608284,0.1137393090713605,0.14974533942108217,-0.30660296312937085,0.2851074255365638,0.11919374351619465,0.08977290164640916,-0.30561585477856035,0.212460717058109,0.13423935290539077,0.10894440519222023,-0.32267140999897287,0.21254311280595137,0.24448012394004665,0.2661388124052407,0.2993524107564599,0.21296602903381479,0.28282823519303957,0.14622474411559677,0.23601159106003677,0.09364222054840439,0.17644493411433962,0.0661016241235746,0.14930592581450255,0.16186252736954043,0.13068849721463582,0.07337259314196866,0.1400089693148697,0.024095652082518203,0.14930173311051942,-0.011642774378193364,0.09609659300183242,0.1756038412370285,0.07702334456240859,0.08148264983142102,0.0980526717014395,0.02685445130341689,0.1220923603003568,-0.011347644476076607,0.06932435515478036,0.18427134526475944,0.05640572272537318,0.09695928741923053,0.08106492891066713,0.04809979384331768,0.10270903405765898,0.015291520592380502,0.062247799997169215,0.18868252558370466,0.061830899388064194,0.11790594537320279,0.07982151874245319,0.08066552828340474,0.09240218277252468,0.054920776349435506,-0.4824684837823898,0.29708898862574173,-0.4712491725064925,0.24221733982949983,-0.39619366444399146,0.19820269799756973,-0.3090481298631838,0.18498355806745875,-0.23595817965712126,0.18213142561006607,-0.46145711235389536,0.21589517964046276,-0.31824719583938443,0.19011451628542064,-0.21358499974575884,0.17735055817469542,-0.13198349587099,0.17070366402961618,-0.44239616858920466,0.263538515624052,-0.2727359409769549,0.22986800368441052,-0.15583715601709067,0.20870861157616388,-0.0694196024517884,0.1936064006831955,-0.40629562010838505,0.30169731717763276,-0.23803967489326713,0.26646866883382636,-0.13551803647450628,0.23834647144994564,-0.06427059737755128,0.21712118097257285,-0.3649414312452276,0.3250641679329967,-0.23660768419155115,0.28993341011262247,-0.1575800448337295,0.2626835685944488,-0.09781077091076072,0.24214952739985968
0.027954678067977957,-0.31949419398952283,0.09743924656999203,-0.3739214726841318,0.12916242467150763,-0.3729025100125875,0.1642895514200618,-0.3716186611176331,-0.03029605192696621,-0.3778634571263812,-0.07863957809146183,-0.37906182627298385,-0.1154297496111173,-0.3802610217544256,0.2210694054014774,-0.3379000680097494,-0.18068421825699604,-0.3530785535935501,0.10288681308901054,-0.2504102142544891,-0.05551597484507183,-0.25843043657245085,0.49996218796363123,-0.006149032982399171,-0.49996218796363123,0.006149032982399171,0.6672375166946757,0.4909852076245101,-0.7750461637150977,0.4677784200043213,0.24886675849759635,0.2159198244069225,-0.5128045331424245,0.30376096228376587,0.14821880784003943,0.15791965749817805,-0.35891491065434683,0.2824419825109029,0.1560318037433611,0.0930558616012109,-0.36115455351314846,0.20757053719305027,0.16472108183601586,0.11177482471045948,-0.3807495233667838,0.21037566852671596,,,,,,,,,,,,,,,,,,,,,,,,,,,,,,,,,,,,,,,,,,,0.29968763650959684,0.28312031159878986,0.2291094597555766,0.2517466731341971,0.16755302314446,0.1922342216549889,0.15451951917289736,0.13334602023920022,0.15467083026342765,0.09118577404543377,0.10941623554232412,0.19539834956873553,0.10253773252699833,0.10521501149806488,0.12059819858449743,0.053170974294289915,0.14087351745562632,0.016082863157661907,0.1478680746083491,0.19675858852881206,0.13265222032682641,0.0982200870854136,0.13821648368811676,0.04280276743862745,0.1474901641419519,0.0023897603545643795,0.20294843327076262,0.19405096470615554,0.18609634419291704,0.10162302576764888,0.18116753232286462,0.052767172002935445,0.18008576820355165,0.018686827865507318,0.26542503963266467,0.18874672137422305,0.24676676622659602,0.1173379862919644,0.228416623900515,0.0839275242640684,0.21393593218081022,0.05961170347487762
0.030407253969592107,-0.3202880820771757,0.10034258013394937,-0.3749447236285077,0.13224479730062833,-0.3740042169048136,0.16751809504495624,-0.37296107753501173,-0.028174000846588058,-0.37878351715597136,-0.07678769501255049,-0.37990443932327356,-0.11378681012374342,-0.3810529826977641,0.22386646625260978,-0.3405848656724017,-0.17940011020277008,-0.3540716822057202,0.1053893164881514,-0.25109206200354856,-0.053774333357834124,-0.25859616201131963,0.49993719884842797,-0.007924468915164205,-0.49993719884842797,0.007924468915164205,0.6882475040242325,0.4925434451014813,-0.77722229458503,0.47475575718666535,0.3144841643693975,0.24677308441265683,-0.5750952426368662,0.30064561624286956,0.19787019897879102,0.18444559944561076,-0.40511978393834097,0.2819314631545021,0.20281263987173673,0.11920209097987822,-0.4118781113520267,0.20460908069310169,0.21177798488052857,0.135299434917663,-0.4411339582099281,0.20789702051332756,0.367582101476285,0.30658103491530525,0.4147639270421828,0.2480000572349832,0.3775364519839344,0.19125214849860192,0.31335973181455967,0.1482775223941715,0.25932082609088136,0.12418767268806458,0.3293944430484191,0.1900938129904593,0.25258771804028063,0.1104462606797926,0.2203433304674959,0.06385325643368914,0.20176192545514735,0.031480739715853474,0.26086613563551886,0.2107754459139349,0.18670827515888064,0.1218837499212509,0.1624627674791538,0.07126497782210116,0.15530601108017267,0.035557315809547185,0.20942029775724794,0.23049763449674787,0.15003682701055412,0.15221497628711053,0.13881199335086028,0.11008949445182811,0.1412197496858335,0.0816237619253043,0.17602718205273393,0.2486456914056833,0.1378692695403016,0.18733917493979302,0.13325375658126742,0.15334763053907136,0.13854705147053864,0.1314055837330614,-0.5628538746497458,0.2973651590908118,-0.5454298813593463,0.23395370340420713,-0.46770833088369557,0.1814114236927641,-0.37114024875813595,0.16502936885011485,-0.2939856258694915,0.16146992826759288,-0.5376778371372156,0.1986019762120434,-0.41629787401663915,0.16624054492853083,-0.31363178684857196,0.149653779065382,-0.2272725583269958,0.13908723544724044,-0.5256261224556393,0.2529868398652212,-0.3654213655694778,0.235725802459371,-0.25321275177886365,0.2195243478175686,-0.1638115877004147,0.20337887461909776,-0.4993127193815611,0.3013197030283323,-0.3374718447679321,0.29435232279903706,-0.2330958293555297,0.2753918883114585,-0.16388770768276653,0.26310451577189736,-0.4640080129066511,0.33770505459250394,-0.3347405785079636,0.31787903244153143,-0.26356904165934414,0.301272035660743,-0.21363839789579966,0.2896257707395334
0.030204224561047276,-0.31959847975408956,0.10044127877124139,-0.37458729317200584,0.13228540795050892,-0.37376967651405685,0.16766492672891778,-0.37287759652206004,-0.028334501118675633,-0.3781875259974423,-0.07704850675381453,-0.37931603863767055,-0.11406316634708528,-0.3804978318746834,0.22371935208252505,-0.3417182525129245,-0.17985887581072857,-0.35356569271356353,0.10508214825262603,-0.2507447785385359,-0.05411481737847396,-0.2576531259174546,0.4999046905753217,-0.009762189344191045,-0.4999046905753217,0.009762189344191045,0.718547354544951,0.4932491947785394,-0.7784598131115616,0.4764082711469624,0.38196216952641565,0.2736525676237729,-0.6270851513464111,0.32292796204690727,0.2619420752070566,0.2148861968942465,-0.46393473768358684,0.30621311732751316,0.2662272782046971,0.15438617174642852,-0.4804698528898692,0.22940441950974713,0.27649526321419704,0.1675289964563919,-0.5113848091616701,0.22901230761778585,0.44899730037255225,0.3369147662101037,0.502888033991112,0.2783031497139463,0.4762325654289203,0.21907140627187996,0.4146518506765296,0.17576750873420263,0.3498382247129932,0.15204339800552186,0.4172198644403015,0.2402424884046345,0.30249249440361303,0.15702818633906787,0.25180821669987885,0.11226258742918664,0.21700710690010502,0.08015584780847586,0.34144616071528255,0.2677281537656827,0.23488311712546517,0.17443234877936206,0.1977221208931091,0.12260956832350253,0.17986609089154315,0.08681555240239999,0.2846601446672847,0.2877050475225891,0.19506993118650048,0.19843192759350184,0.17191951188361443,0.14880734175914925,0.16611359185274824,0.11324920348006162,0.2500734522691542,0.29779543054280716,0.19187439039393278,0.22837923052682502,0.17522929145574623,0.18347756259286382,0.1702121277595707,0.1504421125698668,-0.6444739586147153,0.3282162462798458,-0.6087312345181215,0.26784091252866943,-0.537455486173737,0.21667313190932272,-0.45534842151009924,0.18635045977156953,-0.38806705290590626,0.1695962096108035,-0.5932808789619995,0.21364779302315012,-0.4725088437203113,0.18353343321865873,-0.38621120461894726,0.163355349708269,-0.31494877642375885,0.14688554023346215,-0.589266796501122,0.25914479762534975,-0.46261928044943224,0.23930286288009034,-0.3719792727101275,0.221150089554766,-0.2979367258754259,0.2058913961454107,-0.5649968371585079,0.30660337919875275,-0.430029130414145,0.2999297069483799,-0.34710185906354785,0.29031551926192367,-0.287257203756387,0.2825768825831125,-0.5280155704392636,0.349089567577445,-0.4209218484054307,0.3381595526526899,-0.36124295495493286,0.3273916920441905,-0.31539389140939644,0.31720575545369734
0.027571553406496484,-0.32103737334280175,0.09829428639219005,-0.37604118253353214,0.1303986010541487,-0.3751500657152514,0.16554649486460232,-0.3743214850311032,-0.03044969353544749,-0.3789696656360462,-0.07877460665185751,-0.37985902737818433,-0.11541126689334982,-0.38081665234502543,0.22109964288795583,-0.34425776968837735,-0.18098987170518266,-0.3537670493460852,0.10248623957249448,-0.25335397037388957,-0.0560181970149192,-0.25939060095245936,0.4999018016531228,-0.00990902134228437,-0.4999018016531228,0.00990902134228437,0.7325689204656592,0.4880436758820904,-0.7814271919845522,0.47448432709434035,0.4258385121611264,0.30497316140989583,-0.6401933512469871,0.3460816632902176,0.31418647980650993,0.2530663226313659,-0.5005300265397329,0.3157685423903903,0.3064229466760839,0.19098124306752481,-0.5138611230565209,0.24380561717890253,0.31346726807777214,0.19935046221199323,-0.5309537172365418,0.24485201204958604,,,,,,,,,,,,,,,,,,,,,,,,,,,,,,,,,,,,,,,,,,,,,,,,,,,,,,,,,,,,,,,,,,,,,,,,,,,,,,,,,,,,
0.025510948884701252,-0.3254404486083282,0.0965755900449416,-0.3791581496559454,0.1287293536409818,-0.37780093815801635,0.1637566374242293,-0.3764729467120327,-0.03201955414609558,-0.3820500130303361,-0.08007566273145386,-0.38252066787334243,-0.11654689640026632,-0.3826630810602686,0.21905839712383715,-0.3459660141824147,-0.18127014105062303,-0.354572748221034,0.10030764513378643,-0.2579306986888602,-0.057494369717350204,-0.26429974824474894,0.49991508404525425,-0.009214594078220876,-0.49991508404525425,0.009214594078220876,0.7278637511060828,0.468998195108611,-0.7716383385784754,0.4720505383266511,0.4388130979460821,0.3617427221660497,-0.6356862397630182,0.3695471491632418,0.3226616401036883,0.34714744448457147,-0.5538954890299197,0.34912021278657346,0.3166201869661397,0.2754151666169486,-0.5568714176641657,0.2832067810361584,0.33081928867518523,0.27389977969587054,-0.5510330300611144,0.2798670304933055,,,,,,,,,,,,,,,,,,,,,,,,,,,,,,,,,,,,,,,,,,,,,,,,,,,,,,,,,,,,,,,,,,,,,,,,,,,,,,,,,,,,
0.011716833428692322,-0.3333683186717176,0.08278801213115966,-0.3853885538051071,0.1148436309287391,-0.3835056153810552,0.14907883398050173,-0.38143875112743,-0.04367462317854973,-0.38773590946124165,-0.09025596035067042,-0.3875039715897973,-0.12574389865282914,-0.3867303640279217,0.20321818707474068,-0.3499293144302321,-0.18825295997104238,-0.35815670124437465,0.08614479389317131,-0.26698833160175806,-0.068742775168124,-0.2738358234531056,0.49999415510896905,-0.0024176138790603353,-0.49999415510896905,0.0024176138790603353,0.7003343271174226,0.4490253566180938,-0.7408083430423398,0.45292371782233776,0.48116621483963395,0.47196572681971405,-0.6503192264695385,0.42338277484184916,0.362556616814592,0.49453607940541155,-0.6157487513584703,0.4213512878822341,0.3989194211579106,0.4271796970704109,-0.603847676231508,0.36415396481289086,0.41844479950916064,0.41594957217895556,-0.5780749114281979,0.36011896783535247,,,,,,,,,,,,,,,,,,,,,,,,,,,,,,,,,,,,,,,,,,,,,,,,,,,,,,,,,,,,,,,,,,,,,,,,,,,,,,,,,,,,
0.002408824795333132,-0.34529928969560475,0.07741943473444407,-0.39633348933329876,0.11125410030782673,-0.3938596656454141,0.1451182536222286,-0.39031034852517255,-0.05143875706021394,-0.3986208570002264,-0.09669632621257054,-0.3976865091575043,-0.13346798877179847,-0.39587597983925343,0.1996136667637043,-0.3564989674789971,-0.19043695589621046,-0.3651910185543121,0.08107186904660348,-0.2779669099309738,-0.07627930201613345,-0.28482613607897456,0.49993785828952075,-0.007882756426976178,-0.49993785828952075,0.007882756426976178,0.7035938628190442,0.44712801117356205,-0.733624789604245,0.4574179741661813,0.584199977268467,0.5555150579788147,-0.6632957181585347,0.5452062156398112,0.5254934809651566,0.6172291240627877,-0.5957055903649339,0.6862858174638481,0.49249741797783303,0.5726889700730331,-0.5821488711362909,0.6420105137333699,0.49994882629075355,0.5451404076324147,-0.5618849494488652,0.6128687142612185,,,,,,,,,,,,,,,,,,,,,,,,,,,,,,,,,,,,,,,,,,,,,,,,,,,,,,,,,,,,,,,,,,,,,,,,,,,,,,,,,,,,
-0.0061787864791216195,-0.3517569342899241,0.07187108162730146,-0.40264716995076266,0.10637042189128494,-0.40021937512475897,0.13999938356236566,-0.3961060753280053,-0.05808471673627241,-0.4045490422386284,-0.10228265058161673,-0.40336250315182126,-0.13946515980290272,-0.40110242870076007,0.19430731237710167,-0.36134805829628186,-0.19312755708406548,-0.37008219277639004,0.0754708660876825,-0.2844657168020184,-0.08377512226777843,-0.2911176728966643,0.4999800611115777,-0.004465253728844284,-0.4999800611115777,0.004465253728844284,0.6950523354967992,0.4365509645300115,-0.7284927344791806,0.45187216276171976,0.6769633494065402,0.7568343983591324,-0.6422276028556833,0.785689622205679,0.6862198360070122,0.8586398626052288,-0.5675047839219154,0.9021687894201346,0.5609579766307193,0.8201736096732334,-0.5696898795997186,0.8967397906735926,0.5457456761411238,0.8044164634312968,-0.5451767300688068,0.8612501950399379,,,,,,,,,,,,,,,,,,,,,,,,,,,,,,,,,,,,,,,,,,,,,,,,,,,,,,,,,,,,,,,,,,,,,,,,,,,,,,,,,,,,
-0.011329800390951819,-0.36010365790131754,0.06697807363329211,-0.41074974862865976,0.10139139983474599,-0.4080549579455609,0.1347920875762413,-0.40353678048671304,-0.06243023249098094,-0.41317588374272096,-0.10603310218443351,-0.4121195909665015,-0.14303141916601764,-0.4097598670840745,0.18892308554651188,-0.36851140837451823,-0.19555296307471015,-0.3782616397581274,0.07029394215463414,-0.29274150597840753,-0.08823613178278723,-0.2992790276204798,0.49999984709603823,-0.0003910293318622689,-0.49999984709603823,0.0003910293318622689,0.6922334439912069,0.4241968719065737,-0.7277933379697483,0.4485196755735246,0.7835233855753075,0.7475435955162202,-0.7033058344483445,0.8691503528896497,0.7678854000399353,0.8605014853714624,-0.6663209325355505,0.9835685814543739,0.7374113224540966,0.8462237789565765,-0.6200376169850321,0.9760384332701422,0.7114346134745271,0.8170761550372453,-0.6010780072882428,0.9373683242175527,,,,,,,,,,,,,,,,,,,,,,,,,,,,,,,,,,,,,,,,,,,0.8396375114704847,0.6809078053707709,0.7782138518803063,0.7206706005545154,0.7461692814887817,0.7718309798596329,0.7243810846142279,0.8078191377339062,0.7163003430455941,0.8438692794243714,0.8482194364671848,0.8170100979988465,0.8298017424205306,0.8836524407191504,0.8048148264372376,0.9357723294989192,0.7813024168928416,0.9751456892203606,0.8578534924695884,0.8167423279128972,0.8324408362173655,0.8866864599734368,0.804863882200338,0.9393516292390769,0.7792174584127627,0.9843070743501464,0.8535126772733583,0.8142576623666892,0.8292438880748032,0.8802721975772776,0.8049474718038883,0.9291281956929968,0.78145595966038,0.9700290137420251,0.8383316010116295,0.8086568047355858,0.8256552022139079,0.8615746908746713,0.8103391783294982,0.9000182933532337,0.793493216764854,0.9311247829608478
-0.011736392159423454,-0.362263086250283,0.0668992017242094,-0.4131656026826425,0.10161488864030546,-0.41032658782275977,0.13491540669083557,-0.4055073282229419,-0.06278579998563734,-0.4161228212862237,-0.10639890847233911,-0.41533718696574773,-0.14338791457903804,-0.4134287498933328,0.18863586495611145,-0.370519285714624,-0.19509961753848307,-0.3812458991511953,0.06986199848198753,-0.2946841908642756,-0.08865001869665534,-0.3014710336794227,0.4999974530085312,-0.0015959276241877915,-0.4999974530085312,0.0015959276241877915,0.6915434764260697,0.4231819311514624,-0.7256287876468397,0.4604900430950818,0.8304621827166841,0.7668546674925507,-0.7506099756942596,0.8772932663801444,0.8374697610621983,0.9007672017466827,-0.7457209006248491,1.000131659337019,0.805946106478738,0.9063202099787314,-0.6825501637285537,0.9965570364601731,0.7822598470841933,0.8683062401738662,-0.6670884057157701,0.9582903674159707,0.8874803040758185,0.718769738724587,0.8213115306539607,0.7659846525220788,0.7786618490849979,0.8181421651066333,0.7477608227604791,0.8652387866182967,0.7452492366977471,0.9065153568334963,0.8852918967879921,0.8519666754831611,0.8851376563973385,0.9201717408133142,0.8752841569057931,0.9687647243238554,0.8638374303250281,1.007951877352693,0.9086478940372225,0.8521035616163128,0.9112221679280731,0.9197339885220448,0.8925617369228953,0.9712440810512268,0.8702023698901957,1.010391213037254,0.9136609723598536,0.8529772953562493,0.9152304701582032,0.9165700240446543,0.8989325202686503,0.9650491423758726,0.8776195441296039,1.001258446484813,0.9060302345026174,0.8529780036932901,0.9065731748444589,0.9087811499430397,0.8950274581622296,0.9478356668609708,0.8788488630640665,0.9765620984699607,,,,,,,,,,,,,,,,,,,,,,,,,,,,,,,,,,,,,,,,,,
-0.012071635384959124,-0.3641522475331752,0.06702190154753776,-0.41527191577921285,0.10194323300161585,-0.4124792091273896,0.13518792996324056,-0.4076663861613707,-0.06290924965505246,-0.4182108792067457,-0.10651849950769428,-0.4174453801067284,-0.14361604314386187,-0.41556416340922175,0.18884918640923146,-0.3727119918119352,-0.19494277552811634,-0.38341612634400907,0.0698291452364618,-0.2965480224171377,-0.08887762770488691,-0.303304642252573,0.4999910644685588,-0.0029892225740949106,-0.4999910644685588,0.0029892225740949106,0.6934091795902546,0.4224810452146468,-0.7254596234978574,0.46708457522070385,0.8355555194191747,0.7649029042152325,-0.7716095751457512,0.8758006418293192,0.843067621981503,0.8976053110758752,-0.7707865483806214,1.0017528996088458,0.8127375123181262,0.9025961241059093,-0.7104910402682056,1.0002913955373909,0.7892126861082844,0.8630851663895922,-0.6962981054724007,0.9606756647853836,0.8903872732731934,0.7490811121403727,0.8160666710951584,0.7778208344887297,0.7664710870924855,0.820120953238065,0.7419962123238218,0.8647055141835148,0.7399883283945036,0.9052365464300542,0.8848614263654724,0.8747683349142195,0.8782217233101347,0.9484496620216982,0.8632694942472214,0.9993268099414682,0.8471895811233516,1.0385615639528694,0.9018963519144911,0.876913257010354,0.9016701414347269,0.9490260023584643,0.8833013540912361,1.0035572650187523,0.8629892130806797,1.048129061736504,0.9020149528635212,0.8781756745859037,0.900858194728363,0.9454280856760069,0.8869769198255248,0.9961871644895677,0.8702938969429106,1.0364847177377923,0.8967608776372097,0.8784543602239832,0.8970439952987955,0.9363587473344864,0.8879902576800175,0.9787792398422542,0.8736182691345559,1.0109390660899937,,,,,,,,,,,,,,,,,,,,,,,,,,,,,,,,,,,,,,,,,,
-0.013155289951976422,-0.3624795125500651,0.06752543900840918,-0.4139340268402011,0.10277748280095673,-0.41120787851785695,0.13612763095197078,-0.4063613332764294,-0.06321762624478602,-0.4169478314269205,-0.1067180710142047,-0.4163133321977337,-0.14391455367055414,-0.41463812606899847,0.18978095341394846,-0.37208155341706134,-0.19487643880743596,-0.38271317586397513,0.06910122928092313,-0.29474651957862275,-0.0904816015398244,-0.3016231241437312,0.4999644769982784,-0.005960011731361801,-0.4999644769982784,0.005960011731361801,0.6962462661814837,0.4275888881448813,-0.7147201264361854,0.48083983004645026,0.8644908258540278,0.8223912368312475,-0.8294703222136375,0.8909484824835004,0.8901833720018475,0.9650699899972066,-0.8607475118084741,1.02671992520217,0.8558714622193855,0.9790841546246848,-0.7978910134389056,1.0314981164797854,0.8286665846222262,0.9311137344327036,-0.7706112846912698,0.9843027305545681,0.9040054691112187,0.7984960083204313,0.8557148177189831,0.8574274494229566,0.8225385805644385,0.9247155186117219,0.7994244384942651,0.9844650712186215,0.7899049029976514,1.036511630518233,0.9268371170653255,0.9303794633370674,0.935000965613002,1.0017397555209528,0.9279670935295918,1.049134151163727,0.9185002475467497,1.0890642583572125,0.9460029276997877,0.9271525866287779,0.9583212376052959,0.9921169770581648,0.9463601839637736,1.0447489951780302,0.9290007692271336,1.0825709878053047,0.9496591527432711,0.9246501907348494,0.9554405808439185,0.9834246313267442,0.9425161635249215,1.0302470965379353,0.9216755027719521,1.0664987280486757,0.9443974995757771,0.9227745508476448,0.9407195579083744,0.9750356063097391,0.9277865963439009,1.0106923447291785,0.9114542711155812,1.03857826989286,-0.8973045555937207,0.8100755970024508,-0.8233755161096283,0.8239267089454193,-0.7764884795432996,0.8752938227245353,-0.7516537400402972,0.9319288198501384,-0.7307925641979285,0.9760726641044486,-0.8981348159471318,0.9329181722742709,-0.8558049773092715,1.0125071068673632,-0.8124554363753257,1.0689754912061746,-0.7684087384120322,1.1115989937810111,-0.9189083242708095,0.9457551890822479,-0.9011767008405996,1.0304742310635189,-0.8690833577976437,1.0921168680588043,-0.8366534960864938,1.1411558529506896,-0.9220099298800556,0.953912451440703,-0.9067153744669018,1.0311899896272894,-0.877129589466183,1.0900322501676538,-0.8480186776085875,1.1377089619213803,-0.9097708767515976,0.9568744565392212,-0.897149424136788,1.0190066075982642,-0.8759961419021917,1.0640303311315393,-0.852424215179848,1.0998163012638107
-0.01729686335878323,-0.3654838184012026,0.06519536025981329,-0.41744764434912446,0.10089974901015335,-0.41482788493096784,0.13427955872146513,-0.409941168833334,-0.06674624280344212,-0.4205110243552526,-0.11017435410216542,-0.419993049449289,-0.1475689390821915,-0.4186377608155646,0.18818733402280993,-0.3758525325189744,-0.19807252138434966,-0.3863397124815373,0.06569830324589404,-0.2974723442697628,-0.09512740229942086,-0.30443946018404205,0.4999588368190017,-0.006415721829290316,-0.4999588368190017,0.006415721829290316,0.6959575348516548,0.4419630056395137,-0.7044410404219745,0.48734974030868844,0.8725269395814276,0.8605822897202222,-0.8502093702439117,0.9054071169080614,0.8965951907310153,0.9990790625123956,-0.8810130399474414,1.0476071105342342,0.8653719246686127,1.0131038437631055,-0.8160295581774055,1.054979551431069,0.840838399808365,0.9667967619039599,-0.7894258784697185,1.007102349749873,0.9069452044246471,0.83994239001249,0.8402730922499131,0.894730695811259,0.8130796333761076,0.9655666497935457,0.7959405604382376,1.0250781995612224,0.7852990348697345,1.0814641837018268,0.9153550267448267,0.9962224608803704,0.9143770571953048,1.063827804747832,0.8987372393143231,1.1065426156578282,0.8850800242950345,1.1424209451953842,0.935058473634142,0.9934157866965274,0.9372368493571667,1.0572717402617782,0.9190702373244468,1.105296397918968,0.8936748823909151,1.1396983781823145,0.9418359010356137,0.9903592963203456,0.9403407618615505,1.0482853364432345,0.9261624402863228,1.0918070393383714,0.9044135785843752,1.1275189440486528,0.9375904573772683,0.9878153228315985,0.9362066259909092,1.0434790590121168,0.9261542085206725,1.080436823558404,0.9116378476995076,1.112280514218829,-0.8997326566279947,0.8449188502508532,-0.8245660781080264,0.8734462130628355,-0.785615063090129,0.9275072602615573,-0.7579882733354145,0.9854710591355806,-0.7331507994761068,1.0319798192531549,-0.9062393305201477,0.988874894231913,-0.8556893103226372,1.067216250021427,-0.8080555720581154,1.117105044695519,-0.7644099005618017,1.1556690772521463,-0.9336399256709106,0.9991413376090532,-0.9030183837823903,1.0797707663464515,-0.8650693178052564,1.1333609923402708,-0.8300283914711749,1.1751994781113815,-0.9343110829985376,1.0022622504990186,-0.9066221970985928,1.075025511352001,-0.8747078653622896,1.1281166418154238,-0.8441775887016296,1.1682305726828306,-0.9173663513105818,1.0012386483355666,-0.9035086212171415,1.064037177917629,-0.8821151123117105,1.1078546875218893,-0.8600687885999381,1.1423899865984826
-0.02086370671790422,-0.367992213430866,0.06327725458188656,-0.4200893628095303,0.09922862132226627,-0.4175921307591884,0.13234832927483445,-0.4126923985161331,-0.06899429532818746,-0.42313430258493284,-0.11215602788247662,-0.4227011147520338,-0.14951610569664728,-0.4215644219991084,0.18658795870013128,-0.37831673237173463,-0.19912837935422553,-0.38920498645024953,0.062024609318914764,-0.2999747396535285,-0.09893144264979999,-0.30676884043330244,0.49998064223146776,-0.004399703831971189,-0.49998064223146776,0.004399703831971189,0.6911244601130072,0.45284169381327977,-0.6966549919184382,0.4849631357160358,0.8601712215858057,0.8746842675285728,-0.8386999058075351,0.9016303773226961,0.8800724329317073,1.0130595754752103,-0.8752580309914121,1.0438911240499913,0.8433513922327497,1.0251918791093886,-0.8215492760310302,1.054731922661074,0.8181283635995005,0.9780818516647488,-0.788895795661328,1.0100620016286221,0.9011772223780284,0.8735845542247972,0.8296713240513427,0.9106680472485947,0.8008327260314744,0.9795647902526929,0.7850101778034348,1.0429846350834204,0.7734523539410384,1.0974164143825083,0.9079586982126931,1.0221882166367902,0.8952846859408465,1.105890170093525,0.8677221923018127,1.1594022087106084,0.8394874427203634,1.200043608251164,0.9278210497984711,1.025094461093226,0.9175045893332041,1.1060187475486807,0.8849626740812763,1.161331765924121,0.8482378727603711,1.2014305614408305,0.9267109500150312,1.0261857577669287,0.9150779137136859,1.0984298124587282,0.8875558915298959,1.1495200105416539,0.8541891465308274,1.1883000812954578,0.9150200717665893,1.026957938806805,0.9061358710315938,1.0883748047574267,0.8864599388480678,1.1307408971539767,0.8609365976907294,1.163537818389389,-0.8921976630150797,0.87814672587876,-0.8134889648876883,0.9104886118585307,-0.7831194355807369,0.9678839403294442,-0.7622156603313688,1.0288300122276923,-0.7384902546193823,1.0785606559379974,-0.90885153254005,1.0290010309876836,-0.8639776873055668,1.1120921519938114,-0.8186015751945546,1.1607893409775103,-0.7772022312543522,1.1976690441072033,-0.9367595557051602,1.0358992651799548,-0.892141701378957,1.1197779678682198,-0.8491331246304086,1.171960895242733,-0.8082393157262847,1.2104875717081731,-0.93599485113987,1.036740032801063,-0.8932105238595927,1.1121829441522568,-0.8550263773765328,1.162225361329729,-0.8181194992763386,1.1992390142316456,-0.9155553336237763,1.0356872377330129,-0.8893130869041505,1.1008221052490126,-0.8595644631423083,1.1416841279438188,-0.8293635798219765,1.1718658052306332
-0.023235626537409123,-0.36865823460060854,0.062416200716409735,-0.42084914493965614,0.09875780132483623,-0.4184978038809834,0.13141262088237846,-0.41371080645045677,-0.07020247822059703,-0.4238290020590065,-0.11295123707047655,-0.42348171605567,-0.15038893675025844,-0.42265154139563227,0.18601045594197302,-0.3792398959115491,-0.19918342577935572,-0.3903624462220161,0.05943965534502938,-0.3005873137321913,-0.10179932856178935,-0.30711790171555176,0.49997758949961674,-0.004733919956305386,-0.49997758949961674,0.004733919956305386,0.6839471583784255,0.4563672838906868,-0.6870295901781427,0.49126290373006654,0.8471166228316261,0.879626575792158,-0.8293754994498399,0.9344947210914629,0.8653881629288175,1.0176946017536836,-0.8636981868904163,1.0762258983345738,0.8290113861865479,1.0294391341355902,-0.8111989707167057,1.0850240491036371,0.8041548380312463,0.9819620942516245,-0.7783027963375148,1.0423633648484183,0.885029155564939,0.8917174991103821,0.8147687217548676,0.9280223124643315,0.786297355937002,0.9940646534410944,0.769965784096593,1.0555185228521247,0.7591592819505026,1.107327508094204,0.8920432587519139,1.0403636061147727,0.8717164657659047,1.1209500700951844,0.840906289827631,1.1705704374626287,0.8112099352876873,1.2079188989606253,0.9103403977658461,1.0422006416643808,0.891861918173883,1.1204418510418481,0.8561754171165957,1.1707165124001144,0.8188894312965188,1.2088093116310357,0.9092663173431559,1.0419124300842921,0.8908567579116488,1.1123221610731175,0.8580205082693737,1.1587730961266065,0.8225097983746,1.1946984010645385,0.8983812283128053,1.0410324001913012,0.8841050883746178,1.1020927981408193,0.8611142179135293,1.1422071957406472,0.8349419212404321,1.1729899826281422,-0.8836332090422493,0.8990006594432409,-0.8128237858761304,0.9355047147155994,-0.7897609967800724,0.9976067916617232,-0.7694393951827729,1.0567180916708658,-0.7487701048019784,1.1116675090554877,-0.9066339699938968,1.0543776704298238,-0.8684805299724446,1.1385789520727996,-0.826665102256532,1.1874367223401336,-0.7889220504632495,1.2272188710625427,-0.9206778847940283,1.0590542165902173,-0.8831726523076698,1.1416574455776336,-0.8415937012981528,1.192957137685954,-0.8001848577755795,1.2285117058646542,-0.910042787982059,1.0563824415387753,-0.8748378329809444,1.126742585814753,-0.8394096930186651,1.171797753358956,-0.8064428978516823,1.208065152911515,-0.8886285333214269,1.0559837786885533,-0.8693094515386558,1.1120881905543747,-0.840256873952062,1.1480403475028742,-0.815248164403546,1.1776215964241863
-0.023951235374198954,-0.36989396060060015,0.06287762915970652,-0.42196906033525217,0.09935635946113844,-0.419639731272155,0.13170241204986413,-0.41484843849283976,-0.0700718971976523,-0.425077573297209,-0.11257022084298175,-0.4248281236227748,-0.15021728011044877,-0.42423144643663263,0.18634690599470405,-0.3804929351587525,-0.19802822937313524,-0.39192668576821815,0.0584845084691066,-0.3017799886243713,-0.1033654295422637,-0.3081294704485041,0.499969229673785,-0.005547015359816244,-0.499969229673785,0.005547015359816244,0.668440264543543,0.4630668549951341,-0.6844174670340057,0.4964605783411933,0.8366603303392017,0.8962042625689338,-0.824815984314347,0.9450930024529037,0.8530705617342268,1.0358994765572211,-0.8621723019870686,1.0818207395187387,0.8192290623692083,1.0477652729302895,-0.8067795930836025,1.0869066170801875,0.7954418774706181,1.0009439891083087,-0.772833567959268,1.046865430822728,0.8662432205722098,0.8975111250338486,0.7945130773929685,0.9325531288872225,0.7691993427131758,0.998340274340979,0.754904473157817,1.0588870997261488,0.7414418771131466,1.107304825713928,0.8719257753198009,1.0402808889327544,0.8461653371384595,1.1166947156444393,0.8117353832207809,1.1631529523229045,0.7791764359260349,1.1987966384436706,0.8927976791432586,1.0453907193830418,0.8671797070246361,1.1214600892529965,0.8281332806655831,1.1684157952571157,0.787299861547434,1.204964149813791,0.8925903257771935,1.0466763102526448,0.867035810938703,1.1157001344989346,0.83064332891238,1.158779941333755,0.7909987953439707,1.1918697847467878,0.8817434209442722,1.046128075102885,0.8619050663989073,1.1038032351209566,0.8342287546162863,1.140849774014893,0.8038362924911159,1.1696105796526144,-0.8703849699946814,0.903175446985458,-0.806276582417993,0.9445660388984558,-0.782291294616005,1.009344481727467,-0.76528210693534,1.0745390613118224,-0.7461794546454769,1.1292292266230672,-0.9056888021609378,1.0613987567490617,-0.8638995465887448,1.1477802027698114,-0.8225628486756337,1.1974484840584445,-0.7875924353594227,1.2384720962640878,-0.9265301392381912,1.065784995452943,-0.8842422077582569,1.1471824530662587,-0.839839182568009,1.1949604224185666,-0.798919515174751,1.2288387448813518,-0.920268380400607,1.0629152963677644,-0.8795677746884805,1.1324962934089031,-0.8435174257161647,1.1768354144367645,-0.8112914503892098,1.2103617724359446,-0.9019103680113344,1.061641681942581,-0.8797948355619667,1.1187280299021887,-0.8472655612489164,1.1551988056994913,-0.8183839186495918,1.1841044011876545
-0.02563834447644845,-0.37090410796833556,0.06202719006195245,-0.42296895539050244,0.09907954185091328,-0.4208378468317613,0.13064621453343578,-0.41668906327616895,-0.07161152470565968,-0.4256857515238999,-0.11349165874956359,-0.4254613774454363,-0.15156402222220683,-0.424937214667692,0.18576406305736473,-0.38214231106738505,-0.19712068580893669,-0.39273668521350963,0.057021867365558365,-0.3028276770024703,-0.10572680200006465,-0.30858946087768474,0.4999677284312744,-0.0056807153837695225,-0.4999677284312744,0.0056807153837695225,0.6556329437547328,0.4671910383970372,-0.675590483810079,0.4993563090674609,0.8206686260486961,0.9017420145469016,-0.8147640708104592,0.9392650176766397,0.8344500024823319,1.0445609235049882,-0.8568067870239165,1.0752300108363233,0.8031551607766148,1.0554589149557005,-0.8041648441297012,1.0806007427462154,0.7786357039418383,1.0093475487861021,-0.7673190589526593,1.0390691008225919,0.8448258790139526,0.8978160023977839,0.7747438821284865,0.9328511243765572,0.75011490937446,0.9970185493238549,0.7370000664135936,1.0565335955616753,0.7257329261814089,1.105293466230472,0.8504736951032807,1.0379650378968184,0.8188471002958352,1.1141617626444154,0.7799310190583024,1.1589405960924712,0.7442738822731215,1.1928073701912445,0.869407840056301,1.0426608668246649,0.8385599657608567,1.118883056249421,0.7952814113691947,1.165819442344037,0.7515275756954538,1.2019411759313698,0.8670789795815805,1.0435430487172912,0.8373369489585644,1.1131746947738408,0.7970653633676463,1.1566534050894655,0.754711372638987,1.1898947809631877,0.8542983827677588,1.042852297090021,0.831728843519631,1.1005244486151267,0.8012180645658785,1.1376599612728513,0.7685094880911748,1.166137127547195,-0.8558992740101306,0.9080335705518219,-0.7935255061305512,0.9533872290199418,-0.7761145228284347,1.0206357018288095,-0.7608718656901381,1.0828669209386983,-0.7451658582723473,1.1382741407939792,-0.9013375179443379,1.070527949295186,-0.8593905613822249,1.1536686956219024,-0.8194020254720354,1.2004216648111077,-0.7869477396195906,1.2387191146608765,-0.9145271077460259,1.0693793677030508,-0.8731298231574824,1.1481547916809909,-0.8293345406053586,1.1934616165120981,-0.7883021310063169,1.224821633545369,-0.9031001900202685,1.0624136210147468,-0.8657388341680902,1.1275490598434164,-0.8288272058834991,1.1677957149811717,-0.797792219633336,1.1997385703944516,-0.8833509528048293,1.0590652830803402,-0.8640455666930177,1.1107245654519506,-0.8318286098509479,1.1427532528539763,-0.8052007934959412,1.1685226157655277
-0.0246091455459995,-0.37066713075395824,0.06348432542862277,-0.42263599907625726,0.10076818233086367,-0.4206123410946232,0.13171763472287376,-0.4168843725619655,-0.07032047285859822,-0.42518261288367154,-0.1119922948176824,-0.42496906371245174,-0.1504545774665091,-0.4245276755044401,0.1867833210555761,-0.3823068919393731,-0.19463706667675484,-0.3925461575417966,0.057959472867974614,-0.3026360097440126,-0.10547913385240723,-0.3080188512182303,0.4999671154872824,-0.00573440767006211,-0.4999671154872824,0.00573440767006211,0.6453248706833377,0.4679073582917086,-0.6666995806004898,0.5015680685944633,0.8097834720320063,0.8951920902822671,-0.8051022540816841,0.9396062350772526,0.8217729355177562,1.0350025374146323,-0.8488870234929955,1.077944559784908,0.7911361737866802,1.0473319399385252,-0.7967795612260332,1.0850745814068656,0.7670212711999232,1.002335904716891,-0.7612573962294268,1.0422765227754587,0.8191636593184545,0.899303488748287,0.7532516987457675,0.9359691536399104,0.7294304040802054,1.001311117214437,0.718118866018303,1.06027642798052,0.7089048317029785,1.1079195498532182,0.8293062686251762,1.0388370142621128,0.7941109510196823,1.1143297527808311,0.7521990415676016,1.1599907549146762,0.7143174067484175,1.1942606927782176,0.8430662553309979,1.0428426144687422,0.8084517630690046,1.1161336486062141,0.7646271417965637,1.1607201593573546,0.7204835281212282,1.1965041129161027,0.8362958767854256,1.0429849805828888,0.8033773519231281,1.1094747487634897,0.7639257845434552,1.1513390845016163,0.7228043443012181,1.184091101365074,0.81959022511932,1.0412634511876355,0.794477872164247,1.0964063560485844,0.764452113132538,1.132038890286426,0.7326231683308784,1.1600965531740668,-0.8397088469769947,0.9154824567975937,-0.7745940567622922,0.9629019112091638,-0.7624434994503727,1.0284205010724385,-0.753100723209506,1.0881936774064527,-0.7424258829779217,1.1430722641327828,-0.892240744878526,1.0735303226770752,-0.852247760231837,1.154461730778364,-0.8134438965416805,1.1992332109695802,-0.7817682793349011,1.2345959241432038,-0.9091121501095747,1.069856140843403,-0.8736329878450779,1.14816833196934,-0.8301851841147873,1.1919070365344906,-0.7882413221682597,1.2225118457711197,-0.9008160843326295,1.062832094994694,-0.8714395378582304,1.1284676664904159,-0.8339078716101683,1.1672821366335902,-0.7997297527896972,1.1976300833176383,-0.8824387402869148,1.0605485567248925,-0.8671572823038488,1.111876866290461,-0.8371980465904396,1.143567350282851,-0.8088539650928543,1.1678139681522723
-0.023906572240461468,-0.3706731933237552,0.0644611157054555,-0.4225174964311206,0.10206359189455086,-0.4205766731796131,0.13235600584513946,-0.41706464402912385,-0.06924470649334168,-0.42497195759954526,-0.11073626936221016,-0.4247778044155683,-0.14954954574517676,-0.4243827664591187,0.18738594463449262,-0.3824931541336842,-0.1927690010926144,-0.39255785324339765,0.05864139173045111,-0.30269592979853355,-0.10531990925574196,-0.3078351433207572,0.4999677878667097,-0.0056754819767805866,-0.4999677878667097,0.0056754819767805866,0.6305512158859641,0.47129157516978376,-0.6620613830527516,0.5020744207716865,0.8044428499325581,0.9024352922505909,-0.7977762744101066,0.9329788121667703,0.8147248199183188,1.0419031770545162,-0.8462877769106767,1.0700247422888216,0.7824674021417585,1.0533762839098586,-0.79581689500347,1.076851458758641,0.7595052451951634,1.0072664970389091,-0.7580984760598919,1.0346318214498589,0.7927327203033461,0.9032971127250875,0.7274490664852069,0.9390528307545475,0.7091109793938598,1.0035449914832621,0.700956722813891,1.0623788977873327,0.6883236569725254,1.1096580324387861,0.808445133587296,1.0409758121657209,0.7722965033661744,1.116527795645564,0.7283760770798708,1.1609902919528252,0.6898797167973922,1.1938059001333194,0.8199028286479247,1.044731329957977,0.782377942873594,1.1180170710266724,0.7354839259429126,1.1609144730087173,0.6899551814473688,1.1955461929064857,0.8103728479559436,1.0441035207572338,0.7751014500040321,1.1098470483578586,0.7331241498810898,1.150573867344219,0.6901610263376802,1.1824792939012883,0.7915977390535825,1.0414000793880065,0.764298313351063,1.095487684361515,0.7322834099074083,1.1298683868672252,0.6987352986103584,1.1566071421068915,-0.8296751908125123,0.91533797592591,-0.7590986041059122,0.960534569673318,-0.7452317975256708,1.0281889826713515,-0.741584870884672,1.0922930141791778,-0.7368363552157889,1.1474202952811179,-0.8751705873729432,1.0705754925159974,-0.8389999466289119,1.1569653334736814,-0.7991054974173798,1.1997532585691408,-0.7681764169127644,1.233104382329163,-0.9066007283528131,1.0672061553269072,-0.8707797316296528,1.146603647308368,-0.8242918243470255,1.187855353050316,-0.7810550971606849,1.2145623989652268,-0.9056616717576834,1.05972275468464,-0.8743166056561027,1.1264072874981168,-0.8353074489052688,1.1640377529235884,-0.8011827681962215,1.1922588748088019,-0.8913949556766865,1.057690877841377,-0.8751786918511977,1.1111492564376169,-0.8413389521972846,1.1426313015077287,-0.8101988895374532,1.1662722860099808
-0.02285941888493771,-0.36968171339890477,0.06574301749920702,-0.42138687926740026,0.10351956936941337,-0.41949619062096777,0.13334122251682878,-0.4161459425548131,-0.06806968645816591,-0.4237736134889184,-0.10940605330178219,-0.42360638333060363,-0.14852838457893325,-0.42325569392688017,0.18818512910989724,-0.3817511267077859,-0.19037349802231732,-0.39170987667886475,0.059624298858587756,-0.3019739620433996,-0.10501290998672763,-0.30688079124559836,0.49997023581322597,-0.00545557520955925,-0.49997023581322597,0.00545557520955925,0.6149014553556383,0.47155231049786756,-0.6576493117686173,0.5021677776879165,0.7945089386262986,0.9077742952994643,-0.7896610721671555,0.9404739653592278,0.8078552459235359,1.0499486835756977,-0.8396856014050553,1.0728368120685106,0.7782886716884867,1.0636936619254576,-0.7889004660119722,1.0781313753297557,0.7553308639630426,1.0159512157577888,-0.7512448825817071,1.0382485701997617,0.7740029578738686,0.9028482381571218,0.7040929899609775,0.9347383942965196,0.6881918362683043,1.000300025286985,0.6820697659683939,1.060956238300216,0.672155028575901,1.109299160690357,0.7863959827074634,1.0391988538103545,0.7591637509671185,1.1192689358564725,0.7201259167847278,1.164572785285171,0.6838491442457371,1.1971830189627979,0.8020761032900432,1.0418207333916127,0.7666268377897179,1.1177425196540485,0.7166220216005433,1.1596368495680758,0.6654457122875624,1.1903620394991288,0.7936285106514577,1.0406291303120594,0.7547563189992965,1.1072876359063237,0.7091497618156736,1.1462709615244535,0.6613429285089911,1.1747829979046442,0.77340054121707,1.0377285338002764,0.7416705591111636,1.0896951290934793,0.7059646270703867,1.1216230355006824,0.6683616558708362,1.1449137159146707,-0.8198865561583706,0.9129907119782902,-0.7510889422231097,0.9582326439116634,-0.7349339003391343,1.0245947922633445,-0.7294599792050341,1.0884527219151976,-0.7238059504848166,1.1447759450774937,-0.8624489246900542,1.0703518213088266,-0.8244153975739353,1.153101995965996,-0.7828301700279535,1.1954957231144,-0.7481229442543699,1.2282204424172867,-0.8911060526369262,1.067086952353035,-0.8477363311231042,1.1427534832999842,-0.8003188195035533,1.1852844520762036,-0.753877478652541,1.2133168483715229,-0.8901214145185996,1.060128202052189,-0.8542507660639763,1.1264026780529393,-0.8140289582369976,1.1651626773204082,-0.7751350690010045,1.1954320415878688,-0.8776870231532277,1.0579487414973585,-0.8590082259238194,1.113927802171393,-0.825539614661425,1.1466996211074756,-0.792329433970688,1.171866348708888
-0.021260358133853425,-0.3682227569033329,0.06729673195293673,-0.4197802604099965,0.10512205985183216,-0.417908884519008,0.1345484138902903,-0.41464227539685933,-0.0665331649246803,-0.42216993102217754,-0.1076325663732577,-0.4220266140135387,-0.14681027290759296,-0.4217365551412752,0.18924317238079072,-0.38041726043924706,-0.18784916858475362,-0.3905857427090423,0.06097629380173481,-0.30086411411026726,-0.10369591510900474,-0.305605957563374,0.4999699028655781,-0.005486002969776651,-0.4999699028655781,0.005486002969776651,0.5990639544919236,0.4714769535359569,-0.6532000225357573,0.4998791881168502,0.7709326618958876,0.9078387810851577,-0.782333169884248,0.9350563671081235,0.8044572501004954,1.0437401883284494,-0.8314197722438096,1.0689000512224784,0.7735954427389918,1.0575936389294345,-0.7805618612306026,1.0724903530491876,0.7426124482010659,1.011254999703651,-0.743745987384589,1.031599165220391,0.7526578113249593,0.9030394176316475,0.6784786137359625,0.9364373740185732,0.6669844491362583,1.0016524088576721,0.665617844180108,1.0607755926616764,0.6574241859852329,1.1061348989950948,0.7673727446800785,1.0382753492061494,0.7510477782144299,1.1186003173420696,0.7220545366064905,1.1653566132425381,0.6932353478852682,1.1997662191022085,0.7866441402350959,1.0409490193317728,0.7533048454669022,1.1145047176797551,0.699996187260933,1.1525704879620164,0.6455116621764874,1.1782730586461114,0.7825007682365686,1.0400891172799398,0.7452801467846626,1.1041375938207802,0.6952642671056058,1.1400190091564228,0.6438294436608715,1.1638136721630137,0.7669837162804034,1.0375392688345744,0.7346418446642438,1.0856642772942615,0.6937139494153426,1.1143956492209748,0.6512125528424277,1.1333790056900024,-0.8049117898288745,0.9111222510318521,-0.7389423648165452,0.9555903925345923,-0.7241907679497184,1.020745009419069,-0.7177883089124449,1.0834267053701703,-0.712951886771652,1.1401826996613877,-0.8490859207035982,1.0683903625471476,-0.8052476451594743,1.148136618007253,-0.760308542187782,1.1899317919187258,-0.723742551030544,1.2223491859781632,-0.8737111988610532,1.0634771885279537,-0.8245122349129173,1.1359806660441283,-0.7729865649942632,1.1779755353463148,-0.7236853822973186,1.2061931790251499,-0.8690112001105301,1.0561056711632726,-0.8290899926854838,1.117223525637756,-0.7871733242388076,1.1551447494762555,-0.746021803522689,1.1846789425383708,-0.8538700918516583,1.0529484817670822,-0.8318022143838967,1.1043076071349498,-0.7983255741490908,1.1359940141968936,-0.7631448929252335,1.159454095216405
-0.02090615080040445,-0.36759369248836476,0.06772469315307299,-0.4190912135890983,0.10565833072123104,-0.4172222345751959,0.1348454901601135,-0.4139303277328471,-0.06612818408500336,-0.42150592150030086,-0.10707564784294218,-0.42136714417589505,-0.14641213742950945,-0.4210815241361514,0.18929424300361217,-0.3798135487559589,-0.1870279558190167,-0.39007684638420437,0.061278517117975544,-0.3004105640361868,-0.10349838396272798,-0.3051313600828883,0.49996889367367914,-0.005577217829468638,-0.49996889367367914,0.005577217829468638,0.5888321436202076,0.4704058607171783,-0.6513909977149897,0.4979363713251722,0.7422306191090258,0.9058542131201016,-0.7795057438077749,0.9272203103718611,0.7917531714389355,1.0426760308940763,-0.8252941954707604,1.063277669353152,0.7567278086401005,1.055821390771116,-0.7763364396743216,1.0667144025631055,0.7202983664807578,1.009897054804385,-0.740694600472946,1.024733692092945,0.7356759109655174,0.8987081014197761,0.6665360485394054,0.9337625697598005,0.6546953533129074,1.0003969009594325,0.650799068154416,1.061387036517943,0.6439312124412441,1.1089251520094132,0.7601289489292021,1.037772097872843,0.7483445361046425,1.1204006252943606,0.7162967052363942,1.1666759811012184,0.6827939479778499,1.1995541965662901,0.7740101880614927,1.0374924392090057,0.7415571589662049,1.111455931416202,0.6893989771473904,1.1505020669292179,0.6344236945437014,1.1769786413439036,0.767164424506091,1.034720399412599,0.728680937677874,1.0960441966872743,0.6803020928490371,1.13222536507358,0.6285908388886059,1.1562879329154052,0.7500759651362374,1.0313171551084717,0.717568406984866,1.078294375260998,0.6782545355598254,1.1068004475025912,0.6367703726357384,1.1253375212176637,-0.8044719422695072,0.9126112573752515,-0.7315203059551042,0.9556339812869075,-0.7131253847552079,1.0195479963928487,-0.7068447245688017,1.0829559958851005,-0.7009017149603797,1.1384969078615415,-0.8365744775284245,1.0683334421254091,-0.793566174886424,1.1492524573385163,-0.7475351039907835,1.189000632531786,-0.7104560033585986,1.2197543188246214,-0.8688639632891078,1.064286544557992,-0.8167888462301633,1.1376593345467132,-0.7633892078788721,1.1788713781941382,-0.7121498231216085,1.2053705707703508,-0.8698713919836177,1.0568116805098955,-0.828102529526361,1.1212869416239517,-0.7827982643211729,1.1586463584246693,-0.738055025955868,1.1861055078563738,-0.8587582476195605,1.054356996313204,-0.8348647899854289,1.1086321679170794,-0.7976689603529621,1.139475800852265,-0.7601134318183873,1.1613240682140888
-0.022802765393916062,-0.3670533909165245,0.06603332012121742,-0.4184829466333815,0.10466701138273445,-0.4166483349910775,0.13377934146817935,-0.4132679483112204,-0.06773437329710388,-0.42102432340617013,-0.10810686442239324,-0.42092203075779266,-0.14764971662809384,-0.42063853649169863,0.18838180845050465,-0.3793645914025829,-0.18731211460865338,-0.38981875993984366,0.05979127908713637,-0.30021039996118926,-0.10503037799071226,-0.3049101691306067,0.49996731731197963,-0.005716784048940795,-0.49996731731197963,0.005716784048940795,0.5794315395541063,0.47327405947581386,-0.6491757269276572,0.4965142835843236,0.7200345363353691,0.9153767552106363,-0.7756749058655721,0.91906769816716,0.7777342460487464,1.0455791819998497,-0.8234376467291828,1.0551050097213561,0.7412268055725958,1.059690838192538,-0.7731951411459801,1.0599957893925813,0.7034422834195273,1.0159955875814262,-0.7377087004085147,1.017033928025915,0.7174921086107136,0.8923996193861385,0.6504186088792401,0.9317351713360947,0.6375036365456523,0.9979430370465384,0.6351715743530196,1.0597235928590563,0.6292816897736696,1.1098256212093847,0.7481534541686345,1.0358531479477004,0.7373540479430999,1.1187904157926152,0.7035556110625071,1.1638690693778457,0.6677559866687081,1.1950769099065504,0.7585146134656754,1.0361418093938066,0.730035569459355,1.1111235467649958,0.6766083294021813,1.14992556548386,0.6198702406470099,1.1751708305957547,0.749303896145592,1.0336810055974799,0.7142516736877974,1.0971416831278686,0.664582462347984,1.1320115654367575,0.6115981985027052,1.1540288318894942,0.7321306420060036,1.030541286895141,0.7023230196812876,1.0805464525150705,0.6617939367278314,1.10950420509676,0.6190517243013457,1.127433619104577,-0.8045965757664985,0.912458962510856,-0.7268317426931357,0.9560599777712366,-0.7057769729918272,1.0203621174297168,-0.6997444654862077,1.084226010159703,-0.6930170598482671,1.1400448663486331,-0.831305028615073,1.0658578237474587,-0.7876681934118958,1.1492937682532136,-0.7394564771528167,1.1880525227868908,-0.7005149007839615,1.217944571578247,-0.8662144529879537,1.061840910553554,-0.8162170381380423,1.1392088341385207,-0.7590586124257752,1.179549621549159,-0.7049685720578819,1.2044662890440054,-0.8683081242654465,1.054374072697933,-0.8280480849899146,1.121777396156966,-0.778602682608088,1.1574575623552283,-0.7312853263877337,1.1814394081644748,-0.8573250204115114,1.052530352806116,-0.8333943647161148,1.1077273958071352,-0.7933722784591116,1.1380918474626593,-0.7545945192125082,1.1580699169763373
-0.023687552667671054,-0.36593662833179613,0.06505300220314678,-0.4173690734703138,0.10429602309012795,-0.41560716119751856,0.1332946764162995,-0.4121527810969317,-0.06814809038928124,-0.4200920128989033,-0.10804549835122167,-0.42002641676067565,-0.14766941414751153,-0.41972642375518104,0.18772425284119837,-0.37860053131651283,-0.1867790562200964,-0.38928176915791873,0.059106581080531864,-0.29963423834920627,-0.10542331459094989,-0.30429436293193535,0.49996659372686897,-0.005779719469998989,-0.49996659372686897,0.005779719469998989,0.5711600941602669,0.4757592572598819,-0.6473040914149485,0.4954305770376667,0.699061018783899,0.9217213375375674,-0.7706162163234844,0.9161488144028501,0.7596363411301074,1.048006847930446,-0.8182738660915525,1.0531055045626065,0.7237641745943698,1.0624395726478513,-0.7682935445303603,1.0588975561065923,0.6860785809519488,1.0199234793863445,-0.7337484316017273,1.015333324017725,0.7014495928305627,0.8931182726556675,0.6361495993016093,0.9317900823709621,0.6267224721615989,0.9962885785522909,0.6227221572679226,1.0589907900843931,0.6128715414595143,1.1091016916914174,0.7380856482613409,1.0366002917232773,0.7233128731633633,1.122371178224252,0.6880870472429624,1.164198774418921,0.6522997183793328,1.192782072997835,0.7513456889502708,1.0374614378259301,0.7190681907894095,1.1158329050117881,0.6637946107193147,1.1515285742049346,0.6081961985727163,1.173061424924103,0.7444656161268819,1.0348960165906047,0.705530372320465,1.0996276851779536,0.6534668048706794,1.1316623901658547,0.6017063790410234,1.1503434706409545,0.7297353473264759,1.0309263132281012,0.6963675538867532,1.0786227521792413,0.6537591012626219,1.1042673437655557,0.6112067989328136,1.1192391812776747,-0.8005599350784814,0.9135714984011261,-0.7195829018207027,0.9566462958372973,-0.700924648801706,1.0207896982570204,-0.6975388385309466,1.0845106615465572,-0.691192718272731,1.1398641814437722,-0.8229274747912176,1.0646628444261812,-0.7824636660410607,1.1492349833664246,-0.7352054530240403,1.1870489705167364,-0.6965039063927492,1.216006954237207,-0.8610188024139562,1.0608586182550468,-0.8158367509026004,1.141424319995379,-0.7599292060219145,1.1806058554354617,-0.7078501578835072,1.2041790084380637,-0.8655302424167025,1.0531368157859204,-0.830451483038208,1.1235261950261648,-0.7806591162784174,1.1575146153950389,-0.7350503400225112,1.1794357952525152,-0.8552721871283828,1.0510772719686068,-0.8344454569718558,1.1074066874796145,-0.7943486367497032,1.1364213462635135,-0.7574582869563957,1.154527804567739
-0.02553304338009692,-0.3655776491816324,0.06320272488149993,-0.417177448909145,0.10314326502865168,-0.4154494810658884,0.1320270486225844,-0.4119508902978076,-0.06996110788724631,-0.4201256317906869,-0.10924949728936606,-0.4200927663999709,-0.14898637690362346,-0.4198310669855994,0.18615844492272288,-0.3787531745405846,-0.18734317233167122,-0.3895447353612708,0.05762426184723016,-0.2998008911658241,-0.1070821296611911,-0.3044146326114438,0.4999654118267103,-0.005881069371128212,-0.4999654118267103,0.005881069371128212,0.5695332276247901,0.47916848102787774,-0.644924336136383,0.49540590701656734,0.6863310573044658,0.9208637736350161,-0.7693423912485596,0.9210562459497944,0.7468816937487068,1.0482003803323179,-0.8160930599102446,1.0604534021444174,0.7066488614032724,1.0618152180682343,-0.7666018896657975,1.0659363282849303,0.6686531482333304,1.0196676270817773,-0.7328655660958299,1.0219944268181063,0.69526467465425,0.89101150991041,0.6293616995528196,0.9294460110095921,0.6191014042767393,0.9943509620918862,0.6157327017283499,1.0561480359606221,0.6010028881308025,1.1064535861127844,0.7282700929126028,1.0363277579361652,0.7148290221893017,1.1220482140075236,0.6771521732356681,1.1631808238317622,0.6387229166137278,1.1902751917907541,0.7425847187284987,1.0363873701608148,0.7139323913968425,1.1144830555860628,0.6613329068990671,1.1518139438576382,0.6067031104450387,1.1753411932125881,0.7340862181738853,1.0334055352169706,0.6955504986639343,1.0982034989635299,0.6456526192093768,1.1309094575713694,0.5945027082212663,1.1510171329486834,0.713931167685486,1.0290828622582773,0.6812491588570512,1.0781998390515137,0.6390819884888909,1.105032507596134,0.5957007216392275,1.1207599955810015,-0.7964436207319427,0.9129787021017987,-0.7142780024470846,0.9569735727887659,-0.6978511634220079,1.0221760605465846,-0.6980704262746968,1.0859455823060045,-0.6951890667740124,1.1406687304549388,-0.8217175869362892,1.0647529994032465,-0.7832833917649461,1.1486875361578253,-0.7371330409315522,1.1846368543079724,-0.6997417974677178,1.2123077651317584,-0.8636675485386802,1.0613794020094314,-0.8221158175748585,1.1417235696441959,-0.7649979537093121,1.1795727870831803,-0.7123759616633735,1.2009571430370842,-0.8698560753881156,1.0534268515357013,-0.8380359526904123,1.1247326870917513,-0.7871480470445125,1.1577562862045427,-0.741215516832566,1.1782106215275472,-0.8603281276548915,1.0512752173392519,-0.8422542605519917,1.1081417833369567,-0.8023006092117352,1.1365574099290945,-0.7659541530224441,1.154271505893199
-0.027298581313400606,-0.3656960459591201,0.06125907018423682,-0.41741134247858724,0.10195471662708924,-0.41576053087986364,0.1309307101706264,-0.4122772895782864,-0.0717218978482853,-0.4204608493467802,-0.11046648188726979,-0.420426255422184,-0.1504339961040884,-0.4201607732584267,0.18445135529035928,-0.3793992585854088,-0.18760534279950444,-0.3900713969649434,0.0562829612629005,-0.3003666423767181,-0.10852677607480969,-0.3049359232504672,0.4999680400387257,-0.005653223844430272,-0.4999680400387257,0.005653223844430272,0.5688887472578703,0.4811947645367996,-0.6436944838237585,0.4964450943464187,0.6776796514413079,0.9198680921659469,-0.7676019721133889,0.928321065225993,0.7350596157550086,1.0452873174887525,-0.8138041676547195,1.0679767388208834,0.6960137326101344,1.0587157006029713,-0.7643400096274737,1.0737769868448475,0.6596693204860005,1.0166985837122229,-0.7315694731401912,1.0311565728751562,0.6958077415136752,0.8891467652398146,0.6247436087038928,0.9263083277949409,0.6112982780609576,0.9912954611839895,0.6097506367272545,1.055222238369127,0.5989543620677926,1.1073427031266678,0.7231998399893996,1.033671446363226,0.7035903262470765,1.121832490745543,0.662828898932454,1.1614958230294223,0.6237840640883252,1.1872885640013404,0.7414072514848309,1.0340753915837635,0.7101628224867742,1.1155166534716627,0.6564201123258202,1.152147950566438,0.6029253252911391,1.174275482699067,0.7355407857971195,1.0314843415748656,0.6964122616101543,1.0990663687422115,0.6465865271841619,1.13135752603449,0.5967183365779831,1.1507809663945152,0.7165775494642983,1.027542206622016,0.6842827231194113,1.0789299091585645,0.6421792961339632,1.1061700040262146,0.5989702612957636,1.1216154924912578,-0.7953901535540608,0.9134238380507624,-0.7122142160078107,0.957055163372543,-0.6968957466497445,1.022044568079873,-0.7016782693667748,1.0864147764802894,-0.7030502766464357,1.1405030764536237,-0.8244326268365316,1.0629756453984498,-0.7849563288773,1.146881112905061,-0.7383217529577146,1.1833832942913685,-0.7018596690749163,1.2112041477719369,-0.8637102281253236,1.060368696161581,-0.8180473833174702,1.1400839308722788,-0.7617344581249321,1.1787796815682094,-0.7094905559546275,1.2021604572418918,-0.8682329906534982,1.0541424886014272,-0.8333146169766079,1.1258085207558255,-0.7831801143019153,1.15999151145986,-0.7371006136269871,1.1824527526630886,-0.8580161205518251,1.053456899913975,-0.836974322236984,1.1105573173622518,-0.7985382880507111,1.1388284160129436,-0.7635257857027289,1.1572156110862006
-0.02736301491501966,-0.3659853993772426,0.061081580529332005,-0.4177164371663187,0.10183924617356996,-0.4160852260098217,0.13065448691773987,-0.4126079339940959,-0.07204211811655065,-0.4207288038805219,-0.11073918243849103,-0.4206751082823179,-0.15081984699577947,-0.42039292263452055,0.183681465786722,-0.3797747782356973,-0.18792822009020718,-0.3903272292765654,0.05626443054606335,-0.30075493896001354,-0.10855198173831407,-0.3052507884532159,0.4999658265717056,-0.00584570444610186,-0.4999658265717056,0.00584570444610186,0.568625995100561,0.4825241429713463,-0.6428258904756711,0.4987594218104308,0.676197923034257,0.9256296488217977,-0.7641594763695619,0.9336034888100521,0.7272501262281522,1.047817605896543,-0.8089883160766538,1.0710567115595784,0.6878861014595768,1.0607740481584669,-0.7604819390619972,1.0768008309186714,0.6543337739249075,1.0197476425934615,-0.7287727238494203,1.0359825721928828,0.7008612280434776,0.8870875596003648,0.622900807285855,0.9229190251765262,0.6096852291938992,0.9882691001783724,0.6094208547689207,1.053073313586769,0.6014361883511098,1.1058125189733439,0.7227583803009915,1.0307022431064072,0.6964716347177782,1.1203670819336846,0.6531917602265197,1.1590125460953997,0.613403409267259,1.1846352124591988,0.7483225490212186,1.0319626490505913,0.7107286454851446,1.1166794603308474,0.6536314529623822,1.151522926900055,0.5983173035396563,1.172361009879171,0.7460222819801081,1.0295155267311407,0.7005144330580039,1.1011639644374442,0.6458992868210037,1.1315781989791887,0.5931052508073197,1.1492720772712752,0.72709069832194,1.0256232506857177,0.6906293790133496,1.0796967262052255,0.6452968484021294,1.1063424901621217,0.5992127540358846,1.1217539126359166,-0.7932885526059991,0.9151412832591113,-0.7108616184868758,0.9579844335516438,-0.6977022243257237,1.0224465667100187,-0.7041508037402788,1.0859798969843375,-0.7043585140299168,1.139530735347993,-0.8191173576809522,1.0630217546302787,-0.7838510491896274,1.1463484174315033,-0.7367162236419414,1.1815805877457586,-0.6986609745108917,1.2071328823174399,-0.8591283925804069,1.0591916432448902,-0.8152094095056469,1.139515718042479,-0.7596156064226812,1.1771200987684467,-0.7080114735961898,1.1990001382824678,-0.8650280545544601,1.052490432589029,-0.832989986544102,1.1252323396805475,-0.7841248094305521,1.1584427615850266,-0.7380420683680018,1.1798209437031508,-0.8564103039373364,1.051162099530369,-0.8379621116278781,1.109648567433005,-0.801717058980672,1.1385278936553567,-0.7673557614213534,1.156724153202835
-0.02782863580055343,-0.36608634891748165,0.060436006455869426,-0.41781668827879226,0.1013758569125479,-0.4161989615092209,0.12999659932513355,-0.41273825156134586,-0.07294432639230311,-0.42079651375858695,-0.11156414929635344,-0.4207410069488412,-0.15169120899963215,-0.42046129102866014,0.1828035613358525,-0.37993250515358945,-0.1884837581998351,-0.39038995319974706,0.055829377621261944,-0.30090363747976895,-0.10897374423335997,-0.3053577098624337,0.49996615577850795,-0.00581748021575945,-0.49996615577850795,0.00581748021575945,0.5679433208974304,0.4829313253271941,-0.640775630009374,0.499154150498831,0.6764015325440479,0.9258534992843902,-0.760184174463217,0.931260874941981,0.724070012734954,1.0470690260375746,-0.8030271404754238,1.0679971879083197,0.6839654699450627,1.0599640608702086,-0.7537879746634574,1.0727990506004763,0.6519230294461685,1.0191386277524872,-0.7225434881920875,1.031386606787236,0.7049603098073891,0.8883459071718492,0.6213415700717146,0.9246906490751882,0.6094596217917987,0.9901195628875751,0.6129926825970311,1.0561466585773163,0.6057204177717558,1.1098011467349551,0.7213967838316323,1.0291045437978774,0.6905816023872111,1.1199122881442085,0.6432517486456975,1.1565853580636851,0.6016680715608831,1.180299333404689,0.7588109918460161,1.0301443364571714,0.7163638173152511,1.1184534016163625,0.6552084042041392,1.1518863051543595,0.5991552538467324,1.1696828705670899,0.7650200743500291,1.0271996827451872,0.7183222651308091,1.1034147217193018,0.6593834588654875,1.134266558604121,0.6048466218925506,1.1505017768056067,0.7506528872111191,1.0241804963043937,0.7149052798868375,1.0830131763422766,0.6683193570356899,1.1102104658194012,0.6221293129408423,1.1253231547961229,-0.7928179457631055,0.9133416010787748,-0.7067244837888368,0.9569802519721956,-0.6900565132035078,1.022551947452419,-0.6971472463239541,1.086350217816237,-0.7012557539060083,1.1405486028894978,-0.8123955292048951,1.0631619862203723,-0.7734543166359253,1.1449296262159405,-0.7253111921292925,1.1795630827018349,-0.6874451621745725,1.2053845713160156,-0.8558173020759602,1.0592150680380732,-0.809508433261822,1.1384636065297082,-0.7532805150010883,1.1750600491237813,-0.7022228902459416,1.195701600360556,-0.8637192550023607,1.0521526119716482,-0.8279356904365457,1.1227626850094545,-0.7789472652918742,1.153986661889173,-0.7344767104511317,1.1732180259689164,-0.8566290018936338,1.0505633368058145,-0.8346997974005871,1.1070556542491343,-0.7976708206098162,1.134150133943428,-0.7642682887224348,1.1501621030579172
-0.028615562920982256,-0.36575647986893584,0.059394742744469806,-0.41744494201066124,0.10035949010983179,-0.4158454076742925,0.12882916134169736,-0.4124092159693487,-0.07395122006162519,-0.42040723636153376,-0.11253183482228847,-0.420342027527677,-0.15262227818397475,-0.42005399278561456,0.18147797176385866,-0.379683099131793,-0.18928245791652235,-0.389973890019209,0.05501537674340796,-0.3006748381092323,-0.1096074627210519,-0.30509003409788116,0.4999662853684621,-0.005806332307190651,-0.4999662853684621,0.005806332307190651,0.5667887763304191,0.48185235232511325,-0.635272784891943,0.4982555124331613,0.6757054874537919,0.9223847522132744,-0.7552142349939618,0.9275524651188372,0.7217561751496395,1.0443587477181946,-0.79717829902042,1.0634659821692494,0.6824007260102077,1.0574967585437949,-0.7472446344946073,1.0681484646346426,0.6509793089152994,1.016508996295895,-0.7156031375854324,1.0274166557773894,0.7026065723920951,0.8917688560071849,0.6224389366616988,0.9277120001000643,0.612374633141074,0.9909938606098042,0.6165861822902986,1.0546490155400985,0.612709918134407,1.1076672845690578,0.7227006571095381,1.031515397131145,0.6942539135826249,1.1205388806937673,0.6479641849476927,1.1572608693343422,0.6065138584318198,1.1818955114081962,0.7576994935976896,1.0322333917242523,0.7154375437620221,1.118951202509009,0.6524674302975653,1.150892546723064,0.5945597192155442,1.1671154235845669,0.7618739050955466,1.029086629602737,0.7155461670333931,1.1041369410719144,0.6547847848718705,1.1323399360701332,0.5990286165967811,1.1455433300847608,0.747188492129629,1.0261980874890875,0.7124201531771958,1.0834024498123433,0.6636568477349752,1.1084339242548016,0.6162531639141852,1.1206734828855787,-0.7890050952704339,0.9141846541782017,-0.7036528341829131,0.9567191211457359,-0.6891483147066383,1.0211771816372879,-0.6967693792196834,1.0848149010505082,-0.6990634573786949,1.1382903293371478,-0.8093944940583179,1.0597393147498526,-0.7707475807439806,1.143067312305082,-0.7212420017511273,1.1783601116111013,-0.6821060657716571,1.204352283044337,-0.8514350128271456,1.0565200208773093,-0.8051181719631634,1.1369390767639127,-0.7462746966797807,1.1728027148989346,-0.694285994934041,1.1930270429289205,-0.8588525176783518,1.05052847979,-0.8222417676367091,1.1218019095506078,-0.7709136104553178,1.1529300612483315,-0.7263693950234564,1.1719359953451862,-0.851332404809165,1.0496786726878133,-0.8277066689307981,1.1075248363945633,-0.7885994143769146,1.1345129245630656,-0.755338463053114,1.1496692708451521
-0.02905119953469622,-0.36548448849525395,0.05873402549982065,-0.41717076206297576,0.09981645155531535,-0.4155737671550006,0.12818252136534553,-0.41214354373859635,-0.07458110870843956,-0.420085994487612,-0.11309101969473351,-0.4199958928487815,-0.1532059423692467,-0.4196703418597383,0.1806830209613382,-0.37944832545783375,-0.189648831136297,-0.38956192943035073,0.054665683803768746,-0.30046203957471634,-0.10992308441457657,-0.3048441685061924,0.49996488785366955,-0.005925446267381976,-0.49996488785366955,0.005925446267381976,0.566480113539009,0.48049295646043755,-0.6321706565261939,0.4979200424884707,0.6758246391228167,0.9192208405998117,-0.7476314626027596,0.9255018136432366,0.7209885648506335,1.041463668485059,-0.7870659174845964,1.060962046539205,0.682212095921223,1.0543475057264926,-0.7370000356237144,1.0653451339987536,0.6510731786748052,1.013222817296885,-0.7054418059149635,1.0245318800538463,0.7024617857065067,0.8925810798486508,0.6200982568677287,0.930557787809796,0.6115774651352334,0.9947220055496359,0.6199079454758469,1.0585603237447698,0.6186315346387202,1.1110941104065586,0.7243096032056696,1.0322954346089364,0.6974431069958656,1.1212757698722349,0.6486538538193994,1.1587181420023274,0.604326113126609,1.183153113908528,0.7594351258452159,1.0314343278440208,0.7188322252428007,1.1185091092988617,0.6562466160997238,1.1517757845887637,0.5978656339168488,1.1704717875071737,0.7631216248126844,1.0278286937903187,0.7180075425446462,1.1025719244514123,0.6594528053638716,1.1333560120331128,0.6035017789841174,1.149438370314113,0.7476837459521776,1.024664679761368,0.7141120844573366,1.0820716231445846,0.6669185191051101,1.1089138947358248,0.6188626270431481,1.1235333649001074,-0.7814133031622612,0.9157276157473586,-0.6951075226384444,0.9581886665880923,-0.6816042148453222,1.0215386582996613,-0.691155162839185,1.082924713129256,-0.6959030573692984,1.136028388299702,-0.8020039239552086,1.058780959479314,-0.7661659099714676,1.1418133666349808,-0.7177054319239253,1.177309578221901,-0.6802404908146674,1.2038149707650576,-0.8457761976298898,1.054063432861321,-0.803736202029803,1.134870486387923,-0.7457475192453948,1.170487821067662,-0.6961653455055457,1.1912826519095447,-0.8552626628261369,1.0474394810457135,-0.8205304852520461,1.1165700941467767,-0.7693899191438754,1.1456483503147967,-0.7268945355703572,1.162976272256767,-0.8496786268304549,1.0461296088649594,-0.825965078007308,1.100543330493991,-0.7869775586240799,1.1254415328760357,-0.7546414833843617,1.1379987734614379
-0.029296794741649715,-0.36508657300558106,0.058282425732333,-0.4167773114141648,0.09948012296053915,-0.41518742236344136,0.12775751005095495,-0.4117673223283161,-0.07505633903071991,-0.419663527298584,-0.11352405577228977,-0.41955817950387153,-0.15368526663316306,-0.41921468818314633,0.18010133507771106,-0.3790896388895234,-0.18993484155322593,-0.3890667459983602,0.0545333861396893,-0.3000930832094193,-0.11009881469507347,-0.30444780726943,0.49996076662771527,-0.006263531992990455,-0.49996076662771527,0.006263531992990455,0.566046161482225,0.47875457795641924,-0.6318664441238208,0.4981821403368369,0.6763699621210103,0.9170552541980038,-0.7431473063864481,0.9245899306320747,0.721132928471183,1.0415986544427007,-0.7796050063748905,1.0600088133069367,0.6824949473864632,1.0539660847149401,-0.7300412652110815,1.0640599544746576,0.6513397094970644,1.0130606426591624,-0.6993705487546843,1.0232301467330325,0.7048075928793139,0.8880526316275282,0.6282159992621259,0.9258204695542668,0.6206848082803201,0.9926017349535028,0.6252924019021635,1.0570541954218151,0.6236402975285081,1.1106841523343916,0.7299676786001347,1.034008733590228,0.7019024684163566,1.1207571093805184,0.6546810383109986,1.159128104821732,0.6109795664481608,1.1841825813389202,0.7576006927030409,1.0324036828221514,0.7182377375471811,1.1162495482386834,0.6574876987474669,1.1508201808026495,0.5990467720733788,1.1705678819736163,0.7563818300459368,1.0269716054669995,0.7118082980263721,1.0990549408518993,0.6558237438361102,1.131452219655965,0.6017141886918566,1.150421096518296,0.7388649925972448,1.0208957650784845,0.7043368825509128,1.0747965416320588,0.659054758085854,1.1019037752607754,0.6125929823016737,1.1178762088108036,-0.7768132026787021,0.9202644843710908,-0.6893453859727425,0.9616486532954795,-0.6756698218972592,1.0237186328679855,-0.68705065133771,1.0838672568793575,-0.6948791078295752,1.1359721541533412,-0.7986293454963899,1.061521151044762,-0.7612241688778345,1.1421759106399854,-0.714118630060291,1.1769206415445932,-0.6775627710224328,1.204266105835629,-0.841855183829502,1.0571761862510933,-0.7978855935511717,1.1351438364225412,-0.7408744429643792,1.171079372093519,-0.6906315614267162,1.1917017475104115,-0.850886774875125,1.0504182428542992,-0.8155689049136755,1.1169748708550498,-0.764805688920987,1.1449782142611225,-0.721411241834551,1.161950972611233,-0.8448313679505141,1.049093945266176,-0.8212443539732377,1.0999402457272336,-0.782260703160127,1.1238671784366634,-0.7485589502776958,1.1367291943853202
-0.02862598757222959,-0.3641600471133461,0.058940071175134036,-0.415802823400548,0.10007619835658295,-0.4142191479246933,0.1283124043246382,-0.41079464122564024,-0.07438142938512526,-0.41869734899268574,-0.11287513762450653,-0.418594190712184,-0.15306882468383565,-0.41825381191322886,0.18044781580961178,-0.3781770375718017,-0.18926728294540326,-0.38812123465196674,0.05511485767004758,-0.2992539016624595,-0.10945289431388641,-0.3035789757976228,0.49995416895650113,-0.006769707749551623,-0.49995416895650113,0.006769707749551623,0.5658266071614547,0.4772479867772505,-0.6307615237614602,0.49826598587242504,0.6769386087233941,0.915609915635608,-0.7393480626259344,0.9242522290998206,0.7215437268919436,1.039644994615678,-0.7727514102796116,1.0598645399144289,0.6828493605626412,1.0519466848555628,-0.7219362942049585,1.0629260339301974,0.6517636356109033,1.0110984432721049,-0.6916425375712499,1.0213902445835303,0.7069455679266274,0.8848098999468296,0.6262784041762961,0.9239301315151316,0.62306526313552,0.9906259207892713,0.6308805692876932,1.0550631966209323,0.6302318473414493,1.107499638767488,0.7325300402386794,1.0289377744734052,0.7107995961075334,1.118865679050552,0.6670305388047549,1.1577040317055505,0.6249933218667882,1.1826639829169108,0.760673534334385,1.0295414027577927,0.726904475341984,1.1167323483990954,0.6662237278818096,1.151972609872914,0.6070801693812132,1.170497399555793,0.7591659435312379,1.0260174810744924,0.7182182869635327,1.1008346562596611,0.6598381867920505,1.1333311686323366,0.6041160010680616,1.1502889970924044,0.741512036074637,1.0211806199932785,0.7068524207872714,1.0761753874962778,0.660408908890759,1.1034796868037666,0.6134872997144866,1.118891446857327,-0.7733225676453264,0.9218810685561019,-0.6853214159984287,0.9624714579650061,-0.6712700829731731,1.0252280808318004,-0.6814125006480237,1.0838071850785795,-0.6913188730253381,1.135141705271894,-0.7920643379308641,1.060780689909366,-0.7537518313462207,1.1401272535624722,-0.7094575808735967,1.1760790895382498,-0.6738005947679117,1.2045015027316157,-0.8335694409535844,1.0570535855875078,-0.7897031450015904,1.1344785324610398,-0.7347035460348208,1.1707479392446403,-0.6843202148304535,1.192119723362565,-0.8424458845405054,1.0517595200428382,-0.8060546900485319,1.1164459427089262,-0.7555375577664168,1.144822739920028,-0.710794895223865,1.1621192061110255,-0.836996254567771,1.0509812626355084,-0.8102441785112214,1.0985905936817926,-0.771003160348661,1.1230393673209114,-0.7357399603036087,1.1365310775561202
-0.028597824856543285,-0.36319163113923547,0.05920211664182288,-0.4148455605269157,0.10031781682068934,-0.41325703678870385,0.12858425657221315,-0.4098125648851314,-0.07415358908342776,-0.41774447266621356,-0.11266706062130177,-0.41764311088399236,-0.1528272257174252,-0.41731464297803167,0.18073228110793713,-0.3772048975313121,-0.18906005715532292,-0.38720322721283096,0.0550061394284835,-0.2982805559393982,-0.10942104533429464,-0.3025960947738627,0.499941606820077,-0.007641319922601024,-0.499941606820077,0.007641319922601024,0.5664192614547586,0.4781421619790034,-0.6307189004399344,0.4993812868993707,0.6788082302792191,0.9165667023131273,-0.7369620710324007,0.9251989991100212,0.7242642872546918,1.0415792187302935,-0.7690525668874129,1.0606512566125543,0.6841055154476711,1.054141287441343,-0.7175529878081407,1.063547208012509,0.6529271885520805,1.0124688811853804,-0.6871259920611793,1.0218465876522167,0.707855869814511,0.8831392584835089,0.6331905517678336,0.9226907304028918,0.6285667477193975,0.99079034771425,0.6377692480815699,1.0544507717832794,0.639473937298719,1.1066574886224545,0.7350594912223842,1.0327088436579763,0.7251671385932391,1.121238259082173,0.685617059962959,1.1617915058663948,0.6455692288007404,1.1885933375292779,0.7575417783446324,1.0327987108051004,0.7308623819616489,1.1169406588449058,0.6723445879706723,1.1514438960229436,0.6137526013349771,1.16898801824296,0.7545244366316054,1.0287367505873266,0.7195352898790022,1.1016392095968173,0.664354074966708,1.133425707185735,0.610354717535776,1.1497644601707808,0.739116052444885,1.0240979686810365,0.711648228590913,1.0792750037260226,0.6681574058947937,1.1075444912974586,0.6232731199348399,1.123791983846278,-0.7688956912425061,0.922125229188335,-0.6813438422849888,0.9624344762184469,-0.6676875191449093,1.0250535908443483,-0.678533012141152,1.0851210706397991,-0.6878693988780368,1.1357777533522244,-0.7881839501773916,1.0573138067281829,-0.752443820598435,1.1392472173790764,-0.7089352770065407,1.1754680316984634,-0.6746638483029639,1.203740131686967,-0.8319386269973341,1.054142158247032,-0.787303347924203,1.132955297952437,-0.7314777803421961,1.170027063591296,-0.6817157633948399,1.1918337796598741,-0.8414542255450531,1.0488744804720123,-0.8054919098945008,1.1170197280014837,-0.754333556024536,1.1476743523555983,-0.7099080540419296,1.1658548593732712,-0.8347012580462745,1.048621424338735,-0.8086195826883477,1.10039656987835,-0.7691251920818909,1.1261640585436188,-0.7349806397672285,1.1398566072003684
-0.028329311385412743,-0.36284830213783476,0.05949108337201223,-0.41446956111875666,0.1006366123832094,-0.4128484727958477,0.12890675805311713,-0.4093765170752335,-0.07394267971443583,-0.41740327438771485,-0.1125000790026142,-0.41732371872018015,-0.1526640148103299,-0.41705969498235956,0.18107584450587996,-0.37673812916087573,-0.18890131639447832,-0.3869863456060297,0.055207450714830776,-0.29785341303910257,-0.10926574464603851,-0.3021515103631085,0.4999373998083437,-0.007911780638536063,-0.4999373998083437,0.007911780638536063,0.5671500011682216,0.4790091617587058,-0.631474984492576,0.5004396984343062,0.6797725941561084,0.9185757476151571,-0.7347920477704942,0.9269419017787314,0.7267480809899536,1.046343369587572,-0.7640319796417466,1.0616475099071692,0.6865957343430069,1.0595133615947263,-0.7102886843284337,1.064385514491261,0.655342991801198,1.0171020870998388,-0.6804349190508853,1.0225042044760517,0.7078723878763661,0.8828973398443359,0.6338737664986693,0.9219677991220482,0.6268193659156731,0.9887689417063522,0.6387866992992633,1.0529073656832895,0.6448442577830295,1.1078051331096006,0.7321714596836675,1.034573139073602,0.7348259874556036,1.1215836867619495,0.6954754713153978,1.1639432021478386,0.6528773760634518,1.1916123670521528,0.763639952316184,1.0361381114601558,0.7610474657658084,1.124601748208535,0.708989304137549,1.1617785560438985,0.6542712122714313,1.1786436604688812,0.7676285406247646,1.0325667329392598,0.7588470936775426,1.11169124883875,0.7105453885962949,1.1459453226100942,0.6604406540817194,1.1627515227292136,0.7544273537337355,1.0282412747394534,0.7453919908881607,1.088937630831444,0.7070416280359763,1.1197236700267952,0.6642593261233857,1.1372302737117894,-0.7677219510032939,0.921340764528861,-0.6756623632277265,0.9613571781622763,-0.6594123556889733,1.0241446371124248,-0.6733587778993787,1.0856267905864831,-0.6857256323515853,1.134724749435455,-0.783107956108925,1.055738432099722,-0.7499100208571366,1.1386777860328046,-0.7053211169127857,1.174691320963909,-0.6698651251785278,1.2026055138387681,-0.8303418028050271,1.0529531995070827,-0.7870446110354129,1.1337927369272938,-0.7303081753279954,1.1713437090960572,-0.6798385129540163,1.1935173462456292,-0.8420382286635731,1.0486188533794685,-0.8044526197173235,1.120193684562044,-0.7529724783744876,1.1521618181558355,-0.708219539880154,1.17032577995242,-0.8361782087321632,1.0492885848807518,-0.8086192715599755,1.10500107902278,-0.7690488227747997,1.1320655162899738,-0.7363662130627707,1.1465265233794881
-0.027498519044830607,-0.3624815709358232,0.06058079478548171,-0.41416439390696264,0.10185254538290629,-0.41248971705666837,0.13019862975363483,-0.40898398792494156,-0.07326337544817814,-0.4171924306232785,-0.11196188047976871,-0.4171527467519891,-0.1522283354743312,-0.4169877177894464,0.18252426151213605,-0.37621411340893435,-0.18855752108924673,-0.3867922251615788,0.056129470676643194,-0.2971669885391424,-0.10876155982003567,-0.30148632444171003,0.4999202345551622,-0.008930794047093743,-0.4999202345551622,0.008930794047093743,0.5692734812449166,0.48119167624647274,-0.6326197785894064,0.5036833406891172,0.6830890967475266,0.9224672344061537,-0.734219492259307,0.9316822838484746,0.7306670865036408,1.0504578588058109,-0.7624495843454518,1.0663382252554046,0.6899437425328014,1.063588849732196,-0.7065116276820136,1.0690529866529954,0.6586315947161187,1.0211965105225904,-0.6769102130964774,1.0269615106261611,0.7117541380485085,0.8908634888039612,0.632166648217679,0.9299926599893907,0.6249625396187148,0.9940398059682383,0.637173459115161,1.056996956627749,0.6428424836886089,1.1114306410820356,0.7340699347620028,1.042431402495193,0.7318689658653792,1.130238698247416,0.6904038656571789,1.1698379572297495,0.6496319220554213,1.195101199185267,0.7731599465325916,1.0434976224555192,0.7740188313768419,1.1370349545480622,0.7242028111350587,1.1762809047027487,0.6732398046398403,1.1932273162938525,0.7842528996991007,1.0403084027906184,0.7837607847313489,1.1219533352699278,0.7372724406569389,1.1586679089652727,0.688932066043146,1.1768249408589275,0.7741737208480419,1.0364658852093804,0.7726106658119251,1.1001188147575778,0.7411927526114094,1.134056391556746,0.7027710731753551,1.1538509513022415,-0.7683464415411811,0.9235616001958966,-0.6776038067499606,0.9622175368457296,-0.6603183340647344,1.0260790252417167,-0.6725110724042903,1.0888950971165114,-0.6837871482808243,1.139455146240267,-0.7811064232347735,1.059698781432937,-0.7483439785184571,1.144419825803032,-0.7035394455774906,1.180564839795025,-0.6683560224842964,1.2077514383669565,-0.828281586733537,1.0575027074631687,-0.7856636001368532,1.1387981771287887,-0.7285895833959958,1.1756272571487791,-0.6789673498120289,1.1969649425853386,-0.8395755378340329,1.0527476356610908,-0.8031021266957088,1.1243072706307726,-0.7523832109726836,1.155169085176788,-0.7094206564891653,1.1723177621382963,-0.8340117541879692,1.0528944834667433,-0.8075982918309161,1.1082449177934597,-0.7687884272133725,1.1344506079873962,-0.7371289581134993,1.1478896296680188
