pose_0_x,pose_0_y,pose_1_x,pose_1_y,pose_2_x,pose_2_y,pose_3_x,pose_3_y,pose_4_x,pose_4_y,pose_5_x,pose_5_y,pose_6_x,pose_6_y,pose_7_x,pose_7_y,pose_8_x,pose_8_y,pose_9_x,pose_9_y,pose_10_x,pose_10_y,pose_11_x,pose_11_y,pose_12_x,pose_12_y,pose_13_x,pose_13_y,pose_15_x,pose_15_y,pose_17_x,pose_17_y,pose_19_x,pose_19_y,pose_21_x,pose_21_y,pose_14_x,pose_14_y,pose_16_x,pose_16_y,pose_18_x,pose_18_y,pose_20_x,pose_20_y,pose_22_x,pose_22_y,right_hand_0_x,right_hand_0_y,right_hand_1_x,right_hand_1_y,right_hand_2_x,right_hand_2_y,right_hand_3_x,right_hand_3_y,right_hand_4_x,right_hand_4_y,right_hand_5_x,right_hand_5_y,right_hand_6_x,right_hand_6_y,right_hand_7_x,right_hand_7_y,right_hand_8_x,right_hand_8_y,right_hand_9_x,right_hand_9_y,right_hand_10_x,right_hand_10_y,right_hand_11_x,right_hand_11_y,right_hand_12_x,right_hand_12_y,right_hand_13_x,right_hand_13_y,right_hand_14_x,right_hand_14_y,right_hand_15_x,right_hand_15_y,right_hand_16_x,right_hand_16_y,right_hand_17_x,right_hand_17_y,right_hand_18_x,right_hand_18_y,right_hand_19_x,right_hand_19_y,right_hand_20_x,right_hand_20_y,left_hand_0_x,left_hand_0_y,left_hand_1_x,left_hand_1_y,left_hand_2_x,left_hand_2_y,left_hand_3_x,left_hand_3_y,left_hand_4_x,left_hand_4_y,left_hand_5_x,left_hand_5_y,left_hand_6_x,left_hand_6_y,left_hand_7_x,left_hand_7_y,left_hand_8_x,left_hand_8_y,left_hand_9_x,left_hand_9_y,left_hand_10_x,left_hand_10_y,left_hand_11_x,left_hand_11_y,left_hand_12_x,left_hand_12_y,left_hand_13_x,left_hand_13_y,left_hand_14_x,left_hand_14_y,left_hand_15_x,left_hand_15_y,left_hand_16_x,left_hand_16_y,left_hand_17_x,left_hand_17_y,left_hand_18_x,left_hand_18_y,left_hand_19_x,left_hand_19_y,left_hand_20_x,left_hand_20_y
0.018675110984748406,-0.36116494979553837,0.08963509810363093,-0.4061137001810865,0.12694444327683088,-0.40325123201952856,0.16076684245862952,-0.40005947724016233,-0.04126688931190456,-0.4077992479663765,-0.08376300703477912,-0.4054513873968309,-0.12072226803252242,-0.403817121098323,0.20011069692195665,-0.3658720489322228,-0.1651747939158221,-0.37403122346129536,0.09936155231816521,-0.29417262808545513,-0.06969037208643478,-0.3004807995059448,0.4993812205139162,0.024867581266207243,-0.4993812205139162,-0.024867581266207243,0.5909189109606858,0.49832145607656014,-0.6833365891074401,0.42943049774126124,0.48660462738847693,0.9062445769364449,-0.5664673279831919,0.837548018692865,0.4656061813187603,1.0427395960209074,-0.5577656931742178,0.9682545064624937,0.37712313682433285,1.023269711249631,-0.4448803754061649,0.9515040319326932,0.36184460461761775,0.9841339484488795,-0.42391016081642807,0.9152924832104397,0.4639167065568122,0.9211355901285393,0.3657455448736369,0.9347536744794541,0.3140380967292913,0.9828280703244712,0.2884289622560193,1.0348406228096254,0.2600046266773835,1.074096860795565,0.40608088826765987,1.0391787050664167,0.3563534794210821,1.1013114549521634,0.3136827173037048,1.1258223508108847,0.2799733820275648,1.1410460074920143,0.4595147553216781,1.0440593252335726,0.4021782345611664,1.108968618520037,0.35154711238315794,1.1346888414559018,0.3104522593374492,1.1513208665830035,0.49039528311030156,1.0396357680058108,0.43921405130203944,1.09522596575309,0.3893884238637048,1.1166275420503053,0.34737985383111697,1.1283350115888373,0.5046681756642419,1.030161270811425,0.4658269069119994,1.0775571142307145,0.42440044459622867,1.0955632690494637,0.38732051766019016,1.1028213156771014,-0.5749321138470915,0.8562039936870541,-0.4672559563768776,0.8713205181737512,-0.4101786692509365,0.9168098570976716,-0.3812880073895051,0.9652311427979314,-0.35780152204592247,1.0045142411372276,-0.5022950506874853,0.9710905682122115,-0.4517516911356939,1.0305136619846549,-0.42017855647955155,1.059028077751474,-0.3967540796556015,1.0805053684569268,-0.5621955533714269,0.9762805213045248,-0.5046155190697922,1.0393195913841191,-0.4566193668823974,1.0640081852511456,-0.4230442092604432,1.0790693480518008,-0.6005421654365948,0.9708733235261421,-0.5515854314534873,1.0294246101920779,-0.5038283465130166,1.0516859087582286,-0.47014646718297676,1.0611631308536085,-0.6195313956507276,0.9630374043371299,-0.5819459846816033,1.0086584633565865,-0.5397922890951783,1.0301454007067035,-0.5075423755922566,1.040703093422083
0.055889254582381226,-0.355902809645759,0.1331462407966169,-0.39160784279194444,0.1699903820969121,-0.38427659404727016,0.2032569721936666,-0.3773306017334655,0.003084216023897795,-0.409417580897387,-0.03920396774627054,-0.41207246967507,-0.07600651152642471,-0.41454221027776716,0.2395893426165478,-0.3407343474139298,-0.12474868972943857,-0.3909075273476887,0.12772240434375678,-0.27875367343956003,-0.03648624390721524,-0.3030667067126329,0.49360243435047785,0.07972851938473563,-0.49360243435047785,-0.07972851938473563,0.5337391550343223,0.5586811823401071,-0.729109005060026,0.3513308603678102,0.3764914141895618,0.9535561774477285,-0.6553117714725312,0.7704525533174497,0.342099415772953,1.0869873784105675,-0.6652834982065176,0.897208569330159,0.25624402379349015,1.057699064421323,-0.5497047199351678,0.8938158865017551,0.24170917627119018,1.0170413354110475,-0.5232588010650371,0.8627397218284868,0.35978564756369935,0.9641739293053635,0.2545485322443474,0.9702611655052723,0.1950641267743561,1.013261417900142,0.16595270919756583,1.0635271027431745,0.13406079205402405,1.0992557627881114,0.28386102577701516,1.0793582551037517,0.22887775132427732,1.1355786961675078,0.18538582712892823,1.155123438063803,0.1513915649612878,1.167362956493316,0.33662642686915356,1.0906086682352463,0.27530403298699,1.1493190116362044,0.22282675567073643,1.1683543553777282,0.18030625386025073,1.1787966982402454,0.3683370015062807,1.090109921145804,0.3118343496029649,1.139976275561498,0.25892458846126787,1.1532141643686311,0.21531006163500221,1.1581366664913173,0.38305455891107876,1.0832265451068204,0.33952217781220706,1.1255525009195728,0.29681513261548365,1.1376827782979182,0.2599046519636134,1.1407464555410092,-0.6720340210025536,0.7781320992239749,-0.5637335461584992,0.8111348124200244,-0.5115931022193408,0.8640404712791725,-0.48839997717105643,0.9176564536159988,-0.47139598438592517,0.9600139154694184,-0.6090875494970843,0.9080314675798076,-0.5670824252529271,0.9765680250958256,-0.53820914613228,1.0071662868322406,-0.5165069933403639,1.030608425539661,-0.6708773023557913,0.9065980578176858,-0.6203322611556248,0.9773379049817417,-0.5762726615044629,1.0064783481601922,-0.5445699955433367,1.023370863618527,-0.7084221977838856,0.8970431986460855,-0.666199451586486,0.9617979152969922,-0.6234495352994927,0.988394839602264,-0.5891570978545314,1.0017551007357293,-0.7272450416943183,0.8858792136754136,-0.6965668434880147,0.9351013239384021,-0.6594427460140149,0.9603169369384852,-0.6284792133758784,0.9733571677441333
0.022915466528087708,-0.3592302394033883,0.1011004867565002,-0.40022917258699325,0.13911418048162857,-0.39539565194168164,0.17269215891131112,-0.3908746486395797,-0.03045793091651678,-0.4086038238396346,-0.07234840497331017,-0.40831350302817443,-0.10963530499661397,-0.40812090325245987,0.21335809957231677,-0.35754785341729306,-0.15612165294564387,-0.3816304686233551,0.10121841466972127,-0.2869242842513196,-0.06034610631867641,-0.2987657715624733,0.4982112635318745,0.042255613709578144,-0.4982112635318745,-0.042255613709578144,0.5772767577116454,0.5137384119311273,-0.7008489246161638,0.4053494764592958,0.4409557908889051,0.9223077666181451,-0.5968494681307539,0.8188323444269143,0.41889278373419103,1.0580540172629673,-0.604468541642048,0.9439434374376017,0.33134213572827537,1.0351464480785744,-0.4865697859302903,0.9317780953611196,0.3110894317904572,0.9957639154413216,-0.4597303143895413,0.899816473901025,0.4259975649314996,0.9329048024298638,0.3222621733070384,0.9522445601304678,0.26764578013217744,0.9996444572569239,0.2429672259545787,1.051046217117921,0.21430664660081758,1.0885914966163344,0.3618039784231054,1.0578075492183168,0.31302638057704657,1.1169892106507158,0.27451709750549325,1.1401058812050713,0.2444083318169779,1.1559951087490252,0.4163287630711665,1.0647585877164711,0.3612802190089962,1.128562407501976,0.3123684724273937,1.1513856293239375,0.27240017992256105,1.1648197197263261,0.44930594942919666,1.0608378186978953,0.400732386405983,1.1155286395670694,0.34940745774083565,1.1329033331915008,0.30609375438043457,1.140913926808324,0.4652221134715006,1.0512766309796306,0.43031347848440266,1.0962833768686528,0.39019031546666944,1.111444760249858,0.35418954253728824,1.117190136431938,-0.617285727484564,0.8228738933031926,-0.507236381890639,0.8499306578404217,-0.44984756890570254,0.8992395890821043,-0.42291389975908006,0.9517675687303463,-0.40519646631483175,0.9932489024633884,-0.5409540347885442,0.9507628873186572,-0.4979210723034185,1.0174403634745806,-0.46785888389564545,1.046631877796776,-0.44367831095465143,1.0687692260631956,-0.6030437046724141,0.954697305435556,-0.5498060417919677,1.0223609985604296,-0.5034296295333839,1.048513661702919,-0.46939668316128463,1.0626661214785182,-0.6416694952969739,0.9494660086613059,-0.594773567698527,1.0119706076450516,-0.549884858236724,1.0362109515565776,-0.514022045732722,1.0472671239702818,-0.6609132232035567,0.9416129741673274,-0.6238848290613629,0.9895679701486569,-0.584658750853137,1.0126014602130509,-0.5515197291542289,1.0241584134027069
-0.07596554930216219,-0.35157334965589077,-0.010107339597683293,-0.412125911098677,0.028048207798340337,-0.41749457906048903,0.061590024718506546,-0.4220669141181034,-0.13947909204932002,-0.38536847946977054,-0.17966624023511696,-0.3741594160234054,-0.21560484468697935,-0.3641046305095058,0.11044226707744831,-0.4013899048076731,-0.25383959556498653,-0.3269735377197711,0.018790752496704213,-0.302120160691375,-0.1380292184339817,-0.2710259603285443,0.49141654730501516,-0.09224845275026478,-0.49141654730501516,0.09224845275026478,0.6947582012691033,0.3393722382327544,-0.567917284389599,0.5782405336220886,0.6673817496067715,0.7728124648514139,-0.3583008184294359,0.951564626875869,0.684358303485073,0.9086976489488943,-0.3376358001536394,1.073076361709989,0.5940044093436155,0.9098258923965952,-0.2252848934440254,1.0292306809582081,0.5629022688567406,0.8780083949309697,-0.20561735730058026,0.9913058095663828,0.6582826869998603,0.7846647276112814,0.5635682112137179,0.8335405035455661,0.5233007328355238,0.8941236719965943,0.5132522149477278,0.9504344916419298,0.4961963597469455,0.9945670940895153,0.6288978045698078,0.925007685684687,0.599668908854201,0.9957530642510256,0.5686099915719612,1.0275936601235078,0.5434076491031392,1.050048598032024,0.6842132266624155,0.9158662101724293,0.650805264228247,0.9924254989489194,0.6096265727066743,1.0265319119992815,0.5744768217857911,1.048591223983564,0.7160123766707498,0.9021684405396709,0.686785074670822,0.9676844128148758,0.6427814675175285,0.9971404973522937,0.6038626078096916,1.0150612976029407,0.7299024087251905,0.8878135837479896,0.7110865582630244,0.9404463823856876,0.6776316197545141,0.965275170615332,0.6456262769549929,0.9793341278332626,-0.38131320237872823,0.9568780035728958,-0.26692320978172046,0.9559901767231896,-0.2006609288025515,0.9904615737255089,-0.16203688761843774,1.0341642671620321,-0.13355717404519898,1.069091386738607,-0.27662653074538246,1.0631982558963593,-0.2169336551543213,1.1158471498513807,-0.18026821648615082,1.1357522783307576,-0.15196141219732123,1.1505207793476995,-0.3355733165333419,1.0830909153944481,-0.2658401705049115,1.1346621299710067,-0.21417585802844405,1.1476413463335677,-0.17775297764888467,1.1525168662960763,-0.37499210860082594,1.087795491095012,-0.3139738308661238,1.1362834721089305,-0.2645996256513746,1.1473018148054555,-0.22752272786257988,1.1477826095529564,-0.3964045644987736,1.0849474561765757,-0.3502806207559697,1.1220078837172511,-0.30672179706204794,1.1330176111979977,-0.27178682803960974,1.134502083758505
-0.06465725456297905,-0.35382277978310595,0.0034320260947765364,-0.41232880604691124,0.04165403436496481,-0.41638423764282684,0.07525484316511084,-0.4198186956861608,-0.12680387524829564,-0.3901131709354888,-0.16742706661550594,-0.380422499230403,-0.20363163355692768,-0.37147532683159196,0.12394502075081262,-0.3977525963924771,-0.24387011457409122,-0.33630403025034755,0.02788488054462483,-0.3009460399282116,-0.12880396634208519,-0.27507974861107204,0.4941838125433968,-0.07604182678021901,-0.4941838125433968,0.07604182678021901,0.683975505002855,0.36182910742333807,-0.5879100383423391,0.5600549296182121,0.6402351555806541,0.7952419946931024,-0.3933867618129059,0.9412802634162926,0.6544621268658887,0.9313679420255199,-0.37729787850086327,1.06256960935158,0.564172199541492,0.9294413579088167,-0.2646682190874316,1.0222257351495312,0.5335678060042311,0.8971177798997403,-0.24243141593479853,0.9854738728946588,0.6350124953154077,0.8061618419025826,0.5371365496013047,0.8528374247070932,0.49381603106002064,0.913248588316962,0.48299285962139965,0.9693309474242209,0.46371685208176794,1.0121007775172535,0.5990454934670264,0.9477013228328973,0.567933781207653,1.016332459418578,0.5379218374470224,1.0469960747225224,0.5139548510536277,1.0692272408760983,0.655060090560894,0.9404215793245871,0.6191182319281678,1.0147146953558555,0.5787993722753592,1.0482001291827094,0.5440504998335558,1.0707096857695222,0.6878962050020766,0.9276287590611705,0.6565064529163928,0.991251916905389,0.6123439737911895,1.0197822854467133,0.5733216432414334,1.037452355527653,0.7036332985266094,0.9134490027288192,0.6828419708186415,0.9648962474730909,0.6488745233270706,0.9884939350472519,0.6167630452916324,1.0017942573351084,-0.42079021089343743,0.946023549847324,-0.3055460840669766,0.9497573748912757,-0.24014578743540688,0.9872394082498935,-0.20407591314261078,1.0327462660561328,-0.17692347188232393,1.0686026562503552,-0.3201186468623009,1.0573927045393277,-0.2640329649324664,1.1133283109824401,-0.22765087468650377,1.134032735827148,-0.19833050193375804,1.1488335784176193,-0.38026163078815994,1.0749448695960573,-0.3140517019334827,1.1294792641979348,-0.26231347357923596,1.1439303151643394,-0.22515541522108784,1.1493232709499825,-0.41917051934286775,1.0780358913016257,-0.3609154156154727,1.1289361046330946,-0.3115317128065928,1.141739251792519,-0.2738651696907931,1.1434507111446166,-0.439609069754858,1.0742388869800916,-0.3952256589193211,1.1130143234216523,-0.3517613232632532,1.1259150081073839,-0.3164411577688143,1.1288810180171318
-0.06356564890259893,-0.35387631603046565,0.004679357001201751,-0.41226016525000947,0.04286667331045211,-0.41618316902211566,0.07653161803099937,-0.4195298444842578,-0.1257301814616547,-0.3905244328642305,-0.16646656556780035,-0.3810197981890512,-0.20265140031678125,-0.37207065789124955,0.12556622902613296,-0.39752492769918846,-0.2437596119291106,-0.3372423749742511,0.02872637988596286,-0.30064166191266506,-0.12774731162328176,-0.2750498808257597,0.49435379900417253,-0.07492877558149577,-0.49435379900417264,0.07492877558149577,0.6834098772667999,0.36315172411417435,-0.5937494079462292,0.5600991643510835,0.6379361145766982,0.7969099740965537,-0.3988314520867584,0.942751999378413,0.6525969343897935,0.9331525822825204,-0.3846312617415696,1.0633220533624592,0.562743010959462,0.93099427539074,-0.2723287049338853,1.0235992105960487,0.5321918259057064,0.8989108646234071,-0.24825417307544845,0.988327525589235,0.6317365529447877,0.8081006065633493,0.5341170784263878,0.8551047700877813,0.49213334817344656,0.9149982284014756,0.48038987400204025,0.970757790771446,0.4595649789285908,1.0139255203012525,0.5979397595935639,0.9486334329475791,0.5668182749596331,1.017413140300265,0.536814599799732,1.0482519198390425,0.5127721941674334,1.0707907817848967,0.6534241484709586,0.9413733231506649,0.6182036476550239,1.015664881999192,0.5770560142529672,1.0482198100730438,0.5419146953914253,1.0695533124792271,0.6855924804306186,0.9287150549190516,0.6553483635370151,0.9922862465198508,0.6114089594802505,1.0194897891447106,0.5730095195729309,1.0356605978610653,0.6996542534557794,0.915015405683758,0.6791972864311078,0.966099663848395,0.6448921353618382,0.9891811655858659,0.6126268427203748,1.0017072612032576,-0.42993531768825566,0.9470887450637889,-0.3146528682529514,0.951774054354973,-0.25035052402257274,0.9901605895531497,-0.21587795673203874,1.036439804022991,-0.18878526143579188,1.0722042122246416,-0.3321301816259676,1.0599278660844542,-0.27727924030187057,1.1168844035146341,-0.24111964594209978,1.1376306623759738,-0.21266201309090305,1.1525924963220127,-0.39300103351274757,1.0772322919320199,-0.32731922619334375,1.1330750694946072,-0.2760215203407143,1.1469865673267403,-0.24016872580651283,1.1520778277733044,-0.4320737278471612,1.0799017304951442,-0.37491544688034156,1.1319793494297112,-0.3259116828044089,1.1444791627066564,-0.28923792339471444,1.1457710714900309,-0.45248098443069973,1.0756035252947358,-0.4095765504903121,1.1152693057329812,-0.36673433190273436,1.128160103960125,-0.33238757383658935,1.131063266310115
-0.009478175460300067,-0.3588926730441733,0.06660472804504647,-0.4063321821703246,0.10490621340012182,-0.4044723492120669,0.13869660401613512,-0.4027188795773685,-0.06557500497459548,-0.4045760814556175,-0.10726899786064653,-0.40131091498446414,-0.14432987494793487,-0.3978723645508071,0.18406630508619481,-0.37389995974262336,-0.1903302839293556,-0.36991178066288305,0.0736808678751397,-0.29211743590326206,-0.08463726227247854,-0.29014456134908917,0.4999999162468554,-0.0002894013434717288,-0.4999999162468554,0.0002894013434717288,0.6223250677450536,0.4612774931127492,-0.676051819717973,0.4653435237202263,0.5097394497728103,0.8838357874747902,-0.5404611929336485,0.8746704706849487,0.5036582271291383,1.020441775590485,-0.5439686909642225,0.994503521070795,0.41530890860363395,1.0047315417447582,-0.42902175641431345,0.9722348713623555,0.3901161501207129,0.9685912908402261,-0.3994908431172848,0.9425565323523837,0.5041625399122664,0.8919073219726888,0.3997025771208503,0.922236139227717,0.3474960258315137,0.9762089634104317,0.3252666397031692,1.028742265240279,0.3001308425796434,1.0672007456619284,0.44869783049604967,1.0271754826820252,0.4065443440541815,1.0890644041540345,0.36884350194369264,1.114254721384745,0.33877275203511426,1.1315653130073315,0.5023641601852085,1.0279366931132747,0.4567100101806043,1.0937528233593081,0.4094284339116351,1.119195848061479,0.36925844319675993,1.1345477054018667,0.533900116694105,1.0207491178080694,0.4918077166444249,1.0775587921995124,0.4434238176902346,1.0997915330029324,0.40139797074500466,1.1119781473824915,0.5467621749079635,1.0102945778609187,0.5143310081651501,1.057628616607825,0.47691024800069,1.0773713714175648,0.4422347941628658,1.0875147522643154,-0.5762903387884301,0.8726021184969254,-0.46382455501877823,0.8938244082201394,-0.40467223781279166,0.9414616260804297,-0.3763094173638445,0.9919234550799546,-0.3530886821943317,1.031870344694015,-0.499292296835336,1.001143704953783,-0.4523564454081868,1.065910069434752,-0.41762027613098973,1.0911567582721111,-0.38908288654513223,1.1093618970100432,-0.5607283665507389,1.0082795125196173,-0.5047433162974182,1.0732121701054997,-0.45339297157249425,1.0917364002004475,-0.41750436206423847,1.0985648283294325,-0.5960297395246615,1.0042169903461344,-0.5492157019994323,1.0638020373019954,-0.5015792670827582,1.0803671393503558,-0.46586069596675644,1.0844848081835279,-0.611427482407676,0.9965078068059348,-0.5741216419377969,1.0424023349430245,-0.5318568661392384,1.0600061404204868,-0.4978893366436854,1.0661116271036244
0.04057420664917793,-0.3557815712185348,0.12236217351751955,-0.39233866139581053,0.15987514927451896,-0.38525698253026613,0.19313582175426647,-0.378870869631587,-0.008708229648294288,-0.4089002798207217,-0.05040533407839618,-0.4115414818863604,-0.08748101294550621,-0.41326614310780363,0.23446672915776315,-0.34422569065430225,-0.13694949327456837,-0.39238367455469625,0.11357780600026328,-0.27834203528940454,-0.043141729357886544,-0.2979835658640492,0.4952756466506553,0.06857137766426437,-0.4952756466506553,-0.06857137766426437,0.5537566204334108,0.5420333513768907,-0.738173890951582,0.3676592893538,0.3805042647330428,0.94651923796594,-0.6563409867559877,0.7917793196560935,0.3507070200772209,1.0785621977104243,-0.6748120583764541,0.9102483248094768,0.2659704039147806,1.0506399624929295,-0.5587299457195053,0.9031449385833878,0.24712868596563975,1.0117793323888558,-0.525973286493178,0.8778861590798688,0.37928139307042985,0.9504893581843094,0.2736953467466598,0.9604033309625849,0.20935459014261537,1.0034765616690178,0.17172444477395854,1.0501865047170778,0.1317343329071449,1.0826388369715587,0.29459266047384497,1.0710849011454269,0.24442542659519753,1.1257599262418405,0.20004908826835888,1.1466248666671897,0.16354516470806538,1.159484402327616,0.34215016000124987,1.0813276632571258,0.2821154769302741,1.1360802009106779,0.22743912751069473,1.154137739656947,0.18101905886944172,1.162862264440097,0.3694089195205262,1.0815868798805572,0.3100717004454142,1.128572729338491,0.2568498287491708,1.1437976625544444,0.21127738225010226,1.1503523044326973,0.38002440185090913,1.0773393758570986,0.32888877483281836,1.116919528827018,0.28488478437997933,1.1311718492394622,0.24641399041290174,1.136681453620691,-0.696030841634981,0.7804134615105964,-0.5929122241019505,0.8177045484877825,-0.5391568099424924,0.8736507861363428,-0.5106705052399625,0.9259680740966458,-0.48925451566949085,0.96799055219564,-0.6451971425438864,0.9211030749035899,-0.6027821172742487,0.9882163507374837,-0.5682400034274803,1.0165630125120446,-0.5381925311716486,1.03885867786151,-0.7018197643688002,0.9181954975070844,-0.652952651471503,0.9863146970408208,-0.601143368469614,1.0129044499750228,-0.5629373226670964,1.0261238994294068,-0.7289406607724421,0.9081547632465498,-0.6887840601891939,0.9686787185548115,-0.6409067110349136,0.9942018430409768,-0.6020269566604377,1.007482880551997,-0.7367819787266456,0.898668257530334,-0.706224777136138,0.9479249430137316,-0.6656867742868365,0.9732295307340425,-0.6296689979080582,0.9868619288490714
0.08282985858897188,-0.3465755418172683,0.168749182862851,-0.3729122224287561,0.20505180008639237,-0.36144144981343596,0.23742100267215452,-0.3512469390295043,0.04078030700950907,-0.4060890483442829,-0.0002686895658004831,-0.4139358867643283,-0.03671383878252642,-0.4201062805626666,0.27497330050555285,-0.3121755156364866,-0.08831047328004828,-0.4058528582121323,0.14572775797132853,-0.2609610956995534,-0.006945152238035814,-0.2996264625660926,0.4832691428990328,0.12826120037499328,-0.4832691428990328,-0.12826120037499328,0.4878572176319924,0.6060526880241267,-0.7811447865626034,0.272786042934275,0.25743725848893984,0.984457595301234,-0.7466027591486543,0.7068371791206336,0.20412398923342748,1.1091355987772447,-0.7765303621369636,0.8210294786488386,0.12432367310605283,1.0697217588433607,-0.6619223458005773,0.8268282876263323,0.11157703804293202,1.0300973356335557,-0.6269092483802132,0.8057584763826388,0.2636753434897501,0.9828015519653163,0.16099841767906428,0.9721014031551449,0.08676203831612436,1.0017265751914142,0.0376910251437012,1.0386616998137805,-0.009240797388470999,1.0629440561254204,0.1582102115048161,1.0828689099068365,0.09232959920118025,1.1285854586190684,0.03908586215338552,1.1437447162173053,-0.0049707354426290346,1.1520528643048704,0.19415741447045035,1.1000224745655887,0.12372764390301978,1.141302359032176,0.06291884418969332,1.1541335861485418,0.010410417980396845,1.1592544524869777,0.2087244041905553,1.1052009707248667,0.13609995321823745,1.1391796951278181,0.07757774070257246,1.1505608276157522,0.027026250866549084,1.1546527851578652,0.20720883776763316,1.1039544986119716,0.14128663230534425,1.1320381863139528,0.09268554396466809,1.143339951932651,0.05081777567040597,1.1472386648215094,-0.7872826753308414,0.6837392623435012,-0.6880166666178231,0.728634877929026,-0.6379256445598224,0.7908886572699186,-0.6085998915719782,0.8468569806282515,-0.5858363678168335,0.8901140793585633,-0.7449024236460973,0.8297430410159831,-0.7025734561033746,0.8984274531339272,-0.6685171459015894,0.9299945013417449,-0.6406269379635884,0.9536965345395747,-0.794482840961936,0.8224637287697054,-0.7511869077439035,0.890745365274288,-0.7043618587727511,0.9247480879342849,-0.6670349127184964,0.9457151675175437,-0.8154308844801753,0.8124002441250133,-0.7771261383785771,0.8727846554451169,-0.7345120346606953,0.9044136367719502,-0.6975043282101875,0.9250238673269594,-0.8188328637473534,0.8059303645220213,-0.7894572651357843,0.8589614524004185,-0.7541478486951173,0.8889896171864504,-0.7209635614593448,0.9083554452733273
0.056256268849091684,-0.34970718886623975,0.14014303974372405,-0.38224734811437694,0.1771460625169771,-0.3735529977168224,0.21045762588659703,-0.36584678389870434,0.010035278077805302,-0.4063407385051844,-0.03149431304753847,-0.41117795948221025,-0.06822321527089198,-0.4147781488371695,0.25191403272746965,-0.32981444603016313,-0.1185582352192127,-0.39727566217499166,0.1252614929300429,-0.26889834606506363,-0.029855629942790566,-0.2963897012135944,0.49126359999260466,0.09305952569353723,-0.49126359999260466,-0.09305952569353723,0.5366133169902334,0.5684156272973087,-0.7596935213282934,0.3246359064204284,0.31798341946730035,0.957231216469425,-0.684520066289825,0.7632667138249902,0.263568259851926,1.0821429198143713,-0.6798994643897186,0.8775053904739026,0.1856827452399929,1.0473678293546766,-0.574529529511352,0.8721459629931896,0.17049321792226285,1.0108179228324001,-0.5533442890499761,0.8457583956912783,0.3274128046255285,0.9468333932158473,0.22299568632637126,0.9361276624007989,0.1474741090016818,0.9650482423396897,0.09701336409307086,0.9989180313393949,0.053751918628537905,1.024387049325974,0.20979729454030824,1.0362737569210894,0.13728475401370482,1.0839888681863885,0.07969578905695576,1.104442924792291,0.03413131294584559,1.1169260782998642,0.24689750296604854,1.0549846959965492,0.17288827382775687,1.104718097750742,0.10920827500949894,1.1247623768161725,0.055740695527534,1.1346612209833506,0.26306298826536323,1.062610150788385,0.1936853618656603,1.1060496814032414,0.1335391011842598,1.1231855975670675,0.08116307369038053,1.1315179993615838,0.26503124153327495,1.062657862143312,0.20553465794475073,1.0997375318609177,0.15591525007489498,1.1159899732056433,0.11239376497828969,1.1222248105979187,-0.7207867775240964,0.729483835572914,-0.6149380375437083,0.7562970173301554,-0.546688420911533,0.8134613699309523,-0.5063745194091159,0.8663058592560666,-0.4718999341204084,0.8986082342924121,-0.6497974768831718,0.864540976203038,-0.579491513685166,0.9320192415180938,-0.5239305117191717,0.956009522040233,-0.48519377893279403,0.9643055620472599,-0.6976091705194025,0.867918565677418,-0.6214999147442445,0.9340636006456288,-0.5584642620420047,0.9565757852588763,-0.5112852913111986,0.9626423483243598,-0.7149275252271714,0.8643308504535053,-0.6412238388801492,0.9203665034919202,-0.5846539022874881,0.9423284410110042,-0.5398659040840975,0.9508963747025327,-0.7123040872615757,0.8598461489332593,-0.6554127971358051,0.9064560838334533,-0.6071371049422155,0.9284001995909915,-0.5660495739219162,0.9403754638874395
-0.020218222718923203,-0.3533372187863643,0.05519268809578851,-0.402888219805862,0.09313128620204097,-0.40226773915551445,0.12762514996139818,-0.40185077845189854,-0.07714474150005922,-0.39898207132177094,-0.11875900886361654,-0.39506815244408267,-0.15525055784783875,-0.39107316448898677,0.1775915735081582,-0.3755551931834105,-0.20071811291394312,-0.3636251000049446,0.06419119298187519,-0.288893030750863,-0.09306502226520504,-0.2829106597278337,0.49981821662757386,-0.013481480899058484,-0.49981821662757386,0.013481480899058484,0.6576653852464125,0.43921444947211735,-0.673909165774646,0.4743897328468073,0.48669883655663065,0.8561442297655271,-0.4807139672698733,0.8777203215892005,0.45156069921148406,0.9907385866604528,-0.4048373732552534,0.978226223168901,0.367661278057958,0.9684644205508565,-0.3215547269530032,0.9430099299255957,0.3459662916919016,0.9329443064454195,-0.3231225667414602,0.9098496911910753,0.4983905373680478,0.8306559739248569,0.39812877681270253,0.8334950531550908,0.32029141510565384,0.8704844980759391,0.26669482003965905,0.9100014147412728,0.226997569511393,0.9385904931443293,0.38910021882869117,0.9286702050294202,0.31582807787747524,0.9906964690896205,0.2619027267026877,1.0219793503526666,0.22073946432996613,1.0446554197125077,0.4312518812144239,0.9476013307324942,0.3568877046570176,1.014396381040333,0.2994339166959807,1.050908488884457,0.25399349747910355,1.0770657911508288,0.45408417047433286,0.9574112051912648,0.39078664624972814,1.018533876341907,0.33993136110433325,1.052101666423242,0.2974780698568702,1.0768055844748565,0.4633439208272095,0.9597106138728309,0.4117516040140145,1.0118994793848246,0.3710666261559598,1.041670826880528,0.33539106878166663,1.0616295664889197,-0.5161287222828221,0.8329013074628283,-0.4031564768497458,0.8274202471034312,-0.3195665561094105,0.8588013017152853,-0.27207086749249,0.9016560620177532,-0.2348107870189539,0.932224844333589,-0.39422119569854863,0.939849776965074,-0.28597887112175313,0.9826414639716609,-0.21540045704203495,0.9738657159553372,-0.18186620106750023,0.9542091872439351,-0.42984301439198574,0.9564389064447992,-0.31908129452730216,0.9957090693057006,-0.2488605499936047,0.9857194195891126,-0.2106052806443473,0.9663204196882312,-0.444948912019302,0.9607798616176816,-0.3430150763513322,0.9972441717896159,-0.2797370268996577,0.9899917529932201,-0.24053052968975203,0.9747139077559309,-0.446239763233746,0.956832241314625,-0.36520680254820115,0.9895835926406066,-0.3088738628199055,0.9912236864649564,-0.2684053697993618,0.9835464503964245
-0.025884578615818606,-0.35262623192181763,0.04982867643687823,-0.4029722134438876,0.08775399524571202,-0.40280116045405195,0.12232330099403976,-0.40279920693539256,-0.0824794596878603,-0.3978962628937958,-0.12404706210788555,-0.3938553096939543,-0.16043479034668437,-0.3897878165527373,0.17422906305870767,-0.3772260399099455,-0.20537704639760068,-0.36179080101918065,0.059500133430407415,-0.28913124977330884,-0.09733097929939165,-0.2814959717416071,0.4996714688493536,-0.01812245066014843,-0.49967146884935343,0.01812245066014843,0.6798270157999466,0.42848223118976747,-0.6706868072087229,0.4615701064621563,0.4676230652040718,0.8258298924847739,-0.44873305549145004,0.8099009461791578,0.4245968581830478,0.9552737520838651,-0.3696971652965537,0.9147533526516458,0.33670821592504113,0.9233829109650217,-0.2964877065223078,0.8739729099868405,0.3237594613442956,0.8875429807190292,-0.30056853700220587,0.8414727073914142,0.4837634022299969,0.790629652541108,0.38539433561808145,0.7886176996728194,0.3012352289324702,0.8182851895835949,0.23859947482863916,0.8508353652897853,0.20695778971902618,0.8804943990605385,0.3514302067979618,0.8959060987784425,0.2858293229047276,0.9531887713680883,0.22658740500949648,0.9817006959594383,0.17706256471821533,0.9996262730056161,0.3918153655496797,0.9125275435783895,0.32853438942785246,0.974749897018809,0.2670931046327629,1.010121100267888,0.21440543632061942,1.034536610478598,0.41617336675822675,0.9202546080478003,0.3617014099118572,0.9803074039373213,0.30756376691920284,1.0144458535618102,0.2584498804214952,1.0389117678621707,0.42732647021314174,0.9212074949263194,0.38231449234441256,0.9734460752045647,0.3441963835169611,1.004856570754791,0.3083019725557001,1.0261645077602712,,,,,,,,,,,,,,,,,,,,,,,,,,,,,,,,,,,,,,,,,,
0.009786097311725672,-0.352346345192621,0.09007654682590524,-0.3946346864849436,0.1275753811352583,-0.3906305893852111,0.16209461710523357,-0.38714258560160536,-0.041641183148467195,-0.40323756369127367,-0.083278818223459,-0.4035695770688612,-0.11945221963251262,-0.4032301014953116,0.2121745629374893,-0.3565083844187409,-0.16731489612603243,-0.379871688850515,0.08813328792098109,-0.28054906102717553,-0.06833689348496662,-0.2885955701932293,0.49896429380927293,0.03216571938280748,-0.49896429380927304,-0.03216571938280748,0.6595267657253859,0.48098117028367826,-0.7186201898443138,0.3820911258600071,0.37893858458550306,0.7981702103112226,-0.47424850021239845,0.6888032710576862,0.30574336563307136,0.9233127907515437,-0.37892193551363984,0.770755121843482,0.23299067266316545,0.8739692210430203,-0.3065799666718422,0.7354768069253891,0.234223331177841,0.8311871193326013,-0.3169857392776711,0.711406727727575,0.37875460933799204,0.7936784561507936,0.28978435553797605,0.7740047004244288,0.20319999913790265,0.7824367006956745,0.1399828547166129,0.7986886148319592,0.10511959711583196,0.8144454311492272,0.2253975477096159,0.8685292377999368,0.14067374586816403,0.9208832610206635,0.07661183103826533,0.9453480157463248,0.026718189856019443,0.9601271377369635,0.26115600131506334,0.8945286853047347,0.17358826071196645,0.9467155640834903,0.10527230242013147,0.9730488311399829,0.0522198173352696,0.9879393250362283,0.2827933737614366,0.9093206064557777,0.2079028052941949,0.956821723940341,0.14728226162444613,0.9808778144270164,0.09625477029759753,0.9967809847014701,0.29570635998730077,0.9144992985575168,0.23762581950135156,0.9575393159780743,0.19021379315147097,0.9805113896316592,0.14997740454402259,0.9931903637779909,,,,,,,,,,,,,,,,,,,,,,,,,,,,,,,,,,,,,,,,,,
-0.0625232557734602,-0.3432936784485457,0.005293583044676377,-0.402302441782095,0.04189540373197321,-0.4064807526182792,0.07712627141993501,-0.4104385699903045,-0.12471838972294462,-0.38308724841666025,-0.1658050384908238,-0.3747414003179735,-0.20058270981959653,-0.36706805200227133,0.13347405844678828,-0.390709038614831,-0.24346533667107575,-0.3343462627402996,0.027591196915115714,-0.28971859993178384,-0.12639933096479536,-0.2641403107455972,0.4943491247161659,-0.07495960840586519,-0.4943491247161659,0.07495960840586519,0.7640773298494046,0.31607208398128245,-0.6296690913878833,0.5305392154957919,0.5008421701605495,0.641000119085252,-0.29108069411620224,0.6868143240251903,0.438411231088736,0.7744063351268456,-0.18188826844059214,0.7285386946111605,0.35750863802569777,0.737942879001275,-0.12139400308554689,0.6698917428811024,0.3575313570943211,0.6973509253450656,-0.1415361000307631,0.6557686702908091,,,,,,,,,,,,,,,,,,,,,,,,,,,,,,,,,,,,,,,,,,,,,,,,,,,,,,,,,,,,,,,,,,,,,,,,,,,,,,,,,,,,
-0.025866672611365698,-0.34233151067575235,0.04495662502828302,-0.39586764239899347,0.08107560265252275,-0.39664891624129367,0.11661197216490728,-0.39705589987410767,-0.08478510302187436,-0.3898270117987614,-0.12688458248156764,-0.3858760296615472,-0.16158994537713367,-0.3819508225607477,0.17097091451603577,-0.37158691402749394,-0.20885965223576589,-0.3542091946059693,0.05648586878484959,-0.28021119038619147,-0.09825761839724229,-0.2700098735518277,0.49936301740250727,-0.025230474642051304,-0.49936301740250727,0.025230474642051304,0.7384941837263219,0.3900739161431935,-0.6968624295462762,0.4668056445246757,0.3959219169353286,0.6222699056218364,-0.33843450888620213,0.5639092217971601,0.28564334257759655,0.7066485192627823,-0.20489192389487385,0.5849130878291643,0.23654771361803661,0.6566766737881315,-0.1675030481006132,0.529863931182008,0.2536468531635689,0.6258427434722509,-0.19373699890027102,0.5189989884682155,,,,,,,,,,,,,,,,,,,,,,,,,,,,,,,,,,,,,,,,,,,,,,,,,,,,,,,,,,,,,,,,,,,,,,,,,,,,,,,,,,,,
-0.014820368299379742,-0.3387605448442633,0.05788921368901888,-0.39098315416553314,0.09392732776470816,-0.39036012229740064,0.12950538664974987,-0.3891847015450352,-0.07173983781689736,-0.39051844861853335,-0.11399014837123643,-0.3885332386435186,-0.1482830204744166,-0.38628420672070096,0.18340391530150021,-0.36082047789900046,-0.19609764837006927,-0.36130624556018637,0.06476790512365885,-0.27275788306000315,-0.08970750504424647,-0.26976764205666437,0.49999024531682573,-0.003123233584033004,-0.49999024531682573,0.003123233584033004,0.7269788978014894,0.42610516940638865,-0.7221202281762288,0.4386347053513725,0.30728487506613134,0.5516070388260949,-0.3271078609480466,0.43687234020851623,0.1493920065032929,0.6029083974457408,-0.20425247720382753,0.43087864386915337,0.14752479575165695,0.5528633395633616,-0.1791591284716717,0.3730558575855925,0.17639664552413317,0.5310309312770772,-0.20425387644485163,0.36959602711357165,,,,,,,,,,,,,,,,,,,,,,,,,,,,,,,,,,,,,,,,,,,,,,,,,,,,,,,,,,,,,,,,,,,,,,,,,,,,,,,,,,,,
0.050771132752960746,-0.33449305678908525,0.13208963475898722,-0.372655160019315,0.16658380958990662,-0.36510493641475555,0.20181015328633373,-0.35678785207801833,0.005073322074226398,-0.39756105536698033,-0.037402324041104044,-0.40402177289587526,-0.07126457693278372,-0.4085083221463781,0.24891225916055343,-0.31726199160500473,-0.12286483709765052,-0.3933113471135197,0.11464881306246683,-0.2532190883777282,-0.037799550909859585,-0.28057264213130495,0.49079064244218545,0.09552248578835684,-0.49079064244218545,-0.09552248578835684,0.6373318423535097,0.5679788319830692,-0.8022780438142851,0.29582859707097453,0.19178962838317282,0.498603417585562,-0.3404246924579453,0.26571396554465737,0.03802060921299271,0.4717824730029762,-0.21975052105743986,0.2581326146626614,0.057364292061607924,0.40896643597832455,-0.19630415102032034,0.20884218730637907,0.08941300825836589,0.40343342822920225,-0.2208375942609312,0.20922453753346607,0.2557162860273017,0.5249533842132922,0.23443300727117197,0.4663809226781726,0.18701505200821608,0.40617012677857595,0.16409396550734442,0.3589738539592018,0.16853290529879852,0.3247527788897815,0.08234719696263065,0.44415019398387307,-0.01056457002701639,0.4077790257643669,-0.034381139627175754,0.37422337458423305,-0.033354242701602844,0.34855023330222407,0.05303198991074747,0.4664396511251336,-0.03790447794502989,0.4268028207570661,-0.06443737912314665,0.39329683322368997,-0.06870896191728064,0.36843757115368986,0.03687012444681709,0.48379835897060613,-0.044492423867481486,0.4455785872593432,-0.06953554528039596,0.4158766828570294,-0.07672071291821266,0.3935802896493194,0.031859375253770424,0.49632958583977643,-0.04013300288629489,0.46588635742415685,-0.06920956474650695,0.4411395882138425,-0.0804424189376411,0.4229661191599727,,,,,,,,,,,,,,,,,,,,,,,,,,,,,,,,,,,,,,,,,,
-0.0238079002903867,-0.32866634863253824,0.048110171548573034,-0.38408135473928867,0.08274686301141407,-0.3843032790239507,0.12012132554280529,-0.3840496493633168,-0.08182734048702783,-0.38028900334341603,-0.12531306620233867,-0.3772237413672552,-0.15953436707198995,-0.3742216079723833,0.17481934191570178,-0.35558288613965705,-0.207493522451722,-0.34817213351658083,0.0558352359182553,-0.2630393692660001,-0.10005580614070467,-0.25615844002594673,0.4998275650225896,-0.013130317726120451,-0.49982756502258974,0.013130317726120451,0.7738313251414948,0.43065608042367803,-0.7218542400363598,0.4787402870415823,0.30611025540077386,0.3626562364907347,-0.30516759263856486,0.2826452216653799,0.17440654575327275,0.345543296766723,-0.1946227737754082,0.21081203470232704,0.15904461460816666,0.28932921862339805,-0.18671933579646152,0.1612134874708611,0.18147302404703827,0.2859478885096255,-0.2026355446636206,0.17461123126342545,,,,,,,,,,,,,,,,,,,,,,,,,,,,,,,,,,,,,,,,,,,-0.34192479389365005,0.2981184645864508,-0.37469084880080444,0.24429047446475308,-0.3528973262478107,0.18189046002964682,-0.31830311271469086,0.13089808596331934,-0.30733733212127107,0.091271970907374,-0.2013672147445341,0.2099906044521099,-0.13745670961245504,0.13323047165851984,-0.17411596226170828,0.12495400676246267,-0.20582915143492192,0.1390863385368995,-0.15056832442889098,0.22170697362675176,-0.09695660699245878,0.14303841746118848,-0.13474465793133175,0.13251141547864975,-0.16338453033909403,0.14405651097505298,-0.12414121466834602,0.22940341212053486,-0.07675289422376065,0.15588636714830437,-0.1143280390931844,0.14682675924590022,-0.14353944577780386,0.15869038771176133,-0.11633520751518235,0.23014923843516413,-0.07656616288238435,0.17157363850660415,-0.10639544503582067,0.1621891986739044,-0.13316950952274678,0.17095178228426805
0.0479299385403562,-0.3242222560707904,0.13173044161750397,-0.36227665560015254,0.16538860890120577,-0.3548433447865194,0.2023457371110836,-0.34605595388359095,0.0030379254195759863,-0.3881498400289599,-0.04097268977984255,-0.3951623785141581,-0.0751447804387944,-0.3999732884243726,0.24941519723548736,-0.3053843687507693,-0.12876943563447873,-0.384800024496096,0.1110612222716212,-0.2407984550699007,-0.04447753320695182,-0.2693029135522585,0.49061011518753933,0.09644539841625076,-0.49061011518753933,-0.09644539841625076,0.6751008418782327,0.60690444497804,-0.8238824402137459,0.3171444881022585,0.2378661457436814,0.36537581114883627,-0.3766789128199776,0.16237206350906216,0.1250100755864644,0.2969548808111493,-0.26260703654067535,0.11135685288536776,0.12511648964957361,0.24237417198530595,-0.23195680986536368,0.06628886697039325,0.13989508681887514,0.2544476655301917,-0.24864904551434444,0.0768362860413363,0.25616012163969715,0.3668205082633385,0.2932373425664289,0.3102411345923912,0.2921029404082166,0.2527951889642248,0.28424031219530627,0.20558281547195884,0.2972774732067662,0.17235366211029549,0.13744888424666996,0.2558477358486108,0.07378563031025928,0.1900839878323141,0.07250649922439954,0.16429897787639286,0.08127993332635741,0.15137592374970238,0.08544496073168081,0.2754579177837699,0.027957194424110657,0.20390085242251973,0.035724162350388146,0.1749606473183224,0.05505230241477134,0.16329979062219574,0.05649329632414167,0.2938160940247807,0.008190485707823226,0.22754577647179386,0.017012447248718306,0.20009005930749005,0.03534363187534694,0.1883087981619083,0.04356359211428616,0.30767654348008266,0.009099933886837415,0.2567194653721155,0.014416181698397297,0.23064751885018486,0.025625091692477387,0.2158250430497348,-0.41734707704397755,0.17892559634768998,-0.4451497986904931,0.10545584752545631,-0.4172004287960656,0.045463140729145965,-0.37990828867148924,0.00117003091539755,-0.3528199073249516,-0.03379368548129965,-0.25852357554726363,0.0860204472679591,-0.18930338671664662,0.03075860019757103,-0.21766339631338652,0.016582639200934297,-0.24962797423790123,0.022411661409983397,-0.20942603735710671,0.11511669564212283,-0.15634351057704982,0.054027986627892655,-0.18423534583644785,0.03805847080590247,-0.2135635187149844,0.040989652218317,-0.18546428381869634,0.13633266962398366,-0.1399081320824889,0.07669160653637512,-0.16547802223865976,0.062376131209136515,-0.19329172084708282,0.06370465217447252,-0.1782645465354526,0.1491535987950098,-0.13995950468754265,0.09964789784021025,-0.15927455751215716,0.08513976532547633,-0.18382804664195576,0.08256254206120203
0.07255682924854179,-0.31988003304308144,0.15915063220421555,-0.352769861714312,0.19189014388745038,-0.34328484383246216,0.22883778981371206,-0.3318627879997511,0.03293885460281849,-0.38720563511408246,-0.011946080646843748,-0.39768727780635804,-0.04610183275075102,-0.4050389337223359,0.2720068521548596,-0.28747482286625936,-0.10192789329225668,-0.3935648534968744,0.12812161655317314,-0.2318349178396893,-0.025967300296382206,-0.270903176391552,0.48274814456381293,0.13020840572019893,-0.48274814456381293,-0.13020840572019893,0.6465646033942256,0.6610839868641147,-0.8541437776790877,0.2636190349838531,0.22330602533948357,0.3485914560038385,-0.392340323048866,0.09747517958330663,0.12301148922014278,0.25193306265402987,-0.2759246888259416,0.03544083050410811,0.15853197982480172,0.1987727075826277,-0.23000933563555676,0.0012060981597687747,0.16224605073685605,0.2162312449732975,-0.24605648360440963,0.015443552509479276,0.26636003875588493,0.3449536527788915,0.3125616162438315,0.2904948516103455,0.30865595138347474,0.2268051266486142,0.2995997907156484,0.18142073048471752,0.30949739330309933,0.15021955248740945,0.1580723998770086,0.19331906398839033,0.11205592189105691,0.1368026284378138,0.11010866366310879,0.11546673747768697,0.11644828294798447,0.10483508020857293,0.10380661254758314,0.20861487414448798,0.06647541820431555,0.15059365706088265,0.07522240851964884,0.1318242567449719,0.09011516725797214,0.12512912129798476,0.06856799073951203,0.22715561863993017,0.04080759648947435,0.17166335864665505,0.052088355026641164,0.15387763785658004,0.06645570828907128,0.1469410972604941,0.04929604237593411,0.24709697538112887,0.027769444392370276,0.1997596799578596,0.03640975131199368,0.18333224392587086,0.04441853590093608,0.17579766672092426,-0.43610861505514176,0.09760934189299465,-0.4541001247732267,0.02165540818092213,-0.4222454302403522,-0.03737035137375176,-0.3866089221057023,-0.07902214630959799,-0.35978421759081525,-0.11018537915796822,-0.2625315418342173,0.0017026507122655562,-0.19999621385240918,-0.03811230779540454,-0.238990012437183,-0.04428138400518993,-0.27035793082420184,-0.03391849649662225,-0.2201291905910522,0.03961304483032,-0.1588527258670839,-0.007739948046796704,-0.19300444718793475,-0.019990139946424654,-0.224912429603476,-0.013268579275522026,-0.2059592153005112,0.07071540701056817,-0.15966837152882182,0.03000487775210619,-0.18631082168760282,0.018195219551839007,-0.21426983421836887,0.022959883771970523,-0.20607356171318245,0.0939691244700151,-0.17085984091966472,0.058507475551079956,-0.1933819378908473,0.04767091887949738,-0.21763175110918243,0.05133296300127329
0.006623578361974232,-0.32695455522507383,0.08513597448770455,-0.37828473188870215,0.1193473088244581,-0.37584389801649487,0.15810700250517548,-0.3723599660426425,-0.04634401365454985,-0.3856534970356611,-0.09259142237086522,-0.3866707175541859,-0.12759123600475283,-0.3869654736339457,0.21035191629381728,-0.337162505732398,-0.1800524421344617,-0.3633484560701966,0.07963781170524244,-0.25165428728057665,-0.07999047929640568,-0.2577038040967796,0.49929458481056227,0.026550283969257817,-0.49929458481056227,-0.026550283969257817,0.7768472851984277,0.5158746395912344,-0.7902918416625755,0.4421056069856006,0.30264800833035466,0.24435981246623775,-0.36913667058327637,0.15485531703372318,0.1927268852745816,0.1628001038464764,-0.27059553002021786,0.06603879883801995,0.23660175569123834,0.11028524492228092,-0.23383294616538372,0.02313334320818036,0.23584155459614098,0.12761246541996,-0.24632195124175138,0.04453867349617117,0.35101297734256204,0.23772271725338573,0.38922019187270657,0.16805998389379445,0.3789632740067897,0.10341564600257,0.35895542734207403,0.056665385841129866,0.3642786004721782,0.022142440610158267,0.22753644908332046,0.09345157535872589,0.17063330378074823,0.048191246668613755,0.17548613178321706,0.0388644741904259,0.18741007549654626,0.03887609498015081,0.17639466779012952,0.11868762849199449,0.13083001526580512,0.07142987133023206,0.14656477755180067,0.060310703564070416,0.16628597185325186,0.06207242650229166,0.1441306367200474,0.14538410737889146,0.10939045794311732,0.09910460618971374,0.1274703135195711,0.08882648113040754,0.14794706333862268,0.09123774444989777,0.1261639158033839,0.17026494743154322,0.09682527076060846,0.12800883955233106,0.11312097048734601,0.11695557318436132,0.13062251759497914,0.1170204144873751,-0.40663269206829256,0.14949333761259775,-0.4452413896841662,0.08157943524562261,-0.4303757594134718,0.020090305151218436,-0.4031058185106888,-0.028997523954684277,-0.387233922542761,-0.06677127817064078,-0.2692692659581893,0.013263532653394496,-0.20301249177956424,-0.027664148274006123,-0.2241308238226051,-0.03103292760094689,-0.2497950298820467,-0.019086281084577723,-0.2169216582840059,0.0432275996697612,-0.16046687919795458,-0.005029296943581035,-0.19235099857701868,-0.012464501945856712,-0.2266673810899223,-0.0014361078549756342,-0.19124403247530958,0.07174173370001298,-0.1510467046327152,0.025640713727755924,-0.17854858572394453,0.018314584881011623,-0.20816454877972548,0.02657337796814039,-0.17913720778776915,0.09637996544501151,-0.15572877102559693,0.05692934431717393,-0.17582369603556686,0.048902337395907484,-0.19843464823591175,0.05390925524544122
0.07006648030186631,-0.31603180118929675,0.151484342043504,-0.35494256280402287,0.18364969538442993,-0.34686309753812355,0.22188938574492428,-0.33664520410424037,0.027052720412676843,-0.38414126752955496,-0.019735012403049087,-0.3935034657205265,-0.05561728847048359,-0.4001786277635411,0.26551188224429145,-0.29325160667862177,-0.11444645746281594,-0.38622611251022326,0.12371763097334422,-0.22982890801314831,-0.029423531975892637,-0.2624406147903129,0.4877354941601891,0.11006401653726901,-0.48773549416018896,-0.11006401653726901,0.6768356749668125,0.6369867552969688,-0.8589062436002105,0.3016732002833491,0.28618757038766796,0.2723826274697353,-0.39198963300122847,0.06478532639847427,0.2021867353163117,0.17683564496904275,-0.2820104609368631,-0.0034472852587660186,0.25339388105999916,0.1341201025062053,-0.2381475743277324,-0.041244258594540034,0.24685692356768002,0.1489427284133912,-0.25212598660104407,-0.018486496730552766,0.3129336423387239,0.2613590436279832,0.36536522629399176,0.20341263149327676,0.36886699771180737,0.13817627712151864,0.3599142638926351,0.08174491414940349,0.3799893904346212,0.04493357056546111,0.21529661121292354,0.09718896953856372,0.1685829131955893,0.04287143197411176,0.1979185150679986,0.05412228467910205,0.22276484145574305,0.07311826663637608,0.15790135923000145,0.11316632212636146,0.12536777526894247,0.05951547726575604,0.1550156320838013,0.06333061634991657,0.17695760451588025,0.07770465271918624,0.1210427533485743,0.1337934912447588,0.09965911527446325,0.08606486022285942,0.1275308959671124,0.08781552797702503,0.15000794647960283,0.10039901030656098,0.09914435073418215,0.15391908441783833,0.083267563330355,0.11228219815602579,0.10602284789845938,0.11112278763094449,0.12424715550449265,0.1198314876161368,-0.4228155341970308,0.05496512400132734,-0.45012860757137435,-0.016889088353137384,-0.4214772875865646,-0.07451464554888966,-0.38420052595673626,-0.11841214622044552,-0.37178741884782646,-0.1562911102094712,-0.2652114584825012,-0.057203418149940094,-0.18340716313034552,-0.08202613803829494,-0.17287296429151627,-0.0875885952616748,-0.18241487651580482,-0.084345076452748,-0.22023736062246202,-0.01800206313453257,-0.14920694368061624,-0.04816190000009358,-0.15694570778950212,-0.058169002332570045,-0.1776896908203741,-0.05691355706600478,-0.1994155724853049,0.01660238008682881,-0.13731064182635117,-0.012346553026762894,-0.14587865605688058,-0.02566741935251103,-0.16782832272637294,-0.028994830247759888,-0.19238681682889963,0.045811710349933976,-0.15291139625250477,0.017500939776794025,-0.15681527865007658,0.0030074646279873458,-0.17096805445403196,-0.0019870264486819495
0.05600806279882541,-0.31669799594213166,0.13190618433818563,-0.36259998172904734,0.16430958297332054,-0.35694839454103444,0.20444205324534437,-0.3494224260970607,0.008210996820016506,-0.3823145575118739,-0.041155020968454914,-0.38869111314411003,-0.08002654173694233,-0.3931051685909709,0.24912506498526166,-0.3094936470162679,-0.14060416556035774,-0.37521892864891565,0.11194254228378525,-0.2346691864524743,-0.040425908869774825,-0.25551429343485066,0.4945947128202532,0.07332168881205117,-0.4945947128202532,-0.07332168881205117,0.7323154774426265,0.5812544377292932,-0.8372957369943407,0.36862263888404195,0.3398443902551457,0.2466935885207529,-0.38745016166965157,0.09275367578495411,0.2433211833460375,0.16384481360604924,-0.281955728467185,0.015495114423018784,0.28677765190651217,0.11554575146256503,-0.25306430862640905,-0.03030496793316656,0.28380166624906533,0.12888930662917447,-0.2644396180032994,-0.007383222623411159,0.3421457915463719,0.22007603219512276,0.3863115300997288,0.15545705867408338,0.3803517473981445,0.09112208498207239,0.3620628547642653,0.03543430049891605,0.37469798050158176,-0.002297575798106599,0.22725682773764463,0.059947206109029226,0.17752396250593253,0.019931614622807934,0.197392589135731,0.025361977342781804,0.22144563338493017,0.03615810878379028,0.17194896770449103,0.08018139533804272,0.13516166560898835,0.039815750993340976,0.15807410094642763,0.04044189655024117,0.18276794829022688,0.04743522323708261,0.13577226236526482,0.1041393241098921,0.10877313628341767,0.0650586619892461,0.12864903109245285,0.061427325345188334,0.15297722140843997,0.06675544792786471,0.11424187795810407,0.1268335079827521,0.09576996504459888,0.09228254360789266,0.11320457778889811,0.0848750330183743,0.13259086879632764,0.08522393045014737,-0.4357441632339618,0.08172220740909467,-0.46157958178051367,0.009110655590855466,-0.43356073107761073,-0.054131829406132856,-0.4056581985916559,-0.1017135173762389,-0.39752094653513215,-0.14106944697397553,-0.27975404575910673,-0.048827250072442645,-0.1984006473835501,-0.06603257774300733,-0.16185823537083852,-0.06776406246334643,-0.13945421238878047,-0.06849085793169077,-0.23466082612999137,-0.0120631381110356,-0.1531566591608837,-0.03195212997042076,-0.1166980906599591,-0.03910042116612874,-0.09567117042051769,-0.04201103642246216,-0.2096292712903287,0.023092698284352876,-0.1392801860600452,0.0024996674833527408,-0.106866845700213,-0.0061300051356503365,-0.09186802669045242,-0.012963763121021897,-0.19855319782768358,0.055452655385832675,-0.14217694105313555,0.0348726281170978,-0.11850356766423364,0.02431214732888405,-0.10668005295339225,0.01574603710848029
-0.049971851371295,-0.3149484385200626,0.00721697557401781,-0.38387580253018666,0.03983117072497485,-0.3887495164287238,0.08083348740272828,-0.394497609264822,-0.11710632140211456,-0.3625558089913282,-0.16608076652605547,-0.35256674422876044,-0.2042944040875075,-0.3441297717421569,0.13718470611284914,-0.3718543416109185,-0.2559330939966802,-0.3069237682250468,0.030386006540505717,-0.2553181489976196,-0.12144683773855687,-0.22546434140440408,0.49143647932984313,-0.09214220956699865,-0.49143647932984313,0.09214220956699865,0.8800445895504639,0.31126498463719665,-0.6765010428758845,0.6220004457319861,0.40570880660837555,0.10001393914270958,-0.35104439866620274,0.19971924537846666,0.2807915159619247,0.051614537491759135,-0.26875820009354906,0.09889271116661869,0.30102356111349987,-0.0044121367566713554,-0.2626517502555364,0.046467783109498326,0.30578813172772484,0.011493742088439356,-0.2680152703123198,0.073149287543732,0.41913659061532865,0.06770487000707708,0.42617123434388976,-0.004662310994504289,0.38156127464818945,-0.059035961113648824,0.3401024611397962,-0.09970933133824066,0.3373373540677331,-0.13667426115444,0.24415109194960669,-0.03586558438678127,0.16048161540834321,-0.030411660937929047,0.146799288491025,-0.022039973091185876,0.15242630599303109,-0.017481049897137876,0.21056423661573045,0.002082123010410593,0.12719169241072492,0.0048916874622499515,0.11297281616194153,0.008348887126612572,0.11586081615622396,0.007348344126764105,0.1887131776696393,0.039954377488292406,0.11292423493729599,0.03885648774099186,0.09520287175984034,0.03687285480309933,0.09550907488764082,0.03143713033634608,0.17724964115248448,0.07543593978028085,0.1176549972818734,0.06986470908682932,0.10451651767359968,0.0637054157123369,0.10532285854472803,0.056079096428464585,-0.4240849525024274,0.2078774109998157,-0.46164336263101213,0.14880086935058567,-0.45219893688691515,0.08478250506004353,-0.43869652118124114,0.032842124491598956,-0.44134267242704683,-0.005234591422471137,-0.3041476490828037,0.03992501081223583,-0.20793523391149343,0.003869839357182129,-0.15893340765599226,-0.008013219377654972,-0.12651989582090883,-0.013535842281600464,-0.2550386270507106,0.06098471049679943,-0.15523672026938173,0.020075666878234626,-0.10552987166001243,0.006323944592314901,-0.07240699971058662,-0.0004709311038632462,-0.2229264186558658,0.08977616627967704,-0.13355114173419955,0.049332677456812954,-0.08419358678776077,0.03164067335459829,-0.05301791962648589,0.019637040466877913,-0.20406201319927578,0.1213983819166713,-0.1347690599385498,0.08811279595684679,-0.09732434482809224,0.0725250317712723,-0.07205219831125867,0.06051208371659548
0.04559271077027484,-0.3171808723470733,0.12153471792557484,-0.3680157448851059,0.15435001401258117,-0.3627426966205725,0.19552561299715396,-0.3558491971322704,-0.004791449315047036,-0.3849501353608063,-0.05533401549350733,-0.3900728915951323,-0.09465214314807616,-0.39340660314799863,0.2437539804332223,-0.31728700770924084,-0.15600039081140235,-0.3726423255842509,0.10574733001684025,-0.2365696888514351,-0.05028788509411986,-0.25233779129047357,0.49643849529961415,0.05957197650451877,-0.4964384952996143,-0.05957197650451877,0.75018763024893,0.566249765117064,-0.8429243072083471,0.3946498179572979,0.391351418578848,0.2007884579420826,-0.4410808228496682,0.060830771921874215,0.2774471279682989,0.11587827309621213,-0.3224577324402366,-0.007514849240006849,0.297139987393381,0.07503113599643829,-0.30133487018176713,-0.055450449049032846,0.29932635926371626,0.09350442114913037,-0.314112514677523,-0.029564436824168778,0.4513593287065154,0.16241634743576933,0.44067010439378346,0.09987238657048415,0.39588899044188847,0.03873107623130827,0.36456955685272324,-0.006267820868742115,0.3663695172051063,-0.04118971798994437,0.29758943589945985,0.020620994364137543,0.18690528147256,0.02015575932873997,0.13292150610896777,0.03210486102247946,0.09612080681995046,0.04213841926608719,0.27027211733690687,0.045052942728483925,0.15074478860320972,0.04166615230407899,0.07999926527997364,0.046243631439284255,0.021398722769827024,0.050068174256897933,0.24691059605193652,0.07573135382749423,0.13614174630266057,0.06677361878184267,0.06926467971896419,0.06524208538556094,0.011711042739194398,0.06409131164284491,0.22867874822673911,0.11071076670528453,0.14738427859934672,0.09868230329067745,0.10434685508335363,0.09693682132210595,0.06309851963253664,0.09658597757344892,-0.5287946649640565,0.04131315613827423,-0.5220566544646841,-0.018669848495067524,-0.47622164395863575,-0.07026231168942927,-0.4410204879621556,-0.10900789822584238,-0.4262791693688898,-0.14263207457396992,-0.3484998852125174,-0.07364613097438986,-0.22718431705033293,-0.06690123272637306,-0.1583877158208689,-0.059053271968147115,-0.107524115527698,-0.05211726482139027,-0.3180701573303787,-0.04239683573085158,-0.18633802013370676,-0.03660714842146348,-0.1144331202462541,-0.02879948600486493,-0.060029848027180165,-0.022058728972020047,-0.29991882122203295,-0.00738310538617825,-0.17863683324043916,-0.0027136236838812876,-0.10778744838706293,0.0030923239884671056,-0.05503527992294638,0.007667684977066696,-0.29184847153000787,0.02862707410184526,-0.1983223948596494,0.03183880507728021,-0.14356711610220893,0.03669284133609735,-0.09893017961649463,0.04033672089775866
-0.04327973003116014,-0.319002012597457,0.01608890905073053,-0.38988977128985597,0.04889037161124693,-0.39348945340878183,0.08982278925735084,-0.39770365907329,-0.1112479396846565,-0.371926474956716,-0.16182372594068442,-0.36305829385933963,-0.20013321203710685,-0.35569419351375064,0.14855480252316808,-0.3737635571502893,-0.25333577551061215,-0.316777042907049,0.036924122841846145,-0.25720123353196056,-0.11834258523645598,-0.22926848159757468,0.4940685146439666,-0.07678738722931354,-0.4940685146439666,0.07678738722931354,0.8684272499607084,0.3408315696574371,-0.7113745521583344,0.6095340545236801,0.4414714141585911,0.03852539821433753,-0.4609705649156678,0.1575711221563761,0.3200617940811838,-0.022007464810520697,-0.37408018383966046,0.06242169889465906,0.31549862069653273,-0.05890247595037514,-0.3565309305659102,0.02073070421185883,0.32456255623251723,-0.029641863442525757,-0.3685650044118583,0.05254062921860076,0.5039014862394645,0.01963196092783863,0.4510330574342995,-0.026950352326988225,0.38007802394335666,-0.06895929294515458,0.33161887213770913,-0.10084129100772823,0.31182205083587455,-0.12962123170450263,0.3608226588060174,-0.08804323592691804,0.2470233330368303,-0.07562300424565173,0.17171353299044156,-0.05028491644650103,0.12991575606102831,-0.026986180271975857,0.3515962741548422,-0.06744985780009073,0.23118869306166154,-0.052767582871885266,0.15615319762856342,-0.028490684314619,0.11121822605546126,-0.004837637126356436,0.3453822024192671,-0.04161718048663239,0.2335563946271608,-0.033458260169402815,0.1656486981381036,-0.012511707942552805,0.12597850159087354,0.008050978679631072,0.34262891134505497,-0.013850772412778607,0.24891795756759727,-0.012415550399663201,0.19236836341291155,-0.0023275880378246356,0.15128629152139852,0.010062462793986466,-0.5359391874053396,0.1888971507392683,-0.5227176571574698,0.12737029891045631,-0.46999224995722305,0.05873974693727125,-0.4352669061004733,0.009166077539645996,-0.41357368705140657,-0.029549186658579356,-0.43591550985653515,0.014815292559031858,-0.3185897936762783,-0.018120136710247307,-0.23175647628008447,-0.03558376569942233,-0.16837151205269363,-0.04663705414245564,-0.424299380115924,0.027303044825040007,-0.2989564344064508,-0.005751198244097093,-0.21193250715337178,-0.024218213392135444,-0.14110822252320335,-0.0382512793821436,-0.41009346741365876,0.04998579620137583,-0.2912252389628198,0.01931628908321814,-0.21020305980530965,0.001408034047945733,-0.14527611157005224,-0.013956089270252032,-0.39532262456744066,0.08208107606583426,-0.30694976662749823,0.06353453916483426,-0.25440206526338505,0.05294738521252295,-0.21186370258264503,0.04266760969252979
0.016954920517585084,-0.32246309777674,0.08837587504486297,-0.38138402795931226,0.12158812084416613,-0.37878049269492403,0.16297288855762757,-0.37575537357976363,-0.04147901250194548,-0.3862704651762615,-0.09337690442207071,-0.38635939317852797,-0.13273716818055392,-0.3857014349169223,0.2187893476074199,-0.3415568445336878,-0.19238162871719214,-0.3557553271192768,0.08648392910803718,-0.24772884482111068,-0.07319858584085888,-0.24661590727252414,0.49991384607584627,0.009281513974299698,-0.49991384607584627,-0.009281513974299698,0.8030616726618819,0.4901210781703633,-0.8056682842215298,0.48512010469672184,0.49443173483340835,0.09467854243739811,-0.510250087691254,0.08201863244255259,0.4292698885971622,-0.005275476057679841,-0.43920105518343056,-0.013506885163382812,0.4357006612184883,-0.04861424405411745,-0.432385691416533,-0.0547307166926484,0.4237249946285885,-0.007978322259011376,-0.4348189021996037,-0.024071860749084326,0.5020532284732261,0.12103811469376377,0.3997991273687888,0.07971805673013953,0.342839426741061,0.018986325935096825,0.32025194477178626,-0.029529485460257836,0.30141155903766603,-0.06880331215604468,0.40361115877720827,-0.03585627495780375,0.41086582975467995,-0.08292283734912169,0.39876193675420535,-0.10466790809525006,0.38286201129566383,-0.11649553682520437,0.4477471098697702,-0.03432924820019515,0.46316447919193077,-0.08351246213424306,0.4527530559148125,-0.10707136299858624,0.4394207294544846,-0.12163305540907368,0.4933646107316833,-0.02237895080798633,0.5123724367446176,-0.06804098026561416,0.5096350842161607,-0.09262020660463705,0.5034960530484326,-0.10857367960464107,0.5391378520048139,0.0012480142184937196,0.5617521512281801,-0.03836096684324328,0.5655353097963147,-0.06415250443588666,0.5640267517291586,-0.08403685439881466,-0.5566848123231491,0.10129401171328795,-0.44581892385929517,0.05888980843402737,-0.3945650470565837,-0.0025666550090169527,-0.3626463042453211,-0.049712380993067136,-0.32519102436924174,-0.08362382557617541,-0.45599719900464164,-0.04982366810341972,-0.42156561562223,-0.09578109304530565,-0.384154116559329,-0.11656668732772626,-0.35636897083104097,-0.1312673095997294,-0.484892513773829,-0.04625821667012789,-0.44800293838310723,-0.09366820132365596,-0.4125018035403575,-0.11392629624098455,-0.38619868641010485,-0.1283658061479231,-0.5054101272229432,-0.03606422464108124,-0.472207993434565,-0.08126544206532813,-0.44210252741859957,-0.10618184273104261,-0.416607707320021,-0.12390979354666798,-0.5208010731474576,-0.020483787082734115,-0.5012952912229435,-0.06011259420158793,-0.4756398885627803,-0.08288577278765133,-0.4519570820546185,-0.09916373531625629
0.003603675022837926,-0.3283463312162839,0.07188422877245461,-0.3883324177905586,0.1051184793873423,-0.3869094550070845,0.14644770400567278,-0.38587141084579457,-0.05784326331456704,-0.38810129005457267,-0.1092157552608619,-0.3858889715913253,-0.14850116906059105,-0.38332100035347755,0.20451242891312743,-0.35413148250056525,-0.2068187987534248,-0.34621532009669176,0.07852074875562431,-0.25741379887981314,-0.0791793645512867,-0.24961369075361997,0.4998779053653371,-0.011048969524938355,-0.49987790536533727,0.011048969524938355,0.8185952022651208,0.4450055600823873,-0.7808316588224621,0.5164473115342363,0.5641444187660342,0.05391898504689297,-0.5510880852279045,0.0860854459052208,0.5410000839672564,-0.06016768663607612,-0.5318178793193123,-0.018610654925375066,0.542816769645277,-0.11171339281202884,-0.5312682721431375,-0.060925108295416766,0.5173981911050605,-0.06711060664687919,-0.5139303500145308,-0.02782484308285381,0.5161167464941567,0.06569363919528474,0.44338824915943287,0.02340356380572613,0.4216023242593552,-0.03529219533183754,0.41779978419095565,-0.07660224895810798,0.39641412457748454,-0.10361722357954342,0.5010757652578922,-0.10545565957527082,0.5173870507702422,-0.16658920504052396,0.5259832287633087,-0.21094504289885385,0.5372102201488782,-0.2500299970817987,0.547019624960306,-0.10321268083605473,0.5672026404354846,-0.17164393902449554,0.5825243102930863,-0.22169730181417685,0.6000266843966506,-0.26572266526238575,0.5895968529187255,-0.08901832053934557,0.6194464717763756,-0.155344364350897,0.6392814134464556,-0.19790796120682033,0.6553125144619495,-0.23509931385403102,0.6315391911098414,-0.06283770320251375,0.6629038603425558,-0.1127337127630482,0.678227192138552,-0.1467785065884739,0.6877822280207034,-0.17617322974460473,-0.5272100308013691,0.12136285408650656,-0.4494773671034841,0.07546860789613596,-0.410852313627354,0.0077674748774861375,-0.3856407700357433,-0.03570918070243326,-0.3664492974878115,-0.07115556859396312,-0.527139630522242,-0.046694046569858545,-0.5497272263396665,-0.10419237897534986,-0.5522791978100241,-0.14254156619523634,-0.5530835636745657,-0.1740108553412954,-0.5664158585956371,-0.039639561723719755,-0.5936926476245329,-0.10306560328598648,-0.6000405382341204,-0.1449321653023829,-0.6045248295860829,-0.1800172039653624,-0.5984021074690689,-0.02136367989130844,-0.6342278746589965,-0.08176449227912438,-0.6502512221847406,-0.12175922659718179,-0.6610819374864342,-0.1561942370790913,-0.6241832901449242,0.006649092853222559,-0.662860541432065,-0.0357729879984277,-0.6825624501331997,-0.06494637399134066,-0.696415375957318,-0.09248949681512762
-0.039035199334508816,-0.33235243899912087,0.02066254527239606,-0.39962918256309227,0.05397721404580196,-0.4023133714285883,0.09488407996008037,-0.4067947646187679,-0.10785315964456672,-0.3827708603014622,-0.15766992549485148,-0.3739791138183884,-0.1961562894175159,-0.36627813991890507,0.15722121512690615,-0.3821883746912506,-0.2485151960964213,-0.3208072055130295,0.0454329459178229,-0.2720273186642222,-0.10981455031599564,-0.24369227391578333,0.4942933417057367,-0.07532657131036719,-0.4942933417057367,0.07532657131036719,0.8669066555886773,0.32419739080461135,-0.7006076171692088,0.613817940750593,0.6383830894736596,-0.031713597664441505,-0.5642231863452982,0.1766385170863745,0.620631013119967,-0.1583455585438343,-0.5847777710633975,0.07066604035509069,0.6094869737622838,-0.206537251284411,-0.5847031855377058,0.02759441665734138,0.580519511861516,-0.15471327376793667,-0.5478102886797962,0.05972387502523633,0.5616748045052402,-0.020074962087881107,0.4878917315864665,-0.05207083827617312,0.46442071810753927,-0.11301623027485005,0.47037171810333667,-0.16109066015334947,0.4635392810950062,-0.19784875046502162,0.5558629008816249,-0.19143843158941895,0.5764474649070381,-0.256934642900773,0.5761730391209653,-0.29607510019665667,0.5706383448737946,-0.3291053415811874,0.5979115180486225,-0.19366607036015263,0.6282184247790221,-0.2674769662122061,0.6447754233582929,-0.31549925079139773,0.6608461951823572,-0.35476966232652224,0.6327622364013771,-0.18275410149600846,0.673821930269427,-0.2529758320509266,0.6992069802876747,-0.2982524914629719,0.7197502175732539,-0.3373257815905937,0.6616853745121524,-0.1595446331595442,0.7002160503466379,-0.2129889999947975,0.7189824926004216,-0.2497841730523523,0.7321837956465014,-0.28193530959476215,-0.53199959597346,0.19134943389899114,-0.4768024734989062,0.13151076191027777,-0.4701223115826578,0.06302582811118945,-0.4790796428582634,0.013912150866092581,-0.48990629999441715,-0.0262056093848916,-0.5890566042172705,0.027100856032362966,-0.6315537707718506,-0.025249963497961554,-0.6599160609567591,-0.05793138098373047,-0.685801598191466,-0.08658720327835666,-0.6345203993496735,0.043484214307937606,-0.6867469000511447,-0.01156312460847868,-0.7215475831108015,-0.04863159104501722,-0.7538093594202411,-0.08042486158487809,-0.6683317253438014,0.06986358941005265,-0.7264054097428718,0.01774856593968356,-0.7600966764663477,-0.01707709131438238,-0.790827749407188,-0.04863626261185951,-0.6948702309917066,0.10601937239903132,-0.745370922019826,0.07014595455253429,-0.769849793125605,0.0411611290466543,-0.7906797957266226,0.012369121958522947
0.04778304126259551,-0.3310017502880248,0.12143454394119471,-0.3808368052851193,0.15411655388214182,-0.37526899069757763,0.1944932977385698,-0.36967189758798935,-0.006111709400132617,-0.39586169394027193,-0.05583515192423703,-0.3996499909913387,-0.09462338908961156,-0.4018420646321299,0.2483215721293044,-0.33112240155741895,-0.1568891992759777,-0.37022305262554644,0.11459076494813937,-0.25258298862208606,-0.04127851435077628,-0.26330786078929186,0.4979500302975096,0.045230159481360416,-0.4979500302975096,-0.045230159481360416,0.7592395136106911,0.5156675674186013,-0.8144736743325091,0.4221387476861239,0.6448576496424414,0.12074617323498461,-0.614999619422234,0.04909454259804128,0.6788499436757471,0.0041800351769375795,-0.6171638911750614,-0.058062429418535344,0.6876775426225796,-0.044439900819806095,-0.6176787929376435,-0.10359188295153479,0.6408937894423068,-0.002720020397219371,-0.5884114513304252,-0.06315700073776746,0.5653620765616717,0.11314610877808425,0.5049178009830685,0.05875877009293507,0.5103551789049742,-0.004637574946905548,0.5334511389638871,-0.04726861728439169,0.541234992983966,-0.08698406424218837,0.6166371628433182,-0.05273306229279292,0.6689922107461196,-0.10723365169055313,0.6967283624379811,-0.14262761959454387,0.7209057624029885,-0.17364128716348592,0.6559970775229794,-0.042257439009538766,0.7198418295954042,-0.09995005086024114,0.7607572381610589,-0.13899368699566705,0.7990344860539497,-0.17119538738303033,0.681145081924894,-0.020446097286060737,0.7511633271668107,-0.07155456014718496,0.7947121609462293,-0.10623493232078692,0.8311481758353664,-0.13735169360233948,0.6954101742916025,0.010808760643752767,0.7495806945928952,-0.024321875809887355,0.7800882805949843,-0.05254142417311612,0.803961527083542,-0.07876462041672928,-0.5806530791037177,0.0521245833303536,-0.5124605811623374,0.006493663892377473,-0.4971473823497233,-0.059041473230122286,-0.4956485938219705,-0.11072867331005722,-0.4869981932598246,-0.15068277803891814,-0.6112233067692113,-0.11764916841080067,-0.6430661577068161,-0.17851263606350085,-0.6662355028837387,-0.21654324615680534,-0.6891652575630298,-0.2505869967722264,-0.6638783239098079,-0.11187399064302266,-0.7144016868585266,-0.1766632284652209,-0.7479752543347161,-0.21943670719076985,-0.7802219331507267,-0.25795530171003866,-0.7014260088620803,-0.09353422454623066,-0.7567968252457269,-0.15410624437642645,-0.7877757015212757,-0.19443350142175903,-0.8161670104359656,-0.23185076035433513,-0.72983069703744,-0.06428861694402792,-0.7754556576356545,-0.10815180444016419,-0.7993605850376704,-0.1394559943428738,-0.8206178836292588,-0.1699993807596774
0.08527341493926002,-0.3243213681085162,0.16465260499144882,-0.36508414982810977,0.19677354483032342,-0.3558658947113775,0.23611300901394972,-0.34581607492937244,0.03929320517001003,-0.3944721522764116,-0.008915755651076421,-0.40377996348166195,-0.04696617222804622,-0.410344155459524,0.2852477361544926,-0.3015861200222005,-0.11220562643118209,-0.38579561264087237,0.14406640982099922,-0.23889757726782102,-0.009547525380956273,-0.2673589039348455,0.4898828089156103,0.10007414016094121,-0.4898828089156103,-0.10007414016094121,0.7018817910493567,0.5928759050854323,-0.8516527707925722,0.3276046525973997,0.6313913241295072,0.1958314475340849,-0.6275182230086264,-0.013938371893271764,0.6793516037362843,0.08659449515048905,-0.6235593999587714,-0.12168194071568149,0.6924034171003342,0.04136304935750643,-0.6199305738289945,-0.16746790327548047,0.6391001802934586,0.07907386036967673,-0.594713274311608,-0.12422098522968818,0.5578690941648531,0.1783601487544139,0.5042237568430349,0.11687999524872829,0.5209571179094579,0.05342560307382129,0.5515040450383654,0.01284656820247624,0.5677145208135731,-0.025037555162035822,0.630779819804188,0.020256942099356256,0.6933164731791019,-0.026065187252733855,0.728898898624899,-0.05750682546983553,0.7599008435154275,-0.08504497421535165,0.6642964265052661,0.03551991305908316,0.7347748631693155,-0.014420573216211532,0.7803992741249421,-0.049219157746760604,0.8226346634425088,-0.07840446487238305,0.6838674714185403,0.06050344882439397,0.75930347711743,0.016837015274986076,0.8073994545591593,-0.011915796443279714,0.8487846054637036,-0.03788354271536163,0.6930698807751852,0.09373442045625463,0.7504838730196705,0.06406909350730809,0.7835015404795872,0.038927189143557826,0.8110805237871184,0.014620931380304018,-0.5873295822558914,-0.010248934842008357,-0.5164311925670451,-0.05198736908225227,-0.4986637446221567,-0.11470865731853536,-0.49423801539958373,-0.16627688324281414,-0.48393812338092645,-0.2092623636637429,-0.6122783950369789,-0.18621944421848124,-0.6441259525495353,-0.24919854946354014,-0.6682623872893074,-0.2894179253714643,-0.6909246153183759,-0.326472217077405,-0.6623307151562001,-0.184997396230359,-0.711865594416082,-0.25347582816568726,-0.7446569382016994,-0.2990815360619547,-0.7764226957172947,-0.3396723211255907,-0.699166144417675,-0.1692810893323063,-0.7521481745522093,-0.23240885485516696,-0.7819610847955824,-0.275014047992635,-0.810232465164557,-0.3147535931323874,-0.7270565329499903,-0.14258080663203587,-0.7698478589326262,-0.18947380369795846,-0.7887570842458392,-0.22214723674999126,-0.8065009725999607,-0.2531027568015857
0.0336130100724018,-0.33536892511186844,0.10814213023385737,-0.3874003309288392,0.14185388253619188,-0.3830608963636209,0.1820740681901487,-0.3789951613703008,-0.0220664748137836,-0.39780333400087314,-0.07025848050151423,-0.3998421832296749,-0.1087941065122649,-0.40065855832650266,0.23766897944915527,-0.3426581660631895,-0.168474015444656,-0.3666884374077236,0.10730591154575862,-0.2595727093976425,-0.05036854467793684,-0.2649765571345762,0.49937885051533293,0.02491512909829625,-0.49937885051533293,-0.02491512909829625,0.7851358883913894,0.4784367023567753,-0.7911040827677975,0.4496344194468951,0.659804711805623,0.10943963696132,-0.6230583189261093,0.08379855765411617,0.6904166821562285,-0.000328495193578052,-0.6294606762799636,-0.022572643854292054,0.6921684458989001,-0.050746866320977226,-0.6301648098844851,-0.06830475457488241,0.643288532814071,-0.004435353755485416,-0.5994938908777249,-0.030045875598826384,0.5792732760684195,0.09517154613470402,0.5175834136430748,0.043019390558105136,0.5191150441177816,-0.022126715336803597,0.5376348519955585,-0.06787456967199118,0.5468649185918879,-0.10784805750030552,0.6256276713114515,-0.07131577908115522,0.680378701518719,-0.1258018805677778,0.711950359296861,-0.16186973160037144,0.7396015530839675,-0.19284481773426018,0.6633688105313151,-0.06164738236116361,0.7254492721515342,-0.12135176716018937,0.7666433382709428,-0.16223071162709993,0.8050773020340348,-0.1970026972071557,0.6885661060503456,-0.040742143513755893,0.7549105809999139,-0.09472914523073267,0.7973743435964896,-0.1292988060798224,0.8334739290534309,-0.15987625717871431,0.7044114116479894,-0.010006527912984344,0.7539223613547597,-0.04830839258623057,0.7820231216482484,-0.07776121860425345,0.8053836046993244,-0.10519837609541703,-0.5853675470329813,0.07820596643321938,-0.5165454334797388,0.02727855506928754,-0.505313992530349,-0.03745730183162051,-0.5105970879397931,-0.08951789759791491,-0.5070365774770654,-0.13143381498694953,-0.6310283945342614,-0.09453284332703481,-0.6748603749285339,-0.1511931566452356,-0.706117000053686,-0.18658730875518276,-0.7342103886067499,-0.21918803023834918,-0.6818804157753248,-0.0849260414605483,-0.7428830067682135,-0.14459967051692976,-0.7827538682359128,-0.18445757522307016,-0.8200369167007087,-0.21945099488306594,-0.7169539717533037,-0.06343408444450377,-0.7790311392754254,-0.11798293958294263,-0.8142105272002952,-0.15508005411005574,-0.8484993018654285,-0.18976019805988578,-0.7412699521286144,-0.032301008676041236,-0.7889708165576511,-0.07195651035019265,-0.8136881999053018,-0.10151339556623157,-0.8379742116636938,-0.13007569599640875
0.026533568371269526,-0.33581092800335827,0.10296158985202307,-0.38835023117139383,0.13733571197456707,-0.38443060492808423,0.17660876383905025,-0.3811148432751367,-0.029237653270011366,-0.3979770138916669,-0.07659345963008102,-0.39985106080627236,-0.11540445740792919,-0.40041026146431774,0.2337183619159736,-0.3455705599776837,-0.17280880604388876,-0.36543636140486013,0.10368038205103257,-0.26098638187906487,-0.056267847569499506,-0.2653022833489993,0.49958063915850875,0.02047400737461756,-0.49958063915850875,-0.02047400737461756,0.7933695730797765,0.4689612790668756,-0.786554696088528,0.4548247904034671,0.6584374388199944,0.10128868801487989,-0.624709153044657,0.09037148620122645,0.6898987616679316,-0.008879761839443901,-0.6328395691129929,-0.016307111876569365,0.6925369321052263,-0.05865107837728916,-0.6348980908099506,-0.061715779610237415,0.6451207152439267,-0.01175391140764325,-0.603381159609348,-0.023470788816667313,0.5788577168738616,0.09261735405723888,0.51522395673813,0.03995447899225216,0.5149289623036025,-0.024335697232872454,0.5324942509241574,-0.07026285683261112,0.5416525385355393,-0.11105952993062695,0.6192849575098249,-0.07397375843141922,0.6729563134767406,-0.1292167706122163,0.7042263275154245,-0.1655999934713149,0.7317946868057248,-0.1967562570589487,0.6568666995648754,-0.06485043971710608,0.7180166447335834,-0.1255614193419854,0.758498500169254,-0.1667956199488857,0.7966680576531039,-0.20190585004454623,0.6822249762849296,-0.04444308708607063,0.7478418618580912,-0.09951322023709754,0.7902697662280832,-0.13438935884487188,0.8267130691736235,-0.16496619295289516,0.6987630569336166,-0.013891965876361963,0.7482371183744255,-0.05266221284803508,0.7764138751861932,-0.08255905919238746,0.7999848022224987,-0.11032559707170388,-0.5788761202407895,0.08440794164842175,-0.5114320982237286,0.03412332999594941,-0.4992122868429658,-0.030282145659547566,-0.5017348775040877,-0.08252844617741535,-0.4955954779164492,-0.12562455941673958,-0.6184819446452227,-0.08815178414763936,-0.6622555493516785,-0.14491027469801507,-0.6945082518092945,-0.17971407516693982,-0.7254530329466324,-0.2118541758911243,-0.6697051167719775,-0.07873268556229071,-0.7298477073713322,-0.13826760854842318,-0.7709597037601172,-0.17751185266634512,-0.8103374062487513,-0.2125137289484683,-0.7064693850850053,-0.05761186067768522,-0.7660807027304565,-0.11298669606359059,-0.8017233784669571,-0.1503751884718847,-0.8369381627062026,-0.18522417799520133,-0.7335165575596155,-0.02726247712411336,-0.7803194084036387,-0.06768452625852617,-0.8031042302853105,-0.0979450817890235,-0.8248637912421127,-0.12763690714777107
-0.030718817918858554,-0.3335864756247742,0.03872560763268222,-0.3976066675243118,0.07470989701377478,-0.3994769596951061,0.11304851822234813,-0.4026174391869785,-0.09588869465648475,-0.3857485119731785,-0.1413933490577433,-0.38036208737878396,-0.1805229452877089,-0.37468007205226544,0.17672713334357165,-0.3770125279577464,-0.2277171412970196,-0.331844909933077,0.060606546938512904,-0.2729516484743967,-0.10044983506695558,-0.2522521787841559,0.49703330145669655,-0.0543865538810525,-0.49703330145669655,0.0543865538810525,0.8561948024320891,0.34296063731219695,-0.7107666270470334,0.5668891463039425,0.6566910040102603,0.0009830553927787818,-0.6031814655323356,0.17838650747063212,0.6693660761054597,-0.11361925041453788,-0.6245614790893604,0.07140914078284151,0.6663662968840873,-0.16062849694216946,-0.6307896413742742,0.026894413145039885,0.6277397974371821,-0.10681876187864532,-0.5944521112416349,0.06136395182895158,0.5794619073699147,0.006045691171582372,0.5090056665419254,-0.036553184975860714,0.5001114513074689,-0.10074634320518074,0.5111959475243861,-0.14822053538480068,0.5172148651426081,-0.18981311327804845,0.5955520631540477,-0.16447374363404632,0.6413155037438873,-0.22737730223615432,0.666428293702552,-0.26792248737776514,0.688079236572466,-0.3029421051295621,0.6318748513631361,-0.1598737516497822,0.6836353262760467,-0.228915218034955,0.7173192658758354,-0.27533474479078673,0.7488307697502958,-0.31585669437589475,0.6576979969580374,-0.14234735273771146,0.7144686306991423,-0.2064204507928561,0.7500150617901549,-0.2472405709397502,0.7795268197964105,-0.2829754440549923,0.6763340685887574,-0.11357381754840658,0.7202121248013976,-0.15904261431459504,0.7429907036786708,-0.19292769140016633,0.761199387230186,-0.2239410013649022,-0.552048583789545,0.16891761379814152,-0.493576747005444,0.11039240882486144,-0.489015149886158,0.043773963652366944,-0.4962535328387292,-0.007644103920845347,-0.4966738172010045,-0.05058714350733112,-0.6150919989545389,0.004293263755612511,-0.6647186231356508,-0.04601171007805165,-0.7002267815577775,-0.07608556989892397,-0.7341901134384031,-0.10330281044038946,-0.6636343393721069,0.020746726889593815,-0.7295055803664094,-0.030159700156102018,-0.7755822394733392,-0.06348196092849313,-0.8194597197158561,-0.09218788430439982,-0.6966887316446317,0.04675226989655768,-0.7612907990623748,-0.0008272665085300167,-0.80075733343301,-0.03287134797359237,-0.8395855449100558,-0.06221276054055535,-0.7193966974514071,0.08088934067794462,-0.7693906528555834,0.046786184883185304,-0.7947511805028227,0.019524025269948366,-0.8186074478260906,-0.007572066242266907
0.029471879092549846,-0.3332837120670768,0.11090888220192022,-0.3831890870968504,0.14712927539529205,-0.3783405543339164,0.18524651069673942,-0.3743681807438574,-0.024907507361659822,-0.3964422611310941,-0.07015083839963086,-0.39951035326636325,-0.10992083924249756,-0.4010648331265556,0.2435445587234904,-0.3373081294012545,-0.16298788332416,-0.3673826334664287,0.10970264151971075,-0.2565573433154995,-0.0538571932536622,-0.26607437084078917,0.49846217488310834,0.039184948778854124,-0.49846217488310846,-0.039184948778854124,0.7771143476404474,0.49688689020572663,-0.8037903512260907,0.4246162593275273,0.6385849460504289,0.12879207463960937,-0.6244307222847809,0.06287242046718618,0.6703446656404946,0.02101343980400567,-0.6245146399622123,-0.046956868008175744,0.6765352977300505,-0.027051991647231405,-0.6221369042836827,-0.09174405431425799,0.6297986722639934,0.017844642432440744,-0.5940681098674707,-0.05146603211606523,0.5627125264647695,0.11613701008366491,0.5010970168174718,0.06166498786132162,0.5045724518626956,-0.003008369919691295,0.5257428956400473,-0.04772326950872806,0.5396859389332982,-0.08774870161846506,0.6117831968014157,-0.04728395501960542,0.6691473551732893,-0.10096578125225503,0.7013905202209031,-0.13628971645181906,0.7291141243777092,-0.16685007839258817,0.6454065004133257,-0.036203128032003644,0.7089640531506523,-0.09439866950219296,0.7505553240086553,-0.13407230891233965,0.7888855357372669,-0.1681029684286201,0.6667284182418569,-0.014382160212376517,0.7339307785372025,-0.06681984128681162,0.776293936875789,-0.10082195864274734,0.8116718726839524,-0.13085768573672035,0.679369817824123,0.01719597913682129,0.7307316499859846,-0.019026690233558293,0.7590581025951447,-0.0482721448821927,0.7820205871067286,-0.07557073409060443,-0.5687218235890594,0.06478344349771165,-0.49838530354818394,0.018129331756450692,-0.47890429929224265,-0.04525742616708622,-0.4759898978586724,-0.096687629976221,-0.4667433570713797,-0.13966342065906312,-0.5960710281365811,-0.10904969681113029,-0.6347985746731803,-0.16770041433716784,-0.6633616299735562,-0.20389892615528515,-0.6905862690067095,-0.23732947653064732,-0.645770240901993,-0.10265359401371596,-0.6991341212407404,-0.16527565472630765,-0.736451343106745,-0.20724476360123387,-0.7721809600911188,-0.24428452225256947,-0.6825522701658517,-0.08376639502384443,-0.7349754929999893,-0.1429382737312756,-0.7658241136885382,-0.18213177527883115,-0.7964596769601422,-0.21889962426456794,-0.710732066752918,-0.054838935109427805,-0.7525266665153172,-0.09779336064258018,-0.7713624445218071,-0.12937795132503185,-0.7888353416671665,-0.16059639032985631
-0.04661869691014584,-0.33110148671513145,0.02246910591973548,-0.3981117236798069,0.059120391150213274,-0.4014868314214987,0.09700539424513589,-0.40604305291094295,-0.11390961886802754,-0.3805993989488643,-0.15848002353944945,-0.3735450625804375,-0.19777394334641807,-0.3661070651171117,0.16236594597336163,-0.38289029399722746,-0.24125465865566864,-0.3213768019960825,0.0497328582335483,-0.27415273132032414,-0.11307500733003441,-0.24669135922877283,0.49476231847178104,-0.07218204915647614,-0.49476231847178104,0.07218204915647614,0.8662532947967275,0.3139615258997678,-0.689490056059527,0.5920328501037271,0.6470339353343292,-0.01154990012292918,-0.5922285132874314,0.19869923969292294,0.6559675137973979,-0.12225176028944472,-0.6146189360714475,0.09032980761480039,0.6513748243669527,-0.17126787202448115,-0.6228025459261571,0.045145494103733544,0.6146460011243179,-0.117516561109698,-0.5869626515683741,0.07864167534477058,0.5678778591695659,-0.008733696482046655,0.49960331778609857,-0.04889211080062796,0.49046332682978455,-0.11307654239640229,0.5011748189053509,-0.1614394907376099,0.5056441013227584,-0.20373950904409763,0.5851906049355763,-0.17943960323792932,0.6294793666762643,-0.24390662792260856,0.6528977135037963,-0.28512879648012174,0.673024315522694,-0.3208787199986672,0.6206576245674292,-0.1760043466814579,0.6702726433655095,-0.24632144044429077,0.7018080002303775,-0.2938703131839257,0.7311380947882169,-0.33503671163032633,0.6464444435095826,-0.15925706995074548,0.7006875761536262,-0.225123602228553,0.7350983849159926,-0.2676798977978148,0.7637378817735629,-0.30524627442900787,0.6652740315852859,-0.13122672693879017,0.7071502077044656,-0.17792654880524378,0.728910141409889,-0.21208073870463912,0.7461815558832523,-0.24343187879075368,-0.5384724769695072,0.1898885464354595,-0.4757481450317742,0.1289431638836643,-0.4709945457681051,0.06223367488408629,-0.4824803519964717,0.012075350478840572,-0.4814409697389162,-0.03165400557192281,-0.6000911176767793,0.02476842689466812,-0.650672382602512,-0.023577646513703317,-0.6849466238521077,-0.05317737387792554,-0.7160597144401907,-0.08075191742825479,-0.6480253032347992,0.04211265318757386,-0.7143056135749014,-0.007097701233603156,-0.7574821569263702,-0.040700526220760015,-0.7969879021419146,-0.07017819187336499,-0.6799487679795935,0.06865663611295694,-0.7445627674321083,0.02343755662990968,-0.7809433088356071,-0.008714389227109771,-0.815455383052814,-0.038709255099704215,-0.7011118726387395,0.10304702043548618,-0.7503326097355443,0.06981389423502088,-0.7756684394209987,0.043013011478903664,-0.7998778407196632,0.016594482860353768
0.06546327318303165,-0.3275696183991972,0.15310868071464206,-0.36775416839213,0.18893012159216227,-0.35877148651334856,0.22602280420395163,-0.3505146720849303,0.018103352822449226,-0.3965053510722592,-0.026181911288811765,-0.40457486229403944,-0.06582802153303279,-0.4105166714224378,0.2802080408762894,-0.3068853313862076,-0.1214158544949688,-0.38267403948523704,0.1379569094826589,-0.2417092361173105,-0.025322275353646718,-0.269969475810676,0.49054114129056037,0.09679560269637558,-0.4905411412905602,-0.09679560269637558,0.7089270239578427,0.5855853063179093,-0.8472314469303016,0.3283856965714844,0.6131360686691216,0.20699880918561067,-0.6229189159950929,-0.009732758491583875,0.6586566263191006,0.10644725677148953,-0.6071330189777564,-0.12053381964453477,0.6709782276822441,0.059000063220937565,-0.599431727499634,-0.16592090981989238,0.6179373285082078,0.09658955983406976,-0.5766290790383509,-0.12210849335050745,0.5364778864262675,0.18273674560455216,0.4856960265988675,0.12247228159633917,0.49639057582409124,0.05930152763730417,0.5210021544115412,0.017194352386975437,0.5390559314847172,-0.02122756438614755,0.6070828163770664,0.02701384517696071,0.6679481334200281,-0.01945510506134686,0.7034152614540474,-0.05043962544512067,0.7344058629800193,-0.07687971464951027,0.641053062472103,0.042370224804027315,0.7093116509971277,-0.008572985099946967,0.7549846787277895,-0.04311052263030596,0.7967226660029928,-0.07210885941244644,0.6609981128860866,0.06712466064892278,0.7329768481008789,0.022661231063696576,0.7787522138561824,-0.005695141486875327,0.8172656767669825,-0.03092823602957864,0.6704238922489663,0.10030257290801854,0.7238754319611286,0.07011567412825541,0.754827308429799,0.0448802354148322,0.780666109633688,0.020853040530403474,-0.5740642670483959,0.00035835702968778837,-0.49298977502248525,-0.035800447078131514,-0.4630960507651253,-0.0956039684974298,-0.4551497989847338,-0.1462182987941622,-0.44019897019394916,-0.1873535995272186,-0.5727648577710047,-0.175201378929075,-0.6010120249846947,-0.2376694719262304,-0.6219381416648817,-0.2771195691551808,-0.6411120804564469,-0.3137945273612089,-0.6241275467382974,-0.175570320013634,-0.6679571955965714,-0.24416900736726285,-0.6962265345238853,-0.28986754981471113,-0.7230776411359514,-0.33065952566766477,-0.6636999717414631,-0.16175951020571278,-0.7073449835674451,-0.2254504702502779,-0.7302384287202441,-0.2674073518436983,-0.7527504424193081,-0.3069209883791443,-0.695984152013938,-0.13696249371763367,-0.7302175817438271,-0.1839567122093921,-0.7449016478005441,-0.21679941650071594,-0.7593921250856178,-0.24881314826789552
0.08497606789455373,-0.3230163291004661,0.17555265454950247,-0.3571867991253529,0.21113011371975737,-0.34575336729091755,0.24736397728166734,-0.33512199860903974,0.04204232226652981,-0.3949054255628906,-0.0011539962419982446,-0.40571837004654654,-0.04045140001251552,-0.41420649645353963,0.2993217176487991,-0.287780827312995,-0.09661198359600584,-0.38960172729062814,0.1529399135051521,-0.23223459041163005,-0.008935881162646974,-0.27137082330935625,0.48300107096674966,0.12926703154699898,-0.48300107096674966,-0.12926703154699898,0.6640894604176126,0.6312119756322211,-0.8674717699924249,0.2711567679930469,0.5982392151612208,0.24893293561044605,-0.6225147001579954,-0.05139301557765214,0.6489354314392967,0.15157939698377954,-0.5989477168393906,-0.16093554697109702,0.6646713119611054,0.10521685770091516,-0.5882904145104457,-0.20546730055106574,0.6094726559705217,0.13903368346373263,-0.56847835931525,-0.16030639514100253,0.5219242193171442,0.22082561430764683,0.47503009658245265,0.15683303690918862,0.4879623404943018,0.09387887587075343,0.5143473278163446,0.05254671340631505,0.5353210267438293,0.015345877230972027,0.602255819468759,0.07005599267576099,0.6668707836799203,0.028209065146789298,0.7043083582810524,-0.0002791775889437403,0.736922699561432,-0.024844518967729625,0.6351114635627734,0.08773265518558084,0.7071126591126496,0.04272063649300295,0.7544068050037844,0.011670247617399546,0.7975014731970449,-0.014314452040570894,0.6536067420909359,0.11375013527675987,0.7275420626423021,0.07549071960356618,0.7761687034178615,0.05072714421286682,0.8179596950900103,0.028392352097311824,0.6608069826346099,0.1474057282733897,0.7161364588426897,0.12141084743642755,0.7491976962425926,0.09893597521503053,0.7775487674100194,0.07731464494201194,-0.5746477472907301,-0.03734917521574607,-0.4902118171049377,-0.06766253500365163,-0.45528099716023235,-0.12503967240842045,-0.4440733498181026,-0.17543108773724025,-0.42572500824557874,-0.2153008893265271,-0.5572706372780488,-0.21198344299142674,-0.5789515563157995,-0.27654563637276575,-0.5955285408026139,-0.3172296820072234,-0.6105278079724993,-0.3552499274336023,-0.6091737205047333,-0.21595254037500566,-0.6456771294157613,-0.28709368140052177,-0.6694352951015816,-0.33462947112055424,-0.6923211452307358,-0.37726409869768796,-0.650312996890859,-0.20504903710710526,-0.6878898158963205,-0.2710992424287529,-0.707041271390631,-0.31458613812089337,-0.726057387075197,-0.3557069492673327,-0.6851756975896584,-0.18270401792261654,-0.7155843488600626,-0.23201205350406595,-0.7278917901703945,-0.26592646709854334,-0.7401480551087563,-0.2991127768715124
-0.025857165746339388,-0.3332584689388445,0.04964628675889805,-0.3948338763831542,0.08746907477798183,-0.3955873672167306,0.12505652250757784,-0.3972183634164528,-0.08946889212716971,-0.38735692626997714,-0.13345494843841663,-0.38369217743724726,-0.17352878193112767,-0.3790173932949249,0.1901078818211253,-0.36917431701404585,-0.21757724410550586,-0.33765509617090145,0.06920634493836056,-0.2694190645189528,-0.09746680214657463,-0.25408833161621835,0.49888559828944834,-0.03336404980482937,-0.49888559828944834,0.03336404980482937,0.8299884348630593,0.38362101466858345,-0.7335831413759163,0.536525614021564,0.6457182343828085,0.04306552353981052,-0.607020400217472,0.15209151515889335,0.6630334954343144,-0.06633667079290383,-0.62036636800909,0.0407032387351534,0.6629867279637811,-0.11480335830199356,-0.6232520483534391,-0.005009977829237573,0.6212591487393422,-0.06430982472357825,-0.5902096747830836,0.03127184608115571,0.5615046282517677,0.04285270959288851,0.4968915167522581,-0.001940344188080437,0.49068336050579575,-0.06629653314348086,0.5041395602357134,-0.11453256578709063,0.5118684760082133,-0.15770039819038598,0.5933435096180403,-0.12545721656157344,0.6416779122334245,-0.18600318925874637,0.6684069500086858,-0.2251067388637177,0.691567018142996,-0.2591026086527989,0.6296037686117277,-0.11874955777813975,0.6838174128533321,-0.18399733516971142,0.7189966623648588,-0.22841007721789452,0.7513097441702552,-0.2667003197706145,0.6544824466874843,-0.09955025181883556,0.7133850499572936,-0.15934264416090224,0.7521082231205363,-0.19878036942979102,0.7848255335380823,-0.23391523267060668,0.6714118323501032,-0.0696402441757534,0.7166942748860246,-0.11162292221191242,0.7416634447039946,-0.1435736384085494,0.7622421077395679,-0.17344305260466922,-0.5556414663223928,0.15019939387817008,-0.485496499270718,0.09474552909960707,-0.4716643018718359,0.028919845931582196,-0.47692599394065976,-0.022836843709450574,-0.47240385269969043,-0.06680885243244582,-0.5948191915410223,-0.02047248317054386,-0.6349756484349568,-0.07430617696869087,-0.6626497752947996,-0.10772591355431156,-0.6868103179263568,-0.13903048584944236,-0.6455706054025243,-0.007118649319162082,-0.7001555104764774,-0.06248041519788259,-0.734409010227276,-0.10003961046582013,-0.7656092053358424,-0.13325104313857067,-0.6816011532154799,0.01664743056040861,-0.7371796456241647,-0.033155819851869515,-0.7676106497957264,-0.0681160781487348,-0.7964525439317603,-0.10105116182160229,-0.7080764524118002,0.049134793319702705,-0.7523325992212765,0.012378943434375747,-0.7748544479860469,-0.01556210495806978,-0.7969416481837759,-0.04315756957733093
0.030891714177805896,-0.3342050106676736,0.1161429764367895,-0.38169212132063207,0.15378802090535681,-0.37594939222048135,0.19112425483462475,-0.3710207397171838,-0.02260791088588034,-0.39803881895860466,-0.06643380495691531,-0.4018967318397366,-0.10671484064640183,-0.40407007977851994,0.25043467667859937,-0.33192217095376586,-0.15678102548614303,-0.37061673798670924,0.1142062072420424,-0.25479906734100954,-0.05307416545449702,-0.26809334932105994,0.4972661621593391,0.05221459538598315,-0.4972661621593391,-0.05221459538598315,0.7468761793720964,0.5196322129381872,-0.8145962550676416,0.4025023699128733,0.6275221677711813,0.15295012725035687,-0.6254415671318064,0.04506895309034876,0.6652955548800569,0.048953461243406646,-0.6194446826746303,-0.06677486817547851,0.6736579278585063,0.0012003737989229408,-0.613764560544999,-0.1122894266286737,0.6233095802823498,0.0435266825470892,-0.5876388338608544,-0.07092824143903609,0.5438121962131927,0.14011848630156734,0.48832399690358436,0.08449349821125594,0.4933612833522569,0.020128328234019482,0.515327829955176,-0.025022897608485778,0.5306667378650063,-0.06582554331517049,0.6024095745037641,-0.01950574408410532,0.6596718481483838,-0.07106871264883341,0.6930476728837011,-0.10467951040308247,0.7221008688147289,-0.13360187917021188,0.6375182789714717,-0.0066222353837455394,0.70214096264003,-0.061846938200929576,0.7445510463161897,-0.09935534247393434,0.7831882211723705,-0.13094997745344564,0.6590710007134498,0.016527091809480636,0.726576463190605,-0.03203398964799479,0.7711227906370015,-0.0634221630395604,0.8091890580794631,-0.09115902368193145,0.6702606923488511,0.048788051048721026,0.7205747352854647,0.015621858498161958,0.7500963379226797,-0.011042963933723622,0.7750579964635105,-0.03614943189925862,-0.5733340743005417,0.05227115148026582,-0.49506345513766886,0.010000004306552413,-0.4695724256766942,-0.051847123955880474,-0.464651042862563,-0.10372730055870127,-0.45374973951021874,-0.14689030319011134,-0.5808275726573667,-0.12195111814716393,-0.6110823015880051,-0.1817569252019468,-0.6326941088520149,-0.21916887396706133,-0.6510156912991791,-0.254071307534676,-0.6328697553113908,-0.1176322470190167,-0.6769799099979625,-0.18174358252865846,-0.7041228648112837,-0.2247450217575218,-0.7286723042221888,-0.2628624525051643,-0.6726158996394542,-0.10027373577221912,-0.718486221321914,-0.1592889810292352,-0.7429622703819314,-0.1990918553887718,-0.7655326530387208,-0.23633833436416884,-0.7045978813920956,-0.07287073393340493,-0.7420593531218046,-0.11692578204573378,-0.7588249825227893,-0.14851561296412538,-0.7745420340962174,-0.17945967393843187
0.05584626512244814,-0.33190481427040425,0.14432784728833642,-0.3726586912939179,0.18143622256586225,-0.364116740751236,0.21834527105366974,-0.35634807416509995,0.007182180317822403,-0.39925923627740434,-0.03628243164636574,-0.4063514846553904,-0.0762584446175279,-0.41145584200790974,0.27448297150058804,-0.312768274220395,-0.12875409508400398,-0.38165084446170167,0.1330439710229564,-0.2463223740577701,-0.03279303972440452,-0.27201114596497283,0.4920143408943732,0.08900499061443415,-0.4920143408943732,-0.08900499061443415,0.7009101499051887,0.5735550988230464,-0.8413701516155628,0.34110190167485144,0.6134542910682752,0.2000371394420168,-0.6266179214297518,-0.0016509914654966207,0.6593106190563274,0.09838190975190184,-0.6124203139689393,-0.11300942318702835,0.6720328199509487,0.051431060910866994,-0.6026278379564564,-0.1580501319456458,0.6187053771861628,0.08966922826837749,-0.5799580219327608,-0.1149625845691888,0.5308813638812027,0.18360630661014227,0.479350194044274,0.12348827614904256,0.48931656331069917,0.059511938070066155,0.5140790502384593,0.015730822315525323,0.5327132986545919,-0.024264325058664722,0.5995403159561792,0.02850808740244274,0.6602883547393311,-0.018246829898726176,0.6955589306943897,-0.04946602504479353,0.7262622494840414,-0.07646018787635457,0.6335054802330536,0.044107527271412345,0.7013453434622924,-0.005665144362188954,0.7460109707173059,-0.03984952811701267,0.7864408768268464,-0.06875870225580566,0.6529769909646068,0.06907198542905012,0.722694464506499,0.025977756618085584,0.7692543110102459,-0.001997691066690648,0.8092598454728741,-0.027153506633137335,0.661327545905151,0.102310346305735,0.7134121000673465,0.07330237033783393,0.7446414962005599,0.04883726424541702,0.771759696495066,0.02540656497103394,-0.5752429315942679,0.010729224661269752,-0.4942061078429982,-0.02563663162667653,-0.4622277309279797,-0.08447781354524325,-0.4515232714698366,-0.13573260560114278,-0.43683190187479826,-0.1787218442701917,-0.5671752526126118,-0.16248358202271782,-0.5907172572650882,-0.22438293354092242,-0.6073669512022073,-0.26330270022736363,-0.6211553084814856,-0.29984963063143183,-0.6190812607628343,-0.16224894205373572,-0.654858721652353,-0.22956342416992162,-0.6763452195146438,-0.2749977693567482,-0.6959279906433858,-0.3160522683703418,-0.6602519096686231,-0.14798713916147632,-0.7000639125300656,-0.2107942128988792,-0.7201681173855514,-0.252299733334019,-0.7383710907835269,-0.29156167361483226,-0.6948277828095256,-0.12312448726885707,-0.7284933682232024,-0.16982757698570317,-0.7419478306369292,-0.20281160070106335,-0.7542461366491994,-0.23530972002811557
-0.0345998376409661,-0.3359964517782418,0.03993800458965507,-0.3987799801547752,0.07797564036141215,-0.40039015329962985,0.11565095608453775,-0.4025732457504235,-0.0993614824471778,-0.38791508590883467,-0.14319455334220996,-0.38317198118624896,-0.18303991263463712,-0.3774125388300757,0.18140765305638046,-0.37508532455347404,-0.22570754839924442,-0.33442264855323794,0.06267302518732638,-0.2737864031400581,-0.10412739499594632,-0.2544496332395514,0.49801902217533295,-0.044464070343651386,-0.49801902217533306,0.044464070343651386,0.8247517388405303,0.36793772658484564,-0.7204689440123786,0.5521419501917403,0.644384079236822,0.03386910987150716,-0.604731494150797,0.16305123146320763,0.6611327671984479,-0.0794127130851162,-0.621726505685558,0.05278821201017902,0.6607996674889655,-0.12709824347797855,-0.6235056887099822,0.006705598901874902,0.6196643824143094,-0.07692180410599504,-0.5906725475952814,0.042081731969828895,0.5624941614810275,0.038787510508769975,0.49398485383385643,-0.006338706453048518,0.48739226876591835,-0.07074689702373824,0.49949524232153925,-0.11964365588958935,0.505439591991943,-0.1634749755403606,0.5857994956501001,-0.12903958356376277,0.6318431221148966,-0.19003755573827374,0.6574696216853078,-0.22934433047485078,0.6793391028929759,-0.2637261510492515,0.6228278777164196,-0.12266542957432093,0.6751697537888646,-0.1883955808043906,0.708975888252277,-0.23343664131514555,0.7392881450780654,-0.27226832646359506,0.6473939385526101,-0.10335286969465342,0.7036827738177506,-0.1634126918045937,0.7403540296359301,-0.2033458434032251,0.7712826655618589,-0.23871814255982324,0.6633485796932618,-0.07345483672140225,0.7068200049639404,-0.11525711164567617,0.7299361116462237,-0.14744545590642777,0.7491530037644036,-0.17743406086652344,-0.5527845678146396,0.1655605898241129,-0.4833946559883514,0.10887054533281727,-0.4660558134163927,0.04348062203740985,-0.4687922663633099,-0.008324471460667627,-0.4654997352118551,-0.05345004082126909,-0.5851899527833156,-0.004360597886967491,-0.6211759996706023,-0.058411359896508974,-0.6456672667287467,-0.09218949955490695,-0.6668900128810236,-0.12430686023237669,-0.6366283805548084,0.009738505134912614,-0.6872337110652804,-0.04603292508842583,-0.7193156998870869,-0.08435727084189933,-0.7484156255866584,-0.11850024523025578,-0.6736166871771967,0.03480487874272094,-0.727984718290608,-0.014785321986460185,-0.7569110415743096,-0.049658579274295504,-0.7833969867685865,-0.08279805332989823,-0.7009142156096027,0.0683857440214628,-0.7448699911373295,0.03241690521512646,-0.765908106722434,0.004453842445166165,-0.7858312391171193,-0.02333559553331641
-0.06492755949126479,-0.3324237013002156,0.0036585016830349257,-0.4013635968795244,0.04134912724558316,-0.4063959493762504,0.07873437014878383,-0.41189072980012115,-0.1340293125631168,-0.3778904817799722,-0.1772832664670645,-0.3692243345641661,-0.21640746538893438,-0.35990532266687186,0.14664679803472971,-0.39022948677620306,-0.25505126101151154,-0.312816421316019,0.037635307541556674,-0.2789847594678587,-0.12667626354642686,-0.24466599274248682,0.4918826422538344,-0.08972996294096183,-0.4918826422538344,0.08972996294096183,0.8513102827663266,0.2932021305137576,-0.6662782155304899,0.6153016541345481,0.6448495822129157,-0.023149425564628567,-0.5866707835055598,0.2175216943324081,0.6502183114370108,-0.13828821898078822,-0.6129182823374804,0.10939860597025608,0.6456948446618974,-0.18541174408036457,-0.6194329953019211,0.06388470627832189,0.6094896764816811,-0.1323073885786255,-0.5845740592979306,0.09621042850392193,0.5611256500893522,-0.010539916939343967,0.4909482234138312,-0.04896288088486733,0.4775675341089879,-0.11262362009108101,0.4838365604469911,-0.1618183757000504,0.48553835374735255,-0.20496856985370035,0.5693363954184532,-0.17914698757389144,0.6086128829464426,-0.24413669911862512,0.6302225969146595,-0.2855922836205699,0.6488593479675825,-0.32138025027844386,0.6077811648977863,-0.176361699300214,0.653177405682416,-0.24637160476841072,0.6825042211341095,-0.29392512335003185,0.7094147868478525,-0.3350737657087235,0.6352943494564108,-0.15970705369596833,0.6845654305263675,-0.22427560952065068,0.7169786261637627,-0.2666222130807628,0.744438997407479,-0.3040884794743973,0.6550480651627352,-0.13156171273711165,0.6925781929683427,-0.17646257810638358,0.7123122496477526,-0.2100595060279201,0.7287891336799498,-0.24129084866511635,-0.5312893441803033,0.21656996203580936,-0.4680557430906219,0.1532755924224436,-0.45761979422234045,0.08611087917137931,-0.46443462427175386,0.03510520374639665,-0.46480368137336364,-0.009088934929032323,-0.5796016217395077,0.04998425005762286,-0.6210302403397923,-0.00021349140197649607,-0.6486183213196368,-0.03139405681837398,-0.672179942210378,-0.061165961641639906,-0.630326954209083,0.06955461026868846,-0.686655354809323,0.019345416528689683,-0.7212956010512952,-0.015691436950632767,-0.7518094467184072,-0.04673253709592237,-0.6651581882368459,0.09849245227983551,-0.7233554197543212,0.05437570976143637,-0.7542406077124996,0.022083170021869603,-0.7822032500392309,-0.008592915997700226,-0.6893296133568905,0.13481343643623175,-0.7363726991129507,0.10311939407896586,-0.7599105246683752,0.0773970852385308,-0.7818342433901576,0.05169849349238175
0.023724502408913578,-0.3391258293577658,0.10781711821669586,-0.3876822151360707,0.1454975486129472,-0.38268004670756783,0.18303747560396427,-0.378080994754887,-0.03123061908844816,-0.4007487958806442,-0.07529147275628303,-0.40360668160922025,-0.1154680815868934,-0.40474195613612657,0.24297611972687452,-0.33913629118613386,-0.16525575779304894,-0.3686501433901461,0.10889454200332423,-0.26038698928931087,-0.05881591424386284,-0.2700879452131469,0.4983366110691705,0.04075073089030828,-0.4983366110691705,-0.04075073089030828,0.7458892662840393,0.5051237701284702,-0.8026139413160667,0.4216269670781907,0.6264116829622975,0.14471668665905169,-0.6225374847208688,0.05820813151477035,0.663624509309943,0.03523357568910777,-0.619693208421995,-0.052883868470376655,0.6711053425678736,-0.011399854468293707,-0.6141725136140537,-0.09846080274756541,0.6226953905193092,0.0302969203903025,-0.5892480391627789,-0.058314355170867804,0.5463214925990649,0.13907965069799394,0.48686559095435344,0.08204130365275071,0.4892569311639479,0.01754309168012667,0.5075342506854322,-0.028325489014521442,0.5203078349264029,-0.06999184033928176,0.593638040059451,-0.02228953838551842,0.6475726941292308,-0.07503360053570513,0.6788247292518281,-0.10927814445373336,0.7058341075021415,-0.13916260399331964,0.6304075594441656,-0.00933872203682401,0.6914116554369689,-0.06540875953067903,0.7317380314686694,-0.10389905901735556,0.7678361262722346,-0.13683139530915384,0.6525538853086748,0.01408584500668159,0.7164012493042131,-0.03536029795001886,0.7586158677732795,-0.0680776776644861,0.7950054109989468,-0.09710926339370383,0.6639668211821208,0.046289709659156505,0.7116077391886301,0.012873185860740943,0.7392795768644034,-0.014330692727689867,0.7636689986709544,-0.03996851775768569,-0.570016953621759,0.07419152386237336,-0.4924479406562972,0.029512483771990648,-0.4633691269372756,-0.0321592078406866,-0.45527669977229407,-0.08249401389741672,-0.4451484892555322,-0.12456958658185045,-0.5713514267351345,-0.09950093263982453,-0.5969875016498711,-0.15825396639036066,-0.614624850157238,-0.19529377340003157,-0.6291141756425117,-0.2303446828318507,-0.62520076523969,-0.09354863353920255,-0.6648494370920808,-0.15662801315996255,-0.6888353281998544,-0.1994825045863793,-0.7098809224381006,-0.2380706642218027,-0.6663853144085228,-0.07428314625535944,-0.7111777036630025,-0.13178877107713136,-0.7318370833071384,-0.1704233139817623,-0.7494897699734387,-0.2071067089440713,-0.6993672352101786,-0.04508528828983805,-0.736332373923018,-0.08767709511060928,-0.7517174113272879,-0.11864563900978035,-0.7649109627716449,-0.14924281109902357
-0.003963581819897976,-0.3408641420818246,0.07591080774734973,-0.3961096403969473,0.11387282609304163,-0.3941644111048855,0.15170768035366933,-0.392515606102749,-0.06380759996306958,-0.39773184247650595,-0.10802915845282274,-0.3969707677896993,-0.14816399150334017,-0.3948047780875429,0.21463535145529475,-0.35838348748023274,-0.195043433812112,-0.3544086348338757,0.08743284256341559,-0.2692107574302256,-0.08074948695081935,-0.2652469592505833,0.49999988785033606,-0.00033488752048957697,-0.49999988785033606,0.00033488752048957697,0.7834773038257932,0.4429542018442438,-0.7653015059484948,0.4859586958187438,0.6309185342938394,0.0945086238229725,-0.615431994343801,0.11001607324974053,0.663906869477446,-0.01649259006962158,-0.6215566739127875,-0.0008196006095266663,0.6673373804503073,-0.06415727510814605,-0.6194432612407335,-0.0462835590389341,0.6219748839877998,-0.018698868405516846,-0.5914143316369395,-0.008604664828263114,0.5537010917842253,0.09675546090106932,0.48846868377724967,0.045333507832661636,0.48637794053277955,-0.019329422149154788,0.5017736108973233,-0.0668970971457493,0.5109727065013376,-0.11005854156767712,0.5876491952393634,-0.06753240861098303,0.6370936138755582,-0.12457439553843305,0.6649686481396359,-0.16140047995582513,0.688822455234138,-0.19349782607982358,0.6245712180282958,-0.05778645868738588,0.6809066589905569,-0.11873286055518183,0.7172160345615358,-0.1602528194355488,0.7497512525967991,-0.19603521016471367,0.6478407805976265,-0.036134217404912995,0.7081157119948319,-0.09091995706378242,0.7477091431683363,-0.1266100016678544,0.7816851384915166,-0.1583169462942025,0.6611078921734026,-0.004556419633874982,0.7068827380377085,-0.04152074231168457,0.7331456011569437,-0.07035280585386146,0.7564219221021808,-0.09745283504539116,-0.5607612371935943,0.12478866465571728,-0.4870302281852123,0.07441028194003747,-0.46337521796316694,0.009372593850915241,-0.4595669497298953,-0.041856230718702474,-0.45295907402095775,-0.0846070541736434,-0.5751605274253018,-0.048626941182958155,-0.6039719108873637,-0.1053605114718208,-0.6235601332223112,-0.1412001498759072,-0.640256548483672,-0.17511434767766232,-0.6289656664210658,-0.03853240758577616,-0.6722187566610738,-0.09812645402734202,-0.698872521477226,-0.13896272870050305,-0.7225424395488568,-0.17552946647405357,-0.668833383347788,-0.01591373117007429,-0.7176907931599923,-0.06966329533126664,-0.7411922978434756,-0.10662571758556476,-0.7616870662495978,-0.14164819399977646,-0.6994269450244299,0.016061328805045808,-0.7392655309967934,-0.023182459782920738,-0.757656589182874,-0.05255316910973928,-0.7737444894056297,-0.08164059333992281
0.08190901070868943,-0.3310705301256159,0.17321409425312026,-0.3645255145039237,0.20946310073547791,-0.3530806076105374,0.24574672570026015,-0.34189727702341954,0.03833973084976778,-0.4012348189524552,-0.004698081879832,-0.4116280181623313,-0.04408753108457889,-0.41961924298312975,0.29799514211640876,-0.2930085034508831,-0.09974407381264212,-0.3922951473798336,0.15238498503199707,-0.238677204812313,-0.01156181490158841,-0.2771787281355835,0.4840616041066612,0.125237228609092,-0.4840616041066612,-0.125237228609092,0.6454015604791442,0.6264300072367336,-0.8630477193739722,0.277754319615771,0.5817132494696045,0.25630671321554077,-0.6238830570541871,-0.04465101375188782,0.6421792081591533,0.16124237132953953,-0.602274741835838,-0.152029153092516,0.6574613976966568,0.11268798248888862,-0.5882321231807358,-0.19458740432768262,0.6026988376743794,0.14354658731119496,-0.5700956138947806,-0.15219542155537527,0.5073717530331888,0.23539147262186944,0.45909341657323394,0.1701098220990351,0.47273386625966907,0.10629642636724101,0.4999244850822164,0.06374812120734455,0.5189074205950109,0.02409682132974014,0.581163803078075,0.08453587688850572,0.6429771865973993,0.0413369509591043,0.6791147704437099,0.013260801626849108,0.7101174758121985,-0.011279393118760217,0.6140504257950614,0.10348122468010475,0.6832666661424788,0.05811377630510361,0.7280326823487999,0.0276629631390173,0.7680352086103063,0.0018124714534199467,0.6312211366547115,0.13088673719781724,0.7026695073812461,0.09209794881673022,0.7498316660927474,0.06844042479657854,0.7907619048604314,0.04725047105365808,0.6357759631733437,0.16557558539203288,0.6881975076038066,0.14088068053119018,0.7207010561882866,0.12029819863389757,0.7501420851260937,0.10083784861150018,-0.5753164141966015,-0.016901533300238622,-0.4918764017648731,-0.04747700111042213,-0.4511261409552094,-0.10322253130125884,-0.4328473596393913,-0.15163455836386008,-0.41885958163746745,-0.19310305885045206,-0.5440136408571162,-0.18618372303314606,-0.5565919175563688,-0.24811230348510027,-0.5650843115020991,-0.28694154393342547,-0.5714511305709584,-0.3234396888751845,-0.5980420534400582,-0.18981498956532494,-0.6242920844203165,-0.25783874534939055,-0.6403155866224651,-0.30327206400673906,-0.6549194773129521,-0.344212767860058,-0.6419760961337571,-0.1780563695336694,-0.6752123090199118,-0.24229413514247264,-0.6895749251618088,-0.2839201756396317,-0.7015928671308265,-0.32297700424388054,-0.6798073032536348,-0.1549759179084034,-0.7083984743556286,-0.20284731825090677,-0.7181243276810158,-0.23592384821752505,-0.725902863886411,-0.2680645531792563
0.05629527347264414,-0.3366217454199035,0.14514519444519364,-0.3769549828831497,0.18217850273845548,-0.3682636182543128,0.2192146589553817,-0.35982162092577086,0.007853024460730168,-0.40343169841881044,-0.03583606451822502,-0.41057949507217434,-0.07566244303289307,-0.4156194022920613,0.2750064617175802,-0.3148511317944757,-0.12914074713034476,-0.3840542342227824,0.13361691977186077,-0.24971190691626335,-0.03283950380777853,-0.2757783170307616,0.4921701914983545,0.08813910936963844,-0.4921701914983545,-0.08813910936963844,0.6906078164363202,0.5763823128086698,-0.839652869996466,0.3418752845828602,0.5960531649837539,0.21784653696363468,-0.6254222080212514,0.005527154836963007,0.6481602543393746,0.11757551834589616,-0.6123149245534897,-0.10210242686145582,0.6595391776844839,0.06867371327337318,-0.6016934393511062,-0.14476574126866618,0.6073720074599903,0.10272379502015308,-0.5801954646966123,-0.10419967073997344,0.519474008863976,0.20289596412661143,0.4663164721613126,0.1401437738240252,0.47292018395504704,0.07496513152513937,0.4960538269822018,0.029996191573446133,0.5134236026809268,-0.011137981457343345,0.5770449655024014,0.04585020397375423,0.6350623884126643,-0.0021253241537617378,0.6683728651493794,-0.0336508971838185,0.6972880647944006,-0.06109903581802002,0.6123599523510648,0.06254466288914495,0.6769612932385031,0.011822942097603985,0.7188158214614678,-0.02259411076540307,0.7572875834605296,-0.05175359926062381,0.6322852350122172,0.0889085996201233,0.6992995300645414,0.04459909359244352,0.743388515431702,0.017515874167810353,0.7822702847595416,-0.006322901719893259,0.6400761879493772,0.12376247231409182,0.6898649487870675,0.09482664883401754,0.7198042517134292,0.07129940117817414,0.7467792523616208,0.0495343003058788,-0.573063821827655,0.03157795055370158,-0.49417282559897024,-0.004861805429362841,-0.45707992233321065,-0.06226535646573131,-0.4417738338611414,-0.11142039861326176,-0.43036233781555494,-0.1542439264419658,-0.5574334727718003,-0.13801811958620366,-0.5747964690389755,-0.1993417290310156,-0.5847574362444462,-0.23710011478824566,-0.5923212685840237,-0.27280654343487276,-0.6098888415315632,-0.1370449769533141,-0.6425951447940569,-0.2020109753926669,-0.6621264093429838,-0.2454891196828426,-0.6794603281375762,-0.2850453215432578,-0.6511555129409318,-0.12177294022746639,-0.6879455620259715,-0.1815874398263336,-0.70316889786773,-0.2211163279428224,-0.715498413968615,-0.25856397782031815,-0.6854470210639184,-0.09554402326567359,-0.717424339672719,-0.13958792381843926,-0.7284633773961993,-0.17057876456292054,-0.7373488754358893,-0.20042062486989037
0.0047102618930031604,-0.34160775089384104,0.08675788657845536,-0.3952765676246061,0.12467742286030686,-0.3922290374823975,0.162576024913299,-0.3893860212839472,-0.05314510195514618,-0.4008759062249106,-0.0974343094974324,-0.40142927881060647,-0.13751714937341222,-0.4004962227066095,0.22450116445944987,-0.3530907804897462,-0.1855371735628021,-0.3610624611183362,0.09432012012728364,-0.2671478892928085,-0.07439083654345557,-0.2678951089211987,0.4998329463415678,0.012923844300650295,-0.4998329463415678,-0.012923844300650295,0.7693975495557378,0.46731662482564357,-0.7782210941715622,0.46414259771790145,0.617605616691514,0.13215461169380877,-0.6164995817671174,0.11056505872806682,0.6487564241456731,0.030241129217629635,-0.6177250926790714,0.005307057117701124,0.6528801548447501,-0.02039532809534909,-0.6137379382161801,-0.036858265061166136,0.6081418315658981,0.01996341353208633,-0.5858012493539964,-0.002600139899812911,0.5316806647695139,0.12994183798092357,0.4757139238281831,0.07565726303807865,0.47514302182282353,0.009743368859400824,0.4923548201655484,-0.03901486338204688,0.5020805976901787,-0.08271591643044544,0.5665911211207528,-0.03329873899759999,0.6174868047609787,-0.08921673932307288,0.6446226399005484,-0.12497787478323676,0.6681574434838248,-0.15618538419642156,0.6037618363697275,-0.02116673405426389,0.6594413527377508,-0.0803477089242139,0.6949502351024242,-0.11999784240641138,0.7277769663737742,-0.15361464874213698,0.6280267855191592,0.003213446865550227,0.6861292369223057,-0.04909149241193635,0.7256841017367048,-0.08208516885106283,0.7603970528908938,-0.11193579740353211,0.6414249772313206,0.037791203029774116,0.6838731337494155,0.0023951347753322725,0.7089648117260899,-0.02423842868091145,0.7317215439267938,-0.04856604083683943,-0.5580106164912596,0.12532927207710792,-0.4849344418978701,0.07536402473751884,-0.4600112376714591,0.013448794790375338,-0.45289760537024565,-0.036614241752519185,-0.4453563863178692,-0.07956734996179901,-0.568651382154567,-0.04410477460453315,-0.5973397815718033,-0.10145380279780851,-0.6118826556467107,-0.13730342361450676,-0.6231802453326521,-0.1715138026988061,-0.6188325011132152,-0.03400803529879078,-0.6634067468447827,-0.09238034099927667,-0.6903370481266403,-0.13186040023278572,-0.7133614785114698,-0.16821321625609298,-0.6558507646956403,-0.011377588297046643,-0.7021334952697329,-0.06420783231636171,-0.7226764919024937,-0.10031151853122483,-0.7389072530344174,-0.13493309518309676,-0.6845680368338599,0.020972132190887068,-0.7217839628972181,-0.016556631509969395,-0.7355224096034606,-0.044262190820183074,-0.7465414071189589,-0.07119887176610368
-0.033314320032426355,-0.33982250976951245,0.04210551056074426,-0.40240859590131317,0.0800679272406506,-0.4035498196054081,0.11804241247929563,-0.40490107982553913,-0.09744488150143371,-0.3925645588631946,-0.14147878543777392,-0.38820239939894857,-0.18114480082935092,-0.3827444752182649,0.18351184180947924,-0.37576936931465876,-0.22464155401974328,-0.3383506953943331,0.06397312854839726,-0.27570511462547853,-0.10380725013863502,-0.2577720113991751,0.4981173991100649,-0.043348087660520555,-0.4981173991100651,0.043348087660520555,0.8169338888685891,0.38087089786883493,-0.7195039829787017,0.5489878543342268,0.6208507745433457,0.0721524752293366,-0.596279116428415,0.19921629540306096,0.6383717161740695,-0.023625730343227784,-0.6082050554678897,0.09518981511720785,0.634608484654177,-0.0737178568332808,-0.6088131040905963,0.05339324276438989,0.5988384820101295,-0.034765519876775675,-0.5784829823886599,0.08022585760231353,0.5364597009195144,0.08395861299255172,0.47560516934700703,0.03431960874402655,0.4708799212875367,-0.03219431756181958,0.4815251828198121,-0.0838507636825061,0.4848140653202618,-0.1296498840281535,0.5512594624657112,-0.08061428486076005,0.5962220074136961,-0.14158927279651598,0.6181880294359424,-0.17855850709228266,0.6371259025618395,-0.2120340302429977,0.5874681384694507,-0.07099286389119079,0.63585607790285,-0.1346905522483024,0.6649470425648892,-0.17696338056929703,0.6923038384116414,-0.21470257053209116,0.6138690585278659,-0.04801747782861096,0.6657375019543881,-0.10344158966508167,0.6983431838813842,-0.13956380114118305,0.7257970521860327,-0.17340729322572232,0.6315401481292505,-0.014012994893610957,0.6670570381714629,-0.05229368816769338,0.6890544857384767,-0.08044461894138538,0.7103044525240649,-0.10664191467600305,-0.5327209825255361,0.19919956330869978,-0.46916359106460476,0.1398031449808544,-0.4519056080234843,0.0765991280766794,-0.4498400669161705,0.028154278869672797,-0.4453541578471628,-0.014281334226465122,-0.5647080140645894,0.03435823738300611,-0.6006038743589699,-0.019562103949755247,-0.619223362230421,-0.05285388650956404,-0.634518177411494,-0.08476982575510857,-0.6114292857684348,0.051142386235064514,-0.6600831825349649,-0.00047081158895154337,-0.6895336311652968,-0.03560250391594897,-0.7156355931693245,-0.06854262074216773,-0.6438133480707104,0.07805611369909572,-0.6944933129673474,0.03320294047742605,-0.7185291326379165,0.00014767923974303752,-0.737897115673052,-0.03227087602418874,-0.6670678508347962,0.11355602280544116,-0.7095024726541411,0.08161289180942609,-0.7263301271222872,0.05692139039040537,-0.7391742923984485,0.03293013411771398
0.02225709488758357,-0.3376306131124965,0.10659658257892372,-0.3874408049502081,0.14350827723362938,-0.38239416720579256,0.181476145772852,-0.3774489044643998,-0.031835563783749424,-0.4005688992545622,-0.0763619586753772,-0.4034098235240283,-0.11564929789813476,-0.40436950876920214,0.24013016118536185,-0.3384073569932452,-0.1664534627670353,-0.36827683715846865,0.10670162550904304,-0.2589313838638982,-0.06080213834101151,-0.2687553329958929,0.4986391538638053,0.03686453897702074,-0.4986391538638053,-0.03686453897702074,0.739082865772588,0.5114309173346346,-0.7946568028847155,0.4258399259154577,0.5832536722674723,0.20651254924986706,-0.6174106881884297,0.12955274134028022,0.6024285814936825,0.1237045562936443,-0.597409767651558,0.03111080360726783,0.6086741263938934,0.06617178756835648,-0.5874677847096685,-0.01316261779521983,0.5709492432676178,0.09206187891960929,-0.5676842845860758,0.01206166596385337,0.5066450169408003,0.19142439892673951,0.4537904132695216,0.12921564108450462,0.46190956143334666,0.06324419027639412,0.4813048529757434,0.014922883370102457,0.4914521837447108,-0.030636587211284823,0.5472075056679797,0.035539636847963525,0.5967100493480996,-0.016210207365052416,0.6217439224721074,-0.0494517918929787,0.6451028012182948,-0.07954121125687079,0.5782839198978541,0.050822755218246314,0.6313887593127702,-0.0009515631615385938,0.6630022113244062,-0.037727825743448365,0.6931731087873573,-0.07073540274819222,0.5977891161828762,0.07620247864768577,0.6565853344409656,0.03580684815114457,0.6916122702643246,0.004774228569550921,0.7207453804498779,-0.025264170260480723,0.6082966262783956,0.11035798800063823,0.652372286419526,0.08139064794037096,0.6753246801320298,0.05648998444262613,0.6952484086083942,0.03224774307865816,-0.5544900866874375,0.13314715844326053,-0.48096197426276216,0.08440380706467504,-0.4535953981995317,0.023820884769775556,-0.4436964846796519,-0.022121117111831044,-0.4309313348740407,-0.05975612608517161,-0.5577100784323221,-0.03325018062657758,-0.5872512938800772,-0.09278393562837255,-0.6023835195737192,-0.12893049490093575,-0.6142867795858062,-0.16206836295903215,-0.60324777357543,-0.02267297537157592,-0.6436058543574977,-0.08156411811743149,-0.6663298188945257,-0.12036872300878687,-0.6861306947283676,-0.15578050896647855,-0.635887851167426,-0.0007671970111931018,-0.6781610385357408,-0.05217650913381413,-0.6935919386707576,-0.08773015158603677,-0.7043324551360499,-0.12038599708487545,-0.6619561067020816,0.030848363170363387,-0.7006888483408158,-0.006164838099646274,-0.7106409763943402,-0.03348056078508177,-0.714902251381007,-0.059012250449915794
-0.030488636079876976,-0.33128199914045775,0.0450227463044951,-0.3941422475796877,0.0817737808519227,-0.3949707053271891,0.1203851924798515,-0.39607560524448626,-0.09260299460694967,-0.3856534241067386,-0.13749992284537094,-0.381509144605976,-0.17583047313880765,-0.37649503882249336,0.1825979141969084,-0.36726898877524533,-0.22111706363867475,-0.334037058075426,0.06386521768409244,-0.26734112456952386,-0.10182157116010222,-0.25099283757149204,0.49811699723581565,-0.04335270539164215,-0.49811699723581554,0.04335270539164215,0.8082039856060572,0.39284304021861616,-0.7153485546967995,0.5472959233746215,0.5965448992389172,0.1374906913896683,-0.5775797354296752,0.25760130351738014,0.5912700378706388,0.055776595316973,-0.5633869185751306,0.16237965271669172,0.5867907710750996,0.0009460518376955909,-0.5602698543950211,0.11348710975630937,0.5570468154059055,0.027679186999392053,-0.5397102687934847,0.13171293400480472,0.5245412714291956,0.14186367757694407,0.46105447067397376,0.08944221280123885,0.46185679487642434,0.017698692300833242,0.47497502045505713,-0.0354483834748092,0.4791687177744202,-0.08239403557981516,0.5392684435445813,-0.01745486915158583,0.5735650697421172,-0.07110901063775155,0.5902692853430402,-0.1053835031364884,0.604703740993551,-0.13627370576416986,0.5706820645044887,-0.01111039579986321,0.603497005663424,-0.0680599707931486,0.6199024193667212,-0.10715386080896794,0.6341837241668792,-0.1415049278139235,0.5952805688508771,0.005723089924638332,0.6274390779881585,-0.049265444220915874,0.6430122031508272,-0.08734317615721263,0.6559639444846959,-0.12117018827234663,0.6147953729596677,0.03252837610261694,0.6459631704536023,-0.009671685669208929,0.6607800669068521,-0.04192849686359397,0.6726944872709976,-0.07074221092042383,-0.5195256969271457,0.25252413392842615,-0.4550934302405623,0.19545379470292273,-0.43680843101760986,0.1314219923954834,-0.4301474789579283,0.08366212203814231,-0.42040611410875783,0.043892924525352935,-0.5476273101220692,0.08921833774926692,-0.5848263639552065,0.035403132408864633,-0.6059801080593428,0.0019654343412331644,-0.6226359440692353,-0.028389702446862543,-0.5878669185459247,0.10756065251707818,-0.6333503461324115,0.05774120598506441,-0.6593862228701095,0.023287799501621808,-0.6806172380387078,-0.009500876881555943,-0.615052747025303,0.13505403242826708,-0.6583451009506038,0.09200304993863098,-0.6710171313642082,0.058535062462801296,-0.6773983219078202,0.026705768345275917,-0.6355092162561303,0.1706506593388996,-0.674132263270455,0.13928403054235974,-0.6815551134594957,0.11304736837696938,-0.681004444394654,0.08761252193394252
-0.06473606117181267,-0.3239368962218428,0.003319307251430741,-0.3944455156448611,0.03940303820862421,-0.39911267719764043,0.07734197173400942,-0.4039893703851759,-0.13146012091498963,-0.372123524726862,-0.1752621315833911,-0.36344432303497504,-0.21238974933139418,-0.3544206531451118,0.14118530115987213,-0.3820567685899081,-0.253262021282319,-0.3094322706233906,0.03400021100068162,-0.27029602053686796,-0.1275785448222098,-0.2378317200569872,0.4912832547223921,-0.09295570789022717,-0.4912832547223921,0.09295570789022717,0.8383705909293753,0.31205341039793466,-0.6634304718746826,0.6130077353572004,0.6000000421562214,0.0998972401344809,-0.5385814680137848,0.33688477514691106,0.5808143377022928,0.02294301033434692,-0.5204604295828145,0.24045404809576557,0.5655687442275974,-0.029622674192944846,-0.5184716657537384,0.189536039102614,0.5438556507262616,-0.004591345613160056,-0.503081242985265,0.2038464674031511,0.5234857108732184,0.12235846247252827,0.462031807395046,0.07771976867535378,0.45289201351531694,0.008861372299646269,0.45778028043825053,-0.04347619078230353,0.4604394317257805,-0.08794681628065901,0.5219891149536224,-0.03173153419051321,0.5516767442706403,-0.08685832945608231,0.5642330917225841,-0.11981440978462463,0.5750692966289547,-0.14773552132649556,0.5539181262845908,-0.028874003400707553,0.5802187133198674,-0.08623737900309392,0.5911166878928765,-0.12150365062480022,0.6003940868545367,-0.1511770033659176,0.5822383036553554,-0.016122742810051598,0.6073255307002516,-0.07189808731623759,0.6174194388976139,-0.10710200338563204,0.6250227904479577,-0.13785295491775865,0.6074337796238904,0.006534221655544763,0.6360677924004025,-0.037031624809281606,0.648096055776133,-0.06869378266171189,0.6566761759155987,-0.09683718697794955,-0.4802755783150867,0.3357702557282222,-0.42234717024984536,0.27325117041095226,-0.40919654449897397,0.21185774549529768,-0.4039872197044906,0.16723737806461375,-0.3928396350556738,0.12867174190545805,-0.5220522259808974,0.1800048380268309,-0.5668309248832252,0.13803644148607963,-0.586402398231418,0.111758030366168,-0.601933574506035,0.08590380150845463,-0.5555678615377515,0.20288699013419925,-0.6015708010149753,0.15801987717016477,-0.6213412605887366,0.12737540977283285,-0.6382677729603555,0.09723278417192535,-0.5773290263772012,0.23345195006107095,-0.6199282647087248,0.19514887199096137,-0.6314577479241554,0.1650400400396966,-0.6389893376982342,0.13486086073995043,-0.5917004419625855,0.27101705895357653,-0.6284275485730514,0.2433526957667788,-0.6376353121281705,0.2195904350274772,-0.6416233167506759,0.19491785708476508
-0.02743009993751157,-0.3293553645805622,0.047864248739826,-0.3917322627919646,0.08393426604692791,-0.3923245506405838,0.12197903584411687,-0.39267397965781037,-0.08767725467601054,-0.38500456883810985,-0.13199811228406447,-0.38138739358644935,-0.16922966695194186,-0.3767906855523143,0.18191070150493166,-0.36359398835302337,-0.21539750329469806,-0.3381091245184067,0.06322678581403605,-0.26580548672780907,-0.1002456453366508,-0.25237452784311704,0.4988764722489258,-0.03350023039423503,-0.4988764722489256,0.03350023039423503,0.7928501138790001,0.41059560422551944,-0.7401689195043535,0.5279877553996356,0.5800670898118214,0.20312646104335608,-0.5661027521140525,0.3147087776531604,0.5566333323083923,0.124491873309017,-0.5191351613493869,0.2299087693190314,0.5485771498183714,0.07650927661320552,-0.5136028203013016,0.17189626519547435,0.5292482176998354,0.09684682901596357,-0.5044184847885405,0.18525912043814627,0.4853903077707767,0.22573969803045746,0.43536965964248336,0.17472063143584843,0.43866566144140057,0.10921725616789739,0.44918406064237315,0.06044420197716143,0.45377075686348645,0.017729792920233498,0.5199252857339339,0.08333187500367945,0.5618034609762916,0.03191171530239226,0.5635067513549463,0.0034248765482400396,0.5548600103383443,-0.018321775242005463,0.5487657546306441,0.09520880084894538,0.5893593684615887,0.042872440225044293,0.5893084039820169,0.011180243807214702,0.579496358754038,-0.012008201186925655,0.5712623943355783,0.11691638935386853,0.6083889885910433,0.0675433410231045,0.6119181647947334,0.039405830694411184,0.6050691791007209,0.017601980661619554,0.5871168164268535,0.14722332439383085,0.6245557320198218,0.11189359282605245,0.6346107708105099,0.08610142565661054,0.6345433809725611,0.06537836277203414,-0.5057760255382332,0.3180560256000331,-0.4422149163967831,0.2644639328130653,-0.41728415959809007,0.20681113909730012,-0.40266069623505046,0.16647420135861046,-0.3949366478306261,0.13293429417147903,-0.5255142634668486,0.16693070989930858,-0.5638941680997687,0.12193636694631585,-0.5743235809858351,0.095557926363813,-0.5776033810984017,0.07095054199662487,-0.5579648958961914,0.18472029634759562,-0.5919371217681152,0.13745367833091712,-0.5968084028847573,0.10795615246995183,-0.5953953386175427,0.07983546320750197,-0.58138294051936,0.21043118571182165,-0.6097926793764203,0.1662063102607592,-0.6142622458481212,0.13730875565751333,-0.6118733580290083,0.11057558900189057,-0.5980754798143334,0.24324998128738418,-0.6213282097850413,0.21117437091022545,-0.6235447506889422,0.18575585465810604,-0.61996526718975,0.1612364133762733
0.030447258096402818,-0.3300595845320991,0.11408483892462738,-0.37874831903498424,0.14936313528747142,-0.37324713392367675,0.18684743932706765,-0.36706868295314365,-0.01967868582739851,-0.3948754684998317,-0.06407717764939135,-0.39876748879393975,-0.10073242665193405,-0.4005097835969798,0.24048385637903513,-0.32819079541576995,-0.15353151583240374,-0.3705639507128344,0.10742751648252873,-0.25261990439171256,-0.05513921879500232,-0.2671135428074969,0.49725058206166267,0.05236276004316095,-0.49725058206166267,-0.05236276004316095,0.7093147930168655,0.5404845625189642,-0.8256019364248456,0.3917320164543717,0.5272560300717138,0.353931413846396,-0.6117146695945856,0.24419210460245822,0.4973520476631793,0.2832101080084439,-0.5457197483647855,0.18643123637442788,0.5000249259560032,0.23652810245878342,-0.53153279922653,0.13019592585356013,0.4855810033257054,0.25153581900822053,-0.5253187387129032,0.14579970397444425,0.4220303290495658,0.35224386653263007,0.3769568863199865,0.2955224316516666,0.39705117853443256,0.2363831264176428,0.41914292429255023,0.19324275508904826,0.4274789617162571,0.15395576119835896,0.4861551738692423,0.2273861963433684,0.5307918777241255,0.1904967572973784,0.5350249046101805,0.172174907943656,0.5274223185265676,0.15685877323242226,0.5078398745002044,0.2514365231063161,0.5478424954772044,0.21931461888419865,0.5494544554585973,0.19568972737947715,0.5414005459081317,0.17834621518196125,0.5187340953093948,0.2816937136570611,0.552261296867965,0.25258939790173074,0.5553508256833928,0.2289787941489923,0.5512657355603477,0.2083636112790148,0.5216205478055784,0.31817500562397866,0.5573452409058842,0.2989610614974827,0.5689265661217611,0.27808772987416214,0.5714236363548585,0.25852218525067033,-0.564850926147006,0.27170583067307874,-0.49849454009834826,0.2431140404613471,-0.4523944832311223,0.2034638813453833,-0.420778693236215,0.17408914005001697,-0.40476817920909275,0.15187571571472555,-0.5472702316955897,0.13766583919544914,-0.5731238166324958,0.08733199271781875,-0.5713339885707712,0.07388736596828116,-0.5652325067692721,0.0670885333280931,-0.585356562077668,0.14885858606240027,-0.6031129132780171,0.1002743382254762,-0.60262862081242,0.08437231160579035,-0.5988210851694872,0.0769358224943406,-0.6119745905958006,0.16788049704330116,-0.6250944863359799,0.12683844552807066,-0.6244527550026461,0.11045131264888032,-0.6192566993020695,0.09883265678511202,-0.6309827913889147,0.1938516205333663,-0.6398454745743908,0.16685056445938168,-0.6366988303640067,0.14957423519746857,-0.6289976426002388,0.13476980439596717
0.0015965793164331268,-0.332455210272844,0.0796016892472002,-0.3881685101382362,0.11506716721980365,-0.3858415535671823,0.15294750529067286,-0.3830242354427718,-0.05464532058864385,-0.39198762137125337,-0.09921127717818358,-0.39179679777094323,-0.1353465472991548,-0.39024860834601444,0.20968194379752444,-0.3491940922019844,-0.18572101677939837,-0.3559796805073024,0.08443987268993505,-0.26250287538322103,-0.07870780428948394,-0.2624803776714226,0.49995490764066547,0.006714933060996062,-0.49995490764066547,-0.006714933060996062,0.7576910689890624,0.4748528251237862,-0.7911527555947926,0.4639657100089694,0.537988417583507,0.34611718338767594,-0.5708049607246631,0.34792053896104885,0.4778241565368365,0.3192350666936516,-0.49667291426089377,0.3245692573591977,0.47079780921002606,0.27192149089837575,-0.49000588682289375,0.2732358550446688,0.4745357749244205,0.27267638882231165,-0.4868549440320461,0.27747842965418523,,,,,,,,,,,,,,,,,,,,,,,,,,,,,,,,,,,,,,,,,,,,,,,,,,,,,,,,,,,,,,,,,,,,,,,,,,,,,,,,,,,,
0.028715127078176795,-0.3326968684283298,0.10778222342656611,-0.3817171079067044,0.14222481243100682,-0.37673713055184865,0.17962306378308546,-0.37105438619917597,-0.0237720323442171,-0.395612566067033,-0.06870661089937863,-0.398851113032789,-0.10402278766865528,-0.4000302383145538,0.2329429885272697,-0.3331712464576106,-0.15780722204416908,-0.36987805846939176,0.10345642781258145,-0.25708924083152285,-0.05788409524360655,-0.2694065602716726,0.49809246924830497,0.04363361179327705,-0.49809246924830497,-0.04363361179327705,0.6952217598304697,0.5106671538502786,-0.8221878969526705,0.3900725784488729,0.48409140361015157,0.4762687305919691,-0.5868733184330269,0.38699971566947783,0.4172767565325156,0.4846885838544319,-0.4994056732281814,0.41857790045662985,0.4077070474370489,0.43063869690547374,-0.4725237772196628,0.37695620690207093,0.41849631666967707,0.42098806647347603,-0.48204013911995053,0.3610825158493378,,,,,,,,,,,,,,,,,,,,,,,,,,,,,,,,,,,,,,,,,,,,,,,,,,,,,,,,,,,,,,,,,,,,,,,,,,,,,,,,,,,,
0.08006894321013405,-0.3264952758490003,0.16520820454443466,-0.3619984541218812,0.19837915303058362,-0.351833968696323,0.23410537225794847,-0.34049998811805937,0.03770873150120041,-0.3955580171988136,-0.006102347492023126,-0.4055769474154245,-0.040459653155857075,-0.41208101519816615,0.28026130739214583,-0.29477932221358716,-0.0985084343415874,-0.39058148086507904,0.14218670621640728,-0.24058938953047995,-0.01535927628020514,-0.2771106403074222,0.485658009644149,0.1188961633884109,-0.48565800964414885,-0.1188961633884109,0.6200106387339377,0.5579851814404214,-0.8680686665642856,0.23254672112812866,0.39324418510228965,0.6163117289203949,-0.6489867528328276,0.37563305724459234,0.30741844775992144,0.6793054369289482,-0.5897053044752241,0.4753559372485657,0.2828461316500257,0.6208075637250909,-0.5246095437893501,0.4411697184627348,0.3014134788497404,0.5959256620758338,-0.5275360082577768,0.4101905809328078,,,,,,,,,,,,,,,,,,,,,,,,,,,,,,,,,,,,,,,,,,,,,,,,,,,,,,,,,,,,,,,,,,,,,,,,,,,,,,,,,,,,
-0.04644810073452143,-0.33431518080529543,0.01973810350331614,-0.3978848517790222,0.05436563705590446,-0.4006718638049853,0.0915839641994071,-0.4032270214755223,-0.11116269765904689,-0.38204401588888526,-0.15543364701398113,-0.37523247523824965,-0.1897908002386691,-0.36860893446443593,0.1510640854923897,-0.37756911999465764,-0.23581319876412704,-0.3272307256166268,0.04312195711266302,-0.2773434624522753,-0.1170744996750341,-0.25337793201505104,0.49528268433821565,-0.06852052681300391,-0.4952826843382155,0.06852052681300391,0.7799293056752741,0.26549383987159747,-0.7230564338727077,0.5169314625306909,0.5985579754866153,0.4917048954689785,-0.44160822500221486,0.6774269579972668,0.5340076390741897,0.599231581513859,-0.3580598275865144,0.7743529340701688,0.4663506656807311,0.5764474068872392,-0.30942139637609517,0.7325527891639161,0.4723192464589374,0.5429816416960981,-0.3103496264518018,0.6941924856053936,-0.45855197713079554,0.6726339735852406,-0.3746188604319999,0.6508641323154862,-0.2892334067057912,0.6651117818056518,-0.2315206375768781,0.68926466812597,-0.20299351255425574,0.7168912007050555,-0.3257007159303165,0.7394263260001159,-0.2940711683662314,0.7789848182296262,-0.2698223448540409,0.8035745155103428,-0.251038490442658,0.8222990429041024,-0.36236458890322265,0.7637515647045485,-0.33163541853336104,0.8036788079712593,-0.30764296767612337,0.8276428929326286,-0.28862589708555647,0.8484414116477875,-0.3966531945564005,0.7814368731957068,-0.37002411329452467,0.818494150454349,-0.3474296090138728,0.8422354556030414,-0.33185019526000914,0.8629830062606729,-0.42899753549095193,0.7939617699179816,-0.4059439730610175,0.8273057887563283,-0.38737041208330536,0.8486415999619911,-0.37299874548466694,0.8661178140518595,0.5719176495293203,0.5109271316554815,0.5117930333266122,0.5173112227269298,0.4646592322653579,0.5331415344544393,0.44669520701687515,0.5476773538443187,0.4443620591016531,0.5560655459963827,0.45378224608527906,0.6187995611102028,0.43793306015179956,0.6688045252015786,0.43702530592735267,0.6703203819322356,0.43987069328286443,0.6595080821977829,0.4942810440156394,0.6243678835457098,0.47827155084370604,0.6707014113552151,0.47812697814296506,0.6645524365996762,0.4854622408198704,0.6487594967296875,0.5342596723323244,0.6238467019257806,0.51912305098934,0.6651496787415442,0.5167484135685005,0.6591161783131637,0.524341767877534,0.6443962420170742,0.5720670396846596,0.6188690090749938,0.5561261294870596,0.6545840362685459,0.5513187164698208,0.6530801982924378,0.5548759189510183,0.6423983293196799
0.06131346586940129,-0.3327619694316547,0.14397325970803912,-0.3720965730245654,0.17838738513822724,-0.36366120531650276,0.2138175883134796,-0.35436292270931075,0.015352395322244534,-0.398226094493047,-0.028500739659718707,-0.40563034602818887,-0.06339231952423062,-0.4101191258179306,0.261706794660299,-0.31091908244318517,-0.11998281197291327,-0.3856346194397698,0.12909075930514008,-0.2502476551485584,-0.030855176788472806,-0.27815230492740056,0.49157312676420256,0.0914103989886556,-0.49157312676420256,-0.0914103989886556,0.657565880851218,0.5132120816278087,-0.8486342710067749,0.2665396443635414,0.36797572493161707,0.7226485064556853,-0.6443719615397903,0.5691723650569064,0.28587789127947455,0.8205807307691448,-0.6046982525119352,0.6978578439154529,0.21827343843255373,0.7765763283899554,-0.5432429863784836,0.6751386490458349,0.22329532125524768,0.7446662580314756,-0.5278905911461166,0.6421565552315995,,,,,,,,,,,,,,,,,,,,,,,,,,,,,,,,,,,,,,,,,,,-0.6911109466008823,0.5365754678063025,-0.583514765644448,0.5610839490294808,-0.49473594468455345,0.6092137071505822,-0.44732081058268236,0.6578980680610685,-0.42691218165397216,0.6981340598072421,-0.5772325292463778,0.6067854990453454,-0.5615665317952678,0.6661004917462607,-0.5497448927468694,0.7104850074350553,-0.5427196001885745,0.7450958286423758,-0.6362213481310209,0.615670496856388,-0.6205485632530519,0.6846171813623453,-0.6023800694131762,0.7363917602960889,-0.5900789625179064,0.7748290733653641,-0.6766602300998978,0.624076798206634,-0.6600993298611247,0.6889729629963914,-0.6432025143485345,0.7357809698816166,-0.6291952057573406,0.7712853947998685,-0.7011840323326739,0.6288857865170614,-0.6885135703111858,0.68156459793858,-0.6750137485178619,0.7185394067939118,-0.6615317042275476,0.7476189097350788
-0.03203630788485193,-0.3380692510679879,0.036689221232457325,-0.3979502444476287,0.07243299106810734,-0.39920388482277985,0.10830257065890189,-0.3996283305008196,-0.09363192615105023,-0.38802764795017947,-0.1374919068382065,-0.38323275527664963,-0.17237496162727445,-0.378052309558629,0.16627065965303844,-0.37058207026570217,-0.2200087050546248,-0.3391897647951103,0.05607576968345171,-0.27735245626699995,-0.1056488494334595,-0.26039912225205253,0.4978990606349343,-0.045787830466730274,-0.4978990606349343,0.045787830466730274,0.7717963441722858,0.3214510021143278,-0.7341353199817244,0.4882140889677973,0.523170749168342,0.6510330638727645,-0.45537183271825343,0.785972812398864,0.4825341944099177,0.7889129986666944,-0.3876651098972209,0.9000779714972703,0.4015938849788785,0.7612388407594712,-0.3197613878090159,0.8596029672501058,0.3886697985762168,0.7203628980067613,-0.31234264356728875,0.818067736519423,0.503585095253803,0.6136627102988824,0.41669988388616064,0.6579128200886846,0.37095538504642334,0.7072436167441317,0.3479368582767084,0.7492243402638941,0.33109194749238113,0.7832166601768368,0.4711379923813502,0.7117976225942254,0.47754952282222873,0.7616760767745969,0.46771366460908376,0.800658034032125,0.45628922871511457,0.8321372505964361,0.5090938104232569,0.7158391662730968,0.5069728985233453,0.7659282885945231,0.4878417391033912,0.8048617202246541,0.469482130058859,0.833912595136003,0.5295791694695385,0.7177952944346077,0.5232011068541124,0.7652924976126546,0.5020368656993978,0.7993676891733158,0.4819321059767431,0.8239843825051646,0.5392971678205045,0.7170330423054171,0.535924900619118,0.7593454652061448,0.520069017315722,0.7866352471963153,0.5012936624737235,0.8049869677297016,,,,,,,,,,,,,,,,,,,,,,,,,,,,,,,,,,,,,,,,,,
-0.050185743771002676,-0.33855726135484027,0.015232605378025219,-0.40175747927011485,0.050867989212575064,-0.40489192953503556,0.08659038157702525,-0.4070631794072157,-0.11429636418091241,-0.3847028145244674,-0.15772988175046934,-0.3775195261508014,-0.19225372129154814,-0.37042996182741533,0.14586088030116023,-0.38075755389562654,-0.23769171877179737,-0.32898269746337494,0.04102197019431975,-0.2826684522715564,-0.11947997394056174,-0.2570414978913729,0.49459141220604314,-0.07334394979841152,-0.49459141220604314,0.07334394979841152,0.7835892456748946,0.29491331879833976,-0.6876102327949057,0.5483366943794881,0.5423202839748285,0.6643997140051955,-0.387688558551801,0.8727428684806355,0.5139601564304798,0.8070199557968754,-0.3227309413254043,0.9851749846784776,0.43214796279344847,0.7858573028459424,-0.23274510380971397,0.9445694109596025,0.41020968681093073,0.7461213815354995,-0.22619961086967538,0.9014787043618442,0.5369518065458468,0.6270287021419932,0.4524392636017141,0.6815946860928173,0.40897928742031764,0.7412768592325534,0.38770659455758805,0.7922805896481396,0.3673875722439906,0.8311327427936279,0.4899187184194178,0.7272934213114273,0.5082062846662234,0.7767828821406041,0.5111588803393661,0.8154583856336988,0.5126485628747471,0.8480024183220537,0.5383587161838563,0.7211243710376265,0.5477204352794758,0.771613024939685,0.5397247282035584,0.8112600808858926,0.529475293692961,0.8397499846237847,0.5688117743780791,0.717904063107265,0.5747665955995906,0.7666247514635656,0.5651273020313232,0.8036664414209659,0.5526901013173879,0.8310065419198329,0.5850772028453053,0.7160189865314326,0.5921590442460665,0.7608804902261527,0.5858546537219856,0.7924510885268338,0.57609931288344,0.8155512539121261,-0.4226742085230703,0.873148470483078,-0.3071037738900237,0.8534747253609904,-0.21316417069312427,0.8770328756150951,-0.1631411887730013,0.9222514081984273,-0.14525792664598106,0.9613760164812548,-0.28678878175661693,0.9192015005101759,-0.2281961577197018,0.975556779961139,-0.18899595328445848,1.0125781373257527,-0.15844123845554062,1.0411811748832278,-0.3434865550470053,0.9497652705270527,-0.27491512824311476,1.0072291322077833,-0.22566160699428608,1.0469287684011395,-0.18692358514708363,1.0784589916074059,-0.38492820091066887,0.9721333718229072,-0.3194054131582409,1.0248015264539343,-0.2723807702136061,1.0606502686958204,-0.23446784405718996,1.0882427974065159,-0.4099341602512905,0.9859882707648746,-0.3623463257303326,1.0306073039486454,-0.3241244622581439,1.057868303825956,-0.29027034649915,1.0774198711000138
-0.053447323105778176,-0.34312628054251487,0.011668481913047342,-0.40642415099637447,0.04731298208569695,-0.40976659521845143,0.0829814511495506,-0.4119654205591864,-0.11788967050132933,-0.38844168510608085,-0.16094245946564875,-0.3809669020734793,-0.19539217143768822,-0.37360200906077057,0.14248986541450717,-0.3853306480840931,-0.24039166966671235,-0.3316042543650522,0.03791953701306667,-0.2877321586501002,-0.12231420523092015,-0.2614281916437222,0.4943158136807205,-0.07517896211818369,-0.4943158136807205,0.07517896211818369,0.7753754701331589,0.3145552638103815,-0.6641107508586375,0.5599909796355339,0.5305811249047332,0.718559548216938,-0.37439532195169745,0.9002376896647244,0.5167316976517269,0.8529313156633334,-0.31377280067083485,1.0122463822515881,0.4240841853889117,0.8354464326833784,-0.21703182749198952,0.9733006818238326,0.3926588072358316,0.8001444696439108,-0.20954827516746616,0.9330727870493788,0.5630663600746245,0.6596202057173274,0.4808203341241805,0.70991095551815,0.4291590095153987,0.7698157529095361,0.39955704079382587,0.820523919949282,0.3761137512726954,0.859051710316774,0.49372917724561416,0.7645037225293637,0.4924282337961967,0.8145072499464624,0.4804246572503987,0.8479055245027324,0.4690021165345312,0.8741703057437802,0.5396005536737533,0.7597963175897432,0.5316025558513071,0.8096986340488321,0.5122027877241849,0.8414740511250735,0.49251311892973465,0.8615825938648316,0.5708837308879366,0.7574217851479974,0.5614100267066627,0.8046556908724912,0.5427051425178082,0.8348196327172904,0.5249462270677148,0.8554202562871753,0.586061252439261,0.7561550280650271,0.5769888626841709,0.8011323977580739,0.5614764567739409,0.8274262720332016,0.5479887942162053,0.8444307218678597,-0.4186265381464346,0.9030291650940782,-0.2952443088127481,0.8916947354988666,-0.2107398984063293,0.9185219301062105,-0.16518668711168077,0.9626098104790354,-0.13147220643459645,0.9959925553362802,-0.26590932111589954,0.9641918434094406,-0.2059901525355609,1.0178439405351356,-0.16961198327929541,1.0504533222763819,-0.1383687551372709,1.0753060570840036,-0.3258520220045645,0.9952551723933988,-0.26636681448423744,1.0493245784257546,-0.2269061841205413,1.0834498136672661,-0.19520195711089647,1.1098235694588265,-0.3688762780015951,1.0161051871160807,-0.3098789914132712,1.0641771253052983,-0.27045692127419446,1.0948077886374838,-0.2381337760885005,1.1189421926434153,-0.3950985095598817,1.0274329120507875,-0.3468362029396618,1.0677728385942908,-0.312226331789159,1.0915073755833358,-0.28271087800621425,1.110769382313884
0.07715286138557795,-0.3418258869703434,0.16052241629701852,-0.3760441639277658,0.1948604078492973,-0.3661530075374348,0.22872449621626445,-0.3550150796922302,0.03366076806788886,-0.4066037849918336,-0.008926851697167153,-0.41528768398474464,-0.043554152458137936,-0.4210066713470977,0.2738737142109938,-0.3080132119358381,-0.1007335495174669,-0.398381103709509,0.1413946306420791,-0.25688728702525454,-0.016771045540002243,-0.2911504503567124,0.4874452457389384,0.11134241063721419,-0.48744524573893827,-0.11134241063721419,0.5850318462966281,0.591845857705119,-0.7953262293393264,0.29081015751412786,0.22254240003046133,0.9057722556031537,-0.6821815527727958,0.7229818230344179,0.1666363275995199,1.0213620377251558,-0.6687791781898664,0.8555173445088723,0.08568997764522598,0.9780267447940637,-0.569268583520933,0.8553913434382849,0.06850848036282303,0.9400612895059908,-0.5481321082936967,0.8224340593080667,0.28055415162635133,0.8558373597559089,0.18802763214335855,0.8726942463234796,0.1158373692755887,0.9034451892962049,0.06526551475659247,0.9346829981486441,0.038949088222072256,0.9648214577690385,0.15522920822161737,0.920869682343809,0.13499122372582606,0.9694596547986671,0.11569127276862752,0.9999272289586416,0.10026341330287859,1.0247534400567613,0.19905683308820799,0.9356626106920266,0.17507767705932292,0.9834945446474195,0.14934315695835054,1.0103044058530757,0.1300436372101641,1.026223430295064,0.23385252590943326,0.947997217531105,0.20995505800159897,0.9931634673206798,0.18399812173563343,1.0184883364491761,0.16448653014978232,1.03466024701679,0.256140436865954,0.955258382085791,0.2310646943110624,0.9973378221136128,0.20906006995666368,1.0189392969778577,0.1935183938224514,1.033220053824772,-0.7249844563112376,0.7160926831627876,-0.6059845122591108,0.7504445487988741,-0.5387851895567658,0.8045668296723147,-0.5071974036763138,0.8613335803348103,-0.4858418403240887,0.9050597663525413,-0.6075665150289975,0.8433050235084205,-0.5711633945275678,0.9185164101220611,-0.548557030118976,0.9600382777190254,-0.5313428654133194,0.9917118193325763,-0.6734517185504748,0.8475035599891022,-0.632960263027558,0.9240938550057269,-0.6051388325114584,0.9678973318466199,-0.5866792530350254,0.9995459518295342,-0.7213302535126687,0.8453764950497442,-0.683468163523335,0.9141943503334793,-0.6536426650418766,0.9536723374754834,-0.6309057223601786,0.9818790260800705,-0.751431836855564,0.8403146074435525,-0.7227809864554219,0.894530795868967,-0.6972893370490345,0.9265409819142377,-0.6747310094549993,0.950433289143945
0.08087864441088548,-0.3446437419101417,0.16510611352389995,-0.3768281022597968,0.19950693475466447,-0.36654204921086375,0.2325457943896593,-0.35509398705311407,0.03818339190956514,-0.4091989004768563,-0.0037928635588078577,-0.4182347903178434,-0.03869092987739591,-0.42468629461333934,0.27697478754021243,-0.3066911319184974,-0.09535319467147552,-0.4025691823028441,0.1427638210598524,-0.25875773468608365,-0.013088184763832082,-0.2950312675503553,0.48604313013978195,0.11731187341408772,-0.48604313013978195,-0.11731187341408772,0.5568753838715432,0.6006856654981935,-0.7886183774821165,0.2957406092750597,0.20839910836291525,0.9374891006273978,-0.6994356154096819,0.7302451877656353,0.15109340159007106,1.0582036114149893,-0.6972532179923253,0.8587005042484138,0.06820006048452566,1.0139708656454969,-0.5894265553107679,0.8672604792432153,0.051018628081743705,0.9753742533486187,-0.568803002697206,0.8361880832736311,0.26551324624240186,0.909375497038461,0.16546643306215655,0.9164211939980064,0.08768287898324843,0.9500336515386193,0.03532414939569685,0.9837781377407022,0.006872511353613375,1.0152087238978824,0.15035973982100442,0.99307354576091,0.11573655133843476,1.028353152760984,0.09202334752585248,1.047807034557443,0.07434989545733463,1.0654589373670087,0.19670626424523718,1.0095204545063732,0.15886789036869609,1.0423667704255675,0.12679137871325244,1.054852194402178,0.10351904032678891,1.0598457756431876,0.2305712728198071,1.0201722091237,0.19319377383001274,1.051672836957995,0.16234246024451485,1.0646153592945333,0.1397165536849134,1.0726258172370788,0.24961250823987682,1.0237924663626445,0.21161301643812713,1.0570853288359598,0.1828589884026106,1.0713971724680398,0.16206996260007922,1.0801002390042385,-0.7410993285052986,0.7252476285117049,-0.6256790404903608,0.7599215768898447,-0.5656156766907313,0.8161508915572538,-0.5389860991669411,0.8716009446645858,-0.513791878250143,0.914970342958889,-0.6396002413917942,0.866312688149602,-0.6065457402184607,0.9389513316426332,-0.5858835944295143,0.976252903087651,-0.5700199412074578,1.0047100136479996,-0.7064203961684183,0.864281821720663,-0.6665193646053686,0.9390592126435722,-0.6359109095245172,0.9755149821918686,-0.6141854043573216,1.0014322089417325,-0.7523991538612645,0.8552679152551051,-0.7139376723982317,0.9238046602294523,-0.6792237044425764,0.9582280948669136,-0.6541194752498182,0.9804720046732092,-0.7779365723197507,0.8458511872909564,-0.747407918162733,0.8993161705218274,-0.7145156370670428,0.9284115388816574,-0.6876293455658327,0.9472459754940199
