pose_0_x,pose_0_y,pose_1_x,pose_1_y,pose_2_x,pose_2_y,pose_3_x,pose_3_y,pose_4_x,pose_4_y,pose_5_x,pose_5_y,pose_6_x,pose_6_y,pose_7_x,pose_7_y,pose_8_x,pose_8_y,pose_9_x,pose_9_y,pose_10_x,pose_10_y,pose_11_x,pose_11_y,pose_12_x,pose_12_y,pose_13_x,pose_13_y,pose_15_x,pose_15_y,pose_17_x,pose_17_y,pose_19_x,pose_19_y,pose_21_x,pose_21_y,pose_14_x,pose_14_y,pose_16_x,pose_16_y,pose_18_x,pose_18_y,pose_20_x,pose_20_y,pose_22_x,pose_22_y,right_hand_0_x,right_hand_0_y,right_hand_1_x,right_hand_1_y,right_hand_2_x,right_hand_2_y,right_hand_3_x,right_hand_3_y,right_hand_4_x,right_hand_4_y,right_hand_5_x,right_hand_5_y,right_hand_6_x,right_hand_6_y,right_hand_7_x,right_hand_7_y,right_hand_8_x,right_hand_8_y,right_hand_9_x,right_hand_9_y,right_hand_10_x,right_hand_10_y,right_hand_11_x,right_hand_11_y,right_hand_12_x,right_hand_12_y,right_hand_13_x,right_hand_13_y,right_hand_14_x,right_hand_14_y,right_hand_15_x,right_hand_15_y,right_hand_16_x,right_hand_16_y,right_hand_17_x,right_hand_17_y,right_hand_18_x,right_hand_18_y,right_hand_19_x,right_hand_19_y,right_hand_20_x,right_hand_20_y,left_hand_0_x,left_hand_0_y,left_hand_1_x,left_hand_1_y,left_hand_2_x,left_hand_2_y,left_hand_3_x,left_hand_3_y,left_hand_4_x,left_hand_4_y,left_hand_5_x,left_hand_5_y,left_hand_6_x,left_hand_6_y,left_hand_7_x,left_hand_7_y,left_hand_8_x,left_hand_8_y,left_hand_9_x,left_hand_9_y,left_hand_10_x,left_hand_10_y,left_hand_11_x,left_hand_11_y,left_hand_12_x,left_hand_12_y,left_hand_13_x,left_hand_13_y,left_hand_14_x,left_hand_14_y,left_hand_15_x,left_hand_15_y,left_hand_16_x,left_hand_16_y,left_hand_17_x,left_hand_17_y,left_hand_18_x,left_hand_18_y,left_hand_19_x,left_hand_19_y,left_hand_20_x,left_hand_20_y
-0.005695330482757407,-0.29359175481500205,0.07094261098792969,-0.3290656320006009,0.10772839320719527,-0.3274128645248001,0.15175797643611186,-0.3252671428037446,-0.0631894522453952,-0.32935012815473536,-0.10980713032695842,-0.3282239371969507,-0.14725585768488011,-0.32727444421417035,0.2140886308268305,-0.29948227354964274,-0.2005715324065372,-0.29832442592888897,0.07604923237620341,-0.23852261015779758,-0.08640046084036831,-0.24149657777339875,0.49998218727699867,0.004220474583297917,-0.49998218727699867,-0.004220474583297917,0.6431028862946314,0.47246224590535646,-0.6525030493660141,0.4253095429596708,0.7024367319702144,0.9008679346471858,-0.7716404547399967,0.861031024441781,0.7736882441893214,1.0322751564446868,-0.854449643038639,0.9894608646698312,0.6421399277888291,1.0385003461097364,-0.7399765119783527,0.994494067175631,0.5956925897776153,0.991165151812817,-0.6854579703635247,0.9562046091424237,0.7774390506933299,0.9231374659676554,0.6511395615056073,0.9518196440554626,0.6057835764676356,1.0170391976795967,0.6000004543495222,1.0759905251295465,0.5955184132191952,1.1225864432383041,0.7293594148908723,1.057128326657285,0.7063435556557738,1.13702064011447,0.6508883994198971,1.1685964027226918,0.6029959842353009,1.18193172027187,0.795159533327065,1.0594465047743196,0.7691987858487238,1.1406069469069153,0.7067371793318509,1.1701221297340283,0.652163648054673,1.1798715543033487,0.8331272096380474,1.0565016074930136,0.8001940287396051,1.130604062127548,0.7401338079892608,1.1605914051173771,0.6857434050760016,1.174555097081178,0.8451326038754597,1.052124918657809,0.8129043137185828,1.1153151353512154,0.7632501832118174,1.1466092984934178,0.7178392085114962,1.1613863390986021,-0.8092384214838771,0.8948775836257308,-0.6890567240569888,0.9278354802773114,-0.6463164565857746,0.9881014903188032,-0.6348601916742472,1.0484986789506379,-0.6219394113831117,1.0953368843295712,-0.7803469807681558,1.0266504088445811,-0.7725488072322562,1.1042102676504515,-0.732119895940839,1.1435148079616104,-0.6889922710573974,1.168500398202315,-0.8468024992497981,1.0275125873713291,-0.8258901864239884,1.1057446847261323,-0.7702438451992437,1.1443519508267945,-0.715713410471396,1.1667727306481166,-0.8796033213097932,1.0253777282307042,-0.8526902296093124,1.097438017744288,-0.8028395430303801,1.1336509642117545,-0.7533111214494054,1.1538955036336684,-0.883865148024849,1.0246192097572082,-0.865543359827464,1.0856522214302464,-0.8271477872136377,1.1189434441213257,-0.7832143719523657,1.138406912283707
-0.009577250914780082,-0.27002267612878944,0.06642091313154973,-0.3028786089572516,0.1041194612392098,-0.3014044105410543,0.1460239618308901,-0.2994546273701939,-0.06704050268128572,-0.3032128139491102,-0.11279067026942462,-0.302141414479771,-0.150180438490914,-0.3011973901740906,0.20833838157076043,-0.27573102695609386,-0.2020607875332611,-0.27481310646106605,0.071526310723602,-0.21891732157271399,-0.09028754318293644,-0.2204625909478413,0.4999851704749102,0.0038508836875475374,-0.4999851704749102,-0.0038508836875475374,0.6325565289001638,0.4345397515709041,-0.651886099030018,0.3941447714717067,0.6925762852953108,0.8297895526037761,-0.7694008224634634,0.7946726868030253,0.7623681512351307,0.9499185270719038,-0.8513693229941677,0.9123076993906301,0.6328757113954824,0.9560039541129416,-0.7387076704503945,0.9173428767651202,0.5869786386684014,0.9132354326319981,-0.6872462167178813,0.8808150714177827,0.7256126884494889,0.8575725813824985,0.6168191573146036,0.8856408466907604,0.5898599076801966,0.9416036059546189,0.5890170426170419,0.9964903928188049,0.5844513120898092,1.039996108777229,0.727836817029746,0.9768898607164657,0.7064810216156195,1.0539462138364855,0.6455247766749866,1.0802125540546637,0.5928528144487012,1.0894727379795943,0.7814330891371489,0.9802538225928987,0.753109321649146,1.0581925607284814,0.6859361222706808,1.081617396360806,0.6283013543143219,1.0873444199869715,0.8012693424491584,0.9796934480883057,0.7706516727829553,1.048168506899126,0.7086622711484132,1.0715965816904367,0.6530524598654549,1.081116279411782,0.7953560934540098,0.9788924231249229,0.7702048680339441,1.0349866541358637,0.7232495201176944,1.0593948603286114,0.6787070700794099,1.0703929483189596,-0.8096889859435161,0.8257869047907922,-0.6862295519653043,0.8567723185741711,-0.644585243463409,0.912930951687306,-0.6365636900605894,0.9669029619460683,-0.6190941571908157,1.0097383625331362,-0.7729075166350048,0.9497146505945443,-0.7622721173921434,1.0235419432829633,-0.725035724225042,1.0599140784602048,-0.687106035216559,1.0860554252492727,-0.8411944294977317,0.9496809252333361,-0.8221992651936567,1.0240752612830843,-0.7618980040460802,1.0600360232690926,-0.7048385511200351,1.081541180855251,-0.8745594028676792,0.9460555441728494,-0.8487816105380828,1.0127972718485856,-0.7909183657637311,1.0440313387188376,-0.7379777117548209,1.0615852939582617,-0.8807662084185378,0.9438045192162829,-0.8599346030165961,0.999857784392988,-0.8154880599602117,1.0291634084339352,-0.7691954343633358,1.0459041442290875
-0.013001130184746275,-0.3053339757134229,0.06280440871087486,-0.34281276655671966,0.10131107216252187,-0.34124619978244747,0.14155183358298748,-0.33912226458569716,-0.07035478682318227,-0.3433851348263855,-0.11561264967096709,-0.3421051838372251,-0.15298797378139703,-0.3409705910794447,0.20365262441076296,-0.3123176455738484,-0.2037725958328742,-0.3113685545233749,0.06779224266192674,-0.24707823826376893,-0.09375968482689451,-0.2477954252019664,0.4999785047449231,0.004636247731835397,-0.4999785047449231,-0.004636247731835397,0.6252912412752994,0.49254933462706013,-0.6522479745992572,0.44740519022057035,0.685697798455378,0.9405777199376231,-0.7683220285566317,0.9026142937438231,0.7546600463269522,1.0759108735929723,-0.844190139298065,1.0357570380594894,0.6258109912848682,1.0827486456591693,-0.7372775623297464,1.0425171130755055,0.580338668481679,1.0358479004431733,-0.6871809782763734,0.9997792031480899,0.7249992252711714,0.9658458797821448,0.614417112312965,1.0010717799079047,0.5832777790940418,1.0643376821433896,0.5805412700630789,1.1249502301151972,0.5778093025370534,1.173729733169595,0.7203156721509643,1.0993373975230676,0.6951759192609432,1.188553467043551,0.6328697514876392,1.2209334968812966,0.5813478918012301,1.2352448618743372,0.7764050242758326,1.101280471253008,0.7488189140592196,1.1946434050017567,0.6776974328954658,1.2221110388418157,0.6215197737301366,1.2299867140033458,0.800070049590159,1.1004495444663513,0.7701599503744494,1.183614956203998,0.7050774092490604,1.211330788954357,0.6505402425896618,1.2220663630379618,0.7989339164381745,1.099524086268641,0.7723401250505102,1.1672489358839515,0.7209262522592926,1.1961546126277751,0.675724148999913,1.208516644961833,-0.808184078926436,0.9310153713117496,-0.6853436872231304,0.964736970215952,-0.6447478053470974,1.0273832384762442,-0.636266292569589,1.0899060547568047,-0.6197080917186271,1.1399267681878422,-0.7758414992047781,1.0760103689822318,-0.766805544366091,1.157533783059389,-0.7253568687850372,1.1904710734070432,-0.6842306400545802,1.2089353457322523,-0.8419100515133687,1.0752690096284225,-0.819209843692533,1.1565083978221407,-0.7622042429464271,1.190301219022342,-0.7071743230012576,1.206029907705766,-0.872965997655514,1.0709641613981224,-0.8431053503824621,1.1441105385149437,-0.7896624341072872,1.1784703323563261,-0.7386059525241057,1.1964852567413227,-0.8780486985986037,1.0690750439530299,-0.8549726812441502,1.1317841173288852,-0.8135125257478365,1.1643482460105317,-0.7679131669592985,1.182215977650463
-0.013474115227500628,-0.28258182408444166,0.06219841058014872,-0.31767836390965143,0.10124320710619127,-0.3162439777255996,0.14048610321324034,-0.31435651100483625,-0.07174870305582895,-0.31823545982712664,-0.11614622596752006,-0.3169953228696268,-0.15420330050622463,-0.3159319315833085,0.20322562847692213,-0.289383464272988,-0.20386951520423255,-0.2884768002238359,0.06748375787263909,-0.22807987706232424,-0.09501770696141949,-0.22816256627217701,0.49998864271502785,0.0033700379796564313,-0.4999886427150277,-0.0033700379796564313,0.6238922337720408,0.45680547436557906,-0.65282057679057,0.41897465788220856,0.6852571750640746,0.8778372023843803,-0.7675736075200738,0.8436426992316156,0.753819566228584,1.002973741151861,-0.8366279670070959,0.9681050493319027,0.6248875264440034,1.0096957099849289,-0.736185296710903,0.9748736943126245,0.5800529226733268,0.9675551962649255,-0.6876255375707603,0.9353174698883846,0.7566330849911879,0.8897868997547093,0.633128973726192,0.9228507134686114,0.5877861246610598,0.9873639899965163,0.5839286084887427,1.0465362678529824,0.5789556781150883,1.0934912652512747,0.7102028332578287,1.0226978337706831,0.6972657950153954,1.1079813924337956,0.6380494140197837,1.137569845050382,0.5884586538118662,1.1487206157727172,0.77228598016457,1.0230394548858412,0.7536623483445491,1.1109280254447533,0.6855443563674961,1.1375372522231408,0.6308764426942607,1.1450028203740086,0.806796946025177,1.0199266386940116,0.7806233227853349,1.0977398006392574,0.7172546736293607,1.1236848982650318,0.664200072849598,1.1339588816965194,0.8182604766835361,1.0160865195980022,0.792109565497568,1.0792355247584824,0.7412678758335352,1.1064984187943192,0.6982308049488598,1.1180908022067442,-0.8012292121961937,0.8670389170529503,-0.6818627324346204,0.9023896608116125,-0.6431832214417079,0.9608483167037287,-0.6337821976312059,1.0176853788454474,-0.6160405505699349,1.0627576374948293,-0.7713946582281166,1.00246332138204,-0.7612886775010002,1.0756179221249966,-0.7234538025560235,1.1070889123002021,-0.6870767891135638,1.1264355719319588,-0.8387015775257358,1.0009071144764168,-0.8172836060108265,1.0740741890174534,-0.7647506254016893,1.104636805026028,-0.7165017690434577,1.118498011356968,-0.8716301441217533,0.9956956823527763,-0.8444005365548762,1.0620615190858498,-0.7935786568489444,1.0924309924144764,-0.7479625060688693,1.1079033306006498,-0.8787597101887628,0.992329768774098,-0.856877781884451,1.049395181896797,-0.8153426086511917,1.0794499936093414,-0.7728460846487029,1.09611196998982
-0.014899410067894261,-0.2820550029536233,0.06062165579032564,-0.31731263274416494,0.10005710688281896,-0.3158887882042513,0.13850144937615308,-0.3140105808394144,-0.07330132739518458,-0.3178930342274077,-0.11725414980466783,-0.31664361190100243,-0.155478525585035,-0.31557836897075264,0.2012596639972078,-0.2890372227380827,-0.2042945251051204,-0.28835804235422563,0.06588474949921705,-0.22741588661373427,-0.09668197690084256,-0.22734074624839937,0.49998628908032067,0.003702800519869982,-0.49998628908032083,-0.003702800519869982,0.6207948266373438,0.45619566641833315,-0.6536193216281582,0.4203670905586605,0.6819173848881761,0.8779884121281201,-0.7660390485521515,0.8439521401901839,0.7486893628254799,1.002711158453842,-0.8343446273652745,0.9683648696404545,0.6201369399237323,1.0093452379378676,-0.7352501265298487,0.9744243818329233,0.5768817693773441,0.9682341032750792,-0.6871539265510518,0.9352244478948512,0.7213163426472825,0.8918128310965755,0.6122445644638466,0.9272702316576058,0.5817457015224301,0.9883797683457777,0.5780971232182124,1.0477022317668279,0.5781008983906318,1.0941681485022239,0.7121487139441417,1.0225367476979064,0.6915581685345421,1.1067142759543795,0.6352509685436665,1.137211205329165,0.5882699544975447,1.1487767862200293,0.769414052695047,1.0242465682199446,0.7453284526596164,1.1109507038344928,0.6809886924730169,1.1388765652869755,0.6260906385072029,1.1459520315488987,0.7951035976523774,1.0222719961027773,0.7706998764210766,1.0992748768386658,0.711616666311175,1.126690548287161,0.6584816178651958,1.137092912063256,0.7950079599510873,1.020167059978282,0.7735861215747476,1.0820712538098884,0.7293187014636519,1.1108531320080204,0.6871522906430034,1.1238297825707964,-0.7980661012889193,0.8709137505822915,-0.677032940972945,0.9006737611934309,-0.636811750660905,0.9581210349349991,-0.6295412719375665,1.016073670383987,-0.6140561438688102,1.0633779001109507,-0.7677980272214057,1.0032133012968831,-0.7511358003922974,1.0799172300036213,-0.7145308477407494,1.115345861964269,-0.6807392794151788,1.140765032782019,-0.8337105242379049,1.0040453777387175,-0.8063485778988042,1.0809927330640774,-0.7486650758829156,1.1168030016325976,-0.6952880388848564,1.1372944934449578,-0.8633427334309199,1.000163628477307,-0.8282978078621266,1.0692869303937258,-0.7717087283306067,1.1014856331296032,-0.7212602184173151,1.120039368586125,-0.8667434087462672,0.9977364035569174,-0.8391849017631993,1.0556329100583057,-0.7926722607752378,1.0853806487490023,-0.7463919187301465,1.102685867184725
-0.015747182559964254,-0.3099843203801251,0.05992508264909608,-0.34875086720672793,0.09965903113126647,-0.3471538938812193,0.13757034218669925,-0.3450978308065234,-0.07430541285548065,-0.3496919348501126,-0.11773894570749605,-0.3482448954600321,-0.15627531906709052,-0.3470638892916629,0.2004972199218014,-0.31755598411924985,-0.20437771029641028,-0.3175261300170628,0.06512446454280493,-0.24978109076349705,-0.09839419769559182,-0.24972105084687646,0.4999847850545469,0.003900604306859219,-0.4999847850545465,-0.003900604306859219,0.6203655995856167,0.49987631302445096,-0.6535270908550801,0.4634795184870055,0.6817293186944219,0.9630397097405204,-0.7657304259616107,0.9296561892504863,0.7484473023917722,1.099344915808107,-0.8337201575006548,1.0660219880884376,0.6191660129994718,1.1063411693702638,-0.7350812526902093,1.072031287146441,0.5763102730577394,1.064226982551755,-0.687816133171613,1.0288626976669855,0.7500622562049785,0.9790735740299344,0.6266951725723288,1.017123843545546,0.5863540135251747,1.0862712516066606,0.5831839469399491,1.1524199809592108,0.5818420493062759,1.2035315307523988,0.7168406724613816,1.122442260674973,0.6928197745167342,1.215303777239988,0.6346935060227265,1.248971685696041,0.5875772348082585,1.2617136376509646,0.776850425155098,1.1241622992439415,0.7494459940539328,1.2212803473563345,0.684718856424302,1.2526727098012422,0.6315324910235625,1.262147517269416,0.8058610099163537,1.1222113889513934,0.7729924380291698,1.2086480815842608,0.7122550383892569,1.2402423462165522,0.6598295090836074,1.253230870941391,0.8112132630413299,1.1199431406096718,0.778087978116113,1.189981527764946,0.7292317909141963,1.2226892398380649,0.6852036191445047,1.2376846236543653,-0.8004720475812374,0.9603269669884587,-0.6786990488272625,0.9936812968007989,-0.6368582179727178,1.0572333826875702,-0.6298857309426662,1.1208124478370587,-0.6141222680994376,1.1703689306185485,-0.7669021034907312,1.1063283431633983,-0.7548912773689883,1.1892767498118344,-0.716971920459278,1.2255979139570725,-0.6790579693579103,1.2491225041974598,-0.8301265521176172,1.108217776119591,-0.8030741271410804,1.191404573302528,-0.7496027624958649,1.230808892208445,-0.697585560294784,1.254178683400455,-0.8600162721751327,1.1057726145797242,-0.8271174026179361,1.1811714716388035,-0.7749593979670039,1.2185224917387456,-0.7252204296911079,1.2402222223402632,-0.8642641060840868,1.1043915859267017,-0.8362672989617609,1.1675717118143725,-0.7943384665760592,1.2019147652628477,-0.7505154640904371,1.2221383763673397
-0.01687827125897389,-0.26510009836581006,0.05917846504861845,-0.29792402743921936,0.09924086839313573,-0.29649740904359856,0.13667982862234773,-0.2947403800878485,-0.07524096157139251,-0.29892148971874094,-0.11818960457388981,-0.2975741698575511,-0.1569578731274727,-0.29657151541208465,0.1997663244752729,-0.271000664551615,-0.20444189202706708,-0.27156755466977955,0.0643484719847178,-0.2132214866927653,-0.10029984298909575,-0.2133136240375328,0.4999897678820075,0.0031987518341196476,-0.4999897678820075,-0.0031987518341196476,0.6215173407790099,0.4258240672049,-0.6523025990599187,0.39607314514672687,0.6810573395034497,0.8216902809379688,-0.7645438566506667,0.793847243856999,0.7477061605749072,0.9384349049695492,-0.8325675860201999,0.9108743217159813,0.6189366083828775,0.943952572517673,-0.7348208390795369,0.9158956181997738,0.5758108415155759,0.908714380682908,-0.6878086480070392,0.8786141674611696,0.7303809342017668,0.8407498724944975,0.6141153219068474,0.8738283121022236,0.5832126091482137,0.9330888621066583,0.5822933237279013,0.9881205345535077,0.5821131849888022,1.0310735297582385,0.7161097754890029,0.9712201288059148,0.6937730743197518,1.046139496075994,0.6337413998457762,1.0713938136198597,0.5833769197972666,1.079105029675173,0.7743973451835828,0.9713415310860081,0.745772621194004,1.0476682585362034,0.6806259612398048,1.071451021848271,0.6248884727193629,1.0766184542026576,0.8026570181439966,0.9674053028816799,0.7690622738798568,1.0344603324025803,0.7091263216647337,1.0587085025893441,0.6554572881498754,1.0684631663545308,0.8058954956153896,0.9630404849793557,0.775777906370961,1.018116715650314,0.7297968023071982,1.0429250733410225,0.6859610325435307,1.0541286346138843,-0.798010845616575,0.8237376935745638,-0.6777865777531527,0.851643980677044,-0.6381908518254791,0.9052488459222382,-0.6284560739679105,0.9587145611201094,-0.613381074396363,1.0004220029161703,-0.7720436076978774,0.9489451704842428,-0.7513644592918157,1.0181235126675507,-0.7111119932469797,1.0483549460831691,-0.6737735288275859,1.0689561389102435,-0.8365244829120307,0.9517513945729289,-0.7983585611185461,1.021766713906553,-0.7408615165879491,1.0545466511739565,-0.6879848925335078,1.0751049850312313,-0.8657614776229272,0.9496577244579157,-0.8223639952098294,1.0126838220116177,-0.7666771314535834,1.0417068968073346,-0.7164877653536819,1.0588206533737536,-0.8675114865311495,0.947723406635902,-0.8320015433713988,0.9996220317485889,-0.7850510316021768,1.0256423353738515,-0.7380277859905991,1.0410555159887942
-0.017547630220245355,-0.27568403498353644,0.058810324827941345,-0.3098453475138597,0.09912563281115017,-0.30835406912415686,0.1362679116065388,-0.3065278354354289,-0.07576304347916364,-0.31090309074393835,-0.11849769200700508,-0.30950046542927084,-0.15743927682323064,-0.30847515625103444,0.19949661049039452,-0.2815683582677592,-0.20447924611050866,-0.2824592135583588,0.063829639962024,-0.2216132271573767,-0.10173641027115256,-0.2217579026855941,0.49999026269297436,0.0031204506422380113,-0.499990262692974,-0.0031204506422380113,0.6223920618716922,0.44230857064761864,-0.651807022238024,0.4126296440818897,0.6807665034343232,0.8526486655244645,-0.7636020355263867,0.8261887694615728,0.7470755278028872,0.974399412759767,-0.8295595897576774,0.9486640737580294,0.618755514168311,0.980598444631865,-0.7334679305796796,0.9538708202137667,0.5756271889391776,0.9457054985199858,-0.6877166432574789,0.9149882891552835,0.7511060034371078,0.8731666432898622,0.6270144343203629,0.903586835367694,0.5862725385651094,0.9640380109012514,0.5818725042661792,1.0252491260979724,0.5796566596552073,1.0744042093699246,0.7211981306981307,1.0027748835814612,0.6942871752340163,1.087385496337247,0.6324337068944305,1.116300944979611,0.5822249793216434,1.1268347387379185,0.781241741375875,1.005993324374265,0.7472853044752412,1.0928002138647965,0.6775992525261004,1.117950167373285,0.6220230056660779,1.1240688021108165,0.8075557754345847,1.0049275217737286,0.767072394883945,1.080748113340251,0.7021418670437714,1.105476817314813,0.6483995958821723,1.1144113174622825,0.8077771086661342,1.0028120353135714,0.7700065047718748,1.0642468471829982,0.7169835038054247,1.09006219017928,0.6714403601635177,1.1008080829796343,-0.7956287782709122,0.8553499306178933,-0.6760813235987201,0.8851412952300086,-0.6374506353478095,0.942955484063788,-0.6277870907944039,0.9998078558329375,-0.6122744199107655,1.0434870883038676,-0.7652521111958726,0.986111250594986,-0.7565203770349945,1.0614290160729485,-0.7163259104642432,1.0940822434776143,-0.6775924693283115,1.114019946570053,-0.8294647506034099,0.9863343575576583,-0.8088766147817712,1.060123398058791,-0.7492044469903447,1.0905392655963773,-0.6945940521265672,1.1048454344389513,-0.8592238954501309,0.98262075690673,-0.8328452953976546,1.0485002132986074,-0.7775691422323947,1.0774443611626017,-0.7276022230992971,1.0918338756899097,-0.8637898668653362,0.9803108627055307,-0.8421558624365009,1.035949021515714,-0.798227119868302,1.0645532998304044,-0.7530135893930157,1.0795519848223123
-0.01806264645483132,-0.29817058316202294,0.05876918008354255,-0.3352386415959219,0.0992819915275127,-0.33359866302622576,0.13620453539980068,-0.3316028350198253,-0.0759054274525882,-0.3364343682167687,-0.11858636954783146,-0.33494101625044936,-0.15762076162083236,-0.3338772002538769,0.19952656371617106,-0.304209679745613,-0.20434750737198054,-0.30576914698036406,0.06319589532449015,-0.23939794847728382,-0.10303708627583544,-0.23968832247073482,0.499990928554465,0.0030118703896545584,-0.4999909285544646,-0.0030118703896545584,0.6245432378616934,0.4797230036380281,-0.6510449855083564,0.4482645058179724,0.6807998085452204,0.9234750357480052,-0.7611229058449155,0.8974921618044535,0.7468261583588276,1.0571805829226741,-0.8237287148518119,1.0312951756812945,0.6179252759629926,1.063786351339242,-0.7306680698292076,1.036704257739248,0.5749935754496276,1.0265826499675283,-0.6870399996206284,0.9945425510603328,0.7574655516022532,0.9429858647372685,0.6338881347422308,0.9758165742898719,0.5897109337492783,1.0465379441807006,0.5845945072280266,1.1122622794284471,0.5826143197598744,1.1628605076343106,0.7208801999114476,1.0910437570381097,0.6913897033834657,1.1802172585230564,0.6324531835138822,1.2104946390638383,0.587715670624726,1.2209109929677278,0.7820338463156049,1.092189470657514,0.7506302489904513,1.1837802316663484,0.6851918497764474,1.2111734935780905,0.6343064842073335,1.2181260472413356,0.8124258670963121,1.0885236989355636,0.7748749196130809,1.168327387233377,0.7130446274974994,1.1948532594783068,0.6628185706349493,1.2051152022391491,0.8166576038478184,1.0840692360437405,0.7795393277032695,1.1489010151676586,0.729189650458239,1.1774186631928591,0.686126791734193,1.1901121549065732,-0.7935152149689754,0.9300942404933187,-0.6750687977647246,0.9628744038568307,-0.6352919296140193,1.0245130287905557,-0.6256066997902494,1.0854890081145472,-0.6071258295007854,1.1328960016057528,-0.76833987382458,1.0716681444365423,-0.7501283552627976,1.1504086565629617,-0.7049832971289592,1.1815653701738853,-0.6659368445308383,1.1981263918157963,-0.8308821138136558,1.0737951366045089,-0.7966503233478447,1.1523168285199252,-0.7322031485421471,1.1797606366207585,-0.677214440561868,1.190045399812963,-0.8585352647178766,1.0719298329344962,-0.8205589324632222,1.1441584176705089,-0.7608296843279337,1.171128115314169,-0.7091041021754545,1.182648380925809,-0.859581640902513,1.0710334378595976,-0.8289574550132441,1.1320725466011885,-0.7818660040076835,1.1602009676428795,-0.7357105000036287,1.1741547016829261
-0.019176728955920624,-0.2899402258730483,0.05837374903855755,-0.3257623703427204,0.09903570521244262,-0.32413811435627765,0.13571835769373447,-0.32218668280443186,-0.0763966054537111,-0.3270573754350864,-0.11889406252958667,-0.3256153333061913,-0.15810539304190677,-0.32462415633164965,0.19916678594607015,-0.29545229883029855,-0.20432531925658845,-0.29748746989412667,0.062079899266321514,-0.2326356279372495,-0.10488641141131896,-0.23320094746795544,0.4999941111806753,0.002426681818114736,-0.4999941111806755,-0.002426681818114736,0.624326639110196,0.4672035944025471,-0.650429113912418,0.4371200450148557,0.6800426651904072,0.8974213037816653,-0.7585923626610067,0.8745505591992914,0.7478269025765653,1.0267294300502194,-0.8205841398077006,1.0051624069406409,0.6188743654009187,1.0325121258665153,-0.7291162668260264,1.0101737030889362,0.5748537262743831,0.9981536069439445,-0.6863392542509898,0.9694291903046354,0.7556240782725191,0.9119994500498146,0.6368176357422204,0.9442513028357497,0.5909097773186993,1.0113576780972613,0.5841758414421862,1.0777273116796222,0.5828158485019479,1.1300172929412478,0.7180243029906566,1.0501870775815054,0.7012236074824775,1.1431831780469692,0.6391291467263025,1.1744467593185057,0.5894076843223088,1.185530882231675,0.7806314286137256,1.0519143736365955,0.7586420725746427,1.1445775913828036,0.6897697404122259,1.1754624251713965,0.6328948205878502,1.1852486375320568,0.8123581533415922,1.0493808123917872,0.7818932570275408,1.1301183614476553,0.7174142267778488,1.1606142786428035,0.6619276696929078,1.1737828616758006,0.8180906102004555,1.0469784119191543,0.7886229248811659,1.1124475603900126,0.737881907127291,1.1441944857096453,0.6924804370664169,1.1588568903219454,-0.7941670866126195,0.9000349727132771,-0.6733387310041947,0.9337461966225323,-0.631015007565876,0.9953687233967554,-0.6206980664749249,1.0546504869599536,-0.6070077554113852,1.1002475332490143,-0.7611039686004831,1.0352362022835662,-0.7497114857417673,1.1112635853816877,-0.7125826993385993,1.145792903854101,-0.6738776316588415,1.167602740418498,-0.8235446413309219,1.0369790633037088,-0.8004110785676123,1.112891888259044,-0.7435640264220932,1.1480618606930173,-0.688392549850351,1.1673416640713512,-0.8544152508794989,1.0354169634110422,-0.8257547240063728,1.1048099358051962,-0.7720759256746504,1.1388405527973282,-0.7200011507682894,1.1575811857862444,-0.859771745133967,1.0346816744619631,-0.8367338362953817,1.093972361938458,-0.7954722229057389,1.1258795026316977,-0.7508101250451609,1.144044231913672
-0.020109671842694358,-0.27899771586298755,0.058086145410349406,-0.31336220328526126,0.0988796317260106,-0.31176183340571373,0.13542601838373464,-0.3098743251324364,-0.07686723414291367,-0.31476695576762054,-0.11923057897910995,-0.3134146008023652,-0.15863789226608893,-0.3125283342273492,0.19898571542118917,-0.2840852652617985,-0.2043045647180655,-0.28660563573689757,0.061450701523414156,-0.2237425878833402,-0.10614650079509184,-0.22444461480773914,0.49999529646581564,0.0021687581841326677,-0.4999952964658155,-0.0021687581841326677,0.6242361983589703,0.4491894424372855,-0.6502419988346169,0.42251661111149375,0.6792346960445875,0.861348112367663,-0.7558393251776323,0.8416636127516258,0.7480718378623125,0.9863851557736617,-0.8165703409214917,0.9674204483354416,0.618344962987071,0.9913604247786784,-0.726361693250441,0.9725725714362836,0.5741753774809881,0.9589005122495388,-0.6849718564274185,0.9337393243409984,0.7638233706616258,0.8789572710872042,0.6340325069879931,0.9136693786086649,0.5876712424028895,0.9783159381396476,0.5819217861333087,1.0404408297332028,0.5795574627668635,1.0895372034548447,0.7199609313878215,1.0151299346329368,0.700200688571637,1.1019100038269998,0.6419894513338441,1.132698186048536,0.5933165600397942,1.142927379044768,0.786804382996843,1.0160166004271307,0.7547512646685148,1.104536866017813,0.6885351542201932,1.132144069829562,0.6328089407881642,1.1383774780738414,0.8215884428659289,1.0123876980997004,0.781003986625013,1.0894346041261154,0.7184796534391775,1.1173190656569403,0.6634977175602026,1.128401190426831,0.8296487730350637,1.007902071416421,0.7926667606753497,1.070313003550967,0.7414064634981099,1.0993927273005297,0.6956281243195287,1.1125911129326544,-0.7893029573716777,0.8665439499684888,-0.6697582059392893,0.8984818834224783,-0.62956521058265,0.9570629063735033,-0.6206204548451609,1.0129474033871655,-0.6058315143228253,1.0567136022546062,-0.7616439874693548,0.9972157724614531,-0.7498123331785578,1.0675270525177465,-0.7140743383405116,1.097002003253465,-0.6800477301888542,1.113745055966476,-0.826706919396078,0.9992098722552392,-0.8040253997309792,1.0710220168109796,-0.749669048457454,1.0986314163282074,-0.7010381890211711,1.110095793460971,-0.8588748411568143,0.9973299491463427,-0.8306315656974158,1.0625829226086088,-0.7779094381475132,1.089911471434159,-0.7309784223202624,1.1023461507788939,-0.8647166420452503,0.995505517503179,-0.8416560828508564,1.0503726044418733,-0.7996187044817599,1.0779346964865157,-0.7564409453507434,1.092053681542959
-0.01946920262643845,-0.2640581949671893,0.058898311110839756,-0.2965967350118159,0.09987679748782607,-0.2950529911495598,0.1360428298308979,-0.293242120772757,-0.07620287527449186,-0.297962488955401,-0.11854358994758145,-0.29669606943857557,-0.1579666775334367,-0.2958846809127717,0.19962527457538357,-0.26854023606509814,-0.20354814084907993,-0.27139175731387627,0.062075087706338745,-0.2116783585722038,-0.10578931986030622,-0.21243894679230735,0.49999661386621747,0.0018401419284144263,-0.4999966138662173,-0.0018401419284144263,0.6257029406823444,0.4246847013439776,-0.6497185488881816,0.40073603975633937,0.680150177107435,0.8147443675595759,-0.7538912574888026,0.7960404126258709,0.7503433175850008,0.9331007704975336,-0.8148813291029409,0.9151701510725372,0.6188762452139153,0.9378099021813331,-0.7246471260724233,0.9199820164600577,0.5747069334781553,0.9071973358083951,-0.6835094621901189,0.8833704816452055,0.7948355000053069,0.8282708459836945,0.6499553708976699,0.8592639425275842,0.5930222559852699,0.9233522107185228,0.5842237162429231,0.9834416072618652,0.5801468153147501,1.0290285551957397,0.7193226447912998,0.9567023281376733,0.6970465745238015,1.0403600449464223,0.6413868796539469,1.0699488624078315,0.5971816933976817,1.080979704996154,0.7913995739015434,0.9591231798803195,0.757125358055878,1.0432173260811626,0.6916322815060286,1.0695207423594206,0.638895231138864,1.077028234377297,0.8331148677381348,0.9568926876475092,0.7902026694446908,1.0301134910925727,0.7269089769596553,1.056951160399924,0.6731278024362505,1.0685987829080128,0.849550164674163,0.9536120076823599,0.8088273156146222,1.0136260535863924,0.7560852478320023,1.0417813204137094,0.7105093036733597,1.0548983748127048,-0.7911836996015809,0.8194113859787986,-0.6745843581429131,0.849145994652106,-0.6323483820174518,0.9040454506703371,-0.6214287298913931,0.957601059196512,-0.6060351738392638,0.9997349082838082,-0.7636419772491718,0.9432238172884538,-0.7520468555674484,1.012896153283301,-0.7160285861095339,1.0448000672041142,-0.6782004094615202,1.0662143789683411,-0.8246256516586047,0.9437325757403369,-0.8031546257009033,1.0133984908787015,-0.745124703769983,1.0452786098607854,-0.6883317001841709,1.0629863877960928,-0.8540859082457194,0.9411243860673759,-0.8271491607618287,1.0047195702501976,-0.7725085029709376,1.035326093464093,-0.7194599965393873,1.0519430811922452,-0.8596425704270353,0.9397833713061207,-0.8368668910155794,0.9939754000189495,-0.7944304691426806,1.023083597487767,-0.7487234450052694,1.0395015386649595
-0.019215262951174372,-0.2852491452966387,0.05969141442719007,-0.32057160270059737,0.10066837677369864,-0.31882265372494833,0.13628764085420017,-0.3167590287510527,-0.07549968384752526,-0.3221989096399232,-0.11798233896641316,-0.3209087482605493,-0.15754062975840025,-0.32006552689036954,0.199852502602473,-0.2895294946671407,-0.2030517235713673,-0.2936045539511526,0.06221753756113,-0.22872869911108953,-0.10559573380096489,-0.22964831699106758,0.4999962064407269,0.0019477024623701835,-0.4999962064407271,-0.0019477024623701835,0.6294880418998045,0.4580138262775012,-0.6497330141320229,0.4334878911386023,0.6797519487411076,0.880978200325764,-0.7533416798647089,0.8606281310954371,0.7509922323733642,1.008945418268998,-0.8142135233191453,0.9898232084514984,0.618984305044653,1.0141691828280115,-0.7239282574473145,0.9949979485122454,0.574794077959221,0.9811799851384129,-0.6828904805609486,0.9554361997550829,0.7544337083752559,0.9064950431358698,0.6290017763625553,0.9431351360651057,0.5913536890761001,1.0093106507810818,0.5863375553597231,1.069677988064962,0.579801685100938,1.1163787251134067,0.7198933067708996,1.0493951232510084,0.6973525543113752,1.1303864541492783,0.6421412279141933,1.1608894969705488,0.5932004448348944,1.1737529125093886,0.7740360527378507,1.0529808567617003,0.7429960608131857,1.1356212492204016,0.6803819121395449,1.1644276358641739,0.6236149874300598,1.174623097353615,0.7970297167808054,1.0523030930731692,0.7647052214617159,1.1274129140606866,0.7046375092322352,1.1554914911739476,0.6487909530228553,1.1684723612398835,0.7941344431203928,1.0514625271966453,0.7681918381529864,1.1132630139798427,0.721549217726266,1.1422281174367521,0.6758089095238995,1.1561792640308746,-0.7950119279655884,0.8861784739793581,-0.6741456005111071,0.9169883284522784,-0.6298094185300183,0.9756792321641952,-0.6212657907203225,1.0346726578841632,-0.6071851557951436,1.081528639177118,-0.755099658934392,1.0190979833224563,-0.75129730819908,1.0946929425740668,-0.7139990612553078,1.1290207133350774,-0.6768356094256517,1.149907396552677,-0.8188990014858253,1.0204065288886799,-0.808546987503307,1.0967339958518858,-0.7507784410528353,1.1308818058505103,-0.69395320961957,1.1474966168504335,-0.8510206144843192,1.0182108441725795,-0.8317837843148863,1.0863979974674147,-0.778329433860957,1.1197603941500651,-0.7264542551904506,1.1383494625489192,-0.8597959644994911,1.0168030239973667,-0.8413544881987458,1.0741917144740856,-0.8023628384492623,1.1057730919884712,-0.7594998730223608,1.1243431633942471
-0.018612104774816295,-0.3225015219227971,0.06086887271560992,-0.3625363259303744,0.10156307301963179,-0.36053087557170416,0.13656709521147556,-0.3581673544844788,-0.07442504012900937,-0.36445162291000227,-0.11718386048739277,-0.3630147167455744,-0.1568185484235057,-0.36206625696554745,0.200376766601359,-0.32714915977493747,-0.20251772870873191,-0.3321566020744608,0.062321252068969164,-0.2586177973021338,-0.10549412464590455,-0.2596246256160279,0.4999958830246328,0.0020290289347274348,-0.4999958830246324,-0.0020290289347274348,0.6299769405478227,0.5183103846962089,-0.649979310575395,0.49087139471590174,0.6793157188086607,0.9975084193824516,-0.7519620141737744,0.9740359469174947,0.7499954228311627,1.1423749595154657,-0.8133597029002718,1.1203331518271569,0.6176215621751465,1.148399979185615,-0.7226625860811305,1.1261401852500321,0.5743174414381069,1.1109056511669475,-0.681585672660778,1.081515649599161,0.7736900405260799,1.0208225455278084,0.6404818076125154,1.0572999896633812,0.5907772393505457,1.1359282994264108,0.5836442089720837,1.2077581197596106,0.5814123634682674,1.2631971311328805,0.7254589114941632,1.187512675939347,0.69749239809721,1.2803935414414318,0.6415591205904863,1.3147932969338452,0.5965243292723588,1.3274418160134784,0.7864676192838859,1.188532102610056,0.7507172250335312,1.2807379735818754,0.6888969598526775,1.3129883800529165,0.6358817288320143,1.3238962454295025,0.8171145034156511,1.1850433980036297,0.7747924247858285,1.2676509392200799,0.7164846461819752,1.2995571447131877,0.6659013294937115,1.3146559864026883,0.8217579555136263,1.1809358713569567,0.7824381628766365,1.2511309104168562,0.7346189550043211,1.2840234863416908,0.6912403725604023,1.299854419701517,-0.7967067307617385,1.009683748803368,-0.6760053067627843,1.0412316524054104,-0.630374821789628,1.1065759773478139,-0.6206047939938282,1.1725381996804227,-0.6059956327457812,1.2242511025491216,-0.7623708582292599,1.1574733388799456,-0.7535700861869709,1.2468585649002932,-0.7104665357041495,1.2842040242622859,-0.6700066265283364,1.3043761895667638,-0.8251523563534559,1.1597784914333038,-0.8019935119501197,1.2478125725805689,-0.7411337275741543,1.2854338088174269,-0.6843535421689929,1.3041699926075183,-0.8546868277127619,1.1586122765685132,-0.8213317437234117,1.236855469589275,-0.7635505873932912,1.2719623512008946,-0.7099999591502737,1.290775743269448,-0.8595033970114097,1.1583989135714465,-0.828305696818997,1.224819068837088,-0.7829076226279161,1.258714890056906,-0.7364553010380996,1.2776577331312637
-0.018458498537997622,-0.2718164729408409,0.06152268929263446,-0.3055434078240169,0.10206003181193615,-0.30385000442067417,0.13664216297240014,-0.30185086115289494,-0.0738867516954873,-0.3071678517421666,-0.11674793242526589,-0.3059633983609555,-0.1563995497250005,-0.3051684162731789,0.20034470373565805,-0.27563349732676057,-0.20206602824272873,-0.28005966383188563,0.062239991380466896,-0.2179991465706123,-0.1055736090199472,-0.21884380286382457,0.4999975256129509,0.00157301650546333,-0.4999975256129511,-0.00157301650546333,0.6354147361205422,0.43673931540584165,-0.650185845781098,0.41385431156121916,0.6802075196423987,0.8409749475874616,-0.7513221819799287,0.8218458980761938,0.7503319441920087,0.9633254375876361,-0.8122913556677487,0.9452227935212334,0.6180140200639209,0.969162643728343,-0.7217629198419162,0.9501543707165658,0.5752673770889081,0.9372355708887866,-0.6811328443482964,0.9128983270381915,0.7543169557910794,0.8659684753522248,0.6265374335520464,0.9017878630890768,0.5873336914553018,0.9653835080991184,0.5837256268653505,1.022211383519958,0.5807002762356411,1.0662147427029431,0.7184904483671318,1.0014251635551945,0.6928267230394561,1.0807916869882461,0.6351332790120041,1.109794410133683,0.5857176314055653,1.1199012603321912,0.7759766216655,1.004192114198365,0.7422995142084476,1.085702030895765,0.677152845342432,1.111245870936433,0.6212175683821171,1.1181303262082076,0.8022583997355225,1.0029436358350814,0.7666120950373441,1.0766673643314448,0.7040870124182641,1.1021171155829939,0.6492294429973208,1.1124362986596388,0.8029185582608023,1.0007753080676123,0.7721251956753794,1.061229400485257,0.7226874926588326,1.0891823420891529,0.6771929460880828,1.1020341304397954,-0.7924391055887178,0.8528281870084441,-0.6722584240208942,0.8801910769720864,-0.6306970087095295,0.9349749075394489,-0.6223053011079015,0.991095656035851,-0.6062711432741689,1.0359126981839535,-0.7688658822577622,0.9835948510150627,-0.7448965387486723,1.055246678142744,-0.7059998179858183,1.089007410965697,-0.6692493643191054,1.1129571960138938,-0.8319864609497597,0.985289033621628,-0.7942683261645554,1.056488728079442,-0.7351226085703855,1.0908404865466765,-0.6794783126457011,1.1123042237134215,-0.8601860571805423,0.9824796164028302,-0.8180737578757966,1.0467364153471805,-0.7618581516404151,1.0771678076011086,-0.709327052041382,1.0951987649710395,-0.8629739362070997,0.9807651745124795,-0.8281970658005681,1.0343922778960102,-0.7815580188859721,1.0620479534705147,-0.7345954090799047,1.0787848490886445
-0.018573287618963635,-0.2939677676067862,0.06179930438062081,-0.33045057883893286,0.10225066463212797,-0.3286176088100467,0.1364895501674086,-0.326442200765768,-0.07373045264092869,-0.33221689349766415,-0.11668313755133805,-0.3309293813161745,-0.15632677838174103,-0.33007297037546496,0.2001508181763313,-0.29800362917380635,-0.20178304275092568,-0.30294402412096844,0.061992966636363264,-0.23582290878100837,-0.1057754178999664,-0.2367366033257688,0.4999976127288983,0.0015450777982332518,-0.4999976127288983,-0.0015450777982332518,0.639008029154107,0.47179881954121883,-0.6502002293894313,0.44727469775989726,0.6804765546815698,0.9132942966372821,-0.749746011040806,0.8889651918315162,0.7498384578355911,1.0472341035840511,-0.8104977103471883,1.0226522769957078,0.6175310603656046,1.0549044202867641,-0.7204876026245809,1.028335147479934,0.5749541754339964,1.018142877988583,-0.6803763413538894,0.9878583843763782,0.7591898645080865,0.9382370941717405,0.6338573146446542,0.9723766479756799,0.5909562395980006,1.0410508439703214,0.5815747689272011,1.1054729959730965,0.5736055545767378,1.1539627243962434,0.72916369673517,1.0804813388940064,0.6959632718079775,1.1707116499350823,0.6333737853385965,1.2019537485017706,0.582421070479462,1.2135246153170818,0.7847828451977417,1.0836538396712962,0.7442941554816739,1.17418299422027,0.6753646728365933,1.2046125922559714,0.6171146739890925,1.2152675532109247,0.8078504500298511,1.0825959884097238,0.7624287592587163,1.1629874192520862,0.6961165981993285,1.1931906206908953,0.638691605571956,1.206403126085533,0.8041235163734177,1.0813052119052091,0.7631673314837208,1.1463817027233745,0.7108366833689812,1.176503190785817,0.6625559063591248,1.1908535760065098,-0.7984101040290397,0.9183325159744503,-0.676337368448391,0.9489044806143372,-0.6322153192706111,1.009980175012815,-0.6210472955005898,1.0717607525831985,-0.6070314594912111,1.1204421283581334,-0.7633772784052112,1.062130578456597,-0.750877920576956,1.1409106973335423,-0.7153941349785657,1.1792883954313065,-0.6787548897120208,1.2055979966065382,-0.8260306508709884,1.0633356401565208,-0.7993417121764884,1.1399326640349674,-0.745498093347094,1.1794726717311026,-0.6911788370111965,1.2042573075499645,-0.8548295811797989,1.0603486792879402,-0.8198106601551861,1.129828636566033,-0.7691585852790926,1.1658574962962247,-0.7185070114696377,1.187946643702412,-0.8593266542594563,1.0589726091818057,-0.8281314980191482,1.118390027483604,-0.7860029424622504,1.1507110374604126,-0.7416696936963841,1.1707369221133401
-0.01901803757534091,-0.2950214518867928,0.061537609057027244,-0.3316600396473661,0.1019582109032223,-0.32982367306012766,0.1359815831389648,-0.3276395145729244,-0.07404413157574366,-0.33341970607683585,-0.117041510155669,-0.3321436943612297,-0.15664777340350175,-0.331286681028145,0.19967733977484226,-0.2990900466193402,-0.20167536248472792,-0.3040897136527352,0.061472231519601024,-0.23673007151580203,-0.10622866663813013,-0.23763610533539453,0.49999719882328497,0.0016736692828806293,-0.4999971988232848,-0.0016736692828806293,0.6384372654314221,0.4745954321437007,-0.6504177617869392,0.44806436159255525,0.6816503147382593,0.923323260665715,-0.7495036819726054,0.8926053757173621,0.7487256642283687,1.0595015382987898,-0.8106284231136831,1.0269491884200026,0.6169047601738251,1.0683243806893925,-0.7201187332973615,1.0325449192139085,0.5747765772064247,1.0290234734029644,-0.6803491514502876,0.9925076481538609,0.7746955759055271,0.9372522628707468,0.6514393797424675,0.9691656560633287,0.6011640534617035,1.03985298631238,0.5828560885845196,1.1041860359978573,0.5665758293221447,1.1539118258848111,0.7270055429725641,1.0859745026698076,0.6896163547582924,1.1735601665760205,0.6152545409532735,1.205460248170973,0.5485965055526356,1.2199665088636744,0.7746625114038401,1.0904000806435399,0.7189658592896827,1.175703967679935,0.6336486739257627,1.2066796327728546,0.5562206285665894,1.220647935885173,0.7930000339416231,1.0896958337403913,0.7371641101385425,1.1655085516671138,0.6606175343357018,1.1943634468329698,0.589202969976495,1.2084147889590706,0.7894195491907787,1.08739440641693,0.7453961691039651,1.151607651723744,0.683235657398683,1.1805343872577576,0.6236243686757247,1.1940055127633826,-0.7983328120375446,0.9221165537758613,-0.6783758018723423,0.9509196816176033,-0.634685696933213,1.0116304976815147,-0.6224494516669212,1.073458008879882,-0.608167340358757,1.1219082096416306,-0.7667300368627918,1.061228242676987,-0.757065308068598,1.1429162349478301,-0.7120189323386861,1.177317417830683,-0.6676101754651665,1.1959589368916783,-0.8247670044258886,1.0644553542736839,-0.796255760158854,1.145028764362076,-0.7366368315320971,1.18239526408825,-0.6786281691863535,1.2029528080270588,-0.8519787135811714,1.0636930011904073,-0.8149325695719005,1.135815659736215,-0.7586173357386856,1.1690285184116547,-0.7036240557513206,1.1871834246259798,-0.856392323579064,1.0637183566144632,-0.8239851041075898,1.1243869136382816,-0.7795351418512866,1.1541905242542239,-0.7327413573049558,1.1714224930329193
-0.019052605339496105,-0.28271033198489487,0.06161613393799688,-0.3178142345243568,0.10195025296865352,-0.31606868741298105,0.13576906287781546,-0.3139753665249084,-0.07419615883532792,-0.31948773772272465,-0.1172914778006191,-0.31826885994731263,-0.1568396898613162,-0.31744683080507063,0.19951524027600706,-0.28659655469120804,-0.2017431461953123,-0.29140659892246823,0.06130462808223822,-0.22693913545710057,-0.10645368034434659,-0.22774993303425287,0.4999968461596792,0.001775902692699318,-0.49999684615967943,-0.001775902692699318,0.6381613464649047,0.454712948215328,-0.6505961439741325,0.4266291785980235,0.6816057624994416,0.8888273072413859,-0.7500161323630042,0.8551002326854895,0.7399663720454553,1.0221848400004216,-0.8088669313328831,0.9843753444975909,0.6132691967183576,1.0304706994785005,-0.7196679938910139,0.9902139370093643,0.5740222155817332,0.9901491784358741,-0.6808447910344283,0.9519701543230645,0.7082143270537863,0.892153064731195,0.6318234678710665,0.9293586865362292,0.6047695727409508,0.9931357628970281,0.5936999628015108,1.0490292924175564,0.5668239994152316,1.0948692557742636,0.7111166193430403,1.0368817982540364,0.6651037209950103,1.1191535184625692,0.582816053456695,1.1496157490618457,0.5077015412758897,1.1632059428204033,0.7238084154484712,1.0386727775521263,0.6618493243394317,1.1165927216221139,0.5652875212159901,1.148011962515251,0.47484331217535547,1.1624986577755645,0.7139560090017274,1.0377386351295292,0.6508158019649389,1.1077976978599677,0.567963765008145,1.1373634269574884,0.4882656308628756,1.1505897584812477,0.6931560387553297,1.0361423362929945,0.6501379070817309,1.096092383331061,0.5863040168520703,1.1247743602709817,0.5232695664292244,1.138057355546545,-0.7984238416182198,0.8793112372375342,-0.6757635867074464,0.9101158787941405,-0.6331158537907354,0.9686574268587939,-0.6234165688869265,1.0276320478836634,-0.609454440373739,1.0739690332919085,-0.7646518954218714,1.0143725275909903,-0.759138141531704,1.0915167853728898,-0.7179058431068078,1.1248743313188072,-0.676213177620746,1.1435041586887023,-0.8263943358371834,1.0157251722947682,-0.8050935253230996,1.0924636771396428,-0.7488762414660458,1.126703761019907,-0.6958366681890583,1.1451633947638482,-0.8554824168331032,1.0133523776879767,-0.827129619972981,1.082719333164238,-0.773794203845854,1.1157585502473424,-0.723058971955594,1.13439424636296,-0.8606720091589712,1.0119669489563694,-0.8390591915729488,1.0713040156222422,-0.7980970486689763,1.102147917064027,-0.7535867964280499,1.1200896845905879
-0.01880887662958585,-0.2895011093635987,0.062375303358812736,-0.32527847219545375,0.1020898043748683,-0.323487990124336,0.13548075656053796,-0.3213365653479474,-0.07355244887185958,-0.32698769059464194,-0.11701895892188004,-0.32575501969289844,-0.15647703216974612,-0.32491887013451676,0.1991677480538971,-0.2933767058798224,-0.20159229263554598,-0.29837576234782337,0.06070752119461319,-0.23266933977437296,-0.10655675606330602,-0.23347558265146076,0.49999207778835814,0.002814631215701918,-0.49999207778835814,-0.002814631215701918,0.6368073104979981,0.4656729124938267,-0.6493056600198014,0.4317944176711579,0.6732190519099049,0.928441061222121,-0.7516939623435777,0.8699534927540871,0.681706210034388,1.0756471091278779,-0.809114875878425,1.002119780016619,0.5782914453846276,1.084566931513505,-0.7218658285875107,1.0080299589992108,0.556840411155271,1.030194728644482,-0.685701875531681,0.9690467030591403,0.6785354205804697,0.8861336260929933,0.6283522058445387,0.926833113033383,0.6030387283568313,0.9910920522322102,0.5846535585473394,1.044043378360313,0.5635668821331343,1.0876889827876104,0.6655662857030066,1.0408740951550606,0.6069883169895276,1.1126053733648917,0.5536330607109663,1.150141145930339,0.5101678027496581,1.1765613269442659,0.6617521730689335,1.0416931257165638,0.5942410522318066,1.1115404892578555,0.5290730902100576,1.14784431280697,0.47153811139355933,1.1750579490135693,0.6445978064632015,1.0359306238636714,0.5813102312689261,1.0987191856077125,0.5216214094502839,1.1335330376694688,0.4698209969341121,1.1599218682312806,0.617580737074135,1.0265939642167001,0.5802316820525285,1.0752226405064793,0.5440330461393805,1.103276963836898,0.510285499088573,1.1232645270839754,-0.790504330100798,0.8908316563447984,-0.6716907524282067,0.9268877700716097,-0.6325570953655838,0.9870307249125029,-0.6252714415690032,1.0457509467357056,-0.6121117387895947,1.0911024695146,-0.758298730298648,1.0275305589736343,-0.7536601172478139,1.1030286352556717,-0.7186557235480397,1.1360140546990132,-0.682585051101244,1.1555604428337625,-0.8243330125001342,1.0278997517978827,-0.8075363676393811,1.1031750748675244,-0.7546592840398796,1.1364131542045555,-0.7052155528971741,1.1533271356265211,-0.8591717548633292,1.0248350388506717,-0.8368749347091102,1.093083529334101,-0.7873604605541844,1.1260151167511134,-0.7402876845962603,1.1431673203585577,-0.8684648824916377,1.022829641180187,-0.85258927408733,1.0809886486599372,-0.8144268622384981,1.1127600630957222,-0.7726807220785759,1.1306186831406249
-0.01929004283031286,-0.2541042503518238,0.062039323942031016,-0.2854282352883021,0.10187510234530082,-0.2838304055529069,0.13514225646043188,-0.28191026371349265,-0.07397022084882673,-0.2869467516752307,-0.11738635783514177,-0.2858923719448184,-0.15689853894640052,-0.2851913792522208,0.1990837789578028,-0.2573441735364509,-0.2019799997675296,-0.2621321523619343,0.06017488257846428,-0.20431994805858283,-0.10707933325245747,-0.20507378620545488,0.499991190258191,0.002968107848025756,-0.499991190258191,-0.002968107848025756,0.6414247466247343,0.4127089960962971,-0.6472120537670313,0.37754770850661595,0.6096478431964951,0.8282813124731697,-0.7523173057839576,0.7661511377179927,0.5838316920535227,0.9541801420683608,-0.8077844363500706,0.8822763586298196,0.48191257095894074,0.9574412034346976,-0.7223423533753558,0.8860521437542004,0.4706941140653996,0.9076508487560954,-0.6864497281971417,0.8531193986550325,,,,,,,,,,,,,,,,,,,,,,,,,,,,,,,,,,,,,,,,,,,-0.789526486043793,0.7817384690444237,-0.6746597163342748,0.8098135877193977,-0.6356648651043225,0.8624463954991954,-0.6249428244900115,0.9137250949720295,-0.6075256761259011,0.9533714711167972,-0.7602623456434936,0.9006678413948607,-0.7492075658632099,0.9693981875536398,-0.7101807806899672,1.0004335550090808,-0.6707586407756726,1.020290618372666,-0.8228269516448663,0.9014457987490683,-0.802165064180137,0.9693866247875763,-0.7440937518464682,0.9992411447587859,-0.6883647629453727,1.0152844826718448,-0.8548615807801329,0.8988161728107285,-0.8296738395486581,0.9598755270274967,-0.7745563543537891,0.9890079161243989,-0.7217834467521963,1.005218191472499,-0.8627133234328003,0.8966340620526888,-0.8432110764185432,0.9483577473507465,-0.8010431183058628,0.9757587928978644,-0.7554520919347371,0.9912059256857758
-0.020405029235351667,-0.30432233017582355,0.06100453774645036,-0.3419131301003182,0.10097927301043391,-0.33997630164618414,0.13408387811982886,-0.33765228074169323,-0.07473191999990354,-0.34377048448885894,-0.1179784315957879,-0.34252607653808953,-0.15745629896222607,-0.34169224850112134,0.1980290511245389,-0.3081842933523695,-0.2023862099976057,-0.314226487843341,0.05871799519226972,-0.24468159151032698,-0.10795355287781971,-0.24564892298445676,0.4999884504949848,0.003398436644113723,-0.4999884504949848,-0.003398436644113723,0.6594087779847887,0.4921881937092056,-0.6448769548524206,0.45092621167570657,0.5836753078355924,0.9407774997204681,-0.7508125914160889,0.9181986361696246,0.5473374355318016,1.0958168928037968,-0.8038211693694381,1.0570333322436392,0.4548377370672888,1.098202414075123,-0.7201243096554524,1.061372356364333,0.43718329799601724,1.0405254644118977,-0.6849568400665392,1.022622144594642,,,,,,,,,,,,,,,,,,,,,,,,,,,,,,,,,,,,,,,,,,,-0.7892549630785836,0.9339243232795041,-0.6720479020147301,0.9694280086421759,-0.6338872221924898,1.0338808261866461,-0.624753679972157,1.096545585530559,-0.6104432843804413,1.1447902412563158,-0.762999858228685,1.0742237675270163,-0.7523890904901083,1.160322332141017,-0.7026421614656146,1.1943755616689626,-0.6553653185467857,1.2122364375710786,-0.8230142235255601,1.0761712069599354,-0.7994081222351227,1.1625287660765236,-0.7378887748338803,1.2043191315433956,-0.6767203857085339,1.227966455692707,-0.8505067469919679,1.0739156160410779,-0.8176850840194991,1.1505431241624569,-0.7584959145262984,1.1875158887103752,-0.7006089290172287,1.2073543045770654,-0.8535332151167763,1.072513017886178,-0.82534852741262,1.1362458047273838,-0.779994515746019,1.169035028476396,-0.7318509671739976,1.1877922072599587
-0.020466067364057348,-0.3403077489150831,0.061006589582609384,-0.3826010635273985,0.10104209170980392,-0.380458772335609,0.13410484057762576,-0.37787255894913,-0.07478942436606013,-0.38467972950700896,-0.11801884409999362,-0.38331754401197504,-0.1574744296181976,-0.382395887366981,0.19852984976599133,-0.34488924895549783,-0.20224504213402456,-0.35170829621965016,0.05865641438153397,-0.27381104001720674,-0.10800071590992315,-0.274851100152294,0.4999864577030444,0.0036799610815573254,-0.4999864577030444,-0.0036799610815573254,0.6612455371442771,0.5350178649062987,-0.6442325243365339,0.5038638100605349,0.5788591176752933,0.9558614378706115,-0.7508775382557329,1.0217129265215519,0.5501568715720124,1.1048156946072862,-0.801902322583785,1.180484614092898,0.46412765553417773,1.0949066434670771,-0.7181696413362327,1.185101744252133,0.4480915483896615,1.0381224141014966,-0.6840364599350844,1.1396876432801542,,,,,,,,,,,,,,,,,,,,,,,,,,,,,,,,,,,,,,,,,,,-0.7893585937932398,1.0426743435671082,-0.6762224649884997,1.0890948136094396,-0.6386331656509329,1.160999301969896,-0.6293021098555158,1.2302562543584212,-0.6116564152794479,1.283957630109885,-0.7652569194258796,1.203084531840666,-0.7525440170320646,1.2904856980703383,-0.7228421087276452,1.3352720302821504,-0.6899886699942459,1.367435120397634,-0.8254614660830101,1.2021562096972531,-0.8016743820968962,1.2907355936656015,-0.753082171642909,1.3367682528908416,-0.7042370135175141,1.366021065205814,-0.8537864788078252,1.1983030668476884,-0.824282502368872,1.2786918863590644,-0.7773355145843754,1.3217139217348708,-0.7312518998453901,1.347737966615796,-0.8577553690628017,1.1966711104530152,-0.8331486746040847,1.2654922604358338,-0.7944961948167014,1.3044619151547947,-0.7537879994259516,1.3287490523386714
-0.022828591420954603,-0.2879557675460145,0.058494744241518806,-0.3245030748943685,0.09917562895162155,-0.32275502601055606,0.1319883248304351,-0.3205592659248631,-0.0762817126210143,-0.32610030929703293,-0.11911863131194318,-0.3250495459201932,-0.15842238955993265,-0.32432345546457003,0.19670203790627572,-0.29254645336235446,-0.20212955833665155,-0.29843706536136017,0.05625610263855408,-0.23216161075836644,-0.10913708494510234,-0.2328803971020104,0.4999903072655805,0.003113300575024601,-0.4999903072655805,-0.003113300575024601,0.6756156093509027,0.4298627298232832,-0.6437627591359683,0.42199404085052833,0.5522781868107639,0.7100332398728123,-0.7500362171677133,0.8506958283683841,0.5237204073967148,0.8022370575041922,-0.8011680891426701,0.9894770422178186,0.4412061243842587,0.7817637345012911,-0.7168831080061299,0.9931972013360171,0.43156124775235594,0.7510720617142957,-0.6830564098048139,0.949894722029879,,,,,,,,,,,,,,,,,,,,,,,,,,,,,,,,,,,,,,,,,,,-0.7869164025498845,0.8858273724905713,-0.6730041103839659,0.923834679236234,-0.6455466844623886,0.9848795666635825,-0.6421124784671164,1.0431811942312472,-0.6228206038595403,1.0887224352964207,-0.7658334898750094,1.0228918114004424,-0.7417138111995911,1.0948556261129894,-0.7073716264619403,1.1337951844467586,-0.675483337327539,1.162705271159727,-0.8211823436967097,1.0214822206632719,-0.784534008710208,1.0934956210374243,-0.7311993084065371,1.1320761462612297,-0.6808444721763774,1.1573257412496327,-0.8466903794777346,1.0175248322179742,-0.8099152630046882,1.0859520164851524,-0.7578502493403798,1.1226653637875126,-0.7078027583871488,1.1455463689983203,-0.8490538060084006,1.0158971468695936,-0.822711707770619,1.0745695352763158,-0.7815642522158405,1.1072658267397453,-0.7397185002056444,1.128024112984652
-0.024092048647191402,-0.2936252983816698,0.057110641190577904,-0.3315417549276609,0.09789566087777711,-0.3297930911829356,0.13055039295747325,-0.32755690137760657,-0.07736346350684963,-0.3330554574639353,-0.12007445145664818,-0.3320353948285922,-0.15919966930263205,-0.331319759277146,0.19529637183713763,-0.29884050959212766,-0.20185184145145096,-0.3048561068302967,0.05485944148611835,-0.23693207866826782,-0.10992623359264048,-0.2375845730066758,0.49998714286313856,0.0035856619410800468,-0.49998714286313817,-0.0035856619410800468,0.6865426393283616,0.4182990465746106,-0.6438909656185337,0.42647156451593043,0.5520196876097813,0.658010498138,-0.7502152298401403,0.8576923180339017,0.5103977888560954,0.7461558423613885,-0.8014077802766005,1.0001658798743236,0.4455082595469207,0.7284472092636203,-0.7170077289190305,1.005314576718459,0.43562820186026213,0.7022312727610777,-0.6831966183793885,0.9587313298639761,,,,,,,,,,,,,,,,,,,,,,,,,,,,,,,,,,,,,,,,,,,-0.7915581273684149,0.9099460463811664,-0.6730614845389037,0.9450255756041246,-0.6466776134094572,1.0080071963275534,-0.6451739475822841,1.0678452490122095,-0.6298550482316971,1.1145834500956844,-0.7649422328884923,1.053086438461454,-0.7221878807464455,1.1224291938125996,-0.6879766483064924,1.158736340008918,-0.6619434290074648,1.1877479881178024,-0.8198138861298986,1.0539387921319494,-0.7638814301051389,1.1219980626584658,-0.7129202799704157,1.1601977586692875,-0.6691448755545762,1.187766329638785,-0.8427643848771373,1.0505525678787964,-0.7859048323284552,1.1144795148101156,-0.7338712907038297,1.1511043698813874,-0.6885132178806872,1.1770833423657165,-0.8419209014940151,1.0478732300607585,-0.7983567106007626,1.1028678562734973,-0.7529487938784845,1.133839728084649,-0.7114336856786964,1.154935217901811
-0.027552240189993242,-0.3264049505669641,0.0533258318207264,-0.36885589429715415,0.09399589981892466,-0.36690951588198345,0.1264473334768193,-0.3644202676237819,-0.08045012929143903,-0.3705463215460558,-0.12284114988935335,-0.36941600741307296,-0.161413566506816,-0.36862398987198736,0.19133010026476838,-0.33240748635079564,-0.201929530458234,-0.33923253798150105,0.05100136707645179,-0.2634284124389313,-0.1126161850849253,-0.2642275853517595,0.4999781720465924,0.004671988543231194,-0.4999781720465924,-0.004671988543231194,0.6867542619820609,0.47253007547608117,-0.6438062582392201,0.4749349841886606,0.5124638258464661,0.6808769054449719,-0.7505256681041368,0.9515779908026392,0.46793594543079264,0.7857439222837477,-0.8015749290308765,1.108236292121608,0.41693098011170265,0.7575036641355916,-0.7180270850599483,1.116632006500408,0.40987023543690426,0.7189669433509709,-0.6842429367752652,1.0644320447226525,,,,,,,,,,,,,,,,,,,,,,,,,,,,,,,,,,,,,,,,,,,-0.7891242650387257,1.0044308509266153,-0.6732669318781127,1.0476234899933403,-0.6537575084484809,1.1199415418831373,-0.6617343160680312,1.1850448676351961,-0.6487303912509246,1.2332868531286938,-0.7892647205789477,1.162668260678359,-0.7321996942704743,1.2377255296326448,-0.6880637741476995,1.2736105400301536,-0.6573932224410467,1.3037470889912819,-0.842664006180426,1.162390960698038,-0.7725227179700853,1.2358763938924682,-0.7138721074314912,1.2772449996707038,-0.6667949341453223,1.3108313762211874,-0.8591415999940473,1.1567403284425324,-0.788991998602439,1.2261333582048841,-0.7312450432753613,1.265984086764274,-0.6858260394587388,1.2966405145379158,-0.8501855740675783,1.1525942010717962,-0.7996926758991031,1.2133733362677859,-0.7493710044492731,1.2471802390293538,-0.7073718200669248,1.2709480379348395
-0.029406294152425703,-0.3155671330488283,0.05169571437476255,-0.3566659254512277,0.09248883307867131,-0.35477692842132885,0.12466908114414216,-0.3523656939571158,-0.08168712876608311,-0.35834362172000245,-0.12397016339537167,-0.35728575614793007,-0.1622098496421239,-0.3565488135363619,0.189789302853559,-0.32138550717576403,-0.20104148149641046,-0.3283263173007011,0.04897201999443254,-0.25463148874120023,-0.11410614063635409,-0.255455470925154,0.4999799699868738,0.004475445444259893,-0.4999799699868742,-0.004475445444259893,0.688493177099913,0.4609071046966038,-0.639311308044193,0.4599359382553041,0.4941066782230561,0.584543242633558,-0.7518204365163189,0.9218421256054721,0.4080422544015065,0.6447174325334832,-0.8037358036636891,1.0698171153377274,0.38421600935658773,0.5752276252969969,-0.7275989405783184,1.0811338484753958,0.3986666798419137,0.5567057858621797,-0.6949744230631677,1.0302006057182511,-0.7669407377140678,0.9691814397349048,-0.7449462975146043,1.021719297294571,-0.7471752147173156,1.0819009769099819,-0.7457981035209187,1.1308998304221636,-0.7343009561926849,1.1656300950510485,-0.8495401080233349,1.1098149195637435,-0.7952455414655539,1.1750719027454881,-0.7464931742437284,1.2169956986566803,-0.701181413304692,1.2479693035668478,-0.8411488757192903,1.1166394121375782,-0.7875141361626128,1.1815554997841906,-0.7363799634805323,1.2210503582672947,-0.6865768617809295,1.253334436426367,-0.8115149865471127,1.122186567779505,-0.7695167559365436,1.1866569038741865,-0.7247228543308913,1.2260400975082326,-0.6825866271761754,1.2572456566373782,-0.7694915641213801,1.1269164365892002,-0.7467951037328547,1.1791070437036248,-0.7165531362636288,1.2104673902861398,-0.6832789677515291,1.2340379788414784,,,,,,,,,,,,,,,,,,,,,,,,,,,,,,,,,,,,,,,,,,
-0.034572958363690676,-0.28897674740958706,0.04608763134549683,-0.32668543019101925,0.08704680202025784,-0.3249573965213922,0.11906295041224038,-0.32274862621219297,-0.0864949743094245,-0.32819621287440354,-0.12845441000552504,-0.32724377873241994,-0.1664545869982173,-0.3265782073226297,0.18407918741749374,-0.2944235028867714,-0.20312355075034316,-0.3007067421947739,0.04362233919225949,-0.23321753110691146,-0.11839610706468048,-0.2339946891064792,0.49998509277843156,0.0038609583451786724,-0.49998509277843156,-0.0038609583451786724,0.6882335351909056,0.4229781115869249,-0.6330054998892805,0.4228690185522262,0.4690990657718347,0.5201633818029223,-0.7541392264535126,0.8457867653266179,0.3512792736180646,0.5596172414451485,-0.8093321387004815,0.9806889262761819,0.33388767261770547,0.4862412663068171,-0.746699075157297,0.9903421013750907,0.3656920932999288,0.47465163789294257,-0.7118827288655653,0.9443461921873054,-0.7915073121351185,0.8821351099144217,-0.8221788906319474,0.9342795025378244,-0.842416448441291,0.9886265354808578,-0.8385395557745063,1.0312476256657073,-0.8236141126364783,1.062740602922522,-0.9056276819863006,1.008869215610775,-0.8486465857700501,1.0679427822057246,-0.7826119038524905,1.1012760031107136,-0.7196466553628029,1.1218465857334965,-0.8794467839036488,1.009707881302287,-0.831597929243501,1.0717649865490533,-0.7643056193583347,1.1067123687750695,-0.6953387807406093,1.1302465416090381,-0.8329671100114598,1.0068498515894382,-0.8012727580568566,1.0683502706648562,-0.7448880117333979,1.1049346718001225,-0.6882743471910344,1.1293931223833096,-0.7717847275637642,1.001773181245203,-0.7569631695169732,1.0488691638152643,-0.7333243643514373,1.078731356050526,-0.7042925625506942,1.1013884208855174,,,,,,,,,,,,,,,,,,,,,,,,,,,,,,,,,,,,,,,,,,
-0.0365997292688131,-0.2936555402594709,0.04428437808434111,-0.3321503042385179,0.08541674158637186,-0.330398501003364,0.11744508716440488,-0.32814289187972384,-0.08830066687043608,-0.33367746583799185,-0.13009858016113945,-0.332734837412827,-0.1681636703067427,-0.3320653503932278,0.1825481374748353,-0.29933128130394226,-0.2033996786497516,-0.30571740133085773,0.04153749960385949,-0.23694536161680244,-0.12025126593297707,-0.23789232226542112,0.4999854270271938,0.0038174285107449102,-0.4999854270271938,-0.0038174285107449102,0.6952098986326943,0.43443029608029693,-0.6293557526065128,0.43027136156460494,0.4669102270940612,0.5243473901526402,-0.7569641539684976,0.8579824847319737,0.3429003256776398,0.5525131824418387,-0.8128964580558059,0.9866455060797004,0.3328301711184485,0.4764520182707078,-0.7546171500820288,0.9993158860503726,0.3663010364393412,0.46829602646691637,-0.719981077430223,0.9522009483740524,-0.7895327635490919,0.8785117293758955,-0.808085335308894,0.9388372013227917,-0.8413477211200913,0.9965453763196448,-0.8664198581646927,1.039764482807104,-0.8996241816896385,1.066015643657676,-0.8946737837358338,1.0095152080285656,-0.8531783142944099,1.0617242065026884,-0.7960133317759609,1.0993270607701766,-0.738053923477394,1.127209673575075,-0.881739388121819,1.0102514746877462,-0.8234455955265251,1.0655405783735665,-0.7665342795848971,1.1088309023880474,-0.7038724451008871,1.1466966486543935,-0.8605018379734874,1.0092102617630097,-0.8039621701839418,1.0677297248495854,-0.7560810872567041,1.110520258207074,-0.7050073213867432,1.1467289818343172,-0.8359570897123207,1.0053148532300955,-0.7938247921248901,1.0580151892422762,-0.759634523935326,1.09366262577228,-0.7235852721842462,1.1228222935201826,,,,,,,,,,,,,,,,,,,,,,,,,,,,,,,,,,,,,,,,,,
-0.037718997894346795,-0.27117246155361185,0.043020736171658115,-0.30732135258239807,0.08455757910846683,-0.30572112079118957,0.11619070889036201,-0.303631443142659,-0.08966289692830104,-0.30870717071697307,-0.13128143686954707,-0.30786007544972616,-0.16946150136872318,-0.30724997913536545,0.1815192590980748,-0.27700738750629295,-0.2047853988617102,-0.28265400488502235,0.04007616754364684,-0.21895075911231532,-0.12095384290437725,-0.21994656535618765,0.4999885849054876,0.003378603884462689,-0.49998858490548737,-0.003378603884462689,0.6969831562855501,0.4026954410995912,-0.6257206472129978,0.397050876929612,0.45763725511593106,0.4719796993428648,-0.769355652014133,0.7735532406866996,0.35957278972600293,0.5070011832240721,-0.8517562687980036,0.8896880072806099,0.3140221158477896,0.42488613018493643,-0.7900982482896455,0.9024969011831359,0.35362107604105036,0.4194597927735555,-0.7504888586915633,0.8618566648990955,,,,,,,,,,,,,,,,,,,,,,,,,,,,,,,,,,,,,,,,,,,,,,,,,,,,,,,,,,,,,,,,,,,,,,,,,,,,,,,,,,,,
-0.03871000885143758,-0.2912781521166263,0.042382680009471964,-0.33035679911635707,0.08394952942128836,-0.3286325644932923,0.11478630556993857,-0.32637879320106117,-0.08920175830789384,-0.33185973483290454,-0.1310739988525223,-0.3309635796419412,-0.1692259521522864,-0.33032255047606274,0.18159267258844258,-0.2976783272539698,-0.20484752178017587,-0.30387775266897266,0.037876602682464726,-0.23509963322987235,-0.12164850664895406,-0.23617799118720162,0.49998324640440645,0.004093081346684891,-0.49998324640440645,-0.004093081346684891,0.6954689718458581,0.436274881753665,-0.616645650725349,0.4047627605090556,0.44954659200129826,0.5084927238630658,-0.8212388876439181,0.7825395946943704,0.33490824531897107,0.5187321188871894,-0.9428659545888546,0.9090424800941904,0.3219429582625025,0.46072377418483246,-0.8840964849904369,0.9185857319866696,0.354807531533027,0.45609125040840376,-0.8359561226071942,0.8763678019273434,,,,,,,,,,,,,,,,,,,,,,,,,,,,,,,,,,,,,,,,,,,,,,,,,,,,,,,,,,,,,,,,,,,,,,,,,,,,,,,,,,,,
-0.039034161172159326,-0.3224285355930416,0.041857911113773245,-0.36582756476279604,0.08326314865631196,-0.3639479153583262,0.11350094905060447,-0.36145140606578263,-0.0892742268190681,-0.367606167750162,-0.13094079400552694,-0.3667636103987987,-0.16900160772901246,-0.3661812853621402,0.18082100401740803,-0.32990876115379286,-0.20457246863440914,-0.3367757314742611,0.0370986342083123,-0.2605216167597763,-0.12148130615400976,-0.2619314991618299,0.49998267477800423,0.004162321687745238,-0.4999826747780047,-0.004162321687745238,0.6907734171197681,0.48186675853933836,-0.6164372940632831,0.4474019070586055,0.4491231610862482,0.5633897055343884,-0.8918026727188089,0.8247831819436985,0.3396300111046477,0.5734385333434995,-1.0042317483296324,0.9481179502909334,0.32666801113096505,0.512129520927666,-0.9567105781375796,0.954484223405361,0.3549310727060077,0.5066944097328792,-0.907314311910735,0.9156863527221436,,,,,,,,,,,,,,,,,,,,,,,,,,,,,,,,,,,,,,,,,,,,,,,,,,,,,,,,,,,,,,,,,,,,,,,,,,,,,,,,,,,,
-0.04162298141305505,-0.2739017182943628,0.03887929369092804,-0.3110426605964752,0.08060752468275656,-0.3095415394186922,0.11079404714947809,-0.3074343498087364,-0.0923572500640243,-0.3123357446192419,-0.13372306505347278,-0.3116407427681948,-0.17199742189659295,-0.3110281670126897,0.17870137325020516,-0.2806335442815869,-0.207559368015052,-0.2856530568701537,0.03528516951390149,-0.22147270718537548,-0.12330732843712959,-0.22262243290321634,0.49998713104221026,0.0035873098806210217,-0.49998713104221043,-0.0035873098806210217,0.6868289634582008,0.4089667354206933,-0.5944723339695235,0.35508333754694565,0.43834736771140775,0.4577625895983095,-0.8791276390113953,0.5899943575840967,0.328827237633309,0.4697603190984538,-1.0063046270794156,0.6683172899776557,0.31849316873257066,0.4197698781103273,-0.9865735580512158,0.6604607816078392,0.343486468469299,0.41333452971795337,-0.9273541626869926,0.63998598172192,,,,,,,,,,,,,,,,,,,,,,,,,,,,,,,,,,,,,,,,,,,,,,,,,,,,,,,,,,,,,,,,,,,,,,,,,,,,,,,,,,,,
-0.04019343654497451,-0.28912462718382836,0.039705131339089296,-0.3286977126659103,0.08146859788300659,-0.32708055729338975,0.11114502486562798,-0.3247864096685503,-0.09137386403200377,-0.330026242428096,-0.13253066335765584,-0.3292926263609346,-0.17122810806624336,-0.3285996339847886,0.17909224854986852,-0.296164993358458,-0.207387950467573,-0.3014778656443051,0.03664084283866852,-0.2339651353622163,-0.12234286361843875,-0.23509075446314065,0.49998949269939397,0.0032414796316908748,-0.49998949269939397,-0.0032414796316908748,0.6874984441400549,0.4313989750169272,-0.5851372177370879,0.3789464132355111,0.43335118449096943,0.4762730885373479,-0.8565523311818175,0.5131847508249239,0.3233483035209531,0.4880782708082939,-0.9883034890688208,0.5510944468104395,0.3158330585926481,0.4362744413202294,-0.9623870369334434,0.5310105511187944,0.3388507557114455,0.4295822336842003,-0.9028310113549005,0.5210169153351769,,,,,,,,,,,,,,,,,,,,,,,,,,,,,,,,,,,,,,,,,,,,,,,,,,,,,,,,,,,,,,,,,,,,,,,,,,,,,,,,,,,,
-0.039024695413642535,-0.298765109249846,0.04109872721317109,-0.3401679305292166,0.08307703189552751,-0.33846751229439603,0.11225694023069323,-0.33598626011164934,-0.08976167225119344,-0.3415532810819887,-0.13055541661298453,-0.34077858271926137,-0.16966569521119937,-0.3400358539846749,0.1797108359876626,-0.30619067432618097,-0.2065038144640988,-0.3118001061836837,0.037553950860273896,-0.24197822304027827,-0.12164116115404552,-0.24316658901561658,0.49999032118324255,0.003111064621306873,-0.49999032118324255,-0.003111064621306873,0.6920051003794847,0.4476456223069268,-0.6127650891506459,0.4017325000553958,0.43020836492571707,0.48470714031171686,-0.849789697624954,0.4244989656818454,0.31483308016352046,0.49777486036661456,-0.9706435429509853,0.42062515094267194,0.3130264339782189,0.44474079946177464,-0.9437064829571702,0.36532845844348316,0.33671961919148347,0.43778304584638356,-0.8872440900118458,0.36070890099804664,,,,,,,,,,,,,,,,,,,,,,,,,,,,,,,,,,,,,,,,,,,,,,,,,,,,,,,,,,,,,,,,,,,,,,,,,,,,,,,,,,,,
-0.040394390779464606,-0.2946282733400363,0.04000502454508185,-0.33630187863841166,0.08232665418275473,-0.3345286334832872,0.11143810430410855,-0.331860241558051,-0.09109483457549021,-0.3377444916750196,-0.13170449280173424,-0.33695014348180646,-0.1711978851547584,-0.3361451400479064,0.1789812417788738,-0.3020921628888472,-0.2079352093786782,-0.30809543204428924,0.03636903832706758,-0.23893439579334774,-0.1233298947108873,-0.24027834130119444,0.49999187767783465,0.0028499572265420774,-0.4999918776778349,-0.0028499572265420774,0.6987139875399033,0.4469535697051333,-0.6260217916203927,0.4071485739660307,0.4031865036673815,0.47026638390895403,-0.8502224654354378,0.3338181420342805,0.27835395289654236,0.4857725294710643,-0.9247439386446334,0.32437312358454246,0.2809845310163485,0.4363066401059058,-0.9323355881992094,0.2530499258934024,0.30744581070419186,0.42859565552556417,-0.8876223322677355,0.2491530912693662,,,,,,,,,,,,,,,,,,,,,,,,,,,,,,,,,,,,,,,,,,,,,,,,,,,,,,,,,,,,,,,,,,,,,,,,,,,,,,,,,,,,
-0.03910275463110343,-0.2707315990540662,0.04163195270943088,-0.3091476278381039,0.08403054110920552,-0.3075394337453975,0.11282894672672711,-0.30507215787862246,-0.08960547671573198,-0.3104676495449544,-0.13011574252341232,-0.30979667086411194,-0.16971107343403138,-0.3091214215248061,0.18068719618192616,-0.2777022842704333,-0.20669881511989083,-0.28330257342216636,0.037246506773488924,-0.22004460965897799,-0.12225706105376917,-0.2213135775851077,0.4999999706190562,0.00017140870105132844,-0.49999997061905654,-0.00017140870105132844,0.7039752197232966,0.407156424819588,-0.6572709387814225,0.38886965940040535,0.40806313130118155,0.4283670383194446,-0.8226533472283888,0.20818897058348726,0.2886148386465464,0.43825555387046916,-0.855052172751469,0.16128044626383914,0.28683747729805925,0.3927660528856854,-0.866932332417143,0.11838556441637361,0.3117123626924216,0.38705268834509343,-0.8463474117993242,0.1287772411827153,,,,,,,,,,,,,,,,,,,,,,,,,,,,,,,,,,,,,,,,,,,,,,,,,,,,,,,,,,,,,,,,,,,,,,,,,,,,,,,,,,,,
-0.030970583283437627,-0.25444252104530085,0.04995948823251064,-0.290161143094274,0.09178092660175752,-0.28858942705862345,0.12032683657297376,-0.2862526829767045,-0.08048098568195708,-0.29169192057110727,-0.12048681501831544,-0.29122879185285705,-0.15955740451033218,-0.2908075034237945,0.18780506198360075,-0.2606129717970811,-0.19589445986539175,-0.26719921042266426,0.044191728764835674,-0.20682168931797887,-0.11321828214722952,-0.20823668461524955,0.4999966574603209,-0.0018282583260364,-0.49999665746032057,0.0018282583260364,0.7030107678174058,0.38456428747745985,-0.6656176352404627,0.37180245823698505,0.39374414409897474,0.3965403488731465,-0.7091733521372293,0.14673272193182943,0.24949211644674654,0.4055477335433204,-0.706693686234421,0.08236720809090305,0.2586535650079976,0.3642555160747512,-0.7129547938650957,0.05097599008959879,0.29224221018164,0.3586575739351537,-0.7024059712557452,0.0663568050179356,,,,,,,,,,,,,,,,,,,,,,,,,,,,,,,,,,,,,,,,,,,,,,,,,,,,,,,,,,,,,,,,,,,,,,,,,,,,,,,,,,,,
-0.030563075601907876,-0.2976556231009547,0.05091191239858569,-0.33956054537163416,0.09289260680850592,-0.3376967252572637,0.12165852777764263,-0.33491305949879496,-0.07971339165155236,-0.34151613931830815,-0.11965581703834446,-0.3410727589666053,-0.15870587563092695,-0.3406528752447575,0.18999058955468115,-0.30480492054005615,-0.19486402283856152,-0.31321787305472115,0.04462686395661525,-0.24186840722811281,-0.1127467937801175,-0.24360768466764662,0.4999952580347927,-0.0021776002206848545,-0.4999952580347925,0.0021776002206848545,0.7037089096491209,0.45618601497376504,-0.695877562960306,0.4353159500919974,0.38550001959975366,0.46269194729226343,-0.6417134071156286,0.1548909430305654,0.24082797568715625,0.47144470532837374,-0.6235851364341829,0.08819612796841118,0.24792014846209917,0.4221727993527616,-0.6136780140392956,0.05142379687932562,0.280759441328932,0.41589024306696515,-0.6032177898459227,0.06644962825644782,,,,,,,,,,,,,,,,,,,,,,,,,,,,,,,,,,,,,,,,,,,-0.6702227482764412,0.11321129338154481,-0.570913454310826,0.06830133127470472,-0.5281779987941216,0.017898426084459067,-0.5221178686748732,-0.016921682771653696,-0.5332590583585874,-0.03410056407907416,-0.6155227826754153,-0.042969014041555544,-0.5450310422554575,-0.05588457410596296,-0.5272987836939312,-0.032568963130321316,-0.5389096593390629,-0.012613686322100255,-0.663669064306629,-0.04080542750594115,-0.589055242011125,-0.05201532190177323,-0.5689684648952802,-0.027954562198174774,-0.5776439555002333,-0.0060913168993086625,-0.7012144716834284,-0.029967264545662176,-0.6270513384579804,-0.04385830353023703,-0.6055475880864826,-0.02315829945827181,-0.6138749241247538,-0.003071947279918079,-0.7296335776102739,-0.013628361414043699,-0.6651254926443403,-0.02656668054593396,-0.6385395867338751,-0.012122680514368538,-0.6397059471534905,0.003195857758435783
-0.03598088893970537,-0.2951613525566019,0.045612842849535,-0.33683578553774285,0.08770074109553525,-0.33510365772094836,0.11646007006408908,-0.3323418476950753,-0.08494438702533834,-0.33869301786166955,-0.1247150039961162,-0.3382337787603002,-0.1637974763645073,-0.3377697319669274,0.1858952001954454,-0.30241218821809557,-0.19932084049025442,-0.3105299761658566,0.03936351549582615,-0.23984739284673776,-0.11781699378359146,-0.24152726314175602,0.49999825587501445,-0.001320652090328551,-0.4999982558750143,0.001320652090328551,0.7046354092540957,0.45509298959166816,-0.73214743045751,0.42491406173581586,0.38366479223821404,0.4611166096117691,-0.6274651684054,0.16975772336969183,0.2462758089054527,0.4707188247231054,-0.5906842656921059,0.1106091067118889,0.24974844233965557,0.4193296139287222,-0.5792552191082565,0.05985555641239161,0.28031156273499663,0.4139098818302672,-0.5734453299360366,0.07504807217326047,,,,,,,,,,,,,,,,,,,,,,,,,,,,,,,,,,,,,,,,,,,-0.6113789053072044,0.09210095570936264,-0.5203255602474934,0.04981082460665433,-0.47928717386676145,0.004796404378708282,-0.4819777583643405,-0.020440843187897857,-0.5021643889287213,-0.02525794154522952,-0.5485671365249424,-0.06036747109571143,-0.47469304742392604,-0.04291095046140976,-0.47712164979057875,-0.013485158009396297,-0.4993292331668887,0.0016436035749055706,-0.5999870063523332,-0.05371696984438298,-0.5144685362148976,-0.027731394565941415,-0.5125362505304972,-0.0003936036540184649,-0.5292392860652391,0.01569356087965922,-0.6423646561043648,-0.03598808300658367,-0.5546895529626003,-0.010838837106648678,-0.5485822391675436,0.011524664822439747,-0.5650368118723971,0.02506939640666093,-0.6729758857241205,-0.012465927304672964,-0.5934878764181831,0.007331730305203217,-0.5773314591091954,0.025474078655295954,-0.5864289743437552,0.03345610156148241
-0.05225067284069508,-0.2875458244091831,0.030139926062758886,-0.3283565054502434,0.07330391524169717,-0.326708229638005,0.1026656788731719,-0.3240344460860974,-0.10188535195924493,-0.3298358345211185,-0.14202079702431167,-0.3290310689027839,-0.18165160842178857,-0.3281041559119971,0.17398649511749245,-0.2950211824276095,-0.21581233928426188,-0.3016162229053414,0.025143558014732545,-0.23376560061517473,-0.1335723883727497,-0.2352732744018609,0.4999998813053736,0.0003445208443370945,-0.499999881305374,-0.0003445208443370945,0.6998328347152735,0.4471893814218708,-0.7804787369238703,0.3951957923586464,0.3766567760603588,0.4529586526429333,-0.6361337184376693,0.19753646563516422,0.23934570773979938,0.46247289297098054,-0.5650681874604822,0.16609809742427686,0.2393565919953751,0.41045442581186437,-0.5487116250250136,0.09447691421536791,0.26957672760064166,0.40584300564386255,-0.5497258397490907,0.1119288984834363,,,,,,,,,,,,,,,,,,,,,,,,,,,,,,,,,,,,,,,,,,,-0.5786112935144165,0.05242151270444454,-0.4631279813268313,0.025833557517174897,-0.37735435789496824,-0.005864603268844433,-0.33554706643656645,-0.023857584163149183,-0.3190853719870168,-0.032241706397490494,-0.4482844541010744,-0.0678020896112959,-0.35104649374546737,-0.056843288370976394,-0.3525497578621055,-0.029125419008819594,-0.3836428602384131,-0.015927793057060637,-0.5033871111143462,-0.0576860848490144,-0.39163870649053595,-0.0361520536665098,-0.39264389222987417,-0.01084899095640383,-0.42287021207126335,-0.0010209195662466196,-0.5479207849096785,-0.038755485225936664,-0.43800761419755785,-0.014917783147619011,-0.44101253452944206,0.006225335659274927,-0.4730917751978309,0.013058247439119475,-0.5845391312072019,-0.015182469774401816,-0.4878576284178904,0.00798454330893229,-0.48545579479266454,0.025749542963835515,-0.5076375366012862,0.03156408416266825
-0.06520261727993583,-0.32893827384881985,0.01754241158668781,-0.37576098993451257,0.06215074902545727,-0.37397657839490633,0.09242089829387096,-0.3710425446679994,-0.11549210942071111,-0.3773339606089759,-0.1559493643261471,-0.3762746558773158,-0.19618542210770712,-0.3748547814584086,0.16494446324005832,-0.33789230439290485,-0.22940210766684893,-0.3438866295818647,0.01391573175859882,-0.267463709336003,-0.14670021474728476,-0.26908510603642344,0.49999766542863355,0.0015279286358621856,-0.49999766542863355,-0.0015279286358621856,0.692817104318534,0.5161017135642529,-0.8224585567460193,0.4483069108733237,0.3707676346357504,0.5213830676240607,-0.6423658523762851,0.20343085038201897,0.2357476061116529,0.5322886086696089,-0.5757127888764643,0.1451296491846345,0.23552114238958913,0.47113715660468436,-0.5594408814049207,0.08891461784763986,0.26501785409560535,0.46581962888693274,-0.5573680988325429,0.10867033603220835,,,,,,,,,,,,,,,,,,,,,,,,,,,,,,,,,,,,,,,,,,,,,,,,,,,,,,,,,,,,,,,,,,,,,,,,,,,,,,,,,,,,
-0.07579219411965157,-0.34519151310973484,0.007716610195908241,-0.3949622949143724,0.05302901474869704,-0.3934931208083087,0.08450309556943904,-0.3909296084002932,-0.1267031511211437,-0.3961214044492293,-0.16758538575799256,-0.3948914898593907,-0.2081550546185563,-0.3931404500648869,0.15931557469809546,-0.3560802223128851,-0.23998200775121115,-0.36034847416640775,0.004905039210689014,-0.28015393005878314,-0.15722052209622558,-0.2815669526777657,0.499976273816767,0.004870895225836426,-0.49997627381676724,-0.004870895225836426,0.681600311858882,0.5509081504358746,-0.8408183523457646,0.4686284898134586,0.36029866435216945,0.5537489723809663,-0.627148210227282,0.22751892985610345,0.22661253268359136,0.5648423389778202,-0.5606203719216307,0.1612618990495279,0.2293992606468511,0.4991202249692281,-0.5484616139241946,0.10162360164341518,0.25805771447878867,0.4938040583019763,-0.54200952622103,0.12184651045999584,,,,,,,,,,,,,,,,,,,,,,,,,,,,,,,,,,,,,,,,,,,,,,,,,,,,,,,,,,,,,,,,,,,,,,,,,,,,,,,,,,,,
-0.08368682337335134,-0.30883328484742273,0.0007225481997121332,-0.3542183103257846,0.04697896483842106,-0.3531374376749126,0.08051396956494676,-0.35130509169055696,-0.1352339362417269,-0.35482418362485973,-0.17658320392541485,-0.35356227975249876,-0.21747098424656186,-0.351824158581285,0.15745545008462206,-0.32019960966282046,-0.24716128647938365,-0.3223453002079186,-0.0011887786268124916,-0.25026110370510857,-0.16454504969166076,-0.25148093304281155,0.49996188443355327,0.006173662903843389,-0.49996188443355327,-0.006173662903843389,0.6605079538423936,0.4996078613386231,-0.8553143322825538,0.4215866158281911,0.33407717538571574,0.49920948192888764,-0.5646762572827003,0.1787636255158583,0.2074191485357453,0.5103300028839151,-0.49686338136689145,0.12062281907624824,0.21580924516861177,0.4516304909130306,-0.4884414933823834,0.07013537049092745,0.24236374077296632,0.4457232262470481,-0.4824160067188042,0.08956007591792751,,,,,,,,,,,,,,,,,,,,,,,,,,,,,,,,,,,,,,,,,,,,,,,,,,,,,,,,,,,,,,,,,,,,,,,,,,,,,,,,,,,,
-0.08758986425791614,-0.28458660576914513,-0.003088916180525173,-0.3269998761848688,0.04341363520565921,-0.326077987197731,0.07834624019282097,-0.324593173026324,-0.13921474412313467,-0.3273183151343476,-0.18068900656797188,-0.32609032979267205,-0.22131691317362637,-0.3242469632382279,0.15611411153500493,-0.2958899542161486,-0.2473823091850684,-0.297080294643254,-0.003890821637139595,-0.23017993299425596,-0.16737932872174113,-0.23126875557797127,0.49993088335448405,0.008313354822536822,-0.4999308833544839,-0.008313354822536822,0.6478784575511247,0.4713756319733892,-0.8554722786267764,0.39274610235192187,0.3126632201664684,0.45803308113221036,-0.502703379615169,0.18962648592623116,0.17819182004671724,0.4670660092398098,-0.40329793563028327,0.1407919804924319,0.18534756082426038,0.41075806256921144,-0.40216740566901965,0.08935956453345965,0.21427679477848532,0.4040066631364631,-0.40807493859387683,0.10286071771963085,,,,,,,,,,,,,,,,,,,,,,,,,,,,,,,,,,,,,,,,,,,,,,,,,,,,,,,,,,,,,,,,,,,,,,,,,,,,,,,,,,,,
-0.08864804060319348,-0.3014855922307951,-0.005246112475361079,-0.3465106100504996,0.041488655787991977,-0.34558586847215556,0.07848149616277489,-0.3441055625580241,-0.1406896816735187,-0.34655072142494925,-0.18247995765042604,-0.3449578202667785,-0.22212135820356035,-0.3425671605499208,0.15523943922305328,-0.3138148259522487,-0.24473010436167028,-0.3141316840107407,0.0003184303334585871,-0.2438433671806807,-0.16349809641871754,-0.2449037026443925,0.49987665970190653,0.011105182810939225,-0.49987665970190637,-0.011105182810939225,0.6330897408661443,0.5020117269582841,-0.8565286422688921,0.41708788137421715,0.270724362302021,0.46988186203433335,-0.4742391361266633,0.22430236992910474,0.13576867226074793,0.47015980769967725,-0.3658636209721721,0.18036297517874336,0.14873147517241017,0.4162756260416122,-0.3539150728884986,0.13079752416862145,0.18000758318548948,0.4108697463481241,-0.3708313394888639,0.1418780733637302,,,,,,,,,,,,,,,,,,,,,,,,,,,,,,,,,,,,,,,,,,,,,,,,,,,,,,,,,,,,,,,,,,,,,,,,,,,,,,,,,,,,
-0.08928756407109387,-0.2682676460438095,-0.007098716005606424,-0.30869611280662257,0.03950242555151904,-0.30796957404443087,0.07854211564561872,-0.30672607500914123,-0.14076112021344686,-0.3078527534421768,-0.18248679030371076,-0.30610209386869586,-0.22058980091697794,-0.30365652636054385,0.15359161665377447,-0.2798312362066361,-0.2394079642588462,-0.27900970793480423,0.0027826538778547467,-0.21731474912659293,-0.16115153967598342,-0.21814015848155618,0.49988586729356,0.010682681319084855,-0.4998858672935604,-0.010682681319084855,0.619230092665625,0.449475417447287,-0.8520685635518346,0.37106841764833554,0.19673720826325483,0.4016472775862115,-0.4794740496595826,0.2438436017898102,0.06955335519942571,0.38835922516104066,-0.3651432375381354,0.25039681065712166,0.08123395466491579,0.3416754226612484,-0.34545373556037184,0.186475371483524,0.10967416243158705,0.3403368370892403,-0.37284517818627955,0.18129528982808985,,,,,,,,,,,,,,,,,,,,,,,,,,,,,,,,,,,,,,,,,,,,,,,,,,,,,,,,,,,,,,,,,,,,,,,,,,,,,,,,,,,,
-0.08965272249418167,-0.29788597803100586,-0.00922372708005516,-0.34258200981086845,0.03726470845029918,-0.34174659106899363,0.07791714069496719,-0.3403988882640101,-0.1410235328925929,-0.3414552859625785,-0.18274711907568222,-0.3394149673619436,-0.21944648924493218,-0.33660794318406995,0.15187590027154893,-0.31065995964830456,-0.2349558053852539,-0.30926031872357257,0.0037357411770580088,-0.24139687463041837,-0.15935396810743288,-0.24229272654682446,0.49982286896300376,0.013307879680551178,-0.4998228689630036,-0.013307879680551178,0.6064484042766752,0.5006154064042451,-0.8481824434160302,0.4107906327122886,0.13663810861029735,0.4358688946900307,-0.41645928155773243,0.31366957475289875,-0.005176695245555873,0.4196061338654483,-0.27317996787167026,0.33230578936441135,0.0101307505497855,0.3701967446015006,-0.23821587214841838,0.2642057741254051,0.044149829639258814,0.36777318074458537,-0.28791169058778926,0.25278089323349723,,,,,,,,,,,,,,,,,,,,,,,,,,,,,,,,,,,,,,,,,,,-0.19773972818493776,0.39077843429062925,-0.09566653378761761,0.39330049777009024,0.025252789704567867,0.38864821865457055,0.10574029459132964,0.3897433279951875,0.11901485282228928,0.39849215909815255,0.05665110033794108,0.25099456601763614,0.07991887386482888,0.3149941581049922,0.03482757362043622,0.3538126872984996,-0.0028492340159144923,0.36579630622397435,-0.015818833783440737,0.23950581091634826,0.007883328252406873,0.3110591196907604,-0.027378887164749423,0.3531597509359479,-0.053201827617812385,0.36845343032124905,-0.09752566594841519,0.24187775925053218,-0.06636873855063319,0.3097599139706765,-0.08376200905226466,0.3489838400823031,-0.10385127447481314,0.3649478760690777,-0.18020790927840746,0.2546349658229432,-0.1433261719217225,0.30650168409825956,-0.14853630115164182,0.3426966392842677,-0.1577592683684164,0.359413616708886
-0.09058110833056164,-0.3215943480788822,-0.012124217744683271,-0.3696838901315265,0.03424823790232421,-0.3687888687427758,0.07622060431291978,-0.36737994230362225,-0.1422599462609595,-0.36818385234417134,-0.18388751359508715,-0.36576424983157396,-0.21888461985655722,-0.3624283241664787,0.14852295722292924,-0.33547730951934374,-0.23250997197466483,-0.3322936220027683,0.005157262974771922,-0.2607648462894545,-0.15780434433386006,-0.2617005031079622,0.49976826635161137,0.015221036361064415,-0.49976826635161137,-0.015221036361064415,0.5993925484165513,0.5397149156735879,-0.8446920493465876,0.44186132770503567,0.11919439811421945,0.4667605425755791,-0.40115359121751054,0.3498948989216797,-0.01809679211231433,0.44899741856037056,-0.25231427454996835,0.3683714004815114,-0.001118835251414019,0.39827815061903493,-0.20976078327253814,0.2989010234607325,0.03233498054516553,0.39536883908116077,-0.2627848409574758,0.2873485212824042,,,,,,,,,,,,,,,,,,,,,,,,,,,,,,,,,,,,,,,,,,,-0.24232139328635538,0.40238267633585917,-0.12182770668143217,0.4147809974595002,-0.00951658034958708,0.41598686252032385,0.07446716258609455,0.4199341719590568,0.1367859463243374,0.4369980424251702,0.06919173671613907,0.2811381309864343,0.09056047072160532,0.33683182384457766,0.05150354409334698,0.3727204333996086,0.022509716934784704,0.38759786304979316,0.0040629663437635665,0.26883520471783534,0.028827593735199598,0.3386468730403911,-0.006428741029016518,0.375925191139021,-0.03621485102897994,0.39558810832321145,-0.07159073291824865,0.268954448286638,-0.05436663481881851,0.3369971440545293,-0.07221011286510058,0.37354402441753287,-0.09198647916486499,0.39586271584282295,-0.1495336967054797,0.27984497500242894,-0.13460465172890307,0.3320643965015749,-0.13613560996405102,0.3643263807786334,-0.1402935848124615,0.38518775371451797
-0.09219866298080939,-0.29696184542215204,-0.014720529938640134,-0.34169461179179145,0.031928924852096155,-0.3409638746502333,0.07567500499073297,-0.33979907857747893,-0.1433569702611776,-0.3391971692714113,-0.18473024675559838,-0.3367390700236125,-0.2182070249289233,-0.3335186948695504,0.14711413877808416,-0.3104406581685958,-0.22975995835623136,-0.30600395580758316,0.005032728792580223,-0.2410804999179783,-0.1580527861021624,-0.24183657498236735,0.4997806834083964,0.014807717306731678,-0.49978068340839676,-0.014807717306731678,0.5917476595446076,0.49968661028280403,-0.8427510428696477,0.407814295607789,0.1315473856222727,0.43456836242949487,-0.3896391475587604,0.32766820056121293,-0.0058765118836548785,0.4227854799356534,-0.24909301485998192,0.35128528286095845,0.0076678147086177515,0.3745301008261165,-0.19822627136460624,0.28599020410316695,0.03944726619540393,0.37020041644296775,-0.2467910374399311,0.2716884968755859,,,,,,,,,,,,,,,,,,,,,,,,,,,,,,,,,,,,,,,,,,,-0.2997968330128427,0.3177761471947449,-0.16161061508709812,0.341740690461581,-0.032875068104597435,0.36554337037328627,0.060534460526631376,0.398921219249473,0.12286028644556227,0.4352451094823205,0.07502880954622672,0.26895841587385527,0.06785208585657942,0.3364447438567201,0.025740014260616007,0.3783515299977119,0.0004057491728913822,0.4005599520813389,0.008424879472224396,0.252854829526476,0.014322476548055376,0.3345562667728162,-0.018269098957872393,0.3729176681166827,-0.04497458977776259,0.39198397394714307,-0.07457469582273474,0.24702133407775928,-0.06638963694876679,0.32603994501389316,-0.0810454096948168,0.36527972768256467,-0.09788453219217398,0.3864344342918395,-0.16221626689798327,0.25157189672491087,-0.14511235943537132,0.3153355813619008,-0.14383798793907904,0.3512181427110099,-0.1450688125696302,0.3732647014395061
-0.0918826324561544,-0.29634382728659736,-0.015972634252866925,-0.3413000040069458,0.030758107361009417,-0.340655260089454,0.0759874136260404,-0.3395923991540758,-0.14340864243010143,-0.3379144843474312,-0.18481704256410295,-0.33518321369214965,-0.21710937151580037,-0.33171075986850745,0.14616019349450837,-0.3103367033531355,-0.2279709672542767,-0.3048231122508611,0.006525210101678783,-0.2407451573779011,-0.15616460976946273,-0.24139598882285634,0.49976367629967083,0.01537100684528819,-0.49976367629967083,-0.01537100684528819,0.578597509165182,0.49881637910541443,-0.8419455793421944,0.40729008329580324,0.13387395451735654,0.43667831631748355,-0.37292467691400244,0.32260851792714756,0.006977735036609725,0.4266400903289317,-0.23421207148082948,0.34616981238027533,0.018701746064301902,0.37848539852079766,-0.1771051699677662,0.28132183868254873,0.0489523523205998,0.3737334959425503,-0.2284319692403303,0.26721116361965586,,,,,,,,,,,,,,,,,,,,,,,,,,,,,,,,,,,,,,,,,,,-0.2903114505354595,0.28601564275307445,-0.15815771408342344,0.3180180950247736,-0.040469566722165284,0.3479418168657853,0.044849210252191976,0.3847092011604782,0.11048751574512816,0.41765853094956706,0.06525422027956908,0.2604307260126129,0.0723285687664741,0.32832160905226027,0.03614128414894092,0.36864261420344174,0.01149600328499549,0.3911478828397468,0.007893755207924959,0.2448201696217004,0.007153259859855746,0.32955193039224795,-0.02605658521335428,0.36519686006165697,-0.048775580872188425,0.3847450855328945,-0.06801499637019796,0.24140474631850556,-0.06729968285046385,0.3215383946783042,-0.08748553617381635,0.3572800839947643,-0.10441420726579766,0.3797246909538894,-0.14805381712029403,0.2455707510780748,-0.13988044388783763,0.312485066554107,-0.1402299975841315,0.3497289867705902,-0.1392429197784059,0.37665700430720495
-0.09406377221064058,-0.29686501139226207,-0.018477793998300115,-0.3426241708405406,0.02841915263880032,-0.34204772329682326,0.07478217998070177,-0.3410732038969063,-0.14483355922631627,-0.3386587998858347,-0.18606311031070408,-0.33586231558140356,-0.2172706806925661,-0.3323168036456927,0.1450935622707205,-0.31182388418098644,-0.2266365046437565,-0.30600145274425833,0.00459303514681982,-0.2414735648180208,-0.1572642637850319,-0.24202403948786372,0.4997272799338168,0.016511986250860672,-0.4997272799338168,-0.016511986250860672,0.5720329712897081,0.5013701613092503,-0.8421049534684092,0.4094811386673945,0.14313030946911018,0.4394257157261185,-0.3751324048894774,0.3215071511213722,0.014922597090599777,0.4320002642720821,-0.23424752543906519,0.3418831926536434,0.025567442229171924,0.3832444576690591,-0.18099497643319828,0.2758809684942938,0.05560083737180197,0.3782503677222603,-0.23292403168125994,0.264230310020882,,,,,,,,,,,,,,,,,,,,,,,,,,,,,,,,,,,,,,,,,,,-0.2837208997593725,0.2638821447198544,-0.15952665052401746,0.29421974931629824,-0.043910638378158784,0.3227841149782236,0.03524879782526789,0.35819158162458753,0.09323730290609011,0.39263204168579163,0.059806352453156034,0.25149887948170335,0.05863963071734704,0.32040877760388875,0.022050382413986287,0.35836673753435233,-0.002494749708196836,0.3801423091299404,0.0053813673588559855,0.23847423451514882,-0.005950193895085724,0.3218214014300679,-0.03645067525222221,0.3528411696064535,-0.056224322933133807,0.3692358486211788,-0.06734321088940665,0.23750679862628857,-0.07348092250810846,0.31872891222420824,-0.08822792748056921,0.3507845902296685,-0.09971675765673554,0.37085174774949914,-0.14423007389916995,0.24397060979142018,-0.14168594473079574,0.31501629382311513,-0.13977685405405918,0.3516706730673022,-0.13516512303615327,0.3776594311786543
-0.09473924753568078,-0.334726123741223,-0.020307233702630424,-0.3865180196048187,0.026554578032981644,-0.38589438039583884,0.07345219682940397,-0.3848579335175031,-0.14567713751770203,-0.3817550221526916,-0.1868567391206432,-0.3784712420735076,-0.21716432928069127,-0.3743089568102286,0.1434493209722046,-0.35188026577216097,-0.226411934889047,-0.3448540439041736,0.0036037337252762007,-0.2722582427572421,-0.157751772313316,-0.27286332199754393,0.49962536513713535,0.019351860674993258,-0.4996253651371351,-0.019351860674993258,0.5648426170796761,0.5669832669457866,-0.8403185596804601,0.4634581877992499,0.1465595963577326,0.5000395221427568,-0.3596718628172824,0.3636618427522315,0.017955944533650983,0.4911916332836684,-0.21825681505326588,0.3808918016486844,0.02841679214034655,0.4358191191490245,-0.1684333889707991,0.3076810953956804,0.05830334065431914,0.4299937151238093,-0.22029312555974134,0.2960402345180056,,,,,,,,,,,,,,,,,,,,,,,,,,,,,,,,,,,,,,,,,,,-0.2700624706331231,0.28893601225877646,-0.14579888152445603,0.32075192301045974,-0.027206636957593587,0.3423727095296,0.058079114370074666,0.35954686721303386,0.12292076259198176,0.37828418670290903,0.06704149821818528,0.2820870198956169,0.056410999226824424,0.35794804115305434,0.025731756470093316,0.40329453299199974,0.006788339630140188,0.4339548734062502,0.013533895996243765,0.2686546974660622,-0.007477934232290859,0.358580778385896,-0.0336136313901076,0.4005248519144996,-0.05108648928438251,0.42865205987165655,-0.058897367445894085,0.2669500917153162,-0.07259739585703372,0.35309503391818786,-0.08432803592362496,0.39677209903198624,-0.09454416079057823,0.42890801760963504,-0.13510146037116721,0.27429304612067884,-0.1361527062874984,0.3481867106982417,-0.13663301479284562,0.3897950064928526,-0.1349587260184212,0.42166113833625296
-0.09074212920738718,-0.26601764497638103,-0.016344912232087425,-0.30682268616512604,0.03057380866751144,-0.3063065008571917,0.07752482762354623,-0.30547937099284445,-0.1425191188251042,-0.3031687262879228,-0.184359401812711,-0.30052911823760486,-0.21430463112996395,-0.2971812850587976,0.1467213178624858,-0.27924362880446885,-0.2246760054966909,-0.27370665729992705,0.006514961773251171,-0.21616264293146653,-0.15608208357782652,-0.21669068017012252,0.49975189531168,0.015749385143037257,-0.49975189531167985,-0.015749385143037257,0.5687186009048297,0.4510122153960554,-0.8403297228793865,0.36834586582693285,0.1427161123143596,0.3974786823980513,-0.35869531137801836,0.2879236745220982,0.015582579480175583,0.38496843955695925,-0.21447327136356928,0.2995391447722852,0.023788751315437864,0.33929398927049886,-0.16680799691520318,0.24225982352327508,0.05261193135909737,0.3368253188226218,-0.2181749738012159,0.23377307026928512,,,,,,,,,,,,,,,,,,,,,,,,,,,,,,,,,,,,,,,,,,,-0.25927609974152915,0.2290806692751119,-0.14087216449691187,0.2441833051579559,-0.029016105457104445,0.25663284298803457,0.05118637897502433,0.2681987856578075,0.10646166723985494,0.28080519294491757,0.0591773126173957,0.22193752026488456,0.05385109190602772,0.27684818979844916,0.03332999166674197,0.31365045818956483,0.019314854123914444,0.34061658765330766,0.009186824655679217,0.21325920897614128,-0.004855433392553217,0.27843538494354797,-0.018509868213502857,0.3131519062419725,-0.03219216319000443,0.33747014093960825,-0.05758016139912777,0.21278185560382346,-0.06939656560380916,0.27782043354626645,-0.07637072684356574,0.30995901537698983,-0.08357615202940694,0.3337952715586115,-0.12959817040031782,0.21987451346203332,-0.1320459192880863,0.277200086148006,-0.13306466409109363,0.30772738354354595,-0.13220519061982441,0.3316376420243077
-0.08923093536195226,-0.3275025072658915,-0.014863337690318622,-0.3774744527607688,0.03211842378001692,-0.37679667458974403,0.07919030749719778,-0.37577002952627275,-0.1409901608576935,-0.37324695098951555,-0.18296669032903745,-0.3700021444178571,-0.21242238338001973,-0.3658501888991051,0.1482896934987169,-0.34339085819090015,-0.22317795644618452,-0.33669182988538265,0.007836880381949641,-0.2657540175701893,-0.15523144574447698,-0.2666355092994523,0.499595814893149,0.02010029206878128,-0.499595814893149,-0.02010029206878128,0.569267452538573,0.5572959147284391,-0.8394922382248441,0.4525443837642618,0.1448886867407071,0.491202446463176,-0.35170988629679545,0.3514247745241036,0.01637682509533612,0.4768410563493351,-0.20517295969318453,0.3675080490345752,0.020726331566048792,0.42091948711974214,-0.14536527583570652,0.29778764794876017,0.05024259858622235,0.4175971149775125,-0.19659361727625857,0.28759175466308184,,,,,,,,,,,,,,,,,,,,,,,,,,,,,,,,,,,,,,,,,,,-0.24651100013154847,0.2787773125041154,-0.1345065300333986,0.3000827811104391,-0.02688308456879299,0.32017499590694043,0.0492677516592778,0.3377444885169321,0.10388651172501377,0.3525356370294354,0.06401455832959667,0.27671238160241646,0.05506783232716938,0.34827226266658573,0.025905898403200678,0.3904957283766249,0.005735259133787768,0.42051443567158325,0.013727822003628347,0.2670569528590029,-0.005240448600901977,0.3508562770956906,-0.03053155815215777,0.3889919303315542,-0.051251549150293216,0.4157878059867924,-0.05274152105101117,0.2672384539184712,-0.0709742857775966,0.3493512912164611,-0.08735683585172842,0.3847903233449634,-0.10187882937622769,0.4113978085026121,-0.12241537481725967,0.2760666749536799,-0.13050249217559412,0.34582674970039967,-0.1342369019998031,0.3812094784897737,-0.13523883484793112,0.409044233900319
-0.08700647668170798,-0.27231367943682827,-0.012317836729799822,-0.31384110902960005,0.034748569502691305,-0.31322877852227515,0.08182211943755222,-0.3122971691695276,-0.13853523354984765,-0.3103757558077682,-0.18065548806204054,-0.30769009221527294,-0.21019124867837882,-0.3042319638402222,0.15050635438013416,-0.285222303283584,-0.22162979418024853,-0.2798912570936608,0.009599781145269756,-0.22078270719683327,-0.15385773612995546,-0.22163781235010419,0.4997240277299439,0.01661012069077558,-0.49972402772994423,-0.01661012069077558,0.572347398693208,0.46490988404846584,-0.8393757909371007,0.37763907933988605,0.14396173767089165,0.41300816830104575,-0.35273360658870706,0.29288093778307034,0.016059412429764695,0.3983848804750749,-0.20631246462599534,0.3057870873672298,0.019221609234061174,0.3520116570727604,-0.14912022978577621,0.24832738606455657,0.04802674153213628,0.34898810818011855,-0.20055833553418584,0.2397003251848902,,,,,,,,,,,,,,,,,,,,,,,,,,,,,,,,,,,,,,,,,,,-0.23998516791829744,0.23381732049499107,-0.12979577587104246,0.25062983586614157,-0.02262964793371394,0.2675644808390439,0.052668670065294985,0.2840110032869541,0.10643168143331577,0.2984292242289461,0.06538519928771358,0.23336265000030051,0.055253458650438236,0.29339419881604056,0.027083623194170268,0.3296615440701501,0.007523673435788733,0.35598274956926984,0.01755244622510927,0.2252254931146956,-0.003974977699815258,0.29489756076953416,-0.027811295497659975,0.32939274018169135,-0.04661302746655605,0.3548099490986379,-0.04705815402458079,0.22494857364492107,-0.0688659066838899,0.29353058017034694,-0.08396744715965394,0.3260263574637103,-0.09649897912414439,0.35129649621193454,-0.11562907506749943,0.23223616772547073,-0.12840718793103964,0.2898425433148508,-0.1342620678597232,0.31977953720165564,-0.13636280902565298,0.34378404114663585
-0.08528714319075378,-0.29373843940290123,-0.010982606244582412,-0.33856923654854837,0.036176298176810555,-0.33788166763146893,0.08319110704054787,-0.3368138733169743,-0.13746254355610288,-0.3346300886075371,-0.1797793446058817,-0.33160484949134145,-0.20943938303245285,-0.3277713909595611,0.15157590289759534,-0.3076189105719437,-0.22128379155455247,-0.30149170332455966,0.011900999897093442,-0.2381079799645692,-0.15226152680312416,-0.23901964462599365,0.49968121213047034,0.017851785451993535,-0.4996812121304702,-0.017851785451993535,0.5719393458407395,0.5019934892891388,-0.8385411286986868,0.4079551351955587,0.1336693819490642,0.4466718694793986,-0.35055536476810734,0.31556827162801937,-0.0012720435617487107,0.4302428836173951,-0.20154811913396886,0.3292593781528179,0.006706662940098911,0.38078686572258463,-0.14909314875504845,0.26742605110134304,0.041761294201226956,0.3776835083473922,-0.20038944306010217,0.2583715998725103,,,,,,,,,,,,,,,,,,,,,,,,,,,,,,,,,,,,,,,,,,,-0.2330907598633808,0.25031355718934883,-0.1286515312605486,0.26866803524096033,-0.02070031212600045,0.28943381342390245,0.054070010631327894,0.3097016010638557,0.10973818878737258,0.32426985487982435,0.0675839570846923,0.2515561825185065,0.056040548171917615,0.32083756727044316,0.025842306679573167,0.3598103499107211,0.003118806713070444,0.38756381170416876,0.020073065395111653,0.24408546945428639,0.0006706601360802915,0.3210681817751148,-0.024138900134329264,0.3575193796831255,-0.04400807647328798,0.3844769115271781,-0.04392999392324215,0.24514043997797438,-0.06490193233335338,0.3200625828460322,-0.07916566832091186,0.35343115517398777,-0.09097189767816255,0.3795066239403944,-0.11154775804261517,0.2542600788100739,-0.1258770144033984,0.3182884113879418,-0.13134377817537932,0.35109786643673047,-0.13273817980253916,0.3774364366445188
-0.08569652246674438,-0.32877060866219066,-0.01145478909769649,-0.37920476385414137,0.03582057068564658,-0.3784672702772336,0.08290127722362298,-0.37728850331661357,-0.13792050981964712,-0.3741467231372248,-0.1801545969444967,-0.37059363924158595,-0.20964209965247457,-0.36619001618337216,0.1513189362119859,-0.3446854611139341,-0.22147036426493744,-0.33656272220234135,0.011650797523886572,-0.2665535790108336,-0.15250225546625767,-0.2674628587216343,0.4996100169751563,0.019744136802713214,-0.49961001697515584,-0.019744136802713214,0.5724519717531531,0.5629153489154993,-0.8362804221881692,0.45805795591372017,0.12670244617193394,0.5016357704623574,-0.34925356714255623,0.35380786825339333,-0.010297711072071695,0.48232667335252427,-0.20330281016284973,0.36869919662197054,-0.0001991499817312211,0.42779530498249246,-0.15111504309737608,0.29951529819369965,0.037286629938727674,0.4244425383441704,-0.20144128450620669,0.289453401918638,,,,,,,,,,,,,,,,,,,,,,,,,,,,,,,,,,,,,,,,,,,-0.2285601775335345,0.2820137316678418,-0.12498075053648716,0.30381582559584375,-0.018663858278645185,0.32708259711205434,0.055024222125415884,0.34970106478172436,0.1059336840808084,0.3654049307745345,0.06989991881218226,0.28458440986407246,0.062232798513338294,0.363209952329609,0.0294785708343776,0.4072183710603419,0.0033972535238098074,0.43993469860602813,0.02130485930455293,0.276046890754804,-0.0007355551907997196,0.36164529593074674,-0.03653967890919536,0.3998053138742521,-0.06409099781705367,0.42762483751396796,-0.04393034232031541,0.2767333160183563,-0.06384090535623396,0.36055056391769047,-0.08493022931093225,0.3973825659566145,-0.10333309208305232,0.42555405337100544,-0.11232705760506284,0.2864291028357008,-0.12165094805814472,0.35586858258808857,-0.12875431313496383,0.3907882800855897,-0.13267078571105176,0.4180649931082317
-0.08764882626445196,-0.28714506059906325,-0.01326997755871445,-0.3315915830728809,0.034128223641527046,-0.33101690913622533,0.08130638734231829,-0.3300246339091025,-0.1400051563944971,-0.3264376696588731,-0.1823126134716634,-0.3231796451185972,-0.21167761794370163,-0.31923929364568093,0.14994302287498254,-0.30162522795859376,-0.2233993686860006,-0.2933312256451355,0.010035722663602078,-0.2330529975649259,-0.15447774631342043,-0.23370909326072783,0.4997046056004203,0.017184502952621625,-0.4997046056004199,-0.017184502952621625,0.5722490676104075,0.4922735425252026,-0.8352788322025176,0.4009598790421203,0.1259717771296389,0.4392738531179634,-0.3495851946401603,0.3088712398978845,-0.007572710317065928,0.4225853303914821,-0.20526170971058388,0.32347070692255603,0.0011396386650802815,0.3747934858211904,-0.150802552074573,0.2628020531132438,0.03637774281379266,0.3716677716395273,-0.2013664779722866,0.2533707692954201,,,,,,,,,,,,,,,,,,,,,,,,,,,,,,,,,,,,,,,,,,,-0.2380873039466975,0.25329375438406254,-0.13199095108344502,0.2726538761200606,-0.02595189193497661,0.28934764509390953,0.04942786808980768,0.3054328493731077,0.10230799118992374,0.31787107233219025,0.05751665401234557,0.24800889463575754,0.05245579152499861,0.31433174400805936,0.022959900549359504,0.3541018665032754,-0.0019324898345341062,0.3840579389727219,0.009607254581059212,0.24175914507158902,-0.005633861374101751,0.31589995227120593,-0.034076980340588765,0.35226463067511427,-0.0572337662956006,0.3788698200258769,-0.054222635845777516,0.24361065069259025,-0.06774123602241691,0.3155730061352522,-0.08633378733676347,0.3491701841277625,-0.10299292273282382,0.37452529765575465,-0.12071619009872651,0.25294750205779576,-0.1240565124528892,0.31131578132132814,-0.1301066793429259,0.34019637308040046,-0.13409723596875148,0.3626992068395329
-0.0886666303992912,-0.2910504801595107,-0.01426977463859574,-0.3363193552986951,0.0331761084493603,-0.33579127732212105,0.08036142743319656,-0.33483017753367383,-0.14080192642082,-0.3306537737016073,-0.18304023212928605,-0.3272608114957422,-0.21225700109699536,-0.3232253419996935,0.14919974695946916,-0.3060657350225487,-0.2236274752443493,-0.2971040569641397,0.009243974681506088,-0.23643469934707728,-0.15521964219530945,-0.23706911675090336,0.4997056402172993,0.01715439112936164,-0.49970564021729913,-0.01715439112936164,0.5730355415421686,0.4987334040543647,-0.8328265976561916,0.4078124486327453,0.12049126322993818,0.4445786403184365,-0.3506975498879692,0.31295810530740414,-0.015207311453039588,0.4271147045900268,-0.20756758816342258,0.3277021360857192,-0.010539385796299728,0.3785040677099505,-0.1514818439472086,0.266209845423526,0.02200568825872352,0.37437929012634974,-0.20302833918748495,0.2567996044557675,,,,,,,,,,,,,,,,,,,,,,,,,,,,,,,,,,,,,,,,,,,-0.2319862729124292,0.2560691728743825,-0.12450148063144544,0.27611761440227156,-0.016894186174496305,0.29453317623642034,0.05727594176858602,0.31197156495528,0.1109341176631017,0.3229572048452911,0.06686840550308973,0.25168317711813254,0.054771809586909366,0.32037099591184176,0.02490572969054578,0.3591722197999402,0.0039062387400528717,0.3875926292491247,0.015546168278492064,0.24439440240175891,-0.005319953367522721,0.32166111989411894,-0.03380442606156877,0.3569715578189502,-0.05411904093554641,0.38321174289478477,-0.05024367471967825,0.24528556725156295,-0.06828088522959196,0.321423958488796,-0.08353611084016667,0.35502189520678934,-0.09680141703188613,0.3814208975253267,-0.11783622615004627,0.25393791360267015,-0.12675418697616112,0.31655214376760277,-0.1312484855568856,0.3477020382954632,-0.13290399379377088,0.37228422245149995
-0.08783279695022925,-0.28839825695178145,-0.014065930734249445,-0.3333646140867951,0.03335241267337742,-0.3329285971689774,0.08051812982684013,-0.33204420529570045,-0.14063316719926458,-0.3271440849344124,-0.18285438047596692,-0.32371034608234495,-0.21206534166320698,-0.3197207067849106,0.14914002260429132,-0.3036095225490865,-0.22381073216503858,-0.2940287690249661,0.009844328501621534,-0.2344239466185499,-0.15434988292317064,-0.23489207330938514,0.49971852259314264,0.01677492704385853,-0.49971852259314264,-0.01677492704385853,0.5726738702255396,0.49374638160589934,-0.8275046715990173,0.40622591403381786,0.12221678742712033,0.44060153853420414,-0.3529502081612023,0.3099834181173295,-0.013247243695313585,0.4223729048915267,-0.2149045443592262,0.3264031307971811,-0.008911069771096276,0.37563734151294575,-0.16342316989514255,0.2644995021409141,0.023358597158834298,0.3717624101546466,-0.21177143499373421,0.25511394223697953,,,,,,,,,,,,,,,,,,,,,,,,,,,,,,,,,,,,,,,,,,,-0.22361817262296982,0.25718798007570715,-0.11395242356351729,0.2742858004620484,-0.01003083193485753,0.2910828029748565,0.06122114239279751,0.307456885977262,0.110054390574237,0.32217625942672873,0.06735214922453699,0.2527604226238949,0.05678955385595023,0.3193421494609139,0.029345246131050783,0.3572052755583214,0.008463782875879977,0.38629081495406137,0.013375163545147103,0.24523786330050007,-0.004938262376840703,0.3211857151788377,-0.03158266935959186,0.3557269585084726,-0.05106183443484652,0.38134971238247456,-0.05450664801413609,0.24607060491389018,-0.06949885441464468,0.32070153360149367,-0.0840144821282367,0.3542262491169141,-0.09725461916522622,0.3802028442396296,-0.12289470083421031,0.25451526396900703,-0.1293463106519096,0.3173346549017951,-0.1332355684630852,0.3494636515334842,-0.13496168307446407,0.37488212810151256
-0.08747179038800106,-0.3008780031994946,-0.013739092336920335,-0.34779979289116736,0.03374098055552147,-0.34746641336249523,0.08094054391314867,-0.34657515816324236,-0.14042724119325248,-0.3405924187195139,-0.18262240561010495,-0.33693947486348463,-0.21181444417456763,-0.3327753196454875,0.14929458294746273,-0.3170976563967409,-0.2237605883318399,-0.3061636462694047,0.010308045156454509,-0.24474790025904886,-0.1540930522694248,-0.24513059171668075,0.49970491704455905,0.01717544414245328,-0.49970491704455866,-0.01717544414245328,0.5734066947324546,0.5139294752063666,-0.8251604154666196,0.42609069876963973,0.12266448199506128,0.4604888029507315,-0.354058504067848,0.32318652128937164,-0.01135624546842753,0.441287818925436,-0.21765245610681147,0.34110120309616376,-0.006181166122871102,0.39263205854161615,-0.16556450701107997,0.27653015553746896,0.025508248335321736,0.38834445802494794,-0.2131534195819332,0.26667902213198763,,,,,,,,,,,,,,,,,,,,,,,,,,,,,,,,,,,,,,,,,,,-0.2356654228838966,0.2743716830497128,-0.13078825085539628,0.2975688087184959,-0.024886749035301553,0.31547510639418974,0.04844324220565661,0.32953507361102097,0.10183182545840459,0.3410332475072617,0.057481140683195264,0.2691554296963927,0.058176230447595505,0.33616427368943463,0.031597086253722734,0.3757442121593377,0.009413333527331603,0.4070494545052699,0.00388205159788384,0.25781787810119317,0.0034607925698507728,0.3318528445896449,-0.021923588790551674,0.36846060858519825,-0.03967781396850416,0.3975394228544723,-0.06396563556891188,0.25723429844974527,-0.06767558442530722,0.33302662294340785,-0.08211069413752344,0.3689676278816169,-0.09342358925676578,0.397862432536786,-0.1335384316385278,0.26637895849267984,-0.13470598455239557,0.332331622602364,-0.13959486501631102,0.36816032431086154,-0.14128930091885183,0.3971389702770137
-0.08714684933652987,-0.2789051200685479,-0.013585067649199645,-0.32279734444407915,0.03399181737901046,-0.3226768087160961,0.0812147150943191,-0.32188020694918795,-0.14037639191026238,-0.31540315400834523,-0.18254469735834927,-0.311941031712588,-0.21158155875925785,-0.30813964644096026,0.14920602370317856,-0.2947820123610868,-0.2240926586063451,-0.28368227075718105,0.010699947277268609,-0.2272682701773729,-0.15382568190832507,-0.2273203383319778,0.4997564416026601,0.015604456948169176,-0.4997564416026597,-0.015604456948169176,0.5745465345113995,0.47525372109819475,-0.8227662752430721,0.3970299284991731,0.13553122150787578,0.4276185343804152,-0.3544347479137385,0.30208856840275145,-0.0035996549024831896,0.4105084057961316,-0.2274723710420367,0.3261420059028733,-0.0032632431834392944,0.36607192571006475,-0.16868745554793604,0.2689832667180272,0.028223804527325865,0.36070234601824974,-0.21337897266063915,0.2543847091188592,,,,,,,,,,,,,,,,,,,,,,,,,,,,,,,,,,,,,,,,,,,-0.24365008632876797,0.2595972643759208,-0.1408118210594884,0.27684248317234866,-0.03422178536060778,0.29402640914111167,0.03786909240136676,0.3090339272459363,0.0927663360429417,0.3220476860134092,0.0480470940497879,0.25547137560531835,0.05428568723841251,0.31660861378454275,0.03299718729283102,0.35635281017412773,0.010275905132513561,0.38645681323062175,-0.005111651061364312,0.24707343824429726,-0.0019715608067135304,0.31674944379325765,-0.021017315958670197,0.35581798412938676,-0.03619198467765643,0.384989270243155,-0.07327450736801402,0.24885687503588275,-0.07214298568460756,0.3187559126801586,-0.08014904000198342,0.35532067175508947,-0.08863978464010114,0.38369392115280687,-0.14312387805424082,0.25930063988886054,-0.1407321120281917,0.3203710504365842,-0.1417096616076647,0.3547600166257807,-0.1419245294311598,0.38200129614267797
-0.08700307929150414,-0.300647946241955,-0.013818846542621666,-0.34817281346193957,0.03378291225525876,-0.3481929546344623,0.08103338118665457,-0.3473744705027132,-0.1407147548574431,-0.3395617982137606,-0.18290521284176878,-0.33571428093299777,-0.21193790821063327,-0.3315950791547438,0.14863933895413267,-0.31836542744921625,-0.22482662936276418,-0.3054374506683978,0.010906955787573572,-0.24526757907496127,-0.15381504268515753,-0.24487117423992538,0.49973225519612513,0.016360718706552164,-0.49973225519612513,-0.016360718706552164,0.5748490776829802,0.5129276046981263,-0.8183469616383181,0.43168165604636644,0.11292148346743734,0.4637072270153877,-0.3555169884815413,0.32612664014903103,-0.03340858292644477,0.4466742136765511,-0.22963816094729275,0.3527862486274828,-0.025745112736154617,0.4012890693726522,-0.17099678365132948,0.29106417876039653,0.00822744154505152,0.3932299443847535,-0.2142198059258578,0.275147561841393,,,,,,,,,,,,,,,,,,,,,,,,,,,,,,,,,,,,,,,,,,,-0.2482139132524689,0.2807886394687294,-0.14073432601361532,0.28430294207660195,-0.03340139857797632,0.3042500068158196,0.037897314302207996,0.3311541866749049,0.08337300142577961,0.3560114922099188,0.02271926335022995,0.2845545960673534,0.04430674408054838,0.3522070239187788,0.03555546443769608,0.39742860419526754,0.021829642820930997,0.43155461172737675,-0.02732715581610548,0.28229369411878186,-0.018334085686871834,0.35531119913451203,-0.021121612892572302,0.4032332458500141,-0.025599691613710337,0.43912348729617745,-0.0916833107143708,0.2891308475297777,-0.08173942922578054,0.360622492728234,-0.07643589363925049,0.402518123559673,-0.07251794636248587,0.43510853268559624,-0.15830996746477305,0.3031205518335817,-0.1531788562414821,0.3658835440564322,-0.14800067514891582,0.40295304008722493,-0.14292406587952236,0.43310371135909986
-0.08768282818445103,-0.27574040405033184,-0.014774361531267374,-0.3200506140470924,0.032718720915524954,-0.3202936580622785,0.07987246989471122,-0.3195839573297803,-0.14143700883273036,-0.31172485594127397,-0.1835341450238699,-0.3082154183741498,-0.2124323964976264,-0.304536389189899,0.14720617243722875,-0.2933732524388147,-0.22579946398321052,-0.280719499986388,0.010082556953656617,-0.22536386019776045,-0.1543212928425371,-0.22425729269956904,0.499772903296827,0.015068016799174841,-0.4997729032968274,-0.015068016799174841,0.5764733967177452,0.4708936591708261,-0.8157089325870228,0.39983975659136284,0.1814956709422317,0.451444644286277,-0.4234260883443318,0.31211215965237216,0.03876934332916022,0.44665599556513436,-0.29594552866869117,0.3349198413922389,0.04613006004156207,0.40437712079282795,-0.2669577446036275,0.2757644134214427,0.07458336916238659,0.39557504118047904,-0.300193627531371,0.26008853224774425,,,,,,,,,,,,,,,,,,,,,,,,,,,,,,,,,,,,,,,,,,,-0.26831507847405056,0.26623167574418527,-0.164644746878882,0.2666129771125057,-0.061294704526096075,0.28663536833426234,0.007848199412584795,0.31432956750293567,0.04884645907561037,0.339218536167322,-0.001429553529709737,0.2821850889703859,0.031002762024672836,0.3445618420549756,0.03231310365103971,0.3877601943531305,0.025202435142536648,0.41984098701146244,-0.04777973513553501,0.28670210624718073,-0.026048790190749266,0.35178479684366665,-0.022111334794040993,0.39435931243143174,-0.022452152227248442,0.42457022271256795,-0.11060663414546322,0.29632782937018126,-0.09161731564995577,0.35780016165317846,-0.08165397059964163,0.3930965822863962,-0.07647690927025096,0.4179212546688246,-0.1804546690725873,0.30861574411703685,-0.1608435689899365,0.3579859290754178,-0.14659279998849536,0.3852204912157903,-0.1350522468310952,0.40549945715763874
-0.08802748524381765,-0.2960872394344251,-0.015797658401891707,-0.3435938905598051,0.03141913748590781,-0.343849975517582,0.07830622812334564,-0.34309601426566966,-0.14202503033586156,-0.3346641960798476,-0.18372818920639675,-0.3308755135110846,-0.21199862923972054,-0.3268971949573978,0.14536221872881364,-0.31513332630690144,-0.22586816444298363,-0.3013407454195301,0.009557635657539833,-0.24204480263761965,-0.15414139049612155,-0.2408649787567328,0.4997399605672941,0.01612364140630843,-0.4997399605672943,-0.01612364140630843,0.5919234802160733,0.5046647823046331,-0.8128706891486052,0.4298458575508249,0.20932552976404056,0.5321870957897807,-0.4546146631086052,0.363567753485105,0.06955931280696946,0.5483146652141888,-0.3188259620303475,0.38558931406809505,0.06961914729228537,0.49352994210815626,-0.2922236237286001,0.3289287440962336,0.10172564266197805,0.48200164543202734,-0.3268607731017285,0.3118721983912493,,,,,,,,,,,,,,,,,,,,,,,,,,,,,,,,,,,,,,,,,,,-0.28947763944776156,0.30116158414953875,-0.18512531212690245,0.30817266001102644,-0.09059987564750513,0.33709662128807943,-0.03605520205187204,0.3728110347433543,-0.008464363580161996,0.40607021866309634,-0.04284777041370964,0.33868441349326445,0.006389362725191485,0.39985434824356775,0.026168722957543675,0.4468973841215707,0.029194427301423187,0.48331360347732316,-0.09401955191116024,0.3446803148992105,-0.05126350308502372,0.4179773508626174,-0.03510105130866476,0.4656451598416985,-0.025747173003383906,0.5013818320662049,-0.15754506165053617,0.3544914129960925,-0.11508375306688193,0.42056460545094526,-0.09814616153836353,0.45975749715672165,-0.09018620513174003,0.48892194043076664,-0.2264807907782352,0.3657406021639158,-0.19255463760407754,0.4137283263948937,-0.17397344447274396,0.44289735235672173,-0.1636907773665914,0.4653108418567695
-0.08726312761904627,-0.25869035451749456,-0.015185889253472536,-0.29996464552240365,0.031923526113121214,-0.3001675388736364,0.07871241575843275,-0.2995117738650106,-0.14130710713350028,-0.2922468982436305,-0.18296512721896369,-0.28890234450584523,-0.21100473698087469,-0.2854018872506336,0.14529843892964933,-0.2751955812025439,-0.22556850154066235,-0.2631088257121097,0.010142033578082405,-0.21145739112567727,-0.15338286452241592,-0.21046908267780637,0.4998151263875058,0.01359556671277571,-0.49981512638750597,-0.01359556671277571,0.6143059799821172,0.43624267812945183,-0.8105519085689731,0.37401862605770636,0.23971145319030066,0.5058831337684349,-0.4664846300070393,0.34608840152147574,0.11717746872775041,0.5466505243191857,-0.33184686673515446,0.376841250204205,0.09003011998443902,0.4915594148739025,-0.2998446840033138,0.33245963753744817,0.11945506944354756,0.47579232808832167,-0.3368466009634813,0.3162146622396341,,,,,,,,,,,,,,,,,,,,,,,,,,,,,,,,,,,,,,,,,,,,,,,,,,,,,,,,,,,,,,,,,,,,,,,,,,,,,,,,,,,,
-0.08599353109827328,-0.285722489088603,-0.014015979480474592,-0.32947462052755605,0.032987125519719745,-0.3295080148790824,0.07973244338960585,-0.3287945236872528,-0.13998828419497814,-0.32172097388988674,-0.18158619890915928,-0.3179443858043053,-0.20946694401108412,-0.31393821155198043,0.14605511176358554,-0.30204731783224537,-0.22454368932581228,-0.28897896014916197,0.011351647698389374,-0.2330928867257714,-0.15242117843683167,-0.23213290347673815,0.499781487632465,0.014780548700247047,-0.4997814876324648,-0.014780548700247047,0.6251114093838125,0.46574308957912197,-0.7952863580516093,0.3996715302255062,0.3276723996534936,0.6113990239167826,-0.4548350382817792,0.45168782445108724,0.27554347595760104,0.6918184664036824,-0.32882103631498966,0.5082369844669723,0.2256318649714946,0.6430034382012935,-0.2939183512891583,0.4704832090635863,0.23060291327782623,0.6126133260241584,-0.32214714580869214,0.4500631892493317,,,,,,,,,,,,,,,,,,,,,,,,,,,,,,,,,,,,,,,,,,,,,,,,,,,,,,,,,,,,,,,,,,,,,,,,,,,,,,,,,,,,
-0.08333329370474674,-0.2735888111671817,-0.010806029477827063,-0.31497951832643784,0.03632891938844198,-0.3149237715813762,0.08321922574883497,-0.31425431022102157,-0.13753134025576927,-0.3082116432913203,-0.17924621346315325,-0.3046938935688289,-0.20706425904823048,-0.3009832821268872,0.14972503228580886,-0.28853734589323476,-0.22282904183624896,-0.2765886265886064,0.014246052951691436,-0.22290731344405634,-0.15124684171057823,-0.22237967100246722,0.4998205301811248,0.013395432410313286,-0.4998205301811248,-0.013395432410313286,0.6388846431965195,0.42036128361327463,-0.7711188449640302,0.37239105936182026,0.39986103120920985,0.6357787166023303,-0.46318981112531316,0.4743971940966999,0.3749796811629465,0.7330404730555159,-0.3683046116219541,0.5418065185273979,0.3026487714951235,0.700556234196149,-0.31511753236485135,0.5004202150607499,0.28919811464637396,0.6636957257235564,-0.33863117559201006,0.4779221498616409,,,,,,,,,,,,,,,,,,,,,,,,,,,,,,,,,,,,,,,,,,,,,,,,,,,,,,,,,,,,,,,,,,,,,,,,,,,,,,,,,,,,
-0.08173634874952697,-0.28617434963396604,-0.008716915920018586,-0.3293937085700951,0.03819156567772969,-0.32932086483718065,0.08501418026852467,-0.32863764085950053,-0.13586011930401168,-0.3226071007869012,-0.17755605531636054,-0.3190737610984084,-0.2051801357537385,-0.31535307905083976,0.15100851095039308,-0.3016310362025492,-0.2215337409633258,-0.2898470971561399,0.015665377458300773,-0.2331571946392395,-0.15035417483293984,-0.2328326423177343,0.4997956184849995,0.014294745300169458,-0.4997956184849997,-0.014294745300169458,0.6551381374417751,0.43775064516994605,-0.7550244710126804,0.38101584328318894,0.4184032913471396,0.7206466081806198,-0.4931228417068626,0.5341771179732724,0.39994631352311,0.8205197617487994,-0.43238891085925374,0.6215378951658984,0.327286341143911,0.8009708482305696,-0.3737029942405161,0.5832961913122551,0.31481987875050993,0.7628572488727413,-0.3797993056969036,0.5499835800524878,,,,,,,,,,,,,,,,,,,,,,,,,,,,,,,,,,,,,,,,,,,,,,,,,,,,,,,,,,,,,,,,,,,,,,,,,,,,,,,,,,,,
-0.08065421218093786,-0.2992496822025081,-0.007120754460875037,-0.34379697792560776,0.03960610983809309,-0.34355681496150664,0.08625615949144419,-0.3428737089016244,-0.13467552284313233,-0.33807392709238504,-0.17633777422961253,-0.33468980271904863,-0.2037770454666873,-0.33104073838802967,0.15136184805766795,-0.3146157650640016,-0.22059258125923467,-0.3037095410471735,0.016365384790234465,-0.2438048561445388,-0.1500166101025484,-0.2439122231167252,0.4997525872352337,0.01572741401788997,-0.4997525872352337,-0.01572741401788997,0.6511807584813301,0.4685969558591037,-0.7378458393889412,0.39640027403547007,0.3985113751397395,0.8486247446753696,-0.5159136033477109,0.6434573279296264,0.348892795283866,0.973531654896954,-0.5245930447669834,0.7690866831219548,0.27690691952950375,0.9497870360480408,-0.4319934803034612,0.7599396256494115,0.2765145022185052,0.9015140629216637,-0.4090784199033164,0.7223981335324983,,,,,,,,,,,,,,,,,,,,,,,,,,,,,,,,,,,,,,,,,,,,,,,,,,,,,,,,,,,,,,,,,,,,,,,,,,,,,,,,,,,,
-0.07864992925669953,-0.31582307935357234,-0.005450182752631057,-0.3621502650499228,0.04107846962950543,-0.36170732995834365,0.08745282844027262,-0.361117546686827,-0.13240429827336864,-0.3573652910999261,-0.17375253790305173,-0.3539656988164722,-0.2008667690119489,-0.3504262023367833,0.15187441635712529,-0.33164227107839717,-0.21871485459858997,-0.3207282639066807,0.017792815338129486,-0.2570321259260713,-0.14901047904780684,-0.2575697724019202,0.4997223261413178,0.016661235125598625,-0.49972232614131756,-0.016661235125598625,0.6473049802796679,0.5089559842346865,-0.7211579760274469,0.4194655650227489,0.42247755307031903,0.9487667384908941,-0.5371234047157685,0.7511245699635111,0.34435138101974705,1.0865251299261243,-0.5590179793676462,0.9004828292558251,0.25575786483758894,1.0655347193873275,-0.46082291805153586,0.8946173259074042,0.2646859295012534,1.0114791075017202,-0.4330259439830743,0.8522064331834507,,,,,,,,,,,,,,,,,,,,,,,,,,,,,,,,,,,,,,,,,,,,,,,,,,,,,,,,,,,,,,,,,,,,,,,,,,,,,,,,,,,,
-0.07800509402271004,-0.2885147764795485,-0.004545633861893629,-0.33085228180418225,0.04198385508479787,-0.3304447244982107,0.08831043080415599,-0.3299187805104384,-0.13167649522892336,-0.3267011736836859,-0.172977253773806,-0.3237207552483415,-0.19992525089287966,-0.32064622925787584,0.1525735127278654,-0.3030971934883228,-0.2182383523546822,-0.29363082425013026,0.017806001088452494,-0.23476027122622692,-0.14927635547868312,-0.2354038755971387,0.49978703229885263,0.014591858891371963,-0.4997870322988524,-0.014591858891371963,0.6351014109194938,0.47019278374201334,-0.7026699322649288,0.38773007881523186,0.4575445420170314,0.9023655964302911,-0.5827275094796548,0.7346532748561589,0.38852237759343144,1.0467900852406526,-0.6395428477429819,0.8743383536303269,0.2784537660407187,1.041433736370114,-0.5449086737096829,0.8766726775279206,0.28274466219855077,0.9881192643486219,-0.5002999180133181,0.8378435060084843,,,,,,,,,,,,,,,,,,,,,,,,,,,,,,,,,,,,,,,,,,,,,,,,,,,,,,,,,,,,,,,,,,,,,,,,,,,,,,,,,,,,
-0.07854629122712074,-0.26218493278207416,-0.004469207232149851,-0.30050795188554097,0.042086196738530715,-0.3000850905391248,0.08841825908156657,-0.2996176976934415,-0.1322327960874658,-0.29727462682483013,-0.17345527936139846,-0.294744129076392,-0.20015860838362956,-0.2922303541272568,0.15255919799320974,-0.2753303683104557,-0.21929730533058228,-0.2677346473911603,0.01636854227145773,-0.21338179172450422,-0.15184618532698135,-0.2140136880622059,0.4998383800022014,0.012711958022857371,-0.4998383800022014,-0.012711958022857371,0.6302138724724209,0.43659170412692216,-0.6700053374985572,0.35520653733553664,0.4614776896670152,0.8683360512154775,-0.6237694801096325,0.6892241605746473,0.4062304725384586,0.9939500158169314,-0.6880173404766041,0.8177001665129648,0.2919633427391167,0.9847853581091113,-0.6031727301049944,0.8200725492545116,0.28938626775316956,0.9443302760428431,-0.5555563925137877,0.782240879815954,,,,,,,,,,,,,,,,,,,,,,,,,,,,,,,,,,,,,,,,,,,,,,,,,,,,,,,,,,,,,,,,,,,,,,,,,,,,,,,,,,,,
-0.07652016592318421,-0.3005605369243612,-0.0019126234264918124,-0.3443905195099941,0.04460290461531066,-0.3438388825896746,0.09081483003409135,-0.34332121240100383,-0.13036918364803923,-0.34095697739273667,-0.17168862345875205,-0.33821330389485,-0.19842953314265094,-0.33551273374946683,0.15437035987025619,-0.31560693912746324,-0.21852505411252846,-0.3080000035830188,0.017724082343426123,-0.24445093590979292,-0.1509132860215948,-0.24539233032681512,0.4998058181494488,0.013933561782979775,-0.4998058181494488,-0.013933561782979775,0.6156845554172409,0.5103969010220499,-0.657777134170849,0.4191564553722492,0.5035282397159837,1.0236808667445794,-0.6729366758984622,0.8460911848023858,0.45471181314352815,1.170359747989916,-0.7223170577445801,0.9944282014983942,0.3334152553918783,1.1657217842646734,-0.6400726666036296,1.0003682949299404,0.3307130458498954,1.1153566455057,-0.5986028874523032,0.9586182372095027,,,,,,,,,,,,,,,,,,,,,,,,,,,,,,,,,,,,,,,,,,,-0.7280721061820996,0.8367563530198011,-0.6232406301694189,0.8680401428268508,-0.583200658555726,0.929074274992533,-0.5807691572915741,0.9857589456726721,-0.5831454691543502,1.0285314450115974,-0.6866153629379415,0.9783200164623,-0.6783150231680909,1.047636011729458,-0.6684905787377263,1.0858505196480353,-0.6610420806774134,1.1145999183196031,-0.7529790952061487,0.9802279578761095,-0.7372095461216058,1.0460567736871094,-0.7174399228309348,1.0843794162007452,-0.6998398643519695,1.1146536631481612,-0.8011353200875307,0.9751426221979501,-0.7872109001063841,1.0391610972038017,-0.7650239079369026,1.0741560749124395,-0.7432837915383856,1.1006703336539367,-0.8331000954495691,0.9671481864396024,-0.8252644187632678,1.0192720709683083,-0.8078462538301177,1.0482536472992467,-0.7861266050241639,1.0687435407180188
-0.07599355994795012,-0.3171545488355092,-0.0006608719285694482,-0.3629472993594651,0.04594271085144705,-0.3622014466941293,0.09223510843751034,-0.3616774257775125,-0.12943833565855323,-0.36010026995179856,-0.1709516608659572,-0.3574122576905352,-0.19775239417008925,-0.35502767957126957,0.15580572832592976,-0.3326863929886754,-0.21817541743251004,-0.32590411363051924,0.017172846453344905,-0.25741084490640076,-0.15226029168282673,-0.2585864399951478,0.49979228238959655,0.014410914745353503,-0.49979228238959655,-0.014410914745353503,0.5999431489441064,0.5417038496557809,-0.6561621101504467,0.44966495167655857,0.5626036104047712,1.0750120466993294,-0.7092431042676485,0.9039566798263992,0.5178273558970099,1.228394213967173,-0.7639526342332036,1.0620618261116122,0.3904933033333296,1.2265711191669866,-0.6801752342838081,1.0697129842120723,0.3890879665907565,1.1761306539689766,-0.6345999050113397,1.021236861784862,,,,,,,,,,,,,,,,,,,,,,,,,,,,,,,,,,,,,,,,,,,-0.7739533941663916,0.8917074928364196,-0.667344153486562,0.9370136848462209,-0.6258586518964995,1.0050370324373388,-0.6237440569785329,1.068541803122407,-0.6239190528876027,1.1172784646748986,-0.7335552102540236,1.039443363022583,-0.7334926071150049,1.1184587001216546,-0.7163659503071151,1.1683097266730682,-0.6936484548812821,1.2061322661885852,-0.7923356527235289,1.0386241700648136,-0.7864709711349068,1.1151339401979967,-0.7581465286810903,1.1660221433541353,-0.7242755457369402,1.205052307746607,-0.8341995799161196,1.0325783494765117,-0.8299131564111809,1.1056506329402596,-0.8050415272427377,1.151594930766019,-0.7736938291046123,1.186049249443843,-0.8623469518929064,1.0227629736724777,-0.8700536057629106,1.0811441100389187,-0.853891378989456,1.1191954984298997,-0.829181810188687,1.1476913710653462
-0.07419089627668476,-0.32542157168143826,0.0031255522954584053,-0.37177280151682357,0.050052996806861205,-0.37081041878117477,0.09661685666348588,-0.37024540323896743,-0.12654193455541082,-0.3697285358384472,-0.1683737965568707,-0.36733713946144986,-0.1952984423786653,-0.36554208392366105,0.16030771269736652,-0.3404888074997912,-0.21621829871979778,-0.3357934935381629,0.01585346855043304,-0.26329422615852416,-0.15349258575737174,-0.2649569033115782,0.4998145747802614,0.013615830390629429,-0.4998145747802614,-0.013615830390629429,0.5903704605285746,0.5553109651963286,-0.649713388732294,0.472519365418272,0.6104659953851906,1.079967226786494,-0.7470937241040579,0.9417117522557767,0.6085084771932392,1.2360092049545075,-0.8122659054723169,1.104427874998948,0.48054606007968853,1.245208400507201,-0.7237125566636958,1.10905218495404,0.4665215548230266,1.1981311198990985,-0.673674034549569,1.05857645768016,,,,,,,,,,,,,,,,,,,,,,,,,,,,,,,,,,,,,,,,,,,-0.813154749739699,0.9489817735916688,-0.7012415775291542,1.000856929504174,-0.6646679543305638,1.073623738124127,-0.6675302634852822,1.1412455407410562,-0.6718413912491709,1.1927791348966295,-0.7897526062615613,1.1086537735840318,-0.783910718407601,1.1858759675945074,-0.7519813862395579,1.2333282236096765,-0.7175034041483305,1.2688248899752812,-0.8524523138438209,1.108916442000368,-0.8350716425430561,1.1849972350038138,-0.793142996367298,1.2316041720784239,-0.7505620076834061,1.2651294330860847,-0.8863096014839095,1.1075388250500253,-0.8653580970857822,1.1805935943631525,-0.8260447089531626,1.2239714734150287,-0.7829774687269161,1.2537265608991641,-0.8963990756539937,1.1056799587220487,-0.8841825576533269,1.169443412905375,-0.8525157326246982,1.207522211900829,-0.814853195465088,1.2333043235682608
-0.07234458921729646,-0.3208407920801061,0.005749732397921487,-0.3664754045509599,0.05288721591227019,-0.365431302042596,0.09964482464962733,-0.3648461607770891,-0.12448104742341766,-0.3650352592153849,-0.1665284060076753,-0.36287830152992395,-0.1936524997632561,-0.3612888679535891,0.16337904209777876,-0.3354686373350623,-0.21487892674764417,-0.33219516376468505,0.01565579248716235,-0.2593524548232751,-0.15373510053170236,-0.26114723122885436,0.4998298455545125,0.013043216357634327,-0.4998298455545127,-0.013043216357634327,0.5808321061240813,0.5481650278087522,-0.6495214476088143,0.46939483212790156,0.6562269025731037,1.0635720972985023,-0.7872504431158172,0.9394196491920976,0.6833761242322206,1.2198298681579822,-0.852988610870997,1.095045490364254,0.5702106398400394,1.2270140072535507,-0.7703287709000095,1.0987045966239808,0.5448664392516207,1.179174275909987,-0.7250824084787711,1.0486103268521454,,,,,,,,,,,,,,,,,,,,,,,,,,,,,,,,,,,,,,,,,,,-0.8364745280316696,0.9709797552743211,-0.7261962890262208,1.0185948106754692,-0.700199994705833,1.0855459535729162,-0.7091470064767673,1.1473357272392506,-0.7089735746719669,1.1955213954717474,-0.833642465491919,1.126040245882619,-0.8230813554467635,1.202518609674288,-0.7888422465344497,1.2420123847781017,-0.7558287387995242,1.269197716221906,-0.8876768194710256,1.1237344575448758,-0.8675736344099142,1.199170434784971,-0.8212732549761217,1.240433933325225,-0.7755909726989256,1.2668253487606973,-0.9156256997073895,1.1194095600504959,-0.8927988469845278,1.1929490618459042,-0.8500006075181235,1.2293021784349132,-0.8078080244325453,1.251440537766961,-0.9235966648723313,1.115517083667282,-0.9101835377757933,1.1803196198689812,-0.8774371987799389,1.2152141731861987,-0.8402350912422899,1.2373097479956074
-0.0715179516606617,-0.2937961468303451,0.006779033678058517,-0.33563669325127526,0.05396816403646111,-0.33463530813082,0.10075691432474058,-0.3340723236950969,-0.12358215314383104,-0.3346123612498553,-0.1657993223728132,-0.33275209218753843,-0.19310578554202615,-0.3312979514842133,0.16404285204670863,-0.30715018374902053,-0.21505026216868067,-0.3048321296504717,0.015460920481874252,-0.2374226805787126,-0.15425659176745038,-0.23912598878401978,0.4998628685600005,0.011709510449538097,-0.4998628685600001,-0.011709510449538097,0.579246846342793,0.5048111586298156,-0.6522219077999121,0.43798083015664996,0.672849740482913,0.9796640639672841,-0.8101222910337461,0.87219114199588,0.7022823598865744,1.1161829173472013,-0.8781382114129509,1.0125235783876303,0.5943227338354338,1.1255169541056396,-0.7972360436844561,1.017997300130079,0.5654583878687393,1.0835279340302484,-0.7532964265737515,0.9754326172052808,,,,,,,,,,,,,,,,,,,,,,,,,,,,,,,,,,,,,,,,,,,-0.8622085577978736,0.9048542981745464,-0.7511027185294422,0.9445553360912832,-0.73052887798644,1.0057535150410932,-0.7439305160602329,1.0623147475515784,-0.7442349922835102,1.1072177071686524,-0.8577889683107629,1.042679761625833,-0.8479106255461658,1.119036922569652,-0.8123061374999736,1.1590875074950564,-0.77356320222923,1.1860495687271948,-0.9156000044211353,1.0398104584827392,-0.8915361513949633,1.114856608583497,-0.8424582822944325,1.1562414655737625,-0.7923024194398287,1.183171673601274,-0.942863446455966,1.035930235213858,-0.915232660637586,1.105777397462073,-0.8692994022479077,1.1444626953602168,-0.8221253107960796,1.1704232666916214,-0.9481337203223629,1.0343805348966524,-0.9286118636212429,1.0955412025068032,-0.8925034489350676,1.1314083300377016,-0.8523660865235493,1.1564778498817827
-0.06917188467537898,-0.30154995531905,0.008974925909031019,-0.3446999198713653,0.055856718939584465,-0.3436532046430475,0.10235894610205162,-0.343036842817039,-0.12088847170052008,-0.3438153824223191,-0.1633521573598051,-0.34195907226928624,-0.1907843954775698,-0.340392503933343,0.16473041904336896,-0.3153084323074861,-0.21303029867369788,-0.31342117466598846,0.017200983601963458,-0.24353042346073533,-0.15207138109379348,-0.24532322117228486,0.4998824097396417,0.010843266707446016,-0.4998824097396421,-0.010843266707446016,0.5823836569959454,0.520023911882315,-0.6491498831910001,0.451416457054131,0.6870811492195216,0.9829433455199452,-0.8249219446285024,0.896222444307418,0.7223554541714426,1.1199570425858074,-0.8979703055230381,1.0410909805709292,0.6269012758338941,1.132366230643375,-0.8179497572141787,1.0506745658837933,0.5954867919278378,1.0896608531814433,-0.7748689082700302,1.0069922398313023,0.7001786299966434,0.995602270104636,0.7428362777478452,1.0381579781798462,0.7725653318665981,1.1016881039423487,0.7855603003593992,1.1494628309781625,0.7969765305070915,1.1890883402675165,0.7550671978481523,1.1452380135633597,0.7161159714655577,1.202532705639584,0.6635873986487797,1.2378482110476294,0.6140375820649003,1.262415341002058,0.7181008256228926,1.1426453257144187,0.6740655307701668,1.201300413311448,0.6212714585119813,1.23697887776539,0.5698454458754911,1.2622266368041022,0.6795566983837892,1.131029557936027,0.6395265117712537,1.1894594944671528,0.5921097865328285,1.2229776732628976,0.5466427613590327,1.247357177329073,0.6425119054901881,1.1095573924900126,0.6080891654132987,1.1520893777517656,0.5732079471343499,1.1769649042811388,0.5409760691147021,1.1943435904341275,-0.8695226549582992,0.9307673896019826,-0.7638687501636168,0.9742756764684732,-0.7430830938952281,1.0351999590036627,-0.7571668559306144,1.0918336472321906,-0.7566526965957042,1.1354359627047483,-0.8785075985545872,1.0746399990241686,-0.8797967458423087,1.1444243210617748,-0.8525236844729803,1.1768048831212725,-0.8239183321567017,1.1983587844427441,-0.937934608940854,1.0683879593684702,-0.9240835276659229,1.135835799942474,-0.8828728518703903,1.166438876288199,-0.8443301996281835,1.1838893778673811,-0.965513855082657,1.059029956445391,-0.9478765796902882,1.1199294378574207,-0.9072602047277202,1.1486573336303174,-0.871476288347987,1.1658568047107334,-0.9739133478273604,1.0520729179061301,-0.9609604167461158,1.106043612493107,-0.9258204594282029,1.1343330675409249,-0.8912465321694013,1.1521415679413716
-0.06733715911114477,-0.3088246241832263,0.010735855731782713,-0.35345309432549615,0.05727125494657929,-0.352358903763191,0.10354056366073823,-0.3516610962821756,-0.11870759946160123,-0.3526846509129313,-0.16154522441292696,-0.35082801432847577,-0.18926846708035275,-0.3491092066607703,0.16501949738411756,-0.3232171394875871,-0.2116131959475323,-0.32168158541588276,0.018489546362441447,-0.24914559173277323,-0.15058003745400309,-0.2509932322316068,0.49991157540221753,0.009403019667783561,-0.499911575402218,-0.009403019667783561,0.5833206375725031,0.531424988501554,-0.6399966868535664,0.46641838529559787,0.6890638733594822,1.0055235875369535,-0.8258389318995346,0.9175163257143564,0.7314439404757634,1.1499034316242154,-0.9081193186805854,1.0638002301954632,0.6364430040327832,1.163550604575386,-0.8337574562674427,1.0744702541197202,0.5997345430209555,1.1194939967154254,-0.7883506097064107,1.0276526254133418,,,,,,,,,,,,,,,,,,,,,,,,,,,,,,,,,,,,,,,,,,,-0.8645380395118416,0.9579467336292031,-0.7638295354714711,1.0053027947194686,-0.7492621851808094,1.0669655195809378,-0.7618066094421788,1.122349198803909,-0.7601599903662787,1.1684435866514027,-0.8696160968796334,1.1112773497218749,-0.8808413603011267,1.1738196918441497,-0.8617105824716276,1.1998763540653776,-0.836720413267391,1.2165935245321022,-0.9361319715880955,1.1032359598037726,-0.9318588134376377,1.165796960474004,-0.8976757574724498,1.1932763369769137,-0.8620992857075678,1.2064881438090997,-0.9715244628822876,1.0907400636866311,-0.9615263086975899,1.1473714222414066,-0.9278387358279153,1.1725515769598216,-0.8947967515345108,1.1857262888216655,-0.9866448592042556,1.0797966031845831,-0.9787991169705166,1.1272677253205803,-0.949431832672077,1.1512630622437587,-0.9176680155713098,1.1644844204754938
-0.06542731849097684,-0.28318219482698226,0.012293266360170241,-0.3240751284253376,0.05851237147331758,-0.3230692925663132,0.10454285817264877,-0.322371107334354,-0.11669919246356843,-0.3235046375976446,-0.15980119456918004,-0.3218235831261333,-0.18781372356955142,-0.3200344324323055,0.16541442957253388,-0.29636187011431375,-0.21020174945353587,-0.2949607021787721,0.020338699065828195,-0.2284349797719944,-0.14901320113484906,-0.23000712143027457,0.49994706847979686,0.007275212605652671,-0.4999470684797965,-0.007275212605652671,0.5842964882611537,0.4840944881926411,-0.633305431185917,0.42450560353129013,0.6910287897879361,0.9189173096340941,-0.8225127263868923,0.8405619408695014,0.7376461982009067,1.0527939195668248,-0.9037263037988215,0.9727345297112485,0.6437615052037288,1.0652236581729861,-0.8325565344430784,0.983147492906145,0.6041599669077581,1.0251290442674894,-0.786915532520327,0.9395115283518772,,,,,,,,,,,,,,,,,,,,,,,,,,,,,,,,,,,,,,,,,,,-0.8668234785742864,0.8811036383007264,-0.7640995633000625,0.9218500959037803,-0.744559920423671,0.9784302513403899,-0.7562758184703826,1.0299628541862997,-0.7585343402565891,1.0709469397454943,-0.8674996878357639,1.0181337181978065,-0.8685163900780254,1.0807893100388335,-0.8413239837392831,1.1075579768094257,-0.8121796217765294,1.1239487937944483,-0.9316802876032162,1.0122250704876905,-0.9192728703588408,1.0734048783983567,-0.8818564886348716,1.1002066171009892,-0.8432491163550961,1.1133702667916223,-0.9652212958002135,1.00285979343619,-0.9485040702796433,1.057876585566851,-0.9127339353739173,1.0841322290953634,-0.876985234378852,1.098839235614538,-0.9796437456056882,0.9954124842952913,-0.9661844745055675,1.0424517956337676,-0.9360454566086608,1.0679012597818685,-0.9034235345008007,1.0836404372170623
-0.062230296345622195,-0.2794353735442542,0.014250192609728644,-0.3195726327136846,0.06017622772395538,-0.3185686965041384,0.10596164677851029,-0.3176866991198437,-0.11398115643167862,-0.31858195509139803,-0.1570653312149303,-0.3168093221523213,-0.18547221651971002,-0.3149206765747228,0.16618120670835418,-0.29190477353041683,-0.20791561379381687,-0.2900333038499501,0.023553067932508005,-0.2255379105638609,-0.14573646165739768,-0.22680199632645612,0.4999597898510302,0.006341019800765623,-0.4999597898510302,-0.006341019800765623,0.5901024961040958,0.47465862922122026,-0.6298254343984693,0.41786185471620957,0.7055863646109677,0.9091232485017852,-0.8271021982400711,0.8342724967905458,0.7521966823905772,1.0451736301266645,-0.911950563371424,0.9667097124994875,0.6552790162624814,1.0574016635583958,-0.8314139358198052,0.9775911957736225,0.6157825040016948,1.020303131967495,-0.7882942408339801,0.9365110702511145,0.7156557927590419,0.9104499107784921,0.7633307401154391,0.9571032633668212,0.7887065681339557,1.019482103995826,0.7910115973621207,1.0668753259307802,0.7994961653376419,1.1065952409330604,0.7599891556974003,1.0652547649698176,0.7338348127235125,1.1175271470163193,0.6923379393638501,1.1468007014718038,0.6526451505197711,1.1687277932593332,0.7203727780107476,1.0637420806961042,0.6855886126246976,1.1159457591540787,0.6391838481823169,1.1456371599959274,0.5945316578586602,1.1693151888524724,0.6813669572081911,1.053374468122123,0.6451099850721393,1.1029352681863427,0.6019623377619523,1.1309042580105528,0.5626093710620808,1.1531375026311685,0.6409186011684787,1.0347437423701003,0.6070816411843861,1.0710784989797717,0.5739006453536594,1.0915901361334917,0.5441579074819958,1.1084046363186297,-0.8584662929872755,0.8684284255605498,-0.7581235516557107,0.9089745916143286,-0.7408221614386722,0.9653026951484797,-0.7512886590677474,1.0151696480457852,-0.7511702583925028,1.0537649937832254,-0.8692335527439827,0.9994220623596767,-0.86326872202524,1.063203299922917,-0.830849152392633,1.0896085800012327,-0.7982423388055668,1.105549419641035,-0.9302878984655772,0.9950808794705734,-0.9090674458979409,1.05707421663062,-0.8662310580948404,1.083808349850512,-0.8239617729073964,1.097475944438343,-0.9604443063252863,0.9879764864639498,-0.9344914886244178,1.0440988810078906,-0.8947984556552352,1.0692413810935686,-0.8563123771982374,1.0831335681140706,-0.9702449527343002,0.9833480341842209,-0.9509478397953545,1.0304553929423497,-0.9176966579973436,1.0540444285541064,-0.8834164888876702,1.0686035626913055
-0.05853443596764286,-0.2679125433543271,0.01684131310790279,-0.3056773801344696,0.0625466186259201,-0.3044832956846107,0.1080438940546207,-0.3034030248039456,-0.11014414637155576,-0.30487302093669877,-0.15299420849994996,-0.30326085364512095,-0.1824366705443914,-0.30151417940813213,0.167749746238654,-0.27869666644344954,-0.20509151223601488,-0.2773634765201314,0.02604743531780242,-0.2163364107919747,-0.14252433391120906,-0.2176547513018037,0.4999669861956369,0.005745669190937118,-0.49996698619563723,-0.005745669190937118,0.5976367481646117,0.4522763466535848,-0.6257094963051861,0.3981095183520567,0.71833093978506,0.8759389273430193,-0.8174108051255359,0.7977101094237543,0.7627666534831322,1.0103493036649462,-0.8955257386987704,0.924762457657831,0.6591029485313395,1.0216576589515678,-0.8179550896984022,0.9331267969669039,0.6220643468512752,0.9875863982208365,-0.7754268051058222,0.8939841262203083,0.6955833969659164,0.8646255903176789,0.7349164123796108,0.9034319937007471,0.7722426065340283,0.9587526693317121,0.7859752688394156,1.0055691337588035,0.7872202863447161,1.046263041300338,0.7599612886529359,1.014073344962677,0.735569943163124,1.065886493324849,0.6898415231907383,1.0915054678975848,0.6438826886048057,1.11006761796963,0.7200355699672243,1.0143695668111177,0.6856648629413754,1.064768859403792,0.6360103920669906,1.0913885886430255,0.5833398498625875,1.1107045141043108,0.6788008432341188,1.0048613436500458,0.643021614352068,1.0520090937019457,0.5992143705027724,1.0765598685301432,0.5533737845991883,1.094580350319173,0.6365395914170062,0.9869690458303606,0.6026374995397225,1.0212721490168573,0.5695852896530614,1.0399164977777644,0.5339800274538894,1.0544070344737662,-0.8495906268423211,0.8293874530947074,-0.7556343844501785,0.8683869946558016,-0.7396775033594275,0.9239500510359758,-0.74706585621578,0.9724714197369513,-0.7467407939943452,1.0108871398412547,-0.8664122318364995,0.9524298848707212,-0.8556863950793834,1.016939377568741,-0.8166873227038024,1.0444721062308848,-0.7806711098369631,1.0603665352189462,-0.9251005614082273,0.947361348934887,-0.9019143305761743,1.0091149820946652,-0.8552338383938529,1.0356124671299498,-0.8094417928444424,1.0488401330607042,-0.9517636927973925,0.9403010755381601,-0.9251774473827581,0.9965617669443189,-0.8805644823161863,1.0217450309844842,-0.8380402123393651,1.0361344000634247,-0.9578069060645219,0.9358882130598704,-0.9379899110942337,0.9850163958578778,-0.9022137235877578,1.0091920074394731,-0.8657725697256073,1.023516230704397
-0.05364717883956709,-0.2832448210122915,0.02074595451079199,-0.3229535214323873,0.0662343341137,-0.32157913453791875,0.11112884848996706,-0.3204049305220031,-0.10535732686591234,-0.3221824129401031,-0.14792704067535734,-0.3205106836992588,-0.1784449262935416,-0.31874654680639564,0.17023758766437844,-0.29425821571400856,-0.2014769589344391,-0.29327812842881085,0.02967574836771195,-0.22901072960144264,-0.13811711431315885,-0.23047418776662082,0.49996586273967913,0.005842610287218099,-0.49996586273967913,-0.005842610287218099,0.6024699095855514,0.4746207650359388,-0.6185116637209445,0.4197722739518749,0.7271503383580181,0.9225653416603571,-0.8084592140680892,0.8391086951818096,0.7674190062097068,1.0654310091652728,-0.8879096552097291,0.9741381129135558,0.6672152781396806,1.0798597462005226,-0.8106374874800113,0.9821931484186388,0.6329221064378501,1.043635137789422,-0.7673533174438214,0.9405589515732705,,,,,,,,,,,,,,,,,,,,,,,,,,,,,,,,,,,,,,,,,,,-0.8409167362346739,0.875758944965995,-0.7487732136539859,0.9184987983567442,-0.7368499754638406,0.9776821586836529,-0.7438666749120811,1.02976974368311,-0.7466429342481352,1.070612308236019,-0.8575712623263724,1.005863257270557,-0.8578654074090372,1.0738504179503077,-0.8189004555253027,1.1017967566159996,-0.7812054056506995,1.1167041127154258,-0.9158044744809356,0.9986398906336437,-0.903618360030263,1.0660533959331373,-0.8565519956822804,1.095565609559954,-0.810033562903613,1.1099357071661327,-0.9408300763285713,0.989916163432223,-0.9257019050663252,1.0514224539700563,-0.8819966967041454,1.0815989107847985,-0.8381592624312992,1.0982055970977178,-0.9445177369920416,0.9852120679911583,-0.9336361868882185,1.0382447588232981,-0.9021814485757618,1.0666782091601357,-0.8678710669020573,1.0834731482608657
-0.050194084429102774,-0.28710185281533174,0.023918588920316834,-0.327256171522242,0.06937218779685965,-0.3258537413401584,0.11364784747257463,-0.32460718225031454,-0.1019150262788721,-0.326531094430877,-0.14401721999027534,-0.3248488746141029,-0.1757020668157399,-0.3231400276725046,0.1722244970802103,-0.29805072171897984,-0.19900803783889137,-0.29739579686032463,0.032362300973568715,-0.23238229200558136,-0.13508046211831587,-0.23393373167466155,0.49996593934522005,0.00583605128933955,-0.4999659393452199,-0.00583605128933955,0.6015367649672889,0.4794217921066647,-0.6130651584294852,0.42487694620056804,0.7189344097551286,0.931251942998447,-0.8037636928353055,0.8503925337488412,0.7557776093511922,1.0736439750041515,-0.8870757350656182,0.9874796231934292,0.6632134583045208,1.0888177493212419,-0.8104553745553488,0.9959263616597568,0.6297061805897906,1.0507571419216573,-0.7658446469410125,0.9536660422032944,0.6970146764852616,0.9142826811720616,0.7172431029255979,0.9631864682721462,0.7441356314866975,1.0284266109239504,0.7586679029704747,1.0793147332955444,0.7592494938184494,1.1219414829543943,0.7406666501351535,1.076443509943354,0.727308930883871,1.1359571821656718,0.6824378905605413,1.167005024182727,0.6336793363702777,1.1881033337731879,0.7051460616729832,1.0749710299405792,0.6791169681103951,1.1316573111546477,0.628971450387919,1.163017509828294,0.5736266943485429,1.184225605102645,0.6660321417361991,1.0648322401036963,0.635967959257899,1.1159387048988483,0.5913013466660745,1.1438216058944992,0.5435753339646446,1.161947713882475,0.6278336709544641,1.0464161012791744,0.5985547812767158,1.0836297612853145,0.5640374612199327,1.1051416106066978,0.5264176781704585,1.1201672971449583,-0.8372704866974167,0.8852304397485568,-0.7519805759240016,0.9270860269076923,-0.7426425832677799,0.9868157884891597,-0.7509250514357677,1.0404676015934622,-0.7518291300542711,1.0835773263318147,-0.8660164127153944,1.016385005782327,-0.8701406514761479,1.0862967750725074,-0.8326679596228338,1.1152095313267412,-0.7940155141213712,1.1293925717763365,-0.91735293365941,1.0099068311366515,-0.9109833768204308,1.0774979440863899,-0.8695046272085414,1.1071638383250724,-0.8234630264368228,1.1212299242494785,-0.9377051054070419,1.001974815475578,-0.9278270122649201,1.063345832066398,-0.8891965820576196,1.093892060016574,-0.8466947260829657,1.1111382439411306,-0.9388065958940759,0.9979084438668582,-0.9318634317753345,1.0530011940722208,-0.9034780969216274,1.0827668376169752,-0.8686162738001539,1.0998936091278975
-0.04891808875490932,-0.3014834996108836,0.025145126051345706,-0.3436477301494842,0.07056831439679974,-0.3421454761453216,0.11480828233452828,-0.3408129720028539,-0.10060818682424003,-0.34287008645481243,-0.1425866419516162,-0.34111847872478884,-0.17459838721220095,-0.3393716041974995,0.17315840749246011,-0.3128954665486272,-0.19834983242163154,-0.312322856590578,0.03355749917901422,-0.2441466649894253,-0.1337625352002543,-0.24576348401431347,0.49996320715137116,0.006065599303881853,-0.499963207151371,-0.006065599303881853,0.6019699102094664,0.49981459087063856,-0.6107044413251393,0.446374795691271,0.7128850976082777,0.9768493527094496,-0.7993121678355941,0.8989199665833129,0.7481039165730878,1.1242318194470797,-0.8818168890059566,1.0420388933853197,0.6579884093739155,1.138484353462082,-0.8050962636742588,1.0498499687702285,0.6250238501315475,1.0981585418945619,-0.7600381474202772,1.005574944957752,,,,,,,,,,,,,,,,,,,,,,,,,,,,,,,,,,,,,,,,,,,-0.8354941968748585,0.9334493259660642,-0.7511069367374437,0.9762389847023162,-0.7424778171660635,1.0405651461703518,-0.7492179908760708,1.098935217434129,-0.7489672758039801,1.1449329118962768,-0.8713133297490235,1.0702950379806209,-0.8731140297074909,1.1474320429399363,-0.8276648511303593,1.1768676155983693,-0.7851922189467122,1.1907100821401264,-0.9185788024236291,1.0645870106287503,-0.9055337611630159,1.1396633512340564,-0.8577770126673032,1.170277491373306,-0.8100405728177386,1.1850452990496,-0.9324774112464561,1.0579091070075255,-0.9145712295837315,1.125742571701606,-0.8709014752405313,1.1568457377415307,-0.8258382818250128,1.174802218041626,-0.9269804168042307,1.055974948253867,-0.9139872351221744,1.114722600008486,-0.8807899726426925,1.1443472856307084,-0.8444315726824156,1.1624012268780126
-0.04741657215827888,-0.32176631528940214,0.026306332439252296,-0.3667488413485583,0.07164278926681378,-0.36512151582025903,0.1157426589731975,-0.3636447984838719,-0.09916150108287733,-0.3659204389403411,-0.1407123737864986,-0.3640475291478501,-0.17326931485267102,-0.36221809270245325,0.17339934847203306,-0.3337760855113278,-0.19746257079306695,-0.33338023717142784,0.034752118643177655,-0.2606433628019635,-0.13196957485868163,-0.2623740378968376,0.49995493796658064,0.006712674789708909,-0.4999549379665808,-0.006712674789708909,0.5970160399229628,0.5327456804887911,-0.6085813048859063,0.4760587299859804,0.7090436854783642,1.0403647987057463,-0.7941088540221608,0.9605920097256985,0.7456984362392021,1.1965511142832543,-0.8756893147460564,1.114453476229578,0.6552841409802479,1.2100425341738232,-0.7996469339539405,1.123361038873238,0.621631150520788,1.1669908441348165,-0.7547662588469848,1.0749519183609286,,,,,,,,,,,,,,,,,,,,,,,,,,,,,,,,,,,,,,,,,,,-0.8325489410220974,0.9928157392924142,-0.7431202209115687,1.0407807204908746,-0.7306449620868489,1.1091504161164933,-0.7391869755838401,1.1711457031808485,-0.7416235665516667,1.2200076806175058,-0.8629531435244548,1.1398703578721139,-0.865693629218312,1.2238080999735086,-0.8197602492578565,1.2551924154134817,-0.7764908078095724,1.2673135645800735,-0.9136878669771836,1.1321412785214506,-0.90369193997568,1.2120992020192032,-0.8536848976964853,1.244372484319282,-0.8043752316340372,1.258080926829118,-0.9316296087640622,1.1237987546846138,-0.9178698302769516,1.1960314988153473,-0.8731331942673952,1.2289815429831197,-0.8280590986792713,1.2464222698405838,-0.9304163238606533,1.1207547027448095,-0.9211970972058138,1.1839326024966084,-0.8876499929897903,1.216327243111267,-0.850049993198324,1.2344032084811525
-0.04520995643299969,-0.3006838343612691,0.0277172159485749,-0.34298230988838624,0.07286869444433372,-0.34146839790686306,0.11680937820653463,-0.34004222095905484,-0.09749477868764737,-0.34222508575876853,-0.13850987756485986,-0.340481539660884,-0.17180347726491088,-0.33878904720120034,0.17362316598417618,-0.3121351868608284,-0.1970440018549896,-0.3118378744971882,0.03671992453011673,-0.24363986685967096,-0.12936875110300255,-0.2452360438422446,0.49995995791028863,0.006327755237259658,-0.4999599579102882,-0.006327755237259658,0.5973622570559486,0.4980575214123858,-0.6060005938305978,0.44493277868704245,0.7098378775341143,0.9722256940907588,-0.7894842251912302,0.896306359953075,0.7511594731463104,1.1173954272483688,-0.8691778374904052,1.0396034113397044,0.6627507190291401,1.1290980794838623,-0.7932305509397246,1.0471243844865952,0.6279810638492825,1.0887494024627393,-0.7490683744544062,1.001844312135223,,,,,,,,,,,,,,,,,,,,,,,,,,,,,,,,,,,,,,,,,,,-0.8278522629670153,0.9335090174033841,-0.7354120277991335,0.9750804076083088,-0.7203221879565204,1.0381054804340046,-0.7302771826170945,1.0963971516607929,-0.7348254398307247,1.142482927646965,-0.8512611621042482,1.0728689323381713,-0.8551556721514423,1.1513619704722156,-0.8033451843403138,1.181491768431943,-0.7549686174624387,1.1944270013611427,-0.9068067623686888,1.0669417765519205,-0.8933993990956901,1.1424739181814003,-0.8395650923637518,1.1722712239595674,-0.7881653969901091,1.1853935105547801,-0.9280363033293569,1.0593386456595215,-0.9106239850802716,1.1279573095344835,-0.8624007871429549,1.1584989687771756,-0.8142299179164889,1.1749264421681815,-0.9289516940500473,1.0554296101597984,-0.9157997045318461,1.1157992502657952,-0.8803852245924718,1.1457973384194078,-0.8414202295645609,1.1627462882577506
-0.04321643302497075,-0.2937277107546787,0.02940925708040835,-0.33595854555138704,0.07422225126238269,-0.3347331237152416,0.11781412980612531,-0.33322681914380964,-0.09573620019910928,-0.33568984770663646,-0.13648001246420988,-0.3344444678601304,-0.17031187212694282,-0.3329706213160744,0.17416886925471736,-0.3062749967419555,-0.1967489173756994,-0.30687247654685823,0.03811906355660794,-0.23797374830621634,-0.12764888876315963,-0.23952585125931808,0.49994870485088033,0.007161879496848227,-0.49994870485088033,-0.007161879496848227,0.5976213470035991,0.4892236701465133,-0.6038981894913458,0.4350034282731889,0.7114676934662012,0.9496400531805885,-0.7852824849421424,0.8821363898641578,0.7537147320590671,1.090336043019201,-0.8638435721315953,1.0187722901424503,0.6634643451211841,1.1029534971692196,-0.7882070966126551,1.0269628475101515,0.6293799819487913,1.0632698297053322,-0.7444169943890218,0.9837058558544253,,,,,,,,,,,,,,,,,,,,,,,,,,,,,,,,,,,,,,,,,,,-0.8244054846407084,0.9122727754244571,-0.7292487306509685,0.9567427939414732,-0.7111823332081441,1.02051325889886,-0.7182827607848338,1.077077411525806,-0.7225973453023729,1.121580413280997,-0.8457363745506514,1.052043343835293,-0.8440030306297165,1.1286655069590366,-0.7957433274345678,1.1576661766876537,-0.751394058716235,1.168179636377018,-0.9073260485350709,1.0445191739293187,-0.8903753362850717,1.1175037270594297,-0.8383706858989902,1.1453256136708496,-0.7894564955324735,1.1548369711557884,-0.9352941219756211,1.034946261738741,-0.9152870099983517,1.1011797552589546,-0.8675096871972531,1.128903322408808,-0.8226991001030735,1.1417371634080002,-0.9419845021464902,1.0285336479676965,-0.927733218503813,1.0863217518405508,-0.8913005004789494,1.1147255720172238,-0.8532482937858383,1.1296718108498538
-0.04200304237420795,-0.2505047073824068,0.030506604019296623,-0.2872216449810154,0.07513294144524743,-0.2863672523226503,0.11854641701808553,-0.2850367779356058,-0.09464076550491628,-0.2872875750598218,-0.13516551217204703,-0.2865786243351946,-0.16952150869181776,-0.28546060130714135,0.17451229082906164,-0.2622966572617962,-0.19688694489986788,-0.2633268034999534,0.03897786651002589,-0.2029507716734226,-0.12667788567218813,-0.2041013549859614,0.4999572979206357,0.006534543281421498,-0.49995729792063553,-0.006534543281421498,0.5982768370661348,0.4191132835317713,-0.6031279235077959,0.37198164212018936,0.7115846053381063,0.8112069276727784,-0.7831829208114246,0.7575153783382697,0.7551889141350552,0.9314666294549178,-0.8609557619647366,0.8731858789186927,0.6644278626769411,0.9425081637170064,-0.7855861440050973,0.8807533567499262,0.6303861513913299,0.9084398523538832,-0.7421957705627946,0.8440670905795209,,,,,,,,,,,,,,,,,,,,,,,,,,,,,,,,,,,,,,,,,,,-0.8258769816005561,0.7789047868791528,-0.7292886583620598,0.817357763292279,-0.7104623471531871,0.8719021762110196,-0.7176608266397273,0.9209192559744964,-0.7217121221351943,0.9595550017193206,-0.846087014169627,0.8991810386401466,-0.8432642225948228,0.9651749787779549,-0.7954608609258571,0.9899211547691154,-0.7514670646469117,0.9990695153631054,-0.9086690012598947,0.8928242277403368,-0.8907103435056645,0.9559210221232298,-0.838557043174622,0.9800066380888052,-0.7894764465283951,0.9885201630808645,-0.9369584023657674,0.8847055636568176,-0.9161919934863004,0.9418832221241734,-0.8683395397899468,0.965648452086054,-0.8236969586784632,0.9767829900336621,-0.9439239353694081,0.8794138878091564,-0.9294796892228879,0.9293163914413505,-0.8925565887709583,0.9537711438918116,-0.8537494614444213,0.9667089099702654
-0.04019573816818834,-0.29351603353169436,0.03230098373393554,-0.3368597596046018,0.07684325925122817,-0.3359830544950705,0.12015448015587879,-0.3343875377995291,-0.09303313162865469,-0.3372417668785658,-0.13354313168549575,-0.33672805845153764,-0.1681991842656405,-0.3355085290093309,0.1757654167944663,-0.3076168229045099,-0.1968585688636547,-0.3095747025961725,0.0407491712242532,-0.2375181184817369,-0.12499963674129627,-0.23939879404918946,0.4999539618494481,0.006784985706736406,-0.4999539618494481,-0.006784985706736406,0.6003411104830387,0.48972012342214916,-0.6017373887499488,0.43701832808829366,0.7125215938329713,0.9491507770842925,-0.7808995174724456,0.8863397828979956,0.7546046482296423,1.0912236863918379,-0.8587938663144975,1.0225029330067779,0.6636637679228555,1.1048889219914084,-0.7851110960973975,1.0312376660966076,0.6305102517936837,1.0636997296173853,-0.7409468012778868,0.9880314499685994,,,,,,,,,,,,,,,,,,,,,,,,,,,,,,,,,,,,,,,,,,,-0.8115157133173978,0.9128008363809986,-0.7187605015937186,0.9594262129976184,-0.7033734019749376,1.0237037687007149,-0.711317374526157,1.081993199322471,-0.7152370139047481,1.1283084920694866,-0.8330107932855328,1.0572378183510844,-0.8307815374987099,1.130746706038724,-0.7936853974913364,1.161219205548738,-0.7569194641171096,1.1778722724395554,-0.8915746966044363,1.0490051761046124,-0.8784439287536947,1.1207881133164104,-0.8341395608580242,1.1528737671262654,-0.7877284409483233,1.1689233533526013,-0.9157433191267332,1.0392200022221798,-0.8992925546280747,1.104775069671438,-0.8600649933793403,1.1369473272868365,-0.8176711067183041,1.1554976512054362,-0.9188032660172777,1.0337248851460548,-0.9086149954674485,1.090202183944014,-0.879454163697305,1.1207042554851891,-0.8460096710233268,1.1397129458867867
-0.03814021667304578,-0.2632384812960552,0.034256681762085454,-0.3019389427884746,0.078732657697577,-0.30113540253059407,0.12183074857165753,-0.2996466317852082,-0.09095417607680252,-0.3024804775820975,-0.1312993814443799,-0.30209864676994186,-0.16614482541628062,-0.3010347113489217,0.17690648755371435,-0.2753786361482305,-0.19602464278079032,-0.2776611906211938,0.04267447294849229,-0.21295057712931423,-0.12287389794779048,-0.21475866111403943,0.4999671690526717,0.0057297355486192,-0.49996716905267186,-0.0057297355486192,0.601871769347242,0.4366932976278498,-0.5993560233405786,0.39244279124686066,0.7126843052176498,0.8438742277717861,-0.7778986292123719,0.7965272070644837,0.7554766267619828,0.9706418679602764,-0.8574152414906407,0.9179889997927687,0.6640407798561846,0.9860611642302648,-0.7827725490593076,0.9254198763871592,0.629995336143247,0.9469435400246891,-0.7379726547497317,0.8873455378588551,,,,,,,,,,,,,,,,,,,,,,,,,,,,,,,,,,,,,,,,,,,-0.8132214771849636,0.8213254653872583,-0.7159131524166855,0.8596875741977079,-0.6976451176571046,0.9154163069477804,-0.7056132692748848,0.967627952608957,-0.708401851908328,1.0085983703361812,-0.8341092243310163,0.9481160286857813,-0.8319623486360651,1.0121215197351685,-0.7931681053090012,1.038547129423072,-0.752861241299989,1.052546708448558,-0.8906406128227334,0.9434160333403236,-0.8761148869668588,1.0066362657856993,-0.8295943190233718,1.0350084453544757,-0.7797064422975674,1.04915219369182,-0.9141712694781515,0.9368933665764836,-0.8984203028410466,0.9950043977452401,-0.8553287023536822,1.0235868636953078,-0.8090261633269258,1.0396294412215563,-0.9167876164789185,0.9333376322607556,-0.905327997384784,0.9850910051684691,-0.8736922900288095,1.0131617742573946,-0.8367393934516422,1.029564301445313
-0.03751753875112841,-0.2576232732600479,0.03476900331335465,-0.2953850992464441,0.07916400586352075,-0.29456484236409064,0.12214276502796557,-0.29307474607645473,-0.0904011140638461,-0.2960005697730068,-0.1305971087059738,-0.29566138947680326,-0.16564408821643256,-0.29463931012983274,0.17712260153932494,-0.26919263721383935,-0.19638901225907088,-0.27173296981459694,0.04330705812092976,-0.2084851993541543,-0.12232159698194588,-0.21028103954068908,0.4999706063362028,0.005421512686504083,-0.4999706063362025,-0.005421512686504083,0.6019127468405011,0.427011876761998,-0.5985928859459867,0.384467256637055,0.7117302190348022,0.8247195762452814,-0.7764982526028856,0.7808532459000149,0.7551711308916025,0.948485188151884,-0.8558791027195372,0.8980243851880759,0.6633571963504894,0.9635384209372974,-0.7812941677045327,0.9051214226037777,0.6287130391191784,0.9248937258675008,-0.7364561086881246,0.8683921422050596,,,,,,,,,,,,,,,,,,,,,,,,,,,,,,,,,,,,,,,,,,,-0.8091453529297042,0.8036759489111895,-0.7145946529518177,0.8410346856979468,-0.6962496651675574,0.894871360708731,-0.7036196074268348,0.9460651710084634,-0.7083988283433892,0.9870141062227034,-0.8256622673952686,0.924972268983607,-0.8211243314992295,0.9861675448061822,-0.7874461550643361,1.0146127493740853,-0.7514387194518071,1.032565408700284,-0.8796279621877479,0.9204241779773867,-0.8658600635681618,0.9806806412706558,-0.8228977583847078,1.0112624408884834,-0.7749267172651851,1.0289288994732104,-0.9036177463703208,0.9144636075836449,-0.8878828163589992,0.9705428367538175,-0.8472073743291679,0.9993168479988158,-0.8024751252197155,1.0166024465677075,-0.9082857527876231,0.9117879548264827,-0.8973174329774978,0.9618871630670853,-0.8670680499974007,0.9894802489225164,-0.8314343719676707,1.0058905733791408
-0.03630586944780389,-0.2769148789008441,0.035938576869422936,-0.3174940851276756,0.08014375656430077,-0.31655944541508524,0.12267266140782677,-0.3149246220336505,-0.08933975000257961,-0.31837458897957077,-0.12940595870801358,-0.3180855990173303,-0.16491634754543535,-0.317023879352336,0.1774584111701714,-0.28926661241092894,-0.19662398029201672,-0.29238380303669353,0.04414260436667625,-0.2242263563636583,-0.12149614924479815,-0.22624291717455391,0.49997081278527855,0.005402440451139925,-0.49997081278527816,-0.005402440451139925,0.6019871963657644,0.4583597742634348,-0.5974611342760722,0.41401892183388656,0.712684451842879,0.8849324439405151,-0.7748627296880392,0.8397264128843419,0.7582299314725889,1.0169616479911834,-0.8540027011937151,0.9650182896541548,0.6693057704426403,1.0336078280682535,-0.7798187196798348,0.9723809657375994,0.6331975862358961,0.9913123956400448,-0.7350409427343735,0.9331643113575298,,,,,,,,,,,,,,,,,,,,,,,,,,,,,,,,,,,,,,,,,,,-0.8070931634029339,0.8681479387782128,-0.7114287455923847,0.9043246257455684,-0.6941862728944916,0.9617357060128104,-0.7006501903062545,1.016007304417531,-0.7041067722420381,1.0598034147488342,-0.8245030236038787,0.9965864624509333,-0.819357567757374,1.0632412409318779,-0.7829884030351184,1.092915653748823,-0.7469864109002028,1.1098434597188478,-0.8767879200768981,0.9919389386160317,-0.8617038462355632,1.0573895922543077,-0.8191210654143523,1.0888898961963176,-0.7731052209015143,1.1058610904664583,-0.8991200527869452,0.985618576879869,-0.8833846675717277,1.046863550840388,-0.8429708448187372,1.0764878083746303,-0.7990818415185128,1.093904827379908,-0.9020075172123518,0.9826755365412673,-0.891789800054727,1.037847342658945,-0.861205163466614,1.0665914943990913,-0.824880995384964,1.0837179312109315
-0.03416199013487832,-0.31755172536928483,0.038144230817026815,-0.36475196900909035,0.08197203716153001,-0.3637462185669762,0.12373882666339572,-0.36190806355280747,-0.08691158992859795,-0.3661209421882036,-0.1269483060235509,-0.3663563940951522,-0.1635164757250904,-0.3654020734211087,0.1783507332455257,-0.33281408303720367,-0.19602428865432217,-0.3371898608710201,0.045385388384899035,-0.25704827678900255,-0.11976906535663331,-0.25956730223716046,0.4999672757960903,0.005720413711967715,-0.4999672757960905,-0.005720413711967715,0.6046428366080372,0.5267110817804105,-0.5964752054117304,0.4771447244135858,0.713967684715328,1.0178488358584388,-0.7736675766352258,0.9679226997122983,0.759784751493997,1.1687290811583388,-0.8526632227701378,1.1126352759957587,0.6738918505782989,1.1904312952982676,-0.7784661364592275,1.1214890024079964,0.6381041218143768,1.1411193316056496,-0.733987602684728,1.0762572101813779,,,,,,,,,,,,,,,,,,,,,,,,,,,,,,,,,,,,,,,,,,,-0.8065771294566998,1.0015288387859773,-0.7058637703298872,1.0441168194977128,-0.6904534216437843,1.1097269685307982,-0.7010818896710651,1.172625115686871,-0.7035210075891069,1.2231619803288507,-0.8177066924033363,1.1498091256321619,-0.8139729592829651,1.2281010748410663,-0.7783912602069101,1.2612976125476112,-0.7421183957248472,1.2804317822416895,-0.8743427776719148,1.1442935126037612,-0.8597135898873934,1.2215435498148768,-0.8140516753430938,1.2555409224813792,-0.7667195643949362,1.2723655741530342,-0.898431691981197,1.1363719507378045,-0.8829308678235437,1.2068539223096915,-0.8398932219301798,1.240357661041587,-0.7953470115430086,1.2591765938090538,-0.9015888539599245,1.1326162000855722,-0.8918371820475218,1.1939041822261112,-0.8603721169270063,1.226304706513455,-0.8236031972733401,1.2451009091602119
-0.03316919061744849,-0.2506644841035914,0.03898623841899823,-0.2878939563266749,0.0826315484338499,-0.2871117956559179,0.1242124235786986,-0.2856742744879435,-0.08610469743051888,-0.28892473946475083,-0.12610018446755328,-0.28916032893778726,-0.1629229762233122,-0.28842812807844626,0.17844186040441085,-0.26277023514699677,-0.19608203177531136,-0.2661084013144964,0.046188731676241726,-0.20301006456501605,-0.11902171082776192,-0.20486292191883904,0.499981549480264,0.004295367192022545,-0.499981549480264,-0.004295367192022545,0.6071939899938161,0.41493877002994767,-0.5960451781162589,0.3757230332754554,0.7139218664314436,0.8016452687300412,-0.7726854556735353,0.7634252889414906,0.7611939706363455,0.9207317197926823,-0.8512899048174836,0.8790207076745274,0.6737503051212762,0.9374423716423187,-0.7753803036086517,0.8856472612119203,0.6375859927657218,0.8987175443391323,-0.731658830675926,0.8500762375112797,,,,,,,,,,,,,,,,,,,,,,,,,,,,,,,,,,,,,,,,,,,-0.8063974420151414,0.7901213865772048,-0.7063930120725685,0.8214660998541389,-0.688676317958985,0.8738140264586849,-0.6971660244991051,0.923843528191429,-0.7007007035380887,0.964673727112661,-0.8126886189731587,0.9076735645907053,-0.8077696938945105,0.971424456123356,-0.7691555742986697,0.9985616844127695,-0.7295279481578878,1.0139310239341692,-0.8697272080816004,0.9037888272254849,-0.8556538600992746,0.965717995779543,-0.8072990430445285,0.9919865387972686,-0.7583291654498466,1.0038490977876395,-0.8943297496206355,0.8976169803775025,-0.8811211805955906,0.9541606260719531,-0.8356612740696844,0.9796213044579757,-0.7904593619317268,0.9933799831026349,-0.8977831082528179,0.8945377544644619,-0.8895347242178365,0.9436902442902821,-0.8562925491349918,0.9689355162430252,-0.8185749930212143,0.9829296938538161
-0.03304803160337449,-0.27849821512531375,0.03908856020651524,-0.31982129898217754,0.08272424880097483,-0.31895398691681026,0.12412061669687925,-0.31735974454430976,-0.08602217927379083,-0.3209089812664476,-0.12601306458021097,-0.3211585934979819,-0.16294278529806533,-0.32032172930143704,0.17798425565280646,-0.2919258257640157,-0.19665205819823334,-0.2954850107997292,0.04645612920648543,-0.2255908727937033,-0.11879134528401351,-0.22764565174314483,0.4999769825107312,0.004797599343856988,-0.4999769825107308,-0.004797599343856988,0.6072890205587176,0.4604152879058404,-0.596049717646087,0.41718936297959947,0.7150609169654758,0.8898403731673673,-0.7730138649678159,0.8473275112020632,0.7652502468544752,1.022154551531651,-0.8511072657318054,0.9759756857697152,0.6747075663590536,1.0404964281006879,-0.7748330281726893,0.9833006592018646,0.6376221606777968,0.997838059488338,-0.7312497543155231,0.9437958055049771,,,,,,,,,,,,,,,,,,,,,,,,,,,,,,,,,,,,,,,,,,,-0.8043151784494411,0.8775858596264637,-0.7067677540806229,0.9158332062921837,-0.688311889385991,0.9742458850637445,-0.6951319222858594,1.0293056806962666,-0.6966454727890767,1.073481820301005,-0.8218539651547238,1.00895424478495,-0.8068742650281435,1.0803957977480598,-0.7647689188435857,1.1101123147906435,-0.7259622227849872,1.127547789456122,-0.8757329567110478,1.0049140236170486,-0.8484461083488999,1.0737205798268206,-0.7975247712706516,1.1024878870710657,-0.7488019745461534,1.116846016737146,-0.8969653631759451,0.9983599942430035,-0.8704095624655216,1.0618750525106933,-0.8232031948568153,1.0889599893924802,-0.7779511653017916,1.1042848137716679,-0.8978432200689674,0.9949413919415558,-0.8806219203422104,1.0499917417005817,-0.844305344102718,1.0774802384542856,-0.8058595540956435,1.0935832420287235
-0.03211772904216252,-0.2828332322415838,0.03974998065647929,-0.3248154443134693,0.08325441478353869,-0.3239302052019032,0.12452568640398494,-0.3223071136221296,-0.08533159667234651,-0.325895360446686,-0.1252592752480336,-0.3261465203607671,-0.16256096013041862,-0.32530969515699865,0.17815734211970613,-0.2964346804394397,-0.19686253780694973,-0.30010269785891164,0.047214733084291166,-0.2290824571520725,-0.11816095728697415,-0.2311762054557525,0.4999782325674152,0.004665507342577395,-0.4999782325674154,-0.004665507342577395,0.6079316982401025,0.4654496753420036,-0.597702129369142,0.42450764731444596,0.7204748335991732,0.9029749440674458,-0.7728021313947687,0.8633217065221476,0.7710960633912476,1.0384613671782539,-0.8505663883868234,0.9934521623395085,0.6789715108134688,1.0567391494575618,-0.7732197994952157,1.0013138047090997,0.6414094582844391,1.0133557939528317,-0.730046404233176,0.9610759232645738,,,,,,,,,,,,,,,,,,,,,,,,,,,,,,,,,,,,,,,,,,,-0.8023263827031871,0.88940352474911,-0.702928453917135,0.9284986745471374,-0.6872136466434057,0.9879409436961618,-0.6953803118513424,1.0448254468555889,-0.6968594880485017,1.0908584934913044,-0.8189690346826785,1.0233288546810584,-0.8082987605738715,1.0957192906898081,-0.7691605838944618,1.1248597647878864,-0.7314535893759635,1.1419653993754517,-0.8749417195014804,1.0194749441978908,-0.8527346389594114,1.0900540463651136,-0.7998737674658305,1.1187667621385997,-0.7499650091418559,1.133459259625685,-0.8968548365715309,1.011801033394823,-0.8762571160499436,1.0770895372580302,-0.8273593520995304,1.1033782891921617,-0.7825999939096798,1.1180039877431716,-0.8975963444315603,1.0072343966487607,-0.8856406700469452,1.06358287409485,-0.848332985910029,1.0905118335692257,-0.8095864405664019,1.105346917164508
-0.03122839180246358,-0.30378486293511836,0.04027694852293486,-0.34860732979131165,0.08370268547413538,-0.3475959779083321,0.12485807297505984,-0.3458258108220684,-0.08469151363192172,-0.3498119461875157,-0.1244917870538242,-0.35000367685539724,-0.16190928426035953,-0.3491096641411612,0.1781867141750588,-0.3180164278298634,-0.1969583882065492,-0.32203532174942306,0.04817822486445746,-0.24619685865099286,-0.11720490260767277,-0.24856566366257343,0.4999756080262085,0.004938762883864272,-0.49997560802620866,-0.004938762883864272,0.6119588986709793,0.4972936958107471,-0.5983752763740056,0.45765650269712294,0.7229301087140108,0.9641802224200673,-0.7714216422820386,0.9280748177692021,0.774279175871102,1.1112008323969482,-0.8487999027169342,1.0672603266130098,0.6827930344286683,1.1311068581383144,-0.7717827743110578,1.0763665472939465,0.644255105025893,1.0841565095497814,-0.7287031871440615,1.0337379175198442,,,,,,,,,,,,,,,,,,,,,,,,,,,,,,,,,,,,,,,,,,,-0.8033214783681284,0.9504851747142455,-0.703412558606654,0.993014542782576,-0.6873378084998109,1.0582329894068587,-0.692854031324754,1.1195683969848238,-0.6945417512386671,1.1692645478581831,-0.8132134755427014,1.0984593982529782,-0.808260345406883,1.175383933414671,-0.7680454833064613,1.2058616595018783,-0.7276961405765805,1.2225043197155194,-0.8694297346793524,1.0929708613740114,-0.8512340979965066,1.1676956431930043,-0.7996517872521368,1.2004189188624397,-0.7482227748367134,1.2162479836819735,-0.8926691141146571,1.0829186963579382,-0.8758585560004628,1.1514653682558809,-0.8272110872284014,1.183579269082598,-0.7790507211997634,1.201749639257919,-0.8958563769476074,1.0761110524839468,-0.8858432033769714,1.1354640745163986,-0.850477194988456,1.167619170046615,-0.811579691710122,1.1865790323320813
-0.03038847477887076,-0.3030347595944716,0.04107676340279197,-0.3476686471842738,0.08447279905655793,-0.3466574697956608,0.12550553360627575,-0.344903116888146,-0.08384489369884172,-0.3489042515664715,-0.1236218175331263,-0.34912299962883153,-0.16118591710543306,-0.3482528126288889,0.17859893912539165,-0.31718873120008934,-0.19711441966504253,-0.3212866261296634,0.0490378988769892,-0.2456622647965487,-0.11628271690290232,-0.24808061581646954,0.49997649999840416,0.00484762306142727,-0.49997649999840416,-0.00484762306142727,0.6124325404887615,0.4939182722196834,-0.5987365121194724,0.45588100929824626,0.7232455559694407,0.9573061733354566,-0.7726196915162317,0.9245330612387226,0.7744175063984862,1.1050370165285246,-0.8492064138100236,1.0633211166961856,0.6826321438299516,1.1240692992662251,-0.7712293382103168,1.0724281565964382,0.6436917083008716,1.076920628035901,-0.7284651615255634,1.0298374829350907,,,,,,,,,,,,,,,,,,,,,,,,,,,,,,,,,,,,,,,,,,,-0.8006307879387108,0.9453679677993464,-0.7047240851096438,0.9898281019357213,-0.6886177915263605,1.0538300936769822,-0.6929248317114227,1.114498334369015,-0.6928642096715439,1.164318287479183,-0.8155076282152038,1.0940884739685037,-0.8074465742009692,1.1665977231045346,-0.7731961999270947,1.1997251131415063,-0.7375225255865012,1.2221416020481606,-0.8696135176454172,1.0890106357720515,-0.8543155578626517,1.160365532926482,-0.8090205907225645,1.1943600520773523,-0.7617412701308729,1.2115755136640682,-0.8912725983913504,1.0803828102989759,-0.8763296249804442,1.1462629993325324,-0.8350370303427876,1.1787080439408344,-0.7919438652756092,1.1974334459719789,-0.8921240624969203,1.0753672219255617,-0.8854419801803233,1.133002913343698,-0.8542845280042948,1.1640946249571094,-0.8177887421268475,1.1824668411501749
-0.02959827251601959,-0.29079473282321733,0.04175400256662339,-0.33355381745626705,0.0850868781477377,-0.3325799642907904,0.12591419514265953,-0.3308956652447586,-0.08314492060424933,-0.33474647873998126,-0.12284886627701018,-0.3349555504204217,-0.16075043784209272,-0.3341247077283961,0.17875430683453444,-0.30430650054946756,-0.19727700482423163,-0.3082664040251704,0.0498484053073774,-0.23578710474844117,-0.11541957980500374,-0.23822048134757828,0.49997601564710015,0.004897323519099762,-0.4999760156470999,-0.004897323519099762,0.6124043679130122,0.47336990176674426,-0.5975026988824715,0.4355332669438837,0.723037768175037,0.9173740789799298,-0.7711284517088326,0.8823616392755275,0.774860333379447,1.0588317476415867,-0.84759958418018,1.0174805728525844,0.6825568958312588,1.0764360647219164,-0.7696891621301517,1.02590290562578,0.6436521431408879,1.031749584176544,-0.7268651795041213,0.9836589099600647,,,,,,,,,,,,,,,,,,,,,,,,,,,,,,,,,,,,,,,,,,,-0.7976026170856328,0.9125510874053031,-0.701169377334556,0.9533896858560799,-0.6846214377986488,1.0136002359653316,-0.6903264019641329,1.0712719837457498,-0.6923421017001246,1.1179557950469772,-0.8089360498630139,1.0511722071887162,-0.8060307750742751,1.1211064225638396,-0.7707476498998179,1.15059003129976,-0.7340946677305303,1.1696837092844188,-0.8648125202734831,1.0458014624683387,-0.8530672804470576,1.1149823078822958,-0.8065892285288662,1.1445528117082338,-0.7588446305121598,1.1587606823905423,-0.8884397102897087,1.0371540400041332,-0.8770813775512227,1.1003652974267468,-0.8345371603535695,1.1290706192961701,-0.7906145866551317,1.1447339303898372,-0.8913200851173426,1.0314673321733054,-0.8862075724302658,1.0862325962319477,-0.8543841053131882,1.114432042107436,-0.8173175204245843,1.1301780605759393
-0.029501925855773346,-0.2581572406698159,0.041931279102958394,-0.2960040599776692,0.08522307156676413,-0.29513711094001277,0.1259071785143047,-0.29364325395911045,-0.08301453380140499,-0.2970646743186985,-0.12263512443273779,-0.2972486007059535,-0.16077378179518917,-0.29651447193382874,0.17857720769940238,-0.2700707176294581,-0.19743744758877393,-0.2736056659255061,0.050071978269716676,-0.20944225473230718,-0.11527620430913382,-0.21169982824001626,0.4999774396911701,0.004749715766486199,-0.4999774396911701,-0.004749715766486199,0.6128075923783712,0.41949935970219054,-0.5972973211690191,0.38533097538785543,0.7217164026635658,0.8122527804456097,-0.7709095976166322,0.7811437143144412,0.774867802839412,0.9371014185041895,-0.8469796188169258,0.9008600363304748,0.6823071748292646,0.9523609087871926,-0.7692820083319025,0.9085376412883271,0.6423622392489197,0.9128567114592385,-0.7267128707766339,0.8710912305602923,,,,,,,,,,,,,,,,,,,,,,,,,,,,,,,,,,,,,,,,,,,-0.8014335691152433,0.8103649147440521,-0.7022608521556015,0.8436081947787697,-0.6835874397442404,0.8963595440650246,-0.6876543184776116,0.9468106541158158,-0.687513808894534,0.9888490101692271,-0.8153680744210179,0.9332908125062142,-0.8027861234579693,0.9946300307768069,-0.7627507064084533,1.0193880250769618,-0.7254798812324553,1.0329828099648801,-0.8711557647045733,0.9296666371882099,-0.8470228249152998,0.9906129597571323,-0.7976475898635443,1.0148456090964135,-0.7500185514192017,1.0250004233083287,-0.8933470631256456,0.9232716011072926,-0.8694244089730563,0.9792254770194382,-0.8233051902821416,1.002484049243766,-0.7784002903560527,1.014358848793683,-0.8937149732264807,0.919705117273339,-0.878193571360207,0.9686236001819206,-0.8424703862342744,0.9921860265891268,-0.8037196624256061,1.004577081444874
-0.030028325201482353,-0.29114545256565416,0.041556334875250775,-0.3336854067960002,0.08484374272877554,-0.33269169352331096,0.1254394998210147,-0.33102540602337477,-0.08351812745025884,-0.3348278845451727,-0.12303928112411731,-0.3350005725224388,-0.16137413767908662,-0.33417098073328566,0.17811372280055499,-0.3044132798425756,-0.19773414437303458,-0.3083706865375651,0.04981449352867839,-0.23643971913593073,-0.11561081293549337,-0.23902993432548672,0.49997024235070847,0.005454976056217454,-0.4999702423507083,-0.005454976056217454,0.612099237366342,0.47453778609468195,-0.5971869324844526,0.4337234580037683,0.720106567412255,0.9152983052894034,-0.7704614121034024,0.8796293058471956,0.7738097118041862,1.0549630760426763,-0.8462319550483285,1.0144550523373308,0.6812797323948754,1.0716129968320072,-0.7685351143220454,1.0230930031614514,0.641273057924375,1.0277255958195812,-0.7259361653912466,0.9809262137555425,,,,,,,,,,,,,,,,,,,,,,,,,,,,,,,,,,,,,,,,,,,-0.7973990865096101,0.9104116429635717,-0.6945806104948056,0.950175635347629,-0.6775283069291949,1.0100128029911057,-0.6859474288812133,1.0673970282835794,-0.6891499527566011,1.113761399617227,-0.8034383194532607,1.0472528138078616,-0.7983517117968147,1.117067230441552,-0.7572865780723539,1.145378656463979,-0.7172388854655855,1.1595670684085766,-0.8598657616945279,1.0420117911560247,-0.8439947326188754,1.11098564670981,-0.7932692896644779,1.1401892417133939,-0.7432929359391851,1.152454789223896,-0.8850453963885594,1.0339688982378374,-0.8671828949418526,1.0976931646460557,-0.8197263463165712,1.126408887384768,-0.7730441196514515,1.1412203550440754,-0.8908657862145115,1.0292918016000854,-0.8786623525359566,1.0844942871967178,-0.8442716947284868,1.1130781695075356,-0.8064114766074761,1.128901737060221
-0.03016712074590328,-0.2942425087841841,0.041384612560744716,-0.33727150424904834,0.08465570114363002,-0.336289549110904,0.12519784234434028,-0.3346162561744681,-0.08369752145832403,-0.33831943680724647,-0.1231958970637149,-0.33851166861831516,-0.1617368101841639,-0.33765311764663936,0.17776432576855034,-0.3077377941916639,-0.19825952148242143,-0.31152764276342493,0.04975673146777585,-0.2390435823258804,-0.1157126284735408,-0.2416257802009771,0.4999682624271344,0.005633521597743788,-0.499968262427134,-0.005633521597743788,0.6112794322713967,0.479978024728566,-0.5972873313179206,0.4380869022409173,0.7183342570265447,0.9238698842954948,-0.7701530590720636,0.8887713747210946,0.7727475313861292,1.0641657481920557,-0.8456111436905586,1.0249354686642076,0.6800536876379563,1.0811849667775117,-0.7677406361168708,1.0338450594682698,0.639382928505436,1.0368002145034465,-0.7255246688017235,0.9913792472609846,,,,,,,,,,,,,,,,,,,,,,,,,,,,,,,,,,,,,,,,,,,-0.8016377964186556,0.9226221193274378,-0.6986833256736145,0.9583692133319346,-0.6791275429022094,1.0173830069996839,-0.6865362226546051,1.0749421305100872,-0.6863979225178913,1.1215112104253568,-0.8134216374536776,1.0589774950067707,-0.801307406117984,1.129697055322397,-0.7579503730249022,1.1561695186531584,-0.7171592437647494,1.1695980876934797,-0.8682181358740264,1.0551890187653468,-0.8441998129090721,1.1251069270363516,-0.7909160095882161,1.152670076293506,-0.7382772084607115,1.1636288729825024,-0.8895396659397584,1.0486620045542667,-0.8649769878990957,1.1125733285035757,-0.8154325477388429,1.1395685441289072,-0.7673577706562881,1.1536619544356264,-0.8899558812172326,1.0450544647895983,-0.872016787597992,1.1004206044212863,-0.834626622460381,1.1266443592694129,-0.7950859320335585,1.1412905020103747
-0.029807303985480767,-0.3107918013900159,0.04159674978244474,-0.356494901010708,0.0848609311417505,-0.3555545429518832,0.12525313595430693,-0.3538637304574223,-0.08346175388695222,-0.35752887038496345,-0.12290715061780459,-0.35785058946424775,-0.16163975217076146,-0.3569974753640761,0.1777413458581426,-0.3255800433597714,-0.19830519990130577,-0.32948602576472125,0.05014814062389063,-0.25258153743810496,-0.11510847339647644,-0.2553372624265997,0.4999644456762902,0.005962638644083014,-0.49996444567629,-0.005962638644083014,0.6118140085239319,0.5079183530326501,-0.5971729039502123,0.4628718731161362,0.7181856615486969,0.9776655192643112,-0.7699184089576511,0.9405961086018575,0.772677442606495,1.1259813660547913,-0.8447399116385089,1.0845707585662447,0.6800025959159212,1.1434419988348659,-0.7669094667378853,1.0940914091527878,0.6391163107436371,1.0969792847214193,-0.7252646116470732,1.0491590948262144,0.6872476736630694,0.9884987390111288,0.6733531873784694,1.0486635580777057,0.6853495158804856,1.122132354736798,0.6896862841274839,1.1775620945211862,0.6914534520517551,1.2218699610515098,0.7608706669468898,1.1610411495518547,0.743717210355308,1.226088055646571,0.6959269469391812,1.261594224366141,0.6480248162717948,1.2842912819936225,0.7354218234157824,1.1582345974171535,0.7015898679852939,1.2231188566440094,0.6529914353885958,1.2576310474582073,0.6015105088112688,1.2825924265221795,0.6963806307915099,1.147941821040328,0.6619826461922574,1.206038031110312,0.6196516480571304,1.2381306263490592,0.5754504589522347,1.2596366531351069,0.6512993236970069,1.131200811284125,0.6251646956704665,1.1752155559866562,0.596075146789085,1.200523676724968,0.5624533010035895,1.2175837245681282,-0.7990119018767374,0.9745419397868987,-0.694260292218231,1.0142056573581368,-0.675452969149166,1.0788995661297496,-0.6841648703735617,1.1402927265143161,-0.6867859822190369,1.1897876429500176,-0.8034689035155802,1.1180040733847039,-0.7986887298175445,1.19224901732257,-0.7605263405036444,1.2234068399031743,-0.7226685982233549,1.2415071127693538,-0.861819507160349,1.1137951388467615,-0.8476103344734356,1.1886993834811328,-0.7944919151509146,1.2200877714018912,-0.743295915418675,1.2337389375008012,-0.8866968237731645,1.1064456452133329,-0.8706084963944266,1.1755144866311578,-0.8219209046423445,1.2068597552586509,-0.7751700744358337,1.2235770829159622,-0.8893320385413414,1.1024871600419721,-0.8800226753628381,1.1621919655083779,-0.8445584859040951,1.1933444261043276,-0.8054190508860885,1.2108501889219128
-0.029879663638932907,-0.28462069138013335,0.04139316973834399,-0.3264734681414407,0.08470900177819654,-0.32562421079749543,0.1250569449819187,-0.32407965085576707,-0.0837079936082914,-0.3273847165659003,-0.12309460566125946,-0.32768106666532326,-0.16201059090273212,-0.32688837873973525,0.17758692815592766,-0.2981834395961817,-0.19860403641474697,-0.30170772458938827,0.050185453771286366,-0.23133506126645914,-0.11508821342933137,-0.2338588961483932,0.49996940126681905,0.005531527537520363,-0.49996940126681927,-0.005531527537520363,0.6131299330127012,0.4662909744898305,-0.5976149039246396,0.4238336312502389,0.7186143956619963,0.9009826606082604,-0.7700862453192502,0.8625715140661404,0.7726671637095641,1.0364286705297465,-0.8447773973072957,0.9944693018445183,0.679809553877784,1.0516261010339476,-0.7667359273828697,1.002979674703128,0.6388970497148173,1.0113769087250235,-0.7254020341550643,0.9622807913216934,,,,,,,,,,,,,,,,,,,,,,,,,,,,,,,,,,,,,,,,,,,-0.7958397379846697,0.8935778976476703,-0.695622160609478,0.9321832010723256,-0.6799364725354297,0.991919074720385,-0.6874527579735683,1.046313895075013,-0.6850319817689837,1.0905491343201175,-0.8077704503306352,1.0246912834369646,-0.799602003767476,1.0936347761561527,-0.7627770691407159,1.122350149441971,-0.7258607100571771,1.1397567538319637,-0.865338817391348,1.0200055351959678,-0.8502537820228804,1.0893688486980457,-0.7993115966694735,1.1173049347704005,-0.7514978008652081,1.1300791891768691,-0.8904549680593817,1.012528960785673,-0.8748238956412129,1.075127881234785,-0.8283813471795325,1.102367744049745,-0.7856922208277151,1.1165890707746249,-0.8937307123212133,1.0082581231429708,-0.8860618137702561,1.0624463065625507,-0.8516157076561467,1.0900307006632741,-0.8151922040755557,1.1051548875805968
-0.029895468665419166,-0.26125357383168657,0.04124106899653588,-0.2995317393415551,0.08449762662317077,-0.298753728988926,0.12478015401081677,-0.29733380393486153,-0.08375662849105966,-0.3003585157425143,-0.12313934682616684,-0.30063398307502004,-0.16216453147134066,-0.2999046451698605,0.17715119180655564,-0.27359887212804257,-0.19890087911886095,-0.27686020691108587,0.050193033852033934,-0.21249023992654453,-0.11505134205697097,-0.21480770363212012,0.4999668308912814,0.00575916734683789,-0.49996683089128124,-0.00575916734683789,0.6133886581879676,0.4273320142718934,-0.5976011319470266,0.3873880342473785,0.7192888943819964,0.8235521321169295,-0.7699764647232639,0.7904909977697762,0.7737085811016037,0.946818474964616,-0.8445625094130597,0.9114079590184503,0.681380285538539,0.9609127053397587,-0.7665917248277572,0.9193702098193103,0.6394804917874054,0.924252056300509,-0.7252560743086339,0.8817688721318504,0.7056854066607442,0.8249495929644695,0.6884810097775782,0.8728346699953672,0.6948790942783805,0.9411430803879421,0.6961488646624809,0.9902723000568506,0.7036427325645822,1.0290258643372923,0.7694148309188905,0.9729069068083102,0.7418773280076846,1.0345808882073395,0.683107727724927,1.062785261103913,0.6244941899418531,1.0787453310326298,0.7457915571345058,0.9722576912397544,0.7109186387519644,1.0320394376425432,0.6539393358430634,1.0585415852897289,0.5921378689891218,1.075839211515254,0.7068610137601965,0.9643169686368137,0.6709095194801498,1.016565343381638,0.617013944646922,1.039929990184246,0.560616589956595,1.0535088542213744,0.660688740212984,0.9523706908088476,0.6308332431449184,0.9912378865339586,0.5914947385348367,1.0082200778595367,0.5473672900217605,1.0182497844675276,-0.7990428065479075,0.8177610468766549,-0.6963998074261369,0.8505209736546598,-0.6781191050799942,0.9043053385205915,-0.6856629225417182,0.9564112527557068,-0.68872573872042,0.9980361170334116,-0.8085960780637476,0.9371070112823878,-0.8002208035784424,1.0019624859304381,-0.7596979686204572,1.02846032793804,-0.7210723804522675,1.0439525807658858,-0.8661337883700608,0.9336143887730035,-0.8486748638266152,0.9979842621566843,-0.7945532015129885,1.0243694087282218,-0.7427544327149399,1.036408725811543,-0.8893977360162008,0.9272572055283134,-0.873662071279749,0.9856635808866446,-0.8232946322069742,1.0120230808224,-0.7757550790874972,1.026483103360449,-0.891501472851519,0.9234190086418951,-0.8821374838774084,0.9735853258453476,-0.8460010089315806,0.9995487069393891,-0.8069276671750957,1.0143056314070023
