pose_0_x,pose_0_y,pose_1_x,pose_1_y,pose_2_x,pose_2_y,pose_3_x,pose_3_y,pose_4_x,pose_4_y,pose_5_x,pose_5_y,pose_6_x,pose_6_y,pose_7_x,pose_7_y,pose_8_x,pose_8_y,pose_9_x,pose_9_y,pose_10_x,pose_10_y,pose_11_x,pose_11_y,pose_12_x,pose_12_y,pose_13_x,pose_13_y,pose_15_x,pose_15_y,pose_17_x,pose_17_y,pose_19_x,pose_19_y,pose_21_x,pose_21_y,pose_14_x,pose_14_y,pose_16_x,pose_16_y,pose_18_x,pose_18_y,pose_20_x,pose_20_y,pose_22_x,pose_22_y,right_hand_0_x,right_hand_0_y,right_hand_1_x,right_hand_1_y,right_hand_2_x,right_hand_2_y,right_hand_3_x,right_hand_3_y,right_hand_4_x,right_hand_4_y,right_hand_5_x,right_hand_5_y,right_hand_6_x,right_hand_6_y,right_hand_7_x,right_hand_7_y,right_hand_8_x,right_hand_8_y,right_hand_9_x,right_hand_9_y,right_hand_10_x,right_hand_10_y,right_hand_11_x,right_hand_11_y,right_hand_12_x,right_hand_12_y,right_hand_13_x,right_hand_13_y,right_hand_14_x,right_hand_14_y,right_hand_15_x,right_hand_15_y,right_hand_16_x,right_hand_16_y,right_hand_17_x,right_hand_17_y,right_hand_18_x,right_hand_18_y,right_hand_19_x,right_hand_19_y,right_hand_20_x,right_hand_20_y,left_hand_0_x,left_hand_0_y,left_hand_1_x,left_hand_1_y,left_hand_2_x,left_hand_2_y,left_hand_3_x,left_hand_3_y,left_hand_4_x,left_hand_4_y,left_hand_5_x,left_hand_5_y,left_hand_6_x,left_hand_6_y,left_hand_7_x,left_hand_7_y,left_hand_8_x,left_hand_8_y,left_hand_9_x,left_hand_9_y,left_hand_10_x,left_hand_10_y,left_hand_11_x,left_hand_11_y,left_hand_12_x,left_hand_12_y,left_hand_13_x,left_hand_13_y,left_hand_14_x,left_hand_14_y,left_hand_15_x,left_hand_15_y,left_hand_16_x,left_hand_16_y,left_hand_17_x,left_hand_17_y,left_hand_18_x,left_hand_18_y,left_hand_19_x,left_hand_19_y,left_hand_20_x,left_hand_20_y
-0.16237356682198878,-0.3451658471226416,-0.09230328224920528,-0.40263958692460633,-0.05089466217153415,-0.4066234861388934,-0.011480884726759677,-0.4088909039285617,-0.22125971223148896,-0.3827757254473303,-0.2578781232778658,-0.37441737115117163,-0.29107580415750933,-0.36587668451795685,0.055559951135862554,-0.3864658230435914,-0.3037290840065845,-0.33095834947464675,-0.06343824262409654,-0.29143413555955894,-0.22433120635312007,-0.26956368359953203,0.494649913479306,-0.07294835909679545,-0.494649913479306,0.07294835909679562,0.6434693163617412,0.4072056551225748,-0.5562561240339775,0.5634741507647946,0.6892589048028328,0.8689259277761738,-0.4959194610347605,1.0180689548408217,0.7603976042851381,1.0003021504378649,-0.4963915646950354,1.162101234832666,0.6500022020832212,1.0191631033260355,-0.4258848595476118,1.15128542466343,0.6115888468593498,0.9741748499229052,-0.40822029869021464,1.100094340669937,0.6965208811694401,0.9255227899790737,0.5843897410146084,0.9734063163238118,0.5368579854638438,1.03699250562616,0.5278820341125453,1.1011410979522462,0.512909345505826,1.1525146133842994,0.651182420176532,1.081521363300968,0.631818425232164,1.1595198203046595,0.5943022836234283,1.1867131764387786,0.5644517910946523,1.1964317559649154,0.7238787883910133,1.075391099611731,0.6871841645413834,1.1581022402866663,0.633699069958384,1.1750315676367644,0.593495404584992,1.173022992354834,0.771200241686785,1.0620600884432183,0.7379454965282708,1.137759571100604,0.6850198054038715,1.1537586639461523,0.6453029799781804,1.153290105307714,0.7989119963589906,1.0462999412321217,0.7734003616244204,1.1070804033679102,0.7295088312917581,1.1254767454762828,0.6938774688942326,1.1282106135659422,-0.4913076248727327,1.0492023764616893,-0.38567316882225583,1.0771802024844175,-0.3420268108848307,1.1347372776173095,-0.3243340147967633,1.1944239228437883,-0.3072726614272555,1.2435681693436913,-0.4641983583139654,1.2025475599871998,-0.417885065354589,1.272385040650821,-0.36467866429734264,1.2918816993698012,-0.323841971732831,1.2997989314403915,-0.5178056465050398,1.2022029255838156,-0.4633846305818855,1.2672149073652,-0.4017651580679112,1.283721744988799,-0.35393271662085407,1.285457510766288,-0.5409579878385338,1.1926351013148713,-0.49069908862919104,1.247555928486406,-0.4352687783857512,1.2626983678160635,-0.3899769610370883,1.2654028427902149,-0.5464889725367652,1.1840102816316267,-0.5053189017518681,1.2310649718930986,-0.4599802153857292,1.2438140456053297,-0.4205545763341541,1.2441523259661573
-0.1804370446008092,-0.3336968221690189,-0.11849228526338594,-0.39468665109026524,-0.07670982454518824,-0.4017079624521926,-0.03719312363507125,-0.4071236951233176,-0.24449130314218182,-0.36634181534840576,-0.2815475054805057,-0.35517017426209907,-0.3107828543314407,-0.3453216466908076,0.028061767265486693,-0.39019559566016104,-0.3261502597086206,-0.31044247692914684,-0.08079963314993105,-0.28608575504472306,-0.24019787403234275,-0.25256694472202834,0.4882867973451333,-0.10759183769428189,-0.4882867973451333,0.10759183769428189,0.689739687683336,0.3566535238249142,-0.5077835502040859,0.6074548264076146,0.7566300854661354,0.817355087022525,-0.4145631026253035,1.0646155916719013,0.8386593949134944,0.947942954285979,-0.40414678313542896,1.2081420933322378,0.728600236437491,0.9724641380806426,-0.3327328372626084,1.1918525698043014,0.6875202321744351,0.9341344615979518,-0.3178227788897856,1.1435461946618832,0.7670805637547894,0.8741755656330589,0.6596759506888186,0.927132666187398,0.6154169000464341,0.9963824409922479,0.6103696171100949,1.0636560562800077,0.6054238328209498,1.1159424398659223,0.7374369397571909,1.0346586461270824,0.7207336516007491,1.1177131354641612,0.6846653264829803,1.1475826926884998,0.6538816073624807,1.1580190360260285,0.8106046137766754,1.0220933323853996,0.7755152042757283,1.1105843618060611,0.7218977776039041,1.1287325172902858,0.6838880721344953,1.1281319980203885,0.855382463985417,1.0047448110003783,0.8258091548341415,1.0834266956239131,0.7720082163810315,1.100863466949862,0.7354751256012487,1.0991201737618275,0.8803919654403145,0.9870600392813467,0.8568855764663147,1.0494616910258598,0.8131196478327823,1.0697543587572835,0.7821283114176077,1.0724205238253606,-0.4063089470871333,1.0879102526699889,-0.3041099321394873,1.1098229927247651,-0.25626624292360234,1.1648905840406367,-0.23399822090530956,1.223057524151392,-0.21170591760272833,1.2708258653237041,-0.3734300283705985,1.2407420034066996,-0.3262681501422378,1.3059229770810334,-0.27309570784596315,1.320796238334329,-0.22883319868040078,1.3235206687381682,-0.4249832077593183,1.2433136105293876,-0.3661592317517091,1.3020121469172798,-0.30082170063189345,1.3106186343308182,-0.25025361802927304,1.3066515714801685,-0.44590761230231624,1.236054223664243,-0.39343688827500717,1.2854636653995009,-0.3333869092540316,1.2934405061274277,-0.28337457575211994,1.2918841642393526,-0.45002744041526116,1.228021272502071,-0.4088400071754154,1.270429687185897,-0.36025686687133185,1.2808518430931237,-0.31786434875735464,1.2793029791558017
-0.07096195947220714,-0.37170730227695103,0.004274686386128044,-0.4114628403762554,0.04653898940902243,-0.405752548521997,0.08616715691348238,-0.3993598537697075,-0.12377498162557173,-0.4219038257230018,-0.1629019881172577,-0.4223349199949363,-0.19189078149085848,-0.42182805571817494,0.1422384542866902,-0.36465542923734584,-0.21921026419152628,-0.39470104377721954,0.008695763894067473,-0.2967364544837958,-0.15356304594567277,-0.31184194514348107,0.4981155629481942,0.04336918201676758,-0.4981155629481942,-0.04336918201676775,0.5589344028423459,0.5461623006836445,-0.6628533787438343,0.4326322193801422,0.4840417992329601,1.0055694704263984,-0.7092289724992853,0.898901515740433,0.5238871815725622,1.1567998258607084,-0.7422218995564772,1.0393557539298777,0.41089593408759667,1.1460244568506701,-0.6670386425790722,1.045460837501571,0.38284524118012747,1.0979270554457337,-0.6372855008821722,1.0051078465010144,0.4760325809089797,1.0600727358428441,0.3571232738282562,1.080914014094885,0.294731204918112,1.1347022046432576,0.26907607898933955,1.1978401080390555,0.25051599624396437,1.2477134246845154,0.40209781829890523,1.2057140937447175,0.3606167575683372,1.2802712819354278,0.31699617237263633,1.298898511414837,0.285586088430838,1.300560171260742,0.477434832402625,1.2152417124938366,0.4166400809531062,1.2904351227079462,0.3587773450274496,1.2925312674605538,0.32179014761245983,1.280953522105021,0.5263963413853344,1.2117605763680535,0.47389341363631377,1.2795557219342846,0.4156599717903982,1.2810983055822276,0.3808502381351774,1.269166521813484,0.5554491879602808,1.2020667524115343,0.5136828571627958,1.2574592562244973,0.4651344510765368,1.2646954312780145,0.4337744456703109,1.2577617710813782,-0.7136925215783443,0.9194030230171141,-0.6191385055687553,0.9701283159201731,-0.5864717191719302,1.0364051549128845,-0.5817818063672452,1.099085809859351,-0.5788266275873352,1.152224408102885,-0.7213285935118408,1.0760477528061347,-0.6928266779200748,1.1511913309197197,-0.6491157655217091,1.18164834727898,-0.6091840347989251,1.199748393251634,-0.7730332594466842,1.0643734601767598,-0.7324157568109967,1.1390870242344309,-0.6736281584257005,1.1681487321965205,-0.6233938537259198,1.1811610459769561,-0.7925504126825615,1.051757893017235,-0.7554511554039092,1.116365748560925,-0.7012541802161888,1.1422029136517036,-0.6521261435197955,1.155979404429177,-0.7949819030716366,1.04278794859618,-0.7659478249905857,1.0964879120429811,-0.722988791307842,1.121590985125074,-0.6820053790845184,1.1337799226149954
-0.1337458337076044,-0.3529810286914979,-0.06679148756417037,-0.40487445322764093,-0.024073373542407912,-0.40653916917680816,0.016208952484340036,-0.40722746095137974,-0.1946450303175078,-0.39341835149511756,-0.23322794345780593,-0.38713731548523844,-0.2607164322773149,-0.38200710447593816,0.07722152518192989,-0.3834339935689942,-0.28376866263855743,-0.3515206766594017,-0.0424454031360536,-0.29262083421574064,-0.20483804465037966,-0.27964200243058424,0.4982012828680457,-0.042373125311139306,-0.4982012828680457,0.042373125311139306,0.6472909811550545,0.4429143687138111,-0.5769546316418049,0.5433437145486677,0.6538548417559318,0.9080958025775169,-0.5405590155262331,1.0122056511527224,0.7186285124636385,1.051257192530951,-0.5491952019861193,1.1569296742603743,0.6055539045495896,1.0596074473233943,-0.4724868124651104,1.1496143114929704,0.5696789340378164,1.0171415981764924,-0.4495404434157681,1.1045181261286943,0.657364200359743,0.960582561883332,0.5422367746568685,1.0016441998803338,0.4897756893586386,1.067255947138044,0.47482545217332867,1.1346034330762462,0.4662072532824822,1.1877482278105669,0.6073807932978775,1.1218490115592115,0.5784739672023416,1.203140074512298,0.5367528321156911,1.2279200430000932,0.5037590819212986,1.2339305995640222,0.6818328327538233,1.117874400018248,0.6349393434725404,1.2020500178741782,0.5772578350051459,1.2132060307668289,0.5373081654036411,1.2070549339476013,0.7284460971523382,1.105716169779478,0.6874431371053225,1.1809664321465152,0.6295472533360661,1.1922114696305655,0.5921608947285867,1.186237103807676,0.7542289845312179,1.0909985498411785,0.7221676897263135,1.1525356878059574,0.6750959506832725,1.167417097444491,0.642739473847412,1.165610101047686,-0.5402747757921346,1.034181172953792,-0.44062874329269186,1.0666466968134019,-0.3975410391577973,1.1259357460680088,-0.38088903633132143,1.1865102042602202,-0.3659302892486586,1.2381166163931219,-0.523060112122423,1.1880269134284809,-0.4837461289652243,1.2586917169491183,-0.4334269506942562,1.2804808797101799,-0.3903394523094719,1.2903178743234405,-0.5750372741532,1.18503629699873,-0.5233121313315277,1.2518180181706726,-0.45813450620011714,1.2685302811760302,-0.40547862374656407,1.2705614679885902,-0.5952683742669639,1.1754015714846524,-0.5486043574332251,1.2320629253252504,-0.4891472453354007,1.2460640675909773,-0.4384252343134002,1.2493571344543084,-0.5994418042698243,1.166867446846847,-0.5624404991359943,1.2137387048531838,-0.5146431120533907,1.2288514088481413,-0.4722112844028613,1.2317512817053267
-0.1801528272527348,-0.33125380787094383,-0.12089951334838135,-0.3919452260293549,-0.07869578616655298,-0.3994605582154554,-0.03876975892286474,-0.4057478560565869,-0.24626274146244442,-0.36309802844927375,-0.2836988132389135,-0.35183935907483654,-0.3098570863883628,-0.3434843740604284,0.02480928800956329,-0.3907484844435581,-0.32902136639398655,-0.31073193139830135,-0.08130890199050662,-0.28375774155474426,-0.2406535070898527,-0.24864273473681164,0.48779672820306963,-0.10979231282007246,-0.48779672820306963,0.10979231282007262,0.7052946162612224,0.3515216552942827,-0.49635542862690707,0.6198534389380452,0.776205354449607,0.8119932041110703,-0.3955477872780306,1.0802033387868821,0.8602211970958114,0.9462173965174637,-0.38411341478442174,1.2252253346428859,0.7487228715088198,0.9696246688538771,-0.30882060409326595,1.2071703250021892,0.707367731661722,0.932684411665446,-0.29234336609370615,1.1590534103427994,0.7818923745837619,0.8658536881975849,0.6763833463839948,0.9241858842080186,0.6333532235344816,0.9935427041850341,0.6303202298155092,1.061483083653232,0.6276655063669851,1.1150789534486205,0.7564922121522533,1.0294324849632799,0.7402277580137189,1.1141175673554626,0.7042104228310829,1.1439777101318045,0.6748182322897133,1.1542639967693649,0.8310402239941009,1.0148751699080578,0.7967827643054813,1.1066292293685371,0.7417262549892216,1.124515779207498,0.7037126267553,1.1225951063237485,0.876527222275663,0.995497222160958,0.8501656332729816,1.077175978442288,0.794959260329076,1.0959954285684836,0.7580935285971692,1.0945072999699639,0.9019938709431348,0.975914635892414,0.8836288046824446,1.0412749287675525,0.8396762987610515,1.062993636787317,0.8076319005626816,1.0658470719738815,-0.39462342149039725,1.1007594549900446,-0.28958292657783813,1.1189488855803402,-0.23798071830717563,1.1732871177977224,-0.213051840239509,1.2320274717727935,-0.1906017810476355,1.2818045912402887,-0.35294851484288425,1.2529105307503101,-0.30373580719302123,1.3171409660784477,-0.250785491490121,1.3315977388722386,-0.20792195457105828,1.3346150201599705,-0.40523283777245045,1.2569817470843982,-0.34444377068087045,1.315251520253551,-0.2788760457828024,1.3240327186132337,-0.22774299077841284,1.3198428988263025,-0.42663559458160244,1.2497878641518791,-0.37272502100748583,1.2989542202018223,-0.3126790022294344,1.3064287368461809,-0.262225622066075,1.3042645263434094,-0.4324930869410558,1.2417044852962271,-0.38786240562100255,1.2825298937508307,-0.33848557696736714,1.292151513280554,-0.29592237404657484,1.290921260744325
-0.1810274770356691,-0.33073877866751134,-0.12198974419738012,-0.39188574741503157,-0.07970025614084321,-0.39964517271547384,-0.03959878336636518,-0.40619151481358445,-0.24758941608737153,-0.3627735469494093,-0.285173548241137,-0.35191639009303793,-0.3113026097689808,-0.3439431325647079,0.023991426254883534,-0.39165641980795646,-0.33057990623060757,-0.31141841029304046,-0.08200693914306498,-0.2834165829287395,-0.24132905686109143,-0.24757194057764018,0.4872836633179823,-0.11204745183808207,-0.4872836633179823,0.1120474518380819,0.710003597100292,0.3488175603706139,-0.49239504524125505,0.6241615046765474,0.7838401647367229,0.8097989605043153,-0.3892431758317103,1.0847921241525358,0.868675759505636,0.9441369987090703,-0.37691005255803117,1.230252554172257,0.7567663405974737,0.9683584488705789,-0.30130299721914144,1.2115965145753471,0.7151797596603173,0.9314733508605448,-0.28508372948282074,1.1631846881433647,0.7898816919708408,0.863249894481348,0.6835862765898495,0.9223821468896606,0.6416109518594999,0.9932415687687388,0.6373791404406062,1.062013464223698,0.6364760562012595,1.1155558794035765,0.7648910994445912,1.0282344935297005,0.7516772359468316,1.112525060878611,0.7159412815353339,1.1436228894550475,0.6858942082994646,1.1555196878568592,0.838785182409831,1.012857253336216,0.8084156381922933,1.1041917836225865,0.7539120337562099,1.1228943580670974,0.7146993365098329,1.1227478556153208,0.8848084240683567,0.9933441112262412,0.8593698798038949,1.0746671879284988,0.8052095443764922,1.0940060827181106,0.7679548687367498,1.0934014718650997,0.910749036679385,0.9740255006955781,0.8925052235547973,1.039510562114468,0.8488814762202521,1.0614442986311878,0.8168634917119098,1.064559653862988,-0.3849388129991996,1.1057274798287413,-0.28257000587686876,1.1240669236540746,-0.23044765182790808,1.1764524607448716,-0.2048317940409623,1.2345723629615888,-0.1824782704149716,1.2846065503427038,-0.3467571931582351,1.2581558106242554,-0.2960097102439934,1.3218308968954189,-0.24267482099543933,1.3358424619664306,-0.19993976205529532,1.3393452369660332,-0.39872934781281827,1.262563816022559,-0.33593410891847114,1.320733269261373,-0.2698251038313233,1.3278837690312801,-0.2190588167049017,1.3223126353079202,-0.41980601305255255,1.2555914557166892,-0.3647792363005859,1.3043464279941814,-0.30450075669929105,1.310536229756005,-0.2546381711795553,1.307612396129093,-0.4248876402195836,1.247377657224392,-0.379492351732956,1.2875809881148446,-0.32999518401730765,1.2964616473389574,-0.28849290804036365,1.2947502333887204
-0.18273993516069442,-0.32963555482916174,-0.12407213308584382,-0.3913215285183292,-0.08162958968694115,-0.39938427457099196,-0.041444599573152364,-0.40619978918628136,-0.2496047486826045,-0.3616355013378686,-0.2871519290546482,-0.3509092746343226,-0.31327835838061063,-0.3430505692771759,0.02229609625312517,-0.39207162225520004,-0.3324544351680007,-0.31056703551914,-0.08368045910481586,-0.28226352135698163,-0.2426338564405206,-0.2458463142405904,0.48663238834797823,-0.11484301724851409,-0.48663238834797823,0.11484301724851426,0.7137600657989075,0.34543836388749927,-0.4878289977266505,0.6281948564598223,0.7906338438120435,0.8062697220042545,-0.3823673865772275,1.0883946649150384,0.8764621775670285,0.940583828200594,-0.3687795632099632,1.2342631387112628,0.7640264152567006,0.9657408402078465,-0.29216736063764737,1.2146935155763832,0.7220261063427914,0.9290276938926161,-0.2762909621698272,1.1660511095031736,0.7983977293322193,0.8606808030041733,0.6911590274649616,0.9196676762959637,0.6492878812322264,0.9902945245710384,0.6466115957956879,1.0588543386300173,0.6443104218339827,1.1127267934231149,0.7734185111524663,1.0249046907962087,0.7593126240341473,1.1107537990352663,0.7233857643296077,1.1418465236345303,0.6937036199625389,1.153506325634047,0.8477826623560336,1.0099911081405952,0.814892557127913,1.1022611023501667,0.7599698926151346,1.1211872107291387,0.7213583015303686,1.120891933463995,0.8930641688971598,0.9910648184487242,0.8652578068506523,1.0731537811918843,0.8106348916135067,1.0927821235845034,0.7737646117824978,1.09233012023864,0.9180348693119578,0.9724212065466461,0.8977713153423094,1.0384126642864646,0.8538723662316786,1.0604739034149095,0.8223944660735126,1.0635367913503826,-0.37806294904088034,1.1108433451826887,-0.27301551328595414,1.128867603312563,-0.22139968903664348,1.182242957713636,-0.1973683462089917,1.2401426757512544,-0.17569989950234177,1.2890653735260957,-0.3370305281143832,1.262342450224091,-0.28850486690340477,1.3264998195685773,-0.2361504515716454,1.3408706165273157,-0.19330378257893527,1.3445455496065666,-0.3896997236013499,1.2666072984401742,-0.32932290461788843,1.3254112156252447,-0.2630066645772101,1.3328218306121022,-0.21224099228555865,1.3270747409892365,-0.4115184187145142,1.2595694553712602,-0.35791596444428186,1.309070516548558,-0.297499427091351,1.3152328051538897,-0.24794987698761117,1.3121828060443361,-0.41729867581273655,1.2515099360967923,-0.3734075480658277,1.2926110213618829,-0.3243231115580683,1.3018763326301643,-0.28287307913266924,1.3003360199950262
-0.18049997296879716,-0.33032538822473423,-0.12148524860387606,-0.39222390458044193,-0.07889442839836432,-0.4001091796087095,-0.038530267450808606,-0.4067523728440766,-0.24736824346258782,-0.36319519787357535,-0.28503929713193266,-0.35273733408811125,-0.31111967825871595,-0.3451615609439832,0.025255509570925344,-0.3922502008019803,-0.3305632975341709,-0.31270371115499157,-0.08152190169384652,-0.2820393517467742,-0.24087180552231924,-0.24646375879509108,0.4871477211492244,-0.11263701780106508,-0.48714772114922456,0.11263701780106508,0.7143365872243348,0.3499940055637486,-0.48971884903627994,0.6272287826502668,0.7892431513025749,0.8120506473223482,-0.38722340473422756,1.0884204031777152,0.8745788313493178,0.947268085960593,-0.3738864155141358,1.2350592841177208,0.7615489533831419,0.9721693859881461,-0.2959156445029491,1.2155764887442235,0.7196273539153994,0.9351408223354157,-0.2794576104004237,1.166794229767862,0.7957401898958506,0.866176528614892,0.6884094774255575,0.9256230101144025,0.6457818711707554,0.9961288126380582,0.6430837125066974,1.064788531928633,0.6419381316925077,1.118731355118953,0.769835192015272,1.0317080252224136,0.7563523019337913,1.1165228858241745,0.7215648918171895,1.1478059030871282,0.6924404737063096,1.1601926990318896,0.8449750948294211,1.0165785539044845,0.8128401031979631,1.1080862860210807,0.7590220958331695,1.1269969259159733,0.7205727053178046,1.1274927167692406,0.8913792526804853,0.9971197242965663,0.8635257582245464,1.0782060590720268,0.8096244816691145,1.0978111331959295,0.7728011455234729,1.0978999432568426,0.9172596714227397,0.9777801114622098,0.897022859330302,1.0429610047328608,0.8533430502685698,1.0653793901625201,0.8213327924457124,1.069279007596726,-0.3844891558551538,1.111561118909354,-0.2796344477951349,1.129768244022018,-0.2275086042955157,1.183195081830289,-0.20302910583143635,1.2413542218543956,-0.18146464112397834,1.2902332569498256,-0.34536043627449065,1.2623339071581814,-0.2957044081695453,1.3279052100955573,-0.24154875555224053,1.3425912223117153,-0.19789316396041565,1.3457618457492033,-0.3972234005734902,1.266774677254618,-0.33566243832205234,1.3255246203669797,-0.269032866998051,1.3334831962762002,-0.21785765596417003,1.3282267542818798,-0.4185484195406729,1.2600620410100072,-0.36251586888568177,1.3085669206033093,-0.30138308513678735,1.3151069638048312,-0.2512268093838695,1.3125688596819503,-0.4232772755855367,1.2522418511009166,-0.377343649108252,1.2927036799320075,-0.32782377921077305,1.3018460607539337,-0.28576867457808564,1.3000829765304363
-0.15064303149208488,-0.34426490514317015,-0.08628696222225413,-0.40120456707486213,-0.043075538747871615,-0.40537849168760276,-0.0021970918982155397,-0.40849714612435784,-0.21439093905893547,-0.3832578142447594,-0.2528743090458555,-0.3761603098969651,-0.2794569189222229,-0.3709758237655718,0.060176104827612674,-0.38841702946626966,-0.3016199555675991,-0.34025467676480997,-0.05619920675107686,-0.2872204490839432,-0.2180160388174434,-0.26550568357379684,0.49506769756035374,-0.07005693992953256,-0.49506769756035374,0.07005693992953273,0.683127305938229,0.411975541643084,-0.5421343795257856,0.5835947214939234,0.7175318783845211,0.8796358929479765,-0.4804021442098469,1.0523117045499792,0.790388086467986,1.0223538172757796,-0.4796485868605719,1.2001497827893688,0.675129935940153,1.0374635670070298,-0.39970885721242333,1.18752734929341,0.6366875316951757,0.9967586560870887,-0.3789517247343622,1.1401298116605965,0.7173470826339894,0.9337471975769226,0.6061292433871449,0.9844690853386268,0.5596138251264396,1.0510439191747885,0.5514925568717076,1.1184185659429495,0.5435708337395648,1.1715494873262344,0.6787374991440578,1.097236000906102,0.6582330406747777,1.1795512676189772,0.6210665053565403,1.2076614127652259,0.5910177659461349,1.2175075803410342,0.7546547859074787,1.0881953654888503,0.7166254922488203,1.1754661078676898,0.662306768568934,1.1906822008959252,0.6243525132599858,1.1889039957473622,0.802902534504617,1.072351674404933,0.770244924682756,1.1500168155004988,0.7160744760275921,1.1654532733968177,0.6798673524114147,1.1634730596614749,0.8306171779012437,1.0548977590595272,0.8062882418577337,1.1175369617728614,0.7617617788784854,1.136367847308836,0.7298788999729868,1.1380125228381057,-0.4781665924952526,1.0762699529386992,-0.3752138467231072,1.1049514824931717,-0.32874011963004207,1.1634633752187313,-0.3100110180396741,1.2236712424614486,-0.2921461904441518,1.273523468986478,-0.45159523786370487,1.229674833294079,-0.4078705647236415,1.2994247205440557,-0.3575165676067902,1.3188654490183955,-0.31539033515671716,1.3266041687002716,-0.5042282967357693,1.2304389008543057,-0.44781749010804067,1.295552615227796,-0.38327749116794263,1.3091315546652695,-0.33268220529772535,1.3080827230733272,-0.5258234551156334,1.2228163517660007,-0.47539135679687855,1.2771183741455467,-0.41616951359105636,1.2889930194365185,-0.36659939710797396,1.290317469542635,-0.5309156932670457,1.215145125800419,-0.48983814577227114,1.2596082663397858,-0.4424046623696235,1.2737208209525892,-0.40120706946311424,1.2761511318434962
-0.10946411336549973,-0.3584958291374301,-0.03883510111933234,-0.4082956300252782,0.004652265440244274,-0.40751216675337154,0.04569424050250873,-0.4059165454508805,-0.16826262398472774,-0.405418587247507,-0.20736423839746665,-0.40282276913719456,-0.2342982446615267,-0.40076884810732644,0.10532860401767662,-0.3784798412387492,-0.2599456102672234,-0.3727648455403725,-0.022305433295878963,-0.29072766210273193,-0.18555218607059853,-0.2877624066304998,0.4998364989740493,-0.012785706604060898,-0.49983649897404947,0.012785706604060898,0.6325456944077351,0.48885050584533785,-0.6055852494950632,0.5182579993479965,0.612752244899152,0.9580696442092216,-0.5985502751936237,0.9911971893438937,0.6686370104858644,1.1085178098612278,-0.6147784849767386,1.138479215688272,0.5520448185551363,1.1102922654339298,-0.5334194338272537,1.1348925302178139,0.5185699527858229,1.0652870107323205,-0.5068929027449187,1.089653975910082,0.6059406054818149,1.0107175707849565,0.49057256629908197,1.0474423233789303,0.43591531551397583,1.1100313549458234,0.4188181215782505,1.1764152559971954,0.4059403430149471,1.2292064594724736,0.5511770797376272,1.1706401452695938,0.519799463236928,1.2501834139041532,0.4787910637991097,1.2742697899908768,0.44696606195448585,1.2814559796967657,0.6267666749680326,1.1697765265118734,0.5765667487907362,1.25204695368057,0.5191987214407822,1.2615350857077983,0.48044094496952805,1.2554579962280372,0.6755299616211021,1.1589027521690412,0.6318267001854397,1.2324255649155733,0.5748187341984118,1.2416485144561888,0.5384603174731487,1.2355922491122202,0.7042669665997513,1.1441807474010086,0.6725182959056312,1.2043211283921744,0.6255817001858476,1.2180452701403435,0.5935564943631584,1.2161006249340294,-0.5987569390855422,1.0153423373646095,-0.49870843915684876,1.0554051818188472,-0.4592341699335953,1.1185657987531814,-0.4477390739091806,1.1809591061841278,-0.4379861519617249,1.2333424909277095,-0.5896622927432593,1.1714796884077094,-0.5553584350965483,1.2454035199957334,-0.5069830560553538,1.270481698149445,-0.4657772159319163,1.282814608584188,-0.6428649056611424,1.1657684826445538,-0.5947549881442888,1.2372115610535845,-0.5319216821904448,1.2586742855839133,-0.4811721062309619,1.2639612264021862,-0.6640148394441632,1.1549662656366864,-0.6189235428138475,1.2145639187972053,-0.5607191851104818,1.2329431744187402,-0.5114742064112785,1.2396839328422709,-0.6684354627029154,1.145805579289063,-0.6306427976626975,1.1938106509107576,-0.5844038258231243,1.2124785162367304,-0.5440455191821638,1.2190181200860857
-0.15563784784952406,-0.34037810633163573,-0.09223943851722068,-0.3997461592127954,-0.048975262069965934,-0.4049094261531897,-0.008045319921181902,-0.40888391729441864,-0.22030265350663814,-0.3797498347100089,-0.25885684176570356,-0.37193025701195775,-0.28521896693844506,-0.3663122054870894,0.05464261895205387,-0.3893047697564541,-0.3070146432949145,-0.3350576735715405,-0.060317448569658684,-0.2847389231059063,-0.22178127288279867,-0.25980436406659385,0.49356978743441393,-0.07993037552737664,-0.49356978743441393,0.07993037552737646,0.69480790841998,0.3996603845886089,-0.5304320265264866,0.5958521589497215,0.7380329568791496,0.868444243207921,-0.4599039945691186,1.0641669898587163,0.8135605018331693,1.0104139851585934,-0.4560604927976229,1.2125811642492246,0.6980170425489324,1.0278706274458436,-0.3756975494011055,1.1980256006266403,0.6587137549382195,0.9876661943270542,-0.35525046347958633,1.1492518736299888,0.7379893216473709,0.9232432402646129,0.6280924676420465,0.9755338373768727,0.581921725313526,1.044026138220706,0.5740794992795996,1.1116948727878504,0.5696507170529882,1.1650201091610115,0.7046271567419479,1.08766804866416,0.6848463010160637,1.1707691478529805,0.646799276851346,1.2006577873743491,0.6145362451804223,1.2124311020260685,0.7799068917439184,1.0770285530026358,0.742077639659147,1.1653540979936114,0.686414055882479,1.18211444961592,0.6468091647882025,1.1810044484317106,0.826556755026638,1.0602664863033286,0.7934985756340317,1.1387556031158519,0.7384400573473497,1.1549634547330454,0.7018219084187004,1.153083398566572,0.852951416145207,1.0421216741020929,0.8300138340233387,1.1057277660040277,0.7856292999951702,1.1248614465243238,0.7540992251695942,1.1258487469063372,-0.4568429312663332,1.089512996868345,-0.35157786991637374,1.1161150067862984,-0.3030330296118571,1.1731224448072233,-0.2837729966167716,1.233700561638949,-0.2670655943083153,1.2840328973813873,-0.4254901681628551,1.2409348159552134,-0.381645515212354,1.3105348779628647,-0.3298584123280456,1.329442152662766,-0.28715724230621176,1.3369998287441527,-0.4795070535779973,1.2428689894636504,-0.4237006449944654,1.3086740274826456,-0.3578748618493081,1.3219609129499472,-0.3064239723749255,1.320635691851139,-0.5021529280777282,1.235358054043268,-0.4515762731249345,1.2898573128165938,-0.3911105029457902,1.3006031265562732,-0.34151529791114643,1.3008958186926975,-0.5081741461193725,1.2272494786124095,-0.4659152425837582,1.2713738041521268,-0.41797784435904317,1.2843663394789018,-0.377534707490235,1.2859175616425207
-0.11127008647237316,-0.35726843735278246,-0.04108552757935325,-0.40838531082918095,0.0025491432261730987,-0.40816518752092845,0.043685588924704276,-0.407025611383428,-0.17068577285052375,-0.40461691680203876,-0.21004851184643725,-0.40172025660025446,-0.23687117543061403,-0.39945819122657106,0.10333053212249457,-0.3794751388352122,-0.26253514395693517,-0.37105802594018555,-0.023896094827071463,-0.29007538651818676,-0.1872886403836252,-0.2853497855651301,0.4996831387022886,-0.017797777856502047,-0.49968313870228875,0.017797777856502047,0.6412507087119197,0.4836230196369105,-0.6007119413102843,0.5256670497899787,0.6253795308495151,0.9546653459226,-0.5888774529783145,0.9995226114897134,0.6825642072626719,1.1051745631890064,-0.6035996332732333,1.147383984836072,0.5654673712907299,1.1081376113788446,-0.5217569837727072,1.142920119113641,0.5314302891703812,1.063219222166076,-0.49455322472488633,1.0968684851757857,0.6195967888274021,1.0091266747736378,0.502393483797134,1.047053937551827,0.44904312993503553,1.109409366507149,0.4319381112772355,1.1761916286650598,0.42069713002145576,1.2288785601664225,0.5650967542257856,1.1669183341905849,0.5343031549580254,1.2477660993697468,0.4934216904662032,1.2726068851506314,0.4609811420156222,1.2792814065395588,0.6420761460677691,1.1661258223112936,0.5923334226541821,1.2497717735468394,0.5353752006731873,1.2608409276163337,0.4958896075792497,1.2561634948720453,0.6908293868661863,1.1559614044176807,0.6467471645933968,1.2299445432549192,0.589810970619925,1.2405931754143458,0.5531890645108711,1.235343534275947,0.719353314590595,1.1418881041871163,0.6874704420044716,1.2019863414286858,0.6409192019790935,1.21629489313441,0.6087803874758542,1.213997853630508,-0.5914058684458299,1.024638827401818,-0.4896818894581728,1.0629309777768037,-0.4478153697243982,1.1263861469080847,-0.43460440462577554,1.1893128407077842,-0.42440002978863756,1.2419198261784048,-0.577304172380646,1.1805893547498887,-0.5409335585549602,1.2538609564777132,-0.492286208606874,1.2792288290617246,-0.45069020854145747,1.292153971771182,-0.6303070013329152,1.1758499440138033,-0.5827520205804111,1.246461952565987,-0.519229192176935,1.268247378211329,-0.46707330867986196,1.2737399793459885,-0.6510660059473949,1.1656095980029304,-0.6070821295105595,1.2248704616511423,-0.548618158371837,1.243439679224931,-0.4988440562261412,1.2506375284420932,-0.6558690374578169,1.1571537894103994,-0.6183354743978309,1.2055797744028758,-0.5724169752206907,1.2241481286788638,-0.5319891927385396,1.2308205081993888
-0.040283639081353,-0.37177490437076854,0.0378692630483705,-0.409031171335363,0.08080614463883208,-0.40062821457132397,0.12105430195976959,-0.3917598049862205,-0.09003588264382845,-0.4298672611731057,-0.1295462691353192,-0.4345359444616709,-0.15634100022809358,-0.4373606046365751,0.1741054851124334,-0.35304835138871116,-0.1872665293699628,-0.41399717971599337,0.03235461734400817,-0.289340073874583,-0.12903395698533496,-0.3151814222179657,0.4940393073570691,0.07697507899409643,-0.4940393073570691,-0.07697507899409643,0.5403154616891821,0.5974171235693303,-0.6896953930462645,0.4040426379627426,0.43566207138634166,1.0576913830064758,-0.7675373056363747,0.8722157423027371,0.4636095421022653,1.2165871567729296,-0.8099209730000552,1.014609974691992,0.34760944611518885,1.1975502137159824,-0.7285654645267798,1.0258221649538974,0.3225888932526499,1.1467946835971115,-0.6928194238175583,0.9855485967375575,0.4193115544000495,1.109914741324126,0.29647326837330096,1.1275936722253217,0.23243994421214953,1.1790674127845961,0.20493359315442541,1.2414591849133705,0.18243972182072443,1.2901556959377392,0.3335898356362129,1.2586729687484097,0.28806968869282934,1.3296510952276699,0.2433668019021111,1.345017718407122,0.21097798514543264,1.344938026051162,0.41019411228289765,1.2703479463355223,0.34960921977710624,1.342240054636628,0.29339112174608944,1.3413244801758717,0.257359124260224,1.3277226484468532,0.4628203949187656,1.267140003679422,0.4091873761370106,1.3319517523480489,0.35341037008191434,1.3312207789596664,0.3189763807877389,1.3183034152840216,0.4956704848676546,1.2564228766939183,0.4532051649376416,1.3100144887531744,0.40472777370636237,1.3146698567697999,0.3726870554069479,1.306223575314326,-0.7750313135113477,0.896277695224068,-0.6811025333765979,0.9540268043332003,-0.653518587575401,1.025559743121753,-0.6520833646265389,1.0886656028171293,-0.6505825923074355,1.1410104312268643,-0.7914604537819526,1.0540183925962172,-0.7683295754897016,1.1331018837138191,-0.7245009642828627,1.1653991994180741,-0.6866866807397003,1.1849947757354367,-0.8434172095916898,1.0378778229278598,-0.8084536627504717,1.1163674245846875,-0.7504239278962967,1.149091113168943,-0.7012936405116761,1.163381359030104,-0.8616353386748962,1.022789967200805,-0.8311665835952514,1.089568217699443,-0.7785904266151001,1.1194921061243888,-0.7320242155531429,1.1362489872558754,-0.8639786821792453,1.0129431926306942,-0.8371012810486264,1.067772627865969,-0.795644251797631,1.095385692787627,-0.757390859553154,1.1103849917905944
-0.06241021350362541,-0.3678980117392394,0.012846905567413178,-0.4102071099611905,0.05628132012090767,-0.4045530067814876,0.09696565186993483,-0.39822910508678633,-0.11588603428497307,-0.4231334181202886,-0.15583801448465937,-0.42540556021440884,-0.1827477203840298,-0.4265428452344806,0.1518979064119261,-0.36262583742263016,-0.21211271321326783,-0.4010223398610361,0.01493954569829217,-0.29024211519244303,-0.1476954492586093,-0.3056700919968465,0.4978403311681237,0.04642202777144543,-0.4978403311681239,-0.04642202777144543,0.5767281131314448,0.5631903054172412,-0.6633791441546552,0.44656802855383915,0.5008124306074068,1.02919606505755,-0.71156870252885,0.9184307381009768,0.5385060310225189,1.186151742193017,-0.7452438254278572,1.0627900796097298,0.42141729379920684,1.1744439737640813,-0.6635097692153603,1.0691800157750155,0.3932821125723079,1.1252416317583245,-0.6299523633172099,1.0267124069948714,0.4863558733374743,1.083596461647546,0.36582153705910153,1.1099164901286283,0.30476653067833204,1.164892069689583,0.2806972907583134,1.2277762642649364,0.2628785574180655,1.2772958070166696,0.41292287522832205,1.2361976686519947,0.37159053019966726,1.3105106889118656,0.3268257725424394,1.3286725717995156,0.29346635407618743,1.3309109935951722,0.4891263554846848,1.2438342218196596,0.4311906658806189,1.3194297399971036,0.3733399235651466,1.3212935345809338,0.3355037999900121,1.3093284382181,0.5402565236178651,1.2384925447726594,0.4894190638658539,1.3067275809912637,0.4316387552838002,1.308855523066907,0.39469734654935046,1.2970873686262772,0.5713085807983975,1.2266472420191237,0.5307849938926961,1.2824269465816707,0.4812128194851188,1.2896788670557973,0.4480055573945168,1.2825683655075375,-0.7170048819697727,0.9437013829985789,-0.6202584400325548,0.9950335272950258,-0.5882249127577186,1.0648053302558897,-0.5828775167978058,1.1284957048571354,-0.5791784980764129,1.1812668784853595,-0.7254977317467298,1.1024525598517099,-0.6978233082383634,1.1804534787481664,-0.650437909308332,1.2101414363912466,-0.6097853749815532,1.226739168061092,-0.7774511909335567,1.0898207788176268,-0.7370877793108762,1.165762427614339,-0.6771425388600282,1.195637713380848,-0.6263624424665825,1.207618600628256,-0.7961467612079173,1.0760204928823414,-0.759929276943259,1.1404492106134207,-0.7051603795120825,1.1671036164483182,-0.656591402351433,1.1805783764291653,-0.798802025983961,1.0664114237243831,-0.7676298902999114,1.1192553442259205,-0.7239935366889025,1.1438075403303878,-0.6837876377154269,1.1556857719727427
-0.10750823976311971,-0.3567184214044707,-0.03875254429110343,-0.40830066108861784,0.005139757555030621,-0.408229149034484,0.04619661409679008,-0.4071360473744991,-0.16788659134482606,-0.4047594451725902,-0.20804796508300863,-0.4019603493249015,-0.23497515685674938,-0.3996491392778049,0.10475071679550815,-0.37871289174074646,-0.2610614768419711,-0.3705233531080299,-0.021379162903436815,-0.28956298609738035,-0.1845516110441712,-0.28406213959663884,0.49970691672664447,-0.017117166107461942,-0.49970691672664447,0.017117166107461942,0.6443382497302219,0.4854246609679842,-0.6009900645250604,0.5277427144118729,0.628111274161755,0.9573547029382761,-0.5879009084921164,1.0014062295204245,0.685469244794832,1.1083135752786752,-0.6034612599721956,1.1486629001868047,0.5678298117157168,1.111614228244082,-0.5217912508166668,1.144947352137337,0.5336168660222088,1.0663531834989988,-0.49354368856263237,1.0984425182831585,0.6213424262659171,1.0132872285094365,0.5032141976226648,1.0543469292126593,0.45110396773094136,1.1168183677481576,0.4358164639460542,1.18294661674441,0.4237759895778532,1.2346962637762846,0.5671890120813174,1.1756106815940053,0.535280326347934,1.2544544252098273,0.4930682627159641,1.2769470162395957,0.46031411363084784,1.2822557038315041,0.6449259494267846,1.1736062496862911,0.5955536650467059,1.2549388043466445,0.5384691783881094,1.2635957588731501,0.49915234744394865,1.2566966045461065,0.6952744546302181,1.1613630228690874,0.6514244328423143,1.2336662512739718,0.5945848068544195,1.2428467037495994,0.5567406594869246,1.2360984258071677,0.7245406288586734,1.1450193227632561,0.6906017296611361,1.2038779850719319,0.6429257080277866,1.2167774410103456,0.6091280933112213,1.2137611907815071,-0.5903564125239256,1.026693095942361,-0.4880288319622145,1.0658837896270912,-0.4465075264273645,1.1309253384428113,-0.4336573621939172,1.1932691087955443,-0.4249131444401335,1.2454604145863433,-0.5769477688452216,1.186898585472898,-0.540599449886175,1.2602276582166796,-0.49114292654844777,1.2838709147888006,-0.44954868038204315,1.2943266091284515,-0.6294718893564704,1.1809149144571403,-0.5819075942370208,1.2511043208805528,-0.5207642845312057,1.2722947704704561,-0.4713099518489103,1.2769322187541048,-0.6505986249270886,1.1696285369110027,-0.6099096565833462,1.2292650994400507,-0.5540356209962162,1.249086772995331,-0.5055986025639091,1.2565886323248217,-0.6561369643980989,1.1599110118011025,-0.6205194376792715,1.2092798639136575,-0.5758458700163392,1.2293011446830728,-0.5354293907235007,1.2370645084605294
-0.0788418678890148,-0.36388865953025495,-0.0064522276797444236,-0.4099734657372983,0.037385036324888266,-0.40649278766404134,0.07822265529767623,-0.4022050863019718,-0.13528011073245547,-0.41660673064110443,-0.17563125744734828,-0.41703417010343385,-0.2026970304692019,-0.41683401359783184,0.13415044209215837,-0.36928062059770445,-0.23111796324372227,-0.389688302521479,0.0014672403885960554,-0.29026457094662317,-0.16143063395774374,-0.29746263936141926,0.4995157984533315,0.021999252158440542,-0.4995157984533315,-0.021999252158440542,0.6051008706217559,0.534328521691781,-0.6398323862312357,0.47960106484372195,0.5519508251228221,1.0036009934311623,-0.6634027010907101,0.9526444635027437,0.5972648098751965,1.158626141657874,-0.6909284630893114,1.098244971085802,0.47958320753079015,1.1527843169300456,-0.6092556322875795,1.1008421753143478,0.448952457434574,1.104913598186383,-0.5770180555516022,1.0565871898831718,0.5412920439152861,1.0571524672958366,0.4214404231203309,1.0894857456074003,0.3642801394841212,1.1489634553221937,0.3438629727603069,1.213670399287079,0.3263088570488909,1.264392629123363,0.47651633554105294,1.2149773442578724,0.4381267051542427,1.2915652058560023,0.39333680601591864,1.3112822680722551,0.35977228494735497,1.314174618821018,0.5533727310063,1.2194630605087593,0.49710904790318927,1.2976402024494331,0.43833862147369695,1.3016249783212437,0.3997567097698406,1.291204983606018,0.6030802043099962,1.2119401239692753,0.5532833806613655,1.2818449761100998,0.49490021966501835,1.2862430365731852,0.45803684214863,1.2761869291411556,0.6318743016124856,1.1988324684287595,0.5937978939466549,1.2561001589596592,0.5445387505064873,1.2656260653186302,0.5108963091318849,1.2600534992321482,-0.6657829234792478,0.9788761700395374,-0.5689610568771373,1.026253833222038,-0.533102395688396,1.0934328198670753,-0.5255170985923647,1.1562169278008512,-0.5218901584784233,1.2087606540632865,-0.6662878941859419,1.1385229238061914,-0.636268025370361,1.2143428198287292,-0.5887282526415835,1.2420774269294608,-0.547631908354766,1.2565851968198671,-0.7171369011092975,1.128897993975994,-0.6758418633670039,1.2019725333677675,-0.6168675926254861,1.2290428134439246,-0.5667686244080457,1.2389539110777141,-0.7365609408302135,1.1166038393862596,-0.7010205531888726,1.1789923262570121,-0.6473339557823306,1.203542248613116,-0.5992088929553935,1.2155791773395352,-0.740299028748998,1.107478436945903,-0.7092167449948401,1.159844641081106,-0.6668842875354734,1.183119951364141,-0.6271248414367986,1.1943176761692247
-0.11210965928911079,-0.35483355792881033,-0.044482820840473634,-0.40749115796384305,-0.00047949446533811533,-0.40814264634523933,0.04058070800518896,-0.4076957471581351,-0.17324932930058629,-0.40217967247797526,-0.21352381956450991,-0.3989210286478089,-0.24047097717464844,-0.396203871895215,0.09920394645110892,-0.3800757696896307,-0.2662641212527256,-0.3664155379413054,-0.025504879056894265,-0.2890513523482966,-0.1881756823493856,-0.28098659999625974,0.4993943839995425,-0.024601813545294574,-0.4993943839995425,0.024601813545294747,0.6532197493982395,0.475652527245409,-0.5917708858479318,0.5374157271432811,0.6437801218696394,0.9478907010041829,-0.570162138203294,1.0100965946628615,0.7034442963853125,1.09804547481496,-0.5849305699529143,1.1577829125193446,0.585323645145507,1.1032431636432722,-0.5028859949256453,1.153040471406417,0.5502814018243778,1.0584155856204782,-0.4743199205909496,1.1059330152646571,0.6376322947420792,1.0021533442325607,0.5211213972842713,1.0459832153771507,0.47012335454168275,1.1101396998582986,0.45578438899076074,1.1764511068614054,0.4438584220426603,1.228523705653141,0.588045023363484,1.1663680091811162,0.5572292809423904,1.2450584980059443,0.5152158423817972,1.2688760653728257,0.48215467584235605,1.2756321798260712,0.6648206077042291,1.1628481851546917,0.6175058578732084,1.2449142492618972,0.5602786659787066,1.2553054668278312,0.5200560364017933,1.2499541151734401,0.7140954985797799,1.1499286706057066,0.6722630734113479,1.2232821337715023,0.6156337736793555,1.2342804578391418,0.577208594449424,1.2295071169605862,0.7423937872944006,1.133579925134099,0.7113704094794033,1.1937513282174301,0.6642328127893621,1.208276898514139,0.629950838955781,1.2066367012940526,-0.5730060107840473,1.0377535841034131,-0.4702425912465595,1.075374684775869,-0.4278835839886926,1.1392574114419998,-0.4154681025871648,1.2008316215063708,-0.40637836443774733,1.2523814075601538,-0.5598515771108674,1.1957872451552716,-0.5225495107578879,1.2691830136682847,-0.4720970409204477,1.292297931421962,-0.4290102952353086,1.3024463486012523,-0.6109302175884775,1.1900920347270294,-0.5627179977331052,1.2588551796851897,-0.49922846429584133,1.27976030935959,-0.447042806421778,1.2840323364947388,-0.6299811970178337,1.1793973167575436,-0.5865536132842039,1.236908761779921,-0.5288318051590817,1.2559361132689475,-0.4791405133359007,1.2629843457095469,-0.6336586467407184,1.1712054572936994,-0.5961360637360706,1.2195861750059922,-0.5501011137689502,1.2376347553556546,-0.5084911816523466,1.243883956864196
-0.17171763836829898,-0.3298747352152326,-0.11448684868718201,-0.39347537909017366,-0.07122430214588031,-0.40181186890302356,-0.030726837889396123,-0.40852463790884125,-0.24021780721198657,-0.36599477372205436,-0.27941336668385564,-0.35587101958008494,-0.30556204114330593,-0.3485188783994268,0.031623432903154856,-0.3914569469896887,-0.3259120433420563,-0.3145513473912084,-0.0753102754081957,-0.2801325731725123,-0.23389195167465746,-0.24387034576287633,0.4874911499585053,-0.11114125567103378,-0.4874911499585053,0.11114125567103361,0.7266458629679403,0.3545813793229723,-0.4883736865135876,0.6324055468923055,0.7993396812362689,0.8212266471223774,-0.3843069738458517,1.0936458983664143,0.8843223307368705,0.9587657581183541,-0.3738059547647189,1.2420734118797758,0.768821823432963,0.9845146116919289,-0.293783185928957,1.223124262278641,0.7264586714184179,0.9463607969456423,-0.27344088729548205,1.1716012248709338,0.8040311774308622,0.8755685778463118,0.6968655254904853,0.9374303072018134,0.6564900968460019,1.009970434026183,0.6543290604910996,1.078114070830457,0.6515075125632404,1.1313110183308859,0.7809336304124881,1.0456348750813667,0.7661109591501666,1.1296979799867173,0.7286797551680259,1.1610388848018496,0.6971228900536401,1.1733889262031443,0.8560504509601623,1.0295072490338197,0.8233057667096034,1.1205969012761132,0.7671123987949788,1.1382239802191727,0.7279609248533611,1.1368854667989226,0.9019766391051004,1.0089082673739787,0.8737188769713717,1.0903639394380698,0.817749694008782,1.1082721955948236,0.7807934710592408,1.1058478949691577,0.927637978819279,0.9881576672987509,0.9073753457018778,1.0537656664547563,0.8617297923963224,1.0745082024608292,0.8292567032961732,1.0759437496078765,-0.38250133435083317,1.1221409438803316,-0.27649409547450277,1.1411269590422746,-0.22461380905569725,1.1965097407457326,-0.2016846167025179,1.2554716902432363,-0.1813413320777772,1.3054249537014488,-0.34428216504243686,1.2765279775009062,-0.29352885690798347,1.3421826973873627,-0.23735437828594833,1.355824362347645,-0.19251731745891748,1.3568526684634308,-0.39467195450172465,1.2781411239846763,-0.3342112222892675,1.3370193847501923,-0.26586387675447953,1.3457707753088808,-0.21370553332066095,1.340237051491991,-0.4139447763335617,1.2695659054696478,-0.36041962345249967,1.3180333281216496,-0.29864549804794505,1.325943019286203,-0.24877512146316313,1.3238238233728667,-0.41832280041809056,1.2611961662549263,-0.3716435602666137,1.3010641983938336,-0.32228210955532655,1.309860556772082,-0.28082557078000725,1.3079810929050408
-0.0848760590061377,-0.3619514391560968,-0.013683686176972434,-0.40948124215533216,0.030384798596340214,-0.40691262943475576,0.07124130407837095,-0.40343930838889225,-0.14226733530637878,-0.4139879804320337,-0.18281286894555154,-0.41393585683824735,-0.21002224346230075,-0.413297805927202,0.12726179756724793,-0.3714957869943319,-0.23825565026350165,-0.38528863350413256,-0.003946501567763136,-0.28998950100953824,-0.1664278206357781,-0.29392595944778876,0.49984496468385553,0.012450352613287698,-0.4998449646838557,-0.012450352613287698,0.6173517261156465,0.5227902206948232,-0.628954204071464,0.49283249925502864,0.5724830998877039,0.9929295831764442,-0.6412786751460948,0.9653445175279743,0.6209426257590583,1.1472477643041932,-0.6680521399315856,1.1117723249006095,0.5026358959418408,1.1437234257063367,-0.5857684660424979,1.1131719802056896,0.4709767753082525,1.096271027487369,-0.5531631695842014,1.0681735032553097,0.5634662692676046,1.0485200478328793,0.44337160832567873,1.0828179776860518,0.3872156286529829,1.1421067276089363,0.36848339827790166,1.2071727528079967,0.35196076683018135,1.2571210402276378,0.4975137368061025,1.207377537756514,0.46348578392859224,1.2855177397170094,0.41905322320423655,1.3050986803713729,0.38521342298600747,1.3081524271578253,0.5743455403605793,1.210767448865128,0.520153641477766,1.2909107936115,0.4612688990487598,1.293419060451758,0.42387573708191145,1.2822620635052222,0.6250451307739806,1.2022267884894238,0.5767467790578513,1.2741887021505713,0.5181297543346983,1.2773018723094274,0.4829773602359125,1.26571296518634,0.6568576901521518,1.1884966334235787,0.6203639270994517,1.2468912792017814,0.5711187272649557,1.2550159426923906,0.5397895811517884,1.2478767032483615,-0.6484839180152944,0.9920604676875054,-0.5505568506007272,1.037041749296678,-0.512935321357178,1.1039217540177848,-0.5041181651685022,1.16723318624692,-0.4979136539572902,1.2204242078594887,-0.6508330162847571,1.1507343720044811,-0.6174340688403164,1.2274346954752553,-0.5680344635231754,1.2549602367556194,-0.5267553990726994,1.2685140717669294,-0.7007039352366233,1.1410998853820606,-0.6566978967692381,1.2144701160070102,-0.5949333104544877,1.2405060713726064,-0.5445919975239936,1.2493084792435418,-0.7175796118628615,1.1289884870352058,-0.677072613148149,1.1908775604698423,-0.6203709847344488,1.2138741508238207,-0.5727349163038996,1.2244397015680648,-0.7189454734758944,1.1207314207268473,-0.6832551563806715,1.1719519685179094,-0.6379942315537138,1.1934119556400562,-0.5982550424075612,1.202649779908474
-0.016256313483462407,-0.37133280427521553,0.06253436595337478,-0.4048805344748844,0.10537179463162487,-0.3942220221438813,0.1448319563463766,-0.38326395427902055,-0.06294852797144417,-0.43323187841132255,-0.10283556502579201,-0.44078424076658435,-0.1297407108072832,-0.44524783725026307,0.19386005790009253,-0.34150075422583753,-0.1627772188158991,-0.422882319649226,0.04979348657270061,-0.2856621171943696,-0.10909609917259984,-0.319538849386219,0.4889243314766108,0.10465657213070378,-0.4889243314766108,-0.10465657213070378,0.510474481288449,0.6281414423909869,-0.7090797467421132,0.36851464258162325,0.37935380840778044,1.0819792133051978,-0.8082156114921354,0.8305680959363891,0.398487924665566,1.2426833299211648,-0.8619713257444201,0.9694652564206606,0.2828005684308456,1.2172904215541906,-0.7813645641635371,0.9860788956427878,0.26042481508000853,1.1647546830283064,-0.7407264090607654,0.9478688183991586,0.36165801384672713,1.1348306681254763,0.2358418596323132,1.1460630924740944,0.1690586429555098,1.1948109611819389,0.13921941492618992,1.2556422236270923,0.11451245615471463,1.3020395080745526,0.2659922852484176,1.2798108533913624,0.21753872139656036,1.3499296367725524,0.170018313525469,1.3613644161002945,0.13586324946821288,1.358866840382215,0.341501518157051,1.2970908858872405,0.27360245313518966,1.3655841611366635,0.21560032116571673,1.3563171274247723,0.1815302892708216,1.3378007219600274,0.3931472193362187,1.2975249281773396,0.3326662468878386,1.3585520655603958,0.2749665930508903,1.3501296534650071,0.2432662741329927,1.3320260153200847,0.4265770924061898,1.2891531712468296,0.37980273427212463,1.3392836084087483,0.32971571313629705,1.3377899151152008,0.3001292987548,1.3246419012429023,-0.8167183913727296,0.85904639676799,-0.7337163472949035,0.9199766295173383,-0.7101117215505861,0.9899241782754126,-0.7155224595254608,1.051835866193043,-0.7219571253854007,1.1034865825567544,-0.8575578650863934,1.008717080890017,-0.8465332279935505,1.0922557071965295,-0.799187194292324,1.1294367183939056,-0.7578401998881722,1.1487779280575063,-0.9033730310422559,0.9885430064993714,-0.87533710355155,1.0680040229850851,-0.8152954614126537,1.102478005038221,-0.7650588493667909,1.1174322638276426,-0.9161362933915602,0.9728799601251591,-0.8843997726150532,1.0394884556216593,-0.8292652526026955,1.0701846507398205,-0.7836609828877704,1.0865482512647515,-0.9156324664291536,0.9637623538248243,-0.8887863877087341,1.019538978124666,-0.8456835980825506,1.0470327248229958,-0.8071234727005305,1.0605236492098824
-0.12270483147868506,-0.3506853971074813,-0.056979208818977535,-0.4056116266538393,-0.012834533935916936,-0.40781465154370916,0.028050718742981307,-0.4087367711242021,-0.18525614678855148,-0.39651167553331956,-0.2256996149408382,-0.39226009627907554,-0.2528135385619436,-0.3887544117518894,0.08693793450058318,-0.38281644381576385,-0.2780376963367659,-0.3576899005822323,-0.034933680513627774,-0.2877331903267347,-0.1967100979307671,-0.2741932146773823,0.49829229039965905,-0.04128914298289384,-0.49829229039965905,0.04128914298289384,0.6706165196628071,0.45353395992111406,-0.5719661591564413,0.558114023621193,0.6763245383900077,0.9258937191366979,-0.5331541053525695,1.0288759664173726,0.7411234580460898,1.074225018596184,-0.5445735243822587,1.1776142172610575,0.6230722107375847,1.0833728954003816,-0.46268112657665417,1.1701552326200395,0.5864144743570177,1.0395273220540904,-0.434835840541001,1.1216767458944348,0.6751781019382384,0.9799677572654222,0.5578508422526517,1.0272513042622058,0.5072614581479487,1.0934999481227357,0.4963800002503468,1.1603929049436454,0.4863987508406735,1.2122097662805327,0.6260521879062919,1.14719935919883,0.598862870470897,1.2281244050017286,0.5565104545546147,1.2531863784314838,0.5228402242739305,1.2612382509750157,0.7026095190900965,1.141663076431265,0.6581325593266898,1.2271979668596884,0.6000503273705312,1.2363084134443185,0.5616637707976829,1.2293346258503821,0.7519673121182604,1.1267066821571006,0.712836423361049,1.2033021836515878,0.6554158571306644,1.2126013806906002,0.6194108060502618,1.205087607421592,0.781136998310755,1.1087478433315259,0.7518700026964239,1.1712775977965488,0.7035258607303545,1.1853070223846667,0.6708025704929602,1.18224729037329,-0.540282535022949,1.0585570664034838,-0.44069858495865516,1.0915467281794167,-0.39762347211054455,1.1544489416835861,-0.3821105815721663,1.2163818246622426,-0.37551107195376354,1.2677353346831548,-0.5418043763276698,1.2144343097864165,-0.5060043449191813,1.2934812237744677,-0.44876453708199,1.3161033304996756,-0.4038941039939896,1.324364114451151,-0.5877307646087621,1.2072648044133187,-0.532623937671593,1.272573691260077,-0.46168552281544045,1.288701860750283,-0.4080238835196166,1.2904611394129173,-0.6003728187995696,1.1959065750834719,-0.544936247139705,1.2493214040982943,-0.480400944932911,1.263019782614546,-0.4294114123996443,1.267474855178116,-0.5980795912174611,1.1879045112046949,-0.5526927190706842,1.2318092173209356,-0.5007655048525194,1.2449194018324683,-0.45640449100558683,1.2467742022244468
-0.12567368945574528,-0.3493024682346484,-0.06065037820723461,-0.40497111838803584,-0.016465022572111746,-0.40765796573639035,0.024256347464026832,-0.408969140650791,-0.1886383529157308,-0.3945919744666007,-0.22914463286983933,-0.38992609436394116,-0.25644366239452704,-0.3860981258488529,0.0831365556315163,-0.38339237747090454,-0.2814963070998754,-0.3547224277993065,-0.037624474627549157,-0.2871530091295468,-0.19906424944292986,-0.2719160423051299,0.4978211548117938,-0.04662722189721446,-0.4978211548117938,0.04662722189721446,0.675426074230789,0.4463284840154002,-0.5664506150580811,0.5643962079370503,0.6861794177219527,0.9186312016851526,-0.5222331952690025,1.0342717651719266,0.7525355260285368,1.0662646907836002,-0.5340769072809486,1.1834382906244172,0.6345837096970441,1.0766301796039324,-0.45348290240244216,1.175212720835262,0.5974162270698101,1.033150992668766,-0.4241566680090248,1.1262517216553818,0.684586546009207,0.9737614636452927,0.5688741999020326,1.0221430137034524,0.5189413395727001,1.0883445483562437,0.5097144989017949,1.154185772106855,0.5000207780816832,1.2057053536514495,0.640091972280717,1.1406637259209893,0.6141411279856014,1.2213711030081005,0.5716216977198851,1.2465630490297763,0.5378341865819682,1.2550594599785363,0.7161472124773575,1.1342160728424273,0.6725229560205075,1.2197007570481442,0.61396640326212,1.2293683679118457,0.5752872253078088,1.2223577693647218,0.7641743792803021,1.1188042098756474,0.7259966759057117,1.1949308057867198,0.6685778889422779,1.2049537937703811,0.632240188888885,1.1984102981071463,0.7920228687960206,1.1005599315380805,0.7629022439082354,1.162825886268824,0.7147559133263085,1.1771065390100477,0.6818122216684406,1.1744253175485346,-0.5290314773899031,1.0591281068334268,-0.43277104637584335,1.093697069918269,-0.3918322719395919,1.1586489461583174,-0.37567839932471225,1.220247188993804,-0.36687349332599867,1.2725718397075865,-0.5385183199488496,1.2199802026833682,-0.5017960422360727,1.299789633704333,-0.4491711748320199,1.3265516171344323,-0.40977910919449373,1.3416826149877263,-0.583979455496593,1.2118922383869255,-0.5331842982323658,1.2792586770164998,-0.4657724631139406,1.2988761572869583,-0.415523492179212,1.3038481235339034,-0.5943000547354848,1.1988003543330221,-0.5442713214522844,1.2542427276075865,-0.4825347928444197,1.270527357507124,-0.4340119325536771,1.2770277461294202,-0.592050411555928,1.1894916032915392,-0.5525402868593365,1.2360407238081326,-0.5035557353989676,1.2510833887446136,-0.4599742995590607,1.2543286720112594
-0.08328238728952425,-0.3615270911505108,-0.012140413292270663,-0.4092143193804594,0.032200666503285826,-0.40669468498108846,0.0725661551486749,-0.4031982602467736,-0.14029469373954695,-0.4139533297370074,-0.18117732676633885,-0.41411738009508126,-0.20901091625770088,-0.41351545343992263,0.1278469962432275,-0.37067822036230497,-0.23762975908439551,-0.38522743955556094,-0.003478111654959755,-0.2893916827412637,-0.16533915820157302,-0.29324151389951647,0.49985675180182537,0.01196777665768768,-0.49985675180182537,-0.01196777665768768,0.6183194502388751,0.5223272447102169,-0.6311077696878261,0.49407601609527174,0.5737496007845891,0.9926937091903947,-0.6423461353859644,0.9660135606968961,0.6223451521761127,1.1470582954401074,-0.6722127495761143,1.1135486565967163,0.5039983954130968,1.1435725479082222,-0.5926359774824822,1.115431185305854,0.4721612575292851,1.0959785093587349,-0.5568877998750582,1.069873284622468,0.5647103462352878,1.048189392699643,0.44505276299421936,1.0828878716033958,0.38794823020228697,1.1421992473098828,0.3713097473344994,1.2064582320596093,0.3569657658494086,1.2565076587464152,0.5027616417199314,1.2099189816076905,0.46524115222365764,1.2854660342764896,0.42041614452671194,1.3051137453416404,0.3862388721326943,1.3097163811665529,0.5789211317745799,1.2122485088652,0.5245411402825875,1.2900843399475495,0.46598086688140156,1.2930377608881463,0.4277610350002472,1.2823544913748983,0.6285799160018481,1.202283892435573,0.5807046614564803,1.271797199582674,0.5231437517128239,1.2758623384124357,0.4869728992464253,1.2661684188137705,0.6587686715179358,1.1871871027151626,0.6224188297966419,1.244321841956108,0.57374814083349,1.2536468652026829,0.5411955255175016,1.2484431815000199,-0.6532065820357433,0.9889153200803156,-0.5622652446571017,1.0361046599139405,-0.5330819168641943,1.1062862136282763,-0.5305556724103366,1.1672704433940324,-0.5329494914488384,1.2171343734830145,-0.6879657561051106,1.148001840641347,-0.661571809574772,1.2318749375920408,-0.6167945703510582,1.26757170522366,-0.5846538178717383,1.291660125388882,-0.7301199238733623,1.1351875230482855,-0.6869539685723199,1.2090499627337725,-0.620908792351862,1.235115345468171,-0.5720528923789574,1.2452893346567293,-0.7356759425652315,1.1225975212682087,-0.6913863401833563,1.184639140667043,-0.6296930848325983,1.206991153425047,-0.5831011639786512,1.2180837340377113,-0.7292257496387801,1.1148536821649138,-0.6959398321923255,1.1645523438971364,-0.6480076367562908,1.1846466916173382,-0.6042013438434282,1.1918532937954638
-0.05019684111045058,-0.3673886849590095,0.024899048243848962,-0.40858124688626696,0.06890535637989732,-0.4021105528724769,0.10863826754382533,-0.39503477562271044,-0.10208016010813416,-0.42474027525002384,-0.14281606980921663,-0.42858194564281926,-0.17085738094538236,-0.4304667001261178,0.16080031683240653,-0.35757507349757983,-0.20179469556054458,-0.4047850967588763,0.02261822522260647,-0.2884045448514437,-0.13794639078991047,-0.30662554004377496,0.49680595512304265,0.056425552317024695,-0.49680595512304265,-0.056425552317024695,0.5691567405756957,0.5752216059113815,-0.6756377302892893,0.43530297445834915,0.4829075185680309,1.0397583586390777,-0.7280922685509673,0.904485719302955,0.517530702023052,1.1978145919336465,-0.7742458067244256,1.0487812873779256,0.3999820029047852,1.1837829799846762,-0.6966673834544702,1.0583590507985516,0.37248819794128096,1.1334543347831536,-0.654592094444283,1.016135404300656,0.4700378370680427,1.09650050292006,0.3470375661499388,1.118033864983715,0.2854484468154113,1.1706180112209217,0.2634078162966483,1.2334907053818092,0.24532587124081362,1.2827665338238945,0.39425797139855745,1.2480440179104328,0.35124346981147114,1.322419821997912,0.3030776034107123,1.3374008679792895,0.2678285745020194,1.3370138334991235,0.47072585727805566,1.2574555287961342,0.4088432522799816,1.3321326668462496,0.34865583216849616,1.3292384875826315,0.3115976073140221,1.314645815975049,0.5202936770561202,1.2524647962870292,0.46542499670635934,1.3181761216129597,0.4065292702253837,1.3168680416056588,0.3716742338137399,1.3035706520643888,0.5506422847539895,1.2404604066526177,0.5088861018758486,1.294637945225741,0.4586117770050604,1.2993901416711997,0.4266516092331111,1.2903402591747672,-0.7427096671937271,0.9272160858284929,-0.6617878261234593,0.9824755780698908,-0.6473812274456432,1.0528196833294337,-0.653525607830572,1.115811072839904,-0.6540077127997528,1.1694740947598423,-0.7963240337699077,1.0783945722391637,-0.7785507092038008,1.1660937279752652,-0.7393737546050313,1.2065277695536414,-0.711829331971249,1.2349284630282573,-0.8336232871307586,1.0641543765301908,-0.8084738822526341,1.1476789421196598,-0.7606386356358333,1.1928590765378466,-0.7181275238915372,1.2213435607722731,-0.8364597885005441,1.0520775898188324,-0.8033009637611565,1.1229723564622784,-0.7554021922453533,1.1581916070777545,-0.7140181918278558,1.1809317514614746,-0.8278772847466387,1.0465741223486071,-0.8027498974067612,1.10144352155809,-0.7613657765751451,1.1301449837162905,-0.7218079225934376,1.1479307750760688
-0.03375140071805863,-0.3689739946710038,0.04287522929606427,-0.40673755793559874,0.08652095732403255,-0.39829985894393277,0.12580008484537109,-0.38945374926873305,-0.08289217236555292,-0.4285799091046553,-0.12341875087106999,-0.43426509219371395,-0.15145088259535502,-0.437396614846919,0.17629718103313663,-0.34964579316189387,-0.18340168611191907,-0.41311200289736083,0.03539743418488572,-0.2868791764137048,-0.1241111773364071,-0.3122092375828286,0.49374870935266957,0.07881758694969694,-0.49374870935266957,-0.07881758694969676,0.5413896716818523,0.5994054343992176,-0.6966807298815003,0.4022774369341733,0.4344731291082025,1.059121890739107,-0.7692915223018251,0.8692296525863995,0.4621166925375389,1.2184096662793114,-0.8268551956088682,1.0126033258192422,0.3454913884065361,1.199021824349638,-0.751773559944669,1.0268694962492013,0.32016753289792615,1.147503280989601,-0.7053750297752173,0.9859175997476317,0.42731126257300556,1.1119074983686592,0.30197902449970876,1.1270617083692709,0.23616898190891267,1.1799215386069815,0.20704851224272544,1.2426413237060683,0.1861692406819575,1.2926804591953123,0.3410625572131157,1.2592588167089422,0.2914008848362105,1.33305880006806,0.24176134902031834,1.3468481869191036,0.2068315233336644,1.3434486319744259,0.4165520790623645,1.2728624056830682,0.34965583632332276,1.3469250651781433,0.28850154384796023,1.3433902317882978,0.2521792770112185,1.3271374176309139,0.46597800422303215,1.2710618146696966,0.40783728275944153,1.3371887121634074,0.34763936037695137,1.3340537595482007,0.3129172516476819,1.3192695520283617,0.4959130978798598,1.2610467669527983,0.4511837442443213,1.316128179276788,0.4000502080875169,1.3195478251240642,0.36765622808072645,1.309473365162762,-0.791635331376092,0.8905906493778937,-0.7197503814765145,0.9440321052762449,-0.7067240324195022,1.0131306102231101,-0.713305703223613,1.0778091103608607,-0.71750211897542,1.133290198694462,-0.8534018940166584,1.0336387595823286,-0.8387360001745812,1.1237424767199757,-0.8035533362982662,1.1688926018226151,-0.7770354265985231,1.201594105118738,-0.8863561367241172,1.0235170375516751,-0.8631267461727282,1.1109547724916404,-0.8232228923039143,1.1610618509665491,-0.78425290558088,1.1946751174093844,-0.8861017893909732,1.0163225386457748,-0.8568321395438158,1.0922011261652347,-0.8146229303122968,1.1333180141321364,-0.7750755233673506,1.1622575226014626,-0.8745205248528217,1.0154113221654593,-0.8528900306552516,1.0753533630858678,-0.8146404268309468,1.110722113739397,-0.7764036477040244,1.1350872037613111
-0.05280186505488181,-0.36635716786391115,0.021757754004578245,-0.408126744385759,0.0657018083007925,-0.4019620423608544,0.10535331524392268,-0.39515512318155155,-0.10462517852931821,-0.4234323315152585,-0.14542877085368594,-0.4270359150996822,-0.1736412118790465,-0.4287321051826487,0.15789873291152628,-0.3579109698051796,-0.2041568993737745,-0.40274177696111685,0.020419070379385812,-0.2879937845849647,-0.14008191310974905,-0.3049587878257007,0.49714465811045366,0.053359056515649816,-0.49714465811045344,-0.05335905651564964,0.5704773056261273,0.5702964802875754,-0.6775083999165838,0.4348321629369821,0.48823401938770766,1.0345866368380976,-0.7262984787660403,0.9016465539226746,0.5243911331176376,1.192314379990064,-0.7809095149996022,1.0472620448805507,0.4070429308150391,1.179096219790023,-0.7036952397568474,1.0581278158157432,0.3788614192321486,1.1287816753124558,-0.657558672590208,1.014352241700967,0.4807382246633246,1.0861566967340912,0.35772421141530114,1.1094907166505028,0.29596959506211884,1.1658682651657657,0.269192255328145,1.2295370816590736,0.2503965443438309,1.279931366853922,0.40523929690521526,1.2371256215520605,0.3615212106013885,1.3134831849398119,0.3128936105744621,1.3308576920964685,0.277799813473349,1.3306040055408523,0.47957438811526565,1.246875962498563,0.4174998391745109,1.3250783288343484,0.35599222505010353,1.325175683910266,0.31930583379532856,1.3113277428059256,0.5277289700133013,1.2427177022872251,0.47456682694463503,1.3124557182830285,0.4143397991179972,1.3125499776326206,0.38030825221968617,1.298959238819784,0.5566975400245354,1.2318439194361515,0.5181966157524679,1.2889828387565483,0.4673732230201853,1.2951829033271676,0.43538010136276195,1.2862747655148452,-0.7546324856603212,0.9252057508411844,-0.680043445546228,0.9725740568644563,-0.6637183430285287,1.04097091063897,-0.6647529906383147,1.1070908856717618,-0.6640286150786926,1.162166840150466,-0.8044228584292029,1.0680238750576991,-0.7818231668802202,1.159199650400705,-0.7436101100848903,1.204931118611149,-0.7160964668274347,1.2377981873791135,-0.8338579759234461,1.0644045635194541,-0.8063251978263476,1.1531022829496198,-0.7692605201702101,1.2054331068264734,-0.7331905633984778,1.2414856896080593,-0.8312509232508954,1.0599309545455344,-0.8002973360956401,1.1347773408153485,-0.7620357161222949,1.1769402608411477,-0.7265144151353325,1.206712534883838,-0.8165598239176041,1.0596980816661998,-0.7940715336554202,1.118736422659049,-0.7589440245885039,1.1550154390474516,-0.7242376143354258,1.1807802811945198
-0.1497702766445039,-0.3377579247243371,-0.08923880809239354,-0.3983684390949728,-0.04531812290142717,-0.4042383913080432,-0.005308437506617254,-0.40831154788584595,-0.21493519070013173,-0.37917135592270135,-0.2551810023506403,-0.37168458586676006,-0.28272167307829876,-0.36571177008500155,0.05527019064673453,-0.3862910487258683,-0.3045097684422224,-0.3324143334452823,-0.058367410265622865,-0.2822277466594499,-0.2172164420687929,-0.25549988794223516,0.493153580142695,-0.08245936206667215,-0.493153580142695,0.08245936206667233,0.7011583223969096,0.39493126601498685,-0.5396867412129625,0.6011343740274337,0.7475282522384822,0.8639398607021089,-0.46453519575312546,1.0604950902010075,0.8250024594184743,1.0058310500200394,-0.4812647103600319,1.2145312549357068,0.708547221835871,1.0247791610655839,-0.40422776263681504,1.2054259898257935,0.6677325326972305,0.9837525426381453,-0.3706275586255471,1.1502194249669517,0.7531992792116993,0.9171615535531173,0.6412779082090465,0.9731828396978842,0.5970908061571242,1.0422318266764203,0.5900742566479873,1.110046570843343,0.584924683424192,1.1630648824782686,0.7207658597890649,1.0799471434617598,0.7025469931547162,1.1648723143257618,0.66279227497581,1.194597715750457,0.6304468422479278,1.2037931146923138,0.7974370725766572,1.0692015807299715,0.7600856225977614,1.160942557521425,0.7027747142313321,1.1787043286427148,0.6645133293142191,1.1764925627537832,0.8439978129906681,1.052212393728494,0.8130435567818787,1.133247726843214,0.7561097353650361,1.1510220158668731,0.7189680724815302,1.1490384020254747,0.8698361356554295,1.0335655329589715,0.8472608598459224,1.0983495065377376,0.8006803825706106,1.1186610625483335,0.7668116266599405,1.11993962126924,-0.4769485659348164,1.0821309549209874,-0.393911130270469,1.1069770775014194,-0.3655925511140026,1.1686948957996397,-0.3492091811756155,1.2325828594653865,-0.3333652230875625,1.2845496731498984,-0.48784901984404794,1.2319045666704431,-0.4465164515877214,1.315131575393785,-0.4039146826686144,1.3549078062239595,-0.37032899811025405,1.3850004417023698,-0.5133241578911883,1.236775471996522,-0.46847289173906903,1.317290556144087,-0.4237354916453131,1.3628507481170207,-0.3825813501974177,1.3941433951467164,-0.5112318438215641,1.2334690966030244,-0.4655595207584812,1.299815787193835,-0.42198361700601666,1.3350446560716591,-0.38359543005094476,1.3591089552841245,-0.4954237328010125,1.2303839067641704,-0.46080209852870846,1.2828394865115642,-0.4208747311433354,1.3099485925310546,-0.3833655920602638,1.327211715388036
-0.14511378471815892,-0.3388832127888055,-0.0838446796761452,-0.3987838927058735,-0.03998108925549418,-0.40390793600231817,2.9890458012527678e-05,-0.4072308591066002,-0.2090250384450465,-0.38169388919397657,-0.24938488966356945,-0.3748602845849716,-0.27714682467109725,-0.3692119240856819,0.060267905640574077,-0.3838365985068247,-0.2985402713425152,-0.33589663636893524,-0.05481828354150415,-0.28236002977084285,-0.21375011854092427,-0.258110382686269,0.49437149182700846,-0.07481195137635493,-0.49437149182700846,0.07481195137635493,0.6924803819601377,0.4044465866509513,-0.5534900754982105,0.5893808870193543,0.7322731390051979,0.8730138342128365,-0.4880360737255941,1.0386379074132965,0.8080716766224402,1.0157476083812123,-0.504770269946739,1.1950642144060057,0.6910610021945878,1.0329878926529863,-0.4290940150107098,1.1882223116898318,0.6506918836536993,0.9908550782428402,-0.39442631283938984,1.1304082001718725,0.737391634194774,0.9241529936208692,0.6240055667235577,0.9785591218690401,0.5798949358638454,1.0492635081160397,0.5713700608014453,1.1180170038917718,0.5665732461024986,1.1716822162097071,0.7030657701661407,1.0910716262116849,0.6812673557024514,1.1767087982702533,0.6381606869761695,1.2045972256037905,0.6039188145548692,1.2109898493899864,0.7792535036208215,1.079811381058059,0.7400501017106603,1.1709368183224338,0.6813193465896088,1.1861098565771722,0.6431609700803479,1.1811084059964454,0.8261863718542247,1.0617481963504778,0.7942699357031292,1.1424108019701231,0.7364443596839988,1.1581141523731464,0.6997052031150981,1.153508551389632,0.8518490452788954,1.04175182292812,0.8286509755612391,1.1063229633253888,0.7809696944078183,1.1258500271885967,0.7469207758511727,1.1262303650917465,-0.4965762514854661,1.052069450218085,-0.4140802797995245,1.0778361732291493,-0.38621060357003995,1.1405447297388622,-0.37306079280908316,1.203792871561611,-0.3551989906726552,1.2519744942004534,-0.5085064300031746,1.2010668944096727,-0.4679395876630473,1.283786632153501,-0.4266003625534219,1.3255376974460251,-0.39448333543932745,1.3562642778204057,-0.5328478089705336,1.208476023806034,-0.4869139052291853,1.2896436695701914,-0.44154744311670985,1.3390549475488405,-0.40149992596308853,1.3750360826413612,-0.530497531115553,1.2084728406174166,-0.4835789730020185,1.2774661280541664,-0.4413268408659067,1.3162009400776227,-0.4038222799693983,1.342592994866908,-0.5128104202626486,1.205321792011536,-0.47892306849949434,1.2600943307226153,-0.4404805442090895,1.2892458591575273,-0.40330245599766956,1.307918164587204
-0.16037400267964855,-0.33067405252567916,-0.10202271112132476,-0.39362921613865726,-0.058612401195408344,-0.4005815858120465,-0.018721338724541223,-0.4055733435555265,-0.2259065853112991,-0.37116718726173387,-0.26585152816587926,-0.3626375524345596,-0.2932713729137727,-0.35562979528215377,0.04256370125805908,-0.38445360900428166,-0.31173235845547537,-0.3209022352231281,-0.06798426871776293,-0.27879819580495757,-0.22530227998284216,-0.24753622152650379,0.4906844752125376,-0.09606636136232428,-0.4906844752125374,0.09606636136232428,0.7076236960589722,0.37306886756672863,-0.542338972261966,0.594142401657807,0.7682500121113127,0.8378122492635625,-0.44958915417915785,1.0235937671808246,0.8496892805439563,0.9768734654539293,-0.45792782317506864,1.1818894276361724,0.7337255472219099,0.999257705172773,-0.3816978382896602,1.173733464926042,0.691475290433983,0.9583338584352675,-0.3509661363541171,1.1099933040822054,0.7728895787262388,0.89243714409629,0.6647703909077346,0.9510855107474437,0.6230393983141298,1.020856397147169,0.6181570220855649,1.0882753686768718,0.6161649762104087,1.1412208479237285,0.7467841950580246,1.0571907580518658,0.7298576313370568,1.1449687824411656,0.6884014944898353,1.1743296306912447,0.655862578431441,1.183199864141828,0.8216982964271349,1.04348296723724,0.7862195741731718,1.1377978046035735,0.7269008550825191,1.154278247827817,0.6885723800009432,1.1497851089221802,0.8669817481758594,1.024378933315508,0.837718806123062,1.1076306342656668,0.7796070944557904,1.124400566002988,0.7433253012763416,1.1200686934582496,0.8917489826170243,1.0042760021064876,0.872021744718714,1.070938168838861,0.8249809859765839,1.0908543483624749,0.7920452709744266,1.090603197756172,-0.44794260039512135,1.0382721652972224,-0.3634564020914494,1.0597913552359814,-0.33511985822986123,1.1215904883413959,-0.32216400100404546,1.180684813725807,-0.30040227032149136,1.2254297506709873,-0.4433447495519292,1.1955955397897242,-0.40161852356038646,1.270332699485628,-0.36122369035003177,1.3160726965691136,-0.3283269873429225,1.3514081405645355,-0.456387225865421,1.2010165785342697,-0.4103145657763684,1.2755339283241607,-0.3648824104741565,1.3243775189152294,-0.32659054463195863,1.3631007204806116,-0.45341206872330414,1.199080643010031,-0.4113123670234311,1.2694360928270667,-0.36781392336886165,1.3096600242601615,-0.33025678326704316,1.33984997030344,-0.4402177359423927,1.1925014217513548,-0.4128743099047352,1.2534287625399323,-0.37754112198823386,1.2865559757901597,-0.342827507243022,1.3082602408634074
-0.06876140465193002,-0.3606547085266711,0.003957070377676509,-0.4063025865179488,0.047583628105139206,-0.40164115918317267,0.08734021833952176,-0.39597416317895273,-0.12113165096115827,-0.41708740373949743,-0.16188636099312737,-0.4193546628570297,-0.19015225435076782,-0.41969021820756314,0.14091116961814512,-0.3594174222021742,-0.21629008101611857,-0.39051524525274967,0.0066886528055670825,-0.28671286265065127,-0.15301885870727108,-0.297700426304177,0.49868361384126936,0.03625814785964363,-0.49868361384126936,-0.03625814785964346,0.5833765494754077,0.5441331149478487,-0.6891680266620633,0.42174525366538984,0.5210943049866571,1.007078759832522,-0.6874813111392731,0.8414746828452438,0.5624622763002178,1.1629547343540987,-0.7110605400707526,1.002589222586447,0.44515776848449357,1.1541527163796783,-0.6537798301362938,1.0167010146837063,0.4152410023242977,1.1033690790218174,-0.6158926171495461,0.959165525663651,0.5119504422476852,1.0617396469283193,0.39148844787255,1.0885833289848692,0.3316552439511299,1.1447128993067661,0.3106086868949012,1.2086951713055252,0.29483506370903756,1.2599190145356822,0.44124169524644385,1.212315541161226,0.40202348256813597,1.292486150437592,0.35372777145695283,1.309828633313171,0.31894734979355605,1.309679579449952,0.5181500362514874,1.219012150345203,0.459573276549124,1.3008229371081665,0.3979413169674444,1.3020618919356926,0.3615596353823833,1.2876537117868052,0.5675466089542813,1.2122464877227304,0.5169535838474347,1.2852613286859111,0.4562582388868612,1.286578754458702,0.4210261993852713,1.2734375647048162,0.597032183613101,1.1989043204240748,0.5588042420077982,1.258033686318995,0.5079338221492024,1.26555545556996,0.475007886661294,1.2577159886155571,-0.6916355457076965,0.8400687747412138,-0.6182615578835465,0.8734411634044169,-0.6010779833423741,0.9319150655754287,-0.6014033430244851,0.9886998934836231,-0.5886162969488966,1.0349749252961071,-0.717789577133377,0.9913719882027427,-0.6867397767265819,1.0717589159430856,-0.6521939441083924,1.1248425770236061,-0.622674793339443,1.1656544002247007,-0.7350011677650379,0.9983687896142598,-0.6992857081231375,1.081636118705637,-0.6645897811039028,1.139085026864808,-0.6311378191055301,1.1851664638054105,-0.7338302349979889,1.0008368474632172,-0.6993544242513408,1.0775044046495714,-0.6661579070485173,1.1293619199877254,-0.6307382489369487,1.171320238104142,-0.7177186353461972,0.9990241341188608,-0.6958832883258551,1.0624001573194701,-0.6680399850428079,1.1049974048430193,-0.6361991861570788,1.1394113264692611
-0.05600356515706985,-0.3626813170895519,0.018663873988740132,-0.40566268637322367,0.06190696843332342,-0.39935042222736966,0.10170585061597191,-0.3921206747476353,-0.10551560996264958,-0.42126318130949086,-0.14613017076953297,-0.4251154756092837,-0.17429277567135656,-0.42648391509748285,0.15404540011350318,-0.3534389446160993,-0.20108521486894354,-0.397994494612863,0.016692469199792736,-0.28597128073487105,-0.1421820042743548,-0.30310179818985883,0.4968500087652607,0.05603631670586793,-0.4968500087652607,-0.056036316705868096,0.5611457649934023,0.5665152227810327,-0.721266359953402,0.3657189073938645,0.4819587834124737,1.0249170862567432,-0.7087414706403816,0.7191098805593062,0.5158860899381476,1.1839181853992544,-0.7196489933166796,0.8704254794754095,0.3996470306295114,1.1704309425984603,-0.6656176148806449,0.8672665423511325,0.3723915801034166,1.1178552570902662,-0.6366054975168418,0.8208425460844891,0.47090161902276506,1.079029325235357,0.35149518297654997,1.1012509928496412,0.28762611570245294,1.1559828896605244,0.2644615171178549,1.2194923763547578,0.24412713740650743,1.2703559338400916,0.39327954689222155,1.2297822756933494,0.3502198166086723,1.3059827360581648,0.3023429334097056,1.3219893636512952,0.26708273564595614,1.3221615410249152,0.4684014069803553,1.23924071251832,0.40733775588798893,1.3163600680429746,0.3470859833495734,1.3165452521758332,0.31040632663539086,1.301803717963679,0.5174111756644783,1.23422366141082,0.4648773743945297,1.3037918157081771,0.40554931111666914,1.3040543288999036,0.3699527344167406,1.2913232097231755,0.5467808434145934,1.2222100994515386,0.5078512570366289,1.2806110826115549,0.4578443601197725,1.287623400531746,0.4245392399125968,1.2802368098160477,,,,,,,,,,,,,,,,,,,,,,,,,,,,,,,,,,,,,,,,,,
-0.06540172917150798,-0.3611421503690371,0.00871551803028236,-0.40602083862016264,0.05220523294138223,-0.4005782706170116,0.09232144945732941,-0.39412511536334016,-0.11615066112938763,-0.41915485784452927,-0.15697966470244898,-0.4222049911503088,-0.18524211571427945,-0.42287378782414625,0.1456397109014347,-0.3563799222358818,-0.21079124440822403,-0.39323101329144466,0.00915310303855082,-0.2857641479085492,-0.15065683278362946,-0.2996751465815853,0.49771637383290734,0.04773270596374899,-0.4977163738329072,-0.04773270596374899,0.5724276901450205,0.5585754645994634,-0.7373378835040924,0.35365614064470907,0.5026206036347131,1.0180150431882666,-0.6873280682418901,0.6757364094735869,0.5383537837703792,1.1785940261357708,-0.6640996459590561,0.8165377846680967,0.4220753751715341,1.1665926453370534,-0.5917389392079062,0.805715578122916,0.39395876696404464,1.113319158159675,-0.5835829826128138,0.762547009163321,0.4858524682107404,1.078535898834385,0.3671627167509287,1.103057122177576,0.3066122402747887,1.156955134976739,0.2846226891691276,1.2205649672511034,0.2642455435908637,1.2699456150545798,0.41174982893082096,1.2298630787388383,0.37175582958653847,1.3056022337422095,0.327523537339635,1.322469357176257,0.294397608562895,1.3238782940341889,0.4870563871127257,1.2382898003036666,0.42941699104667697,1.3138849353025306,0.3726778374132523,1.3139302456851008,0.3361053675103377,1.3006667578052986,0.5365967547682944,1.233410146554093,0.4863679870074659,1.3011833509237993,0.4299621673950026,1.3023790463855573,0.39443499974416635,1.2908639232879897,0.5663164900589968,1.222445012722279,0.5277659096605523,1.2783326594964322,0.4800168416777388,1.285225179691137,0.44860208997209217,1.2784068066772574,,,,,,,,,,,,,,,,,,,,,,,,,,,,,,,,,,,,,,,,,,
-0.1399286546365735,-0.3394684169402956,-0.07663273873422552,-0.39881605697119465,-0.03291487615451188,-0.4024811116528596,0.007870183993568928,-0.4044805958712903,-0.20165873762867834,-0.385829848582236,-0.24233436178766207,-0.3803378907261077,-0.27014418227369247,-0.37503934505622216,0.06802815513023265,-0.3784675305366888,-0.28858010883828145,-0.34015470397973746,-0.05117325582849001,-0.2809807420975075,-0.21079455960754656,-0.26147131717753014,0.49696206179791313,-0.055033709066054794,-0.49696206179791313,0.055033709066054794,0.6775870329226099,0.4303713665750162,-0.6696624537672373,0.4809988576840233,0.7036251947262764,0.8944566220782311,-0.5340218942132935,0.7281863285904194,0.770536571153477,1.046066689180732,-0.46675239601313556,0.8263469407632171,0.6542833917887508,1.0582117733733054,-0.3965490217784486,0.7834907333261883,0.6160433445846645,1.011523641682355,-0.40553870279167326,0.751246817463215,0.6977933031948271,0.9564704374915844,0.5860712507674315,1.0052126270380657,0.5386391535188783,1.0731963320160796,0.5289662736055148,1.1406768542928791,0.5179875740127209,1.1933889778597813,0.6556762725157178,1.119776708395694,0.6319677544941166,1.2049247731497914,0.5884925970006969,1.2310475580499691,0.5537475748863235,1.2383027937411715,0.7319883732683118,1.1118388000784105,0.6907918432040737,1.2015889927657786,0.6320094064699204,1.2146570345832948,0.5920389690324374,1.2089285570629325,0.7799058003892428,1.096477418552641,0.7435154473103862,1.1769727093047047,0.684683279460683,1.190246790972349,0.6453277071993041,1.185147953147884,0.806548172468514,1.0787942325227515,0.7798500022623926,1.1446511872097294,0.7314799933601437,1.1620269511813186,0.6969275647072003,1.1615951378854075,,,,,,,,,,,,,,,,,,,,,,,,,,,,,,,,,,,,,,,,,,
-0.030872752236450605,-0.3657508200216623,0.04725855086468154,-0.40335517837893237,0.08999709046889776,-0.3937177511919706,0.12957163848755712,-0.3833392766150215,-0.07600110793148163,-0.42863710168094943,-0.11649689554170319,-0.43564037683405443,-0.14462005091087485,-0.4389095017262299,0.17890600019989994,-0.3404436536756216,-0.1726199306173225,-0.41088740883414193,0.03623980034032262,-0.2829571020353334,-0.12239166121296757,-0.31196052550992176,0.49047494640579314,0.09713046354380477,-0.49047494640579314,-0.09713046354380477,0.5166358531080384,0.6159779835022626,-0.79875423217531,0.25761192934801863,0.4016493566556545,1.0648820788027042,-0.6438518542926425,0.5039490101485337,0.4192858389985904,1.2304504448567464,-0.5750686567938735,0.5811379713889069,0.3050709217178742,1.2068567713775646,-0.5102849268818151,0.5419462405487437,0.28293457366669944,1.1505790974328782,-0.525908980159082,0.5169858732370655,0.3762641827810435,1.1236937258775614,0.25483028758570403,1.1366226636447065,0.19058931201613658,1.185359058049323,0.16160269669268665,1.246085052647953,0.1360769206529736,1.2925873144555386,0.28553334035100214,1.2643556995994,0.2382497922920173,1.3375009156456805,0.19047919763080212,1.350767427299966,0.1560982951324894,1.3485820930784813,0.3603382925201644,1.2805239303365414,0.2950914813333575,1.3533422352165503,0.23691018292021157,1.3474703502138554,0.20259082938915343,1.3300872329686515,0.4112038412461123,1.2813273712298368,0.35291328719123916,1.3465039969172743,0.2949534008882179,1.340753253294802,0.2617241701435874,1.323695589113455,0.44357612702634835,1.2739491287636124,0.3985204719913663,1.327575300411733,0.3482971281594179,1.328690000330138,0.31763647028790487,1.3173486937163117,,,,,,,,,,,,,,,,,,,,,,,,,,,,,,,,,,,,,,,,,,
-0.09963845947260404,-0.35315027652972925,-0.03002448435115197,-0.4051752185214748,0.013410735887389181,-0.40375706610864176,0.05473356849219864,-0.40109752326419923,-0.1556274908415168,-0.40695618132795675,-0.1968362542695247,-0.4061667788174843,-0.2248162654052255,-0.4040251526693936,0.11116499305048402,-0.36845918987293114,-0.24693627320318723,-0.37105575003130326,-0.01803663863527595,-0.28352101406532815,-0.17930652559031698,-0.2823115199304609,0.4999854487523035,0.003814582016121369,-0.4999854487523035,-0.003814582016121369,0.6238840964701657,0.5096003734974517,-0.7621629896099172,0.40953151837297785,0.5914620624382839,0.973025157700313,-0.5148555736855084,0.5342732272036513,0.6375336571362288,1.1328981773876576,-0.39052062820212924,0.5692618670768872,0.5221326089038919,1.131330623629925,-0.3535306997746174,0.5009209346909608,0.49060156289052537,1.0798649961952702,-0.38308317567359645,0.4944297118168423,0.5806738182905016,1.037909633906773,0.462743792717164,1.072870685393596,0.4103090227164087,1.1330975029958288,0.39348846552305433,1.1978000159690079,0.3772050971312244,1.2476874725576963,0.5183162366745641,1.1910039651973203,0.48220703367756457,1.2718662396193001,0.4367593679835913,1.2933401478581519,0.40320385324634167,1.2969686012987096,0.5944181285546684,1.1939043865867944,0.5417693308507237,1.2764117280229923,0.4837512886435522,1.2811611663546476,0.4482841590556379,1.2698292043826656,0.6441199262159352,1.1862510146793903,0.5968069798338131,1.25968810357871,0.5389877660427784,1.2638500314207965,0.5042699319128069,1.2525822351595248,0.6734620065535589,1.1741588671953325,0.6366183593977209,1.2334513623186654,0.5878244446776122,1.2429195329930727,0.5569852714449196,1.2368766133113873,,,,,,,,,,,,,,,,,,,,,,,,,,,,,,,,,,,,,,,,,,
-0.09622005726002555,-0.3538496592243959,-0.025211807584801463,-0.40578123677999195,0.01800833320676686,-0.4037687837491885,0.060109244078652514,-0.4006080179308849,-0.1506967412644122,-0.40950099848638694,-0.19146218685529418,-0.409320263450468,-0.21878717434495526,-0.40765395157003537,0.11709025336978825,-0.3673924482600028,-0.24115283684193467,-0.3755802638025738,-0.015337415814501374,-0.28196489409817677,-0.17563881272264148,-0.2835593450030514,0.49987258748576124,0.011286996070258218,-0.49987258748576124,-0.011286996070258218,0.6198272769886933,0.5226336974942948,-0.7709792669437935,0.40463633006969835,0.5778938839011701,0.988147578872916,-0.5244299129860518,0.4393043875404725,0.6215544797981519,1.1495980209218095,-0.368807567912253,0.428671113566791,0.505888563464607,1.1469738557460136,-0.3614044494425554,0.36741652812920295,0.47524857584723756,1.0951635363985794,-0.3932852900985046,0.3662998629063245,0.5650776044135265,1.0525318845925706,0.4452948406165237,1.0855526135873548,0.39177519686966394,1.1443108908131459,0.3744055060589458,1.2090774530883113,0.36012091099285876,1.2595873101346877,0.5009937443914995,1.2062059921476607,0.4629622051165712,1.285632727650878,0.4148850773869517,1.306282816601019,0.37891815044185134,1.3081590864603923,0.578718751391654,1.2091407301224966,0.5251418673912769,1.2911882235171637,0.46523755768531216,1.29615140718026,0.4277967443803639,1.2846944230458486,0.6291579137246185,1.2007044653751837,0.5826910144422855,1.2741643477622626,0.5228133044261958,1.2787541429533604,0.4860083936693107,1.2673718453024214,0.6587184243864138,1.186993412313124,0.6231003936279945,1.2470897428967087,0.5731857998927422,1.257075332732535,0.5400333380189739,1.2509762164416363,,,,,,,,,,,,,,,,,,,,,,,,,,,,,,,,,,,,,,,,,,
-0.08549959391162741,-0.35888057033155196,-0.011920378201503021,-0.4095100717109395,0.03154711264256761,-0.4060147589283135,0.07424987658976276,-0.4014086173481725,-0.1384914528615171,-0.41743683076689486,-0.179778139000129,-0.4187029059044102,-0.20742987872560922,-0.4180057338976192,0.13043661035849904,-0.3663726054984959,-0.23068335241353216,-0.3874259611126532,-0.006366912581987677,-0.28299429305259827,-0.16849250560559537,-0.2901075642112391,0.49915091861584127,0.029126627765016313,-0.49915091861584127,-0.029126627765016313,0.6057000608815035,0.5528240949340403,-0.7975674778630084,0.3846358505906757,0.5439812965978572,1.0236866833715297,-0.5385564426255448,0.36773751119862164,0.5826362751766503,1.1887261108935017,-0.35108419559482007,0.3478978414591026,0.46623937192882414,1.182314234775891,-0.36013102826444454,0.2915977286319704,0.437330565663772,1.1293533573544128,-0.39220406857918777,0.2905889693900806,0.5350089635628612,1.0841633525629695,0.4099818018771737,1.1119083542612347,0.35120530646490333,1.1730518200205553,0.32827430095841104,1.2390005217282862,0.31192582101207944,1.2901238238874937,0.45794093116266615,1.2439475451133029,0.41590142584350787,1.3206417638970567,0.36959581100202027,1.3402224022744853,0.3351659167172626,1.3416397708914396,0.5366531161379652,1.2498361567927303,0.479155337404513,1.3286135265412842,0.4191872900031562,1.3310524880456738,0.38172552562292345,1.3184938333096263,0.5890196276598247,1.2424925960599071,0.5397351565913584,1.3143257610160197,0.4791779238981156,1.3165456425033273,0.4436814641637512,1.3037276595957332,0.6210997070528448,1.2287915961006723,0.5824403496305731,1.2883779264523245,0.5324171033730454,1.296174626652458,0.5003935029168818,1.2884467936071262,,,,,,,,,,,,,,,,,,,,,,,,,,,,,,,,,,,,,,,,,,
-0.07988159773535904,-0.36146036815305066,-0.005281053334671237,-0.4109925515676771,0.03816463623092825,-0.40665083490446935,0.08116434923440739,-0.40117908016400006,-0.13189994271180325,-0.42130429808251635,-0.17328210106700795,-0.42335451699196014,-0.2010194140460871,-0.42314971496987475,0.13693263263077465,-0.3649210549101112,-0.22451386216773586,-0.3933049446424838,-0.002045078713448264,-0.28358831735434165,-0.16459481527699754,-0.2936896943305988,0.4984540098190159,0.03928867642647764,-0.4984540098190159,-0.03928867642647764,0.5949547829455686,0.5680243652923022,-0.8252158549321743,0.3707215578238295,0.5227757549391442,1.0404847229891676,-0.5780713328782867,0.3315811323159213,0.5573838700449465,1.2064913297670345,-0.4035662724364988,0.2847114146612817,0.441333289117272,1.197792647124004,-0.37870641288298196,0.23072482651340484,0.41354342921079523,1.1446714710818726,-0.39918112634021813,0.24374670699291168,0.5100046367749219,1.1021310613250048,0.38530957746688366,1.1287058380140564,0.32396079813863277,1.1860253393081208,0.3023672521343152,1.2518890313160906,0.28690483716023524,1.302877266413496,0.43351809685460535,1.2590144226179574,0.38973652370905426,1.3354488567604106,0.34329727752968164,1.3531257883777483,0.31105946804479057,1.3527452331682737,0.5117845249317673,1.2663754435041903,0.45247644806006854,1.3449550335085279,0.39313523320619165,1.345874838807976,0.3581683810158401,1.3319782196719991,0.5636544938029949,1.2596613828981005,0.5150635745152322,1.332063162333457,0.4549488892492172,1.333196673975263,0.42027567915324565,1.3190799748345157,0.5961492991469116,1.2465802521198848,0.5583152079437242,1.3059271852083858,0.5078278771245256,1.3128891646556673,0.47576968050086205,1.3045239774840907,,,,,,,,,,,,,,,,,,,,,,,,,,,,,,,,,,,,,,,,,,
-0.07672369219117997,-0.3613812078271092,-0.0017752970239834256,-0.41047702164336214,0.04162753796010161,-0.40579783811578113,0.08463391041594094,-0.39998876660300475,-0.12834225077297506,-0.42173641079996915,-0.1697289956220268,-0.42410045399098945,-0.197431324920981,-0.42412357591189814,0.1400660487033929,-0.36332195140607776,-0.22112274342988697,-0.39463845356896954,0.00038929341787817876,-0.28280924668412866,-0.16220133292426092,-0.29382042676083964,0.49810825023179395,0.0434530902355691,-0.49810825023179395,-0.04345309023556892,0.5904546372082213,0.5741832500214994,-0.8462880254740899,0.3664330455875761,0.5141295460778252,1.0463808697999326,-0.5782852737583818,0.27332823343057655,0.5470217788719713,1.2116585828316073,-0.39227615633104673,0.21429767855308832,0.4316009536705617,1.2022256370105846,-0.38097458771686216,0.1566852480675754,0.4042842078160519,1.149501818892125,-0.4062203596482316,0.17661374021819493,0.5064355744990896,1.105840934908553,0.3784958640242884,1.1302259348778911,0.31801765743240357,1.1896379492548643,0.2942161346428547,1.2554915200278665,0.27695344818837886,1.3060243696158482,0.42621750885490955,1.2656686667674282,0.3799167960108788,1.341180106877271,0.33300543092513457,1.3571832009108515,0.30080512183783437,1.355422663451067,0.505218160663803,1.2735172125158207,0.44376823849919905,1.34982586123055,0.3848565876091647,1.3498883820668588,0.3498717863470727,1.3361065551334297,0.5578023421608818,1.2667381532306194,0.5065006005887568,1.3360221921491806,0.44724993239817606,1.3368113059150821,0.4130729765317711,1.3236744647807765,0.5902448225564872,1.2531508597266074,0.5507654530532083,1.310853598734406,0.5015513913782716,1.317445613646097,0.47029166512932147,1.3091370270030507,-0.49448544923635307,0.2326120621224911,-0.4910618765515071,0.15911950053247814,-0.41860650271257305,0.11592756022000712,-0.32543401639604963,0.10401705905017603,-0.25783387505193295,0.10403378241439928,-0.28637689661189103,0.1308566606910321,-0.17243318326770862,0.11750108385143818,-0.12333174492586427,0.10722005924157034,-0.09242164596504635,0.09845042180639661,-0.258294522265583,0.17643816535897242,-0.15579594791269089,0.1543081455953756,-0.11230975205883363,0.13873845945199292,-0.08079633082063704,0.12810917299015145,-0.25083163505039147,0.21532731471303646,-0.15629481007856091,0.18786482855567702,-0.1143053671388464,0.16882183827228875,-0.08958209973311593,0.15758420087775057,-0.2520617920695917,0.24616581383330177,-0.17459452258208477,0.21805953648842485,-0.13700204914974862,0.19751146800986177,-0.11456081463793989,0.1832270686890321
-0.14801449414833662,-0.33743946998818514,-0.08434357861659915,-0.4011689309772538,-0.04076687463259391,-0.4054760425469595,0.00287741016348359,-0.4086104687553301,-0.21112084576112405,-0.38620360716803004,-0.25220769652781533,-0.3800001222724057,-0.27925364451491635,-0.37435423625359443,0.06392362950803501,-0.38397619087117196,-0.2964190606701108,-0.34081911843007195,-0.056560362307693964,-0.27586842285269725,-0.2182840434475349,-0.2529299078757026,0.4964741832259913,-0.059273817070312665,-0.4964741832259913,0.05927381707031284,0.6967945357734802,0.4448358806163245,-0.7864804072216691,0.550119851948959,0.7182726684137277,0.9226275399544278,-0.5106883130233445,0.3423515339403546,0.7838124423470147,1.0765224468699848,-0.3311949124627437,0.2358151219178212,0.669212279688347,1.0908656548819775,-0.34015054954216145,0.17557682531629792,0.6318564559978046,1.0458846272697662,-0.3570341343646778,0.19822818233732303,0.7198940073132776,0.9842272792247594,0.602539648404626,1.0342307883289967,0.5543675512421072,1.101266867710928,0.5475818855301662,1.1694498283859267,0.5411642728768928,1.2217466022262817,0.6758582612601997,1.1519691811485264,0.6452475222431842,1.2372681543677473,0.5993251250067666,1.2627720962548488,0.5645370770559163,1.2672946866826387,0.7551740097352365,1.1441263759076037,0.7096239251268395,1.233891626924666,0.6497800607059254,1.2475084100544072,0.6110170305211018,1.2412121107684353,0.8058282131848952,1.1278096433859428,0.7681638754126126,1.2085703761256938,0.7082432153175945,1.2231266507390197,0.6689102911858488,1.2177496603230051,0.8362782257369683,1.1089383078779045,0.8081826425457542,1.1744563561193833,0.7592636378961762,1.1921126791200993,0.7245015655010988,1.1913762654001419,-0.4392221348792473,0.3036436101864866,-0.4452454282198688,0.22889196574402593,-0.37984524302998285,0.16875989004301706,-0.2966962251047752,0.13701737639676195,-0.23714354473906105,0.12237032533812217,-0.27014073697394697,0.1682030946861943,-0.1712657446658511,0.12347397826154134,-0.11831641638772557,0.10087032176006157,-0.0786339737934802,0.08409879784588233,-0.22440206535770524,0.20099829438984018,-0.13133542806217982,0.1511093524385648,-0.08449237075149282,0.12437803494464253,-0.047642134546710554,0.10532137823469638,-0.1966950740348192,0.23098597142850288,-0.11527159060551563,0.18064119650269195,-0.0720359965995675,0.1524752004911984,-0.04148924451708043,0.13325959653931516,-0.18344771875133667,0.25578135800736,-0.12063795068376575,0.21147791787001646,-0.08701375618345096,0.18507190195989837,-0.06357546154318779,0.1655870006926042
-0.10980935044567153,-0.3511333047369742,-0.039262636785615104,-0.40829342178919004,0.004865252448008994,-0.40786468155794126,0.048994022298974406,-0.40626391529433253,-0.16762949115628586,-0.40686544546925735,-0.20938473612752018,-0.40504239149711696,-0.23686334730668254,-0.4023538007085481,0.10669403355983319,-0.375492556747252,-0.2575732693940952,-0.3709372635180971,-0.025242297559794364,-0.2795704367126657,-0.18959745376963164,-0.2739102848742181,0.4999526204721313,-0.00688311579512178,-0.4999526204721313,0.00688311579512178,0.6491631510486446,0.5196043103412293,-0.852401645544226,0.47292932804675863,0.6202653426611674,1.0010866485851608,-0.5313732739344564,0.25393732189560464,0.668258412179525,1.1603447056319973,-0.34099876154552394,0.16628942406131444,0.553610199776606,1.1620997905690515,-0.34140760786636226,0.10951986002081415,0.5212332386634247,1.114466780883976,-0.3574029552955707,0.12799895831702757,0.6183256426184711,1.0591650840260391,0.49567183700981743,1.096378808026105,0.44079833381528977,1.1589124811043199,0.42521102358891205,1.2261027926621917,0.4127439034612563,1.277388666170865,0.5550011772254555,1.223222670967544,0.5179057587233636,1.3037047353649738,0.4727357702781617,1.325310679858694,0.43881958455236453,1.3278939026610035,0.6350272771794442,1.223409891128524,0.583173516556117,1.3066760193248756,0.5247788657131256,1.3125353127941355,0.4872158663384445,1.3025268412799387,0.6873059377935943,1.212202371238871,0.6425219497738484,1.2864407382761212,0.5843483779274495,1.293626613524659,0.5476535979692547,1.2841382028273853,0.7192095958664831,1.1962855923823523,0.685143208423759,1.2569286657086083,0.6363223662344533,1.2689830310702035,0.6028691690301998,1.2644102077980617,-0.4330790777341734,0.22189688668327587,-0.43198601992807384,0.1441482618283369,-0.3613714590131375,0.09188727301895615,-0.2740790757682095,0.07196989824471609,-0.20931565820285009,0.07071383425054634,-0.2564037202826517,0.09766367712106046,-0.1618990835286952,0.06783644512892072,-0.11364103611489244,0.05271060477906283,-0.076992436067901,0.04238781750974336,-0.21459133268749814,0.1367431022687895,-0.11739277482557557,0.10045080846007046,-0.07357431525868527,0.08130320365212666,-0.040080761463390346,0.06921255190013155,-0.19412652276146997,0.17276439481285621,-0.1112199752637951,0.13540816551742652,-0.07332378562693709,0.11353898781401882,-0.04890258094930628,0.10022074671414814,-0.18829157055807927,0.20234868510441947,-0.12649064788853595,0.16736556131435307,-0.09769550270419518,0.14469438971832346,-0.08029036286050169,0.12953159448924875
-0.0924185888642602,-0.355247273823578,-0.0186336030682705,-0.40926782853741683,0.026105989042411903,-0.4065576783165381,0.07019265783062109,-0.40275199207471724,-0.147605135126649,-0.41377744743054334,-0.18979983706948472,-0.41391761817073636,-0.21734709991039983,-0.41266743341891,0.12570802789147426,-0.36974074854709,-0.23966818377344137,-0.38289139005570877,-0.011534053384881436,-0.2793109427481416,-0.17640457783148975,-0.2817278528792155,0.4997113029193278,0.016988635456317413,-0.499711302919328,-0.016988635456317236,0.6250552660313567,0.5520143277599714,-0.8778722496805096,0.4329619838991511,0.5728648580840943,1.0342803891732657,-0.5251862173527996,0.21049010421168002,0.6130695991801931,1.1952140852267257,-0.3407275901816442,0.1309541800170416,0.49848345726615456,1.1912621391051863,-0.3296006557214745,0.07644216702005709,0.46835945719062305,1.14243501349495,-0.3455776583824106,0.09462835682946723,0.5697388246766902,1.0901968150141472,0.44574466098671955,1.121468811623182,0.38706132049164615,1.181274320305828,0.36766645154407146,1.2483096115211758,0.35131542424698553,1.299315335741764,0.499590702105498,1.248370768516219,0.4589036782268194,1.32829629180695,0.4138713049105315,1.3491332910426166,0.38003407084856355,1.3521239613474405,0.5800616123903667,1.2531528893950843,0.5230972770896382,1.3357374889044447,0.4647765271992689,1.3399278992075665,0.4273223172594846,1.3293121618342583,0.6331914014999014,1.2455738016910085,0.5831474703266896,1.319674602069376,0.5245766732075855,1.3244634972151563,0.48792840854361497,1.3139536072022098,0.6657366483963693,1.2325612083087334,0.6261286896734226,1.292622313344471,0.5761344247989371,1.3024818178278206,0.5428714718377825,1.2970032394246067,-0.417837547889689,0.17939091124788345,-0.42485492639134187,0.10589865250503992,-0.3619764325644563,0.05815685256086639,-0.29111858740057583,0.037941367134558326,-0.241275410029235,0.036108440899670954,-0.24288359602561874,0.05876158110543799,-0.14573638612787598,0.037779703170098634,-0.10285942214797177,0.030008064319238584,-0.07386040715141219,0.02534117092557063,-0.20072546989149068,0.10013962906893631,-0.1055254832542537,0.07385822058165593,-0.0658984682325514,0.062397776174384426,-0.03629427346775304,0.054327941827157895,-0.18120011078189624,0.13822913012169702,-0.10527905651648256,0.10873624656688048,-0.0764595479637214,0.09191514748741828,-0.06021297363715545,0.0812904601586117,-0.17699806201178753,0.1707541328042031,-0.12228296941068462,0.13997444922645805,-0.1012153576142674,0.12197889387709392,-0.09162818244527951,0.11133238695596763
-0.1771399939482975,-0.3213726786308343,-0.11822077274677657,-0.39197617077612495,-0.0736792457679685,-0.40028011596255114,-0.029792945973813968,-0.4073398496597444,-0.24489854649130166,-0.3642682062030218,-0.2861881896144655,-0.3540460649589454,-0.31275192536649216,-0.3463348026835778,0.0322705052867913,-0.38949968655696576,-0.32715958300823317,-0.3128784992019349,-0.07980291129856931,-0.267220056186108,-0.24105559147997407,-0.22941587638771752,0.48888091436385445,-0.10485919878943255,-0.4888809143638543,0.10485919878943271,0.7428655940309103,0.3861444498792512,-0.750410875358902,0.6359732403777472,0.8112794961877449,0.8695398318145673,-0.44777505808148105,0.3177766636998192,0.8897135216052394,1.015475352080123,-0.282885800095527,0.20199367320655312,0.7771889360581443,1.0395726106003018,-0.2845668828870624,0.144832806138904,0.735966020136887,0.9997052306930909,-0.29623100978215905,0.16472568256967643,0.8227386036481655,0.9225649563044518,0.7103421599798528,0.9819509706426088,0.6668052558228995,1.0549012214624232,0.664365975516868,1.1256712853670594,0.6610998534689841,1.1800265656413231,0.7941110835935787,1.0943526997498594,0.7754343145284106,1.1810409979483998,0.7379291349799673,1.2127141226558436,0.7058358797271024,1.225103014580388,0.8722658039861291,1.0791699645062143,0.8400686100917638,1.1726041316153633,0.7852967012066622,1.1920125926980016,0.7451743622496814,1.1920183120935584,0.9210322911430927,1.0585061986182056,0.8935004053325208,1.1419248396273611,0.8382376584845854,1.1614667889868169,0.7990678801987884,1.160986244994562,0.948296406980666,1.0375515125847192,0.9263231853182052,1.1052977002727995,0.8808626890280893,1.1274132607023828,0.8468299703515754,1.130890753426321,-0.3488427353677397,0.2579137882208292,-0.36825833445389683,0.1898392336084345,-0.3232385637872843,0.12869582120380796,-0.2610702046590362,0.09240627224416603,-0.21621441464089391,0.08207011216787502,-0.20721440759965193,0.09807092181571382,-0.11682043670498309,0.05404459274346356,-0.08217019171588541,0.04169937605344471,-0.0649647987777658,0.036573990611011305,-0.15653188218193714,0.12745116150514782,-0.07033886182075894,0.07952779389699036,-0.036892308515308905,0.06120189894454301,-0.016752997318534045,0.049502943942674286,-0.12779167374240974,0.15953642649184016,-0.06024908173185803,0.11468285442909013,-0.03767103228275582,0.09472171229815582,-0.028641907533702493,0.0840817529994247,-0.11622952349942504,0.1902349118476448,-0.0698697301154977,0.14730978494301222,-0.05513931696940724,0.1262928721985414,-0.050682083751100566,0.1154975765288629
-0.09889970729824975,-0.35275227572636914,-0.02493450528314677,-0.40761137552109106,0.02061792353723712,-0.40540521308348815,0.0650522516103201,-0.40216588336571685,-0.15484669744658874,-0.409510588872737,-0.19750261354446025,-0.40925084983714,-0.22519189019709207,-0.40827081505292273,0.12205874080223343,-0.37107212521432326,-0.24651433414171456,-0.3800294194893952,-0.016943520278898654,-0.2776349013129134,-0.1826064828496488,-0.2786023871053015,0.4998596271709264,0.011847072403865906,-0.4998596271709264,-0.011847072403866085,0.633223742197285,0.550021390321727,-0.8767930127962583,0.4452191738564312,0.5873954774783349,1.037238885238262,-0.49759439285294976,0.19956532312572928,0.6298806253958121,1.197802869810115,-0.3065681841162108,0.12625059795989374,0.5146983365190967,1.1950791071285443,-0.29967935127514256,0.06887647060766604,0.4838135672331396,1.1468685497873383,-0.3148319327985718,0.08482272675471768,0.5850926663059679,1.0920168577381748,0.4627997319403166,1.1240328866402505,0.40367580047485113,1.1845331957671277,0.3861320351109937,1.2524359342862912,0.36880885480494296,1.3049901347247066,0.519979321559034,1.2531960250635839,0.4812541196015367,1.3330186150516816,0.4354850895475469,1.3537720767265375,0.40064659490775123,1.356499639896557,0.5991407185078952,1.2557532897390333,0.5459610492508186,1.338647609540278,0.4868748917578713,1.3448725920225921,0.44752699266580137,1.3349540559220374,0.6508499259089131,1.2459129496804875,0.6061300599414411,1.3207014193509972,0.5462976736528855,1.3269466104112446,0.5072669055062277,1.3172949512951373,0.6816876604877476,1.230755881442239,0.6455867333250072,1.2921878063115146,0.5955349107766983,1.3033150413693562,0.5610985927782673,1.298704623120126,-0.3867057591525626,0.15724321305265354,-0.3899705092574657,0.08540633634668773,-0.3352084331393849,0.04060907697291183,-0.2686791220943405,0.02017000629085868,-0.22398244597695155,0.017574699766141913,-0.20813274830261755,0.03416498047160817,-0.11518281218412176,0.01695738676793916,-0.08040468453938214,0.014790790698315145,-0.061513552952246066,0.014428738766155512,-0.16757759159104454,0.07456132941369521,-0.08124846950671094,0.05187318129513516,-0.0465314770309203,0.04418960895191811,-0.025173809747645447,0.039792326902569154,-0.14995087064581547,0.11376531412546417,-0.08160361074215393,0.08914647698009241,-0.05323513633539747,0.07725683736763662,-0.04116182718200275,0.0701228551542916,-0.14628758925996763,0.1481937121582341,-0.09916053814315959,0.12079847405323392,-0.08221834239246723,0.10553622280380984,-0.07628660086481392,0.09582526541660683
-0.12410947049629852,-0.34521622898426213,-0.05365584166914166,-0.4047816682906423,-0.0077728048901161235,-0.4057263785228299,0.036953360645243266,-0.4055733079260802,-0.18378024330501488,-0.3975756319653691,-0.22647499185486475,-0.39449534675844306,-0.2541397794349405,-0.39188491031435074,0.09675490680326791,-0.37859814620005505,-0.2730112331806994,-0.36275817997474347,-0.03739014929559743,-0.27582639663383146,-0.202933932349983,-0.2657207075521385,0.49953976010067,-0.021448265164462254,-0.49953976010067,0.021448265164462254,0.6695009960157718,0.508375785628124,-0.8462925580404598,0.5038396120568353,0.6566618503421776,0.9994000509969794,-0.48172842856045445,0.23003816703220423,0.7099126506225734,1.1573337726827115,-0.2963410209861684,0.14562195575858686,0.5944867742259273,1.1623431384536904,-0.2941088082051602,0.09108080390988704,0.5603881568166529,1.1161910115504188,-0.3064376879575186,0.10840791837669057,0.6592000898383762,1.0551004623357902,0.5392578219286494,1.0964890983368614,0.48210282124010134,1.1596499302417551,0.46991004974460887,1.2277591698180677,0.4585531098049074,1.281267731066604,0.60377709001964,1.2194178440002665,0.5708845320971774,1.302276492901833,0.5274113150812751,1.3266347688822466,0.4931165747491172,1.33189642250902,0.6838200282159712,1.216611066705064,0.6361390042994827,1.303586953294176,0.5787358051683554,1.3135207181150965,0.5392241550584643,1.3062969717717925,0.735280250056305,1.2036967879975944,0.6940973563834345,1.2816032152784043,0.6360855402191231,1.2913792919883984,0.5975244810849422,1.2837628531412855,0.7659973445147764,1.186923353714516,0.7331188452384582,1.2507865810588175,0.6840001839971692,1.2650694137958487,0.6496422198115832,1.2622846769506442,-0.36197510833780655,0.17242189080576567,-0.37315280494861414,0.10093751926174428,-0.3200822851628603,0.05194231763666285,-0.24899807818779984,0.029842060898162985,-0.20092564893361156,0.02870238133512633,-0.18956448832645661,0.0375029640538944,-0.10040158389503583,0.016063500360749508,-0.07182069777146344,0.014429302332721192,-0.06178058016129862,0.01562639618586555,-0.14667567834445194,0.0751971377594343,-0.06553285436266519,0.04928939807638051,-0.03944235678414424,0.04307856945427933,-0.028772118251618656,0.04001720876684273,-0.126881474001752,0.11279340941218806,-0.06721846816788007,0.08615634871762987,-0.04895871482150785,0.0755341264699934,-0.046665396924836705,0.06989394891299573,-0.12210974247783464,0.1477649066435728,-0.08106088260559807,0.11890771416870437,-0.07153263791972046,0.10521102240586054,-0.0724510181146096,0.09818218388815125
-0.14308683504717928,-0.33920685968159137,-0.0749383843024626,-0.40222414522205074,-0.028821322851366866,-0.40547897550644585,0.016083243217001535,-0.4075636765845761,-0.20485657822170547,-0.3885012429425685,-0.24750784741064832,-0.383426761492522,-0.2751238170039175,-0.3796484268951614,0.0776820569834548,-0.3836262028538168,-0.2922964081335172,-0.3498672404764074,-0.05337151752641498,-0.27394098076458134,-0.21809713434677722,-0.256152290084805,0.49801440870203006,-0.04451571323889348,-0.49801440870203006,0.04451571323889348,0.692578047029578,0.47907991677437506,-0.8265669845057607,0.5441187195501921,0.703215306644842,0.9717967980445442,-0.4722135740371663,0.25392239741497863,0.7640729776353097,1.1275391804072643,-0.2945339107659466,0.15957303573688122,0.6485409232259998,1.1379753692778138,-0.2935358997493497,0.10501486556051344,0.6122110287626769,1.0933196090255317,-0.3048308500078213,0.12391989518819538,0.7101875794800975,1.0270517637595535,0.5921972699108587,1.0735004755080837,0.5366834544162047,1.1390635406377834,0.5257421163964955,1.2080459363777887,0.5166591642569186,1.2620573892889462,0.6607510028072189,1.19269862279316,0.6334551760856509,1.2792342760830568,0.5899945001930996,1.3059148328006192,0.5546131043316737,1.3125296751163011,0.7402133972486616,1.1872811945118058,0.6966752033553691,1.2782607222462026,0.6382788105730973,1.2908519525008604,0.5982000962357166,1.2848083805761654,0.7909206434389492,1.1730310001167923,0.7532479073265811,1.253939077139068,0.6942235993635654,1.2657919196017937,0.6553288333067984,1.2585169797541438,0.8214947351069032,1.1556921580788275,0.7916558391753438,1.2208255517935285,0.7422764126501922,1.2367848253176108,0.7080452054189984,1.2345298355321024,-0.3507770976695459,0.18494499659958333,-0.36685318608752665,0.11342385628170695,-0.3162315736946708,0.05854449288597819,-0.2441479707291736,0.036964490030738734,-0.19449331056822716,0.03872029446609217,-0.1848247766933029,0.039153794800305286,-0.09787612773870256,0.01615726118592606,-0.07800947939341873,0.016261736838707956,-0.07748317793233032,0.019324156499464864,-0.1370517784376305,0.0734945313301268,-0.058021229059206154,0.04482254965079579,-0.03977032171601908,0.03938009318679509,-0.03751507645453866,0.038890589499525854,-0.11240965793511794,0.10958395495942251,-0.054665363632339974,0.08140822370727722,-0.048527079938009546,0.07339758714483596,-0.059172338503764424,0.0714217592500566,-0.10589010469388538,0.14472594170111353,-0.06969421427703096,0.11682841371788157,-0.07154615272672578,0.10691658577346295,-0.08482561836307034,0.10442609168696856
-0.17433050035618172,-0.3251396672265337,-0.11148041726958684,-0.3941009918244623,-0.06563322451979564,-0.40151317946216264,-0.02075925950525932,-0.4076362909154085,-0.23953405124389993,-0.3687632684280305,-0.2814602026239031,-0.3600259834561169,-0.30861368704175385,-0.3538807514898697,0.043169009407406256,-0.3892887401889153,-0.3229996035307836,-0.32277161629648043,-0.07951040571984568,-0.2678205427173028,-0.24124226519320163,-0.23582671790792303,0.49223394557924965,-0.087782360525816,-0.4922339455792495,0.087782360525816,0.7320375111753237,0.4175801360636071,-0.7784230320286079,0.6122119495253766,0.7862962322743063,0.9081737840911025,-0.44757154436139857,0.2893882555347424,0.8606382509356169,1.0582159637790471,-0.28120955492256605,0.17838443327996517,0.746385511679942,1.0787713898534066,-0.2847278626749322,0.12626643522402525,0.7062360982453636,1.037380423429664,-0.2934854026287626,0.14670203378834434,0.7989392859094221,0.9604000298428992,0.6840142365346226,1.0188542569863785,0.6360764852793378,1.0907987522309321,0.6315545144688601,1.1612099416373876,0.6258635829822911,1.2163503718792057,0.7652561799946581,1.1332212187051924,0.7430521525595417,1.2202304655080405,0.7035364190719768,1.2505250083513708,0.6707189197167337,1.260628290848914,0.8444290087232964,1.1199016044212016,0.807381619436491,1.2128867042963702,0.751634723762527,1.2310983702360057,0.7116956592083606,1.2298048285229284,0.8939232228959749,1.0999244674213728,0.8633566229820685,1.1831077212293581,0.8067592798726271,1.2012007181908269,0.767463893912002,1.199094609632352,0.9224991718135697,1.078651319444362,0.8994798267598114,1.1458758820683814,0.8525558589498768,1.16723416768494,0.8176103771314058,1.1695805342864034,-0.33426199564996334,0.21189704244967486,-0.3550471422578011,0.14292437737544889,-0.3136042413712951,0.08528690979680408,-0.24816340309492899,0.058089896898336144,-0.20206832332109564,0.05314883754874689,-0.1805103807936866,0.05054818926860463,-0.10062375100261083,0.024913573530889396,-0.0832902345825112,0.025320796037433094,-0.0821651821479813,0.02933492040660415,-0.13185491243980713,0.07994302543877985,-0.06060423271604533,0.04979847746665234,-0.04788454803638975,0.04619276370865373,-0.04821431044531772,0.04805549351126561,-0.10665067701126728,0.11506891200444518,-0.05447119003793555,0.08690005649495676,-0.05751548983657967,0.08401898858744805,-0.0748035233987007,0.08723640531232578,-0.09857442419260286,0.15100493086619113,-0.0657544460538831,0.12418822192108737,-0.07413931512976633,0.11845286027662981,-0.09286877930864425,0.12049469043829696
-0.10350104502938204,-0.3555316545878301,-0.026616244395620967,-0.40954265377235993,0.01999228319812884,-0.40703973866309445,0.0655734820359487,-0.40345597755473883,-0.15688148483429334,-0.4119593162824728,-0.19955586427731947,-0.4124068368093958,-0.2273889552851216,-0.4122133104317015,0.12478678310725004,-0.371770596275142,-0.24790351829940113,-0.3847843245135817,-0.023377866343811584,-0.2791266619993471,-0.18731374238692286,-0.2822991038863856,0.4996157806600265,0.019597747714275082,-0.49961578066002627,-0.019597747714274902,0.6268225276934173,0.5655714350654742,-0.8932458321651583,0.42784719785988584,0.5752186876995793,1.057540456526114,-0.49101817307590273,0.17886645274884147,0.6157977325620053,1.2203430255314358,-0.30319897713086946,0.1077478586584952,0.49953652766757817,1.2160829429128732,-0.2899608381850805,0.05812814343356609,0.46914583026238255,1.1667834393988101,-0.3094920034766991,0.0752325384585992,0.5766826779758398,1.111004166773737,0.4530153355144802,1.1441508279496846,0.3908813187700402,1.2043763156665916,0.37129471384272433,1.2721921066946196,0.3539942563251942,1.324290769718552,0.509813600947186,1.2730021256407953,0.47078309019310727,1.3528197945613918,0.4261660662319744,1.374311353284142,0.3917378787024682,1.3783680144592627,0.5901377543360604,1.2765668380883375,0.5360079221803028,1.3593370464767145,0.47789342355019276,1.3669929924589292,0.43750553945151244,1.3587093551404148,0.6430197086970777,1.2676507388956133,0.596819260636417,1.3419378176823549,0.5380021770461832,1.3490949852176926,0.4980667171548879,1.3406742237011045,0.6749449406740249,1.2532014896709622,0.6383036284947141,1.3137234311752999,0.5884578102333837,1.3250413946244572,0.5527997567621381,1.3210123236233176,-0.3702338520362743,0.13436790858854022,-0.3756470739421774,0.06190417619526189,-0.3228630173240921,0.016642109014351612,-0.25064343709464043,0.006030998734158761,-0.20360242754044106,0.013314214338536409,-0.18009337406825607,0.009948219283721686,-0.097393254297546,0.00557156367103667,-0.10487193716617998,0.013284113692214845,-0.12792860845891957,0.020237951892668405,-0.1395499637861427,0.05006378538661516,-0.06459764549766267,0.038126028456436235,-0.07824439370023731,0.041348186380881606,-0.10571542034688525,0.0478978223389779,-0.12295375929948624,0.09013090028153332,-0.07608454809751336,0.07637526839787499,-0.09410128062066299,0.07630986715465467,-0.1256409429157858,0.07989791891460889,-0.12319037170988374,0.1259042924372221,-0.09301089278494576,0.10912584204428012,-0.11013668010247761,0.10524220125172264,-0.13783817279508254,0.10611937602240612
-0.18543834263841621,-0.3204008743955434,-0.1231622204028204,-0.39142589470724615,-0.07718519825593877,-0.4001066870475194,-0.03192384972774187,-0.40750324063145027,-0.25060461204259665,-0.36262736952108005,-0.29198456776492304,-0.3529579786457093,-0.31889846459132154,-0.346146828464431,0.03378764610404764,-0.3909234936082995,-0.3321828655247914,-0.3146377079378105,-0.08936335457271657,-0.26521801534869516,-0.24949665411956246,-0.22903138198630352,0.48999103301671887,-0.09954289308237292,-0.48999103301671887,0.09954289308237274,0.7444474254225932,0.4007568789962942,-0.7659677783024428,0.6275478597847584,0.8113313304909506,0.8907445422495948,-0.43136405652916854,0.29456704961571456,0.8891076270892337,1.0394513388189535,-0.2702491737925221,0.18366580882801056,0.7754721099967086,1.0629219045138334,-0.2699013258569854,0.12877408755233874,0.7341861027258915,1.0220221069357824,-0.2853099409070148,0.14946998738071737,0.8290143373237086,0.9412427192380285,0.7140209068097996,1.0031707700723085,0.667149111576426,1.0773556106753803,0.6637630131421054,1.148729284965105,0.6618676462326277,1.203776866024855,0.7981244864292776,1.1180773303240938,0.7791693408299191,1.205387952997638,0.738077631956438,1.2367491552422443,0.7021180969131763,1.247824140757919,0.8782779200938878,1.102058891010073,0.8429851167980161,1.1950140746010387,0.7857827441405733,1.2148554937162852,0.7428551338946136,1.2143399151401075,0.9282684565073799,1.0805313606697724,0.8977082266257309,1.1627361807108425,0.8402539096731586,1.1825500501233803,0.7987140838993972,1.1821639846515035,0.9558108171972766,1.0585399108657887,0.9301929442226822,1.125159660602228,0.8827367480980975,1.1474356060294963,0.846795062216675,1.150929792159339,-0.3280634817777267,0.21841582487124636,-0.34610926726289154,0.14799129981471945,-0.3040197064067677,0.09392436447580774,-0.23645964759784224,0.07267608564000569,-0.18954066731373495,0.07087504032744764,-0.16924607286404666,0.05275919264272228,-0.08621541750544921,0.030924506121326686,-0.08958334505087001,0.04097682778571597,-0.11348203200188166,0.053028021717451454,-0.1229339745034948,0.08220349286841762,-0.04339294237826181,0.05534122486032455,-0.05983845277177593,0.06462662877492034,-0.09228942310102292,0.07880958287257786,-0.09961261179477411,0.11816318527235276,-0.047534055276074044,0.09635479654202014,-0.06760944442751196,0.10370366874094283,-0.10191821934775376,0.11598674668315474,-0.09468283111322545,0.1551635105260157,-0.06376082857164245,0.1354435350018767,-0.08313259599979415,0.13789144114964344,-0.11226283033651373,0.14520127887935327
-0.12106347521998073,-0.35001623210263133,-0.04547771764719265,-0.40772849181242793,0.0014665789637587534,-0.4073801124065344,0.047475329424885505,-0.4058893923551705,-0.17664182491374816,-0.4040809399715725,-0.21866075171036675,-0.40260608884611204,-0.2462753351097454,-0.401099538173135,0.10919335244913143,-0.37685490325050497,-0.26513504512824637,-0.3727252687511189,-0.037174149921282686,-0.2772752672738297,-0.20152583651669143,-0.27259754329016433,0.4999939123147835,-0.0024673159823205087,-0.49999391231478335,0.0024673159823205087,0.6534559840732914,0.5374887190766983,-0.8696214122926397,0.4667900942733302,0.6241111795429085,1.0308703692660173,-0.47434109783381806,0.20284976411066155,0.6714768097117029,1.1917907409784667,-0.30068831392285783,0.12362314505354609,0.5555319105771124,1.192881480468194,-0.2896338920330103,0.07011438447291839,0.5229716441354219,1.1445815670349764,-0.3090442967214844,0.08760369095537529,0.6333696803624808,1.0828179883105047,0.5090217396436986,1.120743716544574,0.448403355236097,1.1849478832116829,0.4305970483771091,1.2550438240286466,0.418036817290424,1.3094169219146086,0.5699016674687271,1.2520318032330349,0.533544483506701,1.3343099449895912,0.4890530229551506,1.356264066313854,0.45530695764365264,1.36019021084152,0.6505298348920197,1.2512415390090312,0.5983602316711462,1.3361354363343454,0.5387967697131284,1.342585775369833,0.49901968787179163,1.3325050439535668,0.7024832129325699,1.2388019895039506,0.6588727915392769,1.3141596615272557,0.5990460431391271,1.3214159790405342,0.5608301551700524,1.3121674489995527,0.7323596136032208,1.2217146090454525,0.6966578261301497,1.2834394635998223,0.6462862566932224,1.2952567961514303,0.6125067313008804,1.2904381560794946,-0.3619526416349844,0.15121283743080693,-0.3638940159170442,0.0778652668003664,-0.3121229771693197,0.03459621357966534,-0.24314269646488176,0.02884558315904342,-0.19750794254104653,0.035213100821517615,-0.171229115607671,0.02096400148639369,-0.09175952711654199,0.016125973959353057,-0.08936491501907458,0.025031868396554115,-0.10876034544386122,0.03322731851089076,-0.13216465348559067,0.05924245156392417,-0.05348706035357381,0.047076427550152684,-0.06369292215831103,0.052437341944799806,-0.09243647288598619,0.060394231186089053,-0.11724125937927227,0.0986862398009082,-0.06146619269632384,0.08527168594781612,-0.07854662548862111,0.0876290820232958,-0.11173045350022502,0.09248946914623547,-0.12087885487257344,0.1356492938300346,-0.0872870635820213,0.11947409184125722,-0.10326835349379365,0.11677717488384737,-0.13051523570010024,0.11743007130699822
-0.19025340104085528,-0.3174691279364606,-0.1278081140185933,-0.3895247315157922,-0.0817033333742275,-0.39883092408492193,-0.03633563195053084,-0.4068152985000639,-0.25572926248377675,-0.35898930577165816,-0.2962390943649286,-0.3490094696579649,-0.3228601474546019,-0.34184745537723454,0.030387153995563555,-0.3911548309172951,-0.33539027232529134,-0.31020084897562095,-0.09314737639966403,-0.26353094001467864,-0.25314443236165723,-0.22513588745649418,0.4889729723827711,-0.10442907774732953,-0.4889729723827711,0.10442907774732971,0.7504641029217561,0.3917183025650742,-0.7514129274917367,0.633732664653297,0.82273852139549,0.8792894171699056,-0.40937186499735934,0.28884927395573906,0.901637878002066,1.0269627594941504,-0.2607069456054903,0.17744816732544577,0.7886401446383091,1.0517963884833137,-0.260366626767287,0.12366372618049608,0.7468477802534053,1.011025999283629,-0.2767618390965332,0.14442359020329068,0.842027733079552,0.928616180911162,0.7280803741937119,0.9912075393373209,0.6811503488659607,1.0659792737743117,0.6775084222375031,1.1382740686156592,0.6784986575254268,1.1937930728681714,0.8131908695718861,1.106478402068369,0.7938102220238714,1.1953581184779325,0.7548100646134354,1.225420448903411,0.723088395895326,1.2351454838924758,0.8928286115458698,1.0900877620928962,0.8573844131367131,1.1843971188763174,0.8013764518277493,1.2013908891332392,0.7622244945730146,1.1985714047458702,0.9416200241245369,1.0681850308629557,0.9122103184219144,1.1510775335508596,0.8560993504829217,1.1688847036598113,0.8187752331454083,1.1662393594919909,0.9679689934049472,1.0461563139492103,0.9443284743317308,1.1129684661364565,0.8980239924076284,1.1337510808167883,0.8652331907762268,1.1348761468582582,-0.3219352658987455,0.22115596260892847,-0.3389779960976374,0.15160090035914173,-0.2970214180740838,0.09810039766556337,-0.22958646956074102,0.07700787496293099,-0.18334886090632863,0.07452783606863918,-0.16442116594134906,0.055671262912115216,-0.08633337746144738,0.03442669077350184,-0.08265888453793917,0.0425946236900636,-0.099065649556127,0.05436431399131582,-0.11753067594598576,0.08440468387793071,-0.04384569705138629,0.0573817953590579,-0.0548221334981841,0.06516678648959963,-0.08120801665331237,0.07871065528018201,-0.09370798685128146,0.11968432937969357,-0.04139400853890765,0.09601117367617797,-0.061021973246371014,0.10282706835817906,-0.0932985059644483,0.11474815417208849,-0.08844155795518854,0.1562428419914671,-0.058802603528382735,0.13514558936678361,-0.07832162893106215,0.13735031231130243,-0.10642646148685435,0.144978202126078
-0.058517273765334867,-0.3651153582614086,0.026438522326235555,-0.408772906510028,0.07279407328290514,-0.40027141202684746,0.11790245978060555,-0.3908290073566758,-0.1038851263424808,-0.4279633865384199,-0.14491079504738305,-0.43369668626156277,-0.17222417111577362,-0.43689510986439195,0.17428268656868676,-0.3514726884539549,-0.19552755473549635,-0.41213231015818436,0.011735237412650089,-0.2789963270347226,-0.15120698189385867,-0.3027456931945946,0.49273097147895945,0.08494815916428622,-0.49273097147895945,-0.08494815916428622,0.551724443056715,0.6421029040739143,-0.9292428795415228,0.3090378395710821,0.4379472055879233,1.1205756733827292,-0.47932946443720886,0.11549177600910165,0.4563135487937428,1.286726686339703,-0.3004668989160163,0.06708190018945119,0.3422292682311099,1.2678542817889036,-0.27891524208046103,0.01856772119658384,0.3186047243735423,1.2144015020870678,-0.3030042702206634,0.03173826261868826,0.4363339963157654,1.1729547391137465,0.3079970657062934,1.188263708338046,0.23689652533415922,1.239914197487402,0.20769484549466394,1.3063712840445487,0.18761534886796677,1.3588921009986343,0.3446524614318962,1.3272586372114328,0.29420259211352784,1.4037559024942,0.24648231629391942,1.417097630995131,0.2138289207869192,1.413431085438346,0.42483412705388274,1.3422141642428023,0.35503120713636566,1.4174336669059664,0.29617891512728767,1.4106716612303976,0.26212466806201185,1.3926294397682328,0.4779727341130236,1.3403246565324094,0.41871029980400015,1.4076310398320104,0.3588954360311178,1.4019976017116655,0.3260200087868579,1.3846370508613872,0.511821620157869,1.3300641018772563,0.46509795787460617,1.3848118559984972,0.41370147048161204,1.386432822369515,0.3835242950484215,1.3749280890876656,-0.38158312997606014,0.0854764825726108,-0.3726668663020119,0.014664192767854344,-0.31538336716181603,-0.01937287189670759,-0.24598184319021002,-0.01388455004080188,-0.2019956586407507,0.00042977273272907157,-0.17876470269938505,-0.009888814545231994,-0.09474126685089111,0.0007268726641664635,-0.08643180132559483,0.01014836747890286,-0.10114550814990571,0.015597213128964619,-0.1447947624379012,0.03292353406053136,-0.06362939852626702,0.03602860204200163,-0.06916160812956286,0.03964002181638394,-0.0925033168631135,0.04260119892935492,-0.1347522616169092,0.0741496237340499,-0.07284038459189066,0.07239627190394556,-0.08739519774236415,0.07169431069966717,-0.11709615059608593,0.07029273755122815,-0.14225383682947756,0.11089816583069934,-0.10380571800954612,0.10344787535447984,-0.11815623767451126,0.0979827889607905,-0.14372620141614884,0.0935798384111459
-0.10490542637328239,-0.354386030413643,-0.025941651438812496,-0.4085582631958135,0.02119833903060041,-0.40605137322379925,0.06716076921227318,-0.4024540894748796,-0.15786318448090234,-0.41088762391427847,-0.19904160528478165,-0.4113117936581018,-0.2264616037726052,-0.4109486352517116,0.12841032846667083,-0.3706105291360366,-0.24624910718970178,-0.383384511430334,-0.023861325305806688,-0.2779847837992353,-0.1888313756856038,-0.28067015238216747,0.49954490057827766,0.021328204477608078,-0.49954490057827766,-0.02132820447760826,0.6308638997170732,0.5657252528625731,-0.8804777805107965,0.4250564400761515,0.5782184929118498,1.0542046053534075,-0.46078313705721186,0.1784299107454004,0.6177138764993383,1.2166646056545316,-0.2880623971614464,0.10724229833658841,0.5021397973182671,1.2125321988489406,-0.27132716334027795,0.05614617402309479,0.4718484433436085,1.162344175622138,-0.29408449246189405,0.07232244643771349,0.5839452242359494,1.1047365953519317,0.4595213544714994,1.1381248059356341,0.3965090873898135,1.198635741998458,0.3762858403051634,1.2678541992822987,0.36135443833042247,1.322117245844126,0.5111541228920635,1.2695234256561443,0.47367616808146457,1.3525723788751027,0.4288849381810804,1.3727865961330172,0.3962970753699333,1.3744479027776861,0.5932781802370919,1.273218317599601,0.5373018072481062,1.359062686510188,0.4784466049478657,1.361126258853105,0.4423824475007943,1.3477830573337293,0.6467207410884511,1.2634542581528425,0.5987566754449412,1.339255667489622,0.5391388241471243,1.342075358061896,0.5040810785353976,1.3292887152193134,0.6799670660036097,1.2476949464896343,0.6414730801708771,1.3081698167238276,0.5903853911300195,1.316358676207252,0.5581288911967304,1.3083166851258612,-0.365287560380405,0.1345004149710817,-0.36785997871498544,0.06323741390812951,-0.3150885271279211,0.021632412326915405,-0.24452970410261082,0.017364118482080394,-0.1988632143527972,0.02565900474133377,-0.1787578738653786,0.012617267130394221,-0.09559429108711046,0.01229901380573834,-0.08610079897656366,0.02084008939851988,-0.09823971256146906,0.028120367678742368,-0.1397593302752022,0.050609786634269606,-0.06248722275852603,0.043591686475166494,-0.06652892375749388,0.0478386536198775,-0.08677848281450756,0.05390031194056788,-0.12450277535140912,0.09026354369174998,-0.06486011649342775,0.08051419133836119,-0.07894295092640821,0.08209372123131872,-0.10724744803342773,0.08519815904300937,-0.1265998201736491,0.12757980775050778,-0.09156846898858079,0.11598281442702703,-0.1070619424204229,0.11288917580290184,-0.1327829422792036,0.11239891708851395
-0.1359390301504114,-0.34350391298869865,-0.06210228056407223,-0.4044374272726493,-0.014933344252386266,-0.406121937198124,0.031221517870530267,-0.4066255592550057,-0.19371262413114862,-0.3949749302414288,-0.23467725017609506,-0.39173802622196424,-0.26188152845251583,-0.38887307793768605,0.09529750079561584,-0.3803732434777141,-0.2790537036824996,-0.3595017932251246,-0.04833938023365774,-0.27455754563512547,-0.21296132847211938,-0.2624469753462937,0.4994481406983153,-0.02348520285192056,-0.4994481406983153,0.02348520285192056,0.6800417160942954,0.50628045981069,-0.8372388812376982,0.5015699205726214,0.6703790523531655,0.9970877330418088,-0.4437327825293796,0.2207948649178535,0.7243111708485666,1.1552548454864393,-0.2778705571327415,0.13544725626195514,0.6090377959509402,1.161481060034586,-0.2652840973227677,0.08268341328314734,0.5743373409308064,1.1142142234063537,-0.28659395209703675,0.10067461241453315,0.6836193028014719,1.0428227845564424,0.5608257995164443,1.0880023216858867,0.5027719524603755,1.1571095834010277,0.4887892501552132,1.2271876895176699,0.4803536054957525,1.2814305916792261,0.6259332703775022,1.217370541775209,0.5946272624977591,1.3023672310930636,0.5521465041716274,1.3268115431772058,0.5196308184975786,1.333335910359432,0.7068226748304757,1.2138090628623577,0.6589042414213254,1.3029743022379319,0.6000985017619418,1.3106035635510835,0.5623459880860778,1.300832736949792,0.758920142098025,1.199255650505793,0.7197064716825149,1.27873183965059,0.6602831530092578,1.2866842797583362,0.6236233756495042,1.277187738963554,0.790168925176988,1.1806999239814522,0.7598335167261575,1.2447872246515885,0.7097004470382137,1.2578654002121068,0.6761709528657872,1.2533202632101867,-0.35092319454543947,0.16293193927846147,-0.35738479171243803,0.09284233380383801,-0.30802788718611873,0.04776115519054732,-0.23754438793252905,0.036358808630931945,-0.19194314544876911,0.040757374224465334,-0.17027297419929088,0.02617418923722285,-0.09186715382921298,0.021788446390595247,-0.09019523972577564,0.03246944443728886,-0.10875245488427358,0.0413394479492844,-0.128714779304365,0.0619126886632451,-0.05452695540671378,0.049544943257755776,-0.06331615589972112,0.05647378525560429,-0.0889223021843508,0.06554538706771895,-0.11048391590173506,0.10056702162784686,-0.05873271174495067,0.08720130842066824,-0.07733689838037507,0.09183526770174966,-0.11008916214477575,0.09814169731353613,-0.11059988421825766,0.13771001871032623,-0.07988362339969304,0.12291867696981153,-0.09866692237207907,0.1226738656576835,-0.1275926361222292,0.12500550111123357
-0.06141652323864763,-0.3639122650284897,0.02339802004196608,-0.4081816543137855,0.07000501367875916,-0.39999703279175286,0.11538103176516497,-0.39088526034277266,-0.10724032355047741,-0.4262486353834187,-0.1479491737961992,-0.43159552960876646,-0.17511337815185823,-0.4343759568621812,0.17262855067391789,-0.35192414880799333,-0.19804704984768065,-0.40901686497445133,0.009936386402611387,-0.27825729947292865,-0.1536190409946135,-0.3004898762526684,0.4935033684376059,0.08033943826500559,-0.4935033684376059,-0.08033943826500559,0.5612913251503108,0.635331163289173,-0.9211189033565285,0.3175992461338178,0.4502119852608046,1.1129693971928125,-0.4793253584676567,0.12494305609553422,0.47061539638063704,1.279018446696511,-0.3003731668418592,0.07547112040752794,0.35679480033175587,1.2613076118772584,-0.2761804597006268,0.026159501421109607,0.3323669435044835,1.207748423213811,-0.30143491729305294,0.03928673747986329,0.44852777760097423,1.1640278371460264,0.32170795681678016,1.1833402683431913,0.25234573464011206,1.2351828344392537,0.2269391840992652,1.3010499720721735,0.20605896795497117,1.3514997640921447,0.3590876441250499,1.3188108696323355,0.3109048147844086,1.3950195960381326,0.26581688566934575,1.4102968044240918,0.2338074598388645,1.409942232345002,0.43805603764744616,1.3319579821387835,0.3732505658172214,1.4092787361383923,0.3160093366639245,1.404956774309831,0.2823342318461158,1.388698413757173,0.4919067512348635,1.3284736680795965,0.439104160110643,1.3986255667228256,0.38089649085898186,1.3942352833592278,0.3478131287584585,1.3769420934922474,0.5271654641709389,1.3171029535161975,0.4862792227390452,1.3732981494833285,0.4356017587517411,1.3751454158070868,0.40505384215177115,1.3630955851117361,-0.37523996123928316,0.08604572138939237,-0.36972615261788194,0.016910282548515274,-0.3132805185234892,-0.018100923093097156,-0.23987221875206702,-0.015582093875427708,-0.19582349071545146,-0.0050359573391805185,-0.17196041609140453,-0.010720601153947287,-0.09566433950520316,4.583153204797954e-05,-0.09414533202095797,0.010508345227599053,-0.11252628106935644,0.015302065811625493,-0.13763178697763875,0.03190736832883634,-0.06350098440094108,0.034974171899620037,-0.07025806946435707,0.0398928712050959,-0.09359882994403972,0.04290376476625898,-0.12719449373747768,0.07287597468899053,-0.07002045035964255,0.07138626736458323,-0.08641250291841095,0.07257103997296892,-0.11781169495904607,0.07173072252023038,-0.13447048234992404,0.10958523471769885,-0.09858526187297605,0.10309359086129437,-0.11528285590858296,0.0991411526702451,-0.1432622178565818,0.09510855496877975
-0.16610107397556562,-0.3294945393523155,-0.09777795393842828,-0.3968614713652621,-0.050748238066476596,-0.4027908311404174,-0.004616246595199244,-0.40746691230702503,-0.22811543181029836,-0.37557274210556424,-0.26830670223380776,-0.3687284292562179,-0.2950240384154058,-0.3633635264992916,0.06159823754073573,-0.38707721166911735,-0.30932975600313306,-0.33237325475836826,-0.07240210486526769,-0.26872670391559017,-0.23526038262575522,-0.2417728996951098,0.4952585194272446,-0.06869497022878449,-0.4952585194272446,0.06869497022878449,0.72360527671544,0.4412694977212857,-0.7866498554029505,0.5751631732071775,0.758205656453056,0.9299265249843605,-0.42199604144145564,0.26174205586406524,0.8270305410051491,1.0825459654170315,-0.2643417136486627,0.16122884085554706,0.7132572676735802,1.0991458768072802,-0.2580040298048618,0.10689989295803443,0.6739088746267532,1.0551983654468886,-0.27691355610473667,0.126862554008369,0.7728893481509712,0.9790276431780385,0.6551234762988655,1.0350114614968051,0.6053750035757351,1.105529912852142,0.5980601156890877,1.1762717934795721,0.5941025993419221,1.2303261940331611,0.732555667533551,1.1521012840938634,0.7099383810840803,1.2406376023157306,0.669275342866323,1.2692141756216413,0.6366085079296093,1.277959914383883,0.8127273806963553,1.1413639316122537,0.7733006052072359,1.2364699842398748,0.7149169029529066,1.248879441522161,0.6767849247848435,1.2427414042782547,0.8634938000595113,1.1226400756575725,0.83122458867586,1.2067674372155628,0.7725549485288793,1.2192619576989945,0.7359891621271003,1.2111228298104466,0.8937696631000079,1.1018503561072082,0.8691060726470616,1.168482986369925,0.8199521047272738,1.18520330930871,0.7870067500915532,1.182017011836802,-0.3333047688587735,0.193647175655298,-0.3491084388247487,0.12597113973842947,-0.30553758842561923,0.07538161717746464,-0.23405136948185046,0.05738531823530449,-0.18805919051135844,0.05614509020731174,-0.1719650392551441,0.041242532198301964,-0.09156573921405381,0.028119571037505727,-0.08509488322340034,0.03678367824950993,-0.10063207470980115,0.04680391498888151,-0.12614356129701482,0.07175222651860369,-0.051746877575657456,0.05222844862628672,-0.05579559267591201,0.05813461819691315,-0.07664117984856944,0.0678752391455257,-0.10316830075023184,0.10755985046473851,-0.047385914339817474,0.08868835264047106,-0.06246006918529809,0.0939019409744362,-0.09222631022626404,0.10229705143259134,-0.09785066113375383,0.1441343523274346,-0.06340414404961099,0.12590018998327743,-0.08016881904487949,0.12659976774787512,-0.10722865245728479,0.13096027060565257
-0.11317437053766496,-0.3507434626836598,-0.03542573571825242,-0.4068693315095772,0.011946761788563784,-0.405553315866737,0.05824141561846905,-0.4031411491317338,-0.1673871667712918,-0.40570248707052503,-0.20811252890959162,-0.4050644865023479,-0.23529691531626748,-0.40383377111392466,0.12055012185697075,-0.3729270487995875,-0.25414350419628096,-0.37540727187275696,-0.029888350709359853,-0.2764113816296907,-0.19485060843748173,-0.27464667869534454,0.4999431420129699,0.00754020916151309,-0.4999431420129701,-0.00754020916151309,0.6481541900408685,0.5459254463527856,-0.8651024863025518,0.4491827481344994,0.6076822510225844,1.0336292428039766,-0.4564479049580237,0.1951288234754133,0.6528068542523295,1.1948591063085023,-0.28540524591463107,0.11978383619982964,0.5378588549893931,1.1939820555362781,-0.2707418283490976,0.06625497611811194,0.5055477796668004,1.1445690846334513,-0.2933132838376196,0.08307237875291391,0.6154507113877357,1.086112281588339,0.49106832793540467,1.1239403236680383,0.42995166869979207,1.1856277823734032,0.41253751497045565,1.2538511455065067,0.4007836870355177,1.3066164184471647,0.5493297382348908,1.2497800542570001,0.5141880057380391,1.3329672525065606,0.4695373003207051,1.355615197678395,0.43548021550938903,1.3596669145600735,0.629816141125907,1.2519804864147062,0.5767053621184971,1.3394163157917462,0.517303911236757,1.3441763421193267,0.47987090225336576,1.3327771689127281,0.6823803573610843,1.2423340859048928,0.6366867161174816,1.3198670756001825,0.5768375405341438,1.3243920593776008,0.5409647940816177,1.312210931397358,0.7156067321237758,1.2276152981655934,0.6796412859526634,1.2887955546359584,0.6284639739738067,1.2987851152334229,0.5956112659448688,1.2922124048698265,-0.3607663899902454,0.13951899630595585,-0.3631743274949258,0.06976399912405551,-0.3099309355963465,0.026817047777598236,-0.2377566386275294,0.019304834951840297,-0.19281540424440327,0.02426428751249437,-0.17416306780169089,0.013841191725885306,-0.09256371043588223,0.015266954299331273,-0.08928920244736283,0.025297107885135048,-0.10881771736793126,0.03222287400052174,-0.13447969499239526,0.05143012022954423,-0.059385592769376126,0.04465430180332067,-0.06407674436936237,0.05011665756985431,-0.08749684223175079,0.05661037493285317,-0.11782468848729884,0.09050398476906972,-0.06247743296237499,0.08156157765323356,-0.07863300353453553,0.08482250215744234,-0.11124715714178321,0.08864527085848206,-0.1183669655799527,0.12712314758857987,-0.08420640577510495,0.11552446745220744,-0.10181516502100962,0.11410621579362072,-0.13053984559579693,0.11427548040982531
-0.09877018222378828,-0.35490573344365334,-0.018940617518687072,-0.40792506447592203,0.028329554663394273,-0.4047425954931022,0.07446601015878594,-0.4005086494119336,-0.15074610422425666,-0.4119157854237974,-0.1914312392786981,-0.41285550814652006,-0.2186030868518426,-0.41266518491109005,0.13552327541465775,-0.36783023433757034,-0.23853064640243618,-0.384952250416367,-0.018499865464401424,-0.27733015122771276,-0.18331846163641252,-0.28203545856633766,0.4992696611060696,0.02701491253049843,-0.4992696611060696,-0.02701491253049861,0.6265644134061256,0.5704321872301527,-0.8817623847988639,0.41518122229794896,0.5667752867608686,1.0554647951113585,-0.46406170590608237,0.17753797133305838,0.6057476354643003,1.2183097558070783,-0.2897709444432932,0.1085293050649739,0.4910532870444642,1.2129062532632982,-0.27536328899249635,0.054918854087973534,0.46067171864404327,1.1622621298117874,-0.29745643479321515,0.07104638559852013,0.5740135537074542,1.1073857255677806,0.4475362834079998,1.1391576543750201,0.3844120120024053,1.199379403687758,0.36526163434884906,1.2675376717358389,0.35031564620300376,1.3201129414965813,0.5014415462682346,1.2700773655456974,0.4621973116157865,1.3512517435712388,0.41654921613856877,1.371843831076412,0.3823236899442265,1.3742583006629934,0.5819792674673381,1.2755557187001763,0.5238546199799788,1.359727301106797,0.46388021616649855,1.3625582715860454,0.42628525756562025,1.3505386334872707,0.6348765859517099,1.2679269180569612,0.5842441964461591,1.3427085443544227,0.5238608927573128,1.345448108344873,0.48812793728193404,1.3326708877420907,0.6687770416513558,1.2543442857138092,0.629484619272417,1.3140528884458653,0.5781537340376978,1.3224926867078026,0.5455103895888179,1.3151665399808876,-0.3646497564676402,0.1250146141138587,-0.36417114120107114,0.05497434807860559,-0.31056649520752777,0.013941017372004207,-0.23951441761706127,0.009220747762294493,-0.19550381398771138,0.01619564236736937,-0.17437580946946668,0.006370454598000946,-0.0926691891171724,0.010867187626837083,-0.09043250093030505,0.021023819297857724,-0.11067856725637956,0.027429647216108737,-0.13522466523335439,0.04552083229289856,-0.05995317437800698,0.04189122481785836,-0.06732176237692497,0.04741244754341245,-0.09262964760371394,0.05331905548728817,-0.1193319369164293,0.08549427182032292,-0.06301766821155406,0.07865965665277358,-0.08001906481294248,0.081148759758924,-0.1128937963752908,0.0837481327578832,-0.1213225914827545,0.12249948564411811,-0.08625544624046397,0.11236265322366873,-0.10391837444213733,0.11032669706445745,-0.13288067545245635,0.10951811790009923
-0.13233736754546896,-0.34383687929600404,-0.05802872050782271,-0.404308689907142,-0.0106595119837123,-0.40570027110111884,0.03567803332306844,-0.40594170478605557,-0.1895494710789302,-0.3955530553197429,-0.23010403006762156,-0.3925551513996054,-0.25711797364768785,-0.38973094287735527,0.09963914205194283,-0.37930859384786064,-0.27426645804444233,-0.36020293186472524,-0.04494618974971881,-0.27437427641702256,-0.2094097138712641,-0.2631402635158831,0.4995430174175202,-0.021372265892956568,-0.49954301741752,0.021372265892956568,0.6792126734307935,0.5068542487167793,-0.837823520699073,0.49847211487787324,0.665865046668429,0.9950763063178818,-0.44689728438653614,0.221975005097979,0.7206724412167225,1.153384532450304,-0.2785067399220192,0.1361806145088328,0.6061035746276405,1.1590874269517244,-0.2706947574867435,0.08135589111169171,0.5709597166310099,1.1115849102091675,-0.2901805797160266,0.09958764374419928,0.6766911607178318,1.0462686346663936,0.5549903246559436,1.090046142738891,0.49912062612360897,1.1557039519996273,0.4868151668552537,1.2258983021898333,0.47521685447675477,1.2798921821310725,0.62326696728942,1.2153332764884588,0.5913044117495226,1.3002013436724118,0.5469045691605112,1.3246539921899372,0.5126641281249154,1.3303771497213126,0.7035054989598788,1.2121966838887763,0.6540887949933354,1.3021035916226011,0.5940258579986285,1.3098229373182422,0.5561953659988453,1.30081865388451,0.7550874882916196,1.198313188106674,0.7138158711692882,1.2781344335180262,0.6536263228216757,1.2859715596283696,0.6172244650189839,1.2756937943426057,0.7872373748111499,1.1804564277138878,0.7563111909288965,1.244087531579211,0.7057585142546682,1.256884154141776,0.6723271049396395,1.2518667195482234,-0.349274362513682,0.15723434319939564,-0.35399561684893,0.08839500831296236,-0.30663444797808015,0.043109352968408274,-0.23812362752845065,0.03181560413070742,-0.1943851237797581,0.034987366333195845,-0.171967607522205,0.022674064480985242,-0.09040802508976381,0.019678799682214462,-0.08880798490577595,0.030615937227656154,-0.11029066221914276,0.03910947404931527,-0.129481192462902,0.05750765657328596,-0.05262452380709669,0.04680838785937467,-0.06121244031671762,0.05413946994430797,-0.08886156600550785,0.06300712556636273,-0.10942470770086091,0.09558474362789887,-0.05276111317937218,0.0834950938628051,-0.07050391094445668,0.0885957671806141,-0.10440443969160862,0.09484132472861843,-0.10776291400479783,0.13289444665767333,-0.0746805178004072,0.12029012978705447,-0.09384395162790386,0.12052822313823004,-0.12404262384465953,0.12270118965687356
-0.05276748682159797,-0.3643166892829537,0.03299191867883,-0.4068643181223016,0.07949201492148943,-0.39776229877099134,0.12472567495749427,-0.38777491769791234,-0.0971345750901965,-0.42732809704794095,-0.13732000163390412,-0.43333911049145946,-0.16426326201389163,-0.43652139257399997,0.18124982647947202,-0.3476798945973777,-0.1874981981526366,-0.41146200155743357,0.017106809794027303,-0.2772732678559699,-0.14568279718023577,-0.30257909153507956,0.49195903335079966,0.08931018701439837,-0.49195903335079966,-0.08931018701439854,0.5510589755799267,0.6438613607379894,-0.9262316769865607,0.3013510708010023,0.4302128660490431,1.1165921768307898,-0.48479995636928286,0.11809569209588305,0.4489652337214294,1.2830857198032644,-0.30135254448986565,0.07137068603029778,0.3363180998051993,1.2634488543521307,-0.2813225779494748,0.0195659586806629,0.3124117313491066,1.2093358476165081,-0.3048088662569498,0.03291303854926593,0.42778585499096644,1.1691032529658352,0.29969200365176185,1.1858558684781073,0.23215155109388838,1.2372763661513344,0.20521813073069856,1.3026103412680805,0.1834293683140566,1.3525830361945963,0.3393195731347273,1.3228127941799026,0.29095450716201443,1.3985988311096782,0.2434665512577089,1.4124945425145932,0.20944964577244976,1.410060854542042,0.4185064323257103,1.336536830587296,0.35274084578935166,1.4133519934103744,0.2935350117368321,1.409078437285704,0.2580068910293392,1.3930532068674502,0.4722210073939643,1.3334494441666789,0.41633274349028737,1.401591504568745,0.35696149276434613,1.3976191001584322,0.32285486964941934,1.380585361832916,0.5076736567670309,1.3223355100876026,0.46549361477959517,1.3769727397730904,0.4141811986741941,1.3789637247972006,0.38213411122354096,1.3666679963960224,-0.36969924755383715,0.07706536297297753,-0.36184269871309604,0.007997417915349334,-0.30507209125349494,-0.024537779677778822,-0.2332952802405368,-0.0202329270683478,-0.19057438389919867,-0.00698667092958255,-0.16579388437590895,-0.013450051309086438,-0.09066716558514065,-0.0009793596975801553,-0.10019762091433508,0.007477110969849583,-0.126041371277363,0.01070590101802227,-0.13469846758711357,0.03138606744346692,-0.059479892104418286,0.035143704901544615,-0.07209003543985266,0.03747183611969037,-0.1017714379813409,0.03916495499467871,-0.12603828103200737,0.07283343826223761,-0.0727986885703263,0.07093166214901654,-0.09243582109348177,0.06952817212324505,-0.1270450445899331,0.06778395873524723,-0.1340498383582885,0.10829004813488856,-0.10104545127263011,0.10048223619714504,-0.11963865660154839,0.09533280894091972,-0.14862749651551554,0.09145916823538744
-0.1763920560955389,-0.32286949554683886,-0.11108247147685038,-0.3926283016949221,-0.064284937244369,-0.4003713060414192,-0.01844223863287593,-0.4068445736678444,-0.2400005910701373,-0.3663336875265684,-0.279844454252848,-0.3578784701889612,-0.3061590723233701,-0.35144259588137877,0.04841160850244897,-0.3890520977942041,-0.31923537468728547,-0.31976067229866145,-0.08056516960591836,-0.26572365911036294,-0.24200670059272655,-0.23244363449202685,0.4921024380441754,-0.08851661127143612,-0.4921024380441754,0.08851661127143612,0.7417202831085276,0.41008107678103023,-0.7613086222962971,0.6059288884702843,0.7936210165725233,0.89489571675443,-0.40492016402070335,0.2764457250217968,0.8688104150758708,1.0442477230358818,-0.249398089359995,0.16834660322023787,0.7572796775311806,1.0650954855866042,-0.24493098942060543,0.11381172659357908,0.7160696084150192,1.0227852957775103,-0.26509732978001976,0.13476853792567423,0.8120764267804615,0.9462046062085784,0.6990311408365928,1.0069730738514762,0.6530341440981294,1.0784866455783308,0.650667827291217,1.14756765826266,0.6458377285061906,1.201579109497391,0.7798104398642007,1.1192177568742605,0.7618890677082435,1.205868242201356,0.7232762735848945,1.236018318890824,0.6911079318668165,1.2466536119267868,0.8579068785721703,1.105255497292647,0.8266395548408354,1.1991936720848462,0.7697452442287022,1.2156875360877275,0.7301622537541159,1.2117218752808172,0.9065857959032328,1.0849401958790548,0.8804483678539403,1.1679542534176155,0.8227271426245476,1.18342184016813,0.7846308283219384,1.177893124067476,0.9345424135802828,1.0639105445132164,0.9137584310129897,1.129885351532861,0.866481084328007,1.1485958075562055,0.8329238836502422,1.1475668364403295,-0.31697330230303544,0.20348785723143661,-0.3377270328435314,0.13867394107563222,-0.29683262194812304,0.08801066424495137,-0.2289281626289303,0.06325620412207643,-0.18729003727331667,0.05558748954205239,-0.16349825219550707,0.04789795139660708,-0.09297962762713316,0.0286199120095597,-0.09814237288591969,0.03833191255785817,-0.11834950955139494,0.05001749876786292,-0.11718850902658279,0.07742284982950064,-0.04892701240916447,0.05242067519746106,-0.05755101785041225,0.05789028148186341,-0.08012851948716897,0.06868479067018367,-0.09400910011610118,0.11258079007734656,-0.04092770085472704,0.089625493935416,-0.057166767808747965,0.09350776215650439,-0.08683096319013074,0.10232970647093474,-0.08822919539390947,0.14827885382470563,-0.05650949075061604,0.12830904580436822,-0.07367775033206009,0.12852326627622615,-0.10036265025582936,0.13405230011734393
-0.12974769698636407,-0.3435789441733667,-0.05567239430997735,-0.4036469319244611,-0.00821326902014327,-0.4049084639821711,0.03802235043735019,-0.4050672696966778,-0.18673032290035899,-0.3952641205573049,-0.22739775277524296,-0.3923285947066557,-0.25428651171016586,-0.389550444055907,0.1017231372982208,-0.3783624737315245,-0.2716291282822373,-0.3598841463760395,-0.04275563316831043,-0.2739116623079841,-0.20711806212477493,-0.2629678262812294,0.4995740258890927,-0.020634743927758586,-0.4995740258890927,0.020634743927758586,0.6791931300797903,0.5065673956051169,-0.8336684558925763,0.4960075059710645,0.6643078136771724,0.9932409511565187,-0.43067399740617185,0.21699348846873476,0.7183848422521107,1.1509085914324835,-0.2622018147475079,0.131403949983243,0.60526627148385,1.1565183202428404,-0.24900505053220487,0.07832506258574766,0.5702553357187403,1.109032195131726,-0.2729752173757552,0.09597570151517072,0.6795158261219058,1.0450772778125006,0.5557621053157296,1.0890884180223241,0.5021241459214487,1.1546265714672146,0.48974708976915177,1.22345377874847,0.47753007077775667,1.2767700702853069,0.623065667707446,1.2118011967552083,0.5919659452948905,1.2963899558852852,0.5477614453288111,1.3213141088065392,0.5132765020912614,1.3267359872787714,0.7031086005237169,1.2083500809902104,0.6562681635590544,1.2985155874434007,0.5968263417361096,1.3066114119130707,0.5587269740789241,1.2970895551660668,0.7546753935301969,1.1944802551506408,0.7143513545356466,1.2741718016386057,0.6546953340094721,1.2812528300458812,0.6187695876576208,1.2702429525874424,0.7859519733879106,1.176978568058712,0.7535056722697385,1.240178458270687,0.7034117777843243,1.2517573798753334,0.6706107145692315,1.245468413233482,-0.3381080454651293,0.16182254770082874,-0.3552102444559957,0.09447974163869549,-0.30763599187860724,0.04810202770262208,-0.2346829143149946,0.03253631061092229,-0.19020979318251865,0.03218582112128451,-0.16673956263065118,0.026311849731764918,-0.09757939985374936,0.014934421063134022,-0.10784254783321819,0.02436305502206691,-0.13129639589019826,0.03395665651699119,-0.12405647133021071,0.06180134243254413,-0.05523137689731987,0.04481532704054731,-0.06614245132004806,0.049387254602680515,-0.09088298569452329,0.057569186202715644,-0.10545330591715334,0.09948669279194197,-0.052647131325638835,0.08280325369393872,-0.06967704155831082,0.08474373495851963,-0.10040976539970095,0.09013336489882141,-0.10398043445232186,0.13513259892034238,-0.07316578670235745,0.11861986940582303,-0.0915609342519433,0.1169713033783782,-0.11945268273719606,0.11954568772829023
-0.10047441927978043,-0.35261065164943123,-0.02182589733839312,-0.40630801753933465,0.02565287986330897,-0.40367716672804543,0.0716738651509591,-0.4000506931634648,-0.1529239713866391,-0.40873850517576416,-0.19373555494107028,-0.4091532944358442,-0.22070934819724128,-0.4085987020231829,0.13296403407522098,-0.36825226612911693,-0.24046082742591127,-0.3804543271652447,-0.01962936283325375,-0.2761233388291287,-0.18419747682433962,-0.2786454727541871,0.49959010480737426,0.020241718764887475,-0.49959010480737426,-0.020241718764887652,0.6356863354685369,0.5597060996354196,-0.868790469009247,0.4266312838578327,0.5810313297253218,1.0429024649666945,-0.44652985648612575,0.18122534193489806,0.6219973608137583,1.2040647451552038,-0.27132541481795236,0.10989551656118411,0.5090382075406099,1.2006230096962565,-0.25381880269197626,0.05813251621116418,0.4780587414227526,1.1505039746541545,-0.278774851837589,0.0737576650328199,0.5905112757602785,1.0954469569226983,0.46424597652129074,1.1295610417674653,0.40509332133634873,1.1898781539663839,0.38676548002602795,1.2573865665803188,0.3713253411168051,1.3092761054521265,0.5193863014315776,1.2585861907933567,0.4833389963662756,1.3387162697917592,0.439299467705882,1.3600052951437291,0.40582698741232537,1.3633140532576515,0.5984577794382717,1.2612698690048614,0.5489570848362405,1.3457399815860431,0.49092863164206,1.3507793281452465,0.4529192855797528,1.3399726526268523,0.6514785819062248,1.2514992543344041,0.6105373768395574,1.3269797787930075,0.5522214648711511,1.3318661244304624,0.5155679976756457,1.3204029723837216,0.6845995407332502,1.2366844703095292,0.6515935181943361,1.2967757638355992,0.6018530298346058,1.3062653061112797,0.5684815576067889,1.2995128946241876,-0.3487327298707386,0.13286707524423444,-0.3591886606972316,0.06365720833243614,-0.3080790148010903,0.021802674424180615,-0.23457648964975703,0.014053186551962407,-0.18979124709052939,0.019627262476547683,-0.1625981544678862,0.014037098169204513,-0.09068900117604407,0.009168653252810306,-0.10231294711423176,0.017257283935728663,-0.12707794175228046,0.02552525635735191,-0.1253585668297314,0.0541694729981528,-0.056222133618661636,0.041885781240367806,-0.07229480794969857,0.04447771671734065,-0.10086204382459293,0.05105665878062738,-0.11214130421949726,0.09349217055103813,-0.05989284220625653,0.08034801734750621,-0.0803262805467989,0.07983993173553443,-0.11274802038852572,0.08335576599276373,-0.1159157544115723,0.12873590889675535,-0.08246552046091296,0.11391256719177185,-0.1019799850637887,0.11032590767877151,-0.12999007093006887,0.11110917713861693
-0.031658375697995976,-0.36456765205032565,0.05560418326427293,-0.40256902832939706,0.10175263307445376,-0.39107823549820186,0.146221895434188,-0.37892451667844,-0.07260174587441151,-0.4296272035746041,-0.11266183115031507,-0.4377490067302094,-0.13922710768902932,-0.4423061104303003,0.20028809919092566,-0.3363072078397775,-0.16394991482410565,-0.4184743600676591,0.03321631182099324,-0.27445197406613164,-0.1278290337552759,-0.30770755055331056,0.4870186823262953,0.11319365293672203,-0.4870186823262953,-0.11319365293672203,0.5202746618545863,0.6682470660433175,-0.93040323891511,0.2585446781408254,0.3764743115596288,1.1321548117036557,-0.4714019610610416,0.09497083420953244,0.386712693906307,1.2978606883844734,-0.2861744232709798,0.057711476065299555,0.2764405946338651,1.273589266100149,-0.25992145760660584,0.009868593484263997,0.25538142865041263,1.218656297972914,-0.2868608170557803,0.020710136298127506,0.37644625075831056,1.1855141001223983,0.24683541716362303,1.1953318620044064,0.17692493021212094,1.242341899134421,0.14634485476227596,1.305743105905865,0.1208859283668055,1.3553336394115632,0.27764944817896137,1.3319614031531246,0.2263725441190733,1.403368453165247,0.1773983541300708,1.4165147632027573,0.14282267183906006,1.4139883733313086,0.35542299065568683,1.34965811252146,0.28854793388385086,1.4229680919613648,0.22942312418031147,1.416314350444817,0.1939289470419893,1.3985758994544848,0.40908907796827615,1.3499616499787246,0.35160348957487414,1.4155275825877214,0.29273143264033574,1.4084464954297105,0.259378479676752,1.3904451751479003,0.4442195785606456,1.3413143276913468,0.3977700889494899,1.393473057454854,0.3460972360425454,1.3929563390412472,0.3147476513502779,1.3801974657715002,-0.36375987362411744,0.07027289910443098,-0.361081851890839,-0.0008516447883751996,-0.2997720115641911,-0.03237998795325922,-0.22575773807215693,-0.02833696243733215,-0.18163319324741575,-0.014742254071193714,-0.15945470304946835,-0.014519645899926084,-0.08711180862016032,-0.00807049870188344,-0.10343374394805405,-0.004818774481023297,-0.13224317989015524,-0.0018222589515226426,-0.12996933570454575,0.032481705131388434,-0.05665196222780064,0.03260824664695492,-0.0790455378289326,0.029769840266697774,-0.11188793151429523,0.030189110766575294,-0.12325655048665024,0.0741878551745691,-0.06478031879393699,0.069941849768667,-0.08687592167550862,0.06386121898971199,-0.11998411393833038,0.061588500019497054,-0.13263973101355608,0.10814001862478347,-0.08985304394079231,0.09848935362763635,-0.10706671276738726,0.09027047677190635,-0.13401354752332353,0.08682815420038202
-0.0856653599269845,-0.35397756421042725,-0.0065933409096097986,-0.40540669794639295,0.040695048045511696,-0.4013395137662829,0.08628753089603765,-0.3964115367272009,-0.137032680037117,-0.41203573854255265,-0.17819459293770112,-0.41376772415972735,-0.20502836146369577,-0.4141387568919305,0.145892408057019,-0.3631346346833597,-0.22600172980009633,-0.3871767135652662,-0.008530822938803143,-0.2755439957976441,-0.17229230414537602,-0.2827964198048823,0.49883559629358737,0.03410348765773415,-0.4988355962935872,-0.03410348765773433,0.6207520056850395,0.5763170337514929,-0.8743823689544764,0.40776582402599765,0.552656054595247,1.0563480918328179,-0.4461078302526758,0.17044562575923874,0.5891972474095138,1.2180305503857625,-0.26543185942313025,0.1040492445392594,0.4768750465603066,1.2116698685539062,-0.25230863895376987,0.05139854400019888,0.44734147670152064,1.1608623885367817,-0.2776393424911553,0.06638940951842363,0.55852632120508,1.1103746027356098,0.434275581963889,1.1412046164098284,0.37419707328413504,1.1993519189737423,0.35352339911482555,1.2659101236263606,0.33538713425309546,1.3175796752375704,0.48725699144684664,1.2698516498282402,0.44867262142375386,1.3483888890642204,0.403400081103675,1.3683788011186298,0.36953626123760824,1.3713039078160327,0.5659141555724793,1.2744870948301472,0.5117473486321615,1.3559999513275638,0.45300373069195105,1.3588402582900445,0.41508214077707095,1.3471923126662442,0.6185356977074251,1.266154809544277,0.5729337522351896,1.3385361294388098,0.5141180970185464,1.3415259922490925,0.4773730887622806,1.3297976319212346,0.6511153905850826,1.2523956904387934,0.6141272696954185,1.3103446312523082,0.563626572113403,1.3180777879482868,0.5305553018514056,1.3107147113852167,-0.33932709143682255,0.13576963205536532,-0.3492941691628778,0.06536710270915934,-0.2902534331504078,0.021507347629531263,-0.21498542508392574,0.010105316460323283,-0.16470285188834033,0.01645059955386455,-0.16199881951885362,0.020963476241525725,-0.07766295080619186,0.011304950897377486,-0.07913338208016572,0.01465626301600215,-0.10106079294090575,0.020918947994245277,-0.12394544075107568,0.06164557228725627,-0.04241866685531413,0.04501739909157808,-0.04661533067307814,0.04414320986298586,-0.06717396809368151,0.04821571156442817,-0.10617125335154003,0.10051995051975748,-0.03632559228238437,0.08566762711214555,-0.04170444887157374,0.07985364599538586,-0.06541546333362351,0.07876996846763043,-0.10466962194877497,0.13503921806390493,-0.05361566550921058,0.11845608859957751,-0.05753616223092691,0.1100797471091061,-0.07660852209706667,0.10722000224624395
-0.034319479897910704,-0.3607828999761534,0.050575969627937825,-0.400864192652383,0.09669802188522113,-0.3903885803824803,0.1410519746368595,-0.37929777471743226,-0.07721581855590104,-0.4251765128741583,-0.11770468313293538,-0.4325032979115322,-0.14407633400362588,-0.4365177661817362,0.1954426300019118,-0.33839299396462386,-0.16853984486046383,-0.41307274055412874,0.030919597682378834,-0.27286798837073284,-0.1297220133072734,-0.3023400216048008,0.4894610876788121,0.10211681373933615,-0.4894610876788119,-0.10211681373933633,0.537338666102704,0.6545877469017134,-0.9177400302119758,0.2847833533792818,0.40388489645899234,1.1194580441198352,-0.4525436280664958,0.11020495206050514,0.4181762999163885,1.2842082551406584,-0.2565223731126022,0.0752620161331837,0.30798919993409074,1.2626196384215236,-0.236779647725968,0.023689748791112727,0.28574964136081493,1.2084316025936501,-0.2688800110296811,0.0320837263826724,0.4015763142944015,1.172553844688407,0.2742046957664902,1.1865583741405814,0.20650365609973367,1.2354213261828908,0.17764434885668182,1.2983569845014946,0.1540418762697238,1.347630494137382,0.3087876195489758,1.3213407537379234,0.2607476221180398,1.3940234971970051,0.2127342629714269,1.4076292690909609,0.1784156716461169,1.4049333935875756,0.387221950808244,1.3360234541505593,0.3226320396206539,1.410785081885926,0.26363631346180905,1.4053301007368815,0.22795511035433738,1.3875881596937498,0.44128117802660316,1.334355506611035,0.3854275634423015,1.401499718110093,0.3266521264255011,1.3952869707468463,0.29322984820599035,1.3769200044100904,0.47633373711301785,1.3245044987435166,0.43070571750894393,1.3784563731126858,0.37952036777474824,1.3786039886407897,0.34857400094872787,1.365976762865691,-0.3465323538481643,0.09860716079451509,-0.3419126254060556,0.029723748026759405,-0.2754303244166332,-0.0038331694973490356,-0.20259126296239888,-0.0027183587361414422,-0.1556232590712444,0.0109293804549568,-0.1643066660561858,0.015163363876054957,-0.07459197867188609,0.012874785943211247,-0.04289961242071489,0.016389747013633223,-0.03099567107478961,0.02079165313764102,-0.13155087538100607,0.057679042137680075,-0.04345743459891341,0.05407940447146371,-0.017652201720922432,0.053502826358533595,-0.0066820401183899005,0.05431902411964603,-0.11806730573894486,0.09801819323649652,-0.04158006554366541,0.0975977147857716,-0.020707290821016956,0.09281742336511896,-0.017325748211017296,0.0894641030249716,-0.12026287205645184,0.13187159087164305,-0.06545743719676574,0.12712628352538352,-0.05190898731187225,0.11905326942795118,-0.0526841301611554,0.11357405166022812
-0.03106984890606939,-0.36087098947507457,0.05372464085142313,-0.4005368759558488,0.09984109094222446,-0.38979400107333373,0.14420179962922625,-0.37843212480584043,-0.07390565963865275,-0.4256544680253557,-0.11443596037053179,-0.43324453646423067,-0.14073249564579565,-0.4374219332705998,0.19832825101917653,-0.33727888890902946,-0.16541468554189384,-0.4142725222335825,0.0334356971564281,-0.27260134455632473,-0.12691562017728258,-0.30296171052336474,0.4889568105571769,0.10450472434178801,-0.4889568105571769,-0.10450472434178783,0.5366417264871762,0.6580305670841746,-0.9194938922729416,0.28098691728739134,0.3999891419285763,1.1237253111606305,-0.45541946835979913,0.11814425771721469,0.4133461323346957,1.2887330556206285,-0.25884473483002335,0.0817616979542806,0.30308605138895733,1.2667873197237427,-0.23890842801819656,0.02862648886578997,0.2813228399556665,1.2124881328510824,-0.2707063160983712,0.037354222176041875,0.39519124870319644,1.1766746371985182,0.2672015420371633,1.191036606520372,0.19880685550869964,1.240163501852867,0.17059550560543366,1.3025651431351646,0.14622176930259786,1.3511649898181977,0.3020364526456624,1.3264414961979636,0.2537852131273916,1.3972642339430397,0.20536196164023032,1.4106375278958365,0.16970151286245808,1.4083789669545577,0.3798423814808198,1.3414909001746567,0.31551254156879155,1.4142041023463734,0.2560416076880916,1.4087615754073346,0.2190581156861545,1.3909008622831989,0.43351354635962697,1.3398384280268898,0.37816513351036446,1.4057595729720598,0.3190021782493606,1.400365517034428,0.2838455390008461,1.3826934538744096,0.46862817017737163,1.3299955333786586,0.42404489011833446,1.3833462843618045,0.37237522190468025,1.384024335553338,0.3399517519271058,1.37170145131669,-0.3373366412878036,0.11801824831944967,-0.3204362837760404,0.04756430079817159,-0.24308116166151622,0.0198358203208742,-0.16258545800144797,0.026673036775210237,-0.11149799458106369,0.04033932452619022,-0.1491740070381283,0.042453357043346386,-0.06014685496088891,0.04106954684355841,-0.015148252572106941,0.04381991174220484,0.016615712399352327,0.0488875998543257,-0.1201675613028022,0.08615388903312061,-0.031085952565595366,0.08082746264700202,0.012689812710333603,0.0791889658417941,0.049652255350468535,0.08145039288530821,-0.10810738564247811,0.1255412962525959,-0.02011982415188119,0.11914940453888453,0.016946628616594236,0.1143146451548793,0.04280275182036085,0.11458939276514496,-0.10903776799267577,0.15690925972991013,-0.03852398138889614,0.1438435128317483,-0.010923093934142156,0.13442858666855845,0.006078043458153257,0.13075611941157134
-0.17158116928767245,-0.3191320594505161,-0.10968218153542598,-0.3888455671961537,-0.06315389162994918,-0.3972001769024116,-0.017920391610054088,-0.4043212553283984,-0.2367112025647521,-0.3613785746022021,-0.2769666524270611,-0.352250464483653,-0.30258710741903533,-0.3456697603774724,0.04799256570109795,-0.3882417377662463,-0.3160244801891414,-0.3147340315898106,-0.07717137088535729,-0.26362131721608223,-0.23646920828158008,-0.22803214537141728,0.49032144474477884,-0.09790240458432434,-0.49032144474477884,0.09790240458432417,0.7545991683489083,0.3904275994680983,-0.7294373071562018,0.619153541014283,0.8139525977364654,0.8719978906128343,-0.35607187474347923,0.29888914853965637,0.8917684188691334,1.0180296218194078,-0.17377011556876115,0.19161992091735325,0.7817543367469758,1.0417681132593257,-0.1786259802876221,0.13329498208285007,0.7402511966109937,1.0006018077620817,-0.2077147511110227,0.1536296010839881,0.8295481670827644,0.9238066498318726,0.7172142681425508,0.9875157953043628,0.6744955581859337,1.0591963963584734,0.6738911407091175,1.1275706836611774,0.6710767487337318,1.1814808605213538,0.802335122798603,1.0955380628092808,0.7864022777976388,1.181210433806323,0.7489517343179173,1.2128428927227122,0.7175218453034083,1.2244569764637412,0.8803099381667834,1.079093626038789,0.8500117538533366,1.1727065589276553,0.7953052055715601,1.1909939721050944,0.7569655006371533,1.1889819303227207,0.9292330666717923,1.057406132037085,0.9041283181458816,1.1410304019812807,0.8496348089160682,1.1590548276031685,0.8127899203259336,1.1561089370379816,0.9578367217917277,1.0356343322111183,0.9378307932092311,1.102754609051689,0.8920333667257303,1.1237485387844224,0.8592053874839727,1.1250515362123747,-0.26250666674676487,0.2666075175741276,-0.26391523532468036,0.1966085694019395,-0.19942577455667115,0.1418100443444781,-0.11942265058717987,0.12100373667784167,-0.0633004101856489,0.1201120802541572,-0.09828588862554889,0.12284730360031075,-0.006553108395508633,0.09447938569039012,0.05025323060689714,0.07863614621991409,0.09560213259257866,0.06748100739378067,-0.06352184107828591,0.1550507026543116,0.023598439876713895,0.12297248118722508,0.0738398660242471,0.10444444643177826,0.11696110074068326,0.08903663689639542,-0.04449452458743899,0.19064735053841114,0.034915920994977936,0.15548750899858313,0.07934221847214862,0.1331836453462468,0.1111791154790737,0.11779910530405575,-0.04006044768982791,0.22609516802816904,0.02471256744258129,0.1916689270380508,0.05881033593885125,0.17149597053620866,0.08201464548971554,0.15677576356171025
-0.13511753837454196,-0.3371165601810739,-0.06593042297346484,-0.39922691825499357,-0.01875128652926704,-0.4022006297796041,0.027050929341269958,-0.40411562317823974,-0.19522310231693674,-0.3863784965698148,-0.23628340755619984,-0.3818901155008786,-0.26242235628019744,-0.37830140641687493,0.09075561182466593,-0.3807189710193912,-0.2790784264556608,-0.34915301564316237,-0.04746490808306287,-0.27107524749543127,-0.2099268268242473,-0.25407485147600134,0.49828775638102435,-0.04134382469928207,-0.49828775638102435,0.04134382469928207,0.7049559947244116,0.4737592138774581,-0.7815114880636931,0.5242607417859184,0.7093300734136105,0.9592666557967674,-0.3511383843081601,0.28933001168353956,0.7705159781997591,1.1130287217434325,-0.14602187844630773,0.21241619319761107,0.6580930557785145,1.1243661340532618,-0.15280124131932418,0.1544660292621943,0.6214081329984183,1.0784063541167053,-0.18752440056081465,0.17517476071334162,0.7187729486724524,1.0101476675498657,0.5993453651121438,1.060328492043473,0.5491970654884086,1.1283982952606137,0.5381744404716691,1.1961916959751193,0.5276659784094411,1.2498309176541154,0.6703953822352952,1.1816630149813927,0.6434894715471007,1.263467036581837,0.602124577454464,1.2910275288709052,0.5690178269835925,1.3002969120439372,0.7489269080219813,1.1742797618554706,0.7079882343938178,1.2619425405685507,0.6505375028277638,1.2752559326192159,0.6114558361221697,1.2699346722109701,0.799876808307241,1.1578607858125647,0.7668004103052444,1.2366559073729289,0.709657757880773,1.2497748025765882,0.6717367946323787,1.2443690584790217,0.8299768874056425,1.138739883021042,0.80475372058317,1.2031288525562311,0.7570343870813796,1.2198648547959665,0.7228830896188068,1.2185697274486038,,,,,,,,,,,,,,,,,,,,,,,,,,,,,,,,,,,,,,,,,,
-0.049734097837671964,-0.3607110652934342,0.03203129780186384,-0.40368563665408647,0.07835136967140291,-0.39508616485920844,0.12325553089189231,-0.38576369912809183,-0.09582866559883912,-0.4228090848394268,-0.13678525280704965,-0.4285260778850949,-0.1629535207364019,-0.4315067304826011,0.1792895974486687,-0.3475555978567518,-0.1857888953671627,-0.406981812794654,0.019192932937445704,-0.27490964847134225,-0.14147775156048475,-0.2986016858020166,0.49329095893314995,0.08163350926435421,-0.49329095893314995,-0.08163350926435403,0.5668045543526041,0.6311382740236522,-0.8741274496207972,0.302997707763116,0.4521881601512828,1.1031739286875768,-0.38905917676309465,0.26783828598602977,0.47411621096997275,1.2666801293849015,-0.18715104467690621,0.27168763057272693,0.36204876812143927,1.2501219865160378,-0.17674898858019472,0.2113164387138991,0.3377184736864257,1.1966595224766745,-0.21995447984115468,0.21260413388568117,0.4441776402790253,1.1557292577952432,0.3188572300089277,1.1755624994590543,0.25336941323728995,1.2281820928824068,0.22603188486515588,1.2918334720265447,0.2016100105157809,1.3410586625637095,0.35927352932887463,1.3070754364957813,0.31149251521396193,1.3804024822782002,0.26541335184138726,1.398192144720265,0.2316364530132108,1.4006391447502893,0.43597368768445993,1.319285776240676,0.3733821988546457,1.3957825795258605,0.3154551640537121,1.3954690529631089,0.27997183896177563,1.3820473930747394,0.4885108452184105,1.3163614999274706,0.4358917509067751,1.3866980371547006,0.3782988531843001,1.3853539278173634,0.34434043148997373,1.3707157381754034,0.522393224839109,1.3061811760246036,0.482658020822042,1.364151007495964,0.4321964379645223,1.368847557461343,0.40010074335130624,1.3592490813133202,,,,,,,,,,,,,,,,,,,,,,,,,,,,,,,,,,,,,,,,,,
-0.17716670007251195,-0.31942810769894786,-0.11643032218707423,-0.3884962034443632,-0.07033266569154113,-0.39710075145911927,-0.02518076087615863,-0.4045591071803267,-0.24180478103631917,-0.3604822640741811,-0.2819943852395296,-0.35113678201513876,-0.30722538332332167,-0.34467228095296987,0.040705561701083554,-0.3891165505235124,-0.3191594502725795,-0.3134741251553038,-0.08207136132779881,-0.26408199088087375,-0.2396585555451498,-0.22901604457133118,0.48975787235068907,-0.10068379447818819,-0.48975787235068924,0.10068379447818837,0.7539525513224412,0.38200408542992953,-0.7069261443969381,0.5780476767298025,0.8181300950025445,0.8634998371511422,-0.2200186683831996,0.46250947633081396,0.8968853910734418,1.0075040269362292,-0.02977589246312464,0.43753485974500034,0.7856779469236808,1.032223510838304,-0.02950324199832249,0.37398152129546564,0.7438349828027518,0.9904546925009228,-0.08527497046627991,0.3757949977178208,0.8270457049280618,0.9157165101948549,0.7158792361028362,0.9791727139548853,0.6763765103991555,1.0514337313191962,0.6732134930448771,1.1211672408528466,0.6676872698736097,1.176544168941438,0.8020052920584394,1.089753450228939,0.7853551071387649,1.1756595872619038,0.7464361332757734,1.2079979828188223,0.7137895801573934,1.220033373534473,0.8796143697261214,1.0724975748994754,0.8483427720003717,1.1662337063960755,0.7921897112637968,1.185112776424619,0.753581806437946,1.1835169089791076,0.9286477100379064,1.0494976840696537,0.9036247440036579,1.1332128376425363,0.8479795345648127,1.1517925989173154,0.8108692123739271,1.1490444546010419,0.956854904667893,1.026026694900088,0.9389835969990683,1.094056292372796,0.8925921403015518,1.1157285780394823,0.8590232223497036,1.1171596460767093,,,,,,,,,,,,,,,,,,,,,,,,,,,,,,,,,,,,,,,,,,
-0.0529631917711881,-0.3614244372998059,0.02793165699209931,-0.40394755611728717,0.07365288784447432,-0.39572551598141287,0.11824757393404563,-0.386744345955494,-0.09826641542164272,-0.42217289088260906,-0.13881742239484055,-0.4277246697955041,-0.16429116460393312,-0.43068929996864974,0.1741892485031256,-0.34905873966068907,-0.18562296746942467,-0.40543051886851,0.015960586469543507,-0.27641709078492666,-0.14263710130443427,-0.29972500328774115,0.4934548471626369,0.08063692585719422,-0.4934548471626369,-0.08063692585719404,0.5666723276876974,0.6192369867294014,-0.855235693095196,0.28657929517381053,0.4569565102040581,1.0884249132681147,-0.3883716437572462,0.4303559434090302,0.47940356164825826,1.249205902980849,-0.23098756180322433,0.4955619029530574,0.3661976309855837,1.232484080927678,-0.18839885299118403,0.43600936495393067,0.3421995658838288,1.1782053289873822,-0.2334813912802104,0.41565935871327636,0.4478575578919812,1.140830090937472,0.3208185260009958,1.1596142706953554,0.25754664850900605,1.213461055098087,0.22980158169090972,1.2772694073129067,0.2049080564935234,1.3264843547925662,0.35901545194648743,1.294380993250266,0.31315687480690685,1.3676852840766258,0.2662931625345221,1.3835130074855553,0.23193486464931204,1.3827939105892768,0.4370918349736241,1.3056048808258434,0.3769055604767428,1.3808525136390337,0.31827802236689434,1.3796111625735121,0.2811294494568974,1.3649957191305269,0.4909260509025059,1.3013951126027266,0.4390209122931757,1.3692166090201325,0.3807984795969414,1.3680978538044495,0.3448517716799667,1.3535939925519431,0.5254513074361913,1.2898656508402477,0.4848347641838259,1.3453573414552242,0.4348726981746845,1.3497356453327654,0.40207823162029876,1.3399978669155217,,,,,,,,,,,,,,,,,,,,,,,,,,,,,,,,,,,,,,,,,,
-0.16011065883317468,-0.3281655044116197,-0.09585237304012384,-0.3927902552809069,-0.05010548647954016,-0.3987653254431583,-0.005030025864974366,-0.4037388363602354,-0.22088862910830998,-0.37222000100511116,-0.2613511356359451,-0.3652782728553314,-0.2864402764368123,-0.3605141524797858,0.059584569554688084,-0.3848178203306246,-0.29890478605227383,-0.32941943556512115,-0.06884369837710025,-0.2683935617892099,-0.22666360253785978,-0.24283476141014296,0.49466213631617656,-0.07286543004138774,-0.49466213631617656,0.07286543004138755,0.7264610845045916,0.4155983632753093,-0.7200185702601067,0.5252700971619981,0.7652203150451667,0.8921207452754508,-0.2611359741626167,0.6061017698164582,0.8350927312578424,1.0404429881282928,-0.11144051413872051,0.6607647519745704,0.7217609250429861,1.0586019080723532,-0.03338338783011734,0.5971819714760196,0.6822908087739169,1.0132453007945437,-0.09017073638468147,0.5772339519074176,0.7682341212645782,0.9488283269686422,0.6562896760457327,1.0043275739277657,0.6106504134914678,1.0737730802640961,0.6035905744663937,1.1424089667330948,0.599031277949981,1.1960452497759961,0.7331577585035025,1.121933350800295,0.7128539847127399,1.2046089314682424,0.6740613182280697,1.2333695719716244,0.6417706715319337,1.2418084308454922,0.8101891211764484,1.1103732183176145,0.7761998810376451,1.1982463090404945,0.7210788111051081,1.2133516858042381,0.6819833792276766,1.209892939196747,0.859951165227963,1.0912247494230982,0.8331768203374718,1.168390040345852,0.7775995376880547,1.1839277463321285,0.7392491913223699,1.1803649516320356,0.889634500876973,1.0698275008638483,0.8688311117226709,1.1309862278885883,0.822768940369667,1.1497976890957533,0.7890266518072311,1.1505842478901782,,,,,,,,,,,,,,,,,,,,,,,,,,,,,,,,,,,,,,,,,,
-0.11239409494418562,-0.3472056548680318,-0.03983801805783169,-0.4006605787774289,0.005938510861696883,-0.39977838078892625,0.05096389341327456,-0.3980401612073583,-0.16526133904413334,-0.39903380386654297,-0.20605074591160694,-0.3981622543559076,-0.23146100253156532,-0.3971868380442548,0.1119155626952935,-0.3697919082401215,-0.24815881840784915,-0.36760176964201297,-0.03142874114750644,-0.27532029144003367,-0.19013674284894994,-0.2730831283684529,0.4999996409769235,0.0005991852364209875,-0.4999996409769235,-0.0005991852364209875,0.6530060357733434,0.5144167542712254,-0.7709035825460612,0.4105942183495446,0.6257308908087508,0.9867709990264464,-0.38528155349403315,0.6437366640507144,0.6705521514387183,1.144121425494533,-0.2862475368068666,0.7289790273810732,0.5540103736353987,1.1453455798465615,-0.19536870149963062,0.6877220240909194,0.521743958701023,1.0944662367873885,-0.2324216088241373,0.6547554656909332,0.6143270515039092,1.0461150102428296,0.49740210822817904,1.0864159268227975,0.4413129009188701,1.1468589005890468,0.4226805404753853,1.2132668109213172,0.4108514891439158,1.2652236535372043,0.5564728897183152,1.2094733982848707,0.5227994522763602,1.28776946844066,0.4804417785056553,1.3108006232026057,0.44779170386916717,1.3148106902516794,0.6337990898136099,1.2088277473168283,0.5863774282996504,1.291518097511415,0.529543198947969,1.2988759294996848,0.4910440486595252,1.2900250340649344,0.6849845558376504,1.1972802717955533,0.6462464957106556,1.271437846877397,0.5886892089097515,1.2789119965254159,0.5507165087879544,1.2695599871600016,0.7163381345443804,1.181038314942514,0.6860256640937413,1.240062064180394,0.6372371243433637,1.2523068162653115,0.6031093578619242,1.248476966806968,,,,,,,,,,,,,,,,,,,,,,,,,,,,,,,,,,,,,,,,,,
-0.0718058074876758,-0.3572692088324656,0.00518064325886226,-0.40078797203165767,0.05007720893604218,-0.39455697421005514,0.09435426753774552,-0.38760290289437993,-0.1180328858526529,-0.41406475269071863,-0.158917155634771,-0.4179637872945587,-0.1844456673884109,-0.4199478146534888,0.15120751622579737,-0.35252332549136095,-0.20518900347289531,-0.3916916477851321,9.397094113940828e-05,-0.2770908168235056,-0.15754692228309317,-0.29293612563560406,0.4965911589429838,0.058285683144870516,-0.4965911589429838,-0.05828568314487034,0.5888632282139591,0.5832802251888143,-0.7918660106470488,0.3232040336100675,0.5112759477056068,1.0456529431607295,-0.5040160885750158,0.6729385685389961,0.5369887971605837,1.2067872896649547,-0.45746112058873617,0.8088615955158123,0.41841927986154137,1.1943282091055372,-0.35981826434881886,0.7765828072567403,0.3918949819497471,1.1393701127368965,-0.37117657614852034,0.7317449299486968,0.4880690693426302,1.1073030038501508,0.3669469662539553,1.1327363328614428,0.3034856843531754,1.1847437548698727,0.27865533018937394,1.2478504067301985,0.2625779384984104,1.2980589194815535,0.4109096447270356,1.2569815004769251,0.37095453037710885,1.3339993496090603,0.32536014627004556,1.3523645094336842,0.2911317129471585,1.3525849860330534,0.48821129138939967,1.2666758476569395,0.43118899210534717,1.3457862573362271,0.372899494269995,1.3463455646172902,0.33593989458972184,1.3323234073075794,0.5401980356446741,1.2629293265102786,0.4912979330470994,1.3332942124354599,0.4328005239403947,1.333043956147885,0.39763504114458725,1.318078419233131,0.5734723849907546,1.2521947707885308,0.5345595551621154,1.3066819948188566,0.48418498516551783,1.312609650878333,0.45202976416904417,1.304074777572676,,,,,,,,,,,,,,,,,,,,,,,,,,,,,,,,,,,,,,,,,,
-0.14483801255449127,-0.3335929854440641,-0.07943687333652218,-0.39162437973225356,-0.03441980217016034,-0.39487004273018916,0.010165115546831647,-0.3972891762694507,-0.20146282766904136,-0.37909417418682195,-0.24217267207894708,-0.374353919109176,-0.26761834214753827,-0.3709525668819243,0.07306329715878243,-0.37486508778453265,-0.28257316818041694,-0.33871858084883194,-0.05840316330650661,-0.27036258588506534,-0.21507764343321417,-0.2529127645667439,0.497824603334203,-0.04659038865628255,-0.497824603334203,0.046590388656282726,0.6958958522077016,0.44565873805124495,-0.6962941776635604,0.4829327749401315,0.7165083608838348,0.9118627500053962,-0.4041620669125339,0.8292557374993785,0.7744846584641663,1.0632709752412624,-0.3480500847914785,0.9617488831408216,0.6563246198034585,1.0748807756054914,-0.25673797644850116,0.9290464422921462,0.6189565085730492,1.0262146773206369,-0.26712411217105053,0.881455941101417,0.7094710294473111,0.974391810966946,0.5949212794776451,1.024785040397524,0.545603913459181,1.0912464328382334,0.5349795638023304,1.1584996778909615,0.5282175389855578,1.2111229990875232,0.6656030238973822,1.1389519200762195,0.6410931548130255,1.2230810025440177,0.5995387980716204,1.2505762706986663,0.5657495531099668,1.2584222675564651,0.7441004605169816,1.1315162110437398,0.7039773532468749,1.2208213059860342,0.6460026950326039,1.2343635726766344,0.6053914054246228,1.2294194654338149,0.7937387148404403,1.1161476227425666,0.7603150365806102,1.194472697896158,0.7023408035068998,1.2080613980498724,0.6630314606779955,1.203481351894895,0.8224798756081201,1.0977435872879202,0.7950590958941233,1.1592311790355436,0.7469512426362697,1.1764033140539734,0.7119905549567148,1.1760262458548325,,,,,,,,,,,,,,,,,,,,,,,,,,,,,,,,,,,,,,,,,,
-0.12895800342272448,-0.3389760578529825,-0.06153583823128618,-0.3936054200284052,-0.016597033889683872,-0.39481756710081095,0.027920035869896772,-0.39524063023600475,-0.18322491243342426,-0.38668053361573107,-0.22412767855872517,-0.3837778553395984,-0.24970315669281434,-0.3815493805259138,0.0896115239709138,-0.37007293768318783,-0.2665546790760829,-0.3498996458643876,-0.04614295464406531,-0.27220477665506865,-0.20290992477485303,-0.2617612703691366,0.4994035251436976,-0.024415549841201128,-0.4994035251436976,0.024415549841201128,0.6745723331940985,0.47447405353324923,-0.6982151642042524,0.46190272677112526,0.6744825662684542,0.9393243791902135,-0.4702791484716434,0.8461030660012202,0.7249124620726781,1.0915931572634996,-0.43957392333315765,1.0021790956405587,0.6064008358637363,1.0982383517865255,-0.34694260403429406,0.9886069484446937,0.5715201016487269,1.0484832277774168,-0.3398281868099992,0.9387430005309277,0.6583571132574692,1.0039752874866437,0.5458892655723453,1.0501666860446677,0.4958214559087565,1.1130807634007058,0.483499291708568,1.178592805811676,0.47374460877942653,1.2303377241194389,0.6132530745148191,1.1667976483847402,0.5862517624816107,1.246363075053474,0.5437464436108452,1.2724571603262145,0.5085818199907818,1.280023758198632,0.6897077673713304,1.1612716842944144,0.6491897374141159,1.2464973480828099,0.5921739298225096,1.2584919561387842,0.5520517800157356,1.252140457310917,0.7385893182012883,1.1465172678554083,0.706178245968577,1.2228883682428413,0.6495763452042992,1.23385829017905,0.6115709603537653,1.2267327960638246,0.767112117461369,1.12840408310182,0.7420335946475868,1.1892924542341738,0.694406955303672,1.2044203832223332,0.6602593345881823,1.2017604900411427,-0.48703027398107446,0.8608581423259575,-0.3830112720069264,0.8859292807275578,-0.32066702755472287,0.9439840729825532,-0.286241292350778,1.0013777599848648,-0.2626868154648536,1.0485291748371024,-0.4547012603659049,1.0055781759321276,-0.407929782129075,1.0862098134252154,-0.34889927514745206,1.1292811614807594,-0.294574605736858,1.1547872897775897,-0.49377080886069735,1.0149074252976649,-0.4421827851455966,1.0974051179621271,-0.3759823025229134,1.1417352200891064,-0.31301128730714756,1.168739739292899,-0.5180060790242508,1.0188974788241614,-0.4666407938780518,1.096796381080363,-0.40464854605798967,1.1381465304961076,-0.3463009251326453,1.1644506856783952,-0.5267398862813363,1.017927320101888,-0.49040865780342296,1.0830428930827907,-0.446328314022662,1.1194112472672093,-0.4003278938579471,1.1423605300744315
-0.15392239960846268,-0.32805075723104116,-0.09142258642761303,-0.3874458978463214,-0.046969535627331194,-0.3920916250344205,-0.002786091768096841,-0.3959468385152343,-0.21132079195613213,-0.37112220424382775,-0.25194319424252637,-0.3648988141187958,-0.27775837291043,-0.3604814132858849,0.0604131614625033,-0.3756058790429959,-0.2924139411900728,-0.3272837226010367,-0.06704253417193452,-0.26797186500063075,-0.22186715988145234,-0.2449974627493605,0.49583915792182576,-0.06437025300070578,-0.4958391579218256,0.06437025300070578,0.7095958402678307,0.41778170320033753,-0.648146674703213,0.5338659431689934,0.7470810859747374,0.8808775236682272,-0.4199590520040902,0.9213756179985738,0.8100179781683237,1.0278627923304116,-0.3877441142095268,1.0814728361455357,0.6919029548729972,1.0444676015591503,-0.30299826028103033,1.0671438348832467,0.6532636482118049,0.9977962529112594,-0.28941151619030026,1.0149256542401672,0.7397642477029381,0.944950418311305,0.6275950507359829,0.9991624687604593,0.583048915072832,1.0675921139008315,0.5757716115553481,1.134230171347536,0.5711823712460664,1.1862859471681013,0.7065856471173326,1.1138798032746002,0.6844940611008113,1.195074996436613,0.6443417493189237,1.2240607291966759,0.6108365104340988,1.2356298647982524,0.7834290682089577,1.102131045472232,0.7475419294586334,1.1883889133928507,0.690585137598909,1.2044406706799413,0.6483979956457316,1.2017312489865657,0.8311315652660975,1.0833801170012092,0.8017652730635418,1.1587462625159533,0.7460049740201632,1.1749352223145675,0.7067434110241146,1.1728585244241487,0.8568046177540121,1.0627363068476856,0.8331669729340485,1.1234459551482463,0.7872674524937593,1.1419584009915567,0.7528845056468503,1.142561924765208,-0.4518006949547918,0.9384211204897553,-0.32999747076590275,0.9611743677638247,-0.2651702900071627,1.0217643983237557,-0.2367932249919697,1.0874225035010359,-0.21596784290741733,1.1383313587141222,-0.39611843453361484,1.0837015329212554,-0.3469395654972462,1.1693104828231715,-0.2872467881385119,1.2122274720656419,-0.2314414158462313,1.2377965399347655,-0.4540382355965889,1.0989067410599869,-0.39562966028145324,1.1832345025731321,-0.3254604693027971,1.2257825173324424,-0.26027552875182275,1.2471207255282222,-0.47939419054980276,1.1065576265494343,-0.4250034152205971,1.1852218475877767,-0.35992982422260544,1.2242277743167589,-0.2957941166358027,1.2438317701940766,-0.479857347566532,1.1081204698550107,-0.4373823025125786,1.1733891376206174,-0.3869822551031059,1.206676185990528,-0.33337029439509414,1.2257815367368785
-0.04884467891152936,-0.3586357023455946,0.027975339360620268,-0.3966718930482169,0.07167896787681151,-0.38798765022846377,0.11489438044668185,-0.37865046776095934,-0.09097705167097629,-0.41630725562617527,-0.13175088604779597,-0.4222426343108742,-0.15797600947241608,-0.4255625827826387,0.16889888839631756,-0.34061637342764856,-0.1821404092266182,-0.39802235129765395,0.01606489037164227,-0.2757346659513459,-0.1384601000595986,-0.2991180086559824,0.4929440352847577,0.08370291558350607,-0.4929440352847577,-0.0837029155835059,0.5555221323790148,0.606113838799303,-0.7725692087318388,0.33830806035262795,0.4554588836480909,1.0595589541433847,-0.6904856320164623,0.8003160811348367,0.47261610663789494,1.218038662407239,-0.7076310486057819,0.9630233556654272,0.3549036985226423,1.1994968757789213,-0.6272706786957367,0.9791499032537896,0.3317072179888609,1.1436763415063125,-0.5981443211813331,0.9265255755916487,0.4303078710852769,1.119129939964426,0.3081297042072357,1.1385737435156849,0.2451755016741718,1.1897600592163553,0.21889022133951608,1.2512622126797635,0.19915129436174842,1.2997049790668351,0.3493228932259859,1.2693182981178612,0.30501116993477345,1.3397939424575818,0.2581673100060209,1.356184890819287,0.2223893196178384,1.3572338898284522,0.4254093667405628,1.2805269889747841,0.3656538849349745,1.3526679682213532,0.30737468468206475,1.351192074356335,0.2690586076441459,1.3367393972702548,0.4764893449541681,1.2769182217540336,0.42719895867100455,1.3416752503832317,0.37016546439469317,1.3404862137190747,0.3344233635896696,1.326714003551465,0.5077711152397545,1.2654159249678383,0.46861836496075787,1.318383530232989,0.41933196039845433,1.3229605052169648,0.3867088617724045,1.313652147827709,-0.7289658195863722,0.8017932493798995,-0.6158220449113775,0.8611138155322869,-0.5703692524614403,0.940884854514822,-0.5625659090535489,1.0160793445850005,-0.5640256317852477,1.0741406705693763,-0.7131517559426332,0.9606952574160494,-0.6914977015012457,1.0631743832135243,-0.6522252847674769,1.120116824290337,-0.6119442250725513,1.1605679278801564,-0.7791452962428752,0.9570473944853563,-0.7492786595322778,1.0608051541718566,-0.6931287009212518,1.1210874938424698,-0.636240175311175,1.1598891275311252,-0.8121497813209957,0.9555333990302276,-0.7840264834015819,1.0509582820148877,-0.7317127946272007,1.1049457140576462,-0.6762879804712677,1.1407200730810416,-0.8185771257412012,0.9572574167297474,-0.8012179296755071,1.0355512622432093,-0.761419122469348,1.0814363695485134,-0.7160376317195573,1.1137610455310563
-0.15830259990629858,-0.3232998096254247,-0.09888858905757685,-0.383657529522618,-0.05519193445071552,-0.38966394975960633,-0.011617179781055562,-0.39493297962412394,-0.21698390194290904,-0.36339522105552563,-0.257415837120952,-0.35559475791022216,-0.28316092552036043,-0.3501007545065291,0.05099051819962406,-0.3766711477393736,-0.29704077261495115,-0.3162058298276755,-0.07062771763727871,-0.26659174197878044,-0.22362849886138672,-0.23807447987547525,0.49277928738510535,-0.08466743130760357,-0.49277928738510535,0.08466743130760357,0.7208221285524187,0.3853072290494591,-0.5952509797771134,0.5866558066685296,0.7756186823292833,0.8440198822189777,-0.3874706319168338,1.000953920738557,0.8435797768081951,0.9862427979656095,-0.36462568205145873,1.1641815271047724,0.7271781806749901,1.0079693075589427,-0.2865131770277172,1.156838009866331,0.6872382184442756,0.9633513784080738,-0.267106066501436,1.0951485876486287,0.7725064221979079,0.9065731706015553,0.6647637976844076,0.9640311054311279,0.6218107916671954,1.0323892810606368,0.616947589794196,1.0994433723906702,0.614432135872709,1.1522364885244083,0.7471532407358992,1.0705057760413517,0.7282144062141779,1.1521721499266275,0.6906940817922235,1.1849100070913394,0.6575329036555511,1.1991787331457384,0.8221201434148213,1.0570388984969574,0.7906007017895161,1.1450537156952456,0.7362903141346089,1.1648695190737959,0.6952399814260939,1.1661923377352859,0.8681847497293347,1.0382708255544457,0.8439045719986246,1.1154087995183393,0.790189849142276,1.1348072358416328,0.7512053903894516,1.1355639862897566,0.8932206818822591,1.0183772924505519,0.8748900464168521,1.080037221367983,0.830733414193987,1.1019540231013507,0.7964085199050293,1.1056770901744355,-0.41840429888339853,1.0310050976209855,-0.2911162811615251,1.0494172360661662,-0.22827207585406514,1.1109484182651777,-0.1989841829386279,1.1799639031064664,-0.1845289349447978,1.2346869881874107,-0.3562216216464562,1.1777721416690043,-0.3036205489713436,1.2705250225635185,-0.24653909515063108,1.3064896227382499,-0.19755346436349094,1.3265311334559768,-0.41963800798552725,1.1950991181314679,-0.3622804342555769,1.2895145618327974,-0.28975256104281105,1.323316777835549,-0.2264025711887897,1.3360567427590992,-0.4479895855011029,1.2013674619380184,-0.3939900001273727,1.2857193088307957,-0.32705471280761805,1.316370210119709,-0.26666449601068715,1.3295267859083013,-0.4487185426534844,1.2015130130632745,-0.40467857270554747,1.2701432544620357,-0.3510790115845137,1.298789983076392,-0.300644181256257,1.3131937378497014
-0.06294474816568649,-0.3529600319541518,0.009908923034972216,-0.3950796412851341,0.05346327159842968,-0.3891799321913487,0.09654247099524456,-0.38262717795491885,-0.10913772233860394,-0.4071127869117868,-0.1502713855303515,-0.4103765782048584,-0.17692535201205437,-0.41198402052387456,0.15134720870897367,-0.34826079949737326,-0.19951678767357653,-0.38303153035125204,0.005723601179774858,-0.27518398881765466,-0.14931491613078893,-0.28861312425925284,0.49754247862947354,0.049512442468937795,-0.49754247862947354,-0.04951244246893763,0.5907734816034955,0.5622020924154961,-0.7136034541409843,0.425530259534017,0.5208099411219016,1.0206189137256116,-0.6511011584792951,0.889580558379168,0.5485074953888719,1.1745784064928564,-0.6827750119796759,1.0447721839543014,0.43087179663815645,1.164761773825607,-0.6010733166506671,1.0553980502696527,0.4043389890156565,1.112003680343864,-0.5602878744405311,1.0076206626641664,0.5019394288239899,1.0774353992627128,0.383135613491013,1.1045398791244372,0.3220885808016401,1.1586924023457406,0.3004099378275066,1.2211114481347374,0.2852601596995521,1.2711063453980516,0.43363305431872495,1.2295326768045762,0.3963923016325622,1.3028525256993442,0.3511165902684995,1.323908651715375,0.3146085540855661,1.3288606742892186,0.5095190240524302,1.2352465170870117,0.4577993193274897,1.3119728037875023,0.4001003983020787,1.316189866165838,0.360664871974862,1.3058343594115662,0.5591901654503383,1.228310159072864,0.5165091771786536,1.2973190122446914,0.45976545775107824,1.3017929926732539,0.42238277143722386,1.2920097080869428,0.5884010271200282,1.2148834031537,0.5547474977044791,1.2711256589659987,0.5057507443698884,1.2806523805868264,0.4716308309025516,1.2751018177589337,-0.6887622445492496,0.9091357389921778,-0.5719555131501601,0.9624959959570155,-0.5328995479959069,1.0365361403661437,-0.5279994790747637,1.1081868421616488,-0.5236527703437742,1.1653022606780938,-0.6673738836325442,1.07493188757739,-0.6386874671726991,1.1739593520504763,-0.5966631672427888,1.2203522323960805,-0.5583818831326465,1.2506481929143625,-0.7325480369886603,1.0716291930225805,-0.6980300178060698,1.17183024523341,-0.6404911130378663,1.2207693632799341,-0.5870178773513304,1.2488916024824974,-0.7631156280982837,1.0658226112340674,-0.7303276832063277,1.1587133804658338,-0.679439031021189,1.2043076476172525,-0.6302760661142504,1.2320055861544645,-0.768127200624225,1.062948882145983,-0.7410813751575367,1.1389708895226216,-0.699134066704319,1.1801552343115056,-0.6575889508785087,1.2079792606688422
-0.10561930390267257,-0.3426533969048594,-0.03868198812767414,-0.39326527926611404,0.005273705208682187,-0.39288662245845324,0.04869861165802797,-0.39180889935790497,-0.158176120375387,-0.3903489787527481,-0.19929584243833368,-0.3884242136852672,-0.22618287651243787,-0.3867103427296708,0.10731153588146823,-0.36434704632975473,-0.2450547633915666,-0.3552143066792322,-0.028143538735069827,-0.2743137246148606,-0.18353312402816763,-0.2683699449270732,0.4998185421787232,-0.01346940586425437,-0.499818542178723,0.01346940586425437,0.654343697772716,0.4834784706183007,-0.629968494287647,0.5260534164208209,0.6425315189495642,0.9486125509827186,-0.541034099419567,0.9834227567541269,0.6898641415228359,1.0977358457263375,-0.5596636237711913,1.1403458624312202,0.5720736982324187,1.1030228901735502,-0.47124543497525784,1.1391255607648942,0.5391386621758951,1.0546220197651182,-0.43383322317936923,1.088395588543344,0.6321133623620105,1.0064624600911607,0.5169265578526586,1.0475196277775816,0.46373476189457113,1.1093532298553064,0.45140842035455575,1.1746969500992936,0.44277436954342536,1.2259295042703293,0.5820540004143029,1.1649101513438767,0.5547064520087831,1.2431345381822947,0.5131823164071806,1.2693784866867353,0.4781328445001977,1.2780101535249153,0.6586320290158983,1.1617542955413225,0.6162051855336546,1.2453016500907008,0.55973367540242,1.2565435187229894,0.5197175482153439,1.2506955940575453,0.7074420425666031,1.1489889319886764,0.6733748647670322,1.2238199811315493,0.6172648319174093,1.2349709999981084,0.5786037478929238,1.229328718547869,0.7361630928141469,1.1318347913426199,0.708957322180519,1.1917459279856006,0.6608359447978485,1.2068035289503156,0.625855281648775,1.2053340405365733,-0.5689599290102807,1.0084831249325974,-0.4488384202213824,1.0492349514805053,-0.40604984752302764,1.116230421781089,-0.39102118310283407,1.1823737178173312,-0.3829220426025996,1.2362074461653012,-0.5273851335424075,1.1751028842551308,-0.48833705041013975,1.2593016023656356,-0.4465435388435778,1.2962067204720522,-0.40733359837554606,1.323372985394484,-0.5912207235551766,1.178042510012836,-0.5450275260637557,1.2643659054311294,-0.4880654116213839,1.3044846063575941,-0.4350759923894948,1.3278650871122577,-0.6235319051469045,1.1712916979987793,-0.5861067820180409,1.2515722197847121,-0.5344471208635335,1.2891629598364016,-0.48458656242425435,1.3110613336171049,-0.6316724653169937,1.1644043897516108,-0.606338561353639,1.2292821090587147,-0.5641497911946236,1.2609644886388771,-0.5240685601383955,1.2798604509425908
-0.0868696027891666,-0.34768781612180083,-0.017833495050316214,-0.3947676732370571,0.026029913265434197,-0.3922946181619264,0.0689668494222261,-0.3891750947582204,-0.1370914403811125,-0.39768406987558336,-0.1781089246168249,-0.3977125272537014,-0.2054015582130217,-0.3973145451377435,0.12579393106158948,-0.358850556080667,-0.22587948118308085,-0.36685391331471123,-0.013157951205837525,-0.2760414983287825,-0.1684675850935953,-0.2776628601953479,0.4999119834082643,0.009381302938041245,-0.4999119834082643,-0.009381302938041245,0.6279163945845136,0.5119613200191379,-0.6343947091182002,0.5053101497697403,0.5942561895807191,0.976958196511193,-0.5873949444795576,0.966015656278743,0.6346358831738236,1.1275565460267498,-0.6192722297590166,1.1118924786159483,0.5175002754995768,1.1268382679989872,-0.5239768674792178,1.1137713906634021,0.4868592378889238,1.077289767349948,-0.4837421681184955,1.0683944340086036,0.5800536956778137,1.0326534970737893,0.4645272337327421,1.068460536174153,0.4086857819394663,1.1268366406133605,0.39303925745215945,1.1909120825447088,0.3804755654605108,1.2411720100096304,0.525560050035741,1.1870916681283472,0.4918542739422017,1.264205666814456,0.447802241997912,1.287653693314031,0.41228382182056944,1.293619829158068,0.6022542880477464,1.1873971302504345,0.5540923366599207,1.2695024823683905,0.49533900104893935,1.277317103022404,0.4547047978014494,1.2681792847303746,0.650719461784544,1.1766954585255338,0.6117110857770403,1.2495320540575177,0.5532269705716651,1.257300122572302,0.5139415397674855,1.248477618742173,0.6791772510117897,1.1607953085681213,0.6484209368916615,1.2187768789517062,0.5989560573998557,1.2307019680297924,0.5636026464119425,1.226319487355418,-0.611379419373345,0.9912693427132879,-0.4962569870878728,1.038540567353932,-0.4596583200311692,1.102895435124675,-0.4538413797260981,1.1657582533781186,-0.44693374875428027,1.216425427848162,-0.5814121560700245,1.1561895892198666,-0.5471865776392694,1.2360760935359767,-0.5152583126958861,1.2721056531364208,-0.48670832683028065,1.300593600766683,-0.6467934067328729,1.1528184833530664,-0.6099944984652328,1.237767798474428,-0.5616487278233994,1.2772051617491385,-0.5182890017817585,1.3010311215443249,-0.6798688158274806,1.1414726792130547,-0.65215306371824,1.2190944039631755,-0.6069608208629635,1.2568443794049284,-0.5657217025148524,1.2791974212195987,-0.6890018972439794,1.1310620924545174,-0.6686265983696675,1.1934512828733281,-0.628736364471151,1.2259466964877663,-0.5919756978597607,1.2453969689238717
-0.1346331223500249,-0.33220960943732886,-0.07301603145651243,-0.3884477323506662,-0.029256035178075603,-0.39221891730829017,0.013507552610436672,-0.3951887365807955,-0.19123967385252477,-0.3744950690502569,-0.23157688703386156,-0.3687259042774751,-0.25889021319253835,-0.3643946258536836,0.07404110719495272,-0.3730844699646127,-0.2749194829279786,-0.3313283247068726,-0.05161480157897732,-0.27187031935975353,-0.20552958932124965,-0.2515844982727779,0.49614755402877075,-0.06194840297592834,-0.49614755402877075,0.061948402975928164,0.6912211822376871,0.4170673771402708,-0.5419824009726445,0.5885659241653264,0.7227698829082395,0.8825858823580623,-0.4447326946275526,1.047537612105674,0.7843726951799548,1.0259363667604329,-0.44584256016872176,1.195906249211758,0.6700987162360558,1.0409215860927867,-0.3573145764447235,1.182092507664707,0.6326934158207117,0.9961498848849236,-0.3311807437755676,1.1313339144512629,0.7199974074915374,0.9380883282416784,0.6100655781002232,0.9894822784987238,0.5619438253406839,1.0556143077102322,0.5546353034848969,1.121234503411281,0.5516365878073447,1.1726552399224197,0.6850861143672603,1.10095625219145,0.6614320034901873,1.1827715351441,0.6200455594555854,1.2112418216606538,0.5853603359762573,1.2208383334625137,0.7606030211605783,1.0905459853548198,0.7227642979421967,1.1785104419754069,0.6649883349083261,1.1931724707646936,0.6239609066293915,1.1888231528115936,0.8074439731054893,1.0732270983950627,0.7764069798565834,1.150727442644741,0.7193021598442454,1.1655307754339206,0.6802970767273724,1.1612743619623334,0.8338025815153021,1.0537193928156936,0.8101993018519995,1.116272759937844,0.7630100243239331,1.1341837609366139,0.7288052760550093,1.1337564608809412,-0.4629468679613488,1.0645984816976373,-0.3488133762080855,1.0939421476692732,-0.30259056044393723,1.153494131852297,-0.28714727650773536,1.2149966007979633,-0.2741710630479018,1.263740104331226,-0.40992225644616676,1.2222936531730373,-0.3685760186470284,1.2947893974958586,-0.3323281852434978,1.3243028942394317,-0.3003927240670044,1.345453891552917,-0.47428657862033313,1.2280120659519056,-0.4290730558130268,1.299891661117998,-0.37780248601401584,1.3303029605069503,-0.3326674903676543,1.3465757644058474,-0.5091245217997967,1.2216950077820228,-0.47342647100621726,1.2871201003572774,-0.4247699217006958,1.3152130172398593,-0.38097712126485106,1.3299395576476245,-0.5227730593509196,1.2123776399627084,-0.4953839796532231,1.2659932250841355,-0.453683281199334,1.290159878072279,-0.41470816356447254,1.3019806651094046
-0.012165715657848089,-0.35901463937331946,0.06486620823262484,-0.3907601725953215,0.10724568673810218,-0.37940679154737955,0.14820519186990988,-0.367663504858095,-0.05080676487607469,-0.4178279538878575,-0.09043647277476972,-0.4260775435789189,-0.11804381564929467,-0.4314116675841454,0.19734202680831775,-0.3262095948466799,-0.14450193112079676,-0.40584757719453557,0.04540500751113692,-0.27441721562142607,-0.10627180836470614,-0.307744546519692,0.48784785173508216,0.10956492850116464,-0.48784785173508216,-0.10956492850116448,0.5068035228845192,0.6254271349964767,-0.6950124875828758,0.3755239234226816,0.37797861162347707,1.0738223312303532,-0.7705707521115585,0.837293574413909,0.38604228204250524,1.2294014391463233,-0.8165351626819305,0.9759363499876048,0.2753044155700546,1.2046620916535138,-0.7344003177552407,0.9904539803110418,0.25546179888253984,1.1498511905949607,-0.6961648035217318,0.9497852916587733,0.35838803788298745,1.123588948473401,0.23637029141812355,1.1346696921324906,0.16726180523503345,1.1797554285447027,0.1409820169390976,1.2396138609494023,0.12022771755037515,1.2873162135802934,0.2666609656270063,1.2645081042736968,0.21748360881459783,1.331621780937738,0.17184843259304675,1.3450917092298107,0.13741600498544204,1.3438124518709624,0.3421603283748029,1.2800950047190844,0.27935243562544554,1.3488036149867326,0.22155618197247076,1.3450106932859927,0.18371796229525925,1.3278133243039196,0.3925916530560895,1.2787394309093694,0.34040171150334014,1.3418429149018756,0.2822892306069884,1.3379926376791664,0.24525464622691615,1.3217561188073095,0.4241757731274884,1.2684066822123117,0.38311964490306755,1.3206794389936292,0.3334634857205009,1.322971744762774,0.29950963131550373,1.3116238262328188,-0.8112351751204132,0.8362701448232648,-0.7112647890751939,0.8949373166436446,-0.6784261144516593,0.9714947984681359,-0.6881891929101074,1.0378421647864735,-0.6888276644525839,1.0888666804627134,-0.8018385370980563,1.0059023511056973,-0.7814917480974437,1.0869313740575035,-0.75610452385862,1.1243799730683897,-0.7387095597565467,1.1492991957919945,-0.8598292145064224,0.9943137556946318,-0.822906138998852,1.0742023111541574,-0.7816936843923209,1.1136632646855336,-0.7510707775991672,1.1381770153955133,-0.8866402483471583,0.9814840837514754,-0.8580653345141412,1.0552659368694517,-0.8175439072050985,1.0910609602985557,-0.7860705037121727,1.114656643119753,-0.8964236047926281,0.9708260560186852,-0.8775519208075461,1.03436851742952,-0.8434027588436793,1.0687241269575827,-0.8144734734065979,1.0916485066120318
-0.09595515854120396,-0.34664068623925653,-0.029076464228732543,-0.39565062832664105,0.014626550434408572,-0.3946523113058007,0.05694836011207165,-0.3929339970858501,-0.1476102148181087,-0.3945637343585705,-0.1876990225567202,-0.39319566153749735,-0.21658741964810888,-0.3918039193136481,0.11425049790425276,-0.36426273224665995,-0.23656655806225899,-0.36062704370458365,-0.01983255192392478,-0.2783297026972013,-0.1753280889376977,-0.27467105064812064,0.4998930101330013,-0.010343037279595046,-0.4998930101330013,0.010343037279595046,0.6391290861683516,0.4865382983880812,-0.5725972282055951,0.531846327223484,0.6197879068046818,0.9529268175600076,-0.5475165098379041,1.00225471763958,0.6620448349338387,1.1018467206738802,-0.5578662678595694,1.1452984625642386,0.551248694775517,1.1040120103483206,-0.47645274076247807,1.144883229151995,0.5193663369453964,1.0556900667412095,-0.44913750539185526,1.1002597093205024,0.6140658929248479,1.0052291521727865,0.49814871791335374,1.043599662950754,0.44254220442206993,1.1044863107375413,0.42884780810747725,1.1693052632815104,0.41500296290464267,1.2208511238081494,0.5574350596035403,1.1609442877134666,0.5257589793991483,1.239153882143565,0.48347146723662465,1.263935759257915,0.4491388331225692,1.271164980281909,0.6345182263790343,1.1589137695830984,0.5893413844596629,1.242471742547355,0.5319810898496412,1.2542010451008516,0.49163032276390783,1.2478291563725141,0.6835423239343137,1.1466859643077372,0.6460882726499876,1.2227935413539015,0.5880520429065538,1.2333225725084607,0.5481718910793081,1.2264827243589091,0.7115190275767257,1.1304819003065678,0.6819471286665847,1.1925660191600687,0.633138245527431,1.2071295967992222,0.5971080450131537,1.2046982631504057,-0.5773382830208887,0.9976161279826373,-0.47123925776852776,1.0405725048709515,-0.4321168905077319,1.108047969869951,-0.4245994802679836,1.1694538540222135,-0.4100630272476566,1.216072257254277,-0.5255450981783151,1.1547638996450118,-0.500843501290601,1.2243266363315723,-0.4711251682843019,1.2555482376954588,-0.4445040259000818,1.2761185445295016,-0.5795495286877719,1.1573554706486742,-0.5399063525114328,1.2229694126784398,-0.49751546825818727,1.254866551217716,-0.46073665250845597,1.2751723241942488,-0.6118612964309447,1.1543215601575647,-0.5734418702214689,1.216154849749087,-0.532722026299427,1.2454545483415336,-0.4977175232138949,1.264214348248247,-0.6275989683638623,1.1485413275319423,-0.5978823876418751,1.2014765345586789,-0.5625834592891209,1.226874234760804,-0.5299882349155973,1.2415373424525897
-0.15016119532870653,-0.3270912632837752,-0.09293599271234852,-0.3861491329972959,-0.04981017524198211,-0.3922359736433206,-0.008016883459221294,-0.3973728371459063,-0.20944942072414294,-0.3658564100015994,-0.2483611583459256,-0.3580441818080427,-0.2775208208474837,-0.35177178973380596,0.05300446829642195,-0.3783445725470085,-0.29255102481886847,-0.3175945825894221,-0.06351464192237569,-0.2722890699344463,-0.2165945860421431,-0.24331236476352142,0.4914332473895609,-0.092159445311648,-0.4914332473895609,0.092159445311648,0.7092307445328788,0.3759740081246058,-0.4676067132945803,0.6145163714343307,0.7648931257828921,0.8412856980325968,-0.3765462670615125,1.073140402737845,0.8302726419038718,0.9811466335002,-0.36215622355492205,1.2134941126189869,0.7229525459541523,1.0018195819189977,-0.28663772782716224,1.2011681378917514,0.6838788992299183,0.9600814421275367,-0.26749362741830085,1.152521584383511,0.7657758414964444,0.8941188293345705,0.6589251955558222,0.9515353036346982,0.6133667095163317,1.0201274061292205,0.6128657408853714,1.0852387492928695,0.6070449390940377,1.1369837739301563,0.7361546057874102,1.0567790988833894,0.7188117589287402,1.1378084986479493,0.6816722176803243,1.1688858742081218,0.649050612084484,1.181563350091751,0.8117947564077462,1.042269873899321,0.781173847808992,1.1300367069632233,0.7272316797056861,1.1502283196156793,0.6869855502945403,1.1498937587865141,0.8582067008741167,1.0222386964069587,0.8337112893417942,1.101349864815189,0.779005010443106,1.1204451260450683,0.7389920500110105,1.1195327123248249,0.8840790690527903,1.0014504156688264,0.8651682248828817,1.0651404985054442,0.8198100556399658,1.0868315559316528,0.7844106750155607,1.090052118754755,,,,,,,,,,,,,,,,,,,,,,,,,,,,,,,,,,,,,,,,,,
-0.09878053133617219,-0.3462437896341363,-0.033660920674213494,-0.3958549775873027,0.009852603192798227,-0.3953006476817721,0.05181010391456683,-0.3940119638794819,-0.15181900880102947,-0.393537600838509,-0.19131984204662122,-0.39172636562340984,-0.22135700299710437,-0.3899241130499021,0.10915343898347524,-0.36592630623749683,-0.24150421345502385,-0.3583770617093187,-0.021048451899672423,-0.27901901859115713,-0.17706116082997841,-0.27364137929809024,0.49972093652393357,-0.016702862019509306,-0.49972093652393357,0.016702862019509306,0.6424875850439823,0.47906274941632637,-0.5523845938350757,0.5345838661887875,0.6255847584646003,0.9479303644634677,-0.534609722546634,0.9970227389813741,0.6663959820587766,1.096222496512229,-0.541325583960524,1.1350952670028476,0.5600247082591736,1.1002319125816278,-0.46995718894251737,1.130946985837104,0.5282985704861843,1.053124466624288,-0.4448375960857015,1.0844401829470842,0.6199744909597004,0.9996836582009417,0.5068545746366004,1.0385724229558715,0.45147347496903684,1.098661575053564,0.4382917682380816,1.1632775753876625,0.42700798294796277,1.2135567713666298,0.5670834060259246,1.154105442996545,0.5343904530161344,1.2332859189644017,0.4922592684349436,1.2585524356269646,0.4582618345196621,1.2663094355842637,0.6441962933894487,1.1520664107320437,0.5960342663160109,1.23637857641721,0.5383158983016687,1.2468629923372008,0.49847872572972435,1.2400705658672415,0.6928205126337791,1.1406490593845071,0.6514794617536586,1.2161012796168953,0.5935935845498924,1.2253672509429783,0.5556129836432163,1.2174923774018467,0.7207266723165849,1.1251857355381545,0.6886467580773492,1.1864957111580725,0.6401433271081809,1.1998521383441811,0.6062376739184796,1.1964392103803794,-0.5671959696528809,1.0190103650380247,-0.4646313378294415,1.0532409630324147,-0.43326946368262015,1.1191891279485413,-0.43073064804161415,1.1824044879223934,-0.41938430011183553,1.2294676488759095,-0.5282065455620744,1.1585216659852549,-0.4872357849702078,1.2329956860161466,-0.45030587354922536,1.264883735313033,-0.42062350655091274,1.28565558354334,-0.5847908835192542,1.1638878596159736,-0.5295784952630587,1.2338262274458927,-0.48172097482642845,1.264468822248773,-0.43953927288847083,1.28306633723012,-0.6127853603935991,1.163985340644059,-0.5585422496546982,1.229162535358768,-0.5099016616389056,1.2579084669043443,-0.4665002991185039,1.2746907169997437,-0.6182639187841489,1.162160448424759,-0.574162624373071,1.2167605152977283,-0.5325074300558053,1.240795420078985,-0.4951627941162852,1.2539246723338262
-0.10169905768559911,-0.3454786020868964,-0.03721134155633455,-0.3956218061686067,0.006193834955881193,-0.39542887772124513,0.04804819748072491,-0.3944951466260573,-0.1553176074477227,-0.39230393128493474,-0.1947270065291892,-0.3901487785264452,-0.225032863745472,-0.38806837211460665,0.10554183031948176,-0.36689767457864236,-0.2450591672940174,-0.3563390433648934,-0.02347367131382323,-0.27893505960525095,-0.17944957178401377,-0.2722210061270022,0.49954903345733437,-0.021231183948216364,-0.49954903345733437,0.021231183948216364,0.6457803987241718,0.47349009694664385,-0.5476100203388374,0.538683374943138,0.6324399461296432,0.9424623131032576,-0.5255172161759667,0.9989307790162134,0.6730626332340724,1.0905331565600505,-0.5304443351274576,1.1378264209006137,0.5683617422142587,1.0953753338479066,-0.45981114429711945,1.1329983514754929,0.536552679235242,1.0485034948527279,-0.43555639176417976,1.0854921359622591,0.6292738240937495,0.9911861735697831,0.5147574562792876,1.0310701169469798,0.4590386513452767,1.0937582713312137,0.4448776796841216,1.158911934506359,0.4362458060323324,1.2102005811828775,0.5761743191343729,1.1460831367525464,0.5472312512084277,1.2283511482977052,0.5026115122038136,1.254117378165324,0.4668213326673052,1.262009986158506,0.6523067369157967,1.14370144448077,0.6056633546525078,1.2311057792722087,0.5453864555976985,1.2415327433859569,0.505044797225372,1.2338397864450081,0.6998514485376668,1.1324883038174849,0.6575843458741402,1.2106494704090016,0.5975776262361491,1.219673412504489,0.5593821848829968,1.2113850289164687,0.7264513752288307,1.1175863494459002,0.6944773229196721,1.1812925854693854,0.6444986790368518,1.1949188963300255,0.6097254097483715,1.1911729957943344,-0.5609039786933665,1.0238405517239078,-0.45703837520990187,1.0563507177175169,-0.42416953265959484,1.1202494024266731,-0.4186274328890264,1.1827667683807712,-0.40727732211328327,1.2283560063439807,-0.5244291454885971,1.1652033471482273,-0.4863320125674712,1.2379644906561134,-0.447893590726775,1.2691489742811364,-0.41402247511257395,1.2889846151539053,-0.5783646495223078,1.1683318320578853,-0.5259273312125501,1.2362004698708144,-0.4742484299121756,1.266215645264454,-0.42847300746120975,1.2839663867359425,-0.6042842542151944,1.1650619446235855,-0.5551715875367917,1.2269882074871672,-0.5047359916436561,1.2551936417706402,-0.4597582943234549,1.2713548981057512,-0.6110075474809316,1.1600863065183342,-0.5733193576602842,1.212471378441547,-0.5328828784574644,1.236100347624231,-0.4961520723363302,1.2485525532197532
-0.054676065739574065,-0.3565911840703808,0.01585528460509895,-0.3976031858899994,0.05881318666364349,-0.3915566813548433,0.10012952803172893,-0.38499072006992574,-0.10168338147604276,-0.4102436883757717,-0.14097634028597783,-0.4133934789655256,-0.17144767922638285,-0.4154073834474171,0.15337441738933574,-0.3498655027614878,-0.19567544873464904,-0.38657992596629226,0.014112025502425305,-0.28008042709667424,-0.14159602090126922,-0.2944689902622498,0.4978867085432816,0.04592194960949946,-0.49788670854328143,-0.04592194960949929,0.5754051202529173,0.5561156596744012,-0.6160097637045564,0.459460926501445,0.4989351874094467,1.019022350381749,-0.6556160182938953,0.9177693715967022,0.5192604978469193,1.1714594211918987,-0.6788223016228426,1.055737431312515,0.4147996196480425,1.1620882637644159,-0.6086447549745795,1.059186506153186,0.3896016998829107,1.1113433597713305,-0.5785958486193867,1.0146323849716488,0.4837320066554937,1.0664838875804636,0.36461859515374834,1.0914913520262985,0.303968847247834,1.1455256793653574,0.2812708093364968,1.2081387779011699,0.26347824395711156,1.2572623630414614,0.41207471422109804,1.2171046300408421,0.3716131209058785,1.2909073831262194,0.3248719389678097,1.3094320392919512,0.28892550239836595,1.3116048560447673,0.4878943726276998,1.2247697619411209,0.43015714486947626,1.3006955435641572,0.37095105200733725,1.3019607487802873,0.33204531657135,1.2893721120408608,0.5369621443369347,1.2193976112473743,0.48605706899612866,1.2871250706781583,0.4275416984349776,1.2883429970161384,0.39097636244485273,1.2760574743727648,0.5657059764457898,1.2074473759260886,0.5261987262867899,1.2625668406005133,0.4764338152666026,1.269675684788374,0.44278833604070017,1.2621145708281487,-0.6969273792222777,0.9357981290699393,-0.5990319928243777,0.9814737534525941,-0.5710924732569149,1.0488201302510625,-0.570296570225099,1.1103502847392446,-0.5596648600473347,1.1577067509741144,-0.6838647925882136,1.0845830123788749,-0.6562009382928078,1.1599476212569177,-0.6211694363713033,1.1965217362030691,-0.5891436489375735,1.2207782826468596,-0.7358354000086389,1.0784858215168331,-0.6963421271785103,1.150482481582364,-0.6476757437194363,1.1883871282145069,-0.6044542078848039,1.2124980686635591,-0.7591684266774983,1.069633341068243,-0.723974749534932,1.1358400917073563,-0.6757531492579193,1.1698660461087025,-0.633479756116866,1.1907549336908152,-0.7645264624496404,1.061892105252219,-0.7374777681296785,1.1194728548624047,-0.7000094306866494,1.1485252401869157,-0.6660906433112515,1.1648894977514583
-0.13431585731325688,-0.3352552231040842,-0.07489856497768066,-0.3911785034112358,-0.031675963945835085,-0.39499263074330637,0.010053312456392422,-0.39793861949798043,-0.1922749029201281,-0.37691934481177547,-0.2312756697116961,-0.3710667713247994,-0.26139994057651006,-0.3660856116809645,0.06987459773759751,-0.37570159068244763,-0.2785199508258462,-0.33239403649167437,-0.050001510983583464,-0.27631096185226656,-0.20493012768416874,-0.25505816307014395,0.495327569255014,-0.06819530142113396,-0.495327569255014,0.0681953014211338,0.6862568572469605,0.41148618113580276,-0.4969873192341551,0.5871493186602635,0.7158987826244199,0.8794333407905339,-0.43055601526901155,1.0424121508712265,0.7694839758232311,1.0236917858031944,-0.4219170456421365,1.1827513305374104,0.6664464653623066,1.0379746374488923,-0.3534465061104238,1.1696555360839658,0.630665953925663,0.9941721522418958,-0.33446161097308674,1.1191617160253635,0.7089107017024194,0.9293984278483111,0.5988788443356464,0.9807740906866079,0.5526773755489448,1.0475313408982632,0.5441800505747638,1.1135219174858706,0.5366089057818635,1.1656089454265606,0.6730947325618342,1.0936333096196749,0.6503207893823999,1.1739091292969697,0.6086452561476677,1.2019024148027524,0.5737258662199709,1.212346306957828,0.7481643754640259,1.0826736827233407,0.7102304232219485,1.1688082246725218,0.6527878608235383,1.1828213872704725,0.6123456887531862,1.1783669819625913,0.7951130484208461,1.0645382276994502,0.7626766606043117,1.1417157859816895,0.7060644564368205,1.1555231503560304,0.6679767401688405,1.1513976173242486,0.8208675698311177,1.044701810669477,0.7959742058578779,1.107926981673999,0.7487846834336827,1.1250993452119602,0.7142755931303273,1.1243157346442678,-0.4632531465535104,1.0694389167510083,-0.3594674831240493,1.0949468289317554,-0.31873716754923964,1.1563848142441493,-0.30547382286623176,1.2162360416914895,-0.28900019408327077,1.2617628431806776,-0.4253531884132884,1.2144438953385315,-0.38270114897250723,1.2797949975257827,-0.3400866236460644,1.3066021184999073,-0.303299868919021,1.3237442568580706,-0.4770450898780361,1.2185236016906427,-0.42470353498151275,1.2793663478787662,-0.3684343777119844,1.3051080972977835,-0.32228018556133675,1.3189007244818394,-0.5012753545697552,1.2133430886245529,-0.45447239728202343,1.2685618128352125,-0.4003035568732523,1.289361110981812,-0.35652579167392273,1.3002659338753266,-0.5081640582369273,1.2062700508204387,-0.47112484424942247,1.2543627782274165,-0.42853799821278193,1.272738686579529,-0.39441542835080595,1.281358951198597
-0.15579544746288207,-0.32587723690835857,-0.09995316961096143,-0.38549470738764047,-0.057081432423120075,-0.392059988807521,-0.01562823860344766,-0.3976713335818108,-0.21613179053038278,-0.36377389927384357,-0.25465574896918775,-0.35544695728987863,-0.28438827026803176,-0.34854995656671844,0.045476678319765984,-0.3792825965692851,-0.29938185878545365,-0.3138138523774376,-0.06792958747597083,-0.2724765722350859,-0.22107260499426978,-0.24137693138163713,0.4899594816365627,-0.09969807598158915,-0.4899594816365627,0.09969807598158915,0.7108426548427202,0.36721022108147905,-0.45895059118322035,0.617584607169848,0.7672191463484608,0.8322199106434927,-0.3629105493650695,1.0665539193806775,0.8258476684014598,0.973682490456183,-0.34517841649179215,1.2066059939454714,0.7276934378008688,0.9936215022747815,-0.27805331300427844,1.188944219259802,0.68951586368309,0.9521458515540073,-0.2623735848980834,1.1366987820608263,0.7617396765369149,0.8832189485882282,0.6554175612190062,0.9411434953167,0.6136683039806612,1.0112489796146913,0.6089171807412058,1.0775456537306463,0.6084859207556451,1.128178276078751,0.7352080662319054,1.0491997150534094,0.7192595241495814,1.130113813595885,0.6807423226339082,1.160313567536536,0.6477563371418804,1.1725524497092936,0.8093908675213101,1.0345485463263135,0.7777775798349903,1.122222251388933,0.7222017646004715,1.1391701043653832,0.6824833447103333,1.1377557096852353,0.8559682482627361,1.0145337125244995,0.8284217038192387,1.093261752836974,0.7732303357324334,1.1104971505883015,0.7352044709848299,1.1086812136056448,0.8817944527488092,0.9938553149359929,0.8610797338497405,1.0575761721354862,0.8153438190290035,1.0778701994562994,0.7814473907805028,1.0794280109308303,-0.3964808606657672,1.0982935681677897,-0.2884624587866147,1.113538201696408,-0.24294348545590747,1.1692985073378879,-0.22716189089467617,1.228757391974371,-0.20682684168515333,1.272818297433349,-0.34333044265743584,1.2368479700278001,-0.29675779921116935,1.3021630991888762,-0.25318160572579423,1.3260226488826163,-0.2152779571439148,1.339431693162825,-0.39494201281074054,1.2455318690442743,-0.33755336318536733,1.3054574685032674,-0.28191822035373043,1.3275923994783054,-0.2348487332811326,1.337212755642146,-0.4189886348668693,1.2430691368276585,-0.3670878891097504,1.2963616255284005,-0.3129006467668862,1.315654831339839,-0.26733907921808087,1.324715341261033,-0.4264852124682879,1.2375142393849097,-0.385769086935637,1.2831663222021268,-0.3444161146957684,1.3001291821705196,-0.31006698593130727,1.307879252450701
-0.1203762594523085,-0.34015484866446494,-0.058370204680358785,-0.39352845258025443,-0.015033706548049659,-0.3955134646239007,0.02677809446658131,-0.3967236777548077,-0.17623951945868796,-0.38445302116734426,-0.21541347034127165,-0.3803166708335927,-0.24570252606827775,-0.3766516726306378,0.08553521442193901,-0.37189641265376494,-0.2644251746068999,-0.343660273720474,-0.03893130681884711,-0.27777516932137275,-0.1943662401531513,-0.26322282058551044,0.49783322789416906,-0.04649814194645113,-0.49783322789416906,0.0464981419464513,0.666847590714512,0.4416774282103708,-0.521505925154066,0.5654913963177672,0.6679614425267413,0.9104099716165034,-0.47535799558899006,1.0240735793044198,0.7075454135153088,1.0582839335689282,-0.4741071152877808,1.1641828950965527,0.6118712975446257,1.0670631348590485,-0.405004022411999,1.1553143264027805,0.5783721392604821,1.0216569952575925,-0.38290996263865346,1.1060997576692717,0.6605245059696251,0.9596255463829207,0.5479145548102958,1.0055094648320255,0.5000600858727372,1.0707302556530351,0.4889989552288913,1.1365220334910002,0.48076478159338587,1.1875249552692557,0.6158110034920977,1.122407295107285,0.5901230023534034,1.201717368189562,0.5492320877028156,1.2274629642253465,0.5169593101775356,1.23611753517828,0.6907997628739989,1.1154704540842402,0.6505350435435524,1.2000255424698574,0.5943540946913164,1.211656389245728,0.5554244320240068,1.2068543673927794,0.7394795794227143,1.1003475696040526,0.7041431181898792,1.1764711593861779,0.6480804826500706,1.1886682232615033,0.6102165096313961,1.1837748447870842,0.7675281378646652,1.0826613790559467,0.7406734293626861,1.1448553087437108,0.6931908032558647,1.1609519140469784,0.6591752636497006,1.1599659890660525,-0.5120329520813802,1.0486787238920903,-0.406732662388292,1.074834972313152,-0.3654887686398241,1.1352971060583232,-0.35529034260918857,1.1968402523361248,-0.34038455203503504,1.2445407223598395,-0.47514249918342544,1.1936412183220677,-0.4326995092072705,1.2619472222960966,-0.3917945023602421,1.2907637164370807,-0.3557048595024705,1.309677688718963,-0.5267399578852755,1.197499748704174,-0.47467366157628055,1.260997460409178,-0.420647812769648,1.289278044902501,-0.3740775973159744,1.304859844903008,-0.5489571961707058,1.1927382416288856,-0.5014989958914551,1.2493444836086645,-0.44896659639249925,1.2735814970037023,-0.4037262353720932,1.28772147179396,-0.5538859643965539,1.186302956679188,-0.5178158358412591,1.235136859809037,-0.477894118839223,1.2561429675279794,-0.44285733862742493,1.2677237191914974
-0.027093373470903133,-0.35909863717288626,0.04705198762014842,-0.3941906915928276,0.08948809853240318,-0.38470037381368144,0.1301939125490353,-0.374935032123527,-0.06901343990422641,-0.4166271341901272,-0.1078078501715513,-0.4229469770623115,-0.13786217856398417,-0.427380808618555,0.18037561255801218,-0.3355173419174863,-0.16469560287524634,-0.400461540763088,0.035025881045894,-0.2775287860229404,-0.11867218287187975,-0.30447153683544825,0.49244731425622446,0.08657737973530587,-0.49244731425622446,-0.08657737973530587,0.5262892390574162,0.601835255968591,-0.6516680213888784,0.40898306172212984,0.40112830988095927,1.0540944559629069,-0.7287553950551457,0.8630900463032143,0.3971128416054856,1.2073167723479992,-0.7649247727704601,0.9963294646194106,0.30514359407314123,1.1906380173384898,-0.6964520690092999,1.0070306348207925,0.28522340132615404,1.1378460071061416,-0.6615866418230573,0.9664671718397907,0.3839140158149734,1.0991333755643866,0.26220734819650104,1.1125056750953288,0.19936341203734106,1.1624579433790068,0.1726498380819021,1.2236203094789715,0.14967099414123677,1.2705120088581097,0.295442752855142,1.243445456258428,0.24875504913071342,1.3142968683205734,0.20151966690074138,1.3276345800279752,0.16715214176372364,1.3258765377440738,0.37021738347671385,1.2571060864718346,0.3080851187318329,1.328716621897412,0.2502954309621158,1.3245526488839972,0.21407539563178601,1.3084586917541148,0.42110075625040855,1.2555164532060206,0.3665003331831792,1.3201933246945445,0.30871114134167316,1.3170245327242034,0.2731624403343096,1.3016709113497873,0.4525871621143553,1.245951426110105,0.40964810839146254,1.299069889232314,0.35924403181926917,1.3018523658976577,0.3262067452138897,1.2913999438970671,-0.7692242872072197,0.8754006696036418,-0.6740814469171633,0.9301218570883746,-0.6509668497381265,0.9998176366622915,-0.6584256285447747,1.0619033179331447,-0.6571110667718237,1.1102150875412307,-0.7671311027574298,1.0237041315290236,-0.7456889984647416,1.1022059396077373,-0.7144765786044371,1.1409334166760154,-0.6842175726214953,1.1685251127268788,-0.8189157197973873,1.0146693960569317,-0.7849794494540395,1.0916005529383237,-0.7407358722226304,1.1332340694312333,-0.6993017337545524,1.1606231367449036,-0.8413826063717412,1.0047731477064386,-0.8123498367439622,1.0744840244389628,-0.7684494879001286,1.1125010050010942,-0.7276565637444009,1.1372086647768678,-0.8469305126896708,0.9971678848902625,-0.8254807314034628,1.0558931896373251,-0.7926368316733058,1.0864969488587084,-0.7617808128163343,1.1055594257519525
-0.06468731177315444,-0.3531490560483746,0.005602278193842319,-0.3957519617518329,0.04889546143192641,-0.3906851054300991,0.09049102590304303,-0.38528529326725985,-0.11206608492569806,-0.40634740567498545,-0.1512145545167161,-0.4086390203098608,-0.18139156670385803,-0.40998583387282916,0.14455148553595226,-0.35149683029090134,-0.20533603381944246,-0.3804398200625357,0.005495830586477201,-0.2784611148211837,-0.1499614750843592,-0.2892689021671753,0.498729361612591,0.03562336123244768,-0.498729361612591,-0.03562336123244768,0.5848842789832422,0.5446195804585617,-0.6065678073812725,0.47384535230497493,0.5052924176653082,1.007693594029722,-0.6366199440032801,0.934652392720689,0.5146219158193105,1.1603394479604137,-0.660682868248533,1.070445923604142,0.42350093359197416,1.1531306952155664,-0.5915480292113983,1.075682267729984,0.39863670470293444,1.1025361516681418,-0.5603889483244026,1.0325359553252895,0.4962443906501348,1.0529397850821496,0.37483306671913946,1.0793880424406785,0.31354462151733026,1.1353662146049355,0.2928530934497573,1.1987009942859008,0.27591975650910117,1.2475880558478458,0.4215032234038172,1.205103811317469,0.38128015057188164,1.281339077163262,0.33618900888464903,1.2994463143803237,0.3027681162460033,1.301446575158493,0.4975597664370865,1.2116821803978717,0.4396361926490099,1.2897164637856662,0.38188755924344797,1.290028515093512,0.3459333383845787,1.2764739817811788,0.5476216689336124,1.2055415084133998,0.4965618807381396,1.275317717777954,0.43897948897147815,1.2762963842770383,0.4042315682533174,1.2632227732692822,0.5781096711474881,1.1935636587938145,0.5381247789838314,1.2497752886003568,0.4884898204600955,1.256252539583069,0.4563176383570748,1.2482513183708215,-0.6775560981430271,0.9490655093153821,-0.5775395162151482,0.9940618827625344,-0.5469164161708555,1.0604463846419803,-0.5460653764346685,1.1231791205335604,-0.5390726334049489,1.1706249810305978,-0.6586522932744149,1.0950010955806218,-0.6263048679378579,1.1711729005516622,-0.5932234111444848,1.2061704223352672,-0.563532806958303,1.2313171998482753,-0.7130041305537732,1.0915812827586895,-0.6682768865302935,1.1656700817553005,-0.6195791089910361,1.2023447785547219,-0.5771116658813592,1.2250537962805208,-0.7372381652433712,1.0834520128778584,-0.7010366480710617,1.1507543700811862,-0.6523500515904199,1.1833157910051835,-0.6097412264267936,1.2024470332058192,-0.7434540243352871,1.0751383251037172,-0.7166089076045611,1.1306932761255526,-0.6797815541111509,1.157572094450195,-0.6476144363633475,1.1726316160422048
-0.044937301707276264,-0.3555296009542781,0.027758138973909465,-0.3939975259750341,0.0707268597532334,-0.386442373554322,0.11204584265906684,-0.378711285159454,-0.08902629532176316,-0.41151014890825477,-0.12792054062339125,-0.41603822263960677,-0.1578996793848694,-0.41911365189219196,0.16415666437155352,-0.3420661636223194,-0.18354850177316998,-0.39102033292551325,0.020764156730554525,-0.2769757621484145,-0.13370238925268116,-0.29653242781033345,0.4958103654578298,0.06459165197278353,-0.49581036545782997,-0.06459165197278371,0.5518425325663276,0.5780482952785888,-0.6337688302411364,0.4380296655678357,0.4446563948935082,1.0366341877941885,-0.6905415037525817,0.8982471885710615,0.44352973966832476,1.1891536964079867,-0.7225822569121648,1.0330141322503261,0.3542087469749824,1.176203890911073,-0.6539908221939191,1.0433522437200733,0.332673754785925,1.124237800228423,-0.62047174254294,1.0020436103174843,0.43309977618006945,1.0781242511164,0.3096355257011147,1.097983702552058,0.24739965384861975,1.1511223459863893,0.22464675574737214,1.2136015569425411,0.20250196045457508,1.26101198892828,0.35095911346557124,1.2269490588605354,0.306673503198677,1.2998319199276565,0.26103584597399104,1.3156840529025322,0.22758838641097198,1.3168420188713272,0.4265903101889259,1.2382070915519956,0.36424479995837356,1.311962174389359,0.30621184358051734,1.310039873981115,0.2701787637476207,1.295660087342633,0.4768409424875905,1.234830559604369,0.4212622250604819,1.301169723889515,0.3634395573859919,1.2994289003069155,0.32884911996278593,1.2854461199120983,0.5075945317207943,1.224360206197019,0.4647431907003972,1.2784032387579978,0.41488167736074955,1.2829575352075193,0.3824014938885281,1.274217986127173,-0.7341956596196955,0.9074631629255093,-0.6374645969216575,0.9570329680680406,-0.6083508581319007,1.0253847705568337,-0.6100934994359037,1.0886057782215088,-0.6066003509781754,1.1356182084336326,-0.721848801943869,1.0534314244078664,-0.6931373158413946,1.1319503991569495,-0.6621072033648462,1.1693208119927998,-0.6335918978656128,1.1972748801339865,-0.77535687002072,1.0480580597660172,-0.7339568454087604,1.1249248364314333,-0.6880245607154167,1.164782192370753,-0.6466041052384868,1.1908851465106904,-0.7985400527366852,1.039353435672316,-0.765815049806281,1.1091599607453821,-0.7194523495171979,1.145277843550357,-0.6771441137815761,1.167830964619818,-0.8039197734483676,1.0313931731996397,-0.7809909877896005,1.0883474618463542,-0.7460432403570374,1.1174482195255784,-0.7139321611657077,1.134894631522785
-0.06845094555452876,-0.3506691770873588,0.002157253238929276,-0.3939211663121707,0.04550332596593765,-0.389132535434576,0.08742870074745006,-0.3841587047997717,-0.11554153417812399,-0.40402924083895925,-0.15456485088900548,-0.40608509892376404,-0.18437251081104422,-0.40733330426602693,0.1419971413829637,-0.3511058055751748,-0.20809329562380813,-0.3780644049859906,0.0018375340258494019,-0.27662223945520237,-0.15293053882873858,-0.2862556238872762,0.4988932469355142,0.033249483637194176,-0.4988932469355142,-0.03324948363719435,0.5868344118929297,0.5421326804056332,-0.6044587743629561,0.4776453889601764,0.5085735052530646,1.0064635185944388,-0.6320789237063895,0.9402414267655546,0.5159020548882416,1.1585383971453471,-0.6557768674722723,1.0768280497175884,0.42687778677585125,1.1512868750540834,-0.58664757584042,1.0830612372598314,0.40241100307076,1.1007859644434426,-0.555888007120334,1.0399547118381227,0.5038238660875363,1.0484801267098565,0.38378091889178634,1.0742931662983415,0.32246934477392325,1.1318352934984492,0.3024917450796809,1.1962353785268662,0.28373903554940666,1.245901285220234,0.42850586862250756,1.2035350305107366,0.3900372088400515,1.2783327379260054,0.344347698599478,1.296150124553195,0.30954033488530963,1.2973772904114385,0.5026481298848409,1.21037006264864,0.44726753264335456,1.2860578308977038,0.3897115548987433,1.2879001932326188,0.3523338293030188,1.2762071071660812,0.5517698085796884,1.2043561656123511,0.5015855279865026,1.2722029281380371,0.44432360493005774,1.2740490852764002,0.40825211732083755,1.2625852114986136,0.5821605584846367,1.19256584531364,0.5421336415408334,1.2472764257443212,0.4928757520894053,1.254163018039797,0.46043084869523965,1.2471654157328098,-0.6662012691527361,0.9531067649232757,-0.5736292251190869,0.9967584122060534,-0.5464566433244702,1.0614698535608704,-0.5410096357663433,1.1206621109473824,-0.5304843785310583,1.1695699407648705,-0.6668262087256585,1.1020577191232224,-0.6243999265824477,1.1730893333082415,-0.5855795934009995,1.206481123883567,-0.5540027334638108,1.2315506856013938,-0.715026910715801,1.0976483307864309,-0.6625435031173056,1.168271697733719,-0.6108981228539098,1.20495332816672,-0.566554297220961,1.2274038784355596,-0.7328320197445496,1.0882586391517586,-0.6914272992118404,1.1531191747830782,-0.6413412998462907,1.1862765009810041,-0.5968290262872613,1.2081179708124123,-0.7332065191842727,1.0806946221436002,-0.7038652130035302,1.1352980923246505,-0.6643992879512908,1.1622521389037324,-0.629214215948368,1.1795786938665007
-0.15227842776093034,-0.3226756566135756,-0.09376119000834579,-0.3819136298675686,-0.050557987810999315,-0.38773668025696884,-0.008437057037872637,-0.3931635416389748,-0.2103480241552079,-0.3633545571517702,-0.2485887972397408,-0.3559786203652472,-0.2775392703462029,-0.35011592822769927,0.05280581560433755,-0.3745028489106431,-0.2934339359406209,-0.31615724891713864,-0.06639565090474767,-0.26790684493513633,-0.21809337316499142,-0.2399109673509099,0.49213916869143615,-0.08831216586463138,-0.49213916869143615,0.08831216586463138,0.7004105981836285,0.3845469561682971,-0.47037673768831895,0.6098135751404794,0.7366265502936324,0.8539065276190498,-0.3857833539797829,1.0647419583825064,0.7801556595391974,0.999522238931489,-0.3759232692007321,1.2032316626353983,0.6923002478927269,1.0139492546463706,-0.3075585950065559,1.1930353635832505,0.6564792937749839,0.9708600583410458,-0.28805038733380234,1.1436811400708804,0.7440660423889747,0.8951152227957613,0.6321881635257546,0.9496920307807521,0.5870829671861005,1.0198034147804904,0.5832240266331986,1.086860552740247,0.5786076463049823,1.138959536526078,0.7081412910701707,1.0622401335248477,0.6909827991516221,1.1445164302760187,0.6510156219087652,1.1725172507863932,0.6177791135762153,1.1811515380752127,0.7822162362382771,1.0506289523448482,0.7482615999079859,1.1389666942942291,0.6931030062791829,1.155671373126787,0.6542651889982583,1.1534884332716562,0.8288425093254881,1.0326655382874752,0.798843057742982,1.1115144973009075,0.7433046566273575,1.1281658955181895,0.7051985980200085,1.1261055636746193,0.8552859823738148,1.013858138682949,0.8301329780601837,1.0774052556915856,0.7835015265487627,1.0966152472030264,0.7494259884802792,1.0978105821902453,-0.4189577413185834,1.0839526141459646,-0.32000399036146515,1.1021056285037527,-0.27456766668785865,1.1574744546310793,-0.2544962580371386,1.2144745536792994,-0.23490133928542645,1.2601809508901123,-0.3815923244678294,1.2266067967657954,-0.32404139750641636,1.286671388114213,-0.27915067713205227,1.3116110631527473,-0.24374230452141216,1.330338672893047,-0.4301013474946653,1.2337617403153904,-0.3645548635772328,1.291234830928964,-0.30824740025334735,1.3170455884842915,-0.26151696490075027,1.3307928244321736,-0.4504708436658171,1.2287645699698255,-0.396080443483468,1.2819660818346377,-0.34074014639431766,1.3036941491112006,-0.2942342626926042,1.3160375825677597,-0.4547434592570038,1.2214185302056317,-0.41517395500204307,1.2685450646172425,-0.3716626747057156,1.2869950691313687,-0.3360872952503486,1.296856494924622
-0.15211735721696976,-0.32153486785011726,-0.09348291095586186,-0.38082619618486907,-0.05031188787592821,-0.38662218580550367,-0.008187818018427042,-0.39213000657198016,-0.21009319001892968,-0.36253693090172745,-0.24832252049369602,-0.3552463039361937,-0.2772688318222254,-0.34950114384894615,0.053015319848024496,-0.37372209337749157,-0.29321773019786895,-0.3158970499806879,-0.0663999255177965,-0.2669649628807722,-0.21797595476916762,-0.239081986403728,0.49226545185846204,-0.08760550728455442,-0.4922654518584622,0.08760550728455459,0.6996146759980453,0.38559003508185585,-0.4710355319875864,0.6093294500378335,0.7354153848264859,0.854822219667254,-0.38707713453358156,1.0635478724630514,0.779052797515012,0.9999027467993193,-0.3776059897185853,1.2020423773500901,0.6912870414452792,1.0142773574803503,-0.3094919336663392,1.191791278897073,0.6555230449897131,0.971133751823133,-0.289827086303837,1.1423349648416032,0.7420821041760319,0.8970892684144257,0.6322916680445064,0.9517114717425577,0.5868749650735293,1.0210661509161314,0.5816509921331499,1.0878633176718813,0.5771355983074343,1.1396999775221275,0.7067167822718396,1.0653151345402376,0.6890799345994638,1.145841338980475,0.6503021593565766,1.1731806550883324,0.6180465414817026,1.1820555557941343,0.7803012700174797,1.0539502264419056,0.7458185109242221,1.1394800754345955,0.6917787373841012,1.1545274417659515,0.6533426258244186,1.1520638811850437,0.8272376445873214,1.0357530316450816,0.7967862811041297,1.1118374107766282,0.742780459335067,1.126575664641173,0.705657172103866,1.1237105391786713,0.8545579406056987,1.0164784972275491,0.829559814372018,1.0776658605973135,0.784452134485606,1.0954873828630771,0.7519839492199706,1.096190170370733,-0.41992661533444553,1.0851038655148282,-0.3198082360659493,1.10263119548194,-0.27512812244971513,1.1584589236615705,-0.25520676015128,1.2158687665581651,-0.2368468521638044,1.2613336017149472,-0.37933530677978805,1.2258739170425832,-0.3238275359544159,1.2847888021984337,-0.27943033732501893,1.3099945910828728,-0.24389279099426125,1.328546816889216,-0.4284936157920114,1.2347034350915784,-0.36503649930152426,1.2899229631973022,-0.3111205018004467,1.3153693610595487,-0.26414967183757754,1.3294244995758604,-0.44968362625465774,1.2318410220342828,-0.39415352390376035,1.2827752078806898,-0.3413478293380966,1.3058943353166916,-0.2939153724223195,1.3201023969791161,-0.4531437360745499,1.2262702322489318,-0.4127585923518362,1.2720984854108646,-0.37115563705767535,1.29139340860148,-0.3339783709737484,1.302850514057385
-0.02212301734408346,-0.3546131591303501,0.05446845787612323,-0.38775637200808427,0.09661280587420173,-0.37707733408078514,0.1378102753872153,-0.36652059148226984,-0.0604096560622214,-0.4142659337504096,-0.09856836778138058,-0.4217651108463524,-0.12753382456157725,-0.4272384118371923,0.18791705018841154,-0.3266500405686494,-0.15478408077912048,-0.4020581277028487,0.036817638876634876,-0.27221694004454405,-0.11373427753115034,-0.3026625895505511,0.4894184298794841,0.1023210657406411,-0.4894184298794839,-0.10232106574064094,0.5052283028582014,0.6185254787488635,-0.6641585443094412,0.3902605821667748,0.36383225488657206,1.0673840251627529,-0.7550654495485597,0.8425966169538606,0.35023557549891554,1.218009771317896,-0.7981577901218668,0.9744673882502173,0.2635682534905863,1.1986771615507443,-0.7312690979041055,0.9902854456377229,0.2465810830051542,1.1453034658866041,-0.6945180475459065,0.9515663456024787,0.3508115734263735,1.1101560627740492,0.23113984394468232,1.1201725281586445,0.1650891615122659,1.1663635997028536,0.1346304068125026,1.2248934918176455,0.11196017630936685,1.2707590873247074,0.2595261703188922,1.251898931825398,0.21442857700622472,1.3197719860894637,0.16954914443002642,1.331309737574344,0.13668592589504935,1.329297644046402,0.3311899573977631,1.269089602954779,0.2676209092508217,1.3351408408255627,0.21227622016429543,1.329388745896472,0.17739987062160045,1.3139835534564637,0.3810295049168743,1.270031815999282,0.324912851088315,1.328751617600866,0.26997560014304195,1.32268858597894,0.23673508234988475,1.3069568690411533,0.4132295702640267,1.2626880496056072,0.36858308636398934,1.3102785566449702,0.32125630769023933,1.3104166921631046,0.2916560089459503,1.2994760732767483,-0.791406835445787,0.8539338780959498,-0.7057320509265044,0.9056847695420593,-0.6861396003734458,0.9735907648478486,-0.6864474391095747,1.0325549547166213,-0.6823453411524321,1.0807244009416328,-0.8124397893454939,0.9981981535040436,-0.7786200347487323,1.0739596308255004,-0.7450510599578122,1.1121834752432915,-0.7191321464952289,1.141742485435889,-0.860040907973837,0.9865623114704648,-0.819908987795297,1.062914183378168,-0.7773971459669167,1.1064827000811703,-0.7386478426936167,1.1356217919664582,-0.8756899659583977,0.9746870678822604,-0.8445580731598481,1.0436735063446867,-0.8023053569080095,1.0850894208194586,-0.762772230299514,1.1151296836163502,-0.8736000282588942,0.9677191520924205,-0.8533914252448772,1.0265314338595368,-0.8202612318078892,1.0609243834681463,-0.789574526290442,1.0854182529839884
-0.14955793420742258,-0.321693770651722,-0.09013170713885149,-0.38032643668372024,-0.047022220602070106,-0.3856816626500463,-0.004784283254081055,-0.3908560183782078,-0.20680116655041583,-0.36343791899185135,-0.24505453797840657,-0.35661694611088324,-0.2740294712655827,-0.35125900946448013,0.056441363846507525,-0.37203665118962853,-0.29029710660893765,-0.3180800076782345,-0.06495690524794169,-0.26641488488689424,-0.2160042704842755,-0.24018611478802987,0.4931982761217465,-0.0821916080298804,-0.4931982761217465,0.08219160802988057,0.6951696651056247,0.392834848281562,-0.4770195875911475,0.6051370093206748,0.7270988318935536,0.8622692500451162,-0.3972307588140628,1.0592775218335928,0.7699083814544255,1.0071793269618554,-0.38995195742038113,1.19791228074314,0.6816781455201208,1.0207027492213248,-0.32200319342966255,1.1882157274365581,0.6462653904688058,0.97721456308172,-0.30173092110976985,1.1387622814402807,0.7315065421785303,0.9066966218861638,0.6228048702638505,0.9601729660537585,0.5786449719845236,1.0280066394382938,0.5736453988905361,1.0931303811957085,0.5678433133842423,1.144312033983878,0.6967141910645487,1.0733960030765668,0.6795847511317109,1.1529698765730403,0.6418648332438891,1.1796766226740352,0.6100995544867253,1.188717638498457,0.7710232570661859,1.0623693582540314,0.7358442055887398,1.1467027553199236,0.6822243146660173,1.1615758083842085,0.6439461423243069,1.1588919206026385,0.818560765953573,1.044070392147116,0.7871707152012922,1.1193042511945508,0.7335731858219185,1.133764073234915,0.6970098777940159,1.130751604213536,0.8465698826685604,1.0241350143229373,0.8212117883978566,1.084771658830778,0.7768582051591432,1.102416545738183,0.7448341059491885,1.103081381173964,-0.42981099650440496,1.0838398252039303,-0.32833476096762243,1.100760137294431,-0.28234622997775866,1.1571119720213197,-0.263748031648849,1.2139496475903864,-0.24555764928244156,1.257649750293305,-0.39385531019648695,1.2236266265124183,-0.33599665959099495,1.2834222657391545,-0.29009211911473826,1.3069075372898917,-0.25557639573496277,1.3244036492514892,-0.4429647868382627,1.2308010489023475,-0.3784767966337068,1.2878383298794376,-0.3222252198517112,1.312443146456474,-0.2757443442780076,1.3258356400458655,-0.46264099362035443,1.2264141024630086,-0.40840463692762025,1.2791202794659027,-0.352000061227635,1.2993837838678155,-0.305171028719732,1.3102017061179074,-0.4655700445995925,1.2195823797478316,-0.42551977088529735,1.26667935727384,-0.38155410056430694,1.2845692467968517,-0.3452255469506331,1.293694455118948
-0.14336009971550756,-0.3240297619427662,-0.0827595361396708,-0.38141562005307145,-0.03956139866089489,-0.3859258972358811,0.002774608574495419,-0.39030038875822265,-0.19971000071772502,-0.3669096466226505,-0.23800935562145537,-0.3608803187781227,-0.2671070490449538,-0.3561349611229716,0.06359982701284009,-0.3705120737780578,-0.2840315041225516,-0.323479114605215,-0.059934912484223106,-0.26725573767976507,-0.211357921379298,-0.24405174399978474,0.49470994935277507,-0.07254009933391738,-0.49470994935277524,0.07254009933391754,0.6870878179965769,0.40622606759083235,-0.4879320674684172,0.5958523469662594,0.7105329066524245,0.876169380717608,-0.41698686989599487,1.0511737953936948,0.750797873054129,1.0215786137810512,-0.4131829533262958,1.1901661145856333,0.6620343054378576,1.0334848654317892,-0.34516400539124453,1.1817005198347803,0.6273641217862247,0.9893879117296707,-0.32365376951609437,1.1325972006410199,0.7127714364175591,0.9216673619358926,0.6041327468767834,0.9737577900654969,0.5589428297927754,1.0408740347522114,0.5536741918035015,1.106074226549236,0.5466559690471743,1.1570134951457263,0.6774259419627061,1.0845707327627523,0.658062032049606,1.1644712920516784,0.6186606978406133,1.1917063864650392,0.5858664525541164,1.2023178933732044,0.750721805456223,1.0749135622257526,0.7149192919854418,1.1601713909933575,0.6595931013067955,1.1750244376373802,0.6197954901154247,1.1724945585308606,0.797466674588381,1.0581761255361954,0.7662315193970568,1.1347212311117376,0.7109748093383541,1.1494179398074553,0.6722574213475844,1.1463502000131691,0.8247715105020924,1.039833242644445,0.8007897760692909,1.101430930439153,0.7547270998827965,1.1192328208320095,0.7208354041360864,1.119821928210167,-0.4537332005106079,1.0776978736148877,-0.3534066066983277,1.0943504727915998,-0.3051203961508286,1.1511332033623882,-0.28497338872426986,1.2081827313912663,-0.2674244432211529,1.2528005301607055,-0.41610704893566297,1.2189530736073821,-0.3627042581335816,1.2800432057851348,-0.3170814347046324,1.3042434421627573,-0.28155627352996165,1.320534561733495,-0.4652020960206884,1.225327896056553,-0.403148025797341,1.2828962447240029,-0.3467268737352432,1.3068139156147116,-0.2992571107488378,1.3187752348776336,-0.48493273566275674,1.220834213430266,-0.4320064060870941,1.2744513323104716,-0.3759001551034285,1.2957972874924077,-0.3273294615914583,1.3072769251472134,-0.4874184141803075,1.2140922811395818,-0.4469929045814951,1.2618085185622,-0.40358688698184536,1.2812104975986833,-0.36622381629222117,1.2918980855881699
-0.03913645720844623,-0.3514446261319655,0.03616298118019555,-0.38789840806377773,0.0787319730423235,-0.37915971066032034,0.12044838168694469,-0.3705584582186032,-0.07974663204843133,-0.40960063613121483,-0.11802358059246519,-0.415508655761155,-0.14726115238570275,-0.4198779398345791,0.17251142952832157,-0.333606926183752,-0.173163174375789,-0.3943905880646064,0.023275048209874714,-0.27242494107699844,-0.12804306932058862,-0.29638883870410276,0.49343112572814996,0.08078195443693356,-0.49343112572814973,-0.08078195443693338,0.531562283655233,0.5957172151911357,-0.6457017475048592,0.42060373070878077,0.41151221999076326,1.0508613673186324,-0.7162484139259189,0.8761393109781674,0.4058305145729822,1.2018543877614083,-0.7550681493625903,1.0098264831577164,0.31745263531315737,1.1862636640226516,-0.6878718842966587,1.0223447666830523,0.2977608946873589,1.1336995285085285,-0.6523744212839125,0.9819600925340506,0.4020160497359128,1.0963134269298775,0.28245382270902664,1.1125468074796432,0.21702021831285248,1.161996978053958,0.19131746555470142,1.2224989218373996,0.17114082082119675,1.2695409789065546,0.3171924249030985,1.240173806297537,0.27598341213690014,1.3115074802798719,0.2300175816068101,1.3254597461902056,0.1953494416935126,1.3250149986551847,0.3905556487413257,1.2530663172815826,0.3297587354415936,1.3240685941097032,0.27224493944678063,1.3210762553137918,0.2354933848500007,1.306500253277882,0.4404367566800001,1.251352011330996,0.38530344859322463,1.314845798292179,0.3281895257636922,1.311600665847734,0.29309126578899536,1.2969824804677255,0.4725219477313825,1.2422480467718509,0.42924704335200853,1.2939148095055004,0.3797673195275289,1.2965977023695603,0.3478108671533254,1.2870444322230694,-0.7550294747822044,0.8895388028600542,-0.6666709162346786,0.9387519536454266,-0.6405997716722198,1.00534164223708,-0.6388425296938638,1.0639513610636293,-0.6328550490895133,1.1114920451644774,-0.768040498907026,1.0336994268980904,-0.7316395956663317,1.1082394313792692,-0.6959691723851932,1.1461513156181509,-0.6680353990527643,1.17402872255521,-0.8162159000196647,1.024321784581446,-0.7732885146896752,1.0989209677232532,-0.727444400683207,1.1406803091786775,-0.6882436691365982,1.1687316457188066,-0.8334081694616589,1.0135577835564127,-0.8000334896600452,1.0809919818209899,-0.7543921441347426,1.119400250423106,-0.7146906101868647,1.1463583118826959,-0.833601591560905,1.0055783421717293,-0.8115614218786154,1.0635663075716904,-0.7760858167970061,1.096041738772527,-0.744211993159314,1.1181976324566958
-0.03233405001520045,-0.351839234755047,0.04386102354795514,-0.38661654955242614,0.08628838684893755,-0.37700877689123097,0.1277906823830975,-0.36755563877239184,-0.07160556545857862,-0.4107536632747874,-0.10963932671283398,-0.4174349180752165,-0.13891528278301185,-0.42244857533393343,0.1790806917328181,-0.32973451311705226,-0.1652994304139284,-0.3977698781672678,0.028562317652407302,-0.2716944515247718,-0.12216417896492651,-0.29884178638419023,0.4916266348947389,0.0911221809554351,-0.4916266348947389,-0.0911221809554351,0.5190000204043088,0.6070379074527822,-0.653864217678976,0.4076181110663112,0.3896836234621598,1.0597411683756917,-0.733887920281945,0.8618290189062316,0.3809673223381946,1.2106673267744708,-0.7750549204614092,0.9948230848498062,0.29281204128336297,1.1932202358028585,-0.7084119550387175,1.0087058897519803,0.2741926675140109,1.1401877669093559,-0.672472963613397,0.9691124616197385,0.38082921983037626,1.1049171027056044,0.2611859082806084,1.1184304917882595,0.19533111535359685,1.166240777821361,0.16662972393791267,1.225607568504453,0.1437647108157313,1.2722301412250674,0.2928007823226634,1.2453186077578893,0.24900268111144644,1.3159110499404376,0.2036027047104665,1.330152783278691,0.16941366647053874,1.3300919170136092,0.36584423628975865,1.2605171467343463,0.30344253637613533,1.3309495852567421,0.2472617015530391,1.327977197099113,0.21149352487900736,1.3133021691508693,0.41609543451559877,1.2606033986637173,0.35936924649868107,1.3235412239343158,0.3032554706076213,1.3193964143020795,0.2692319500270843,1.3042235116564018,0.44829980411724235,1.2527767682375783,0.4033537136449235,1.303187198714473,0.35436164718441565,1.3050172563131845,0.32308349526097296,1.294968298549399,-0.7780998362018414,0.8747649175759253,-0.6875697449900211,0.9244810079176587,-0.6603924123110538,0.9922643704066195,-0.6623907737389294,1.051950456823339,-0.6595942854163488,1.099255679836389,-0.7861069131043583,1.0187178727433785,-0.7526560618850815,1.0935580473411854,-0.7166317922724247,1.1316233079420914,-0.6877473935790567,1.1592558101721215,-0.8353738377109553,1.0094748459288196,-0.7934785196557214,1.0844678754891168,-0.7495036163980711,1.126285995672745,-0.7093402622754853,1.1546462660095327,-0.853448628928704,0.9992488294744424,-0.8188535562485809,1.0676590218850914,-0.7743355454170466,1.1068637781942992,-0.7330944110692795,1.134537887012412,-0.8546232930426417,0.9919654306521315,-0.8308147725853579,1.0502085140223532,-0.7957699857846814,1.0825121254170602,-0.7633508910374313,1.1049691224331675
-0.06887275392852311,-0.3465800724525326,0.003478541889902741,-0.3888958434399191,0.04675381397286143,-0.3837316710065482,0.08891670993308298,-0.37862375607331866,-0.11391706462063123,-0.4009983970255637,-0.1522732933607176,-0.40369780708497266,-0.18211588257776315,-0.40567952696596465,0.14370500799718558,-0.3465380634984631,-0.20580975187761347,-0.3785039866189538,0.0002285943515048862,-0.2732230147813234,-0.15235810234352312,-0.28456246291243226,0.4984389510221336,0.03947926169465477,-0.4984389510221336,-0.03947926169465477,0.5792367843973459,0.5500016247520657,-0.6078951559599356,0.47361307599331215,0.4977673374733253,1.0139179744633935,-0.6402123327735917,0.9337638863177593,0.5048589396637592,1.1649976741384156,-0.6667677715366556,1.0704374422735448,0.4152811243467171,1.1568084053396162,-0.5989099058145931,1.077280287600123,0.3912337125017117,1.1059736736546295,-0.5676882269022504,1.0340937918646373,0.4974155955334202,1.0587234887211305,0.3780093213437947,1.0836747759283243,0.31646409239455536,1.1391560317646703,0.2942260739864281,1.2013224429643432,0.27498462036805765,1.250362540896585,0.4225540427807898,1.2088912494122406,0.38453469035350685,1.2835431375210433,0.3396222051724459,1.3026492635874396,0.3049347595433226,1.3061684744507491,0.4955282028512415,1.2164398206904041,0.4394305436584172,1.292436880194673,0.3817688505649325,1.2969442638983077,0.3429167949556609,1.2873464776081183,0.5442485473474932,1.2115825585982176,0.49295115868993694,1.2799473669562622,0.4353578821328735,1.2832224765223443,0.39801558523842473,1.273228426269981,0.5742585329548855,1.2010272667259239,0.5346065140838278,1.2566843499470792,0.48572015897948784,1.264928428022835,0.4525383544015862,1.259242883334474,-0.6824338496741319,0.9518474836389745,-0.5894752714511738,0.9921274721967535,-0.5563619698599368,1.0561874024719307,-0.5481407686619025,1.1151466128649739,-0.5407728637510923,1.161894039960531,-0.6764262542131194,1.0956292935986491,-0.6324973526674434,1.1654214619978727,-0.5940708853298864,1.1993438540174823,-0.5646323279086841,1.224708776080894,-0.724377532701044,1.0921031113093163,-0.6732325970377494,1.162063886995109,-0.6261222932052548,1.1996642922903966,-0.5846273544494573,1.2243185775681138,-0.7422997068761868,1.084003167039104,-0.7002719251494661,1.1487604529600264,-0.6535627554170452,1.184599209939069,-0.6112233859363931,1.2098889547319442,-0.7429278739994621,1.0771977995397994,-0.7140688363776465,1.1328760706905736,-0.6769964733209142,1.1628572100022598,-0.6430181373172675,1.1836517685390826
-0.16575012986566787,-0.3121985180150052,-0.1084140122938744,-0.3735138847676144,-0.06541449497207616,-0.3810169128421548,-0.023618237165407858,-0.38822384010391864,-0.2244819621465766,-0.3513703907422217,-0.26192954692138937,-0.3429537769325677,-0.29120189602576374,-0.336244783759141,0.03785985912743385,-0.3733019816687526,-0.3061222955755992,-0.3033829521539586,-0.07840830724354837,-0.26181786035074844,-0.22775637321924164,-0.22880974639288132,0.48872340049074164,-0.10559089834245286,-0.48872340049074164,0.10559089834245286,0.7131237726070794,0.3603389175197461,-0.4458430621427781,0.6287375665253635,0.7687345590687841,0.8284116934144115,-0.3441415259091213,1.0787798719094648,0.818999324775881,0.9711069124373889,-0.3306658809375522,1.217494375886471,0.730811633650185,0.9890295958603131,-0.26385308942047625,1.2044567465802491,0.6931904726594227,0.9472484693509279,-0.24639510404487214,1.1540267963627266,0.777701742257256,0.8729683399879314,0.672310692772875,0.9297967779219255,0.6298347270301792,0.9996432528727281,0.6276431266591342,1.065463170178907,0.6239019094062039,1.117032173880664,0.7502523019767342,1.037781329585948,0.736768451220273,1.1200584371178905,0.700797693602498,1.1498669867787081,0.6699437989527627,1.1624464056519885,0.8216640211473376,1.0238828881841413,0.7921028054858916,1.1122514057801194,0.739280026381049,1.1315033799451324,0.7004461423413124,1.1325517366469202,0.8670040985085166,1.0046298005895962,0.841507955359524,1.0835680705978414,0.7884707386877892,1.1021215383120497,0.7507033351301234,1.102323621615157,0.893548431376232,0.9850789895764618,0.8746720975052787,1.0485595081570454,0.8309715977878108,1.0696182299155128,0.7986292515117234,1.0728073508647875,-0.3785097786818416,1.1085844427975158,-0.2761181247126678,1.120733258962481,-0.22830235229199938,1.1703355512627782,-0.20790373572499726,1.2238647394231095,-0.18686476302494706,1.2647023450890644,-0.33234862592146286,1.2423503881054374,-0.26751831807832194,1.2955570051758596,-0.21919088772116757,1.3157322564525402,-0.18322218020266925,1.3303683172826815,-0.3797008877970925,1.2535271867500337,-0.30704614441309963,1.3056784922108127,-0.2504731667648352,1.3284478088337006,-0.20420445062587905,1.3413248576564885,-0.3993520210263195,1.2515662150832827,-0.33799199946139497,1.3018441748585365,-0.28204531435253793,1.3236715242329065,-0.23441275581294574,1.3363698854774142,-0.40195554208623896,1.244951624555315,-0.35947801132734447,1.290847030171383,-0.31540471763199474,1.309303824987615,-0.27776655962900976,1.319580669898428
-0.05722739516964618,-0.3487729552062181,0.01672656199571825,-0.3885536923207432,0.05992107595307461,-0.38193033400068543,0.10172150027268081,-0.37541877247449934,-0.10054858754519642,-0.40460434062259143,-0.1387090074838811,-0.40857060677149604,-0.16871752767062284,-0.41156519835312794,0.15498909836553829,-0.341709846075825,-0.1934304021590066,-0.38520951391104913,0.009666441195321921,-0.27311861614174515,-0.14246565595890376,-0.28960359213939524,0.4968739467642809,0.05582366009933903,-0.4968739467642809,-0.05582366009933903,0.5608435813013175,0.5693903924530324,-0.6228764017719696,0.453853481008664,0.46441384029847116,1.0307410078726666,-0.6701179839195115,0.9128262783148585,0.46652744403226437,1.1819899540085674,-0.7018510353375866,1.0485945414845608,0.37720063351776706,1.1708126495996376,-0.6343448650434447,1.0575167239542158,0.3548904113567344,1.1191983582550693,-0.6017374953492942,1.015259601629581,0.45583137140976016,1.0752910657166082,0.33726881815599175,1.096671872879009,0.27563900849667183,1.1486277673790695,0.25373468547331,1.2099169079440732,0.23442903410824942,1.257868781868277,0.3786059568132602,1.2220961585129002,0.3406363914980456,1.296476920025988,0.29592060249839386,1.313173994551273,0.26204845593654047,1.3153106145464633,0.45297158746212046,1.23124018734597,0.3955830660877322,1.3064977720130788,0.33827995210497197,1.3054092279087364,0.30271392954848664,1.2922187040075113,0.5028976983504528,1.226171337975098,0.4538105168128588,1.2938163521726165,0.3972282286476186,1.2932131385340853,0.3630588807643584,1.2800344097808567,0.5349910187900759,1.214410632228381,0.49845204507738095,1.2694665541934917,0.44968246812874274,1.2751903932457507,0.4182321151304368,1.2670500444258532,-0.7112075470419106,0.9298975103833068,-0.6181183413934449,0.9748129355663704,-0.589418354434601,1.0379841533638292,-0.5877034661293739,1.095777543622006,-0.5816909949643578,1.1411037822384449,-0.7115847005504553,1.0686592322526678,-0.6703717517778743,1.1411296468996768,-0.6295790855983849,1.1760354266740125,-0.5981511414850267,1.201322804189508,-0.7610318763394626,1.0635389749089124,-0.7133234737696993,1.1384891053567474,-0.6654315333394828,1.1783458539910023,-0.6236434938188684,1.204866055595628,-0.7793124472101008,1.0551335902378423,-0.7395891683157354,1.123608447108494,-0.6917310974570656,1.162242994499658,-0.649382251812677,1.1885501238229672,-0.7796023053198068,1.0480679447406673,-0.7528763563178553,1.105288149936927,-0.7164662287375663,1.135934348487362,-0.6850462484680735,1.1562823296824236
