pose_0_x,pose_0_y,pose_1_x,pose_1_y,pose_2_x,pose_2_y,pose_3_x,pose_3_y,pose_4_x,pose_4_y,pose_5_x,pose_5_y,pose_6_x,pose_6_y,pose_7_x,pose_7_y,pose_8_x,pose_8_y,pose_9_x,pose_9_y,pose_10_x,pose_10_y,pose_11_x,pose_11_y,pose_12_x,pose_12_y,pose_13_x,pose_13_y,pose_15_x,pose_15_y,pose_17_x,pose_17_y,pose_19_x,pose_19_y,pose_21_x,pose_21_y,pose_14_x,pose_14_y,pose_16_x,pose_16_y,pose_18_x,pose_18_y,pose_20_x,pose_20_y,pose_22_x,pose_22_y,right_hand_0_x,right_hand_0_y,right_hand_1_x,right_hand_1_y,right_hand_2_x,right_hand_2_y,right_hand_3_x,right_hand_3_y,right_hand_4_x,right_hand_4_y,right_hand_5_x,right_hand_5_y,right_hand_6_x,right_hand_6_y,right_hand_7_x,right_hand_7_y,right_hand_8_x,right_hand_8_y,right_hand_9_x,right_hand_9_y,right_hand_10_x,right_hand_10_y,right_hand_11_x,right_hand_11_y,right_hand_12_x,right_hand_12_y,right_hand_13_x,right_hand_13_y,right_hand_14_x,right_hand_14_y,right_hand_15_x,right_hand_15_y,right_hand_16_x,right_hand_16_y,right_hand_17_x,right_hand_17_y,right_hand_18_x,right_hand_18_y,right_hand_19_x,right_hand_19_y,right_hand_20_x,right_hand_20_y,left_hand_0_x,left_hand_0_y,left_hand_1_x,left_hand_1_y,left_hand_2_x,left_hand_2_y,left_hand_3_x,left_hand_3_y,left_hand_4_x,left_hand_4_y,left_hand_5_x,left_hand_5_y,left_hand_6_x,left_hand_6_y,left_hand_7_x,left_hand_7_y,left_hand_8_x,left_hand_8_y,left_hand_9_x,left_hand_9_y,left_hand_10_x,left_hand_10_y,left_hand_11_x,left_hand_11_y,left_hand_12_x,left_hand_12_y,left_hand_13_x,left_hand_13_y,left_hand_14_x,left_hand_14_y,left_hand_15_x,left_hand_15_y,left_hand_16_x,left_hand_16_y,left_hand_17_x,left_hand_17_y,left_hand_18_x,left_hand_18_y,left_hand_19_x,left_hand_19_y,left_hand_20_x,left_hand_20_y
-0.010997240186138457,-0.32369672730816285,0.06785943180865159,-0.37657887748843427,0.10966710123933993,-0.37459490736040835,0.14079665059859234,-0.3731475500965933,-0.0687498351437116,-0.38234199047374884,-0.11102938920739927,-0.3847717936376073,-0.1535748002474132,-0.38707048657856347,0.19996975999849606,-0.34998105883153896,-0.19208263284175237,-0.3739990132718824,0.07055333006119717,-0.25132195583334566,-0.08332474303949272,-0.25545736160085736,0.49913366040132046,0.02942089486027355,-0.4991336604013206,-0.02942089486027355,0.6082699858923559,0.486926062590393,-0.6632511046294143,0.43405487834663886,0.6324229754334979,0.8768137680848295,-0.6792702754847871,0.8324614169280805,0.6880456249720639,1.0243354322669438,-0.7215870523794242,0.9624699182509786,0.6156863967791061,1.017096548338325,-0.6565203126194166,0.9642740613811612,0.5809445106318145,0.9734331276153663,-0.6294830413943211,0.9345249229236465,0.6244570186220444,0.9130815300292162,0.5249392614104553,0.9350988581195663,0.4883468570462901,0.9910671401229109,0.47454057216657,1.0483626911565957,0.45967475933312885,1.098273925527648,0.6067406757440726,1.0514468597519324,0.5975984063138837,1.1351017264780976,0.5600003962462974,1.162565610476211,0.5262766329739834,1.1672858276193827,0.6750627310888321,1.0533777674439617,0.6553588841216632,1.1379465002355633,0.6034538676597528,1.157523159698161,0.563229694777588,1.154157510261681,0.7177296665186267,1.045411686742272,0.7048775716141772,1.1204052212855309,0.6568523697888697,1.141522245287298,0.6187651612616025,1.143556877000509,0.7404642738397867,1.0328549168824703,0.7406097132398257,1.0962751416885559,0.7068109264613487,1.1166192978411693,0.675045607901208,1.1197950630811218,-0.7540823807215853,0.847562744230347,-0.655136799098544,0.8836971017671109,-0.615437137029909,0.9477966312190338,-0.6259613009316144,1.0100644327774793,-0.6614244031189656,1.042527533313972,-0.7349005180419707,0.9735630124335115,-0.721561286692295,1.05675309340776,-0.6829754230145626,1.0931386262367009,-0.6455191598950383,1.115932263458097,-0.8058464355027063,0.9717291915554506,-0.7552276384832677,1.0410203943817136,-0.7038583574167726,1.0454322663453888,-0.6758701842838586,1.0325541600120367,-0.8462459748735618,0.9640938911662145,-0.7799675410285329,1.0161766360884366,-0.7368093399704946,1.0176126633816618,-0.7178658391377692,1.0029359914074605,-0.8672151760019917,0.959077719006316,-0.8110234475863919,0.9981561256773895,-0.7701020116990565,1.000787772720689,-0.7523629110075719,0.9910489545604565
-0.014138579789118984,-0.32008434919837353,0.06060251498269803,-0.374449105199334,0.10212915211039456,-0.3734397985796932,0.13338768113743474,-0.37229167068719227,-0.07474062410145625,-0.37733848182085955,-0.11713255445092612,-0.3789613481712451,-0.15835992498308044,-0.3802255294765409,0.19268372894913702,-0.34952102997639317,-0.19902276615653425,-0.3649474879401323,0.0665165097335102,-0.2506428633693245,-0.08765752666132302,-0.25293610230138414,0.4995581480340695,0.02101563067744361,-0.4995581480340695,-0.02101563067744361,0.615048596569922,0.47559335943014835,-0.6545544567900672,0.4474254798685263,0.6398153694756333,0.8755981622329136,-0.6606419681144315,0.8453474078475312,0.7002208199624586,1.01678164219558,-0.7013813926406396,0.9732654595224705,0.6256419851843453,1.0150447059925316,-0.6349688087665069,0.9765662621750746,0.5890616334956167,0.972543018143626,-0.6047908397884341,0.9446127600616236,0.6404378129660933,0.8883269714985349,0.5427839840692831,0.918797885997309,0.5045928882014726,0.9772252694969331,0.4898017856687665,1.0397866807290428,0.4762979019210686,1.092627604109989,0.6243519772473882,1.0398943503190554,0.6172232834456032,1.1255867876882182,0.5769773450175295,1.1530210929755922,0.5398432897523248,1.1584279047228465,0.692453184620563,1.0403070513167914,0.6746230666239686,1.130246219317369,0.6178220386688796,1.1474925634284066,0.5760254546379731,1.1444857651513032,0.733718715212127,1.0317646635618127,0.7256461577156641,1.110705341789658,0.672242907438911,1.1293624097003663,0.6316946595513234,1.1300972427285414,0.7561537611197452,1.0184910412882129,0.7583408822924285,1.0848812331648534,0.7197538298736067,1.1048368609018955,0.6858066209692917,1.1065380681142332,-0.7514092692630968,0.8471566613342247,-0.6409460061919209,0.884068663833375,-0.5947877220930146,0.9517866431712954,-0.6091446746762844,1.0170147056479562,-0.6403431107342541,1.0510624429564563,-0.7238188260103551,0.9861410187978568,-0.7026167920039065,1.0733365777577546,-0.6632505705560372,1.1080973475346174,-0.6244648550153199,1.1299655701945421,-0.7955765583659752,0.9836414899425574,-0.7384167851063367,1.0570545902322501,-0.6889455720637907,1.0639439026948803,-0.6571307772499964,1.0556272950933563,-0.8327942080358849,0.9757488681347432,-0.7556673970718275,1.0313917014860536,-0.7159310883827307,1.03154906161158,-0.6949449685349116,1.0179329967569313,-0.8499293271611885,0.9704592620876075,-0.7837605405518859,1.0115955281815385,-0.74386260379849,1.0139279531234378,-0.7241725889076216,1.0041432265973715
-0.09757365635137602,-0.3024700287229094,-0.04208926493883744,-0.3745338454853049,-0.001997899874309103,-0.38488995359725514,0.02855824629917759,-0.392070589955906,-0.17227771987223803,-0.34081953574434065,-0.21346204466445262,-0.3308805830020773,-0.2524300275533018,-0.3211072699785634,0.09173737897356214,-0.3856025680569668,-0.28909436122400367,-0.2940961366719375,-0.0025240514126184405,-0.2578572969947215,-0.15206978522861309,-0.2187584509073032,0.486879281148539,-0.11379176414961598,-0.486879281148539,0.11379176414961598,0.7196318857271714,0.2913138085846053,-0.5094755293593232,0.6074649119780775,0.8474095066457326,0.6751761785126801,-0.4071727526108144,0.9922064608857176,0.945678710179823,0.793402054228576,-0.41367259331193373,1.122912005400507,0.8718182768756668,0.8137039819525578,-0.34722565510818987,1.111391796359497,0.8244080736880621,0.7832667678122087,-0.32594692303238093,1.0700708030362565,0.8515469346303921,0.6794798694403658,0.7663691702193636,0.739651015217734,0.744425882639011,0.8070424630417464,0.7495732609287293,0.8724137327466732,0.7490903857411944,0.9272544713796347,0.8838071872849848,0.8346338752620281,0.8979516339414367,0.9191587851395053,0.8661010279390713,0.9555223832733456,0.8342681594331046,0.9715882400364478,0.9505780682404751,0.8165969517807447,0.9542592389848974,0.9097850377958435,0.9028470363231454,0.9404101598526002,0.8621517921454644,0.9498602410854277,0.9870982701261128,0.7974970781175262,0.9988887454475623,0.8762157364601034,0.9508510678981237,0.9073656987048413,0.9111961459881068,0.9195965316662716,1.0028730848622969,0.7797723813361214,1.0194823233783272,0.8436217566445074,0.986334576871466,0.8724851737706142,0.9535184407057562,0.8835528935792629,-0.4895071861467422,1.0112346807226813,-0.37566048351990095,1.0233877329557852,-0.3147151015920034,1.077683818325094,-0.3115167216804641,1.145884649238571,-0.3314916377086245,1.1880076383115505,-0.4379562095130116,1.1455819730585464,-0.3885406149771697,1.2213570166512746,-0.3421195057930742,1.2448860037942147,-0.29651141433435524,1.257948804009941,-0.5081305602753828,1.1626497488235963,-0.4302134014603941,1.2166443153899424,-0.37988357997223815,1.2071779104396643,-0.35016223223595955,1.188437492396696,-0.5449969632933347,1.1649215686658596,-0.45283354925824887,1.1978999370142407,-0.4101286168797664,1.1862053724934616,-0.3897427806449183,1.165869107219128,-0.5596405127831655,1.1638185338939133,-0.48571585472887296,1.1872148328744982,-0.4440717411164025,1.177867027976088,-0.4247192212644339,1.1616566579737382
0.008626284559806251,-0.3163099938173355,0.08447148043514138,-0.3658466110199721,0.12530923515287423,-0.3624796974601651,0.15698558634015092,-0.35875813273058993,-0.04890692757377535,-0.37680238716805686,-0.09104427693777249,-0.3809894090340163,-0.13069662173360244,-0.38465777485070474,0.21393868305848457,-0.3309923337220173,-0.1746181643995754,-0.37122962729582815,0.08295706410371415,-0.2436147718116047,-0.07148127125972324,-0.25662293733281083,0.4969435220693186,0.05520086841110952,-0.4969435220693186,-0.05520086841110952,0.5814842106239295,0.5133284339144814,-0.6820195119087615,0.40343744024735384,0.5704286783764936,0.920448033295769,-0.7130640672507902,0.8002156939920447,0.6260883698816482,1.0643623237171829,-0.7631841928440379,0.9182286451644002,0.5478658297519585,1.0593669699711863,-0.6962489734908591,0.9315245560443355,0.5123901647616501,1.014995882270741,-0.6607312093168748,0.8981639232895829,0.5720538992293605,0.9219005673831717,0.47150749957175253,0.9523785682204189,0.42774978217117177,1.0095049971344079,0.4121061196887747,1.0733180651435466,0.39505636785013365,1.1254847605732676,0.5543563329534202,1.0806407415374653,0.5402097088846716,1.166676946717878,0.49765850723289284,1.1903367351501613,0.4618661724262106,1.195581434819882,0.6226917420795481,1.0859664746823738,0.5942863059490301,1.1761089948294874,0.5358808226218874,1.188024186180936,0.49446109038326375,1.1836280367079879,0.662583534304484,1.0802607375088298,0.6445356657717815,1.1595863157520394,0.589577221177032,1.172320919887775,0.5484965280237775,1.1707422666685494,0.6822477476610677,1.069224859547568,0.6745434719518234,1.1353176002896113,0.6342154974443495,1.1515365623214673,0.6002625953088904,1.1517614169251038,-0.7957397405925918,0.7895903999115264,-0.6943726437447398,0.8392816232503795,-0.6554155461264578,0.9107945087638326,-0.6718256761237761,0.9754327638835099,-0.7005585031764395,1.0093879891833806,-0.7941055800175162,0.9400449244728661,-0.7694411170033246,1.025052705191998,-0.7350945505589799,1.0616449209743903,-0.6992709698148616,1.0897140029020762,-0.8646320242404012,0.9319715714175962,-0.8101030871719712,1.0068804700405325,-0.7610847278388493,1.0211015518945479,-0.7241399384321416,1.0207154720265075,-0.8996916494376812,0.9198928278928304,-0.8243861810196149,0.9798204449461239,-0.7822776268177811,0.9842999717801968,-0.7557476991996185,0.9748151140654993,-0.9124198745852822,0.9113620367998945,-0.8507667504498505,0.9567012975235492,-0.8081911786194049,0.9632786432593069,-0.7827278186120628,0.9563121391685138
-0.03317164875982713,-0.3137529852561099,0.03501314346468244,-0.372836613411751,0.07575618820500762,-0.37502505434071876,0.10773373583933932,-0.3755156230491455,-0.09819931091745204,-0.36563638555204314,-0.1404826001739414,-0.3640679608830772,-0.17964604234756637,-0.36236798841800627,0.16773050633446324,-0.35528572521321283,-0.22209820973879907,-0.3430085714644233,0.04992942753120839,-0.2521487903068021,-0.10475387766518927,-0.2444580532976925,0.4998511883534506,-0.012197930219643336,-0.4998511883534506,0.012197930219643336,0.644899971688417,0.4289661864099021,-0.6202223868838026,0.49166591977100793,0.6867791083836019,0.835413735201317,-0.5971857046182293,0.8876565814651073,0.761353180937243,0.9701574787270368,-0.6315853430191841,1.0095931598455266,0.6829281048512459,0.9760086260174651,-0.5628841813600115,1.0143716537618899,0.6417802274501584,0.9368308340098456,-0.5309989264831043,0.9753403971107079,0.6867603442892074,0.8351726516047481,0.5928413656642763,0.8786276069559181,0.55762665038189,0.9408639633958006,0.5504704599313048,1.0067775601099842,0.5401270008226797,1.0612280459987267,0.6920051556356824,0.9959641683734433,0.6893906102527171,1.0844727912270384,0.6486138678374381,1.1128119256068671,0.613235071069173,1.12077890622519,0.7618928380006351,0.9923090046306899,0.7441322912267372,1.0864083054954548,0.6862848680218581,1.1042768954710762,0.6457310745340262,1.103060165473578,0.8014116156225861,0.9812224315110577,0.7926402400184923,1.0629148204427288,0.7388023068475869,1.0815518951446499,0.6988395842973196,1.083218687676097,0.8192319340911208,0.9673671845349265,0.8195899827694485,1.0346872013630821,0.7809923435546263,1.055779954566243,0.7479045281916721,1.059369003508019,-0.6800687195586341,0.8887043929611855,-0.5732750839098828,0.9256472863881409,-0.5262633648115724,0.9907516925348251,-0.5335173400342076,1.0568490457259931,-0.5599950686912318,1.0945828691646426,-0.656866860151339,1.037473389673337,-0.6224186853505331,1.1189694666087218,-0.584589144553313,1.150198057812551,-0.5451755661717099,1.1730063823702104,-0.7288668539706309,1.038915844070084,-0.6641159063915758,1.1052213840373293,-0.6157037840428805,1.110018124593163,-0.580308796449911,1.102458385015409,-0.766317851292657,1.0313224691627743,-0.6823105361572764,1.0803216031287963,-0.6424723830924478,1.0771116817341662,-0.6190317193752688,1.0627722648652111,-0.7802287312015789,1.0241759347001071,-0.7131206987751135,1.0610106205041567,-0.6713723681553839,1.0607256927646895,-0.6474507062449784,1.0495770947302772
-0.09642446103469614,-0.29918761112431475,-0.04244037239821898,-0.37092108910257127,-0.003195801148648872,-0.38154211761520096,0.02801341283600389,-0.38864229029352826,-0.17069256761840554,-0.3361735827322344,-0.21164481935776605,-0.32580892965849595,-0.24907146533748603,-0.3160979239339035,0.09077997654035562,-0.3810390653763874,-0.287241364016455,-0.28811815625018383,-0.0028269202475577388,-0.2564217552574497,-0.15231523330019248,-0.21686496190470078,0.48634626192972485,-0.11604875487045764,-0.4863462619297247,0.11604875487045764,0.7194756704157211,0.2835303670525112,-0.5029741608102971,0.6097051203138117,0.8429893658001504,0.6742308364460714,-0.3974510607440124,0.991165640140331,0.9438566499206662,0.7901491879043615,-0.40596661209299,1.1170133417821322,0.8685919766867192,0.8122334614036542,-0.3372993577276316,1.1074266426195873,0.8206302177441381,0.7824489708620793,-0.3137514869358897,1.0619582075055172,0.8440886551882245,0.6716005305524281,0.7621369652603552,0.7339730431313756,0.7387126672034146,0.8027630526369394,0.7460862093421718,0.8687536530528683,0.7479597636730695,0.9251635205427532,0.8825123442855138,0.8290276240672689,0.8989755637383329,0.9157744373868658,0.8654952366719101,0.9520891131442806,0.8324772662772078,0.9688706954258194,0.9489532973116734,0.8115307707293805,0.9520425355862927,0.9062724056383678,0.9004245588803397,0.9366188707676313,0.8596752457081195,0.9453924641378433,0.9844701717262146,0.79274310687185,0.9935742898344737,0.8734605176396892,0.9457632046481438,0.9030048257359518,0.9063040068705037,0.9144779896317353,0.9988725032596651,0.7753654657597813,1.0143403195929188,0.8393029404422204,0.9821168457716022,0.86764615841375,0.9506654605878802,0.8787119148081695,-0.47501745742628504,1.0096131724379422,-0.36418681041669543,1.0243879545482628,-0.305607970915901,1.0784296811073486,-0.2993130439391753,1.1446200476719774,-0.3187329516162175,1.1869944351169828,-0.425741023786227,1.150998612361931,-0.3737638142132637,1.2234515521070508,-0.3296685912456832,1.2458064938729085,-0.28607507031558144,1.2595976219336658,-0.4948504768837227,1.1670950632818382,-0.4154504094857802,1.218226207879335,-0.3669849142613333,1.211640391572853,-0.33449432080921526,1.196177760650761,-0.5319685989962214,1.167449142877725,-0.43700484736418077,1.197374901436475,-0.39838058378857744,1.184534788783102,-0.37870234204837644,1.1649159675543714,-0.5463470507224203,1.163551913706967,-0.47134726613461386,1.1846919689518007,-0.4312628784219276,1.1749039291548504,-0.4112248946528581,1.15892536070268
-0.007897238860008052,-0.31373788743189607,0.06334787162371092,-0.36744952625177923,0.10387718534764909,-0.36670197732541876,0.13584500815398118,-0.36477726188619913,-0.06901755616915974,-0.36982227046155425,-0.11123789431142374,-0.3712689236895986,-0.14949272983527692,-0.3723554789297012,0.1937616919137538,-0.33968333736974043,-0.1946325922357646,-0.3561146028567873,0.06942511792481591,-0.2467134232488572,-0.08502156072916699,-0.2507065852748683,0.49941646372090176,0.02414944646382728,-0.49941646372090176,-0.02414944646382728,0.6117449186802327,0.4724857518561397,-0.6532152484023098,0.44481400038370983,0.6195570183614384,0.8827809564079664,-0.6530937296265557,0.8399332119823416,0.6845764765350815,1.0215971677342564,-0.6987839522977749,0.9584757560457193,0.6067304366749912,1.0222590751618839,-0.6280766031730112,0.9684712568425408,0.5688213597205406,0.9803298546238998,-0.5897620643171452,0.9307485623100028,0.6225150273687221,0.8801705844616216,0.5279284073304948,0.917321593780209,0.48741269989609215,0.9777491049010495,0.4763092117371829,1.0431724576876085,0.46101034328718143,1.0969227311459098,0.6185534632786517,1.0425154033568609,0.6072943593791458,1.128522598489175,0.5668182134629839,1.1545007986855653,0.5323801114054704,1.162969293102532,0.6876081977395508,1.0442988222511356,0.6637033094195877,1.1337045977043079,0.6075492242614786,1.1490396160996548,0.5660261972908316,1.146989872782984,0.7265656889842285,1.0358940897837396,0.7127757599464002,1.1132938649648554,0.6600925077403635,1.129077413503238,0.6190541467317361,1.1302202460689017,0.7441276516125429,1.023058482439057,0.7429706674393373,1.0878603907813682,0.7059665581650023,1.1066934525121181,0.6723255613315913,1.1095718510456416,-0.7359494649195377,0.8385594584504877,-0.6341041261812095,0.8820445088403592,-0.5920539791625513,0.9481173027012711,-0.6003121886497358,1.0125725483518204,-0.6239424735246626,1.0498993721012635,-0.7263361374913395,0.9877122262237236,-0.6959336644320404,1.0715221186111386,-0.6598901008113326,1.1053691807383783,-0.622497758223798,1.130814417570127,-0.7955773060847524,0.9851558339367374,-0.7370675837434242,1.0621510297383696,-0.6860668884076967,1.0848616082440548,-0.6433806068021465,1.092959348208004,-0.8315606593583823,0.9762443233881912,-0.7536690567575938,1.0356240716919247,-0.7102216858405012,1.0436754853029562,-0.6797954838802043,1.0379850803805917,-0.8448539173279251,0.968652081955753,-0.7814899401134304,1.0106233690401993,-0.7380811764333438,1.0189749321555888,-0.710464503577099,1.0152905522461664
-0.09054723763595021,-0.3002787878579254,-0.036300721572055994,-0.3708233097151248,0.0028958822500786525,-0.38086663321178843,0.03424589478631982,-0.3874963539812693,-0.164268770377939,-0.33793837457882864,-0.20529251961024428,-0.3280827973483093,-0.2421892095746728,-0.3189970076460695,0.09669465956953599,-0.3784689942253174,-0.2816678326809945,-0.29121977525209636,0.0016102267436360852,-0.25632799746315144,-0.14826894550713043,-0.2192550649471843,0.48783656785248974,-0.10961515892386028,-0.48783656785248974,0.10961515892386028,0.715303670114683,0.2923662841160576,-0.5113581721428959,0.6021329931385593,0.8316953060205315,0.686808930602046,-0.40196484788442993,0.9816225225680085,0.9311422245343479,0.8024480456915347,-0.41643029429666034,1.108435371035556,0.8565653272367197,0.8242441128217054,-0.34391761742841537,1.0988727791964041,0.808778946426888,0.7939816441894393,-0.3154300834566228,1.0515644746139108,0.834730864435707,0.6822066484833621,0.7534737628121112,0.7421748972115804,0.7322583513271403,0.8107637013477654,0.7390852581831241,0.8770682115055003,0.7385408436932126,0.9333190475150753,0.874968105466924,0.8388108331613829,0.8854430212782385,0.9252304120294994,0.8541971067488386,0.9610199410144405,0.8239758993702131,0.9775361330305185,0.942342498865026,0.8222711692296154,0.9435141026621235,0.9151562487173028,0.8942199546637998,0.944965503200972,0.8543672899360168,0.9532460720804709,0.9769936573689237,0.8039829695968679,0.9853484117036573,0.882461629637554,0.9395511600755704,0.911952289135197,0.9014679329032925,0.9235724364103517,0.9893122240946526,0.7871983227629706,1.0063184762502206,0.8501199167283187,0.9765875686272357,0.8781957463728994,0.945593321029684,0.8899024205742588,-0.4848596338322308,1.00444680692091,-0.3752244436672264,1.019266133888785,-0.31739235299216434,1.071662509679236,-0.30770088117223016,1.1360800034377088,-0.3212159952838959,1.1795761667162108,-0.43470490430492037,1.1448560816699105,-0.3840926408402948,1.2174539156164939,-0.34061903400175875,1.2390766040375294,-0.2975728545864749,1.2521478183381658,-0.5020685747529274,1.1603278502180254,-0.4259413793516725,1.2151977236142646,-0.37358367144923127,1.2160343011278896,-0.33514931784339386,1.2063780578825478,-0.5379949923479611,1.1604269723969134,-0.44792756940327305,1.1961368804497745,-0.40495656072445707,1.1898712889585776,-0.3788905424683141,1.1746982066071512,-0.5518481912399611,1.156071943151659,-0.4810124803732532,1.1802915275127248,-0.43790543835174567,1.175343163660378,-0.41285953755308885,1.1630210837507386
-0.08252932519173622,-0.30255543717399547,-0.02658691358864035,-0.3715711334325825,0.01274045120827611,-0.3806089394832799,0.0443153304264104,-0.3864115624546046,-0.15511609713978847,-0.34190468487273035,-0.19631092973124992,-0.3330606989311964,-0.2331799759551915,-0.32494156226810134,0.10636660663578577,-0.37557913228321943,-0.2736168763223256,-0.29809401066093066,0.00833585298199055,-0.256402345524979,-0.14236924311134347,-0.22334810350844608,0.4904533888410137,-0.09723925840094386,-0.4904533888410135,0.09723925840094386,0.7075761859008821,0.31022660144573805,-0.5263150948936959,0.5886392206625899,0.8139391428225966,0.7092987135938871,-0.42479213250502357,0.9701945187706364,0.9103194859749967,0.8263791197723612,-0.4431915132430739,1.0967108109226673,0.8352843978886383,0.846715145337313,-0.3691938392387108,1.0888271237693956,0.7881594371279582,0.8152662066413279,-0.3390776671387283,1.0420457860236307,0.8178572918905073,0.7024725902897507,0.7360760283946787,0.760815143270834,0.7133107265080589,0.8281449717882596,0.7174476867135409,0.8943850319606345,0.7146426527660491,0.9507770059622892,0.8541017796300698,0.8606570534691368,0.864855466983785,0.9463501433483807,0.8307796442726609,0.9813012427843493,0.7981140591219772,0.9969825896664939,0.9214152724092121,0.8456041708467571,0.9208656113185328,0.9383233366046358,0.8690588566609405,0.9672953841392008,0.8273767214615738,0.9748915634436353,0.9569312386748191,0.8279206121440061,0.9632552014698732,0.9067105194614589,0.9156115032825085,0.9355343454423561,0.8757610516868684,0.9467845211146018,0.9699284971857959,0.8111090115376451,0.9841053790821596,0.8749650360462502,0.9537889602656024,0.9031885722736775,0.9226178512731955,0.9151572848830709,-0.5088110382934338,0.990616599789933,-0.399134486653519,1.0083119184875622,-0.34218537917932096,1.0613881503147187,-0.3332334858040128,1.1254840592319046,-0.34697455891934,1.1691996884211409,-0.4600208234924756,1.1328274117306703,-0.41107876087754736,1.2062791471190217,-0.3681975217215436,1.228270869607555,-0.3263946696114123,1.242172730163852,-0.5278449566107641,1.1467111486951358,-0.4529012580218561,1.2068833511404213,-0.3960711431786973,1.2166623390053395,-0.35149642494584676,1.2144712565243563,-0.5639839982144976,1.1461029993679386,-0.47656549563511597,1.1866824062794257,-0.4306803302529661,1.1850954634910373,-0.40072784804071043,1.1726510509264032,-0.5773093689137617,1.1412889823047945,-0.508794720195065,1.1688279204783298,-0.4636752552883517,1.1677214224151558,-0.4362849854685311,1.1577756916112665
-0.008249703802787993,-0.31343470688860503,0.06246898401782743,-0.36716121298868004,0.10263176603509125,-0.36660428030983977,0.1348151637357313,-0.3647217646911195,-0.06916066722232776,-0.3688453666021359,-0.11125372359005802,-0.3700314258888186,-0.14891062796171026,-0.37089508923744546,0.1923732906146556,-0.3393068502409511,-0.19460074298173174,-0.35437415389615134,0.06886661269855328,-0.2470912222437948,-0.08532479885132126,-0.2508604524921404,0.4995163986511455,0.02198561981364108,-0.4995163986511454,-0.02198561981364108,0.6136705082693863,0.4693310940260804,-0.6509319233490565,0.4465063884834125,0.6216418188166667,0.8834687307819821,-0.6416704975287288,0.8412449281985103,0.6876421114748607,1.0191715543669295,-0.6900568145846645,0.9597736035741907,0.6098812242343558,1.021314466497375,-0.6155445394954294,0.9698815413634546,0.57143840581801,0.9796440148732594,-0.5751418500882927,0.9312514369864917,0.6261733112153934,0.8762371913082185,0.5336515818286885,0.9133742748635139,0.4966450211595643,0.9736701113606718,0.4858147979642462,1.0392074870115042,0.4695916315219873,1.092864732346097,0.6260985829483644,1.0379439108789608,0.6161806677596101,1.124772543408153,0.5747161316672498,1.1502952677832454,0.5393615468108874,1.1570219024480026,0.6950289948886522,1.0388809633563867,0.6725733303490621,1.1302441483047623,0.6146861171846185,1.1454715346516129,0.5730556478943694,1.14245210606669,0.7338850581638197,1.0300129858992475,0.7218981818218224,1.1093774297062327,0.6676322503122966,1.124966218393354,0.6265019172176793,1.1248136445367545,0.7510967649322219,1.0168398025396763,0.7506934637443129,1.0828215250673145,0.7129637136072168,1.1011674646835385,0.6795931458929987,1.1027237820016726,-0.726425339729938,0.8417021854494434,-0.6239284605111628,0.8849788963346127,-0.5808275113685761,0.9497006152008695,-0.5895750500941755,1.0145809866702253,-0.6125941436086668,1.0550797470130222,-0.7105433676181827,0.9890953894616842,-0.6843798916908929,1.0736539514174464,-0.6478358045881217,1.105704733621184,-0.6094657059793276,1.1282641770224515,-0.7805170481361582,0.9869036704624408,-0.7245291733967076,1.0640432379087053,-0.6716403192072127,1.0882663247022941,-0.626162210779589,1.0970616494999395,-0.8169989075454754,0.9782457563941301,-0.743206455388606,1.0374058922780502,-0.698794895296626,1.0485142170936912,-0.6657762926761025,1.0449424282981654,-0.830643455582015,0.9708469637525264,-0.7697005531920635,1.0128624348143422,-0.7253981969039777,1.0229124584245861,-0.6952396506578542,1.0204887654434471
-0.06336088045057281,-0.30698667752268227,-0.003187550218925611,-0.37231064737345476,0.03626891498552782,-0.3788219960530733,0.06836969979029196,-0.3826522081219613,-0.13286101201627593,-0.35077252733968306,-0.17448632137946055,-0.34450741311986066,-0.2116650718552184,-0.33871689342707695,0.1294282722221763,-0.3676042725846354,-0.25373850683864546,-0.3143667713399683,0.024128564918840793,-0.2553130093282428,-0.1284020719081174,-0.23195934662239173,0.4955594841544445,-0.06648907928811239,-0.4955594841544445,0.06648907928811239,0.6869461104890476,0.35372948346968397,-0.5615806465550793,0.5540912308739058,0.7676866647137313,0.7618398273860331,-0.4817984794641827,0.9408534445225617,0.8563650693711868,0.8828177635084595,-0.5088119466755102,1.0661975683304785,0.7802846938582207,0.89870449017623,-0.4328024290682988,1.0630866162684918,0.7350822418498144,0.8643921047197091,-0.4001632102530651,1.0175100019795906,0.7729430991204825,0.7502860958586666,0.6866790374862991,0.8038267235930527,0.6608088681018468,0.8695969512541059,0.6621588747559931,0.9358121671851107,0.6559022855167284,0.9917428876946023,0.7997921021048304,0.9107641138515029,0.8058481288873148,0.9977493666064969,0.7688761414258635,1.0298698869668081,0.7345705510685072,1.0428811612129134,0.8670403929087259,0.8996387532741325,0.8616115785932872,0.992778494514122,0.8076689944244455,1.0191194824171803,0.7657666158703822,1.0247699634751022,0.9035629816511277,0.884106619760195,0.9052297476380067,0.9637039100393899,0.8554185138534038,0.9894276513657226,0.8150189429171928,0.9980912497099143,0.9181133038670999,0.8680905893092523,0.9287218741343576,0.9320232131440355,0.8951887262406155,0.9571735819280842,0.8626460404048575,0.9655280133466441,-0.566109852196844,0.9558417741829301,-0.45650633451111683,0.9806642557182891,-0.40147222878836464,1.0365270297085858,-0.39690579527188025,1.1024778227239858,-0.4150670590859124,1.1463895867572333,-0.5245615712390086,1.098588449546412,-0.48403368263639174,1.1775635950123764,-0.44224133598691984,1.2012029026413138,-0.4007731430128547,1.2144948359036094,-0.5933660504944694,1.1085624283618973,-0.5241930014173678,1.1751171359130943,-0.4684257777424719,1.188947690543965,-0.42277899991278894,1.188878304385787,-0.6309051920640761,1.106482773149721,-0.5472939466169113,1.151363587030527,-0.5029410362675676,1.1529030131838833,-0.4721864414647423,1.1421434446467995,-0.6460504783004462,1.1015956454096534,-0.5777012675432729,1.1319892676341283,-0.5331468701095651,1.132995498809559,-0.5049308316610919,1.1245015134934242
-0.014948278930881794,-0.3129848617769616,0.05457848985735771,-0.36817832832901415,0.09445147417544554,-0.3685033326730232,0.12680463369047926,-0.36731272393221526,-0.07675219628290762,-0.3669573954787814,-0.11884492868966602,-0.36719436172894127,-0.1563462420169408,-0.3672198428522555,0.18474470551241037,-0.34274488904752654,-0.20177853980736915,-0.3496484973211788,0.06338056444359351,-0.24841620319749785,-0.09096164344967723,-0.24900921497452289,0.49988026376767253,0.01094175011422537,-0.49988026376767253,-0.01094175011422537,0.6241792587668089,0.45583770035353355,-0.6401460235005078,0.4605488034766791,0.6402429962159325,0.8725458596943718,-0.6205745356589932,0.8548098804878016,0.709104259347395,1.0051919227075357,-0.6666876559118533,0.9745399590911935,0.6315536502380391,1.0092341456445457,-0.591020181984869,0.9834055088009938,0.5921523527043827,0.9683591351439154,-0.5521207365347351,0.94309545239642,0.6455020075387904,0.8602925144148271,0.5529036387884426,0.9002050251595224,0.5177532032822171,0.960932964947602,0.5085248178710944,1.026298844611723,0.4932877230468309,1.0803710022424229,0.649430382705241,1.0232519473612245,0.6411923466826938,1.1094383264522665,0.6004207294212901,1.1357585245985904,0.5654186935590962,1.144911383566405,0.7170267305736077,1.0223830142285053,0.6975431622085417,1.1126755002107682,0.6412646197761583,1.1305109804962352,0.5989867175142873,1.13035327086789,0.7551071167235299,1.012348537025233,0.7453614374756491,1.0900201680798183,0.6938726933921037,1.1083298770743377,0.6529615279019013,1.1121220698686638,0.7716538662921323,0.9987086046642504,0.7734896893585547,1.062722676633815,0.7383499868896939,1.0834102942137884,0.7052359039067226,1.088425399645111,-0.7031620989280195,0.8561038171355085,-0.6004108919879764,0.8979428305671838,-0.5556417847658713,0.9613714744581797,-0.559866710557893,1.0270511731442455,-0.5830132073031373,1.0689630803231331,-0.6872488331512157,1.004493457181744,-0.6583352877672621,1.0883943529521996,-0.6194695587135243,1.117252312033273,-0.5794764932233704,1.1358255099351138,-0.756458956816515,1.0031723793384824,-0.6979795557700612,1.0767111123865774,-0.6451503009773336,1.0949612537629985,-0.6012543382763383,1.098160155603312,-0.791260349182227,0.99503380194591,-0.716377744725552,1.0514485936761804,-0.6720393828327286,1.060301961064311,-0.6387507986336967,1.0553653242859553,-0.8039975660353896,0.987911074715964,-0.7433565159517184,1.0287425809730169,-0.6994021643036831,1.0378455565794202,-0.6681239729523696,1.035015263010223
-0.05069880675738989,-0.30917454569063246,0.011988835923912004,-0.37196534420541955,0.05151964528453109,-0.37686272676391563,0.08381438969884308,-0.3793961649207769,-0.11821727205346062,-0.35563479998578484,-0.1600900893839129,-0.35098940251295846,-0.19728032165622172,-0.34670510433393226,0.1441807194719701,-0.3613843400251496,-0.24052032843314705,-0.32394106401938894,0.03449486081985833,-0.2540471592240534,-0.11901197319149631,-0.23690517489992305,0.49781950649002066,-0.046644817054333994,-0.49781950649002066,0.046644817054333994,0.6727335062686118,0.38163723874412653,-0.5826920955800539,0.5309618390709883,0.7363750786021742,0.7940588890421841,-0.5174323970459027,0.9200448299645815,0.8196564590765155,0.9173150150493298,-0.5493689913429852,1.0444076494936627,0.743337395347737,0.930419697668887,-0.4732307533244258,1.044522306681701,0.6995969919134889,0.8944890404680195,-0.43952245630406134,1.0000256231915763,0.7418392309583266,0.781481934586614,0.6527396444432408,0.8322061835402073,0.6238623523099118,0.8968328575965555,0.6231291075406415,0.9632035264313683,0.614418750757436,1.0174960328778924,0.7612053071539572,0.9396379279311556,0.7652484002161829,1.027994299697331,0.7264587859539712,1.0594246947895043,0.6919099431584939,1.0724959103287413,0.8297724956950688,0.9319758485555317,0.819398919105574,1.026749261709396,0.7615957746763354,1.047616162232304,0.7199167185060314,1.049189750128467,0.8669791722428676,0.9193228527366148,0.8645157550845592,1.000830931976996,0.8113222258173991,1.021318585059016,0.7708524399709674,1.025291061589321,0.8813705005331014,0.9052742011235317,0.8865201610265383,0.9714867047643124,0.8498182507142618,0.9944844949463187,0.8173784122628428,1.0005055786336206,-0.5972607873173832,0.9318387712850664,-0.4892004607929609,0.9625622604101653,-0.43926420687572976,1.0205424980298456,-0.4391249637541734,1.087645000047247,-0.4563122587197135,1.132358537050472,-0.5633350239435168,1.0763145540930097,-0.5283412317662858,1.1584203593348266,-0.4868364757338644,1.1823784812258935,-0.44261950198769234,1.1950493268170865,-0.6347623038236159,1.083414258474007,-0.5671569719487344,1.148225269645944,-0.5142172940369969,1.1545766391164347,-0.472121192536757,1.147496075729738,-0.6732326260992826,1.0794920711182918,-0.5880548305717437,1.1232594702261838,-0.5458490458939416,1.1218734202328076,-0.5164445203885254,1.108505768136781,-0.6892185929827951,1.0737476973888735,-0.6204558062682313,1.1049299059433948,-0.5767684305109272,1.1050021427427519,-0.5481343061191474,1.095333926633693
-0.08333020864313893,-0.30203281831830286,-0.02765817689833585,-0.3711360421964863,0.010999595185245542,-0.3801963390843882,0.04290652461218437,-0.3861716701137659,-0.15523533950261623,-0.341024634217002,-0.1963765829041272,-0.3319102513132001,-0.23284003908864145,-0.32368584171421094,0.10485757978447272,-0.37456879313856245,-0.27359290643948536,-0.29635315318820904,0.007190692110916473,-0.25633148166636516,-0.14390276185309187,-0.22291020442090712,0.4899788953032091,-0.09960262123783074,-0.48997889530320926,0.09960262123783074,0.7099323250473272,0.30801533401906067,-0.5223683975720017,0.5897020769220193,0.8168781324209283,0.7116251898869491,-0.41546968637021425,0.9690076308828668,0.912478198084614,0.8249341043120988,-0.43421008797475585,1.0962851469063937,0.8381937981429833,0.8461735717041626,-0.3584993959498396,1.0883902124900506,0.7909872597019784,0.8152658580374483,-0.32988470336442743,1.0405411722625866,0.8206362894185816,0.6968157855441252,0.7380269296481244,0.7570949160551204,0.7156994554185492,0.8252139767823742,0.7217993775589275,0.8915094320945809,0.7191530238625856,0.9464470899441547,0.8581163589726477,0.8536473593509188,0.8699559899209063,0.9399097440521792,0.8364043608600139,0.9749954626370405,0.804727829465301,0.9914152420388709,0.9243882962024333,0.8386752861437788,0.9251513577158454,0.9318466827378227,0.8726166804269219,0.9589297416169598,0.8326474328183548,0.9655391971094001,0.9594950107718776,0.8216989212425678,0.9667261589678356,0.9004311685196532,0.9182700119238811,0.9265132849961114,0.8798241002111612,0.9354737082104033,0.9725430487475731,0.8057854612297232,0.9862164476195688,0.8689581788947888,0.9523962457104124,0.894709816413152,0.9207673375699498,0.9034420385354327,-0.49332081030294467,0.9887130523496334,-0.38291614095586585,1.0082722259797279,-0.32561450665193753,1.05968363114647,-0.3147306452271059,1.1240951104749086,-0.3275850812893805,1.1678797678703892,-0.4459467285729141,1.1312435978995818,-0.39925378113008625,1.206946727715301,-0.35597615759288914,1.2260471497346297,-0.31107880143643685,1.2347542866958663,-0.5147546691946365,1.1444429593560417,-0.4384285005979357,1.2020149731526708,-0.3817810731706472,1.2055344396123013,-0.3373037953684917,1.1965310265104916,-0.5519191611003479,1.1437352076744476,-0.4646048753629639,1.1815385608781723,-0.41821243292928434,1.1788877108841394,-0.3855417155211897,1.1645781884312878,-0.5669618390254041,1.1386579026027484,-0.49946254331027534,1.165445906138141,-0.4539206922380962,1.1645475271614436,-0.42267420450722953,1.1538225727203117
-0.07573282469005051,-0.304125877789354,-0.018376767185124158,-0.37178862613685937,0.02037267604800536,-0.3798766485587795,0.0524643004588642,-0.38507256351055064,-0.14653104069118536,-0.34483953225042185,-0.1879067471335641,-0.33671893138404313,-0.22450888781682854,-0.3293963630029891,0.11404109314305243,-0.3717600797380783,-0.26619465160644096,-0.3029899550322558,0.013483883926293353,-0.2561947727540287,-0.13859848514864206,-0.2265464348576546,0.49224659870209664,-0.08771137934280282,-0.49224659870209664,0.08771137934280282,0.7023178785645623,0.32535281075709843,-0.5362173412299281,0.5763326502124565,0.7992875319635894,0.7317348923952293,-0.4375318527985011,0.9575189080252128,0.8918257274560917,0.8470237724966445,-0.459505680646222,1.0845222777552646,0.8171591814197074,0.866421200914784,-0.3836209992236973,1.078544007040742,0.7708136540344457,0.8345256218707501,-0.35396680157817056,1.0313318980276378,0.8043320403108492,0.7156567939897206,0.7196860459337732,0.7734569808499171,0.6953978013010282,0.841392003204016,0.6999497169254769,0.9078004504695166,0.6977733149691502,0.9625355537366482,0.837159394110042,0.8742776109004657,0.8460861313952978,0.9609483030818488,0.8112657800068497,0.9951432583600471,0.7785994848180324,1.0109324562392892,0.9044602007037473,0.8606107208832808,0.9018711460895379,0.9534075179118371,0.8490866204954408,0.9793357671130116,0.8088315817396502,0.9852658529403865,0.9401725191913193,0.8442571041623358,0.9440381647427918,0.9227877835844138,0.8955602502238555,0.947950679737881,0.8571371966636833,0.956514128652498,0.9533169561829764,0.8284704531588556,0.9644994054409973,0.8919784402802796,0.9307272589679839,0.916814484930181,0.8992070641980637,0.9248955349584534,-0.5176127854414292,0.9739339052910398,-0.40828871593358795,0.9955876166160001,-0.34884634776611506,1.0480490040396362,-0.33410298103151304,1.1118751081625389,-0.3442704323981129,1.1574582484352514,-0.4723729222684676,1.1187685785810069,-0.42808779564525384,1.1961436591114871,-0.38337534617189467,1.216143346367055,-0.3368258640104958,1.2249527092943397,-0.541734501886998,1.1310464509152105,-0.46605714590580755,1.1872324295441254,-0.409820139514974,1.1895939380538842,-0.3661116683976647,1.1792463276417573,-0.5788594785702954,1.1296749970527726,-0.4892438014737146,1.1661602446161625,-0.4428204664075693,1.1634426488118834,-0.41016776714141934,1.1498030064489169,-0.5941356752993137,1.1242817653932813,-0.5230765385763737,1.150778902179034,-0.4765705022326493,1.1500467326900539,-0.44491154046299725,1.13962610454377
0.015920269394562103,-0.3130731100325039,0.09043470665902678,-0.36113263801606493,0.12975896547211752,-0.3576327063718759,0.16201576697184553,-0.353280112264141,-0.03993792215147019,-0.3725413572128209,-0.08189537132241495,-0.3767761529069572,-0.1190239851112215,-0.38038869635340916,0.2169631112768332,-0.32256542120381343,-0.16674547158194494,-0.367192014846614,0.08729393081556264,-0.24132041351665184,-0.06696587162160401,-0.2571889244247161,0.49651495195421147,0.058931337044962694,-0.4965149519542116,-0.058931337044962694,0.5777687111400099,0.5153304666766382,-0.6802307726838991,0.3956817728279634,0.5524419232254599,0.932223249263081,-0.6959415538445028,0.7887594068701629,0.6074817300665745,1.069372889653191,-0.7538924870234834,0.9040637443883914,0.5304287969664087,1.066299791411398,-0.6797094733984299,0.920321099618695,0.49534321537760945,1.0223881156846986,-0.6376700654046391,0.883792178081002,0.5610479789327452,0.9186802820996888,0.46256382484193903,0.9493401145710486,0.42005163922697797,1.0060612673028402,0.40557905525424687,1.0714446527650314,0.38733230079669234,1.1238021180443416,0.5444862281914663,1.077265518872782,0.5305949730404143,1.1650758870473799,0.4874038647249098,1.1880320191089146,0.45156451555642063,1.1930374608887373,0.6135359213464696,1.084115084702186,0.5847445209920648,1.17448942662272,0.5258329499318796,1.183721817876452,0.48540802817914824,1.1772617003515518,0.6532117215628646,1.0794949236262112,0.6343154320004271,1.1577417085474346,0.5794654625270893,1.1677367955875717,0.5391618992700585,1.1641252456538311,0.6710242728838773,1.0688418696438,0.6631139481316118,1.1335884323825582,0.6224616456814263,1.1484588526073432,0.5889506586437854,1.147540859460982,-0.7804561168850339,0.7786552176912394,-0.6786288633839715,0.8296844228934099,-0.6342024910012046,0.8996067637370996,-0.6382895829214547,0.9657040181956292,-0.6589397948236498,1.0056115678733004,-0.7758817389497185,0.9331047476037178,-0.7576269628824533,1.020544380004005,-0.7187286989180901,1.0531238649707537,-0.6760005375549821,1.073897620880089,-0.8470027787653641,0.9247983334946331,-0.7871629169842689,0.9987609989225279,-0.7354053257904177,1.0106833135072018,-0.6958143465391127,1.0066679257005966,-0.8817316024869052,0.912790190556422,-0.8053626653322239,0.9733795247047798,-0.7610681251608844,0.9820905436827584,-0.7279842105443102,0.9765068094400001,-0.893922771640845,0.9033908655240951,-0.8352005172755876,0.9491248927979201,-0.7909649686928121,0.9605477203447942,-0.7583447382965782,0.9585680715150761
0.03679880606462624,-0.31113480270799576,0.1142929301281563,-0.3541570300071305,0.15324349237404206,-0.34804897546286245,0.18514985945968024,-0.34160852865438307,-0.014875425128808715,-0.37417959593666283,-0.056520968309353874,-0.381187256547101,-0.0932637001615087,-0.38726067231620837,0.237850176787133,-0.3071882682680363,-0.14191410140427865,-0.37724103816911236,0.10322758489633518,-0.2347971616828802,-0.04961669656316338,-0.2609555159825739,0.4915455002717827,0.09155883989305934,-0.4915455002717827,-0.09155883989305934,0.5426333810175309,0.5527407784292862,-0.7044109603526539,0.35006781887970834,0.48965084552502874,0.9666197192088372,-0.7459539134086867,0.7408332596521521,0.535134055560349,1.106974564389878,-0.8105360886856946,0.8523882819112446,0.4590013627071625,1.0988618757964335,-0.7366810474761778,0.8735126083413864,0.42695775608752123,1.0527499884266425,-0.692617825359696,0.8397564120620371,0.49414515626477995,0.953836383403971,0.39452309110250167,0.9790408730888287,0.349934120789672,1.0334486432037924,0.3328239427011365,1.0970163345465276,0.31248714535689004,1.1470086435239086,0.4719719298249905,1.1124786981676356,0.4517918056610979,1.1975484662990272,0.4078017045091003,1.2173290893942312,0.3726334391811906,1.2210105314716286,0.5398322792772833,1.1228584486923108,0.50606685605346,1.210008532802151,0.44734731604291506,1.2154944595798052,0.4077072270106015,1.206644588889934,0.5793160829413303,1.1199716693365935,0.5562597012747065,1.1966582538047774,0.5009943880449251,1.2026715828321581,0.4614046660714292,1.1961313925934351,0.5974176993482206,1.110022949494992,0.5848269948223772,1.1744411555473773,0.5430810203068757,1.1851835423177013,0.5100066191810071,1.1805904284511726,-0.8265927598480455,0.7266370984473459,-0.7276328174125865,0.7858140666279032,-0.6855073240990741,0.8568353128918524,-0.6874717154596911,0.9222570634642999,-0.7064268058529611,0.9630280457979179,-0.8313844754062322,0.8801687228683959,-0.8279721250348968,0.9694160321822448,-0.7906763639705409,1.002959967898669,-0.7482324161502555,1.023918202334931,-0.9014508960663152,0.8677097396042621,-0.8584559370345352,0.9495609249536401,-0.8069667365256479,0.971209443833614,-0.7644531001938699,0.974813060537188,-0.9378241447515486,0.8532909512628027,-0.874332139378916,0.9216194679671409,-0.8279304727744745,0.9373943792883327,-0.7904589791049917,0.9370884928363806,-0.953201922176733,0.8420777526600381,-0.902895165083981,0.8915838182611807,-0.8581823062249633,0.9090836606022183,-0.8231668413883702,0.9127857435110117
-0.08285908602415205,-0.30219922334305416,-0.02729362012376533,-0.3712288101691654,0.01104289165921317,-0.380217801047118,0.04302711058211276,-0.38626185462902957,-0.15436781364104954,-0.341186803137166,-0.19567550843968157,-0.3319764457443413,-0.23198172746003393,-0.32377261741382257,0.10468136854482533,-0.3741203634066837,-0.273488115901671,-0.29609688054922223,0.007382451031761762,-0.25646222580903677,-0.14415036737233045,-0.22315938924440623,0.4898448669352563,-0.1002596944797916,-0.48984486693525614,0.1002596944797916,0.7112734224473194,0.3080202031686081,-0.5207338757717478,0.5895767224847905,0.8176020703758152,0.7112776995791398,-0.4130089481429691,0.9671341602619313,0.9126177086084913,0.824205273991879,-0.42989918514241243,1.094758261891874,0.8392007770264103,0.8452233856878638,-0.35350869313106914,1.0858967328571718,0.7921558510776852,0.8145749727580048,-0.32537811106856696,1.0382436457751107,0.8219831064443304,0.6969826493929032,0.7372948045243767,0.7573172895249728,0.7136200490741329,0.8255329869549302,0.7207086550334163,0.8903062154109487,0.7213803238533082,0.943855647797276,0.8540685917247584,0.8524043370227357,0.8701875486368228,0.9395828293163172,0.836149624326373,0.9749800368554734,0.802977913962489,0.9908129482680831,0.9209057247523151,0.8366595448266998,0.9248253928918051,0.931472859860576,0.8718041386964037,0.9586609735650092,0.83175944022781,0.9645785786657171,0.9572714669681677,0.8196132219597612,0.9653969230510119,0.9008065890417867,0.9157175088978609,0.9265657225260112,0.8768655399032549,0.9339672213727762,0.9714663464239098,0.8035739938335419,0.9845426277169558,0.8687953655597341,0.949103803792857,0.894041817225847,0.9169166956279853,0.9009294575838236,-0.4889174246652516,0.983792680790943,-0.37503053949962833,1.00217885957517,-0.30829605074118105,1.050591832935978,-0.2853390524870963,1.1114254212595451,-0.2891729139374338,1.156955039934683,-0.4420504546400743,1.1265059015791092,-0.4151569854306854,1.2109472797907446,-0.3664471489043455,1.2220110442535232,-0.3186485396525121,1.2172605722131318,-0.5119547384771378,1.1410693171057835,-0.443517120118864,1.2049507651677158,-0.38297345871018307,1.2044667348506326,-0.3402848762589345,1.1899256593271845,-0.5524191972871201,1.1424803530150562,-0.47167944884134316,1.1856842644835326,-0.41987312784197517,1.1824084036574425,-0.3829463635938509,1.1672000225958223,-0.571146950632109,1.1384861898439942,-0.5075746440496884,1.1667069293952415,-0.45719808748472013,1.165453250063423,-0.4197928043415865,1.1552346433553304
-0.0892417823935176,-0.3004261860228861,-0.0351989009658165,-0.3706499122256481,0.0028880908731676973,-0.38044376480316155,0.034740427885697735,-0.38719676407954684,-0.16149422933068905,-0.33790141490279607,-0.20265389130937153,-0.3277800833123394,-0.23875637178612585,-0.3187949873906314,0.09653661228915078,-0.3763134249937116,-0.2798052617407541,-0.2901718646601131,0.0019549988126392145,-0.2566134757495289,-0.1488787818192508,-0.22006142467506135,0.4875461456093944,-0.1108997560927124,-0.4875461456093946,0.1108997560927124,0.7184510173317927,0.2927966346288003,-0.5067414205223004,0.600635182315316,0.8331203420462457,0.6935398506808335,-0.3918222310545858,0.9760703937773985,0.9305177688728423,0.804400933762253,-0.4059311289270378,1.1039239541696897,0.8576501535297801,0.8269516831731509,-0.3296052944945471,1.0930737161541186,0.8100002417161992,0.7973210333402826,-0.30243800133303533,1.0450376830544772,0.8335679036725514,0.6796088251485225,0.7517054430436282,0.7421646082811164,0.7299964532533443,0.8092584931997807,0.7384746117122186,0.8742420074071109,0.7412085465458506,0.9285500096191015,0.8727713743775665,0.8347112177549064,0.8885533802183448,0.9210142360234868,0.853926090953272,0.9569853453869462,0.8205535550527687,0.9736361306330328,0.9391705446633065,0.8174549330783922,0.9444169954264401,0.9114131488411563,0.8918325897272507,0.9399343626010351,0.851559061256721,0.9472514567780391,0.9754615360524853,0.7992735360888986,0.9854305276282501,0.8795802443012817,0.9363426520332209,0.9067870041480078,0.89726230671991,0.9155000603432897,0.9896285769097098,0.7829099738205444,1.0045161776394043,0.8480464029448268,0.9694919713031156,0.8739805156797018,0.9365839262462827,0.8813590241181529,-0.4666136621520997,0.9956228562804681,-0.3531671281665326,1.0120622127420438,-0.2859469379777214,1.0606381205918536,-0.26354182424842276,1.1211108951681228,-0.26695441431081995,1.1672059555499352,-0.42441871011114213,1.1347013034128277,-0.39707500289504927,1.2211958465260107,-0.34474147353705226,1.227570085375028,-0.29375170516847005,1.2155713758058622,-0.49306290025959704,1.1500370782195455,-0.4169857780177241,1.2095569786011675,-0.3555704382287161,1.2016976682199747,-0.3153085068556306,1.1807492091612353,-0.5307937689685505,1.1527012129072187,-0.44014650938995964,1.1899578582527326,-0.390206457978361,1.1810925252385083,-0.35788520390787126,1.1609228217497107,-0.5466225345559818,1.1507296424992246,-0.474620900754012,1.1769155039334669,-0.42341668704673985,1.170294393022105,-0.388160130262832,1.1547890657679525
0.04012580535453592,-0.3110015946140864,0.11788855952311052,-0.35343042280443704,0.15666752303259782,-0.34699672979127716,0.18855891702261798,-0.34030422960415363,-0.010749974486667112,-0.37447567486826244,-0.05254320403443676,-0.3818507778395586,-0.08918597374906266,-0.38821474341321294,0.24049975343439095,-0.3053869578067593,-0.13852862672775293,-0.3786253396236867,0.10578752439768734,-0.23407755152135323,-0.047038249746620825,-0.2615878995645502,0.49080338668926976,0.09545698305699385,-0.49080338668926976,-0.09545698305699385,0.5394608414533139,0.55838875620004,-0.7040981530935203,0.3452970358904043,0.4815174537942821,0.9711382865695355,-0.75281304731984,0.734921018701242,0.5264873515184183,1.1119339608790817,-0.8175890007487515,0.846141178586596,0.4504933989500132,1.102962151314911,-0.7430834701703943,0.8667980288380901,0.4187966576968556,1.056651852628544,-0.698817431413147,0.8339519124047005,0.48892428223136614,0.958922914943896,0.3874614309092277,0.9809973667084108,0.3409669331418496,1.0357986807740087,0.3225230951019497,1.099470822501339,0.30094801171250624,1.1494312137648717,0.46099656146629614,1.1157671534552285,0.4405452255015933,1.2028252975923375,0.3935196513287116,1.221887365544963,0.35586285716515037,1.2229667981698116,0.5288722427134357,1.1274969453386148,0.49354862651265674,1.216744885248491,0.4318326973940384,1.2210163120585373,0.3923118689141626,1.2105671570685685,0.5687620396630231,1.1259375317699631,0.5433691513341644,1.2044608383911706,0.48546176271642594,1.2083712968007623,0.44640419048067376,1.1994894056071426,0.5879869613395745,1.1165082415099903,0.5739639779212261,1.182096030928475,0.5304894263534666,1.1910436272317362,0.49815200818121336,1.1838400621848342,-0.8367416445720334,0.721269884597006,-0.7343630112317888,0.7819154641959372,-0.6943793401118704,0.8567579111012975,-0.7053405833958676,0.9209145120977529,-0.7329577321557639,0.958977965918205,-0.852719070934267,0.8650843408447895,-0.8666924872963596,0.9570875753127149,-0.8116714970769588,0.981217889530279,-0.7582537870676014,0.9854113844080528,-0.9204515682864255,0.8501125506253584,-0.8703401255523715,0.934772605657965,-0.8022174380605227,0.9426684848716816,-0.7619098336573225,0.9311132553161426,-0.9518263032856532,0.8388055462373235,-0.8788783560668987,0.9115304708715414,-0.8250183737432958,0.9160884455427784,-0.7914242299065991,0.903868563888309,-0.9610056423092864,0.833171384757422,-0.9024183852932655,0.8879389031858225,-0.8524747178243233,0.8978136711532834,-0.8189706627112042,0.893196257740166
-0.04906372015975284,-0.3101948794964615,0.013662475611757874,-0.37279409270821906,0.0525906593407184,-0.37751558806457414,0.08510901487515829,-0.38007127877040336,-0.11554897302150895,-0.35681934173413293,-0.1577470948628372,-0.35213421181664256,-0.19468579701522878,-0.34793799873405773,0.1446524375109338,-0.3611346557421751,-0.23943680192317557,-0.3248199047036245,0.035383742466220065,-0.2548329766695248,-0.11886060444530187,-0.23825922211516146,0.49780566418240985,-0.04679231462441079,-0.49780566418240985,0.04679231462441079,0.6750697260139449,0.38450188422214,-0.5764014383885581,0.5299715682120111,0.7354630737884826,0.7960610997895196,-0.5174047863760886,0.9184505219417124,0.8181870667466116,0.9183750443039789,-0.5469057441927532,1.0429712105382032,0.7427319385031851,0.9308434051353015,-0.47283096807030944,1.0420256412891358,0.699310509623771,0.8955515602653106,-0.4411302549761093,0.998811489595723,0.7356630649243541,0.7832056592662867,0.6463556724908058,0.8343306284602623,0.6166301008662533,0.8994820007894535,0.6177663018189619,0.9648430727128467,0.6123850925151457,1.018098138960072,0.7535294187535271,0.9425512550654258,0.7595856890006994,1.0308891630271426,0.7202209406616855,1.0607840495499572,0.6849070480768129,1.0707052917964923,0.8217928262988683,0.9346141424350662,0.8142646600651506,1.0287431300381584,0.7580338440142099,1.0493778824804212,0.7180493075677828,1.0497703525744346,0.8602405191843583,0.9215513007837742,0.8583086834114805,1.0027527235664657,0.8059261824020737,1.022700631184828,0.7668323063395933,1.025478811540587,0.8771913452286552,0.906790352710535,0.8818651993199487,0.9724315825816219,0.8439830288637797,0.9930168298414601,0.811990557516496,0.9954381060599269,-0.5916713470970336,0.9276742750310821,-0.4816008984440054,0.9599577268350742,-0.4379699679793919,1.0236395563400025,-0.4401991233447965,1.0892962826827743,-0.45584374113420095,1.1355988964114674,-0.5755073761811852,1.0753198148085332,-0.5679965980196734,1.1639789490045784,-0.5107697934984101,1.173323294466786,-0.45916872112714613,1.1647701757527695,-0.6423554171755715,1.0767706157226267,-0.5826213402122573,1.144146643367408,-0.5136379493136305,1.1359734107628479,-0.47354644312933525,1.115035170120876,-0.6711527563361993,1.0710425107034258,-0.5879639921473891,1.1186325793936849,-0.5321282541540754,1.1089820088199456,-0.5013601320815168,1.0897253249682874,-0.6762870496735827,1.0659430046390144,-0.6136772166669628,1.1025048064356326,-0.5607574573616743,1.0990266266068982,-0.5269450050642993,1.0860407593430337
0.03382236414888565,-0.3124464703425323,0.11086352747454922,-0.3564193290263521,0.1494759965010788,-0.35079620668137945,0.1815409271668247,-0.3447333231861178,-0.01771113401112652,-0.37485117341919105,-0.059681475981506464,-0.38140149940281326,-0.09637183884913655,-0.38703827277927855,0.23401823812817,-0.31075226446076226,-0.14567762342611218,-0.3764573737344132,0.1005840611979083,-0.2369254495804068,-0.05228492034318391,-0.2613257666085616,0.492643657404542,0.08545306793249843,-0.492643657404542,-0.08545306793249843,0.5507578407202057,0.548603568750779,-0.6950260080005219,0.3608529837033455,0.5008233284304633,0.9609417241535303,-0.7444302955740005,0.7508822364041062,0.5484782655844803,1.1004637359146934,-0.8070881216795204,0.8623785606646769,0.4727850804709764,1.0924918923939873,-0.7344109726525642,0.8814829565414993,0.4401726390357435,1.0473420958080266,-0.6921941696220788,0.8486872747851285,0.5010983745888365,0.9496218295855101,0.4037656497566447,0.9745036063592774,0.35846425013724537,1.0287097671884826,0.34175991378909526,1.0911116844201003,0.32205992521446325,1.1409759532098356,0.47736013614171935,1.1064401709618727,0.46200195503527497,1.1946812815618708,0.41544218875819,1.2128441026534964,0.37794010853242777,1.2127473077208075,0.5450477004821559,1.1170739275926258,0.5127170567950304,1.2066738225828595,0.4520398318635139,1.2119569426451464,0.41265770984277056,1.2017180298320114,0.5856193932624963,1.1152684426521011,0.5612522296303648,1.1940756246310642,0.5045781149138776,1.199641870805337,0.46520107918824505,1.192178391620315,0.6057455880513668,1.1061455693687916,0.5915477741847688,1.1711378414437208,0.5492860301937232,1.181734465270443,0.5172688477376933,1.1765530747534758,-0.802214034740084,0.742964292752332,-0.7133092454808038,0.8061799740063063,-0.6988131156814481,0.8774972312345038,-0.7241491656285421,0.9382066897490303,-0.7551005068401863,0.9782038537457094,-0.8511123454318771,0.8834084604374792,-0.8644863737739618,0.9712377316740669,-0.8114698429891448,0.9992801103315501,-0.759584451117989,1.0101547229333894,-0.9071277832137742,0.8659449874667489,-0.8683306391652692,0.9472875123740508,-0.7962197886624522,0.9660697761292616,-0.7451165115674386,0.9639903267296538,-0.9244511110136611,0.8535081430484049,-0.8592339880424102,0.9193028228259261,-0.7986212117937821,0.9322594931474403,-0.758466057053437,0.9292064840499493,-0.9212696729878033,0.8484346622380977,-0.8731578763927899,0.8978817844466969,-0.8203962981209506,0.9118435365168741,-0.7811858041634021,0.911499532344088
-0.00044575481554028046,-0.31449358216832746,0.07193263063503609,-0.36630438051183517,0.1107374165759337,-0.3647893176939803,0.14314048113919547,-0.3621539334629307,-0.05738746247105814,-0.37106559712094056,-0.09975638634794934,-0.3731597368222717,-0.1366974446713124,-0.37490108989030524,0.19924628618852705,-0.3338017110625705,-0.18447088579692933,-0.35917839677787483,0.0739008418165425,-0.24650626872740056,-0.07994324627456319,-0.25456458247830244,0.4988963509631009,0.03320287631670621,-0.49889635096310075,-0.03320287631670621,0.6055164778950118,0.488112253750814,-0.6533330630167169,0.43217635043539543,0.5992495617966397,0.9027446544792189,-0.661973071673063,0.8260422863630437,0.6607947184029661,1.036321996920064,-0.7144044080629949,0.9425929148848702,0.5851151993808654,1.0360543877621242,-0.6393340601128288,0.9544200760677493,0.5480645445777249,0.9947484217369309,-0.599651259311833,0.91783702236927,0.5988415643307465,0.89208447743959,0.502320434459422,0.9264032696756925,0.46224135233435587,0.9856945447016529,0.45262056790176736,1.0493648866062293,0.4411455199542667,1.1006675629394118,0.589488713451849,1.0506721781695592,0.5829485684895359,1.1404684474654232,0.5394388858873238,1.1641316023085908,0.5028987868395707,1.1673702857475758,0.6586038261316688,1.0539596217995808,0.6354319271053626,1.1467760997010297,0.5762536681933329,1.1583066196213896,0.5368148110362198,1.151364952558672,0.6986973755262524,1.0477673685648308,0.6822448174460395,1.1287051604506806,0.6269062311003968,1.1402216357589183,0.5878940565390823,1.136489596622144,0.7176225510997576,1.0365767108302824,0.7097808524518623,1.1026295370030827,0.668804081286663,1.11777060432834,0.6364385830439886,1.1159060754963037,-0.7170049023655394,0.8178461351743961,-0.6201508953795138,0.8698450650776183,-0.5977204841921518,0.9403296746272216,-0.6155632961056131,1.0068697657969155,-0.6389764930039302,1.0543240502668183,-0.7527895962343423,0.9591027191236055,-0.7561286470864966,1.0518762452994534,-0.7007361136652939,1.0817407517161541,-0.6497461144276314,1.0940036968242317,-0.8060980807450546,0.9480364014219143,-0.7575210404910481,1.0251883904334214,-0.6846656016455052,1.0329368060940443,-0.6408931896853519,1.023061174888965,-0.8184069188749575,0.9386939132112223,-0.7437532198454851,0.998567213825752,-0.6868728538330786,0.9985596491803738,-0.6568723374680132,0.9865750035971336,-0.8138608990050853,0.9347785549766124,-0.7602223915162113,0.9804614933374158,-0.7093424939462452,0.9843070056369377,-0.6774117804395298,0.9754654727844134
-0.07355117439753331,-0.3062987269431743,-0.01448637871440824,-0.3733032775642445,0.023520890648209523,-0.3806461302468231,0.055478056414256405,-0.3854470584509337,-0.1408199624916958,-0.348520942460765,-0.18238216816024355,-0.34090812457730535,-0.21859439696284053,-0.33422070611624766,0.11704009352321337,-0.3705171640441843,-0.2612724512176756,-0.30805563442879935,0.014615377296903648,-0.2574823673560097,-0.13611146559884887,-0.23003257906112165,0.49338070038196985,-0.08108936114310455,-0.49338070038197,0.08108936114310455,0.7010813347483427,0.33784486292022325,-0.5398697354697575,0.5696894103776126,0.789076298715021,0.7423631452048224,-0.45428507540704827,0.9476487357795663,0.8792157554194181,0.8582266649512763,-0.4794053939352018,1.0757995585678475,0.8057989601139305,0.8748298825404512,-0.4035979216113529,1.0699763368792723,0.7604095916200462,0.8432133947185148,-0.36923110362753064,1.0246132822977136,0.7859371885545253,0.7333231327199857,0.6997876401453732,0.789773699094251,0.673953411425897,0.8568934030137008,0.6790633297986439,0.9209416043841661,0.6783961579998009,0.9730791937815448,0.8113882124430533,0.8906210256947331,0.8249555878267464,0.9790156699633488,0.7881634435409876,1.0116801859416356,0.7534112955715601,1.0227352098349,0.8795546290583464,0.8780716770870965,0.8790650482786718,0.9735929599819825,0.8244015138348718,0.998199739472164,0.784693551240499,1.0003172079044331,0.9175902918470552,0.8629304272277895,0.9208652295933121,0.9457703345064079,0.8694127765944286,0.9695161583971527,0.8304286665402532,0.9743403063517865,0.9338427317735253,0.8475351657333438,0.9422696934072738,0.9141719383451812,0.9053401111489694,0.9376425419999368,0.8732329066595877,0.9419004228361479,-0.5100449756035693,0.9404849797700253,-0.4009536458176341,0.9694075150558836,-0.3604491855899193,1.034913852786343,-0.35727450765559704,1.1030063276267774,-0.3719808194231289,1.1513605690877011,-0.5019221078550067,1.0903459467290655,-0.4836422551499175,1.1769333597823473,-0.4311669550359412,1.2008439250783844,-0.3791234479603875,1.2104727162952225,-0.551687363952326,1.0933379726028427,-0.5074732853853232,1.1659340267622125,-0.4388208977885141,1.1739422980631784,-0.38607438500554614,1.1661243467132125,-0.5654684866700083,1.0897624967864163,-0.5092251580580607,1.1465014722693476,-0.4506501349249848,1.1475864964870173,-0.4088062571744842,1.1366303826888382,-0.5606906218330884,1.086974463900085,-0.5196135156357402,1.1294344886070427,-0.47015161892133434,1.132620642910301,-0.43236440299978196,1.1234270641669546
-0.011143529266698482,-0.32549932088781575,0.06380815697385818,-0.37707770472782376,0.10400347641788642,-0.3758001126406262,0.13583319091368345,-0.37278043687830265,-0.06637198658841835,-0.3810011617323399,-0.1088178068685334,-0.3813122250260239,-0.1471472660281443,-0.3811885161348933,0.19588477767243653,-0.34106090043360626,-0.19120248031371667,-0.36167687297900275,0.06791300934598983,-0.2592948349716275,-0.08637892508577803,-0.26661583455403015,0.49878409117728506,0.03484867843189613,-0.49878409117728506,-0.03484867843189613,0.6144186519064512,0.4941328185010799,-0.674194081635418,0.3644777165956721,0.6115780215149631,0.9089861319228459,-0.5664574603503498,0.6578916290174418,0.6718499296923481,1.0470453930759611,-0.5607165451652815,0.7844646559641965,0.5962544648027078,1.0469418029033357,-0.47852509759432554,0.7729618127767885,0.5596377685137619,1.005440149435881,-0.4580420743471509,0.7338814854467622,0.6041912440047815,0.9061694003423162,0.5050787623575633,0.9423655957561297,0.46611730256547135,1.0023914600781207,0.45596533724309946,1.0666789191937316,0.4425941140320661,1.1181637533549031,0.5910603990376814,1.0684786335587657,0.5867126793383974,1.1588204497539232,0.5435064591114789,1.1811796399856989,0.5076800874745191,1.1820504283929079,0.6620164449785247,1.070877981350744,0.6413046052518527,1.1642978137431887,0.5824760837388462,1.1756052674652935,0.5443196944973684,1.1679317739770714,0.7040797875042771,1.062845721569989,0.6905893774726377,1.1450072247458145,0.6347865171872554,1.1571264094575628,0.5961945524546947,1.1532306264131353,0.725459813713232,1.049778044489349,0.7211271902261753,1.1171266038003484,0.6800741582034923,1.1318148808142516,0.6478626576641683,1.1286670678175685,,,,,,,,,,,,,,,,,,,,,,,,,,,,,,,,,,,,,,,,,,
-0.06365368756546719,-0.32641620775345853,0.003868002096387658,-0.3887418216037024,0.04484270122121518,-0.39350509329625877,0.07650176570776596,-0.395195241034112,-0.1254716044199411,-0.3734236702841358,-0.16646263128804814,-0.3669148746688387,-0.20493885783146534,-0.3606275660793559,0.14316100237591747,-0.3717382200102168,-0.24206879069191928,-0.3331437429926247,0.025360270548426316,-0.2731510231930959,-0.12749398691136737,-0.2578537805568529,0.498624030888292,-0.037068528709831086,-0.498624030888292,0.037068528709831086,0.6852388993387454,0.4011533027490174,-0.6520921132753942,0.4551330393614889,0.7438856219354973,0.8137774901686534,-0.4302856484727187,0.6540307522103481,0.8240682862571582,0.9434183688304989,-0.37202314205979725,0.744109056192502,0.748805712104733,0.954585086534877,-0.3075728542222532,0.7126323840514324,0.7064512742828364,0.9185211978946577,-0.3119746837635958,0.6799733863983812,0.7368061566973261,0.8129576707214333,0.6425734709740325,0.8631839817971154,0.6101394171113595,0.9283936488876042,0.6096789868094082,0.9951320564505635,0.6036709672156059,1.0499287660396894,0.7464623839765194,0.9772332143825402,0.7536692732940324,1.0666439289581497,0.7148353258327435,1.0967667030916795,0.6797709698772539,1.1052394960068468,0.8181136607792345,0.969145840516069,0.8113938262914598,1.0657592148879582,0.7535609119910652,1.0853898474308399,0.7129409975871189,1.0838056359543256,0.8590011281830401,0.9550985513777559,0.8573762501431201,1.039490133360065,0.8019168554859291,1.0589866092166718,0.7616797934953436,1.0597337817092731,0.8782673779768897,0.9390988656865857,0.8842361512525475,1.0081541300796948,0.8433326628898963,1.028475970171056,0.8087133908277171,1.029282315991797,,,,,,,,,,,,,,,,,,,,,,,,,,,,,,,,,,,,,,,,,,
-0.013708046023671469,-0.3348100248583486,0.06354253330305432,-0.3858039863284195,0.10513214739983234,-0.3837164492691399,0.13692373423635953,-0.3803511746108128,-0.06613789007597216,-0.3916804864148273,-0.10647664179384352,-0.3916105399153644,-0.14541717736112592,-0.3917368905428005,0.19928581176342153,-0.34603065722913484,-0.18355047852049375,-0.36997257413156937,0.06599844951308703,-0.26711051621465925,-0.08582746477548818,-0.27670766317910533,0.4980404843977697,0.044223024555483166,-0.4980404843977698,-0.044223024555483166,0.6142673592112766,0.5067267267385964,-0.7327114239822891,0.3565890625498926,0.6063312150104345,0.924060303751907,-0.48794467629463434,0.5126360237200766,0.66437103480232,1.0653525352663014,-0.4024632070064138,0.5752811554758017,0.5882093919312218,1.0643692054222986,-0.35073710860555396,0.5286098232792336,0.5524055173375386,1.0217452898573318,-0.366792338411284,0.5080878933349567,0.595544208154529,0.9220348616556369,0.49621020627380713,0.9582421847435381,0.45343018555905806,1.0172325994698765,0.4421086183784921,1.0826636994760084,0.42696324405756875,1.135370488792916,0.5812873190816589,1.0853941472081547,0.5748953741585848,1.1750026862161342,0.5323415939059029,1.1991858904803558,0.49700075812527417,1.2035557289083694,0.6541045533914627,1.0886304914160254,0.6315700008403489,1.1834958019637536,0.5718831568095805,1.1926060829458027,0.532345207276361,1.1841943112665467,0.697436844738746,1.081091290048209,0.6818409217287565,1.1644149449167207,0.6246332091470147,1.1745140304925163,0.584771383661261,1.1688105609289017,0.7195598518547964,1.0683063450216537,0.7146958196969599,1.1375445827665018,0.6710292600704411,1.1515034842885068,0.6361933716889783,1.1476415429559819,,,,,,,,,,,,,,,,,,,,,,,,,,,,,,,,,,,,,,,,,,
-0.10212689530592878,-0.3222043316556171,-0.040116116612302015,-0.39147979868280514,0.0006266925281231151,-0.4000420621659087,0.03236535207771886,-0.40503340881261507,-0.16731826200606326,-0.3638591338334012,-0.20628642420029888,-0.3531373033489799,-0.24422839456996037,-0.3431935250529255,0.10067817661312935,-0.3874769648388928,-0.27246268610502866,-0.31235375367397245,-0.007031715496860156,-0.2767168500440664,-0.15557621730784105,-0.2468890141282687,0.4923965127735423,-0.0868658402852054,-0.4923965127735423,0.0868658402852054,0.7253184759679251,0.32912350020335995,-0.6172527427193923,0.5390114625268903,0.8259150384149313,0.7335302083183342,-0.30246975113690444,0.5447096267332121,0.9185439878331152,0.8556485104407214,-0.18139395154391677,0.5148205852929164,0.8446513820057061,0.8746988953345709,-0.1730110617081416,0.4583408487217845,0.799075528163025,0.8425443295497311,-0.2002388910261178,0.4636513438653917,0.8159815477529299,0.7345819262931274,0.7268558989823863,0.7954081638245784,0.7016622831238464,0.8642694649372027,0.7084154202411961,0.9298702806565864,0.7087418596938091,0.9836685492445645,0.8423459175970317,0.8967890863179476,0.8602749992328234,0.985139091638268,0.824451640973391,1.018953143911392,0.7903559724810394,1.0316915836642477,0.9128473490851092,0.8812483623126317,0.9165379588947695,0.9781219351719599,0.8612177198283195,1.003689182080132,0.8210551680262598,1.0066890165391649,0.9530041404144372,0.8631006117132951,0.960024696767968,0.9474163615163412,0.9071092397798914,0.9724383940096608,0.8675365727160782,0.977565009907964,0.9715158462341061,0.8453163269135541,0.9853208204140449,0.9133361518258487,0.9466590920450858,0.9374400830543427,0.9120926502227525,0.9413704093997127,,,,,,,,,,,,,,,,,,,,,,,,,,,,,,,,,,,,,,,,,,
-0.01774339626962546,-0.3401851836900451,0.0608075158980931,-0.39204614714087477,0.1022102730563973,-0.39001207188051723,0.134497824953512,-0.38684073104208566,-0.07021800423162253,-0.39756251419017224,-0.11046586682907537,-0.39702373101639526,-0.14991445082715807,-0.39709242815991797,0.19584872669314965,-0.3525606754605536,-0.18333310239232942,-0.3740483975536479,0.06332893513665136,-0.2716805847698269,-0.08684821218093733,-0.2801466335642737,0.4984560960065501,0.039262200064551334,-0.4984560960065502,-0.039262200064551334,0.6240344246862208,0.5015575674594518,-0.7334459782017563,0.37194310500236083,0.619718657034989,0.9211566959529649,-0.3675200408109437,0.36731883894662326,0.6788272197682885,1.0638505307718253,-0.2451256403744217,0.35587682574322416,0.6016234159759204,1.0636066097878847,-0.2265209350419194,0.28773197628650626,0.5654823430960645,1.020789969120333,-0.2507224188407891,0.2848216792264186,0.6104722331329718,0.9195861361441416,0.5086705722449129,0.9554286262332152,0.4656958150342729,1.0152904652408512,0.45425642582768394,1.0810999995165758,0.439408022900916,1.1343428621662277,0.5936645500307398,1.0847248283745243,0.5861947914815205,1.1741066986343274,0.544100382109411,1.1991840499291286,0.50881962648039,1.204357121869937,0.6662718139436872,1.0877193826522888,0.6443793431095306,1.1819962951571823,0.5855778117308262,1.1923513765396643,0.5467554746706329,1.1854652859141253,0.7097077503616517,1.0798570057575574,0.6956393923917445,1.1629958675603513,0.6394659109535261,1.1740741066536815,0.6005162556615197,1.1694193658068792,0.7322784939898149,1.0666046049716058,0.7298707501380063,1.1360514042302197,0.6868597830721649,1.1502729285571707,0.6527273539956406,1.1459973755041264,,,,,,,,,,,,,,,,,,,,,,,,,,,,,,,,,,,,,,,,,,
-0.015316691870223408,-0.3424882746437055,0.06473880291888275,-0.39372215995778714,0.10583296120507621,-0.39130935252213295,0.13884173198165836,-0.3877514088056313,-0.06856089942739992,-0.40078080961721646,-0.10883662276654894,-0.40067046967553904,-0.14893381688836022,-0.4011785851135218,0.20009946578069487,-0.35287867180007976,-0.1792203249287325,-0.3781282830129095,0.06695168066882962,-0.2724827751172103,-0.08351553528931868,-0.2826783564985229,0.49812370821026175,0.04327552794430077,-0.49812370821026175,-0.04327552794430077,0.6231551236715283,0.5074029113533542,-0.7362064868948432,0.3683604662990457,0.6154496481673492,0.9296602612810438,-0.2949457049944835,0.29120055313104626,0.6728935657152161,1.0733625290960294,-0.16330718400955646,0.2598117812840821,0.5953433506861805,1.0721626781999185,-0.15354966306414533,0.19660945299903276,0.5595258700264613,1.0289897435736735,-0.17796768958513084,0.2021895305502761,0.6040799040262101,0.928715059653521,0.5028599890621268,0.963368009782374,0.4585751268119523,1.0225877780305819,0.44607174900911883,1.0885575563887326,0.4309175424099323,1.141773669133157,0.5871082005195315,1.0922806251043367,0.5795148160277591,1.183634971701504,0.5351612619152425,1.2076108560425123,0.4982514693086734,1.2107587618389433,0.6593958968341346,1.0962465300432704,0.6348342954646463,1.1924854551038724,0.5737076328730991,1.2018617128209779,0.5342770563667627,1.193721055088976,0.7033924193953286,1.0893857358107493,0.6868818037154572,1.174652708117264,0.628350221791943,1.1845602246416926,0.5885148620147364,1.1781752450239165,0.727177356669485,1.0768499653460408,0.7236697692954429,1.1484223806365281,0.6787860244419457,1.1619210800805928,0.6439991915394373,1.1561660885045306,,,,,,,,,,,,,,,,,,,,,,,,,,,,,,,,,,,,,,,,,,
-0.02250734985853374,-0.3439744566552507,0.05769172181070548,-0.39700833881096753,0.09886117520007007,-0.3953347915521658,0.13213233781016104,-0.3924333685777627,-0.07737385836728553,-0.4016301658086016,-0.1187484908517243,-0.4007571884171722,-0.15900861314497955,-0.4004253391400924,0.19403637868414844,-0.35877815174821703,-0.1864977096341569,-0.37683333116805356,0.06295533607346084,-0.2749764949252209,-0.08964299350144327,-0.2825427449187161,0.498859260171806,0.033755570515670644,-0.498859260171806,-0.033755570515670644,0.6354830570894541,0.4981315535527418,-0.7220061924946047,0.3850163915888216,0.6370534840989112,0.9220611098849778,-0.26077772730674637,0.20377454477457038,0.6968980085676706,1.065632023659307,-0.13160223814380134,0.1462496634041103,0.6195035878611918,1.0657926795516073,-0.12204572138635533,0.09630323329196333,0.5830281870746283,1.0228881361019133,-0.14437409557850245,0.10888760845995571,0.6243896635510171,0.9207000513712071,0.52186385909835,0.9579310590583283,0.48007949046408055,1.0186831005046182,0.47006677185995754,1.0851802399092063,0.45519338905715667,1.1384550449449389,0.6091707289472408,1.0867554009343312,0.604441711275575,1.1781830816593277,0.5619369107525217,1.2030060982579953,0.5262489006422967,1.2064007908346468,0.6824505805281474,1.0890071464498532,0.6613196208134572,1.1853541395582228,0.6010741303049941,1.196702920636296,0.5615077261106157,1.1898288807030222,0.7269416954285873,1.0810660664367695,0.7131216287001341,1.1665256115813425,0.6551215799265447,1.178617144930875,0.6149203973840295,1.1741033845046456,0.7511696792568054,1.0679195380791866,0.7504296589880391,1.139418413364214,0.7067021135442615,1.1539630479519873,0.6718586548145568,1.1490895973747277,,,,,,,,,,,,,,,,,,,,,,,,,,,,,,,,,,,,,,,,,,
-0.047591073306897234,-0.34213294689155943,0.028354966203083608,-0.4015353274879113,0.0690859253794157,-0.4030836385067707,0.10223538559631466,-0.40283055691607605,-0.1069486743420931,-0.3954847632518817,-0.14885797110202997,-0.3913574323506221,-0.1892414440829741,-0.3879030834525824,0.16472407374887987,-0.37421792222671124,-0.2150695896079496,-0.36279873384217765,0.04300671557653648,-0.27994908586769857,-0.11113497799580765,-0.2754532886896251,0.4999637507513493,-0.006020625768360829,-0.4999637507513493,0.006020625768360829,0.6759416765985682,0.44743634740726834,-0.6845830571168678,0.44536968203149147,0.710936479456995,0.8703576169205043,-0.21005934894545236,0.1543646079454894,0.7818296092219859,1.0096989686919162,-0.10192091589317508,0.07562306060927547,0.7050956408286316,1.0159213923518495,-0.10947968269988617,0.028990838131908843,0.6654429713860746,0.9757289816618608,-0.1265894383567045,0.04896519744528163,0.7003132584039689,0.8686888213588495,0.6005268338957941,0.9137802157247699,0.5619408467651819,0.9782993555507671,0.5560784026045525,1.0457053622801893,0.5452871134432887,1.1001565560707915,0.698628332831964,1.0357548438266577,0.6977926004394321,1.1279438767884977,0.6579778751096189,1.157430739395343,0.6235835056822385,1.1654798239394828,0.7718920522458041,1.0328256180563458,0.7549982736254317,1.1314579093572732,0.6955245942141017,1.147654498281238,0.6557587417149537,1.1442481000553713,0.8147850991547828,1.0218131866277977,0.8058804141580007,1.1089363284289737,0.7486186320813041,1.12524554470798,0.7082410753092855,1.1236078249235806,0.8367732847339603,1.0070219593172358,0.8398682909011043,1.0785896103443362,0.7970494801387374,1.0964858994647604,0.7620532940150286,1.094440808867453,-0.16964873051860174,0.13708306411833526,-0.20945408828868306,0.08304127464725096,-0.18353655415293035,0.01802958388554878,-0.12192671548197216,-0.027702914686799775,-0.07061873370702064,-0.05128185441435479,-0.16618172019380376,0.027823514459380166,-0.13475002769182062,-0.04944565249464027,-0.11379101500876303,-0.09176431901216983,-0.09549750690531937,-0.12152267118450125,-0.1063230541299625,0.04889311341512642,-0.06499560929607015,-0.025824774047731078,-0.08514522288710587,-0.01654890750208642,-0.1043835044758516,0.0067045440872978805,-0.05556416447528159,0.07307351758522342,-0.026555739000258746,0.005693833878554227,-0.05600108280386966,0.014577614387541418,-0.07959012693377378,0.035487966159422395,-0.01293802964840926,0.09541599462635124,-0.002800416919345605,0.04137959345886419,-0.032389837208867116,0.04493101070105008,-0.05100787751103552,0.060839567619220575
0.03772757728952072,-0.34690723345525304,0.1257631967071954,-0.38822163792221476,0.1657317649217021,-0.3806136760242304,0.19794515340494506,-0.3729022537926154,-0.008381697754742807,-0.41290326579258707,-0.05040877862954795,-0.4184567347478866,-0.09076894179568118,-0.4243450160245172,0.24919057369143843,-0.3314105110408783,-0.12338675221245822,-0.4061176347902103,0.11247470309157508,-0.2656676182220281,-0.03992358316747465,-0.29596468628116646,0.48902159434376413,0.10420115289901064,-0.48902159434376413,-0.10420115289901064,0.5671448744167181,0.590880766766706,-0.7662858398936998,0.28329619441839354,0.5051588230304436,1.0126439626865473,-0.20251763961385427,0.06285615082626504,0.5422108604625844,1.1659730586671904,-0.07889490943903987,-0.004001173721316367,0.4668378660152563,1.1547729572775116,-0.08379325236744714,-0.045263624829125285,0.4373890219945385,1.1061401046882136,-0.10748741619061428,-0.024913924209040716,0.4944410387153097,1.0103237833688388,0.38807615749479113,1.0310804624549808,0.33579186861023175,1.0853756802615147,0.3134636280369238,1.1502129852569076,0.28928809034159186,1.2020108366223208,0.456902276051849,1.1734587261696396,0.43421540235896555,1.2643026451280959,0.38664280164507453,1.2838447685123653,0.3499874648061983,1.2843307802993567,0.5292550224176665,1.1872907936797799,0.48941562837644387,1.2817915045100983,0.42518702044028367,1.282434118449689,0.3868078573979818,1.2688760543648427,0.573528875106487,1.1862205699178991,0.5439349426332192,1.2712203885072764,0.4824872801284678,1.2720721045731873,0.4437863117689997,1.259676260348878,0.5978075669554891,1.1764320678975262,0.5837353323932242,1.2488485120843862,0.5363836036414932,1.2548687950675825,0.5033108625295882,1.2430649669800196,-0.2087701179164545,0.0574488058938221,-0.23086576195331698,-0.008071130945071342,-0.19132752287384738,-0.051914850128432846,-0.11989003486432671,-0.06135958505560558,-0.06584040524397987,-0.05452653694569098,-0.1613245180257243,-0.06500885097439738,-0.12189507866505267,-0.12360118107397344,-0.09131887832960074,-0.15920897053172942,-0.07119858248881972,-0.18751209404065525,-0.10077788504611668,-0.03377525597522824,-0.03604116581759349,-0.08199995253840313,-0.04297461967415634,-0.08038489524687036,-0.06432028606968182,-0.07080946437335374,-0.056024707095342616,-0.00028279465675465733,-0.007507669923637905,-0.04080867276897784,-0.029112708371022387,-0.03594857496203021,-0.05535020395305932,-0.02628087237212166,-0.02471451706538836,0.030367858258397846,0.00480270573795897,-0.008039367895262692,-0.014866144772687759,-0.0045982647821798004,-0.033602792179193194,0.006911810467429592
-0.034334441986618024,-0.3491575027504275,0.04290832337526903,-0.40918786114174727,0.08317038513061424,-0.41029633036975266,0.11569407600571469,-0.40966206806605954,-0.09374641806550084,-0.40465816581848074,-0.1362717176689544,-0.4011668139089265,-0.17714761851124602,-0.3983616216785379,0.17038870720805854,-0.3798758698860532,-0.2067600468651761,-0.3735306989902773,0.05598576719437684,-0.2853788839007594,-0.099849594496724,-0.2819798907390963,0.49998754088057246,-0.0035297257964220794,-0.49998754088057246,0.0035297257964220794,0.6863456043543268,0.457394403445146,-0.6870002602764654,0.44181846237462313,0.7156608998588014,0.8837700212099049,-0.17579961199735344,0.07208246104850503,0.784595834385794,1.0272178605774922,-0.0727015995452257,-0.0294865636428125,0.7082183859616408,1.0319667317253889,-0.0897840331729757,-0.06826913197432796,0.6690729966584313,0.9901203589658043,-0.10681275012090731,-0.039242828392875274,0.7014382683933317,0.8842453350659358,0.6026204780071107,0.9295178788631587,0.5643685662305246,0.9948774010504778,0.5569414565438126,1.0634988166828696,0.5440992664877131,1.1188518319224139,0.7033888694480103,1.0542635920300694,0.701234758960092,1.1470764268853706,0.6608138779322881,1.1765119498347767,0.6258782746421192,1.1854647695759553,0.7766974994944406,1.0514675973115817,0.7589435112577877,1.1499416813013892,0.6980832007324909,1.1664336849503982,0.6558716715974134,1.1634677870169083,0.8194248305082202,1.0401552624892227,0.8098060551673157,1.1273352970799586,0.7507805696865584,1.1439131084534209,0.7078209427894097,1.1430082534676094,0.84111683970661,1.0256726211030245,0.8435556527351256,1.0984076614746578,0.7991931642020744,1.1164440523511845,0.7620578215228495,1.114845702545084,-0.18468652086921744,0.06977029329500227,-0.21403633904918215,0.007033583630266273,-0.182453367261587,-0.045293289728920695,-0.11851311331362592,-0.07582820184050608,-0.05985126592241356,-0.08403635350348612,-0.16594724678501943,-0.0709988968871682,-0.13971759621705884,-0.13964349759465067,-0.11615770458242701,-0.18270859004766127,-0.10019541324033097,-0.21816762322290692,-0.10113446299532092,-0.0528290207178323,-0.029579387659294215,-0.10733475517448002,-0.04536782399869843,-0.08957707511684794,-0.07775069708522336,-0.06870277719118202,-0.04763968626981549,-0.025771649291175654,0.0006410569105039722,-0.06640109862608592,-0.016027705459846123,-0.05182522804027491,-0.03982871275540901,-0.03661942223557613,-0.00503809267182114,0.0033837716033790085,0.017502561489237494,-0.03336651417319226,-0.001788986715597255,-0.02119331055808304,-0.017957303081998284,-0.006947221286150357
-0.07316691334763299,-0.3441013774838941,-0.0031917397173969017,-0.4138463969835529,0.03625343704702635,-0.41946646491559236,0.0680615595285607,-0.422489258102153,-0.13890272512333388,-0.39357743731458533,-0.18095300793036712,-0.38533748893392444,-0.22105270856242715,-0.3779276408891257,0.12330088275568105,-0.39853215283962523,-0.24877461141565188,-0.34950861208325484,0.02410384463826532,-0.2905926341170132,-0.1301870818045885,-0.26886012679464255,0.49628756625000026,-0.06081654039528776,-0.4962875662500001,0.06081654039528776,0.7398460912180789,0.3780970091943931,-0.6248223395102775,0.5115975095177593,0.8175738699582422,0.8011326411812301,-0.16117721147396263,0.06421068101599128,0.9026743778855509,0.9370418081970601,-0.07381576115167984,-0.04400392951042584,0.8268691194154911,0.9504825390611009,-0.09924335749440702,-0.08138288635894017,0.7831258212095485,0.9130169497203084,-0.11247239248355402,-0.04814615712629394,0.8078474195142512,0.803256363713745,0.7120858591827749,0.8579085496155506,0.6798714364136148,0.9279096796578127,0.6798709982634867,0.9982701782579826,0.6737960892474749,1.0557387992398946,0.8258026346117193,0.9710820082116218,0.8334728864380393,1.0667582895097067,0.7952099655365563,1.101583070837,0.7606661342716176,1.113761779685309,0.8996282700956202,0.9610145405495568,0.8899521253764072,1.0647982528419224,0.8284895051663643,1.0868411004014726,0.7868110470473538,1.0863466870848533,0.9408359905209225,0.9462874783730184,0.9381722845258144,1.037054992834182,0.879363688957618,1.0582430919802,0.8376565251657426,1.058957420395493,0.9600404319522559,0.9301567612330589,0.9690161843449479,1.0037842564763237,0.9259352129203822,1.0254620845071596,0.890196632450567,1.0257573653746899,-0.1809894045511273,0.06943894943202082,-0.21415604932100324,0.00749955736977739,-0.17977122348010544,-0.0478053589126689,-0.1156371637150619,-0.0830521380427574,-0.05610250313175951,-0.0916457714394589,-0.16817149313795815,-0.08144208470086366,-0.15764844337153772,-0.16438100680597068,-0.137729061469971,-0.2130566365836182,-0.12456491178478073,-0.25186193065023377,-0.10208116319326263,-0.0724438607337582,-0.028323596285509837,-0.12234683296969348,-0.038228875859325356,-0.09529561027089703,-0.0715326550310092,-0.07015091329262788,-0.04560289936270146,-0.04977061074865858,-0.0016278005016745459,-0.0783757834859745,-0.016480128999181207,-0.05909314600481625,-0.041784968814564234,-0.04312360342844406,0.0005537875636731839,-0.023133349797961163,0.018902741964676627,-0.0487142537926685,0.000557369840168932,-0.03237861804385404,-0.01908727348806889,-0.017848747922481267
-0.0901167272696914,-0.3415170085500811,-0.023394336241094497,-0.41513252916747206,0.015521159847261939,-0.42254130527874795,0.04676198136153405,-0.4269689691894467,-0.1584720683456035,-0.3882598868133171,-0.20027763829202275,-0.37809922477369723,-0.2398344570700783,-0.3688711731055247,0.10236484699611731,-0.4050296933139047,-0.26700034212600604,-0.3388870166470906,0.00999781291766988,-0.2921478059240731,-0.14355059192649855,-0.26298428591966133,0.4928805076405695,-0.08407618680681506,-0.4928805076405695,0.08407618680681506,0.7610972158919656,0.3440488365278182,-0.5918346781856346,0.5375523050815169,0.8576095297523569,0.7657615745881542,-0.16940024534590292,0.0818550844616383,0.9493193241608959,0.898701185057788,-0.08688999541433126,-0.03040108823444261,0.8737860969754409,0.9161857793412533,-0.10951608373861137,-0.0655267150285524,0.8282656265810034,0.8806074996865731,-0.12149991629381743,-0.03519647513063697,0.844784630210174,0.7696660444229083,0.7519862882476812,0.8310430024128264,0.7239589860814055,0.9022686017833885,0.7278202585710651,0.9725555751440081,0.7251838383045165,1.0302655863302317,0.8731197579717971,0.9388846311025076,0.8859956394533071,1.0327585931088208,0.8500733067466594,1.069206752387003,0.816735621134297,1.0836438907228632,0.9465973160005593,0.9245071006683467,0.9440621279911777,1.0272695759221293,0.884001786018493,1.0527404999976568,0.8413499310647011,1.0552034077132577,0.987779215495532,0.9065874106959398,0.991495685376553,0.9966728696436872,0.9334493306732943,1.02150534695854,0.8908603900666066,1.0253506401373638,1.0073028449934074,0.8886293477346987,1.0214059949080159,0.9617701488370396,0.9790022771831635,0.9862446856052872,0.9421116406722164,0.9891152033495361,-0.18023577380343817,0.06991607276593441,-0.21485037675719088,0.008287320168350053,-0.18447604206081092,-0.049168577772391524,-0.1251267226788379,-0.08688659816837603,-0.07037899313471374,-0.09737238780548253,-0.17547412205378804,-0.08773065959411627,-0.16655751733910645,-0.17445281237819632,-0.1531254969883428,-0.22452983422492487,-0.14007707867418878,-0.2640637586211028,-0.10623252311925843,-0.08178854804910518,-0.0298324193768106,-0.1274234114899139,-0.04103274544086771,-0.09878561665302109,-0.06894398916304402,-0.07345619825813117,-0.0452838353993279,-0.06141851660975608,-0.0012430372480245584,-0.08142014385722546,-0.02191574849424294,-0.060874793501597246,-0.04715605225690712,-0.043668434168561164,0.0066406675067484855,-0.039093633785538595,0.022232177660975582,-0.04776030965534125,-0.003815681201487276,-0.027218966621893412,-0.0260948637949112,-0.013477740265446975
-0.027125423977058423,-0.35292317168580767,0.05150615303942157,-0.4136139401879854,0.09073459763503253,-0.4139384834723027,0.12178720126588286,-0.4126964579737262,-0.08605121594682935,-0.41150103766549384,-0.1291978462909251,-0.40906595183907607,-0.16989193704492767,-0.4071583782179218,0.17128050561950917,-0.3808586883844068,-0.20327160847979317,-0.3825093653590315,0.062213867821176695,-0.28605308081026803,-0.09415030216256458,-0.2850751791432383,0.49996724773606566,0.005722865647871321,-0.49996724773606566,-0.005722865647871321,0.689398912529669,0.4769551625275627,-0.6702455729997728,0.4111066955267121,0.7082676621170835,0.9097911882435222,-0.17467446816769672,0.04021979738120491,0.7740748513107186,1.0584628423417708,-0.07683322875007445,-0.05407426996173982,0.6961944015692544,1.0620137409591814,-0.09336591216446129,-0.0921779027245814,0.6580885382793802,1.0187876940274045,-0.11031139133512509,-0.06226875498763988,0.6995995824384071,0.9115803145253526,0.5945417365383117,0.9539868549757468,0.5523973374707376,1.0199795505957452,0.5439803200265572,1.08990852009102,0.5341426614633513,1.1462041869635335,0.6920734241593762,1.0829120097729996,0.6894563673830673,1.178684611733559,0.6476906904025058,1.2085525708199591,0.6113360359953622,1.2174540999090953,0.7668456706415081,1.0826555328949272,0.747215427253029,1.1839223620505213,0.6853275804950512,1.2006947501193965,0.6422276096504631,1.197501130662445,0.8104446502621343,1.0734787310594287,0.7991919451249041,1.1623499677118487,0.7412133891576358,1.179101124136199,0.6993870335799596,1.178256605462949,0.8325149663621485,1.0596660262463355,0.8365141584322209,1.132927001205875,0.795613582689713,1.152425875901004,0.7605308002050261,1.1521893218884385,-0.19672095205934956,0.03680744732552206,-0.21772649442361647,-0.02951551604742208,-0.180848227712254,-0.08060838280974894,-0.12267577118699453,-0.10742438996852015,-0.06980146358817617,-0.11459380286453037,-0.15769171554776043,-0.12403103542289522,-0.13294567394957874,-0.20653442687505685,-0.1134652570711426,-0.2512532564507452,-0.09616019216820869,-0.28575075696946667,-0.09438457312266858,-0.10865434998518274,-0.01293867626698245,-0.13331990631215593,-0.030372924891776988,-0.108015401089161,-0.06199326074040722,-0.0906488329491273,-0.038140246246735156,-0.08061185099277468,0.009186031109168113,-0.08597537450503162,-0.015239337166190758,-0.06718628050800293,-0.04406311451637126,-0.05577073265969112,0.01076938895719961,-0.05087442205305602,0.02921473475216568,-0.049961725166230736,0.0007470224692042155,-0.03233082180846687,-0.024890592617781964,-0.022635208767146687
0.013904418540646682,-0.35502894293891174,0.10021538155717986,-0.40580308364697937,0.1390086372766523,-0.4012433028718246,0.17002918017726854,-0.39606429609602156,-0.03613832382075896,-0.42070162159823177,-0.0794358951001506,-0.42372253197033066,-0.11995754401317417,-0.4269434413919442,0.21581761930286933,-0.35783940166915434,-0.15702909151399866,-0.40660596010499167,0.09470422883248976,-0.27693946051837554,-0.06116687491907944,-0.2955554062194623,0.49535180252069017,0.068019054238523,-0.49535180252069017,-0.068019054238523,0.6266608142969977,0.5610697526709094,-0.7139891664190696,0.3219291691788852,0.591256884397861,0.993347136415463,-0.18209661613327863,0.023097615145508864,0.6377921676251782,1.1514313122439808,-0.07245942669277873,-0.057882741668421146,0.5593086553075903,1.1456276216454022,-0.0830783978762714,-0.09695822132130995,0.5270333398392283,1.0978979403389493,-0.10348668395588707,-0.07071985853108592,0.5810949034460567,0.9976736427260331,0.4724256068829391,1.0263258189436202,0.42341674592077855,1.0864066536654957,0.4065755373200976,1.1552289783262715,0.3862942785720361,1.2098736132270371,0.5561104206408797,1.167130998828091,0.5377149984523569,1.260848082816648,0.49242666497206344,1.2860915251705791,0.45611622448110284,1.2919305513064654,0.6306900193294332,1.1764526248213483,0.5970140557478458,1.2750066428795623,0.5335298034219865,1.2826051772790714,0.49213993750221463,1.2739004381827692,0.6744839132817052,1.1726695234906699,0.6507472676852676,1.2600117277757104,0.5907781269078616,1.2679035669152394,0.5502671905340923,1.2607846466521442,0.6966439024348586,1.1617011373777846,0.6902871353610753,1.236247619385337,0.6462017001636963,1.248987267045425,0.6116263386252901,1.2427036447695814,-0.2001142025085189,0.01445261756376539,-0.21099164099334675,-0.0546114917639675,-0.17109923855529496,-0.10277154530818104,-0.1131806695650447,-0.12428749639517582,-0.05726613509271335,-0.12476715433494923,-0.14290156638212778,-0.14367251026257014,-0.10800156804947933,-0.22097316482496082,-0.08356224950668353,-0.26266766367262673,-0.06195822680525358,-0.2950789414534891,-0.08197124877499606,-0.12180384123593038,-0.010638410197286074,-0.14920012819805523,-0.028256936796868345,-0.13068890658788387,-0.056089049011357486,-0.11815849919659943,-0.027265796378618735,-0.08808228884959936,0.014008880545474408,-0.08880532897219737,-0.01252602494003144,-0.07223912120533581,-0.04284355727032186,-0.06379600887796213,0.020035180414064577,-0.05162349058444842,0.03313667277872657,-0.04793417861523172,0.00024659856754977546,-0.03449083320344534,-0.027828786625804267,-0.028373462028143257
0.030254650697954393,-0.3537432844455066,0.11951019701066808,-0.40099373630032165,0.15775917192200942,-0.3945430987953908,0.1890187046369405,-0.38780390658299213,-0.015535538865555833,-0.4225021427963812,-0.05853799990247836,-0.42816691981082206,-0.09866000774362581,-0.4337862895578038,0.2336653071027866,-0.34680398188863154,-0.13734435819587176,-0.41546806462967667,0.10715819551156162,-0.27122087767624264,-0.047776706430345185,-0.297664740785339,0.49107391590130967,0.09405535137010268,-0.49107391590130967,-0.09405535137010268,0.5976040166565052,0.5941199017936623,-0.7237961836483254,0.2872543919515743,0.5391349309138309,1.0258101467312346,-0.18272767053484817,0.01419092743780143,0.5772173267964631,1.1863125069271734,-0.06979776757571378,-0.06255494303879132,0.49870429313746917,1.1769899829994743,-0.07791497275624297,-0.10128675771131306,0.4689342015302978,1.1274863168208928,-0.09933164044388718,-0.07706219853017601,0.5308013638044762,1.0298541734982423,0.42117273884791684,1.0524284279840526,0.36853989392179204,1.110020451329402,0.3479768272160245,1.1779859257813678,0.32462242057219465,1.231886156487577,0.49547282113257424,1.1987971034558937,0.4739296517212316,1.29265378470996,0.4274802633627397,1.3159197925168105,0.38999952839788715,1.3200465260128953,0.5694210816686829,1.2122634697575032,0.5298466644073128,1.3082224441403643,0.46588235400330236,1.3139988036397803,0.4238766633823527,1.3044050206002202,0.6135857837185349,1.2109895110713842,0.5840805869917538,1.2962503563993804,0.5240191977465981,1.3025929857749847,0.48290596044463974,1.295150842950422,0.6364409596882868,1.201322767727179,0.6252897522334363,1.2746554826221348,0.5809431549100476,1.286859897661487,0.5459552467699756,1.281118205144236,-0.20384388517982935,0.01026208197333554,-0.20977257896115797,-0.05766925905418684,-0.16471981032667757,-0.10418385397104944,-0.1074924694725867,-0.12378443375691765,-0.050071873932472866,-0.12094741768144725,-0.13085263629615507,-0.1475117814836227,-0.09537920226701244,-0.22164425868274254,-0.06845475404863835,-0.26184166595501496,-0.043950512890830684,-0.2929766996533836,-0.07046876451357624,-0.12449562941433502,0.0036599020861277985,-0.13742163223602777,-0.012655657723568935,-0.11478031665912866,-0.040970563601354586,-0.1022992068010317,-0.018962942356008632,-0.08922049800903004,0.02003257024354107,-0.083030979918786,-0.0045228925945035095,-0.06618242150843281,-0.03440935470227103,-0.059180573842244504,0.023088926419784717,-0.05184474167184284,0.036858726548737605,-0.043227515240530645,0.00592772528401292,-0.029872270958513285,-0.022901734255362644,-0.024529771227153267
-0.11343377231166336,-0.33696190968453826,-0.04991079239808834,-0.4164628735234825,-0.01210450003324466,-0.4256905684910019,0.019419264480869225,-0.43185049950818816,-0.1828544286378072,-0.3826069326799964,-0.22482280495234253,-0.3709895976386283,-0.2639915374655642,-0.3604714770338437,0.07700150261989219,-0.4116427889474323,-0.2933030525534137,-0.3281465392416052,-0.009915149409066041,-0.29140086173879454,-0.16346969747120943,-0.25418657570657943,0.4885012309181855,-0.10661401123406639,-0.4885012309181855,0.10661401123406639,0.7839355095742494,0.3128074676710468,-0.5464518330402325,0.5489390034767833,0.9010965909945059,0.7337363843879845,-0.15765544316014485,0.07757373476253417,0.9989839301631976,0.8662967075922627,-0.08780633229007823,-0.03971825786807911,0.9227997877482911,0.8887958039907702,-0.11291502876718224,-0.07145729560043201,0.8759983607998371,0.8548152574602003,-0.12148059545744563,-0.03943210408939766,0.8971675764458402,0.7405587812449259,0.8050513101108355,0.8047243104549385,0.7785244217752622,0.8782955088272769,0.7860896546628531,0.9495725471422347,0.7872315286396638,1.008493093391869,0.9307405685030365,0.9099785723789698,0.9463286943978033,1.004462914161717,0.9136232162247787,1.0445056185103263,0.8813350470409073,1.0626359708520108,1.005089195032674,0.893041167354607,1.007095337493286,0.9974758431534277,0.9517271146588682,1.0280056404516023,0.909599561577015,1.0349324586661293,1.04512305337975,0.874259652985707,1.0532363201669557,0.9648895164057711,1.0005831961213063,0.9947535996684554,0.9590821766780342,1.0032825561472083,1.0616748439469432,0.8562695871413541,1.0796186718047132,0.9291463497290297,1.0434043512048359,0.9582481769101724,1.008658324226974,0.9668005163803789,-0.18881831336755123,0.0924751914300187,-0.21230065527701217,0.02654111768038528,-0.1844869887951821,-0.03347838056492676,-0.1341638826921718,-0.07111728745519967,-0.07778491104555361,-0.08714152489520524,-0.17882979871621218,-0.08371726277232107,-0.17050101089567188,-0.16563216526819635,-0.15917232290241612,-0.2123444612932678,-0.1483735244341511,-0.2507039447996932,-0.1161731779206455,-0.08522728591487706,-0.053299352150688324,-0.13105141907088877,-0.06095492429246949,-0.10380386596479754,-0.08462779525149704,-0.08196143534139835,-0.053961209509074654,-0.07217100692398326,-0.012854236996071966,-0.08471131460665704,-0.028963373420526056,-0.05766626479822386,-0.05538959459533813,-0.03961797589884513,0.002898236773959108,-0.05340401874804583,0.019209457957912415,-0.053775543857966485,-0.0034919204370125784,-0.028960088763315957,-0.02789588143779743,-0.013175062961699506
-0.020770926364523115,-0.3557404673719813,0.06192617111176493,-0.41588107398798685,0.10097967892330612,-0.41470306016065517,0.13315045046109344,-0.41220000291531067,-0.07576475332106289,-0.418609818117963,-0.1194973267126683,-0.4186804588665507,-0.16013168946196624,-0.41901837857932117,0.18419096599651877,-0.3770749351468728,-0.19775145136425745,-0.39561828145908784,0.06689472229415971,-0.2839505696285263,-0.09160215835156278,-0.28880687512187364,0.49923954025496525,0.027565947217734976,-0.49923954025496525,-0.027565947217734976,0.6723012521012941,0.5125384676871486,-0.6710095471586666,0.384373281766018,0.6746549962786241,0.9496092499113867,-0.17048330198299125,0.03256805011281083,0.733738334984033,1.104089888486575,-0.07413283685721234,-0.0627157302683415,0.6534230808999365,1.1055872859601792,-0.08885890341842644,-0.10040044264544994,0.6172880819670293,1.0601600367338266,-0.10443130131448096,-0.07126055724026616,0.6692672273990693,0.9542039502495082,0.5631458847271992,0.9924972459679028,0.5186541326382224,1.0575339110292854,0.5071032662409878,1.1279381774117758,0.49422906149602663,1.1845060344933676,0.6568901324672778,1.128284014830481,0.646667992179553,1.2232683502860509,0.60502012391877,1.2527849965732012,0.569672639724456,1.2608183314505155,0.7329198735296895,1.1316505401420298,0.7074987185192099,1.2319079841767842,0.6474680977620666,1.24624177596825,0.6065269528963668,1.2414579574915954,0.7769682527257038,1.1240697436864426,0.761278437871415,1.2126745714553255,0.7039248510138899,1.2275358833478855,0.6629094028384457,1.2251834836993094,0.798613194916313,1.1107769192412122,0.7979601251449466,1.184681400832373,0.7562644919501311,1.2026452539880148,0.7211731242303728,1.2014493727244475,-0.2036151387636792,0.041875763851585264,-0.21104987662666957,-0.030405405937917032,-0.16631176601360442,-0.07953500286431749,-0.10737314228478081,-0.1045436410500407,-0.041908805179005824,-0.10674835368288622,-0.15365241393412551,-0.12234744311793896,-0.12952504492296693,-0.1995194165575408,-0.10684343758693648,-0.2420128271946725,-0.08593360628688508,-0.27766042400143465,-0.09138005572014576,-0.11090737340000915,-0.06283618481334742,-0.18408866416908776,-0.055287203159322215,-0.22058013176105581,-0.056371441181435014,-0.25022394188191865,-0.031554901498533745,-0.08480668697507829,0.0038231803235996196,-0.09321597148448259,-0.01925209947142084,-0.07184841320133334,-0.05208801869047117,-0.05735256546963155,0.020460952222503034,-0.050198220478849344,0.031796646674547,-0.04704631572270946,0.002233199716373359,-0.031223227427288648,-0.027745166227218867,-0.019402253247569695
0.024684181301551915,-0.3550868587374514,0.11486347371217638,-0.4044273634254983,0.1535329654880773,-0.39821078149446054,0.18522423211709335,-0.39157279282231294,-0.021688014684405493,-0.42483655048384206,-0.06511824751762825,-0.43095566875729546,-0.10534625525452379,-0.4368339728625242,0.23168502314097647,-0.34987357877895314,-0.1462464435757497,-0.41875773587593157,0.10227948287467589,-0.2723285573466162,-0.05490794083239368,-0.2977454770052368,0.4912868485141094,0.09293671221360489,-0.4912868485141096,-0.09293671221360489,0.5996793249259276,0.5975293037191487,-0.7168917361668697,0.29406189981424297,0.54674358373043,1.0303355198320103,-0.17363601575637647,0.011514851236194007,0.5849191657771824,1.1925595840796963,-0.0663275501096292,-0.06827636351660435,0.5042750842401461,1.1838618646814447,-0.0746486200710325,-0.10691974258644114,0.4742941342519873,1.1338086146719986,-0.09371528290474852,-0.0810869607619851,0.5394266088182976,1.038805219690308,0.43100146232339076,1.063487984941864,0.3769418145407978,1.121231344210726,0.3559927463773775,1.1875952996634656,0.34000861152660294,1.2416383738895542,0.5078319957181312,1.2081376151682917,0.4856293447876566,1.2999134925386346,0.4400192289119019,1.322291427567766,0.4039525337349993,1.3258812646365792,0.5820089830768873,1.221142331351642,0.5445958403581497,1.3162164571587696,0.48387419766525824,1.3239771265842517,0.44351574476570566,1.3143110870963821,0.6261403113622409,1.2192755399265511,0.5981372661516199,1.3035155422799165,0.5406638057657386,1.3119172183554673,0.5000909556961891,1.3053941559165554,0.6483547763426257,1.2089679181904083,0.6379222861709448,1.2815882538253212,0.5961497554804143,1.2947563333778962,0.5615527353908885,1.2897168592829236,-0.20817032541105707,0.015835462806263207,-0.20616004284243492,-0.05504033031152192,-0.15717890356536918,-0.10053879712521438,-0.09284983771401466,-0.11578743373314603,-0.03030501796601849,-0.10887415779835356,-0.1318399985541527,-0.1407502539782502,-0.09245273444292235,-0.21416285334232485,-0.06456433476026564,-0.25483472966726245,-0.04034558557953797,-0.28753627097431383,-0.07134485871786475,-0.11629864066782487,0.007142716305297313,-0.12460193265779179,-0.011695168538375777,-0.10104126484246788,-0.04363795693726142,-0.08898178091653307,-0.019119874856599477,-0.07960557248383472,0.018750977662434793,-0.07392423014703144,-0.006874430051559685,-0.057935410216148356,-0.03786483100839099,-0.05167896843335692,0.024976769794733983,-0.04144566423565047,0.03832454701074986,-0.03607988414409532,0.007367026842400991,-0.0237774440258742,-0.02187699149199078,-0.018813171609057728
0.020369274246036465,-0.3533115932609616,0.11078875122939981,-0.40382968421601306,0.14961637170341285,-0.3980032212314618,0.1816765230330993,-0.3918187030906312,-0.026295582714996615,-0.42294446081376585,-0.06969288357223044,-0.4294475079382794,-0.10976162077013396,-0.43548374271450846,0.22868799877596716,-0.35063186568406884,-0.15044430152576918,-0.41749214176064464,0.0989375624465419,-0.2712827647211572,-0.05870577955043601,-0.2954210870011505,0.4916600134294617,0.09094191110011643,-0.49166001342946186,-0.09094191110011643,0.6024021838617881,0.5956855182907306,-0.7169704354731685,0.2978267805170482,0.5523983689761743,1.0282136736673757,-0.17615874198969367,0.013691007411857923,0.5910829163612836,1.190616041171715,-0.06861412033202977,-0.06430435769627461,0.5102885852339932,1.1823343364875585,-0.07602302986016456,-0.10262606812394288,0.48002583460134157,1.1323495212113988,-0.09480611638203887,-0.07835741849675845,0.54657094692823,1.038509603605104,0.43914084980943785,1.0633909373570092,0.3862622312352119,1.121724069323844,0.3661397518052808,1.1887020061822768,0.3491170203414327,1.2424539588420318,0.5165880386126234,1.2071661208233113,0.49383395591186185,1.299263608125482,0.4491315233169813,1.322292452517241,0.41347759462654177,1.325682130287969,0.5918392390776009,1.21976869260895,0.5551115600428802,1.3162744044867838,0.4934869033586441,1.3237347119135097,0.4525236900208682,1.3132989667320214,0.6363969789770912,1.217699548032117,0.610665803025321,1.303605264102724,0.5515621728554754,1.3116299063186654,0.5101435375302791,1.3039405956148507,0.6587498276265431,1.207080294539246,0.6484457155955115,1.280626716885346,0.6049854947986544,1.2933913273088278,0.5697121218638601,1.2877456382501162,-0.21147046876930212,0.01926340779397675,-0.21210569069687216,-0.05137381306349367,-0.16235421473359365,-0.09895698068416472,-0.09673413265841271,-0.1153807207544962,-0.03366561772214162,-0.10936061877509799,-0.13020193799156,-0.13760407599549226,-0.09131497120010186,-0.2114345873768166,-0.0673835346611184,-0.25363239131161236,-0.04640930936915477,-0.2873797817943967,-0.06938876217640523,-0.1116099934502172,0.006197214304591809,-0.11581535883587174,-0.01442774870227511,-0.09494997077300889,-0.04648492145970482,-0.08537104684889363,-0.018567481498052776,-0.07443281538250476,0.012306650888184069,-0.06698127140322294,-0.015038674331579063,-0.053525949453200626,-0.045446534286310084,-0.04852661300785213,0.023847222952137606,-0.03699921577321202,0.03514615542405311,-0.031683707416977486,0.0035165557482770074,-0.020337794785829047,-0.02604026351793169,-0.01504468097554301
-0.09748987906026917,-0.3388516478831534,-0.028828163267208988,-0.41669045211047084,0.009747275830986044,-0.4241420323463442,0.04219491779726594,-0.42911396436144383,-0.1643635183634579,-0.38921373947472576,-0.20750464314229003,-0.3814602898906408,-0.24726114693647955,-0.3742878743556607,0.10035499469408946,-0.4058810211289314,-0.2799352635180442,-0.34413293825125135,0.0036206371994051577,-0.28745853202309624,-0.15298408275368156,-0.2580828701367814,0.49424756119883795,-0.07562637270820913,-0.49424756119883795,0.07562637270820913,0.7649344976479312,0.3658011421006699,-0.5790803238946169,0.5174417622295726,0.8600136713074732,0.7893076443926741,-0.16332460303067614,0.0732219965853142,0.9499548911297149,0.9299295923875389,-0.08690694766292431,-0.03548716342821423,0.8712525009444378,0.9486451173836317,-0.1056826380456048,-0.06942231229415836,0.8261325523711122,0.911403725382174,-0.11562841556412927,-0.040686702539629624,0.8617914290223901,0.7998721355487329,0.7689686091444019,0.8587678284684899,0.7391213856361458,0.9314229442625624,0.7433893298122701,1.0018244316945335,0.7416608059189972,1.058748886637793,0.8912648596885704,0.9692816687226707,0.8981777023367098,1.0635227257684774,0.862049278681863,1.099840079255994,0.8287252065768916,1.1151125766678827,0.9652345577676568,0.9569860120059438,0.9575306331244021,1.0597129063052513,0.9002829214457923,1.087657456129554,0.8581607817281691,1.0930334903518004,1.0059744527017849,0.9404689667894036,1.0059705452345689,1.0298909977841628,0.9522737444159406,1.0574468706918738,0.9102851701351546,1.0651478462289434,1.0235574496350925,0.9227864945871186,1.036539676204602,0.9950679343776415,0.9999331886223504,1.0224341388075655,0.9648709614434792,1.0300635898692512,-0.19426023085952074,0.09015103918599902,-0.21845039609622896,0.021967987279441017,-0.187885085743355,-0.03938848416661598,-0.1300967269926567,-0.07716733376965268,-0.0671752751382903,-0.09233097050914554,-0.16985991882509954,-0.08710554174124269,-0.16037029186416688,-0.16760850916118103,-0.15348072118768846,-0.2144615257373112,-0.1445733937114265,-0.25291350441790855,-0.10271508093866835,-0.08255072818145426,-0.03211157856031473,-0.11107794108779259,-0.04485169715218907,-0.08470223883374524,-0.07235729126541558,-0.06528307613534455,-0.04204472840420856,-0.06306805760254884,-0.009952107051066666,-0.06692488194563442,-0.030409253173837334,-0.04531316971092528,-0.056774419792954806,-0.03063002152342443,0.01005371781537999,-0.0403185953300051,0.024199097998440576,-0.04090971509046759,-0.0010719611972337768,-0.020204828678863786,-0.026057775243624622,-0.005802855291817345
0.012767235201480752,-0.35115782306669374,0.10231915238030306,-0.4040716895456101,0.14134816828384542,-0.39925313222495956,0.1738686208810828,-0.3940391249057176,-0.034880901630562546,-0.4200156671236445,-0.07819873027028083,-0.4264774086179009,-0.11808739211695317,-0.4323513896562496,0.22204109064573707,-0.353911961975051,-0.15860277469126424,-0.41408359784941057,0.09263082378679711,-0.27097466908859136,-0.06505534218864804,-0.29174386942279745,0.4930921114668274,0.08282614085653076,-0.4930921114668274,-0.08282614085653076,0.6123884404997476,0.5872426632216622,-0.7118636155160656,0.3103709327044507,0.5703442948064035,1.0186042058438676,-0.17808811662501564,0.01548866012094694,0.6121551868530039,1.1801587853936624,-0.07114728118027866,-0.06380792022454508,0.5321181429725391,1.1734471228371504,-0.07769191653241185,-0.10224466978161109,0.500645826639816,1.1238439907187878,-0.09662087480916866,-0.0773952042327327,0.5697523533306222,1.0304713667738696,0.4626734498795998,1.0571297075014234,0.4125867636639249,1.1158622205548336,0.3954818428660839,1.1842903694582432,0.3762927721301306,1.2386586869669394,0.5439780718764292,1.1979897719751382,0.5229393368604003,1.2926759322740142,0.475869289868039,1.315878339850367,0.43836553530458977,1.3187656913674766,0.6190127171343754,1.2098056554706065,0.5815139547658648,1.3084821899054935,0.5161193407145919,1.3161259453441032,0.4739858423222438,1.3066342339444301,0.6636171680417997,1.2077220382243132,0.6369378312645685,1.2957863656633766,0.5745023978359873,1.3031989866744598,0.5316423636967329,1.2950741527023768,0.6861924018332325,1.1972490711509642,0.674478228282941,1.271403251038306,0.6287356211386715,1.2839582709114354,0.5930838310277914,1.2776433081086929,-0.21528982677729075,0.025282272163794226,-0.21616546388286106,-0.04766992597487679,-0.16589856735100078,-0.09684280759309655,-0.09770729398767072,-0.11247828079644939,-0.033546426121167344,-0.10418942283013569,-0.13459293637951497,-0.13478824477658852,-0.10028127188462038,-0.20766504744486186,-0.07961485714715688,-0.2501037620065945,-0.05977566645926165,-0.2842973039565359,-0.07117272095126664,-0.10885070022168986,0.003505319233101904,-0.11421590552203423,-0.016093210911762298,-0.09414107506215211,-0.04752478721380224,-0.08480592959724131,-0.019480618870202176,-0.07146226882348287,0.010170631696866814,-0.06582580702092222,-0.01638230794407083,-0.05242459672421863,-0.04688526170644551,-0.04702853517111518,0.02211818063281603,-0.034165561871301695,0.03221541929692103,-0.030969214984098825,0.0018018784635919218,-0.01997157173158306,-0.026821348071717075,-0.01408553549899707
-0.08294088650739506,-0.34082787857574626,-0.011115306309183816,-0.4163039952705535,0.027760564082658548,-0.4222715003113922,0.060556635613041025,-0.4261431146499958,-0.14723656642430025,-0.39449579266869167,-0.19068818789924083,-0.3892220980953103,-0.23058366716469372,-0.38426672697999265,0.11795449133891282,-0.40047575193275975,-0.26477746678749464,-0.3558561540755943,0.015190785980732318,-0.28533052566386297,-0.14175408097465525,-0.26272722524246167,0.4971787044476118,-0.05304088841445101,-0.4971787044476118,0.05304088841445101,0.7482051465687176,0.40210455029219594,-0.6015470775886568,0.4906881572663317,0.8240292364416378,0.8282388187985834,-0.1686497061405234,0.06481519272956235,0.9083962487248342,0.9718704885269777,-0.0868794116450915,-0.040531106249998554,0.8298801552846974,0.9869045804390708,-0.10306049870350521,-0.07604427137615506,0.7858226300353642,0.9473829713867532,-0.11463251292499703,-0.04723529409999518,0.8301027590257472,0.837234282341363,0.7332576465662518,0.8932108087029199,0.7001725430906559,0.9638841276309428,0.70240457126239,1.0342841408583923,0.69932112914357,1.0910890498230037,0.8487691856913371,1.006493354285945,0.8565626728134804,1.1022265215647127,0.8178989230553009,1.136593465941761,0.783528366159204,1.1502786706786468,0.9238079018022277,0.9973852280805057,0.9179482466913208,1.1006750027324734,0.8586652867223535,1.1250184404276105,0.8166148017008305,1.1273781719290745,0.9666289663031994,0.9830618012465226,0.9667874313018958,1.072929357979994,0.9105212650934681,1.0961168710187434,0.868655069989973,1.1004578663763833,0.9856663790963233,0.9669631055743101,0.9959598222713866,1.0401969098997437,0.9558243497155582,1.0636370746202255,0.9203202686923642,1.0668778021657725,-0.2021275762495164,0.08123010762815405,-0.2218636307221791,0.010692987477220537,-0.18258571458903408,-0.049202255751903054,-0.12295292477431603,-0.0827267413602144,-0.06240698557708426,-0.09298328198166463,-0.1664976558762788,-0.09492488154481211,-0.15418929374595636,-0.17338248290209654,-0.14518621391914768,-0.22062468883286557,-0.13405573720425917,-0.25922751748629813,-0.09741235142032371,-0.08647118405913781,-0.02892068445572508,-0.1104895778977045,-0.04278537934621353,-0.08542106673056608,-0.07157203788666462,-0.06776923917972465,-0.03660137699788053,-0.0636998425256839,-0.009143342406551333,-0.06548316608986463,-0.03200496832885065,-0.044588293034705385,-0.0611960034519214,-0.03107886085971284,0.014101368394234646,-0.03808020733711679,0.022213006511832,-0.035274794185531304,-0.006259493406410947,-0.015290261413879756,-0.03336239732273675,-0.001909083060529689
-0.007267416777967277,-0.35087512933903015,0.07936392610704701,-0.40889203839428306,0.1185195223425076,-0.40619019288644176,0.15169303455261907,-0.402740175961514,-0.057667765115613764,-0.4174826388104841,-0.10120876054335602,-0.42196659816123183,-0.1409488181373403,-0.42589830875870915,0.20229170499615,-0.36499914375017756,-0.18046529641419862,-0.40573306167058587,0.07588394818059016,-0.2752392610324436,-0.08163489733119769,-0.28770074568667703,0.49664994338615037,0.05778264215604653,-0.4966499433861502,-0.05778264215604653,0.6410124826281924,0.5586327929320936,-0.694719894630758,0.3459524639309452,0.6211849801059574,0.9903536728234088,-0.17963907292477263,0.02442498027041522,0.6717970143536055,1.1494041236878487,-0.07596001225782405,-0.060475307733774,0.5921780218530781,1.146731097002258,-0.08372809589765305,-0.0990928035408186,0.5580546562110436,1.0981295367679682,-0.10168180901325191,-0.0731476658125803,0.6260857210235171,0.9993179664204813,0.5209244148120801,1.0321817601107697,0.47436232768508924,1.0930814179328996,0.46066954107747604,1.1629463503248916,0.4432424564413483,1.218624801776089,0.6101609825353359,1.1697848449988932,0.5947192491238547,1.2633321368635677,0.5495953548243611,1.2883054474519242,0.5127069669150733,1.29474423041291,0.6854168687583577,1.1771959706243613,0.6543094360498819,1.27509761974243,0.5914669325166025,1.2860498714859565,0.5488450520529508,1.2801311355829608,0.7292279690198947,1.1719491282623191,0.7077804286071564,1.2585150259959184,0.6479467501765794,1.2694640940470143,0.6050091097990501,1.2651171475497478,0.750016642075307,1.1599839821802391,0.7434405439466746,1.232889398215998,0.6994918174316713,1.2476136605555408,0.6634732320393085,1.2438897295608315,-0.21754703683169718,0.03169143331837602,-0.2233733895311305,-0.04368692841140468,-0.17028375570952767,-0.09361803546496425,-0.10015837592538376,-0.1124622264940187,-0.036761203278485886,-0.10793173691863399,-0.14424879962064205,-0.1328763842144921,-0.11491681503393414,-0.2049131901971604,-0.09636965751775427,-0.24798682924278495,-0.0768811806716324,-0.28225391100989017,-0.07924342477850617,-0.10897162007807686,-0.005932602837932755,-0.11743667081942155,-0.024333384009094367,-0.09605404671564155,-0.05493382777252587,-0.0857108494982156,-0.025126671131159642,-0.07307552867089567,0.004520266418729511,-0.07010701226746144,-0.021468384353815966,-0.05523132822728594,-0.051786152259869704,-0.04910554766538578,0.017967690540775905,-0.036917380199644405,0.027429240931265336,-0.03430404524437294,-0.0032061478317978354,-0.021592559610356075,-0.0313957141745156,-0.015100203872113782
-0.05175265257222761,-0.34733476405378805,0.026526282115851074,-0.4157522055532439,0.06549656606168658,-0.4179538828717903,0.09916052479664308,-0.4186843804420671,-0.10980573366394608,-0.40733018135879884,-0.1535086290505178,-0.40658058164667316,-0.19315959209187616,-0.40565470373055373,0.15418141415718983,-0.3874384641150885,-0.22984180112803185,-0.38085212680851516,0.03973675620817731,-0.2824534290141503,-0.11758640185288716,-0.2754001145233454,0.4999877603771528,-0.00349849582518291,-0.4999877603771528,0.00349849582518291,0.7045522698086072,0.4770210867960563,-0.6463145844936212,0.42781974795534894,0.7375927122023526,0.906640429223104,-0.17516740926598168,0.03814686797884551,0.8072334428850566,1.0587154347003616,-0.08315080498691373,-0.06333243800526368,0.728343158142367,1.0663038838226648,-0.09596171879260648,-0.10065342566792755,0.6887203176267944,1.0220849624872752,-0.1105855339943689,-0.06979925422576262,0.7413181746614418,0.9137845127264612,0.6415262253289542,0.9588086507449611,0.6030075870077397,1.0259398305065968,0.5992441632756037,1.0966071206468342,0.5912065100401729,1.1538063432114747,0.7463227804176622,1.0832039433289402,0.7457641619124431,1.179250307887027,0.7036977662249163,1.2097585387914782,0.6674071097175791,1.2197312108744391,0.8215068426083987,1.0814934363590945,0.8070732306247802,1.1841332368501467,0.7456335596753882,1.2042537461484017,0.7026628775793003,1.2035301311067534,0.8650616612814523,1.071548389313846,0.8575898013432103,1.1615384038452428,0.7990411722942682,1.1809068951779156,0.755865254022497,1.1824561667635183,0.8852400941267287,1.0573801122591613,0.8882097404117898,1.13132774714896,0.8456786335355865,1.1521766219049285,0.8089885761210194,1.153014219831447,-0.2123279280562211,0.051884565907669634,-0.22882745171079294,-0.020989349910417964,-0.1859392384934279,-0.07569709257272787,-0.12213722154654579,-0.10193383349367949,-0.059197621667165766,-0.10216582931137899,-0.16551802148942368,-0.11800487650282172,-0.14362987459177665,-0.1931043041145627,-0.12770923839371395,-0.23685565365696362,-0.10940399144537954,-0.2720354110973727,-0.09797832919150304,-0.10281157464105903,-0.023529385918720325,-0.11969281571471362,-0.03765851973860274,-0.09562326807938597,-0.06567823514331816,-0.08099659080613121,-0.0393763898072957,-0.07359245569404115,-0.007039959815716248,-0.07230899470371971,-0.030057465547197963,-0.05478389748123259,-0.057998520026829106,-0.045278898862949224,0.00824810578769454,-0.042478066668352944,0.020065872069878244,-0.03909387275607739,-0.007603433580880951,-0.023086203258104742,-0.03420221714592679,-0.01349212707422496
-0.025289397258492288,-0.3496941080715958,0.05712982268936896,-0.41192422443878624,0.09594361049190112,-0.41111863550758343,0.13000378050543032,-0.4092166386436758,-0.07842283197787829,-0.41428149815970255,-0.12197926183962216,-0.4172565555547837,-0.1611790077888507,-0.4195421230401634,0.18268233500005063,-0.3736558509654005,-0.19910439543115038,-0.39784907803974817,0.06092771149410236,-0.2781317734551884,-0.09574873636194926,-0.2836052720077712,0.498626805131117,0.03703119232127221,-0.498626805131117,-0.03703119232127221,0.6627278790101926,0.5320396206272408,-0.6784830816049304,0.37364211489537846,0.6607971087749364,0.9625075144934759,-0.18082429608907402,0.024861274913547646,0.7179895114981885,1.1196588857016272,-0.08147548065556429,-0.0718611986087966,0.6388234542867978,1.1209154519191105,-0.09279581520309087,-0.10970288711243262,0.6030000378721234,1.0735818667827985,-0.10883966111770065,-0.07925735444100551,0.6678389017611982,0.9688591304315955,0.5626162819275485,1.0060207514822164,0.5161720789895462,1.0698267667042145,0.5065856566408331,1.1394135717338516,0.49639256541963217,1.1955969599101355,0.6528977806946695,1.1388038971161785,0.6452029327481844,1.2362803926264698,0.6001147487674019,1.263308277340277,0.5633176134609609,1.2702241432819747,0.7284987161698482,1.1429462398444457,0.703821106638519,1.2453370272768134,0.6400018432907219,1.2572044835019462,0.5991745751124717,1.2503484759250152,0.7737416946611642,1.136405440485878,0.7570926981947115,1.2269671319091207,0.6966564859039104,1.238358887637482,0.6558622457191535,1.2332024086966205,0.7966015809813479,1.1235884262897369,0.7930797266893705,1.1987085362289154,0.7479233561761555,1.2141611473073823,0.713174960464855,1.209527192892962,-0.21438419586692908,0.03240211536460674,-0.23355489758882803,-0.03793095410850335,-0.19481870399088538,-0.09002433888532638,-0.13363431109962526,-0.11696460303870355,-0.07436178735396147,-0.11844098000261237,-0.16049160390323475,-0.1341084941375217,-0.13176771209583854,-0.20804232791275126,-0.10824832714534932,-0.24929257711865582,-0.08567659528896127,-0.2813804169417025,-0.09568849985156455,-0.11468769449539618,-0.021253186869845703,-0.12387921846103724,-0.03848152835825223,-0.09978717099895432,-0.06960672332131781,-0.08630236459171091,-0.04094220005326817,-0.0810627333355778,-0.007321581774485547,-0.0775638954953152,-0.029237067047068112,-0.06199733106781739,-0.0558952409757922,-0.05329081248036096,0.003906320780307008,-0.04630943308363206,0.020661388772118296,-0.04260094188124561,-0.006992774376019899,-0.02815315874799694,-0.033692753065776286,-0.019676077133668222
-0.0025417970107839607,-0.35044506518977087,0.08309059321749257,-0.4073438353997141,0.1214975406476233,-0.4040907863133055,0.15533075341881944,-0.40002009263302307,-0.05153321676425996,-0.41824272169617843,-0.09484899858348289,-0.42401184110145845,-0.13369781594605323,-0.4287808695395049,0.20521649169572106,-0.3612458203765457,-0.17309299551538102,-0.40958837472344484,0.0787961405073588,-0.2736485996453624,-0.0769137527519511,-0.2891134275643068,0.4952709489022115,0.06860529989368873,-0.4952709489022115,-0.06860529989368873,0.6273223725477587,0.5723122104205719,-0.6997796621892275,0.32978890375840975,0.5977917251323104,1.0012450982939487,-0.18198439971277286,0.014297358874784269,0.6448082663365194,1.1615377292883524,-0.07670708895772207,-0.07649881382565318,0.5658233509742032,1.1577375384362163,-0.08658927874045837,-0.11539718690066615,0.5331844677942158,1.1082596563813973,-0.10440866771414078,-0.08587739467639442,0.60004073042227,1.0065487287360295,0.4944316613572928,1.037883904334561,0.44557699034625486,1.09798219407333,0.43159619186610054,1.1671919802880606,0.4165253920752176,1.2233278034020627,0.5776581588330103,1.1766802633692424,0.5627298198477779,1.2719231922811611,0.5160786586758811,1.294930999163517,0.4789931604485235,1.299341583159689,0.6527723800811377,1.1853661244952787,0.6210660303699088,1.284532489343225,0.5570590041296933,1.2912451732243366,0.5165376934848064,1.2819336262128787,0.6980368429570939,1.1814722021200905,0.6752056326968366,1.2695639221094879,0.614141106559362,1.2764023665274742,0.5732409714280899,1.269012699001108,0.7208821760542756,1.1706092057554875,0.7119349857579855,1.2444578493515341,0.6659021667671136,1.2561324888984995,0.6312838424553116,1.2494220217044911,-0.21320638021974994,0.01692706032909159,-0.23173468473017464,-0.05392815683659451,-0.1970262234001896,-0.10389754643502642,-0.13979769106586562,-0.12761466620546014,-0.08384467506184379,-0.1262387716597635,-0.15618006013089883,-0.14541643328750314,-0.11736678035477154,-0.21709828404295162,-0.09043041155109462,-0.25650053445757465,-0.06674738796122653,-0.28727885770061184,-0.0947847093107125,-0.123789436100713,-0.016471839568773346,-0.12788017663214535,-0.03381936204783466,-0.10534061021595117,-0.06398872015728886,-0.09369273897836933,-0.04186498887161372,-0.08826308855450267,-0.008339522980069031,-0.08204282754883706,-0.030047816105835633,-0.06721988753960531,-0.05570081360440379,-0.05990722413813752,0.0032339372543096056,-0.051832668374238285,0.021798156891361747,-0.04732158768547299,-0.005372084349914744,-0.03413084991809289,-0.03166977785628868,-0.026906497838046012
-0.06678530508359617,-0.3432695841178023,0.006407229881269984,-0.4149428329577922,0.04452465395821234,-0.418834872586416,0.07845834012522786,-0.4210904499504357,-0.12745037563060066,-0.400804744165591,-0.171163125519112,-0.39849466285552243,-0.21011265724879613,-0.3960119280011851,0.13404139466998338,-0.39222192233357206,-0.24533271253427327,-0.3699694318069286,0.02718321338448308,-0.28306721496806614,-0.1283957191437768,-0.2695703722581397,0.49941374508786446,-0.02420560301487033,-0.49941374508786446,0.02420560301487033,0.721655703058272,0.4449064471933437,-0.6243176757522043,0.45378605042099357,0.7711114119935621,0.8713116049798026,-0.17562818732363156,0.04866363629246868,0.8470724131321484,1.0197674062141775,-0.08894180550211453,-0.060062438358594,0.7690529554512631,1.0305235119074267,-0.10694034966676066,-0.096806002643667,0.7279890623576294,0.988005362759167,-0.11879954689513099,-0.06429017322326276,0.7745807412740812,0.8760225122341286,0.6749815984691997,0.925265961362802,0.6378704594386079,0.9937965362348584,0.636479992707821,1.0636690511109537,0.6316417390989864,1.1206780677849884,0.7824064063298869,1.0474004119582578,0.7863372081867009,1.1438196511199388,0.7431269777609216,1.1745541410866889,0.7061290665137769,1.184946492373294,0.8576917149185915,1.0419687571151184,0.845449026060389,1.1456312077758988,0.7823114529162912,1.1639203133828337,0.7401291069321674,1.1613843391774707,0.9014155838312007,1.029663305283853,0.8961762383934528,1.121231853602252,0.8359587480340368,1.1388612763803136,0.7938921271599757,1.138182060300665,0.9218978132883561,1.0143753127429072,0.9260343803407053,1.0891926966258325,0.8818230506635417,1.108672271830285,0.8462226876026968,1.1073249592423848,-0.21138113536415024,0.05454668766587842,-0.23913598196082517,-0.008974201987135179,-0.20917315583388071,-0.06497700677469408,-0.1559435536965023,-0.10324606433552694,-0.1011454325474478,-0.1164824303873436,-0.18411397786392672,-0.11327296930338622,-0.15720855237964454,-0.19280214303180354,-0.13668184534749797,-0.2370222758249247,-0.11801869648517231,-0.2723005551710743,-0.11922279938596143,-0.1040806947669694,-0.041506677146791925,-0.12497166861324271,-0.0531406551038662,-0.09987538919252088,-0.07929895490195192,-0.08377286815676308,-0.05892900979419646,-0.08032600782961861,-0.024407161876219687,-0.08223953722799482,-0.042772632791224854,-0.06358171631653821,-0.06653322203795167,-0.052716647492314715,-0.006690972320903061,-0.05446144478896275,0.011007219344254972,-0.05462534073762426,-0.011843779129722128,-0.037078922726319845,-0.03571415600708496,-0.02667020971389306
-0.1285353821147998,-0.3247411358522522,-0.07004196298036829,-0.40849728426177584,-0.03336763119907632,-0.4192438314980985,-0.0002460098214420405,-0.42769412974293697,-0.19860830965557136,-0.3704752697256236,-0.2412545341567958,-0.3604168016998481,-0.2789471518691208,-0.35100076462228075,0.05971402067269612,-0.40938475706634186,-0.3085421349788166,-0.31927972281025496,-0.02515500543255491,-0.2828808455601854,-0.17513409106543543,-0.24166380465041237,0.48690384213603227,-0.11368662416119912,-0.48690384213603227,0.11368662416119912,0.7896596787146101,0.3069241732577643,-0.5315787098253952,0.5587225027900184,0.9144644264201008,0.7168543513090431,-0.16400256284221781,0.07950503945323327,1.0160811127173561,0.8491222738155907,-0.09847453286201367,-0.04408561495912167,0.9412487483600548,0.873793175389499,-0.12337937367035913,-0.07708389317567171,0.8932259197674534,0.8393735011368888,-0.12896113621522087,-0.04234889000348161,0.9150909503325848,0.7220774690957558,0.8258183968650875,0.7888112267637742,0.8026270411378378,0.8626196640850599,0.8146721943188451,0.9313713165268703,0.8211289525685935,0.9876576543387725,0.9565882717355522,0.8898406113438658,0.9777035269259754,0.9841043428231114,0.9382546122341282,1.0206018755182853,0.9024089347163305,1.0355650509121042,1.0298048173568615,0.8704997256930479,1.0363012408482477,0.9750538722491782,0.9760391162698553,1.0039406152718178,0.9339088352550772,1.008041507889972,1.0703815125703136,0.8500445949840709,1.0815705758111414,0.9411018738836945,1.0247343429262057,0.9691361564186807,0.9833579283046515,0.975553938347544,1.087471581100525,0.8309504863674494,1.1044168807302717,0.9040105967476676,1.0640742220370252,0.9306509273172788,1.0288074991739622,0.9349509879515115,-0.19316369094647035,0.08867646068090454,-0.23877295513614805,0.034291804246801075,-0.22817645649906818,-0.023566363360342353,-0.19150300819174082,-0.06961458356687883,-0.14902939847438276,-0.09148086049421937,-0.2059798233114083,-0.07882241867415027,-0.19325333296675787,-0.16392126691818154,-0.181631368022686,-0.21230732061887364,-0.1699130229555642,-0.2505830696827306,-0.14115165949637284,-0.08155961760680318,-0.0677149195436584,-0.1183570349575901,-0.07545143601221248,-0.09150543481804277,-0.0984838428827742,-0.07038893221016833,-0.07791110627800882,-0.06929415590567997,-0.0430685149454197,-0.08123440214736803,-0.055637530850044435,-0.06057712773163865,-0.07493359122721883,-0.04521858173843226,-0.021058320411231943,-0.0539610104318416,-0.002999990177979587,-0.05909919361628895,-0.020989476092408702,-0.03790342058545502,-0.040865495955684485,-0.023006734331545632
-0.03373020835797886,-0.34593951789184585,0.045242253766317894,-0.41061307815273473,0.08331570886603523,-0.4109076056775045,0.11733570554219962,-0.4100229968240193,-0.08860953660614748,-0.4093277902117991,-0.13244784006865745,-0.4115372568680282,-0.17138421600441944,-0.4129431118894399,0.1695216887567768,-0.3760964028301444,-0.20976169749463827,-0.39075659577843264,0.05387020236167225,-0.27780510177323037,-0.10120275492956478,-0.27922314919776375,0.4994458012139599,0.023534902798730124,-0.4994458012139599,-0.023534902798730124,0.6756795402174226,0.5091675706733162,-0.659249461999801,0.3930546496961147,0.6830947372855389,0.9357666688274904,-0.17983663210412967,0.03201713678086756,0.7443801583437453,1.0902127132661024,-0.08370686657888633,-0.06988473880800876,0.6654456047271062,1.0932445050585389,-0.10125034445590439,-0.10837210947203513,0.6289273972356321,1.047535553753249,-0.11605045694585192,-0.07617664264275656,0.6832779567048668,0.9421830215805647,0.5779567344159157,0.9815858520142295,0.5347013638018739,1.0464580161696824,0.5270871228381645,1.1157593656017761,0.5182715901629678,1.1720263502675328,0.6737611215853713,1.1155132064615503,0.6682557773721151,1.2126072952026632,0.6202876665442765,1.2367933604817092,0.5812963528471503,1.239483966064163,0.749445303564746,1.117450429095801,0.7276416470653054,1.2190666929663807,0.6632211182688489,1.230446225223529,0.6223180207456932,1.2219028996576173,0.7938652945172393,1.1091731526797934,0.7798796744411843,1.1980167445821266,0.7194874376459137,1.210073028991671,0.678766971362154,1.205564705325238,0.8154220629530198,1.0954470462488501,0.8125382765072902,1.1681545759989889,0.7677981544808483,1.1837921610312732,0.7333483406614124,1.1797182222557199,-0.2101670754364037,0.02899025667026934,-0.2404233862680398,-0.03674227815126857,-0.21363523356055825,-0.08770422110737291,-0.1642058812447548,-0.11738775213411945,-0.1189569551644621,-0.12580754395903307,-0.17976955291006436,-0.13531857514875423,-0.14342004165220607,-0.21460392614833987,-0.11725690333843786,-0.2578493287798271,-0.09448195390812754,-0.29071318648775424,-0.11427220033301899,-0.11869081075796031,-0.03317067301315257,-0.13483912307207016,-0.0484671474706492,-0.11188825916582695,-0.07591397554600576,-0.09766691022953934,-0.05513350152072216,-0.0891814208800424,-0.020353406925636898,-0.09211852388080631,-0.04011616230969622,-0.07637850595972266,-0.06382424545472316,-0.06706933704277661,-0.003940008995779406,-0.059018729146650205,0.009717071576573576,-0.061814159044051714,-0.013760853015754526,-0.04693590807766206,-0.03748542713559697,-0.03788601533988083
-0.1076343740804764,-0.3285414165828713,-0.04616967855351733,-0.4086509027443636,-0.009483183880505484,-0.4172445661404371,0.02361211212792984,-0.4239272949912841,-0.1756230501593027,-0.37766652897420533,-0.21894327095277416,-0.3699545531398973,-0.25710751116263986,-0.36264313041698654,0.0815085342550887,-0.40258962418579863,-0.29081130680055806,-0.3321989273466718,-0.008245022968711312,-0.2820159847862541,-0.15881628533957756,-0.24870655873185052,0.49162658809040055,-0.0911224334760199,-0.49162658809040055,0.0911224334760199,0.7719104765168462,0.337823588103712,-0.5443936166434135,0.5301890430601255,0.8754157672282481,0.7496732334354805,-0.16503857628147076,0.0689845235273356,0.9695916497483388,0.886183425274845,-0.09541218888885497,-0.05285311386406467,0.8934409787446154,0.9072248975427796,-0.12097584531322231,-0.08613845098454781,0.8478795425990807,0.8710537878518327,-0.12806954117616762,-0.05075924880918827,0.8722543928072017,0.7583085735946175,0.7810562273431926,0.820803706605894,0.7545051599699298,0.8933324763443203,0.7631689158397572,0.9620844666066641,0.7673822917077581,1.0181047659473919,0.9034293825662087,0.9283983614396117,0.9206073908205862,1.0218603084945028,0.8832630168513933,1.0564336550472204,0.8484970151999965,1.069786460988506,0.9769265720971562,0.913411899732143,0.9800688219661325,1.0143323841931249,0.9239439886983908,1.041309284721303,0.8823241555372794,1.0453313984021873,1.0184201565837647,0.8955552034304294,1.0253097315211925,0.9833244460181778,0.9718329638103002,1.0104802319220867,0.9302411838682928,1.018586486529858,1.0364382229434905,0.8781757623798154,1.0488264176496724,0.9488238471890414,1.0107857839090637,0.9757916861330219,0.9757574324217745,0.9832159869067733,-0.1805789420864359,0.06982634715120412,-0.23340518631761167,0.01595414825303292,-0.22527703856650202,-0.04128305836691069,-0.17984920238042112,-0.08335336042830904,-0.1313661382371223,-0.1005846383826488,-0.20737164782313597,-0.0912567888845301,-0.187810464889697,-0.18209545722569326,-0.1716083369019282,-0.23228417928024256,-0.155997908970175,-0.27104655398750355,-0.13799732310526755,-0.09112051185006662,-0.05855502122660737,-0.13108207253113477,-0.0676919381168107,-0.1042798824611491,-0.09080779787471484,-0.08153255042340123,-0.07067296781627962,-0.07606686219858547,-0.03226841017481106,-0.08770603387515928,-0.046671990995817786,-0.06720126223403831,-0.065921097060063,-0.05075629039666561,-0.011018812983265633,-0.05866110047883848,0.0031632834292487236,-0.06073923375040669,-0.01746807416684794,-0.03916872769869494,-0.03823130824691849,-0.02362767268551335
-0.10640334236836893,-0.32741838955367064,-0.046001744181250956,-0.40754452023034454,-0.00949296923602592,-0.4160470135275633,0.02331079918190189,-0.4227910604583557,-0.17553244103187862,-0.3762748753641612,-0.21914182460715764,-0.3684472938540756,-0.25745117510068716,-0.3612856507761725,0.08085763304511338,-0.4015811978182946,-0.29214340844687525,-0.3304021888597561,-0.00823433371364407,-0.2810043392242439,-0.15836123507222094,-0.24749043950500252,0.4913111421368575,-0.09280819797936211,-0.49131114213685767,0.09280819797936211,0.771808909075031,0.33484140317153227,-0.5349632538571528,0.5327263561057806,0.8768103161623324,0.7456017253113696,-0.16469747614356015,0.06902260136109964,0.9711585676367842,0.8817445837048592,-0.09559636081186984,-0.052053853241601104,0.8948932415111913,0.9029842806553774,-0.1215688375372854,-0.085166339483023,0.8493417431864196,0.8669222973180251,-0.12860658068252426,-0.050056290530113005,0.8689740520178576,0.7563201253912794,0.7764798137591953,0.8190866339594719,0.7516011260107809,0.8921969587778417,0.761704259210304,0.9606396336632225,0.7637860049800128,1.015440515885739,0.9002453433367011,0.9243895865707604,0.9177316089158265,1.0180144254953214,0.8821707949535158,1.053770797093192,0.8490531485533479,1.068451672497492,0.9739862524193069,0.9091197387402397,0.9768155312966424,1.011587729919808,0.9200676689577876,1.039772970989965,0.878330781544059,1.0445307636486032,1.0153272842230625,0.8910846982806696,1.0235394266549054,0.9807518548816985,0.9690222377807942,1.0082736421421132,0.927203331544539,1.0154497284518549,1.0337528210330076,0.8730255829442328,1.048160176460392,0.9448417598719138,1.0101701122479751,0.9718260858101124,0.9755620028699644,0.9784259074538011,-0.17444659606305424,0.07721090412926025,-0.23149915813047545,0.019337039212611006,-0.22139547556826597,-0.043507928679260455,-0.16312501753935654,-0.08928165159325967,-0.10275432212702588,-0.10850190051958093,-0.19916545653484688,-0.08567322453037668,-0.18735587587362298,-0.17798636330314732,-0.17325276401595685,-0.2311825953109078,-0.16081063217684066,-0.2726257201786492,-0.12487275563848133,-0.080493898779854,-0.06499003740519198,-0.13457352997277228,-0.07859733401888186,-0.10830658144307763,-0.10179867196807875,-0.08121436243059019,-0.05819819413106644,-0.0633658333969974,-0.0322079532928703,-0.09213447929699686,-0.05024921684407268,-0.07269327204216773,-0.0701588066446856,-0.05204392548744762,-0.004167628344110909,-0.043755320120452766,-0.0006655538061655138,-0.06273699685457289,-0.02145731216690695,-0.04351495559901606,-0.036079278916408906,-0.02602271194433903
0.00779130423236807,-0.34204459627340317,0.08748340694712953,-0.3994577701262514,0.1245216002047534,-0.39585181094681277,0.1572117556103302,-0.39200787887206195,-0.04547782154779964,-0.41057591180686726,-0.08977681802318171,-0.41669607036654865,-0.1287602349129028,-0.422118407727646,0.20424137124845326,-0.35363360486581286,-0.1724927591609113,-0.40336255011523364,0.08335554996264705,-0.2672952989453916,-0.06920522910942427,-0.28260247991360515,0.4956914414474697,0.06549805245753372,-0.4956914414474695,-0.06549805245753372,0.6270838420762164,0.5573421065203028,-0.6654927037224831,0.3446359503576916,0.5978699457763189,0.9790108546932437,-0.1705408901947286,0.016247433324930085,0.6447705286949654,1.1370160800826925,-0.07097107709641698,-0.07873472928526518,0.565662213808018,1.1333269253552727,-0.08686088398112718,-0.11895475095998992,0.5338967939280619,1.0852167802397308,-0.10454882813737824,-0.08822416666760924,0.5813510927849098,0.9873941545539847,0.4753984784312684,1.0181673152954307,0.4297650394396444,1.0790806812958154,0.4178928249292599,1.1468004436081745,0.4008238860542349,1.1990937395632282,0.5601293204925724,1.1554552415208645,0.5475770360538146,1.249872332026568,0.5035438293154332,1.2732931548699051,0.4687405968670228,1.278977956164841,0.6346329173675153,1.164397932656973,0.6042876460598632,1.2620060784034475,0.5416851170417295,1.2697865296621178,0.5012850161442663,1.2611816399420548,0.6793373692680256,1.1604841412672524,0.6588029882820885,1.24734162163882,0.5992723666475216,1.255797547118449,0.5581391933774874,1.2499151949500518,0.7024985611923051,1.1493858421467087,0.6946178527227228,1.2210396713644882,0.6508196607904567,1.2350010716452544,0.6165856403221499,1.2312961428044442,-0.1708955684492724,0.03870395948350992,-0.21154267798922083,-0.03967721171006343,-0.1797906894574292,-0.10327221731602794,-0.10648551139516582,-0.1371667023549714,-0.04122604620070653,-0.14798067219370822,-0.1549157500437308,-0.12071763198769342,-0.11799632417867816,-0.20898481933179916,-0.09058410628322121,-0.25651835948098317,-0.06584842689621795,-0.2947794243161866,-0.0829422089956669,-0.09066781050219351,-0.024448564006341347,-0.1459391366923996,-0.0498198828846482,-0.128869512292042,-0.07787532763939295,-0.1087107271006762,-0.024348692751539863,-0.054517063753430114,0.003858755713706628,-0.09661068761114118,-0.019330413113439943,-0.08450221801176251,-0.04009492846121195,-0.06881572993171756,0.02029674135933771,-0.01937401236369553,0.028573122821044402,-0.055897591129296854,0.0037779748006806,-0.04691981237778157,-0.01123674203819556,-0.033968683220474125
-0.10173401948667422,-0.32145625127596,-0.04687860138917502,-0.402661648352526,-0.010890713511869524,-0.4114918659300872,0.020696107692367023,-0.41889769317888936,-0.1758094086463762,-0.36894640303769394,-0.2194771798845608,-0.35998438741457656,-0.2581939632523327,-0.35229686397197024,0.0773467738469196,-0.3990404319296745,-0.29361640372094217,-0.32028471370812045,-0.005661963189461399,-0.27728502326518945,-0.15510065272622717,-0.24076019956075298,0.4891037911233669,-0.1038146497790649,-0.4891037911233669,0.1038146497790649,0.7735950712471175,0.3146698355962313,-0.494266707323105,0.5461588011371468,0.8878531291392665,0.7204758203329943,-0.1308166877736985,0.08378035338892123,0.984780463523024,0.8531489657228833,-0.06746793190569687,-0.03478095992284296,0.909270122164206,0.8759430650595583,-0.10412151058118094,-0.06788599073188681,0.863905054347782,0.8412242319288477,-0.11154149535976877,-0.03700843400675736,0.8770434370165024,0.7342015882726245,0.7872259333372245,0.7976733378013695,0.7627939938700482,0.8705701598098914,0.7716832672637556,0.9378804990541344,0.773549737159036,0.9923402088459324,0.9082185885382454,0.8995309480717487,0.9282888610694268,0.9921145750102164,0.8946968024713743,1.0283806687396413,0.8628699738853366,1.0446611574592937,0.980679834188584,0.8836620275396834,0.9847921723355334,0.9838016870316952,0.9312720313202494,1.013416743061495,0.8907962143976926,1.020277030911898,1.0218805980390584,0.8654970568097351,1.0298473163660111,0.9529684955422836,0.97986892937565,0.9819491188966514,0.9402136703009302,0.9921438617413548,1.040394356202658,0.8476178002713013,1.0557514481473922,0.917032354801735,1.0215207221463367,0.9454489090943845,0.9889087554184145,0.954922901741887,-0.13484797524305547,0.12166819617933641,-0.20184084965670807,0.06434791431312736,-0.18950765989682514,-0.012038314762540483,-0.12470593343796267,-0.08063200754112063,-0.06720334333980259,-0.12219959664547995,-0.16569863816638597,-0.012857596450137534,-0.16672830946237704,-0.1134754382427532,-0.15823643445729293,-0.16866852836259116,-0.14977594034016478,-0.21589512190028357,-0.08251656559056347,-0.013048894941507565,-0.09126513939712194,-0.11382636135071682,-0.11563741704947665,-0.1333958963337081,-0.1303923322781016,-0.14471094780636726,-0.011479735423158494,-0.007993803791453803,-0.025236533880368603,-0.09186077958619147,-0.056684514793285526,-0.07067410973855902,-0.07196257042863988,-0.04263535373372554,0.042666590501234565,-0.0013365248587635969,0.01362946790412562,-0.06005187916937365,-0.019491990602635866,-0.04452374040666807,-0.02823801525006885,-0.022739865764636904
-0.02510262207191522,-0.33313111994868755,0.04653928485286222,-0.3999201759381071,0.08348014571614096,-0.40035828296239545,0.11565247647164192,-0.40072397884198147,-0.08645127728090575,-0.3963339678249025,-0.13097249321110138,-0.39745406568454605,-0.17065511224322263,-0.3989370129148219,0.16663766782328765,-0.37010359613833765,-0.21284001058451033,-0.37672256324722814,0.05825565911977816,-0.27012505210228194,-0.09497628946482635,-0.26806274794002544,0.499924600024951,0.008682988534646937,-0.499924600024951,-0.008682988534646937,0.6769925554891392,0.4796658604913409,-0.5974878273224005,0.42638030964916607,0.7013566445785322,0.9004640635811241,-0.1420609377772114,0.09290373759619368,0.7627161116667905,1.0514124473111122,-0.05177210817431635,0.007312555729431098,0.6854714926333684,1.056017731974064,-0.08023305743124894,-0.03790880866167905,0.6507371783612828,1.0122719554167734,-0.09499598218022716,-0.01764403372025138,0.6861025302176724,0.9116679231706828,0.5843487567280887,0.9519262475400604,0.5432701154901558,1.0159416586981067,0.5363095027674082,1.0831910524014965,0.5283893095694397,1.137612944185018,0.6782754704452947,1.0789638757348958,0.6763935265704738,1.1725809700615955,0.6366269652595558,1.2001887093437635,0.6026918000174943,1.2080455586631362,0.7523559759031385,1.0798832942382561,0.7332737150970319,1.1780386724964425,0.6755437700651974,1.1939561367185618,0.635642550845539,1.190855832685494,0.7964074103724563,1.0713198004499556,0.7843575084709606,1.1580311425397731,0.7297850411494349,1.1743922816365036,0.6896901848119735,1.1744198056485378,0.8186302868419643,1.0579359277888551,0.8197499595966448,1.128940981192418,0.7804564130475777,1.1487798794356576,0.7463822586477562,1.1502101538817606,-0.15086446401891618,0.12178462887284924,-0.224609033285415,0.055708512385739345,-0.21334157459100478,-0.019605740925558203,-0.139851603260591,-0.07629663369698016,-0.06530799955109057,-0.1012345260231905,-0.1631380779417429,0.012379255154894419,-0.11618341900840873,-0.0915271658960898,-0.09721406027216732,-0.15282618418351696,-0.08368383597993166,-0.19840404371423448,-0.07240830890909998,0.03141601272166342,-0.04218303427405115,-0.08527199789488595,-0.07618201664463123,-0.09212471219053968,-0.09998705695366177,-0.07469617229907513,-0.0024546703723231085,0.04443957235203895,0.002379939165718465,-0.0646073657469738,-0.043578666992244997,-0.06302031914251081,-0.06790172297817208,-0.04089281998419794,0.046435607597377984,0.050043969061390955,0.026412321089864164,-0.03466321869495029,-0.016374634691736323,-0.03420255591273991,-0.031067758115319685,-0.014725249082628046
-0.018061255676659626,-0.32480168709600105,0.055273943261342995,-0.39033806954838224,0.09245859747752334,-0.39009494422958446,0.12419694286111123,-0.3897241566918459,-0.0778552661882102,-0.39107096681459375,-0.12167909517412809,-0.3932906163720581,-0.16134713901818817,-0.3954525296886965,0.17736214050459473,-0.36196711697252315,-0.20402116937850887,-0.37762962834149594,0.06387594603844647,-0.2627917145868179,-0.08872023541290748,-0.2653587427114794,0.49961225204725934,0.01968749867976644,-0.49961225204725934,-0.01968749867976644,0.6613655736766438,0.4942448378667385,-0.6028476751892784,0.41416060931294285,0.6807716468258467,0.9161764459313855,-0.15227520040620773,0.14167184805579175,0.7375169260564532,1.068738235475241,-0.056959693539654015,0.07567065442161681,0.6598785425676281,1.0712894236121389,-0.08109081538002624,0.02675010398952467,0.6271712075680987,1.0271420409109833,-0.09681372410396712,0.04001198452157694,0.6610201780653213,0.9267959590786208,0.5596920126982122,0.965555643258095,0.5174898296440117,1.028785163465417,0.5086559107527757,1.0955853033658463,0.4983141869449541,1.1492748032972453,0.6500670032368624,1.0933706916232928,0.6475775974714929,1.1875941522791549,0.6066775347196115,1.213866180472612,0.5720960088013443,1.2196127893291195,0.724653575209191,1.095816668395824,0.7029178324114324,1.1939040122385176,0.6446760638713322,1.2078784395399718,0.605268568964186,1.2031317917789217,0.7694526065775686,1.0884141592623633,0.7544568388125206,1.1750929953189018,0.6994163251901495,1.1898035152327535,0.6596068499062616,1.188418421413771,0.7928969311585486,1.0758114901164095,0.7922508242573891,1.1465030883771994,0.7524292336244555,1.1651015383399326,0.7187298884827779,1.1658265144308235,-0.16158902839043918,0.1574970484110748,-0.2228130915584844,0.09481368623649283,-0.21896558779548075,0.029498786912316267,-0.1662481428462384,-0.01550779927508335,-0.10548518186454675,-0.03509023101901835,-0.1706827126144564,0.062371347219351114,-0.10966158955926253,-0.0260919639537502,-0.09215799432401868,-0.06933050632288298,-0.08805413065213476,-0.09895370909826069,-0.08496179511235137,0.08684775233861061,-0.03406357029575328,-0.019779419893499992,-0.05261951982649377,-0.04877078245019399,-0.0757505934475217,-0.055323842815670876,-0.011700145380502115,0.10421671639177049,0.004321631639528397,0.004737183783172089,-0.03746901211122441,0.005952737837165089,-0.06515092092428615,0.025299270470785302,0.042200137847992016,0.11220787818249296,0.0337019217801741,0.034019119058444486,-0.006757229888536398,0.034490652580674255,-0.025494101125674296,0.05359798402801047
-0.039877061355552905,-0.31045431471800267,0.029335619625071172,-0.3814299164627945,0.06667814223710271,-0.3837906974331547,0.09820494440961401,-0.3849918830403405,-0.10352286653810287,-0.3750448359777853,-0.14723724624190304,-0.3749464118846865,-0.18696984155845142,-0.37437546762106877,0.15482601196264859,-0.3654722202848616,-0.228259033164204,-0.3570786320377261,0.044166875162664626,-0.25583730430468604,-0.10612941301491019,-0.2503054085035178,0.4997992521452042,-0.014167129387942174,-0.49979925214520404,0.014167129387942174,0.6898640546167389,0.448210197065536,-0.5721824796453948,0.4558009895255064,0.7404378464838441,0.8691660839294878,-0.1648191984821819,0.19387209760564963,0.806267557772862,1.017369171248158,-0.06439821740755922,0.1248270337536128,0.7283406602385334,1.0252191939934319,-0.07838178391822782,0.08037376890802822,0.6938422087250798,0.9836364486549674,-0.0935098487429986,0.09338002441607036,0.722380049353035,0.8811514729620008,0.624107882458765,0.9266213625703967,0.5873960926547733,0.9927935550202788,0.5822910072149546,1.060338292849675,0.5736563638243294,1.1149169364669713,0.723418993065006,1.0489821177036678,0.7246565756128909,1.1432163802818816,0.6840044345053865,1.1724131102525697,0.6487812583240916,1.1798607303683784,0.7978168711266005,1.0463753992922626,0.7809888680854298,1.1459988343029293,0.7225632980785116,1.1633942088890983,0.6831050971700857,1.1605853133433184,0.8415858245762958,1.0357390540629965,0.8315689129155179,1.1234606904173776,0.7771471813572067,1.1417381102164657,0.7377605158368262,1.1423724734421485,0.8637487619153137,1.0211144584011398,0.868058656338857,1.0922022343151467,0.82926977989058,1.1137940702174045,0.7959261409869768,1.1163722129836755,-0.16138247805106642,0.20477371192112506,-0.23568843350236213,0.14440030952358843,-0.21420661473250502,0.06865652816169732,-0.13443308863561051,0.018084802896963435,-0.04964065027814449,0.0041562039611127135,-0.1879040195140206,0.1358500107990164,-0.15364326147906748,0.06050180267968335,-0.14586266095063952,0.02813070499054335,-0.14306157218065843,0.016657645566645726,-0.0986379259384509,0.15603163521781657,-0.024686539612308524,0.04012647766147884,-0.05874901195181974,0.04155763444166892,-0.09398057509007679,0.07086492777344848,-0.02277163959183871,0.16460980279817872,0.010227649839639934,0.05605434135609879,-0.034207807073773765,0.06342353428180313,-0.06297993413818072,0.09065956026163087,0.028965915789669196,0.16365457564259434,0.03749548961020361,0.07777473948152903,-0.006206424819696619,0.0833096271411195,-0.029152019942389522,0.10942604690205344
-0.06639091079660006,-0.2976416404388063,-0.0003860116596466588,-0.3745827519111157,0.038133926933084865,-0.3802027297748206,0.06932978276390751,-0.38365906647668224,-0.13220358996692375,-0.35865250766486684,-0.17499054281436074,-0.3557207241353284,-0.21467406585297924,-0.3524528924995809,0.1291653413251755,-0.3706265221228853,-0.253033038819245,-0.33487205083265176,0.021443185852024236,-0.2511955486039182,-0.12607432607696725,-0.23533100926079495,0.49771848138543917,-0.04771072507699113,-0.49771848138543917,0.04771072507699113,0.7162272432970835,0.4004300056543883,-0.5447670837403153,0.4983242561906862,0.8001599047796062,0.8209140246175209,-0.1803564853697914,0.24489042153253007,0.8760497856236935,0.9626705743997738,-0.07283744236055673,0.1720511098481414,0.7974671849700565,0.977187284786698,-0.07480379669957318,0.12661100236305725,0.7602662714781151,0.9384385383726142,-0.08983068666972413,0.13847082027049878,0.789695904853759,0.8332514342787353,0.6921407431024341,0.8848116314440202,0.6575953010980592,0.9546695260003654,0.6564238346426357,1.0230261266855958,0.6518876531003314,1.077572224571268,0.7952862577234644,1.002473147457241,0.8049040383805202,1.0960437441357183,0.76809643697889,1.1280715177295038,0.7350387899540555,1.139211548613663,0.8700546812005001,0.9948133233745957,0.8628385471709781,1.0941496521603211,0.8073580614690049,1.116995984870588,0.7681879971096892,1.1181656601310082,0.9147763130220113,0.980911093139603,0.9125392050075656,1.0679498444614395,0.8596307304756828,1.0909221923870491,0.8202538558539202,1.0951369146316616,0.937307799299405,0.9645657102051829,0.9466006781988412,1.035400206067491,0.9089186063850401,1.0586038031548646,0.8754699390390583,1.062145361201707,-0.1365777954450083,0.24920006441936043,-0.1753856674529606,0.19303367184832565,-0.15850587258578758,0.12450447869996395,-0.12018592210877757,0.07711678607867543,-0.09679888615111175,0.05991750258358526,-0.08428944175072653,0.19965290948640024,-0.07918546014954606,0.11662979644696478,-0.1100265705237011,0.09042579550876383,-0.1274774303490065,0.07864140996458112,-0.04805720982714055,0.2111761587545993,-0.03239222159991155,0.10560357048603058,-0.06293213977374626,0.07166206438510228,-0.08686857560476052,0.059364764774615914,-0.026210559971846376,0.2084442841037108,-0.03882074450622216,0.10310322101603749,-0.0744822928397126,0.08961760634849442,-0.09368117120407396,0.09581055234096293,-0.01570983145777861,0.19532379876596576,-0.02146977630781514,0.1092236139109026,-0.05549827508750483,0.10083990084074795,-0.07154534759913793,0.11256537920868245
-0.05684319167355255,-0.2968684209211022,0.01355776659032456,-0.3710748700840507,0.05298753632035695,-0.37528930765750346,0.0844067765601447,-0.37751653733177815,-0.11918699250322183,-0.3606063072245916,-0.16203151878003144,-0.3593927718420788,-0.20177471451867895,-0.35772425698164834,0.14627674691193293,-0.3626709746096923,-0.23818341429133147,-0.34193764917147235,0.029431311303536673,-0.2461440840351325,-0.11843007552197835,-0.2363350193249994,0.4993107375576319,-0.02624475870823777,-0.4993107375576319,0.02624475870823777,0.6988596722766868,0.43113487624739555,-0.5750122711335073,0.4783535373342147,0.7643415802430413,0.862899538703813,-0.21414427774722697,0.26850856614898916,0.8345370515653124,1.0083209806687765,-0.09915512464883583,0.20339586447144603,0.7544368988482918,1.0196558600454058,-0.09053995386049285,0.1544036267792213,0.7183098139965688,0.9787871103223887,-0.10639661635054844,0.16586053640988274,0.751244345217026,0.8763753897494375,0.6508149955975561,0.9228849931876798,0.612757936470474,0.9898154326443513,0.6085340694146295,1.058042810593117,0.6053812029986423,1.1132388247166003,0.7495119459548014,1.04441239399229,0.7564771754412679,1.1391269558508799,0.7169650113986108,1.169063389209041,0.6815590336668097,1.177936861238686,0.8244726998372766,1.0403064241256113,0.8131404652329347,1.1400538953013275,0.7561952006279152,1.1614218900034894,0.7151199640019843,1.1611824552004641,0.8694617867059099,1.0284584957452434,0.8631941100042891,1.116294091788719,0.8087283255786611,1.137709041523304,0.7672053200043847,1.1406902696974621,0.8920024405860769,1.013384380839726,0.8979743923021053,1.0853432975098856,0.8593575653975883,1.1081200097453858,0.824151261435171,1.1112948255146748,-0.15619647925426455,0.2447913205460621,-0.22184832196486756,0.19904127386595383,-0.22807534855627534,0.14078721394632895,-0.1896668063903178,0.10416354003534305,-0.1338383687457703,0.09501015126269995,-0.20096244521363493,0.21054553557123631,-0.17320429853289082,0.1543614922295213,-0.16262005056637507,0.11564109743120027,-0.1512336242915215,0.0864424250722273,-0.1203596618634623,0.225356352314958,-0.08480431237423497,0.14865822612307283,-0.07698399978525054,0.10479579195034035,-0.07738971521886606,0.07884884179434017,-0.044909144009632716,0.2243554572605799,-0.023789362208018642,0.13722345328160182,-0.04074836443970593,0.10705016020725276,-0.06397591170020944,0.09476673341788384,0.01427587517637807,0.21229106898997047,0.022295450462105088,0.13534832140432473,-0.013086645326522916,0.11572217276482506,-0.04664865400293405,0.11407035632592227
0.0036882544861460247,-0.30027051116857606,0.08860790778421618,-0.35775399996846824,0.12863221820170523,-0.35348628469805815,0.15985245119312236,-0.3490369354750469,-0.04318626409282405,-0.3754490953113435,-0.08498466364509703,-0.3829962875261613,-0.12418875872582977,-0.3894721093036186,0.21885109412203796,-0.321051688537329,-0.16208509769774326,-0.38090096469130236,0.07764622352960525,-0.2317002853493706,-0.06801517886352755,-0.25267510039116725,0.49400893213914754,0.07716978013924315,-0.49400893213914754,-0.07716978013924315,0.5947235384659036,0.5636146494024961,-0.662976277372729,0.3510657467298064,0.5698769578508046,1.004427323939024,-0.26893694108007926,0.22620428026393985,0.6099056102937334,1.1614179333035441,-0.1466901781147861,0.19126164673613988,0.5269020507757024,1.156074812114718,-0.12583685473759537,0.1442182131960827,0.4999722637345979,1.1080308595358614,-0.1428045128423809,0.1515324349110083,0.5559251938187267,1.0158850874100656,0.44767399253898615,1.0410931896142328,0.39615165227606386,1.0989685692698095,0.3767195219103217,1.163670801995062,0.36127041959691114,1.215710391813686,0.5193959759463787,1.1802529922433869,0.5036464515124973,1.2731705638404813,0.45835486687203214,1.2949899239037816,0.42205796144633145,1.297317174029628,0.59336319747168,1.1916509224748273,0.5601124761762357,1.2865096458591607,0.4991417184626944,1.2948854455721313,0.4590782342283904,1.2857541352109916,0.6399968102753754,1.1895566277244816,0.6157917062598574,1.2739581067255394,0.5570216709648405,1.2828377365340926,0.5155253856145063,1.2765131651085975,0.6651556029415515,1.1796241004053236,0.655530644108987,1.2514403091817963,0.6122379041734266,1.2654982449774448,0.5769259590969297,1.2612152459224462,-0.20873987727510285,0.22530473238624635,-0.2569698094667873,0.14941184221841947,-0.2215850175519404,0.08330618049811928,-0.15108566418125932,0.059303117248406124,-0.1031456342658823,0.073950554503842,-0.2303893521046758,0.17255205226231013,-0.20416362210443229,0.11815114725110666,-0.18680057394347185,0.0903981745425318,-0.16053387148635662,0.07087064596174505,-0.16402752389494,0.20600158333353089,-0.12070506819576231,0.13092749256828676,-0.11668974093142777,0.09573695084546965,-0.1140297748189306,0.0792471277662909,-0.0990357991713879,0.2195986980325328,-0.06079945220046606,0.12827176410310936,-0.09236262982663844,0.09862300188519095,-0.12502536299575182,0.09303703380922258,-0.04094618839237311,0.2162126653936498,-0.016501621266089367,0.1299773971499055,-0.058442567971443954,0.1061968305467772,-0.09715961575847314,0.10855355388778659
-0.043322321072543614,-0.2957392031594989,0.03256840790033421,-0.36516946581564563,0.07326969972807623,-0.36686582545214397,0.10481844185985179,-0.36707723626140076,-0.10010119851952297,-0.36316639460329136,-0.14216504118673048,-0.3643341511478139,-0.1818284521528325,-0.36480404864666344,0.16832423085685055,-0.3477617315720933,-0.21667658914261984,-0.350218058651681,0.03987973795557739,-0.2385184410856067,-0.10597715779900378,-0.2371094116954301,0.49999817338950037,0.001351520315474415,-0.49999817338950037,-0.001351520315474415,0.6734808931773781,0.4676854689553432,-0.6019817629704866,0.4490008804343506,0.7164745701412645,0.9076046815920307,-0.24234389970713474,0.27913365867870205,0.781157576956535,1.0565828027876103,-0.1262344977896566,0.22888038124802465,0.6963686137378541,1.0638898143702584,-0.11337826294143877,0.1773226095192592,0.6621937772223564,1.0203577155763512,-0.1298142697283887,0.18717212512680576,0.7028025437338875,0.9219315843511412,0.6009912508177885,0.9621981990022165,0.5596862589663134,1.0269668610707827,0.5500965292274345,1.0946731682766817,0.5415995417978617,1.1492719693803055,0.693365136661333,1.0899282577030724,0.6911172855614148,1.183687426175845,0.6500727626120277,1.2124895248890344,0.6147963453609654,1.2206397763167196,0.767951427579059,1.0901665374823994,0.7480741547564375,1.188945293823617,0.6876307088557142,1.2052975184435994,0.6462471569968524,1.2014713976376659,0.8128745785806183,1.080774888265635,0.8013493428678276,1.1683540717651002,0.743120589986007,1.1847394610853714,0.7008261604126937,1.1833747399596883,0.8360297980439093,1.0668815604827773,0.8381515932234075,1.1394064557292694,0.7962540922418471,1.158716193721164,0.7602368168086868,1.158451458967847,-0.1855092442965546,0.25250850028750577,-0.259843973071453,0.18647436975607343,-0.23333672709102402,0.11490609392285013,-0.14650512788054307,0.08153746279545637,-0.0734753494383605,0.08289869081068867,-0.22119695055431893,0.20380029323889443,-0.20270773626382568,0.15266397980862834,-0.1859698705902487,0.12018446536278161,-0.16212328026367626,0.09401909090419949,-0.1367390607190892,0.2253740593985761,-0.0769972997686285,0.14039340622042096,-0.07856466193098408,0.10964642147486268,-0.08149724186565366,0.09894046533454673,-0.06218345223844469,0.22859861707938173,-0.02800644214678075,0.1271661223272467,-0.07686952563612907,0.11740972093578055,-0.11703491834629227,0.13458443779200174,-0.005371734880692139,0.21723336935709373,0.004927022201599952,0.12861061673289326,-0.04625929120574927,0.12088672327114429,-0.08528409929700716,0.14171887872207098
-0.05521762384025475,-0.2930536510223365,0.01861320198477547,-0.36513626254036813,0.060010447410050766,-0.3681112473263938,0.09172553359702934,-0.3693408225957177,-0.11318840027542951,-0.359125764722944,-0.15461429999348122,-0.35897054601463324,-0.19411028106582298,-0.3581899777327663,0.1568325262230611,-0.35180532713642654,-0.22718151803272815,-0.34227130753093676,0.02953769187333898,-0.23805582381578197,-0.11461327263857364,-0.23197145283861842,0.49979061467420405,-0.014468637931100271,-0.49979061467420405,0.014468637931100271,0.6878281220032929,0.4455061559864753,-0.5880887288298793,0.46851740946423387,0.7447966337635171,0.885053248637339,-0.23790557477799262,0.28792229844044814,0.8150929271494642,1.0313933063104086,-0.1239957148987146,0.23204022218370862,0.7292796854142785,1.0412205952801128,-0.11637348097156071,0.18217164598980246,0.693450582204243,0.9985920245502988,-0.13313049357633866,0.1930631393733832,0.7339805865906259,0.9005777062965485,0.6340655022101344,0.945111201844467,0.5937717017101071,1.0105657197218907,0.5857756824019247,1.0781555373592067,0.5813118355384573,1.1330218256378006,0.7288112711422267,1.0684210029124717,0.7291938881727893,1.1621735681774936,0.6883716249840819,1.190752534702128,0.6542311767884946,1.1972863694042122,0.8045479911230166,1.0656557359893302,0.7894285511361613,1.1655591650398947,0.7306671000946261,1.182157715206712,0.6921404619194976,1.177268760859682,0.8502935661708971,1.0545029027947908,0.8429710181099294,1.1424749086446433,0.786219785197641,1.1597105492774704,0.7465972494969059,1.158134799835518,0.8733282910206328,1.03964564942099,0.8764448483361709,1.1126562552787385,0.8352093514524753,1.13231431119161,0.8012876569754935,1.131738730172583,-0.18131571403232927,0.25675342905549164,-0.25355115104556697,0.19633041973758136,-0.2359991288062324,0.12814765046458038,-0.1640777370072048,0.09115977108932348,-0.0982845786469516,0.08736554246095828,-0.21505362838978168,0.20745611840042577,-0.19414049896768826,0.15112653169505558,-0.18263441289354448,0.11942769311659149,-0.1629153095554158,0.09545125295457121,-0.13121146668201183,0.22422218322487641,-0.06219022005978158,0.13356155849228246,-0.07618366868580778,0.10320616264913597,-0.08886736724177656,0.09469343682244048,-0.05842871254130075,0.22441843042519663,-0.027351461201132715,0.12261956345997642,-0.0814368238852226,0.11573447021042449,-0.11897122744103818,0.13452093682378946,-0.003946498710262432,0.21156492879328867,0.007270917930637216,0.12424767482392343,-0.04750700271899793,0.11730169104712529,-0.0860257755190937,0.13714022772219622
-0.023041586006644157,-0.29688299164118204,0.058129412482128155,-0.3604803478465128,0.09971408028582521,-0.3588855799540959,0.13133174190949412,-0.35664983297462016,-0.07332353333184552,-0.3690478746795872,-0.11443395305526541,-0.37345214148397365,-0.15369929754663905,-0.37701550435424896,0.1946418712627151,-0.3318164485072239,-0.1877178162251796,-0.3646513303344755,0.05479691032871477,-0.23268094869181075,-0.08874641608621853,-0.24239196667878726,0.4983466781524116,0.04062743376656486,-0.4983466781524116,-0.04062743376656486,0.6345822932221163,0.5182344510975194,-0.6359684567975276,0.4018723729260113,0.6429871738028842,0.9620557196643941,-0.26960196441242873,0.26009132460366235,0.6978986987045505,1.1148616152183393,-0.1509710866936237,0.21583206584830558,0.6107736721743893,1.115100364476378,-0.14129607134405295,0.16748794886791493,0.5789814027297753,1.0686498810632743,-0.15949255804325604,0.17701492081428413,0.6325669519453584,0.9772419518627025,0.5286483649677078,1.010972448020084,0.4814688003118782,1.0723195808909185,0.46767326562147044,1.1387601971327228,0.45745626916339494,1.1922934923384887,0.608567890492406,1.1430919035190632,0.6006202526635748,1.2361720031137358,0.5587361501079224,1.260207207139765,0.5247983723334853,1.2642972302071362,0.6839456217792318,1.148271306743789,0.6603394492721882,1.2452512029703333,0.6017415869153897,1.2558118951025445,0.5638837937689524,1.2475224619908727,0.7311164311278625,1.1419662998612083,0.7161553696107948,1.2281348751100227,0.659035217207677,1.2391851531599087,0.6198253155725959,1.2337129635589774,0.7564827579738883,1.1295085453127303,0.7526572310672015,1.2018260794560418,0.7098891068399789,1.216558387928817,0.6761782479129437,1.212214303188794,-0.21174195362258894,0.2332159894960564,-0.26429782579622857,0.15745578668550966,-0.22472169615693044,0.09037539901876551,-0.14688723477568244,0.06720247158429897,-0.09390031295902122,0.08108761955860204,-0.24091422872547563,0.17492832851823556,-0.2159875479618406,0.12419660053387291,-0.19488550063463478,0.09762714008260215,-0.1649197893859992,0.0796414216622236,-0.16576415211556303,0.20780166086061388,-0.09346947570377481,0.12945774573621271,-0.09769565628623914,0.09955602153636665,-0.10238238528000382,0.09275519447277444,-0.094419356780772,0.21895049299055197,-0.04980299900355802,0.12331000516855349,-0.09799726020910594,0.09982381775599372,-0.13576034185333044,0.10671564945704283,-0.03522116269246819,0.2116298397313151,-0.01323132804352108,0.12288948412523329,-0.06689882521345022,0.10347411416223401,-0.10809300989122986,0.11577065860652266
-0.018156548654878465,-0.29597323163945477,0.0639780627890236,-0.3583991332860594,0.1057324996668421,-0.356113470700242,0.13732510312616067,-0.35339610131946636,-0.06700275938715555,-0.36933046899399274,-0.10786382907990123,-0.37447749410212444,-0.14701522015285498,-0.3787781125505851,0.20050252993510292,-0.3274196629304339,-0.18079181462817367,-0.3671771415873167,0.05826768891716461,-0.23049335845843497,-0.08467858655154563,-0.2424248180334432,0.4975054549811326,0.049883085951214726,-0.4975054549811326,-0.049883085951214726,0.624791119657761,0.5296899985547524,-0.6424372187453176,0.39101176228265155,0.6252666373768366,0.9739852331459912,-0.2762244589116066,0.2558257091858027,0.6788301449412553,1.1277634725259273,-0.15741069437288133,0.21593630045286769,0.5918321748852616,1.1264981615781966,-0.14889501206540948,0.16625370026438052,0.5594684130016234,1.0792563326860756,-0.16765710288036642,0.17475446749291348,0.6158124910896204,0.988821727972534,0.5110202571824092,1.0212286904394687,0.462884135521057,1.0812515151885869,0.44870824929646125,1.1476551393040522,0.4372377981993958,1.2013647223366057,0.5888164180703959,1.1548639237051275,0.5773720589285452,1.2476739789541862,0.5359463535001635,1.27180402702445,0.5022936108326599,1.2767350053806605,0.665282008855999,1.1613237271373194,0.6384643443580785,1.2579592725192144,0.5790777191149148,1.2671116556085893,0.5402983565389402,1.2580907753568702,0.7129990711639129,1.1554919390328189,0.6954741551694867,1.2418856708394403,0.6376185999779403,1.251825770706943,0.5977385280103086,1.2455748537609,0.7387544912962988,1.1429285288498985,0.7328347461682705,1.2157053916423326,0.6894647526157985,1.230182648442853,0.6554477669193295,1.2260840699827948,-0.2155292366472988,0.23383581893051206,-0.27601925669426125,0.16093112885213492,-0.23908696011509367,0.0925599881065906,-0.15599024758097724,0.06726032462730604,-0.09402163599485264,0.0728226684813218,-0.25100209629239434,0.1748895421883512,-0.21666115789191964,0.12727631536428458,-0.1934696009483693,0.09797556455887013,-0.1662180741871838,0.07677406091794776,-0.1728554594219056,0.2072845516038556,-0.10822053913910804,0.1359631121550635,-0.09823801145332112,0.09945326880413131,-0.09353619605810296,0.08411729555353285,-0.10103655508807137,0.21968663664850913,-0.052375022203929186,0.1306785276717691,-0.08618320264899595,0.10232220942248021,-0.11906853956589193,0.10110018500616727,-0.0418052198732917,0.21369473417802912,-0.020941349650147177,0.1294182223301851,-0.06701973988790087,0.10571238261110642,-0.10364961774511243,0.10992326717645233
-0.08685064508328617,-0.28222772633918297,-0.02171122961247546,-0.36221996140179336,0.01962517964373905,-0.3698246693557598,0.051005351346820646,-0.3746461678816625,-0.151384833802683,-0.3424498773225702,-0.19214276683216525,-0.3380149689612324,-0.23118854555313828,-0.3331441243824394,0.11878473388248992,-0.3642087649928131,-0.26070367911444375,-0.3143376587009385,0.002593063190623888,-0.23646176190414667,-0.13890734938473978,-0.2147425651292614,0.49553451122282877,-0.06667494422309049,-0.49553451122282877,0.06667494422309049,0.7313972487135897,0.37068038632743006,-0.5340100025428837,0.5303561118643899,0.834479612675578,0.8027180352389633,-0.20930417792425385,0.3124440945595468,0.9228609954090792,0.9397045336823794,-0.10333158126106087,0.2482439665274852,0.8396524661598296,0.9585592175179146,-0.1075835183938074,0.19664655375770485,0.7959017081346387,0.9201942686608776,-0.12396292170615537,0.2089587252544785,0.8313001787468032,0.8190162401472222,0.7375972836319702,0.8752971235788118,0.7049243266907587,0.9452115383041979,0.7066036384393106,1.0128493858711725,0.7085501446406075,1.0671610452646079,0.8469042124039919,0.9865871499470235,0.8557877148428362,1.0792109505558483,0.8213176422663315,1.1130060978926553,0.7904067232644445,1.1270575283849589,0.9223254150477884,0.9751098708041268,0.9179564345905785,1.07534334274972,0.8614394529733651,1.0986921934278857,0.8207301838027706,1.0997745416298956,0.966626182562669,0.9585593374514715,0.9692021264187827,1.046522380303156,0.9145343556700173,1.0700929229630218,0.8734207903351526,1.0741343436835995,0.9876729936092842,0.9407064765260255,0.9986871456828921,1.0127616620238835,0.9598835531657021,1.0374006079626408,0.9251738235551368,1.0421005430844812,-0.1547327714121884,0.2753663217725589,-0.23228097451814392,0.2186285784600133,-0.21552594561453203,0.1471565708784646,-0.1361867232257225,0.10460379804363693,-0.06438927163940188,0.09311217378984796,-0.19661276276069542,0.23199046643343507,-0.1782153471516578,0.18099704134993014,-0.1629131644055543,0.14552128577120463,-0.14049121811933885,0.1159429887092675,-0.10808402069170586,0.2435602614444999,-0.06662709906920027,0.15947552372491886,-0.07253180417499744,0.12731678843548352,-0.07410958985714236,0.11582598285215244,-0.032146769400239944,0.236340331531429,-0.01022667304006395,0.13780717767796047,-0.054340038764084324,0.1251960989180254,-0.0853358333781595,0.1397062214121728,0.02510780247372913,0.2158358040369226,0.020850975183531368,0.1308175489695995,-0.03283500182946385,0.12536345750071143,-0.06675424809054961,0.14646558694680994
0.004193929367087795,-0.294450719226506,0.09077832895607565,-0.35063932941917564,0.1324612428573895,-0.3451643012225295,0.1637869253937613,-0.3401450645334288,-0.03854104703783937,-0.37193868650356476,-0.07858483781193888,-0.3803391451660346,-0.11710062115980328,-0.3877667998614002,0.22513873331123627,-0.3093487521466666,-0.15083137787735584,-0.37910809142317226,0.07502198075379937,-0.22330554348786574,-0.06612200724079596,-0.24623660667292363,0.4918821756708945,0.08973252062249955,-0.4918821756708945,-0.08973252062249955,0.581246113839667,0.5785524198141659,-0.6715712664548661,0.33969250850705707,0.5454987331396315,1.0207164561152549,-0.2953169993269063,0.23408284566416102,0.5876188611497777,1.1784126355688478,-0.17531836791259964,0.20561508645761462,0.5031537119373344,1.170760095359652,-0.16395859142291622,0.15463715644979986,0.47290749283428185,1.1204932619206567,-0.1834861463650146,0.16164256379107778,0.540805142549815,1.0366267410338614,0.43454156411026146,1.0606183038543346,0.381077446252668,1.1173155295053183,0.36132582013030035,1.1817557620470112,0.34828607250173277,1.2339680875412626,0.5041180554587631,1.199995980425676,0.48452849576348367,1.290464369131754,0.43857480538271487,1.3112279054775737,0.40251594420103753,1.3137941250087766,0.5780303014590059,1.2125043145617649,0.5450004205181863,1.3070715109385647,0.4833363776671268,1.3121090118494738,0.44431344369199294,1.3003403511142144,0.6241780493977154,1.210926862205303,0.6012592738798248,1.2955331147369944,0.5419370796415031,1.3004726917914258,0.5024332532372636,1.2909410985852536,0.6490572634413205,1.200804007170997,0.6380771832092678,1.272791487641387,0.5933560206842301,1.2830469870940722,0.5598485278013601,1.275043298472762,-0.2317304113955544,0.22212438885118763,-0.277883772379977,0.14309527522784965,-0.23647459167645504,0.07628514861812893,-0.1585216496827754,0.057126581943517954,-0.10982158132277343,0.07590353428255309,-0.25930226337450174,0.16326326697861268,-0.2346582365197853,0.11431084210881748,-0.20870432922279591,0.08905260477556581,-0.17618418623839427,0.07003848846580327,-0.18366781599486245,0.20270962399968978,-0.13368111596004228,0.13698125030172673,-0.12059743578840344,0.10662760598852733,-0.11145078835223103,0.0933108131005613,-0.11314574829845576,0.2198433321469687,-0.0692557698711252,0.13280356108889302,-0.09652537454191554,0.10052426694681123,-0.12896948300484526,0.0925656780835965,-0.05212523284472842,0.21793933180493272,-0.02565680876683915,0.13332506806365074,-0.07042846933849417,0.10587908078074483,-0.11436776847828893,0.1041662418304818
-0.09310676886601138,-0.27821232498226584,-0.030025701740967723,-0.35980893716998563,0.011156073490294037,-0.36842693713992597,0.04231215402191749,-0.37406731627382295,-0.1590154086395559,-0.337384666657519,-0.19949071708385735,-0.3321870425653501,-0.23817526461463578,-0.32655447286947975,0.11050940661667603,-0.36533652715631815,-0.26713064769760425,-0.3074043620544628,-0.00291780363672381,-0.23436841356032434,-0.14357027862242525,-0.20949351124278168,0.4940974671445595,-0.07660086788888824,-0.4940974671445595,0.07660086788888824,0.739607976299446,0.35537907366734156,-0.5223879559590696,0.5423253084113355,0.8503999866037176,0.7837162088956253,-0.2013494730598728,0.3185224316124678,0.942355331142856,0.9190409748631441,-0.09800331821609673,0.2535207081775025,0.8604479864297297,0.9397250252775842,-0.1041074309401,0.2017295646479641,0.8148583732390706,0.9015763762252591,-0.12016426513614341,0.21473872311647882,0.8555329213268,0.7994709181874177,0.7611564369967776,0.8580418299147671,0.7292916691997022,0.9296296800637541,0.7338937540807478,0.9967045501714473,0.7393020154584007,1.0498241731071691,0.8746410038083586,0.9663404173491935,0.8860134708056524,1.0580301633435454,0.8503054530992719,1.0924273819894827,0.8180664074825755,1.1074100106732616,0.9483191423262896,0.95332183514257,0.9489960130241991,1.0532547086541828,0.8934064143677919,1.0787196372129035,0.8523253988369365,1.081859926499569,0.9910106906240369,0.9366113324841124,0.9971535540812911,1.0239758953484825,0.9435647668101848,1.049114504294902,0.9026288929172184,1.0550391738917553,1.0100804888327317,0.9192048006874771,1.0228174036860593,0.9908002119341437,0.9847953598826015,1.0161750610232883,0.9503984633030795,1.021671869463555,-0.152987308931039,0.28918710392352437,-0.23356874711498615,0.23034210691698712,-0.21771503166642084,0.15634617756642696,-0.1371137299683897,0.11229831568224592,-0.06957293936655098,0.10373073462951639,-0.20220326950155829,0.24378350224963966,-0.18514985338794987,0.1956057966153978,-0.1716617025843483,0.16162619118104457,-0.152441506954858,0.1321883117812655,-0.11047536568810445,0.25448472303183306,-0.061499612143443044,0.16848988504277618,-0.06258634403162,0.1337586355142141,-0.06388309174580224,0.11862079636145338,-0.033115717235812886,0.24630287457642977,-0.007152488325443223,0.14423637486071755,-0.05097272059526937,0.1311931985959733,-0.08678461889328692,0.14509700574669626,0.023739990504100666,0.22484182920835716,0.024913266185831607,0.1367841579833153,-0.02780334744328881,0.13115469551258807,-0.06707103307626458,0.15155086301909237
0.0054829236486899175,-0.29315301549533557,0.09234335749918929,-0.34877174076045475,0.13409887637512913,-0.3429633864427383,0.1653510944388492,-0.33777380932550843,-0.036499396343400096,-0.3712609723432426,-0.0762989236327404,-0.38006352669693044,-0.11449395456888777,-0.38785199546408367,0.22683783946503322,-0.30639975234746236,-0.1479149261831865,-0.37961056337743854,0.07541813449551657,-0.2213723930067019,-0.06532037192903636,-0.24537828291582012,0.49079776256544344,0.09548589561162706,-0.49079776256544344,-0.09548589561162706,0.5760149240192418,0.5855715763587062,-0.6768429264252824,0.33398611380682625,0.5342450428156339,1.025564728533028,-0.2986262110747636,0.2325146168287141,0.5761362280613243,1.1846853734973048,-0.179895710297797,0.2067134964245576,0.491600782672099,1.1765177857922975,-0.16804691876917463,0.15643263936212093,0.46100287502125104,1.1246231247847192,-0.18761757323616346,0.16308798312803444,0.5357536195805103,1.0423281551581283,0.4264252150133247,1.065108924433164,0.3713161993020022,1.1218860284057066,0.3540178307109809,1.1881021890229293,0.34048911481511984,1.240458929915619,0.49716656971592316,1.2051829046672766,0.47654650597284987,1.2958605182960532,0.43230164495103146,1.3172239692980687,0.3971568813767679,1.3223978846029105,0.5711234726142361,1.2184365798811794,0.5358768669110637,1.3120209074153422,0.4747994586461076,1.3178404226319336,0.4343722269383809,1.3083050080016543,0.6168291460741631,1.2172861924755132,0.5924354357277526,1.3011379783364148,0.5329631308946923,1.307026776056811,0.4910902977000981,1.2991159992273489,0.640659682546331,1.2075454625957724,0.6290837000945798,1.2788467052468544,0.5843643776014398,1.2902313445742375,0.5491106750350015,1.28425781472711,-0.24321498424688176,0.22232863294642038,-0.2903616109093643,0.14250961881469176,-0.24276932257121453,0.08002279747047769,-0.16225853968740833,0.06322054489113865,-0.11353545820469906,0.07915455805472976,-0.2517224853764757,0.17004463973283676,-0.23440654805687489,0.11834294083619469,-0.2126963140844229,0.0934974102998784,-0.1840349741962306,0.0747445839567756,-0.17826101573539602,0.20619783092585778,-0.11651863022735134,0.13524501868070066,-0.10831843906466113,0.10581236474003,-0.1067470128408491,0.0939083875582961,-0.11121217214211392,0.22104227387879288,-0.06397467785319806,0.1282687479737848,-0.10647155708501078,0.10605724200990997,-0.14816061518177853,0.11057771435392681,-0.0543192637967005,0.21708717625716603,-0.03009616881121489,0.13199912861945926,-0.08033261222816392,0.11199881972907973,-0.12487517431795937,0.12026261993122682
-0.00900964353912997,-0.2927184035485843,0.0753671392210464,-0.3525824836848614,0.1174816437191679,-0.34873369258448955,0.14898730317293205,-0.34505583089482006,-0.054526808378965806,-0.3691015154648315,-0.09465533076323783,-0.3760959098702972,-0.13307742662666755,-0.382182040616705,0.21215443695884525,-0.31656515454826945,-0.16581723604996224,-0.37249580389048426,0.06421976721426467,-0.22422728997712443,-0.07762693903072589,-0.24148857639352114,0.49454267802487073,0.07367183730564211,-0.4945426780248709,-0.07367183730564211,0.6020075444851827,0.5602326206722169,-0.6635208674556173,0.364938753760449,0.5796731092703292,1.0017177882885733,-0.289937462497026,0.24699180928506753,0.6289552804291222,1.1593611883729096,-0.17373427021852855,0.21707283582228307,0.5438888570109826,1.1548793250564922,-0.16312538365327287,0.16567506871838228,0.5108999705702222,1.1038367264951792,-0.18244965509654149,0.172900532424882,0.5819155183995394,1.019079365692953,0.4741367589917014,1.0470882054897945,0.4239138700311902,1.106850088440014,0.408181316175733,1.1731360939243332,0.3941850313213323,1.2254659668604586,0.5504668657616321,1.184554580051853,0.5349832709978198,1.2751856978008729,0.4924901294590168,1.2988801305007671,0.4577988308173354,1.3058414297991148,0.6243159593132974,1.1935984633186825,0.5958007998930943,1.2880617641054777,0.5365786543482424,1.296874269449433,0.4960127075582024,1.2891385755396036,0.6700814738401372,1.1894753146953574,0.651084352422849,1.273894570905799,0.5937534907674987,1.2827140555407548,0.552637472557004,1.2770765764321659,0.6943748576063576,1.1779639605742467,0.6883239369428885,1.2498887201268167,0.645377365841029,1.2630202222268232,0.6106300377142967,1.2583481469237094,-0.2343374390751786,0.2389691476393043,-0.275775434232551,0.16072662398240173,-0.22906183326936014,0.09118203781029109,-0.15709159456760272,0.06704979794495827,-0.11835002015565682,0.08826567169621033,-0.24824982189742772,0.18006007252026138,-0.2321053970341556,0.12368994140238683,-0.20857625348101547,0.10099500194850712,-0.17631458748539647,0.08584033389696001,-0.1739046647943866,0.21505635730378322,-0.11783066275261381,0.14062045951078334,-0.11056942963897158,0.11400254768947055,-0.10874258332496062,0.10648533151978812,-0.10649501558249064,0.2291999603602521,-0.06257501566621411,0.1334823535124806,-0.09924366266037576,0.10903060311632891,-0.13772311050223407,0.11021275376905437,-0.049283530895861696,0.22552174944768807,-0.021376640588470816,0.13724605399505976,-0.06726292239183312,0.11560563927941882,-0.11240767652325198,0.12094078080378645
-0.11357780011435324,-0.2695151979468361,-0.056385353857912504,-0.3556554598380805,-0.015659922983156757,-0.36721175421760704,0.015064584472026427,-0.37512739530029715,-0.18355856722077968,-0.324438095913978,-0.22339625789685713,-0.3166045994588866,-0.2613249953396404,-0.30854963980152855,0.08437985551537874,-0.3713162238586515,-0.288558031437211,-0.2878761441048045,-0.020731597329973518,-0.23188286940894262,-0.15924261240495782,-0.19703301078965987,0.48813851249794843,-0.10826260950249766,-0.48813851249794826,0.10826260950249766,0.7636504881947823,0.3074205929490279,-0.4892055894285811,0.5795112931507069,0.9004848916064732,0.7267652513569178,-0.18307907366903575,0.3374471690080623,1.0032179104750851,0.857059421642299,-0.08713211570503286,0.2680282174188942,0.9221112208651026,0.8830642092677142,-0.09610839186003232,0.21625349901154195,0.8727903894287152,0.8467131836874735,-0.11128941440249655,0.22959093159129865,0.9095239676699135,0.7424716937427261,0.8190086363388784,0.8073649477016884,0.7938115944837432,0.8813322499957809,0.8032295646960145,0.9486035640973357,0.8100059048298808,1.0019510543522323,0.9395245803324389,0.9090835178522721,0.9561664751127792,0.998044698419366,0.925029880656916,1.0338635486228425,0.8955650359936269,1.0514245971977059,1.0116751966011979,0.8919734178983226,1.0174087161765757,0.9885632676580915,0.9677646279248394,1.017048323223499,0.9289365774511494,1.0242897438220389,1.0530960487020558,0.8725281954415068,1.0631061056277473,0.9560302079810313,1.0163392488161305,0.9839909601163714,0.9787979647910321,0.9942162981235606,1.071414928461554,0.8534311727842578,1.0896630726200458,0.9202879182737184,1.0577375364360948,0.9479486714585308,1.0263319602978327,0.9575545568760169,-0.14534257136373743,0.30587095565903755,-0.22116362442168666,0.2508219840365628,-0.21266001602872842,0.1780538824313396,-0.1404085529741699,0.1262579305055219,-0.07291701581699225,0.1148820512169586,-0.17791896926406153,0.2620315573962647,-0.1769074881181667,0.2102903407499785,-0.16416014744211885,0.17716149177790944,-0.14463168441502275,0.14731324344442595,-0.09014210826190978,0.26486908894594163,-0.049751602440439524,0.1672622562416797,-0.06221677651362657,0.14275139778276832,-0.07043303803506684,0.13874043927894722,-0.016774796753053756,0.25223198167726085,-0.003161599482673094,0.14431696206895536,-0.056045815607962936,0.14203384628422958,-0.09274237862610486,0.1648899845105901,0.0354923074452144,0.2297550880127016,0.034846335832883435,0.13835348321469412,-0.01990593968722585,0.1387068463333475,-0.058264610610506376,0.1655127032123604
-0.010650945536205644,-0.29202945890484444,0.07336005922844542,-0.35225830659372936,0.1155741476166869,-0.3485980959012665,0.14710948917200709,-0.3451055384331525,-0.05662971492325567,-0.36825844624439574,-0.0965749278840962,-0.3750765674383809,-0.1348491529817569,-0.3810219006368219,0.21068528424377778,-0.31695923993549413,-0.1677027420443265,-0.3713862638478305,0.06276328247125301,-0.22391759978580467,-0.0791027087130874,-0.24050993399465853,0.49472374596801943,0.07244594657653827,-0.49472374596801943,-0.07244594657653827,0.6052159543883645,0.5590009803313626,-0.6638101230592982,0.36800257998776353,0.5840144150854217,0.9988561723857813,-0.29153008501971645,0.2509283737787444,0.6337100976969409,1.157670101611393,-0.17797467156151484,0.21941729150946426,0.5486428221861266,1.1528656307950433,-0.16842890037274097,0.16794728058295627,0.5154243232510559,1.1008814340203628,-0.18706002742431455,0.1751011201360533,0.5847199691025758,1.018953543713508,0.4778974476975794,1.0465718761402996,0.4282374857493282,1.1060040575984844,0.41355065202750607,1.1725603743487285,0.40174062563446766,1.2248827150821189,0.5555813503418362,1.1842514080506832,0.5395480321689602,1.2730982130112254,0.4970613537986238,1.2937894048870329,0.4634730451213215,1.2983960177587663,0.6293063751892455,1.1940892787843917,0.6000343748725764,1.2863892651095716,0.5428923299462564,1.294442795606739,0.5043376168069716,1.2866294534189013,0.6749482222780822,1.1906085544252818,0.6546368268481891,1.272256812470681,0.6004255477085737,1.2812596436637416,0.5616583818580456,1.2772033269840244,0.6982657283427117,1.1793251457618739,0.6909335412703272,1.2482784337741375,0.6513226989086822,1.2625220848705458,0.6187995802717288,1.2603283294052274,-0.2453820251936342,0.2411765780550148,-0.2914214287810731,0.16432204548926793,-0.2501751948990226,0.09423725698917795,-0.17289864305332123,0.06929960635554602,-0.11821764929608519,0.08692048894358374,-0.25282833187453363,0.1873416650028758,-0.22869528639786174,0.1353568617264175,-0.20866566555857963,0.10991055106405549,-0.17861683879794454,0.08919162049683402,-0.17844546109529416,0.22284331828529952,-0.12368181225315747,0.15370857854175782,-0.1151621188504543,0.12329779352676455,-0.10716686836498776,0.10850485312575264,-0.1095469235081941,0.23615437886006413,-0.06643238086786554,0.14484380308836853,-0.1011947212071977,0.10977794578960468,-0.13642759271209995,0.09793453264934945,-0.05051379339444702,0.2315484376404045,-0.022426403694784918,0.1460328493569149,-0.0685496013154297,0.11854183324494008,-0.11247033176657603,0.11564072889621055
-0.09024364071333046,-0.2777043612510692,-0.02597276034902711,-0.35867623564711343,0.01563826456355601,-0.36675065171525045,0.046918963613816665,-0.37206644096457125,-0.15539933151182522,-0.33843133475331766,-0.19565886507882432,-0.3340450598588691,-0.23409640658596892,-0.32928224761696434,0.1158477631547267,-0.3624799292580588,-0.2630282967265024,-0.31103754769706987,-0.0009960296544461356,-0.23236091043136994,-0.14195259912126637,-0.2094493815119533,0.4956590410689453,-0.06574279433225794,-0.4956590410689453,0.06574279433225794,0.7356697200711999,0.3718238284100674,-0.5375601714380722,0.535890022027722,0.8358232008721462,0.8003367530158947,-0.21151497665132127,0.3207738081367333,0.927108633355635,0.9396210151988008,-0.11134265055623996,0.25871088953539534,0.8439682565691355,0.9582341930749548,-0.1165357390068342,0.20676754321808227,0.7977243131130471,0.9171680898195953,-0.13236833458566116,0.2189223835958604,0.8432932968523652,0.8184793209666247,0.7445708278362345,0.8746505770770401,0.7141642553752597,0.9459748889036735,0.7203685695560489,1.0141024231877949,0.7212746176791256,1.068452532589969,0.8572283853945201,0.9869746289293659,0.8681973146661657,1.0777697628719993,0.8327739913808779,1.1107660322459076,0.8002187041871363,1.1256188872806512,0.9313972487437945,0.9760973626497069,0.9292324748141869,1.0735120307738781,0.8762018539571675,1.0987008507954246,0.8357468203985002,1.1037159106608485,0.9745601758603843,0.9604237585996533,0.9771947401007983,1.0451463159491161,0.9268583149657635,1.0699770353905882,0.8870818344816156,1.0775769905467143,0.9943387831673544,0.9433593840448669,1.0067104694973354,1.0119132553540888,0.9718821920791684,1.0374556134059871,0.9386403469401408,1.0450117945042907,-0.16944416310380497,0.2963959765783244,-0.23602569685809363,0.23168060011348943,-0.21582930109797602,0.15742782255404542,-0.14506704412902144,0.11447095409448559,-0.0841834737310557,0.11293370372356454,-0.18963397781511526,0.24856881751182602,-0.1914426813778835,0.19151778070245948,-0.17839854859883314,0.16185784518342977,-0.15433175205761385,0.13517955711629273,-0.10539745468422042,0.2604045327736714,-0.0646894912837207,0.1683610641657162,-0.0713314394382398,0.14397098271196535,-0.07176732100840291,0.13795047120870696,-0.034195773776897934,0.2536346577644756,-0.021625806185199686,0.1449077060523156,-0.07214190843776494,0.1363972722380521,-0.10752588275684492,0.15208929760742568,0.0186025282253364,0.23387689169825276,0.015927370882186164,0.1402744204642718,-0.0367299763890938,0.13564444489154773,-0.07508956771383263,0.15745453980020738
-0.03309553977385805,-0.2898485384178835,0.04598277048368709,-0.3563935416039201,0.08842531529141379,-0.3560178248110712,0.12019286468008747,-0.35502886058387023,-0.08479122786928227,-0.362387838810097,-0.1250770387638241,-0.36611111610485253,-0.16368754437599,-0.3691355068946917,0.18597318065356544,-0.3319674882755195,-0.19560249642950744,-0.35711073835960844,0.04529786367594421,-0.22763070626131363,-0.09730074885826019,-0.23343975814017695,0.4988035672932735,0.03456879019440459,-0.4988035672932735,-0.03456879019440459,0.6475215170004882,0.5112043491746132,-0.6337980681419083,0.4181309144637137,0.6599407189270058,0.9502218208991862,-0.27067608008995164,0.27150060267465675,0.7215644944350074,1.1053508727214034,-0.1604408955168393,0.2301271967092008,0.6364187843240663,1.106927727984457,-0.15526465244415608,0.17843222891227203,0.5992923392352212,1.0572751488800938,-0.17317971648485245,0.18739407526483445,0.6580020120809826,0.969968459147999,0.5544584851326456,1.0065015729573517,0.5103296329384608,1.0699342157451832,0.5022051711268286,1.137436657306992,0.49249404529414664,1.1908247444960243,0.6409751009493625,1.1390788202712663,0.6330128666898597,1.2289882896282889,0.5931814726698352,1.2531352494920944,0.5604597073508654,1.2611226846616823,0.7156026911851284,1.1429771848678172,0.6938801615563434,1.2366602489641643,0.6389451590280879,1.2498625182134258,0.6005408485288585,1.24641225349762,0.7618026810278802,1.1354924187523112,0.7468383294783152,1.2182911482051073,0.6945102126452329,1.232262962108725,0.6560648767046303,1.232456444920421,0.7852883927271244,1.1220326689279898,0.7828873704521667,1.191522369753964,0.7444571349102876,1.2091351702016389,0.7115440037768529,1.2103240668948467,-0.22425505737619686,0.2602205393582668,-0.26512388545621485,0.18735223531683778,-0.2264114958236343,0.11808414663136149,-0.16096941026714284,0.08724919120971997,-0.11302150236822317,0.0952742993558303,-0.20901809835495958,0.21346186101776793,-0.2065296157435475,0.15169607714223018,-0.2006619984326806,0.12409315749890137,-0.1772223072669348,0.10212661249429604,-0.1450162643287978,0.23910671251176052,-0.09844952402266384,0.15621231090152682,-0.10831353760176687,0.13062188869543315,-0.10923530105094786,0.12401587692600119,-0.08666927563666742,0.2438577008223707,-0.056719778558038406,0.1417203923312917,-0.102482911864744,0.11807495529413829,-0.13438410103110776,0.11914025208704582,-0.03895591721744839,0.2325872540584819,-0.021101654770989367,0.14301661812838715,-0.06860771239343758,0.12621350436866532,-0.10402541832704061,0.13514907770023268
-0.05099786718882234,-0.2870332936656618,0.02381930570069961,-0.3582969492076093,0.06628997118373905,-0.3605444713434562,0.09816005944989666,-0.36155565666363776,-0.10694185897622516,-0.35630876503243136,-0.14726780271147938,-0.35757051423739694,-0.1859501929302112,-0.3582673650313309,0.16542345023681712,-0.3426690981934181,-0.21689930354860953,-0.3444105951882099,0.03114884848047682,-0.22980108230707116,-0.11143650530706704,-0.22697256042226135,0.499983487953081,0.004063468256473271,-0.49998348795308084,-0.004063468256473271,0.6780617220755036,0.47065899398293065,-0.6078938427282807,0.4558211670100398,0.7170974920656147,0.9073269612536746,-0.25378563673086135,0.28720867418414975,0.7880367429458708,1.0587497979409322,-0.1470344267594871,0.23972766056254724,0.7031762392915538,1.065460867825129,-0.14479030129536324,0.18765137356172673,0.6631083770382415,1.0181880574133677,-0.16193702270335414,0.19765856973688287,0.7143963468430944,0.9287199145862763,0.6120465606712836,0.9712500837584095,0.5731429637066839,1.0379526584827676,0.5693256610897726,1.1053617468909185,0.5628676363252095,1.158772485711693,0.7097218064275778,1.0983625754639084,0.7070497820671411,1.189556243609285,0.6664353570823618,1.2156106414470873,0.6325016265715028,1.2236392521382868,0.7839828088924158,1.0974752046846423,0.7670823074106871,1.193702358603351,0.7098216135598927,1.2091819851098558,0.6700400687429087,1.206063196873551,0.8284532913132311,1.087198285669134,0.8181705537841887,1.171890686530918,0.7639189616657298,1.188054962506636,0.7243612918663002,1.1888831640269952,0.8501030034227562,1.072320308381123,0.8516390364479256,1.1420670866426401,0.8127953733356128,1.1620206275310176,0.7791658764818904,1.1647834705586333,-0.204335671677287,0.2716208443405606,-0.23248882039016922,0.20749137565467038,-0.18954823623180064,0.1373221130320453,-0.13811722083230699,0.10068924731669834,-0.11220990182852829,0.10102030435728747,-0.17503675914528852,0.2324334039398064,-0.18490573742196154,0.17000757096496688,-0.18559846102539762,0.14047213257142127,-0.16622986499066109,0.11507258489209674,-0.12712108448313197,0.251125796728948,-0.10240863139181307,0.1728161265225409,-0.09902821491945717,0.13941985086013006,-0.09339705205588268,0.12019206941178452,-0.08439043550138269,0.24945652374984129,-0.057051423122217754,0.15161737865153638,-0.0893516507422395,0.12223898004036833,-0.12090769102411865,0.11299293415460804,-0.04588359130194953,0.2332627178273859,-0.02612698139868513,0.14721650493049335,-0.06781575508046286,0.12807272761682192,-0.10624013639117243,0.1291149667045108
-0.07152624542510803,-0.28250644980653855,-0.0018311102476155923,-0.35885296725380883,0.04055011227807834,-0.36407739621813084,0.07246966854754193,-0.3673342354496699,-0.13191772119045386,-0.3477472127731303,-0.17197321635264823,-0.34620127965595054,-0.2105270298400731,-0.34422905537170223,0.1411515947838701,-0.35320646840438913,-0.24020392329615936,-0.32832755706328465,0.014662641916292391,-0.23120427614141226,-0.1272600534701266,-0.21850682324567297,0.4990616369319238,-0.030618336709047993,-0.4990616369319238,0.030618336709047993,0.709944964241654,0.4221204968047972,-0.5747459797013613,0.4970525613486071,0.7781933449240185,0.8542090259083921,-0.23372384927274972,0.3043869047776757,0.859051377676759,1.0011175657037203,-0.13171317305993951,0.25123313887910387,0.7754893290281439,1.0136579182835759,-0.13249741136024484,0.1982540760945669,0.7322896484964732,0.9692120460569292,-0.1486634978692454,0.2092113686669405,0.7795758439495597,0.8769417901181512,0.6790508847777629,0.9257039144392406,0.6430102756957048,0.9946558605528842,0.6431347706955272,1.0622713413356273,0.6403150624103321,1.11635150598799,0.7815030409396412,1.0451039264905613,0.7869317108513574,1.1382608028965235,0.7475294402811068,1.1680095481666803,0.7130302186821487,1.1772080057802357,0.8560550893127906,1.0395600217318017,0.8452445339888673,1.139082784674192,0.7877705285568078,1.1589642978308985,0.7482715746930213,1.1577620330078129,0.9001785476718833,1.0269208215357541,0.8957290806324424,1.1146108128137473,0.8406461506233733,1.1344965458949392,0.8006730388043037,1.136257926184984,0.9218060349160552,1.0106403955749625,0.9288231751664059,1.0814270760995486,0.8894504611933963,1.1031534691345797,0.8552142941185827,1.1053763156992769,-0.1797706595479723,0.2813424816008359,-0.22946601455641824,0.22290243400557114,-0.20701599590551814,0.1545513831582353,-0.15297374754999063,0.11331963811922979,-0.10929050965470735,0.10785490016658603,-0.1898914019141666,0.24530495764355964,-0.18846702513230157,0.19101018100787145,-0.18310405239705269,0.15481081041543154,-0.1633219128660934,0.12520693945996172,-0.12032773538743748,0.2606986130800283,-0.09875514233806452,0.19138386190480364,-0.08821740207160975,0.1538648342787746,-0.08003860295610671,0.13351411888340356,-0.057438543800577155,0.2555345770737236,-0.050587942159965094,0.1615813960353516,-0.0804281849834027,0.13112929696854617,-0.10984247046422768,0.12156052246658176,-0.005344000227201621,0.23771873281929984,-0.014030703997987951,0.14848103396314682,-0.05549151762512119,0.13129053564637275,-0.0889266810280548,0.13308453461239447
-0.08190341951639804,-0.2793825407384116,-0.015019233215260067,-0.3581704665454087,0.027208560658158746,-0.3649213334539167,0.059026530253739246,-0.3693271063864156,-0.1445582815061082,-0.3423928616566736,-0.1844020487917413,-0.33941354909232946,-0.22281667062432034,-0.3360621909906436,0.12825641288114797,-0.3576846785280852,-0.25179542029873214,-0.3190867969389325,0.006189886744458931,-0.23123970312134617,-0.1351248598985574,-0.21346882328015052,0.4976709343132361,-0.04820416102154068,-0.4976709343132361,0.04820416102154068,0.7246493658808129,0.3965063854465095,-0.5565541160124888,0.5172893700756255,0.8079604405183369,0.8256581733327835,-0.2225741857307444,0.3124714040495408,0.893585292095821,0.9696866890144891,-0.1226624496600102,0.2560205203931539,0.8109992694875675,0.9851849986264481,-0.12502721409928097,0.2030677755044553,0.7663389082209969,0.9423266729826942,-0.14073050694088912,0.21445611443968265,0.8056607612553217,0.8476821914537628,0.7093652363074262,0.9005171855182191,0.6753398713380137,0.9714103491552613,0.6772670002830803,1.0390327538685076,0.6784984586205332,1.0929395048346466,0.8182010203352917,1.0178122312874895,0.8226176524801829,1.1094852251718006,0.7842733507457701,1.1409224608178383,0.7508763518498273,1.153357069646524,0.8912523692480556,1.009674264834053,0.8822046145961304,1.1076822732615639,0.825295381221421,1.1303293478693586,0.7847542926354845,1.1314290166236138,0.9337304078063963,0.9949107915481068,0.9325217197478866,1.08172449973356,0.8780017875092434,1.1042227067617858,0.8371613903795634,1.1085083258582495,0.9537217640356602,0.9776326237868891,0.962739269124545,1.04816674348393,0.9237545511947559,1.071606592818741,0.8889143238232315,1.0758244711581737,-0.17186251259363522,0.28570530748091416,-0.22236941189144352,0.23474262977029553,-0.20214853462407115,0.16842319879313353,-0.1454330558365134,0.1250724806357571,-0.10145823465231628,0.11454216632922569,-0.19160438806154287,0.2589665229160147,-0.18644147448587853,0.2052514855853618,-0.18051918999040292,0.16598891619587045,-0.16576678943792894,0.13253171297751407,-0.11793514338096261,0.2675892994903231,-0.0967995285962505,0.1921228872072153,-0.09431137215626244,0.15378511367383632,-0.09549949343102726,0.13356475588571295,-0.05168180780789535,0.25885421710928935,-0.032929481437975625,0.16448134657949862,-0.05856811606191772,0.136816338822192,-0.09059097472160565,0.13028750203537978,0.0030898625840323564,0.23893829413254078,0.0037482137393628993,0.1514858223677281,-0.04001825408061004,0.13340248657553067,-0.08412382213576756,0.1355895829627945
0.0062271751117327434,-0.2907849867802212,0.09384802571038295,-0.3455361961772352,0.1361754985054344,-0.3391330039746624,0.16786762483653592,-0.33365879465700304,-0.03420077946880461,-0.36979481184293633,-0.07296676109873446,-0.3790150560904956,-0.11053729581555956,-0.38746824868434515,0.2303702543882448,-0.30153706088492355,-0.14308643830989226,-0.38001527776996025,0.07563722897902789,-0.21813975751187697,-0.06425267537828704,-0.24413177202975114,0.4887638797243011,0.10540336748343869,-0.48876387972430124,-0.10540336748343869,0.5699053162797482,0.5978449295316327,-0.6876769385279107,0.3236397762612957,0.5183561338799333,1.0315380423650702,-0.30711811662732985,0.23014443670315923,0.5559906492305511,1.1946321004724505,-0.19532804571667867,0.20727062233926585,0.4728973757097525,1.1844209368278613,-0.1812528270415582,0.1563271990402248,0.443413498735969,1.1300813309028745,-0.1995985228571004,0.16226190522654776,0.5095200275167536,1.0522193017065342,0.4011815341717839,1.0721579838957236,0.3478217125549172,1.128343704595114,0.32867279710188296,1.193392057839511,0.31368066270084155,1.2456775882600888,0.46848178160672843,1.2154781694606152,0.444309177645133,1.3050022884126398,0.39759970077814744,1.3240874987905824,0.36174349474728573,1.3264172198739281,0.540924457513644,1.2302138595893524,0.5017079986487532,1.3226904215434336,0.43934100929378456,1.3275302030616434,0.3996047839464273,1.316828608281354,0.5859929767923772,1.2297860254191952,0.5574805596817064,1.313493448582441,0.4978341494196205,1.3183148269831804,0.4572506219326849,1.3097253558886408,0.6100367732875893,1.2199185544595852,0.5960886382247432,1.291032894737223,0.5518380444908032,1.3020616448547426,0.517517790194173,1.2956289974251738,-0.2611046766820514,0.21940073308415559,-0.28692306519890115,0.15071928983874583,-0.23611751406679948,0.09355514252187706,-0.16817135172033576,0.07342537020210152,-0.13869446875608393,0.0802435220655078,-0.2621221435262125,0.1833335179105707,-0.2465660819921645,0.13579687863572706,-0.22561092527904061,0.1046942505044889,-0.19757186644999744,0.08128173852701898,-0.19825863977680355,0.21808241050269395,-0.15137381307708098,0.16042813008263798,-0.1277648270762267,0.13177402728907264,-0.11594314312479155,0.11780030252138485,-0.13591942226538573,0.23198051041432804,-0.08676703548316085,0.14678311460646534,-0.10040912022091339,0.10965431469911147,-0.12560533652054398,0.09282224635252054,-0.08130171743732019,0.23090385017364493,-0.05413672305142502,0.14288102485861806,-0.0881846645953978,0.1121152254009197,-0.125445326793275,0.10235466836221592
0.003685826464286216,-0.29059548421693093,0.09085418301667221,-0.34603516237049825,0.13327409174699373,-0.3399517529105749,0.16504243077564046,-0.3347157058791079,-0.037281157678990394,-0.36923900581047175,-0.07604985756200688,-0.3781101251563176,-0.11365792035023853,-0.3862640129003674,0.22788615546630536,-0.30307599651967604,-0.14595832634037292,-0.3785351996892188,0.07367791102289062,-0.21841156416250565,-0.06633108669555837,-0.24329933287778052,0.4895255320043387,0.10180743350006018,-0.4895255320043387,-0.10180743350006018,0.574430513061406,0.5941511369876007,-0.6855831298867294,0.3295431129944314,0.5259100615096627,1.0283660999346966,-0.30601620286930936,0.23346885367242412,0.5648488291789437,1.1906967329878877,-0.195344466414778,0.21096302410756576,0.48199402388286217,1.1814910087956147,-0.18049218119361324,0.1589015925508212,0.45219187858344734,1.127636291116476,-0.19875841290865043,0.1647106315123988,0.5154539861566094,1.0478692718423732,0.4079604439101269,1.0690483940794575,0.3559940393262388,1.1263323452229932,0.33674503088404373,1.191120501684,0.31994436170036394,1.2429994019331312,0.4779259606632942,1.2130041780177456,0.4525643766858084,1.3011959571003737,0.4061782756281763,1.321234204910138,0.3698835076438654,1.324877916382419,0.5495022712562786,1.226894359117544,0.5104544321862153,1.3180018417405748,0.4488581021396115,1.3243351466447908,0.40862487997128805,1.314870709798089,0.5941617663304262,1.2256687678445923,0.565644456342844,1.3080520132009088,0.5065145399394723,1.3138978956001983,0.4655877788546876,1.3062846135535664,0.6181021300676882,1.215499190444541,0.604646410695223,1.2861007548985388,0.5606572133692296,1.297392188840167,0.5259692667134986,1.2913355408866751,-0.2699239081138833,0.21806920273821623,-0.2930750441194744,0.15118166764216245,-0.23181000457461612,0.092785596263734,-0.1624473722269082,0.07557245252668686,-0.14095095417774417,0.08889255875180631,-0.2765596858684622,0.17790441798166964,-0.2526068354606268,0.13510255013883157,-0.2274301083097569,0.11029401400343054,-0.19615658421034657,0.0906116402644602,-0.21265759287375197,0.2169698229829678,-0.15822506926276422,0.16355516545901885,-0.1329780169369981,0.1397106377003012,-0.12177086444406454,0.12578017923417548,-0.1476081025408453,0.23602897531110567,-0.08499957843995172,0.15808280408758957,-0.09351117448126027,0.12538177376941717,-0.12034131957274657,0.10626694789794379,-0.08650637009221333,0.23929033380109513,-0.0426891374039243,0.15855327245508763,-0.07724572263817413,0.1262234751993192,-0.12166413007910355,0.11007946454293548
-0.0990217863618642,-0.2729412928501009,-0.0369383149203468,-0.3553578775559543,0.004867022175676971,-0.3645036538831963,0.036407153594858174,-0.3707149848970912,-0.16484917836651972,-0.33221035764387613,-0.204137642417051,-0.3269248369367361,-0.24214598030866874,-0.3213859524332062,0.10632695300856211,-0.3631053470651089,-0.2695689496180463,-0.30254792049738244,-0.008287243800062096,-0.229542751185033,-0.14783288746911658,-0.20374501193317304,0.4941489367786416,-0.07626813410945678,-0.4941489367786416,0.07626813410945678,0.7451908548760855,0.3556612470069743,-0.5268355175460275,0.5524315338254647,0.8509819723598574,0.7797610884701518,-0.20564095939025948,0.3300856958581418,0.9439421468277727,0.9164867710316373,-0.11030475998048674,0.2725593397794257,0.8638442097703618,0.937122650291829,-0.114014645891195,0.2154957156702189,0.8173392859058741,0.89788932663959,-0.12917910420872517,0.22637697236224996,0.8451668113923265,0.8013609955588353,0.7524284716886201,0.8578544519094994,0.724038818216196,0.9286932147369837,0.7286348849773179,0.9961045854928519,0.7322492763801012,1.0509513003725426,0.865875489840846,0.9686186556127981,0.8754254954775826,1.060528122637924,0.8375383705612135,1.0943936794121365,0.8026301517711703,1.1072234060193746,0.9383238952172019,0.9568345449007231,0.9333443608586741,1.055508463094738,0.877299831705047,1.0827001915740349,0.8359131354850334,1.0863549777842165,0.9802012294346139,0.9401128243343847,0.9818691796186422,1.0266898846101964,0.9292741136728935,1.0533306617046623,0.8882369142068739,1.0602958773441529,0.9999678158540336,0.9219915754772037,1.0133758312280698,0.9914215204356206,0.9773056197526387,1.017988395136082,0.9424966033992734,1.02489925002461,-0.19171944627018417,0.30394633639830365,-0.2446920797733884,0.24883739747815062,-0.22384666469476444,0.18045888887596484,-0.15787472357949558,0.14271422891267194,-0.10065264525453292,0.14167817085219797,-0.21136561553854083,0.27282572048700415,-0.19796653914140105,0.21865360243982426,-0.17895171592560746,0.1872587598306568,-0.15393956804041176,0.1604315393612712,-0.12810916957070595,0.2857414669460748,-0.08676613239160319,0.20196749017992224,-0.08124676135634112,0.17278935836051287,-0.08150849152296939,0.16216889847423502,-0.05420358480560899,0.28022292829069495,-0.027216919079400746,0.17238246645894512,-0.06455830684151519,0.15766722034218017,-0.10456104132850316,0.16567448653788858,0.003332070619377454,0.2637756945079788,0.007978863880409363,0.16837551691210648,-0.03729980458528583,0.1562242893875796,-0.08186592047697172,0.1679324754501096
-0.12102743177875082,-0.2631730793835689,-0.06571468663909312,-0.3495498284007691,-0.024730837236937572,-0.3617549577608995,0.0061324950508636926,-0.3702418223499339,-0.19082647691150809,-0.3170952243257626,-0.22926825554585273,-0.30896515824895837,-0.2665769047744704,-0.3006591433944537,0.0765538365075053,-0.36793586740437484,-0.29224905465942935,-0.27976453671613816,-0.02759521054246909,-0.22652728025957658,-0.16420822679237998,-0.19076692684486074,0.48710149911838824,-0.11283673850576671,-0.48710149911838824,0.11283673850576671,0.7641651192771132,0.3016432307322356,-0.4872593193978138,0.5904251526438098,0.8997600456232531,0.7131844255394175,-0.18087911489984904,0.35140800171085906,1.0020793914365642,0.8406386204385409,-0.09104066269140007,0.29366197788483817,0.9242627323426703,0.8675441175889246,-0.09762360841050463,0.23317675461384366,0.8752745559883182,0.8327499230862264,-0.11225749715847991,0.24271725705200645,0.8963933192295528,0.7338580159154048,0.8066442158144302,0.7972406115858923,0.7825261468195115,0.8699064761926051,0.791226417027973,0.9369557913329193,0.8001718421517784,0.9907450703293129,0.9282465601812163,0.896993723624758,0.9436103389507352,0.9878878047956168,0.907761503897017,1.0244734981953418,0.8743541844841239,1.0392403311010565,0.9994242707224873,0.8798310378658594,1.0023091529476138,0.9801167214611899,0.9465389736973073,1.0104613162905947,0.9055288112226596,1.015349822732086,1.0392099372280383,0.8603909328650995,1.0485261528873777,0.947563189227145,0.9954988245241011,0.9769507030250139,0.9548297244554076,0.9848051379116723,1.0564453471708193,0.8412186559596363,1.0745190972941254,0.9108530634383811,1.038594399015064,0.9395401086301359,1.0042070826678913,0.9474996786464215,-0.16507886559225826,0.33804021103929166,-0.22591363720729088,0.2920961582661472,-0.23018852203939527,0.23349374424198807,-0.1758299820555467,0.18919637973602985,-0.10425073466223744,0.18204934652930552,-0.1985777568637034,0.303488636268646,-0.1540152563789046,0.22030730920438407,-0.1390762465522141,0.20028809358875665,-0.11649994912941243,0.19314631551040842,-0.10495549099530518,0.3068555251972097,-0.053532615716006426,0.19535605612014692,-0.08190458807775823,0.1936586449288788,-0.10629907826846016,0.21862576886133792,-0.02912054582082102,0.29677110561761894,0.00901419351465233,0.17854402134917977,-0.03728532880372414,0.18221513542697945,-0.07174396846692602,0.21047517197409102,0.025945492876570733,0.27819189013282086,0.027969383125768094,0.18511570988114945,-0.015891626734821224,0.18418104980315173,-0.04700070578180754,0.20700432085562
-0.037198772422356134,-0.2871589656639526,0.04096542554700524,-0.3527601280783828,0.08364150766146725,-0.35208304577659244,0.11554625475723514,-0.350913416324457,-0.08775829684533172,-0.35921136025280087,-0.12668238712665802,-0.36289070160109327,-0.16467187395217514,-0.3661006225300166,0.18286717272015646,-0.3274712462288512,-0.1954311115175247,-0.35324064648969816,0.04150651846782808,-0.22385599681962395,-0.09933315093889068,-0.2307156873140218,0.498444882078736,0.03940430851461414,-0.49844488207873616,-0.03940430851461414,0.634912474292803,0.5185678341868192,-0.6524101724266704,0.4139962994169434,0.6403069444546295,0.9504660511326358,-0.2799463136605193,0.28794739122317714,0.7001991031298354,1.1012262000154742,-0.17892093413553875,0.27008013155825816,0.6171523068021003,1.1038369123016045,-0.16559879633437483,0.20753558584586565,0.5809541818940743,1.0564681039893888,-0.18196780817072547,0.20916876849884802,0.6299819923449819,0.9667816283416536,0.5248534958204176,1.0001717774504124,0.4805231176952476,1.0620970811559094,0.46942694342138125,1.1286944822296117,0.45837791261543936,1.1820051145496684,0.6100280581134427,1.1321594013477976,0.5974497319336193,1.2233095616361152,0.5529129335588289,1.24836010664308,0.5166251388795899,1.2523676597144675,0.6834466874762731,1.1376888646419052,0.6535935630701692,1.233477344916453,0.591774226076818,1.24488575658513,0.5519163455632113,1.2371227870030859,0.7273017982878922,1.1316867418662788,0.7078428067235145,1.2173497563753028,0.6488515897239452,1.2292071036589054,0.6082970742984318,1.223942366016985,0.7499867905156308,1.1190807026613971,0.7450522989259617,1.1903769014565146,0.7018315751776102,1.206712879225228,0.6668851571117058,1.2038692123434962,-0.28091340168634665,0.2941082662301133,-0.3157749458349194,0.2346397272317576,-0.30229438963731564,0.1730820597712744,-0.24398798116163065,0.13933901619385114,-0.17044201317141455,0.13603358605871232,-0.28949697969325444,0.24817431983659943,-0.19302796367530967,0.1851135437646105,-0.17109541242273477,0.15785750558525743,-0.1681858740968744,0.14529140819270658,-0.21569702437229687,0.28375278440956575,-0.11772612627335573,0.1913221181888759,-0.136386060961637,0.17884213757733586,-0.16247315747398575,0.19165397357160233,-0.14452815399906005,0.3030836766627494,-0.05973694890895006,0.21034472238153762,-0.08830614252049925,0.19986149924043303,-0.11930690243968067,0.21130753643087863,-0.08397363568828972,0.3075776910281114,-0.03186101228555766,0.23050153513973737,-0.059766458544211476,0.21790016717313201,-0.08560794376601515,0.22500758621693817
-0.07892670443578599,-0.27882511018210676,-0.011610537976172767,-0.3549975710041226,0.03070392524339032,-0.36054093053131486,0.06241370912193115,-0.36403470160861173,-0.13974272535370086,-0.34256633400675895,-0.17867506620622112,-0.34048482951552567,-0.21670242179242874,-0.3380784768503055,0.13304245479572688,-0.3506513506087046,-0.24518479935699342,-0.3202959503297383,0.008571419095067997,-0.22762338365126744,-0.13179506265582466,-0.2137456709356633,0.4989036195050422,-0.03309348039672,-0.4989036195050422,0.03309348039672,0.7027564210948115,0.4202729353045072,-0.5892534134020271,0.503801030646357,0.7707941822250464,0.846571533308896,-0.23603059809716614,0.33003391115659675,0.8528872271333346,0.9863539140484667,-0.1398005317792653,0.30165053799611147,0.7701559878716779,1.0013178312011575,-0.13421458097537206,0.23612841018917508,0.7273732424706559,0.9599010927053471,-0.14994277161553562,0.2386885451905191,0.7614687391800102,0.8642401454970603,0.6645008998669267,0.9143108862297572,0.628374064594413,0.9806225335285964,0.6266522708110628,1.047318024758771,0.6239063340055914,1.101440665516251,0.7643830202766729,1.0308153904073536,0.7683767574375383,1.1218240222051543,0.7312689123261935,1.1525078432789124,0.6982084742738294,1.1628913485476309,0.8383097217923359,1.0250959076554316,0.8276505784338203,1.1227079661075667,0.7718170582786488,1.1429268709208933,0.7324731960304043,1.1420478855599854,0.8825212557275156,1.011887302706654,0.8792257518982383,1.0983004518585717,0.8249066901139617,1.1183231066310593,0.784328263091446,1.119614420554827,0.9046624792045651,0.9955132377811204,0.9129702109957594,1.0660704510383616,0.8738161204142918,1.087630787201855,0.8391307998901382,1.0893524977592062,-0.24175618424507173,0.3355728424243719,-0.2860454492328719,0.2834771306147588,-0.2769194274687673,0.21748191674203524,-0.2162097166861558,0.1728769057216783,-0.14019140181997036,0.15819513425379933,-0.26380135341683053,0.29436267385275344,-0.18601639100766662,0.2342358719414379,-0.14830027431583015,0.19593454792886603,-0.12384649033077884,0.16889646668417468,-0.17456141308554707,0.31714948121773234,-0.08319126632290669,0.2151684279897164,-0.09620054546063127,0.18891264462411755,-0.11725009356437294,0.18868091331605105,-0.0953825424073965,0.3230587578417872,-0.023515105805241552,0.22168112894386716,-0.04976555620636779,0.20090896004218536,-0.07798377547159703,0.20358246697765697,-0.03587607114361298,0.31561109747131055,0.006809247398716476,0.2318420004483442,-0.021959949239159064,0.21218948516641672,-0.05071744064720841,0.21407059285456223
-0.015573080028123088,-0.2947727093631212,0.06389455256250484,-0.353345914666877,0.10586363630615811,-0.3498340968357735,0.13733034325659,-0.3465197099405536,-0.06255135522178835,-0.36795841581676497,-0.10044310224900609,-0.37404026698870174,-0.1367712367983087,-0.37954139392684566,0.20456426783247578,-0.31722128508811775,-0.16888902777743595,-0.36805325648623777,0.0599605866058323,-0.2251646263743261,-0.08020058883483203,-0.2416785774061362,0.4944096754114266,0.07455919030922908,-0.4944096754114266,-0.07455919030922908,0.5890146371150624,0.555761656178522,-0.7045838766889931,0.35567816533948143,0.564426280986614,0.9816626580817237,-0.3111061709912035,0.30500553242364103,0.6138966359872005,1.1341613830467736,-0.21260255574167952,0.30120501574879754,0.5297340773657011,1.1308085067082791,-0.19094757757823763,0.2394659838158475,0.4971145132085965,1.0818077383429425,-0.20642664805607017,0.23624774049673566,0.5493396606500016,0.9971440297238716,0.4452072448500607,1.0218928230398834,0.39587017878086656,1.0801566904619369,0.3790938577357895,1.1456761573701533,0.3648883753222953,1.1976840375781235,0.5172615977263959,1.1586595179689496,0.5014333065109894,1.248195551365772,0.4591577710285091,1.2704708210632825,0.4250653441137015,1.273696498436326,0.589584516375996,1.1695964969889634,0.556668594908476,1.2612437339209621,0.4972102920449378,1.2700197274359755,0.4578425147314564,1.2613368014319388,0.6336215959196576,1.1666036495029264,0.6104105894762878,1.2489423379033724,0.55289720236197,1.2582365259659845,0.5120159378813648,1.2521334918802223,0.6570442546689399,1.1559248206527264,0.647880418030202,1.2250689670463915,0.6056430931084776,1.2393968590513689,0.5710205440265579,1.2357348241858186,,,,,,,,,,,,,,,,,,,,,,,,,,,,,,,,,,,,,,,,,,
-0.07081097044640555,-0.2936983192968442,-0.005670170285994382,-0.3637166949823777,0.03479167927423394,-0.36820009756871463,0.06661723854097791,-0.3709693038494141,-0.13056255413294288,-0.3535809879203841,-0.16827073662820766,-0.3522256255455788,-0.2031087336422212,-0.35039085074064835,0.1377407340544366,-0.35345263040282054,-0.23357156146302266,-0.3322770301672729,0.01693926741185154,-0.23961662493446154,-0.1243253117590765,-0.22971624410211475,0.4995969038576327,-0.020073207413546453,-0.4995969038576327,0.020073207413546453,0.6723867880962876,0.4295438333601374,-0.659063609045425,0.4725600448826952,0.7262419288400284,0.8466462706967036,-0.25969748332997244,0.3958488120031987,0.802899421342524,0.9847427259007725,-0.15804288374256084,0.3983558869029562,0.7195057029128722,0.9967925536016893,-0.14255461908003794,0.33491198480448153,0.6787513714016198,0.9556969420375191,-0.16071495925527343,0.3281906424530399,0.7188994085293071,0.8614440867062843,0.6208225688667333,0.9066216442078389,0.5812127713371806,0.9721247496816259,0.5758943536651078,1.0386480885525406,0.5714136993843436,1.0917345533667755,0.7149596466804878,1.0252012280916194,0.7123543245794438,1.1149340474572913,0.6765197400875074,1.1457393718151816,0.6450552449566733,1.156594721061248,0.7879576419771624,1.0221084386451311,0.7703047728524908,1.1180037742407019,0.7142806417274362,1.1369653930122232,0.6748213370648353,1.1355632331833745,0.8303434071810527,1.011013897406142,0.8209939667729598,1.0958894091728442,0.7664376618644728,1.114855681499439,0.7258296866141447,1.115406489182788,0.8508673720597526,0.99639752830081,0.853193003920502,1.0660777102247796,0.813701549351141,1.0867368678182063,0.779464629615465,1.0882749685190511,-0.22950807045552518,0.38905563832388185,-0.16201979547881679,0.377839447247899,-0.10621819920129315,0.3602798176239123,-0.07948775677252146,0.3525436373660022,-0.07509215692416076,0.3644065462051677,-0.1256231801932995,0.2797613604138886,-0.09250610749522957,0.29739021796899734,-0.09165746014751314,0.32541479108450977,-0.09786331931810481,0.3450871307908745,-0.18028792232571697,0.28192051826791886,-0.13711219500361532,0.3049591573273663,-0.12804632031260457,0.3308978648935671,-0.13032529167851364,0.3511105534076002,-0.23542609928716615,0.29458106839891746,-0.19390756577399038,0.3177955947745406,-0.18125327173634617,0.34142070267047553,-0.17897561600157352,0.359567061233229,-0.28574321051464785,0.31455426883190035,-0.2504673454262775,0.3358578180901529,-0.23046322331835328,0.354890666675944,-0.2184845484513167,0.3699986197975148
-0.06868625670738487,-0.2960855903428081,-0.0032384524920595703,-0.36472973332804765,0.03655094090752626,-0.36888407743965995,0.06876266590233385,-0.371397153417524,-0.12755844516997028,-0.3555974290665874,-0.16493143937990817,-0.35455699111864486,-0.19832363788160834,-0.35302155117848477,0.13940069950250114,-0.35313313152863224,-0.22935264635027688,-0.3346085286950275,0.01853309296922697,-0.24169292568665487,-0.12414585941846917,-0.23309751969395853,0.4997314407945554,-0.016385575406367016,-0.49973144079455556,0.016385575406367016,0.6618771639512219,0.43153574795104466,-0.6803432688146842,0.4600345986637592,0.7114547727262135,0.84652708373978,-0.26710433830100244,0.457330977343177,0.7868987384045881,0.984241499915631,-0.1638728164988842,0.4812607319304173,0.7037072047348308,0.9960312850640124,-0.13792902288809325,0.4232015214986203,0.6634378024776739,0.9557049686803766,-0.1612986330669497,0.4127412828181071,0.7034877879347202,0.860807985502448,0.6047745528038356,0.9036143785995665,0.5659980045832844,0.9685986016011036,0.5620058379000062,1.03469773594677,0.5588994934376699,1.087471505027584,0.6993385534662455,1.0242311543278044,0.6954893891396625,1.1122983284842114,0.6604783261451594,1.1418664486167474,0.6304290346191127,1.15281733493888,0.77192468551329,1.0216569849346613,0.7543149328328714,1.1147599242303037,0.7009432457838588,1.133124423125183,0.663413051683689,1.131952304561783,0.813937133135584,1.0105969859557085,0.8041545770619742,1.093051652257346,0.7522396043444853,1.1114474037592108,0.7137328610710054,1.1125994044089036,0.8336321589778585,0.9960113713293287,0.8354990853818841,1.0643145409731682,0.7977719861901502,1.084411545787197,0.7650061595819674,1.0861211460815576,,,,,,,,,,,,,,,,,,,,,,,,,,,,,,,,,,,,,,,,,,
-0.059663371078789364,-0.29950173556054743,0.007841051731156673,-0.3650799248564302,0.04751395354880632,-0.3679043427523856,0.0803810078013457,-0.36927435491030286,-0.11531867409144145,-0.36056073049164006,-0.1520058469015703,-0.3609650323240707,-0.18417578304203716,-0.36065113874558336,0.1500888500880816,-0.34769172250585256,-0.21476269915422838,-0.3428680421131774,0.026319301194803416,-0.24245983979047586,-0.11781203133922007,-0.239144310690576,0.4999869576627136,0.0036113940776144877,-0.4999869576627136,-0.0036113940776144877,0.6391397886944218,0.45553709200135556,-0.7058837312222782,0.4280802982742098,0.6724601922717729,0.8666887575053009,-0.32419474576439544,0.4950394542741434,0.7424628720716564,1.00783467432244,-0.21586266549330463,0.5580096830621671,0.6592982863611884,1.016629043558886,-0.16045057787151062,0.5073323332652117,0.6207111448436082,0.9751153552313476,-0.1859202014481708,0.4845465797380559,0.6697353513492853,0.8787267318991944,0.5697361337693805,0.9181666729680562,0.5251326794709734,0.9811287659563229,0.5174402139460564,1.0467338633521448,0.5126244140043963,1.099321663374169,0.654461332739069,1.0401801083849882,0.6492006567788335,1.128625034280671,0.6117050067326064,1.155562927212979,0.5798851371210902,1.1630295559693435,0.7273572585716537,1.0404311078880686,0.7075618830989132,1.1333287149365463,0.6539057730298692,1.1491649846579097,0.6168894206849532,1.145589626146742,0.7702667346895847,1.03146392811291,0.7578488120907476,1.1131414874413132,0.7063042706977878,1.1301101659588209,0.6683878136813477,1.1302384481161587,0.7910485005085273,1.0179642703755032,0.7900626299610106,1.0857957574985042,0.7524833369403497,1.105250344032431,0.7203788849289489,1.1065545776719852,,,,,,,,,,,,,,,,,,,,,,,,,,,,,,,,,,,,,,,,,,
-0.10243584648933379,-0.2898280281371273,-0.04373772132551884,-0.36363796670780973,-0.00524712819012302,-0.3718713647964427,0.02802539949891762,-0.3779757700891123,-0.16554156089174718,-0.3417825214587746,-0.20167497999410847,-0.3370887355597041,-0.23340152075507895,-0.33218131218278246,0.09874502820780003,-0.3657336047277381,-0.2612652762686619,-0.3096461801308957,-0.00918877449414538,-0.24544526953702167,-0.15287083917848107,-0.22257159146869462,0.49565500885734043,-0.06577318750547109,-0.49565500885734026,0.06577318750547109,0.6947235694284258,0.36092488188395966,-0.6596508134972332,0.5125273240885183,0.7830841609244197,0.7622051378247805,-0.2863009497153659,0.5852062945208357,0.8724777693426029,0.8924057606368773,-0.16416678331254123,0.6594421056701695,0.7918611837633924,0.9123130354617293,-0.08397973027078484,0.609825913285119,0.7477341083226043,0.8765200507507526,-0.11312688141657311,0.580993571790423,0.7788177403774125,0.7773917837832925,0.686315931974671,0.8299288801687225,0.6534525448274101,0.8978792770814368,0.6558740773931705,0.9638718119513928,0.6588844396701891,1.0160104119089275,0.7919500665543,0.9368460525503858,0.7973077909661596,1.0254825374056746,0.7645299600573271,1.0570189307732518,0.7355404025250469,1.0689837650035927,0.8631660838045497,0.9265948140455241,0.8573594424735229,1.0218085776677754,0.8060412856148745,1.044420925361522,0.768990726811915,1.045759888762765,0.9041008282904038,0.9114793828351729,0.9051062080825483,0.9943183277778027,0.8554029841034518,1.0172140495873192,0.8178556091093958,1.0215919298949194,0.922791238247452,0.8954357087942163,0.9313735106291848,0.9631042495646278,0.8961695660438006,0.9867169517800191,0.8645640671537007,0.9915036999978913,,,,,,,,,,,,,,,,,,,,,,,,,,,,,,,,,,,,,,,,,,
-0.05655249247081183,-0.3042276079901395,0.013078582376862123,-0.3683756152518139,0.051397134054155844,-0.37076200260025544,0.08679481069799413,-0.37226578322845744,-0.11369193991314784,-0.3636161523324553,-0.1510980153303566,-0.36397177316876683,-0.18406694949568472,-0.36379345891500603,0.15265671853255053,-0.34914164182592883,-0.2176990903927566,-0.34410034734320805,0.028386083974947497,-0.246297424700446,-0.12091136757634467,-0.24415028657584695,0.49998037319045124,0.004430172043736995,-0.49998037319045124,-0.004430172043736995,0.6377710814753537,0.4548067341662716,-0.7236686688276036,0.4005255431653372,0.6664968625751048,0.864509052555334,-0.39009728964763674,0.610958401833265,0.7368865426851856,1.006702847102223,-0.3000528033554183,0.7304053617563242,0.6544247326528855,1.0143748860104438,-0.20254902226135976,0.7042765098894185,0.6154796445073129,0.9726818195466381,-0.21541454514473057,0.668580060138344,0.6671105440665095,0.8771540241539666,0.5688957945161065,0.9167666957530114,0.5239879029186255,0.9796280062339286,0.5151577991850459,1.0462396998862018,0.5097854144215248,1.1001227429283826,0.6534382513095486,1.039591101455039,0.646573667572582,1.1281199804645636,0.6079937748740615,1.1554538821851692,0.5749402217938387,1.1631946873694694,0.7260516393339309,1.0397030509832657,0.7063763255213111,1.133272553531738,0.651380865836432,1.1493795467528238,0.6128781641278238,1.146486170110741,0.7691892884100967,1.0306529254685592,0.7584163470906621,1.112405171482388,0.7056518374136315,1.1294598040744757,0.6662021779135202,1.1298992157107228,0.7901841436415716,1.0169080880728345,0.7899844891435016,1.0851481250938315,0.7516846868245005,1.1052333383037576,0.7185699470792646,1.107620813465004,-0.3949715507757784,0.6367634586569546,-0.27994906601843356,0.629846290872934,-0.1914543959610369,0.6727464959835356,-0.1559158878173363,0.7380726646119405,-0.15708038405003305,0.7910659644414206,-0.33791753269439423,0.7258974896472178,-0.2752318109782876,0.8104962214898488,-0.20613606359593728,0.8431874744590296,-0.1550389884766638,0.8597093582080464,-0.38896399124223724,0.7496075779712954,-0.2939367335266453,0.8197997607302154,-0.20874451840396044,0.837373489479457,-0.1549672945983418,0.8398347239462711,-0.41658461486759774,0.7647821235867163,-0.313498444521694,0.8239811484103444,-0.23977004021931442,0.8209756969386687,-0.20095996316982315,0.8064718518747425,-0.4250579089260639,0.7757448442401405,-0.3473483260434959,0.8195969887944444,-0.2896819448011461,0.8180833015158975,-0.2567870805766811,0.8047904231943281
-0.018729573321972715,-0.30982206135266066,0.058477330623421295,-0.36552600448397504,0.09607381406114883,-0.3634002565553472,0.13205766793572768,-0.36097495814373376,-0.06992259113304738,-0.3748796159275611,-0.10787541027265111,-0.3793362305450857,-0.14096322759332405,-0.38340020234608835,0.193177736058037,-0.33026289927045616,-0.17876934698822786,-0.366986477376809,0.0586423776200553,-0.24271590363258858,-0.09232137976584037,-0.2570821187435321,0.49661321717627305,0.058097439924939584,-0.4966132171762729,-0.058097439924939584,0.5825842652818463,0.5178894865760187,-0.7580798156315092,0.3215903055770007,0.5667083771949876,0.9271547372408478,-0.4777603988838463,0.6377846468109699,0.6206391553090532,1.075137667528384,-0.43653367512510033,0.7796555767013474,0.5382659240548593,1.073666925173406,-0.33014302448620236,0.7735105246971068,0.5029261567806393,1.028097155286906,-0.323729334663973,0.7304177017600471,0.5642776925331991,0.942484664740819,0.463541105742243,0.9710527057147098,0.4149927415011181,1.028188459799196,0.39936227205507124,1.0932266759199485,0.38715244336258275,1.1452652205930172,0.5375928972116535,1.1003430890134636,0.5189253681155483,1.1875122754006107,0.47909381286084546,1.210631944359969,0.4476160839310145,1.2152045102824396,0.609237493768292,1.1082525913461159,0.5790430665410227,1.1988570661810174,0.5233094176179119,1.2093683057157358,0.48598034178529986,1.2020224789031329,0.6524453505274836,1.1037122153194834,0.6331787013070977,1.1836703830750976,0.578870057052838,1.194783961346197,0.5396392271977303,1.1902857984582647,0.6740459015083171,1.092551091522613,0.6662350811203407,1.1598831952980084,0.6261474127336615,1.1749737346167217,0.5928676446459431,1.1727176128724197,-0.5373199863634983,0.6133513262326857,-0.40261310750121115,0.6369097388236816,-0.310284359808219,0.7073068621794429,-0.2795982362389424,0.7832374003362406,-0.29361284609469374,0.8334012572047093,-0.4292973933513625,0.7364420219642797,-0.4149129408993904,0.8191430374359948,-0.3991304388208963,0.86538240855444,-0.38589108535268474,0.8989824689883894,-0.5122229778920276,0.7464177584003803,-0.4626170273160605,0.8218827316121368,-0.4091033969480532,0.8585572077830689,-0.3742147318690549,0.8761283800418798,-0.5656414381197415,0.7529100900889485,-0.5147999476074402,0.8179189653623715,-0.46003278712935736,0.8432291532674683,-0.4247853885837609,0.8521968835924495,-0.5986566115282803,0.7577366690049973,-0.5606636964883333,0.8091811503775573,-0.5176770415750126,0.829162480128495,-0.4874741290016253,0.8362189182109202
0.02064860243336605,-0.3089485145493746,0.10351032862110442,-0.35615611348624954,0.14020438152116002,-0.3501295107974102,0.1765734659484289,-0.3438463127943197,-0.025840812144166198,-0.3792545844872078,-0.06440940096425864,-0.3878109806826399,-0.09697857740776405,-0.3954412503450283,0.2322484890191562,-0.3074149487139196,-0.13911644962805256,-0.3837021017994525,0.08988419727022547,-0.2344546416769583,-0.06180034324685946,-0.26467379404172625,0.48813854629182074,0.10826245713130626,-0.48813854629182074,-0.10826245713130626,0.5263259408407519,0.5733790576499589,-0.784761803996439,0.24373041056518238,0.468444712845299,0.9801818148845931,-0.5721079299818317,0.637020076585407,0.5069221107563692,1.1314209176525427,-0.5667761880690425,0.7745436442473226,0.4249719910990514,1.121001596203119,-0.45964788246008653,0.7854686665408592,0.39424972470853575,1.0721362659193472,-0.44050939786770826,0.7489281483141613,0.46980646006683663,0.9935225078897942,0.36694484314565134,1.0127843308634763,0.31266060681799746,1.0648905461391882,0.28903167102740623,1.1279626712740076,0.2713862303910325,1.1789558295873386,0.42510213784815054,1.1493829094703898,0.4015291014237248,1.2346747492096521,0.35733830655745624,1.2525719234686017,0.32238167396256545,1.251695567847825,0.4955338876120367,1.1640628845030456,0.4581457101725934,1.2517105416910879,0.40044992081759184,1.255210734546657,0.36292870538906585,1.2429275631537704,0.5389421586193447,1.1635736155110026,0.5134523102791241,1.2412492693415667,0.45781810765752223,1.2462084119471355,0.418974318185496,1.2371606737931482,0.5619288453162253,1.1541291466080152,0.5485374732838145,1.2204107926373535,0.5065436220934687,1.2307559596478825,0.47383076861503043,1.224736779727207,-0.6573763460053348,0.5820861348013797,-0.5302153353018444,0.6439371967668325,-0.4620212713521691,0.7248747492955292,-0.4470839220483387,0.8007628857911901,-0.4599656806647038,0.851466092837176,-0.5725829882313427,0.7438120697793517,-0.5714349999329128,0.8224818925133339,-0.5709588351102313,0.868222015458365,-0.5700958147003082,0.9029756653143959,-0.6513742138546229,0.7413002548235259,-0.6532505988913483,0.8198293490840124,-0.6460562482280877,0.8651762342680609,-0.6411821686693874,0.8931000935421762,-0.7039331018671029,0.7392053342060587,-0.7029866768927562,0.8078404628303012,-0.6895495259391627,0.8488613807807263,-0.6788632260030224,0.875099022132316,-0.733815738787637,0.7386939801659322,-0.7331430063389885,0.7954494691522385,-0.7246490702427811,0.8254144239432178,-0.7168179086098521,0.8461830060485873
-0.03123232906672319,-0.3072096234861578,0.04204097129158146,-0.36864940388353973,0.07932237305814373,-0.36927502798040845,0.11689868261059724,-0.36965843454227876,-0.09192380709619348,-0.36801567581787414,-0.13252852044719457,-0.3694558056578207,-0.16605022894794383,-0.37104782004599274,0.17813923473981202,-0.34394483687555877,-0.20670754931057697,-0.3520024187097742,0.05075198101195338,-0.24666596691957093,-0.10519142176779135,-0.2487526912593823,0.4996683284052082,0.018208832712311128,-0.4996683284052082,-0.018208832712311128,0.6172592955187985,0.4683714598715202,-0.7105004147027942,0.39098775301258637,0.6337581686549828,0.8795875069375547,-0.4760895524794762,0.7654486838686928,0.6989317418388613,1.0203067788230726,-0.4769792893297646,0.9055358891762371,0.616872227318732,1.024730641224421,-0.3655939424547082,0.9016046861980541,0.577643067410818,0.9822315184801097,-0.3400341066543842,0.8632318662441075,0.6370946683173438,0.8925566196261158,0.5394984186414358,0.9305523221572162,0.4959426680292637,0.9925823355000406,0.4845484605569718,1.05841190084222,0.4776860995204548,1.1112265076806078,0.6235239749329006,1.0535452060778356,0.6141713554700828,1.1427510947932351,0.5732973303329953,1.1695067524091591,0.5385097042066844,1.1764366193772116,0.6948820007812355,1.0550836958073506,0.6739147035032897,1.149004937022134,0.6162535253790137,1.1634123011753787,0.5764231710539369,1.1576228647286861,0.7367829098007916,1.0468556733067533,0.7261550643921857,1.1292898782885643,0.6702024020292258,1.1435602978087378,0.6293913724819628,1.140094836032602,0.757111117855717,1.0337346314892006,0.7560636132846384,1.102382490344098,0.714575101605406,1.1187892591029256,0.6803646264400109,1.1163325861744662,-0.5741477467803507,0.7455075509167419,-0.4423981569955098,0.7951308596671004,-0.3717974785079628,0.8657994458160307,-0.349154594509007,0.9396828856628023,-0.35924694898160914,0.9933697405238789,-0.47896856638806257,0.905465744820642,-0.45142514827050956,0.9901892423031817,-0.42708608373898904,1.0289778292281473,-0.4096170073173318,1.0567200123048395,-0.5607308470286833,0.9116559285032337,-0.5225369686260404,0.9947621043409354,-0.48562676455395065,1.0251482546468118,-0.45955275209471763,1.0373637214228855,-0.6161783768794533,0.9121651557720325,-0.5802960708724443,0.9849640879439765,-0.5387668656395435,1.0093607606345683,-0.5067469949705985,1.0181015008909866,-0.6494961408973897,0.9101575914762792,-0.6214838186724573,0.9705287647879451,-0.5861311095665097,0.9892154909755045,-0.5556355431200912,0.993857204180926
0.008685873797332072,-0.30794048664265095,0.08894895435262364,-0.3593475088013821,0.1262981806559138,-0.3550269780057897,0.1638841238576059,-0.3504898302827944,-0.04501541057139162,-0.3761948456010116,-0.08551158315878157,-0.3829349391683906,-0.1186402706398137,-0.38885177753426664,0.22284445744929895,-0.31689665468387956,-0.16126613965579623,-0.3752491948453794,0.08330413267862224,-0.23730182914271836,-0.0714349500611989,-0.25948653571347413,0.493090061216125,0.08283834576980696,-0.493090061216125,-0.08283834576980696,0.5463021170178978,0.5428030474496549,-0.7358004534158946,0.31903328813742765,0.5090037820317148,0.9524312184382129,-0.617007596699561,0.7283477922801008,0.555566976670833,1.099284951817054,-0.6482429872395318,0.8656231670454877,0.4740637970768967,1.0929870693103538,-0.5456999100891805,0.8810046727008006,0.4408307398548151,1.0459356908914956,-0.5064487915815453,0.844252151913917,0.5151279776149751,0.9645284517977702,0.413188385760549,0.9890499419869674,0.3613874156735406,1.0449195872760544,0.34274535936632056,1.1091098036552633,0.3272762484437991,1.1600266692798484,0.48498440054476083,1.1232624391464023,0.4612966738646797,1.208809281222298,0.4176853516771868,1.2307536473175653,0.38261021538694046,1.2366027155456316,0.5538830506036432,1.1340269736348736,0.5184999578987906,1.2229702771593074,0.4592771840856767,1.2309855263645697,0.41868804437447626,1.22270991603347,0.5946347756293865,1.1314399992558246,0.5708654798560389,1.2101361419610948,0.5140298503773301,1.2177879058646153,0.47326165171894613,1.2112800952725815,0.6142052060032078,1.121318439282667,0.6026614929430795,1.188603204978015,0.5606892970067388,1.200844546757594,0.5269341205407481,1.1965164218211182,-0.7030821762551901,0.705806713907317,-0.5795837746561142,0.7780107665053817,-0.5285621827844055,0.8575447086486953,-0.5311596563204609,0.9332810230323344,-0.5535696467059487,0.9818327018700447,-0.6377446766435036,0.8833422914502084,-0.6296644456153929,0.9757633896558688,-0.6165198123553105,1.0221768853022781,-0.602603886607603,1.059597277023425,-0.7233318396789405,0.8754569376613522,-0.7053760165298851,0.96829111650505,-0.6660403382834126,0.9989141730827593,-0.6331939714946112,1.011062880604896,-0.7823475903314513,0.8631275581231311,-0.7579409209891302,0.9430169457165073,-0.7127522117656002,0.9656053085460876,-0.6777819100636836,0.9698664804858584,-0.8190158237224324,0.8501850687491496,-0.7979709651342629,0.909724398953272,-0.7546062337119348,0.9309438416638478,-0.7187618154455698,0.9354891927699976
-0.06361971465453442,-0.3006841038085583,0.001016226975269106,-0.369718423353587,0.03844569667187033,-0.37445666463474425,0.07610338242977709,-0.37910673724108623,-0.13285364438270802,-0.35372523284959834,-0.1744487832711564,-0.3504179663957265,-0.20785518084069368,-0.34818317612400684,0.14236227924755615,-0.36073536567930503,-0.24686336663790392,-0.32471883701434134,0.025443196644042956,-0.2501787778044092,-0.12959480448361368,-0.2342699031911194,0.49852017761498696,-0.03843998583144609,-0.4985201776149871,0.03843998583144609,0.656468989553998,0.3947582286977681,-0.6137376795358519,0.500584585060633,0.7183328025257639,0.8008976552916786,-0.4579590336539341,0.8836201665293038,0.7990464820288381,0.9310785155123986,-0.4763597903134803,1.0214821988561835,0.7195741013550508,0.9444374887370357,-0.3789201055796091,1.0167133816577172,0.6762427593903557,0.9068428202338866,-0.34314381229254276,0.968197092513049,0.7308739740378041,0.80982847222694,0.6371027777984501,0.8579447026467272,0.5991828530336577,0.9244895542982416,0.5962267034210147,0.9907968725824736,0.5950181154268448,1.0439080441661261,0.7361441263571936,0.9712128534889307,0.7364438447242779,1.0600656712702898,0.699983918172308,1.0912129075008485,0.6674468689243416,1.103492507400135,0.806846807798208,0.9653621851349401,0.794115318828838,1.0602929205084204,0.7390888376001329,1.0813378509103724,0.6989484198878847,1.0821852249453585,0.8467759573994068,0.9532134869617007,0.8425638404240651,1.0355908441443253,0.7896072235040275,1.0566155270539805,0.7490412636038184,1.0598353044388953,0.8640611590571038,0.9384856782826676,0.8698147889896267,1.0065769361587262,0.8326140121448273,1.0293536551815046,0.799130279929631,1.0340580140770397,-0.5333304144122204,0.8971944374377627,-0.4040307040178431,0.9308441225476752,-0.35144815347225744,0.9924518609999589,-0.34570008254104695,1.0605859957728654,-0.3409647729605122,1.1077794031111625,-0.44940311450470866,1.0533281534554393,-0.42451961900461044,1.1388249953102785,-0.400185125133921,1.1691043886505295,-0.38309586951730557,1.1893413370822907,-0.5300560680461419,1.0594282216836608,-0.4898861249008205,1.1394284943995185,-0.44350911645236385,1.1516367071002664,-0.4142073745403114,1.148267216313654,-0.5814743835689504,1.0540637898804255,-0.5382455158339615,1.122258998970847,-0.49169031797488105,1.127460900288211,-0.46416532480526673,1.1190562354596472,-0.6103783025236521,1.046847948102551,-0.5759199993553628,1.096734052441718,-0.532423132942453,1.1038622624631191,-0.5050977555664917,1.0983533361169338
-0.061045604631654,-0.3020665013276108,0.0034669788064002702,-0.3704117980985544,0.04077614885013484,-0.3748313194721078,0.07876289340121331,-0.3792341255617495,-0.13055301487502213,-0.35508032687613633,-0.1725338835858363,-0.351905724797415,-0.20599840794607335,-0.34975147564117676,0.14451296522268456,-0.36025266243428566,-0.24574646126095756,-0.32625844864947123,0.027530325115401707,-0.2509538632985855,-0.12756681566227135,-0.23581505444928275,0.4986156153721291,-0.03718155600661305,-0.4986156153721293,0.03718155600661305,0.6509913049354253,0.3959945218587454,-0.6009417469812585,0.5074378403713868,0.7091652043940854,0.8031732238087763,-0.49335218469096365,0.9031618043633524,0.7888401893883098,0.9317915878363534,-0.5142660569713643,1.0398914172544547,0.7104411229378359,0.9443982287064359,-0.43420660365680885,1.04251757408698,0.6677022407826387,0.9069540630719929,-0.4004299926831603,0.9957922793491497,0.7176749816606687,0.8112808987056698,0.623072608297794,0.8612688538090723,0.5890361721868362,0.9287199424689724,0.5885928414201895,0.992703132586905,0.5867779192147379,1.0431109983163065,0.7292204317411323,0.9720046626813285,0.7286022778490099,1.0587741189247735,0.6916633348835934,1.0893948007981287,0.65956104384719,1.1023108723757216,0.7973967432425543,0.9654817123316947,0.7850475721235192,1.0581048801562898,0.729879915431103,1.0791636310838078,0.6893322597797956,1.0799555781562997,0.8359674591567491,0.9530733823133481,0.8312043111014259,1.0337898091794115,0.7790960016177731,1.053930050855169,0.7395988189829105,1.0574200055951595,0.8528459318189503,0.9385959453814031,0.8586383181520653,1.0053099880300316,0.8222074185836769,1.0257826684339555,0.7895879711126647,1.028505421325836,-0.5661934385324354,0.9141487049811039,-0.44179298733288197,0.9460236240393569,-0.39465041651572635,1.0073065915195194,-0.39200897879239943,1.0721155686449775,-0.38805830886741705,1.1182312373247103,-0.488166454121759,1.0736285346126078,-0.4725465929184636,1.1512709680692454,-0.44567145718112383,1.1794939012691752,-0.4244080701833706,1.1974483925537494,-0.563895544917399,1.0768259126800879,-0.5309122193514753,1.1482891395332022,-0.48646543111269314,1.163771029122909,-0.4547496147968688,1.1653603824392802,-0.6148184907394026,1.0691154760734312,-0.5770329825368592,1.1307243687034214,-0.5315280489600631,1.1393536086851763,-0.5017409728928043,1.1351422309964507,-0.6467413735048537,1.05907103799557,-0.6170473231021371,1.1060374042363448,-0.5735837181360229,1.1164305595478698,-0.5434686575972713,1.1153552204205794
0.013924091963012789,-0.3079260834398313,0.0918121291188333,-0.35887529709158056,0.12951403780591408,-0.3542707300133864,0.16754258006536651,-0.3495443507657603,-0.041387076575302426,-0.37537208694910484,-0.08334791760665394,-0.382177160277739,-0.1164606532987062,-0.3878932230025845,0.22734211292542122,-0.3151333822794824,-0.16159757626575916,-0.3743590409384417,0.08745149969293654,-0.23730811397525498,-0.06662880638280853,-0.2590632604760456,0.4933804894184898,0.08109064472040836,-0.4933804894184898,-0.08109064472040836,0.5347105251284061,0.5371095978470694,-0.7023401010392645,0.3578764884131349,0.493392997190567,0.94638136999086,-0.7201317052645073,0.7614646595427479,0.541067961378275,1.0881209224103676,-0.7672208898444195,0.8888869401506314,0.4627139735724823,1.0814159186445584,-0.6908492305330071,0.909284739640146,0.43029010118156574,1.035341780871302,-0.6529026120000339,0.8717103557587402,0.5088811884047341,0.9538609466504748,0.40479410588521925,0.9777323254249073,0.35385665692231605,1.034169918956551,0.33666906723476664,1.0962559354917416,0.32352732205255863,1.1450872944868942,0.4780582998323846,1.110648442841565,0.4573111445215471,1.1952112448249568,0.4128163654067923,1.2161521374624504,0.37705552174936297,1.2201380404901456,0.5463925806988984,1.1211646116770082,0.5106221549192809,1.208566913265986,0.4501038230701205,1.2155139124087277,0.40931454615964785,1.2061016329598357,0.5865130273216828,1.1191300400961532,0.5612636904116483,1.1971312532316873,0.5042166909924315,1.2041767210414478,0.46400581411860736,1.197239247010502,0.6050985876567838,1.1095570734561129,0.5917934076102317,1.176243065000943,0.5505968546242439,1.1888794081253267,0.5175030820134131,1.1850376800436473,-0.7881587610134514,0.7587043410266561,-0.6820780601108174,0.8179590337498727,-0.6548145372284726,0.886841739225909,-0.6694065945163105,0.949411350114299,-0.6768522494255028,0.995877593598417,-0.7618711041112655,0.925820184800839,-0.7632158419919487,1.0053716354505402,-0.741515254409137,1.036064859352033,-0.7208279836794149,1.0536523328731118,-0.83402713241753,0.9101673873129653,-0.8161117907965287,0.9830094489612325,-0.7720498892999298,1.0036131412626326,-0.7376883863650394,1.005749745453397,-0.8776374264820933,0.8897686083830847,-0.8490975274614165,0.9527116542681311,-0.805834728878709,0.964777069063041,-0.7760725730364295,0.9609687609545938,-0.9003958887610363,0.8733448522766931,-0.8781695172645105,0.9208793727341152,-0.8371485678324857,0.9352864062270912,-0.8093096465392478,0.9350938880105154
-0.09102691198607804,-0.2947625511429652,-0.035434458955959945,-0.36897202580787497,0.0016138133044413668,-0.37747176840955393,0.0390437428492971,-0.3859841529883846,-0.16590111317064132,-0.33907271537636213,-0.20787777735631968,-0.3310669490088623,-0.24114073416119067,-0.32505032270761874,0.10752001307353086,-0.3739332553194307,-0.2794423449479156,-0.2966352979722981,0.001998708283765095,-0.25324040109059104,-0.15045760021255902,-0.22105372360883987,0.4913918228723172,-0.09238006502607178,-0.4913918228723172,0.09238006502607178,0.684027782317486,0.3226067850613968,-0.5366023513175192,0.579454845968796,0.7844952916673763,0.720656830060473,-0.4350966742720968,0.9600653009701228,0.8788490209230557,0.8368891834237221,-0.4436472921054249,1.0935705274244159,0.8039904699595629,0.8576785266890948,-0.3669029008297205,1.0874257036295392,0.7579185132711718,0.8253506564276832,-0.34274095901502827,1.0398932329487225,0.8000838164938815,0.7224498003585181,0.7119048319776381,0.7816379191524288,0.6840677353300851,0.8514681156758208,0.6886212417995801,0.9152078395279901,0.6933501209793002,0.9652839085166275,0.8258563949739837,0.8795072223375667,0.8356492210626629,0.965497808812251,0.8021953940417111,1.0007618828129132,0.7708713371511334,1.0182123827439196,0.8937760982246364,0.8657455184170396,0.8915561497769309,0.9590331194021042,0.8396176851205637,0.9869928741582743,0.7987658335381538,0.9940192596330748,0.9318834046075041,0.8498362984354254,0.9352870894670268,0.9305972085719334,0.8863492791280116,0.9573150300564207,0.8466951231338031,0.9665226652665978,0.9476897657370655,0.8344737843367359,0.9586208367631419,0.900528617781613,0.9252327085775967,0.9263372266177701,0.8927921512217971,0.9347470902764472,-0.5047917113738466,0.9871230915933322,-0.38761212270634765,1.0052363991051656,-0.3387228102451114,1.0600318522868122,-0.3302136380934991,1.1235180184505813,-0.31853817874292745,1.1720984729872483,-0.426885202908915,1.1374622388685742,-0.3997535474036798,1.20868926197011,-0.37140209090701065,1.2325115493756256,-0.34379185543394736,1.2460474830753712,-0.493654621323328,1.1463933384210818,-0.44967375868027837,1.2086762114196492,-0.40210959401450774,1.2236666088002937,-0.36452030437584704,1.2254292186455553,-0.5340581045966631,1.1413833413112922,-0.4857710931580411,1.1916600063081095,-0.4396929251302233,1.1993283915844704,-0.4053741098799424,1.19555560669545,-0.5551613164811222,1.132551929033885,-0.516545031222035,1.170143478996643,-0.4707342687630573,1.1793639750507863,-0.4356197942882583,1.1782044737956205
-0.04310648280973769,-0.3060066041392727,0.023215561993995854,-0.37006622039482195,0.06117795227931645,-0.3726482248937169,0.09944617423715214,-0.37517732783800717,-0.10983855864942495,-0.36099442069323434,-0.15268082521398096,-0.35959679023724245,-0.18657267360335492,-0.35890434468175997,0.16540389292321991,-0.35248483916690004,-0.22945366557867572,-0.336653160443721,0.04190682787257134,-0.2501419231749175,-0.11372022372401443,-0.24219510130832703,0.499783999238022,-0.014695377016218083,-0.499783999238022,0.014695377016218083,0.6237228368061709,0.4256574677018193,-0.6186441200877052,0.48756015268867975,0.6610217086775583,0.8341514881473157,-0.5967355939413732,0.8784530850492658,0.7372337408126887,0.963380797954379,-0.6306834710863897,1.0058722579919024,0.6607136079194933,0.972404048242154,-0.5543752751856825,1.0131237671553,0.6200223862447458,0.9332229143984115,-0.5252023579070758,0.9705858976144496,0.679228866465048,0.8381924589513462,0.5820887192525195,0.8814943123117983,0.5419211220839756,0.9455563081197031,0.5376584097425177,1.0098300106873166,0.5345410780887628,1.0608699698664832,0.6788237809849443,0.9961157161282381,0.6749347453415941,1.083360162105167,0.6359459638155117,1.1127653983188261,0.6019637427451906,1.1239601836104756,0.749070800339757,0.9934225132591942,0.7301617739623636,1.0866756504819697,0.6724227237398805,1.105703599490753,0.6301617775005862,1.1053022444452134,0.789163076383303,0.9840908062911986,0.7783109315829286,1.0658548873046971,0.7236969928722912,1.0845442050751346,0.6822226583957839,1.0866513702920986,0.8066448233367735,0.9716463441112609,0.8067103918652473,1.0398503439461992,0.7687105858350753,1.0605808256238827,0.7346935823201509,1.0639513351238616,-0.6598358752947625,0.8967913305110141,-0.5528606226604617,0.936263574777262,-0.5165807322831717,0.9982235124470481,-0.5186401129667012,1.0599131845827445,-0.5147054286466933,1.1081001166944044,-0.6190515341707831,1.0552002173515662,-0.6071829222515489,1.1304176808142727,-0.582208921298788,1.1582191898687666,-0.5519665881042229,1.1749581564615426,-0.6863900385247335,1.051831381582432,-0.6568064417501677,1.1219481611132638,-0.6140695076729324,1.1440158958433952,-0.5763218700339446,1.1507617039190623,-0.7248782964032165,1.0392268854609215,-0.6898529142582495,1.0958664757838434,-0.6479027756795837,1.1130966160259201,-0.6130556999013109,1.1167522528565899,-0.7433592913204551,1.0256493384576242,-0.7172818545975843,1.0687317907617913,-0.6759200717002969,1.0856184616879705,-0.6417428950473237,1.090088899922424
